{"type":"FeatureCollection","features":[{"type":"Feature","id":29576424,"properties":{"osmId":29576424,"category":"academic","addr:housenumber":"116","addr:street":"College Road","building":"university","gnis:feature_id":"1948224","name":"Hopkins House"},"geometry":{"type":"Polygon","coordinates":[[[-71.1719658,42.3362821],[-71.1719868,42.3363326],[-71.1720194,42.3363253],[-71.1720447,42.3363861],[-71.171862,42.3364276],[-71.1718374,42.3363685],[-71.1718157,42.3363163],[-71.1719658,42.3362821]]]}},{"type":"Feature","id":29578725,"properties":{"osmId":29578725,"category":"residential","addr:housenumber":"149","addr:state":"MA","addr:street":"Hammond Street","building":"dormitory","ele":"80","gnis:feature_id":"1948230","name":"Kostka Hall","operator":"Boston College","residential":"university","source":"USGS Geonames"},"geometry":{"type":"Polygon","coordinates":[[[-71.1748253,42.3331014],[-71.1748583,42.3332155],[-71.1740817,42.3333383],[-71.1740487,42.3332243],[-71.1748253,42.3331014]]]}},{"type":"Feature","id":29579336,"properties":{"osmId":29579336,"category":"academic","addr:housenumber":"78","addr:state":"MA","addr:street":"College Road","building":"university","ele":"64","gnis:feature_id":"1948194","name":"Brock House","source":"USGS Geonames"},"geometry":{"type":"Polygon","coordinates":[[[-71.1717882,42.3351126],[-71.1718996,42.3351207],[-71.1718827,42.3352486],[-71.1717713,42.3352406],[-71.1717882,42.3351126]]]}},{"type":"Feature","id":29579983,"properties":{"osmId":29579983,"category":"residential","building":"dormitory","name":"Mod 28","official_name":"Modular Housing Unit 28"},"geometry":{"type":"Polygon","coordinates":[[[-71.1674059,42.3380248],[-71.1674293,42.3380954],[-71.1672277,42.338132],[-71.1672042,42.3380615],[-71.1674059,42.3380248]]]}},{"type":"Feature","id":29584859,"properties":{"osmId":29584859,"category":"religious","addr:housenumber":"172","addr:street":"Foster Street","building":"yes"},"geometry":{"type":"Polygon","coordinates":[[[-71.1570341,42.3446355],[-71.1571367,42.3446493],[-71.1571207,42.3447149],[-71.1570181,42.3447011],[-71.1570341,42.3446355]]]}},{"type":"Feature","id":29584929,"properties":{"osmId":29584929,"category":"religious","addr:housenumber":"284","addr:street":"Foster Street","building":"church"},"geometry":{"type":"Polygon","coordinates":[[[-71.1588524,42.3408783],[-71.1590311,42.3409324],[-71.1589641,42.3410543],[-71.1587853,42.3410003],[-71.1588524,42.3408783]]]}},{"type":"Feature","id":29585724,"properties":{"osmId":29585724,"category":"academic","addr:housenumber":"102","addr:street":"College Road","building":"university","name":"Faber"},"geometry":{"type":"Polygon","coordinates":[[[-71.1718711,42.3358923],[-71.1718919,42.3360017],[-71.1717627,42.3360153],[-71.1717418,42.3359058],[-71.1718711,42.3358923]]]}},{"type":"Feature","id":29585793,"properties":{"osmId":29585793,"category":"residential","building":"dormitory","name":"Mod 34","official_name":"Modular Housing Unit 34"},"geometry":{"type":"Polygon","coordinates":[[[-71.1666087,42.338086],[-71.1666539,42.3382305],[-71.1665593,42.3382466],[-71.1665141,42.3381021],[-71.1666087,42.338086]]]}},{"type":"Feature","id":29586877,"properties":{"osmId":29586877,"category":"academic","addr:housenumber":"29","addr:street":"Mayflower Road","building":"yes"},"geometry":{"type":"Polygon","coordinates":[[[-71.1725449,42.3354741],[-71.1726604,42.3354889],[-71.1726327,42.3356078],[-71.1725172,42.335593],[-71.1725449,42.3354741]]]}},{"type":"Feature","id":29586927,"properties":{"osmId":29586927,"category":"academic","addr:city":"Brighton","addr:housenumber":"9","addr:postcode":"02135","addr:state":"MA","addr:street":"Lake Street","building":"university","name":"9 Lake St.","source":"esri/Boston_MA_Addresses"},"geometry":{"type":"Polygon","coordinates":[[[-71.164452,42.3413297],[-71.1647681,42.3413431],[-71.1647599,42.3414504],[-71.1647224,42.3414488],[-71.1646992,42.34175],[-71.1647348,42.3417515],[-71.1647245,42.3418853],[-71.1643949,42.3418713],[-71.1644025,42.3417724],[-71.1645045,42.3417767],[-71.1645145,42.3416462],[-71.1642361,42.3416345],[-71.1642437,42.3415349],[-71.1645193,42.3415466],[-71.1645282,42.3414309],[-71.1644445,42.3414274],[-71.164452,42.3413297]]]}},{"type":"Feature","id":29587827,"properties":{"osmId":29587827,"category":"residential","building":"dormitory","name":"Mod 14","official_name":"Modular Housing Unit 14"},"geometry":{"type":"Polygon","coordinates":[[[-71.1656287,42.3375151],[-71.1656767,42.3376701],[-71.1655827,42.337686],[-71.1655347,42.337531],[-71.1656287,42.3375151]]]}},{"type":"Feature","id":29588353,"properties":{"osmId":29588353,"category":"academic","addr:housenumber":"9","addr:street":"Old Orchard Road","building":"yes","historic":"house","name":"Hammond House","wikipedia":"en:Hammond House (Newton, Massachusetts)"},"geometry":{"type":"Polygon","coordinates":[[[-71.1727857,42.3323371],[-71.1729383,42.3323375],[-71.1729382,42.3323695],[-71.1730068,42.3323697],[-71.1730062,42.3324886],[-71.1729299,42.3324884],[-71.1729302,42.3324317],[-71.1728437,42.3324315],[-71.1728432,42.3325183],[-71.1726957,42.3325179],[-71.1726965,42.3323651],[-71.1727855,42.3323653],[-71.1727857,42.3323371]]]}},{"type":"Feature","id":29588701,"properties":{"osmId":29588701,"category":"athletic","addr:housenumber":"652","addr:street":"Hammond Street","building":"yes"},"geometry":{"type":"Polygon","coordinates":[[[-71.1611717,42.321977],[-71.1611383,42.3219779],[-71.1611392,42.3219967],[-71.161163,42.321996],[-71.161165,42.3220337],[-71.1611383,42.3220344],[-71.1611389,42.3220454],[-71.1610497,42.3220479],[-71.1610513,42.3220793],[-71.160896,42.3220836],[-71.1608925,42.3220141],[-71.1610129,42.3220107],[-71.1610075,42.3219056],[-71.1608872,42.3219089],[-71.1608837,42.3218392],[-71.1611643,42.3218314],[-71.1611717,42.321977]]]}},{"type":"Feature","id":29589475,"properties":{"osmId":29589475,"category":"religious","addr:city":"Brighton","addr:housenumber":"186","addr:postcode":"02135","addr:state":"MA","addr:street":"Chestnut Hill Avenue","amenity":"place_of_worship","building":"yes","name":"Yusuf Mosque","religion":"muslim"},"geometry":{"type":"Polygon","coordinates":[[[-71.1545174,42.340765],[-71.1546514,42.3408236],[-71.1546313,42.3408521],[-71.1546986,42.3408774],[-71.1546203,42.340993],[-71.1545538,42.3409705],[-71.1545299,42.3410078],[-71.1543945,42.3409569],[-71.1544997,42.3407712],[-71.1545174,42.340765]]]}},{"type":"Feature","id":29590640,"properties":{"osmId":29590640,"category":"academic","addr:housenumber":"256;258","addr:street":"Hammond Street","building":"university","name":"Waul"},"geometry":{"type":"Polygon","coordinates":[[[-71.1711337,42.3318358],[-71.1711922,42.3318926],[-71.1711616,42.3319098],[-71.1712213,42.3319679],[-71.1712691,42.3319408],[-71.171335,42.332005],[-71.1711283,42.3321219],[-71.1710756,42.3320707],[-71.1711043,42.3320544],[-71.1710417,42.3319934],[-71.1710126,42.3320098],[-71.170944,42.3319431],[-71.1711337,42.3318358]]]}},{"type":"Feature","id":29591258,"properties":{"osmId":29591258,"category":"academic","addr:housenumber":"14","addr:street":"Mayflower Road","building":"yes"},"geometry":{"type":"Polygon","coordinates":[[[-71.1722133,42.3359637],[-71.1722644,42.3360786],[-71.1721603,42.3361039],[-71.1721091,42.335989],[-71.1722133,42.3359637]]]}},{"type":"Feature","id":29591513,"properties":{"osmId":29591513,"category":"academic","building":"university","gnis:feature_id":"1948216","layer":"1","name":"Fulton Hall"},"geometry":{"type":"Polygon","coordinates":[[[-71.1703281,42.3342173],[-71.1703593,42.3343219],[-71.1703113,42.3343297],[-71.1703728,42.3345366],[-71.1703432,42.3345415],[-71.1703868,42.3346878],[-71.1702918,42.3347034],[-71.1702844,42.3346788],[-71.1702286,42.334688],[-71.1702196,42.3346575],[-71.169981,42.3346967],[-71.1699927,42.3347358],[-71.1699344,42.3347453],[-71.1699391,42.3347608],[-71.1698406,42.3347769],[-71.1698059,42.3346601],[-71.1697515,42.3346691],[-71.169697,42.3344864],[-71.1696816,42.3344346],[-71.1696181,42.334445],[-71.169592,42.3343574],[-71.1699571,42.3343007],[-71.1699932,42.3342951],[-71.1701149,42.3342762],[-71.1701084,42.3342534],[-71.1703281,42.3342173]]]}},{"type":"Feature","id":29591561,"properties":{"osmId":29591561,"category":"residential","addr:housenumber":"100","addr:street":"Saint Thomas More Road","building":"dormitory","name":"Mod 20","official_name":"Modular Housing Unit 20"},"geometry":{"type":"Polygon","coordinates":[[[-71.1667917,42.3376754],[-71.1668144,42.3377456],[-71.1666231,42.3377795],[-71.1666003,42.3377092],[-71.1667917,42.3376754]]]}},{"type":"Feature","id":29630478,"properties":{"osmId":29630478,"category":"academic","addr:state":"MA","building":"university","ele":"63","gnis:feature_id":"1948218","name":"Gasson Hall","source":"USGS Geonames"},"geometry":{"type":"Polygon","coordinates":[[[-71.1706804,42.3353703],[-71.1708295,42.3357729],[-71.1707142,42.3357962],[-71.1707038,42.335768],[-71.1703854,42.3358325],[-71.1703949,42.335858],[-71.1702869,42.3358798],[-71.1702147,42.3356852],[-71.1701398,42.3354829],[-71.1702464,42.3354613],[-71.1702562,42.3354878],[-71.1702946,42.33548],[-71.1703284,42.3355714],[-71.1705746,42.3355216],[-71.1705394,42.3354264],[-71.1705761,42.3354189],[-71.1705666,42.3353933],[-71.1706804,42.3353703]]]}},{"type":"Feature","id":29631441,"properties":{"osmId":29631441,"category":"academic","addr:housenumber":"2101","addr:street":"Commonwealth Avenue","building":"university","name":"McMullen Museum of Art","tourism":"museum"},"geometry":{"type":"Polygon","coordinates":[[[-71.1624034,42.3406566],[-71.1624768,42.3406579],[-71.1624762,42.3406736],[-71.1627684,42.3406787],[-71.162769,42.340663],[-71.1628423,42.3406642],[-71.162837,42.3408329],[-71.1627624,42.3408316],[-71.1627628,42.3408161],[-71.1624732,42.340811],[-71.1624727,42.3408266],[-71.1623981,42.3408253],[-71.1624034,42.3406566]]]}},{"type":"Feature","id":29633905,"properties":{"osmId":29633905,"category":"residential","building":"dormitory","building:levels":"2","name":"Mod 33","official_name":"Modular Housing Unit 33","residential":"university"},"geometry":{"type":"Polygon","coordinates":[[[-71.1668685,42.3379044],[-71.1668892,42.3379736],[-71.1666909,42.3380061],[-71.1666702,42.3379369],[-71.1668685,42.3379044]]]}},{"type":"Feature","id":29633940,"properties":{"osmId":29633940,"category":"academic","addr:state":"MA","building":"university","ele":"52","gnis:feature_id":"1948242","name":"Murray Carriage House","source":"USGS Geonames"},"geometry":{"type":"Polygon","coordinates":[[[-71.1704861,42.3322371],[-71.1706145,42.3323004],[-71.170497,42.3324306],[-71.1704793,42.3324219],[-71.1704456,42.3324592],[-71.1703743,42.332424],[-71.17044,42.3323512],[-71.1704007,42.3323318],[-71.1704861,42.3322371]]]}},{"type":"Feature","id":29634975,"properties":{"osmId":29634975,"category":"academic","addr:housenumber":"2121","addr:street":"Commonwealth Avenue","building":"yes"},"geometry":{"type":"Polygon","coordinates":[[[-71.1636062,42.3414776],[-71.1636153,42.3411893],[-71.1635952,42.3411888],[-71.1635984,42.3410876],[-71.1642046,42.3410981],[-71.1642011,42.3412057],[-71.164145,42.3412047],[-71.1641361,42.3412585],[-71.1641819,42.3412903],[-71.16383,42.3415295],[-71.1638039,42.3414807],[-71.1636062,42.3414776]]]}},{"type":"Feature","id":29635360,"properties":{"osmId":29635360,"category":"academic","addr:housenumber":"30","addr:street":"Old Colony Road","building":"yes"},"geometry":{"type":"Polygon","coordinates":[[[-71.1727636,42.3359516],[-71.1727662,42.3359691],[-71.1728502,42.3359621],[-71.172864,42.3360522],[-71.1727471,42.336062],[-71.1726619,42.3360691],[-71.1726423,42.3359402],[-71.1727142,42.3359342],[-71.1727175,42.3359554],[-71.1727636,42.3359516]]]}},{"type":"Feature","id":29636002,"properties":{"osmId":29636002,"category":"residential","addr:city":"Brighton","addr:housenumber":"150","addr:postcode":"02135","addr:state":"MA","addr:street":"Saint Thomas More Road","building":"dormitory","building:levels":"4","gnis:feature_id":"1948262","name":"Walsh Hall","operator":"Boston College","residential":"university","roof:levels":"0","source":"esri/Boston_MA_Addresses"},"geometry":{"type":"Polygon","coordinates":[[[-71.1651663,42.3377731],[-71.1652039,42.3377936],[-71.1652333,42.337764],[-71.1653654,42.337836],[-71.1653301,42.3378714],[-71.1654087,42.3379142],[-71.1653773,42.3379457],[-71.1654582,42.3379897],[-71.165424,42.3380242],[-71.1654635,42.3380457],[-71.1654775,42.3380946],[-71.165526,42.338124],[-71.165576,42.3381812],[-71.1654966,42.3382591],[-71.1655709,42.3383005],[-71.1655183,42.3383522],[-71.1654654,42.3383228],[-71.165386,42.3384008],[-71.1653477,42.3383795],[-71.165265,42.3384608],[-71.1657384,42.3387239],[-71.1656524,42.3388083],[-71.1656373,42.3387999],[-71.1655865,42.3388499],[-71.1650355,42.3385439],[-71.1650497,42.3385299],[-71.164963,42.3384818],[-71.1652434,42.3382055],[-71.1649069,42.3380189],[-71.1648664,42.338059],[-71.1647565,42.3379982],[-71.1648719,42.3378842],[-71.1648815,42.3378895],[-71.1649445,42.3378268],[-71.1650148,42.3378653],[-71.1650936,42.3377867],[-71.1651318,42.3378076],[-71.1651663,42.3377731]]]}},{"type":"Feature","id":29636293,"properties":{"osmId":29636293,"category":"academic","addr:housenumber":"72","addr:state":"MA","addr:street":"College Road","building":"university","ele":"63","gnis:feature_id":"1948193","name":"Bowman AHANA Center","source":"USGS Geonames"},"geometry":{"type":"Polygon","coordinates":[[[-71.171821,42.3349455],[-71.1719233,42.3349529],[-71.1719086,42.3350642],[-71.1718064,42.3350568],[-71.171821,42.3349455]]]}},{"type":"Feature","id":29637186,"properties":{"osmId":29637186,"category":"academic","addr:housenumber":"8","addr:street":"Commonwealth Avenue","amenity":"place_of_worship","building":"university","check_date":"2025-05-30","denomination":"catholic","ele":"45","gnis:feature_id":"1948252","name":"Saint Ignatius Church","operator":"Boston College","religion":"christian"},"geometry":{"type":"Polygon","coordinates":[[[-71.1672986,42.3391992],[-71.1674281,42.3393979],[-71.1671969,42.3394802],[-71.1671878,42.3394662],[-71.1668928,42.3395711],[-71.1668492,42.3395866],[-71.1667967,42.339506],[-71.1667491,42.3394329],[-71.1667952,42.3394165],[-71.1670878,42.3393124],[-71.1670676,42.3392815],[-71.1672009,42.339234],[-71.1672986,42.3391992]]]}},{"type":"Feature","id":29637557,"properties":{"osmId":29637557,"category":"academic","addr:housenumber":"18","addr:street":"Quincy Road","building":"yes"},"geometry":{"type":"Polygon","coordinates":[[[-71.1727592,42.3343472],[-71.1728981,42.3344312],[-71.1728245,42.3344984],[-71.1726855,42.3344145],[-71.1727592,42.3343472]]]}},{"type":"Feature","id":29637647,"properties":{"osmId":29637647,"category":"academic","building":"yes"},"geometry":{"type":"Polygon","coordinates":[[[-71.1729361,42.3325772],[-71.1730491,42.3325775],[-71.1730487,42.3326495],[-71.1729357,42.3326492],[-71.1729361,42.3325772]]]}},{"type":"Feature","id":29637961,"properties":{"osmId":29637961,"category":"academic","addr:housenumber":"31","addr:street":"Lawrence Avenue","building":"university","name":"Joyce House"},"geometry":{"type":"Polygon","coordinates":[[[-71.170028,42.3322127],[-71.170173,42.3322769],[-71.1701061,42.3323602],[-71.1699611,42.332296],[-71.170028,42.3322127]]]}},{"type":"Feature","id":29638426,"properties":{"osmId":29638426,"category":"academic","addr:housenumber":"197","building":"university","building:levels":"4","name":"St. Clement's Hall","roof:levels":"0"},"geometry":{"type":"Polygon","coordinates":[[[-71.1586438,42.3432033],[-71.1586465,42.3435932],[-71.1585378,42.3435936],[-71.1585413,42.3441058],[-71.1583328,42.3441066],[-71.1583303,42.3437384],[-71.1580957,42.3437393],[-71.1580945,42.34356],[-71.1584481,42.3435587],[-71.1584463,42.343294],[-71.1583845,42.3432943],[-71.1583839,42.3432043],[-71.1586438,42.3432033]]]}},{"type":"Feature","id":29671443,"properties":{"osmId":29671443,"category":"academic","building":"school"},"geometry":{"type":"Polygon","coordinates":[[[-71.1646013,42.3288674],[-71.1648441,42.3290036],[-71.1648126,42.3290345],[-71.164865,42.3290638],[-71.1651302,42.3289266],[-71.1652802,42.3290863],[-71.1651296,42.3291643],[-71.1650741,42.3291052],[-71.1650051,42.329141],[-71.1650314,42.329169],[-71.1649033,42.3292353],[-71.1648271,42.3291542],[-71.1647935,42.3291871],[-71.164464,42.3290023],[-71.1646013,42.3288674]]]}},{"type":"Feature","id":29671539,"properties":{"osmId":29671539,"category":"academic","addr:housenumber":"484","addr:street":"Heath Street","architect":"Kilham, Hopkins and Greeley","building":"school","building:levels":"2","name":"Baldwin School","year_of_construction":"1927"},"geometry":{"type":"Polygon","coordinates":[[[-71.161244,42.3231834],[-71.1611997,42.3231185],[-71.1612621,42.3230952],[-71.1612526,42.3230812],[-71.1613164,42.3230574],[-71.1613283,42.323075],[-71.1614047,42.3230465],[-71.1614431,42.3231027],[-71.1614107,42.3231148],[-71.1614427,42.3231617],[-71.1614708,42.3231512],[-71.1615201,42.3232236],[-71.1614932,42.3232336],[-71.1615191,42.3232716],[-71.1615709,42.3232522],[-71.1616146,42.3233162],[-71.1614709,42.3233698],[-71.1613848,42.323402],[-71.1613404,42.323337],[-71.1613829,42.3233212],[-71.1612797,42.32317],[-71.161244,42.3231834]]]}},{"type":"Feature","id":29673126,"properties":{"osmId":29673126,"category":"library","addr:city":"Boston","addr:housenumber":"40","addr:postcode":"02135","addr:state":"MA","addr:street":"Academy Hill Road","amenity":"library","building":"public","contact:facebook":"bostonpubliclibrary","contact:instagram":"bplboston","contact:twitter":"bplboston","internet_access":"wlan","name":"Brighton Branch Library","opening_hours":"Mo-We 10:00-18:00; Th 12:00-20:00; Fr-Sa 09:00-17:00; Su off","operator":"Boston Public Library","operator:type":"government","phone":"+1-617-782-6032","website":"https://www.bpl.org"},"geometry":{"type":"Polygon","coordinates":[[[-71.1526266,42.3473385],[-71.1529423,42.3474486],[-71.1528861,42.3475373],[-71.1528603,42.3475283],[-71.1528271,42.3475807],[-71.1530029,42.347642],[-71.152908,42.3477917],[-71.1527913,42.347751],[-71.1527613,42.3476654],[-71.1526062,42.3476113],[-71.1524755,42.3476426],[-71.1523799,42.3476092],[-71.1524793,42.3474524],[-71.1526456,42.3475104],[-71.1526638,42.3474817],[-71.1525604,42.3474456],[-71.1525344,42.3473785],[-71.1525492,42.3473551],[-71.1526266,42.3473385]]]}},{"type":"Feature","id":29673366,"properties":{"osmId":29673366,"category":"academic","addr:housenumber":"215","addr:street":"Foster Street","building":"yes"},"geometry":{"type":"Polygon","coordinates":[[[-71.1608083,42.342907],[-71.1612024,42.3430312],[-71.1611164,42.3431813],[-71.1607223,42.3430571],[-71.1608083,42.342907]]]}},{"type":"Feature","id":29673496,"properties":{"osmId":29673496,"category":"academic","building":"university","name":"3 Lake St."},"geometry":{"type":"Polygon","coordinates":[[[-71.1653381,42.3411056],[-71.165658,42.3411112],[-71.165653,42.341267],[-71.1653332,42.3412614],[-71.1653381,42.3411056]]]}},{"type":"Feature","id":29673678,"properties":{"osmId":29673678,"category":"residential","addr:housenumber":"50;60","addr:street":"Commonwealth Avenue","building":"dormitory","name":"66 Comm Ave","operator":"Boston College","residential":"university"},"geometry":{"type":"Polygon","coordinates":[[[-71.1686441,42.3386932],[-71.1687942,42.3389511],[-71.1687938,42.339014],[-71.1687806,42.3390139],[-71.1687802,42.3390996],[-71.1688193,42.3391669],[-71.1684187,42.3392952],[-71.1683794,42.3392277],[-71.1681875,42.3390903],[-71.168032,42.3389468],[-71.1681436,42.3388802],[-71.1683504,42.3390709],[-71.1684803,42.3391639],[-71.1685126,42.3391536],[-71.1684784,42.3390948],[-71.1684634,42.3390996],[-71.1684442,42.3390664],[-71.1684572,42.3390622],[-71.1684465,42.3390438],[-71.1685345,42.3390157],[-71.1685444,42.3390326],[-71.1685631,42.3390266],[-71.1685831,42.339061],[-71.1685648,42.3390668],[-71.1686003,42.3391277],[-71.1686476,42.3391126],[-71.1686483,42.3389713],[-71.1685112,42.3387358],[-71.1686441,42.3386932]]]}},{"type":"Feature","id":29673692,"properties":{"osmId":29673692,"category":"academic","building":"school"},"geometry":{"type":"Polygon","coordinates":[[[-71.1732629,42.3386746],[-71.1733083,42.3385352],[-71.1734047,42.3385525],[-71.1734019,42.338561],[-71.1736459,42.3386048],[-71.1736485,42.3385968],[-71.1737481,42.3386146],[-71.1737028,42.3387537],[-71.1736056,42.3387363],[-71.1735873,42.3387925],[-71.1733484,42.3387496],[-71.1733668,42.3386932],[-71.1732629,42.3386746]]]}},{"type":"Feature","id":29673727,"properties":{"osmId":29673727,"category":"academic","building":"university","layer":"1","name":"Corcoran Commons"},"geometry":{"type":"Polygon","coordinates":[[[-71.1675967,42.3375572],[-71.1676441,42.3377154],[-71.1678789,42.3376767],[-71.1678866,42.3377027],[-71.1683818,42.3376209],[-71.1684005,42.3376831],[-71.1686862,42.3376359],[-71.1687308,42.3377847],[-71.1685141,42.3378205],[-71.1682708,42.3381099],[-71.1682263,42.3381625],[-71.1682154,42.3381267],[-71.1681657,42.3381347],[-71.1681825,42.3381906],[-71.167997,42.3382213],[-71.1680237,42.3383104],[-71.1679175,42.338328],[-71.1678912,42.3382407],[-71.167573,42.3382933],[-71.1675071,42.3381167],[-71.1674329,42.3378265],[-71.1674887,42.3378173],[-71.167467,42.3377451],[-71.1674202,42.3377529],[-71.1673725,42.3375943],[-71.1675967,42.3375572]]]}},{"type":"Feature","id":29673730,"properties":{"osmId":29673730,"category":"residential","building":"dormitory","name":"Mod 38","official_name":"Modular Housing Unit 38"},"geometry":{"type":"Polygon","coordinates":[[[-71.1662373,42.3381482],[-71.1662589,42.3382162],[-71.1660593,42.3382507],[-71.1660378,42.3381827],[-71.1662373,42.3381482]]]}},{"type":"Feature","id":29673776,"properties":{"osmId":29673776,"category":"residential","building":"dormitory","name":"Mod 2","official_name":"Modular Housing Unit 2"},"geometry":{"type":"Polygon","coordinates":[[[-71.1670929,42.3372472],[-71.1671365,42.3373884],[-71.1670429,42.3374041],[-71.1669994,42.3372629],[-71.1670929,42.3372472]]]}},{"type":"Feature","id":29673812,"properties":{"osmId":29673812,"category":"academic","building":"yes"},"geometry":{"type":"Polygon","coordinates":[[[-71.1729343,42.3366828],[-71.1730164,42.3366877],[-71.1730084,42.3367631],[-71.1729261,42.3367582],[-71.1729343,42.3366828]]]}},{"type":"Feature","id":29673820,"properties":{"osmId":29673820,"category":"academic","building":"university","name":"O'Neill Library"},"geometry":{"type":"Polygon","coordinates":[[[-71.1694079,42.3356379],[-71.16943,42.3357038],[-71.1694144,42.3357273],[-71.1695383,42.3360954],[-71.1695902,42.3362495],[-71.169688,42.3362316],[-71.1697627,42.3364536],[-71.1690919,42.3365769],[-71.1690205,42.3363647],[-71.1690125,42.3363662],[-71.1689565,42.3361993],[-71.1689436,42.336161],[-71.1689084,42.3361675],[-71.1688957,42.3361298],[-71.1689258,42.3361243],[-71.1688044,42.3357626],[-71.1693613,42.3356605],[-71.1693568,42.3356473],[-71.1694079,42.3356379]]]}},{"type":"Feature","id":29673897,"properties":{"osmId":29673897,"category":"residential","addr:housenumber":"137;139;143;147","addr:state":"MA","addr:street":"Hammond Street","building":"dormitory","ele":"76","gnis:feature_id":"1948214","name":"Fitzpatrick Hall","operator":"Boston College","residential":"university","source":"USGS Geonames"},"geometry":{"type":"Polygon","coordinates":[[[-71.174063,42.3333283],[-71.1742147,42.3339151],[-71.1743722,42.3338632],[-71.1744278,42.3339724],[-71.1742988,42.3339994],[-71.1746517,42.3344745],[-71.1745104,42.3345323],[-71.1741321,42.3340238],[-71.1740987,42.3340319],[-71.1740727,42.3339748],[-71.1739003,42.3333515],[-71.174063,42.3333283]]]}},{"type":"Feature","id":29673916,"properties":{"osmId":29673916,"category":"residential","addr:housenumber":"185","addr:state":"MA","addr:street":"Hammond Street","building":"dormitory","ele":"79","gnis:feature_id":"1948244","name":"O'Connell House","operator":"Boston College","residential":"university","source":"USGS Geonames"},"geometry":{"type":"Polygon","coordinates":[[[-71.1748052,42.3334576],[-71.1748504,42.3336113],[-71.1750327,42.3335819],[-71.1750584,42.3336698],[-71.1748654,42.3337011],[-71.1748728,42.3337265],[-71.1745319,42.3337817],[-71.1744735,42.3335831],[-71.1745051,42.333578],[-71.1744876,42.3335181],[-71.1745682,42.3335051],[-71.1746077,42.3336393],[-71.1747321,42.3336192],[-71.1746902,42.3334762],[-71.1748052,42.3334576]]]}},{"type":"Feature","id":29673956,"properties":{"osmId":29673956,"category":"academic","addr:housenumber":"401","addr:street":"Beacon Street","building":"yes"},"geometry":{"type":"Polygon","coordinates":[[[-71.1759908,42.3325554],[-71.1761105,42.3325574],[-71.1761091,42.3326043],[-71.1763634,42.3326086],[-71.1763605,42.3327003],[-71.1760393,42.3326948],[-71.1760408,42.3326461],[-71.1759879,42.3326452],[-71.1759908,42.3325554]]]}},{"type":"Feature","id":29751658,"properties":{"osmId":29751658,"category":"academic","addr:housenumber":"292","addr:state":"MA","addr:street":"Hammond Street","building":"university","ele":"52","gnis:feature_id":"1948243","name":"Murray","source":"USGS Geonames"},"geometry":{"type":"Polygon","coordinates":[[[-71.1707573,42.3316398],[-71.1708331,42.3316744],[-71.1708399,42.3316662],[-71.1709112,42.3316987],[-71.1709036,42.331708],[-71.1709692,42.3317379],[-71.1709032,42.3318175],[-71.1707681,42.3317558],[-71.1707368,42.3317935],[-71.1706592,42.331758],[-71.1707573,42.3316398]]]}},{"type":"Feature","id":29751666,"properties":{"osmId":29751666,"category":"academic","addr:housenumber":"300","addr:state":"MA","addr:street":"Hammond Street","building":"yes","gnis:feature_id":"1948201","layer":"1","name":"Connolly House","wikidata":"Q133514383"},"geometry":{"type":"Polygon","coordinates":[[[-71.1701752,42.3314055],[-71.1702435,42.3314357],[-71.170259,42.3314164],[-71.1702947,42.3314323],[-71.1703164,42.3314419],[-71.1703004,42.3314617],[-71.1703745,42.3314945],[-71.1703547,42.331519],[-71.1704661,42.3315683],[-71.1704318,42.3316111],[-71.1703308,42.3315663],[-71.1702999,42.3316047],[-71.1703283,42.331707],[-71.1702453,42.3317221],[-71.1702206,42.3316163],[-71.1700366,42.3315349],[-71.1700805,42.3314803],[-71.1701061,42.3314916],[-71.1701752,42.3314055]]]}},{"type":"Feature","id":29779469,"properties":{"osmId":29779469,"category":"academic","addr:housenumber":"54","addr:street":"Dighton Street","building":"school","building:levels":"4","roof:levels":"0"},"geometry":{"type":"Polygon","coordinates":[[[-71.155158,42.3474102],[-71.1556233,42.3475315],[-71.1555192,42.3477514],[-71.1553695,42.3477125],[-71.1554023,42.3476433],[-71.155231,42.3475987],[-71.1551974,42.3476694],[-71.1550531,42.3476317],[-71.155158,42.3474102]]]}},{"type":"Feature","id":29779620,"properties":{"osmId":29779620,"category":"library","addr:housenumber":"117","addr:state":"MA","addr:street":"Lake Street","amenity":"library","building":"yes","ele":"48","gnis:feature_id":"1973645","name":"Boston College Theology and Ministry Library","operator:type":"college","source":"USGS Geonames","website":"https://www.bc.edu/bc-web/schools/stm/faculty/Theology-Ministry-Library.html"},"geometry":{"type":"Polygon","coordinates":[[[-71.1634386,42.3426363],[-71.1639847,42.342748],[-71.1638357,42.3431487],[-71.1632896,42.343037],[-71.1634386,42.3426363]]]}},{"type":"Feature","id":29779729,"properties":{"osmId":29779729,"category":"residential","addr:city":"Brighton","addr:housenumber":"2000","addr:postcode":"02135","addr:state":"MA","addr:street":"Commonwealth Avenue","building":"apartments","building:flats":"190","building:levels":"16","name":"Reservoir Apartments","operator":"Boston College","operator:wikidata":"Q49118"},"geometry":{"type":"Polygon","coordinates":[[[-71.1586949,42.3392478],[-71.1588037,42.3392705],[-71.1587961,42.3392905],[-71.1589274,42.3393179],[-71.1588052,42.3396379],[-71.1586639,42.3396084],[-71.1586505,42.3396435],[-71.1582949,42.3395692],[-71.1583307,42.3394757],[-71.1583057,42.3394704],[-71.1583362,42.3393906],[-71.1586179,42.3394494],[-71.1586949,42.3392478]]]}},{"type":"Feature","id":29779750,"properties":{"osmId":29779750,"category":"academic","addr:housenumber":"38","addr:state":"MA","addr:street":"Commonwealth Avenue","building":"university","ele":"45","gnis:feature_id":"1948257","name":"Southwell Hall Career Center","source":"USGS Geonames"},"geometry":{"type":"Polygon","coordinates":[[[-71.1680872,42.339169],[-71.168213,42.3393599],[-71.1680684,42.3394125],[-71.1679426,42.3392214],[-71.1680872,42.339169]]]}},{"type":"Feature","id":29779781,"properties":{"osmId":29779781,"category":"residential","addr:state":"MA","building":"dormitory","ele":"54","gnis:feature_id":"1948251","name":"Rubenstein Hall","operator":"Boston College","residential":"university","source":"USGS Geonames"},"geometry":{"type":"Polygon","coordinates":[[[-71.1697715,42.3381445],[-71.1699162,42.3382816],[-71.1694884,42.3385302],[-71.1694465,42.3384906],[-71.1693729,42.3385334],[-71.1693349,42.3384976],[-71.1689445,42.3387247],[-71.1688023,42.3385901],[-71.1691939,42.3383625],[-71.1692495,42.338415],[-71.1693208,42.3383736],[-71.1693424,42.338394],[-71.1697715,42.3381445]]]}},{"type":"Feature","id":29779794,"properties":{"osmId":29779794,"category":"residential","addr:housenumber":"110","addr:state":"MA","addr:street":"Commonwealth Avenue","building":"dormitory","ele":"55","gnis:feature_id":"1948261","name":"Voute Hall","operator":"Boston College","residential":"university","source":"USGS Geonames"},"geometry":{"type":"Polygon","coordinates":[[[-71.1704906,42.3377447],[-71.1705831,42.3378107],[-71.1706227,42.3377802],[-71.1708083,42.3379128],[-71.1707215,42.3379796],[-71.1707655,42.338011],[-71.1705671,42.3381639],[-71.170587,42.3381781],[-71.1705426,42.3382124],[-71.1705215,42.3381974],[-71.1704931,42.3382191],[-71.1705375,42.3382508],[-71.1703616,42.3383864],[-71.1703326,42.3383657],[-71.1702565,42.3384241],[-71.1701474,42.3383462],[-71.1702222,42.3382886],[-71.1701899,42.3382655],[-71.1703499,42.3381424],[-71.170278,42.3380911],[-71.1703789,42.3380135],[-71.1704076,42.338034],[-71.1705867,42.3378962],[-71.1705428,42.3378649],[-71.170506,42.3378932],[-71.170398,42.337816],[-71.1704906,42.3377447]]]}},{"type":"Feature","id":29779807,"properties":{"osmId":29779807,"category":"residential","building":"dormitory","name":"Mod 26","official_name":"Modular Housing Unit 26"},"geometry":{"type":"Polygon","coordinates":[[[-71.1660191,42.3378159],[-71.1660644,42.337962],[-71.165971,42.3379778],[-71.1659258,42.3378316],[-71.1660191,42.3378159]]]}},{"type":"Feature","id":29779812,"properties":{"osmId":29779812,"category":"residential","building":"dormitory","name":"Mod 37","official_name":"Modular Housing Unit 37"},"geometry":{"type":"Polygon","coordinates":[[[-71.1663659,42.3379033],[-71.1664153,42.3380537],[-71.1663227,42.3380703],[-71.1662733,42.3379199],[-71.1663659,42.3379033]]]}},{"type":"Feature","id":29779879,"properties":{"osmId":29779879,"category":"academic","addr:housenumber":"19","addr:street":"Mayflower Road","building":"yes"},"geometry":{"type":"Polygon","coordinates":[[[-71.1726038,42.3357199],[-71.1726088,42.3357474],[-71.1726346,42.3357448],[-71.1726543,42.3358498],[-71.1726334,42.3358519],[-71.1726365,42.3358685],[-71.1725475,42.3358777],[-71.172533,42.3358004],[-71.1725195,42.3357286],[-71.1726038,42.3357199]]]}},{"type":"Feature","id":29779888,"properties":{"osmId":29779888,"category":"academic","addr:housenumber":"84","addr:state":"MA","addr:street":"College Road","building":"university","ele":"65","gnis:feature_id":"1948192","name":"Bourneuf House","source":"USGS Geonames"},"geometry":{"type":"Polygon","coordinates":[[[-71.171766,42.335282],[-71.1718965,42.3352943],[-71.1718757,42.335415],[-71.1717452,42.3354026],[-71.171766,42.335282]]]}},{"type":"Feature","id":29779917,"properties":{"osmId":29779917,"category":"academic","addr:housenumber":"50","addr:street":"College Road","building":"university","name":"50"},"geometry":{"type":"Polygon","coordinates":[[[-71.1720746,42.334362],[-71.172173,42.3344122],[-71.1720823,42.33451],[-71.1719839,42.3344597],[-71.1720746,42.334362]]]}},{"type":"Feature","id":29779922,"properties":{"osmId":29779922,"category":"academic","addr:housenumber":"4","addr:street":"Quincy Road","building":"university","name":"Flanagan"},"geometry":{"type":"Polygon","coordinates":[[[-71.1723259,42.3340833],[-71.1724761,42.334174],[-71.1723822,42.3342596],[-71.172232,42.3341688],[-71.1723259,42.3340833]]]}},{"type":"Feature","id":29779932,"properties":{"osmId":29779932,"category":"residential","building":"dormitory","name":"Welch"},"geometry":{"type":"Polygon","coordinates":[[[-71.1735324,42.3337758],[-71.1736106,42.3338817],[-71.1732656,42.3340208],[-71.1733639,42.334154],[-71.173314,42.3341741],[-71.1733379,42.3342065],[-71.1733019,42.3342209],[-71.1732789,42.3341897],[-71.1732225,42.3342125],[-71.1730452,42.3339723],[-71.1735324,42.3337758]]]}},{"type":"Feature","id":29779943,"properties":{"osmId":29779943,"category":"academic","building":"yes"},"geometry":{"type":"Polygon","coordinates":[[[-71.1751258,42.333261],[-71.175137,42.3333266],[-71.1750344,42.3333362],[-71.1750232,42.3332706],[-71.1751258,42.333261]]]}},{"type":"Feature","id":29779948,"properties":{"osmId":29779948,"category":"academic","addr:city":"Boston","addr:housenumber":"325","addr:postcode":"02467","addr:state":"MA","addr:street":"Beacon Street","building":"dining_hall","building:levels":"3","ele":"62","gnis:feature_id":"1948237","name":"McElroy Commons","roof:levels":"0","source":"USGS Geonames"},"geometry":{"type":"Polygon","coordinates":[[[-71.1722399,42.3330982],[-71.1722591,42.3331626],[-71.1725063,42.3331221],[-71.1725874,42.3333939],[-71.1720517,42.3334818],[-71.172059,42.3335065],[-71.1719094,42.333531],[-71.1719028,42.333509],[-71.1714675,42.3335804],[-71.1713854,42.3333049],[-71.1715293,42.3332814],[-71.1715103,42.3332179],[-71.1722399,42.3330982]]]}},{"type":"Feature","id":29779950,"properties":{"osmId":29779950,"category":"residential","addr:housenumber":"60","addr:street":"Tudor Road","building":"dormitory","name":"Medeiros"},"geometry":{"type":"Polygon","coordinates":[[[-71.1757312,42.3329033],[-71.175756,42.3330313],[-71.1757242,42.3330347],[-71.175751,42.3331727],[-71.175723,42.3331757],[-71.17575,42.3333154],[-71.1755696,42.3333347],[-71.1755426,42.3331954],[-71.1755797,42.3331913],[-71.1755532,42.3330545],[-71.1755784,42.3330518],[-71.1755532,42.3329224],[-71.1757312,42.3329033]]]}},{"type":"Feature","id":29779956,"properties":{"osmId":29779956,"category":"academic","addr:housenumber":"246","addr:state":"MA","addr:street":"Beacon Street","building":"university","ele":"52","gnis:feature_id":"1948248","name":"Roberts","source":"USGS Geonames"},"geometry":{"type":"Polygon","coordinates":[[[-71.1691136,42.3329295],[-71.1691172,42.332956],[-71.169187,42.3329507],[-71.1691988,42.3330348],[-71.169011,42.3330493],[-71.1689993,42.3329662],[-71.1690505,42.3329622],[-71.1690466,42.3329346],[-71.1691136,42.3329295]]]}},{"type":"Feature","id":29779969,"properties":{"osmId":29779969,"category":"academic","addr:housenumber":"55","addr:street":"Lee Road","building":"university"},"geometry":{"type":"Polygon","coordinates":[[[-71.1688666,42.3323092],[-71.1689831,42.3323602],[-71.1689147,42.3324461],[-71.1688785,42.3324301],[-71.168853,42.3324621],[-71.1688033,42.3324404],[-71.1687948,42.3324512],[-71.1687234,42.3324199],[-71.1687544,42.3323809],[-71.1687952,42.3323988],[-71.1688666,42.3323092]]]}},{"type":"Feature","id":29779972,"properties":{"osmId":29779972,"category":"academic","building":"yes"},"geometry":{"type":"Polygon","coordinates":[[[-71.1712211,42.3322638],[-71.1712843,42.332264],[-71.1712839,42.3323438],[-71.1712207,42.3323436],[-71.1712211,42.3322638]]]}},{"type":"Feature","id":29812144,"properties":{"osmId":29812144,"category":"religious","addr:city":"Brighton","addr:housenumber":"166","addr:postcode":"02135","addr:state":"MA","addr:street":"Foster Street","building":"yes","source":"esri/Boston_MA_Addresses"},"geometry":{"type":"Polygon","coordinates":[[[-71.1573443,42.3448809],[-71.1573444,42.3449789],[-71.157363,42.3449788],[-71.1573631,42.3450506],[-71.1573411,42.3450506],[-71.1573412,42.3451478],[-71.1573105,42.3451478],[-71.1573105,42.3452527],[-71.1572069,42.3452528],[-71.1572068,42.3449641],[-71.1571697,42.3449642],[-71.1571697,42.3449481],[-71.1570946,42.3449481],[-71.1570946,42.344881],[-71.1573443,42.3448809]]]}},{"type":"Feature","id":29812285,"properties":{"osmId":29812285,"category":"academic","addr:housenumber":"2125","addr:street":"Commonwealth Avenue","building":"university","name":"2125 Comm. Ave."},"geometry":{"type":"Polygon","coordinates":[[[-71.1641849,42.3404837],[-71.1643384,42.3404891],[-71.1643347,42.3405476],[-71.1644519,42.3405516],[-71.164442,42.3407097],[-71.1643343,42.340706],[-71.1643308,42.3407627],[-71.1641678,42.340757],[-71.1641849,42.3404837]]]}},{"type":"Feature","id":29812327,"properties":{"osmId":29812327,"category":"academic","addr:city":"Brighton","addr:housenumber":"198","addr:postcode":"02135","addr:street":"Strathmore Road","building":"school","old_name":"Alexander Hamilton School","wikidata":"Q131746668"},"geometry":{"type":"Polygon","coordinates":[[[-71.1545037,42.3399328],[-71.1545256,42.3399469],[-71.1545416,42.3399569],[-71.1545579,42.3399666],[-71.1545743,42.3399761],[-71.154591,42.3399855],[-71.154608,42.3399946],[-71.1546252,42.3400035],[-71.1546425,42.3400121],[-71.15466,42.3400205],[-71.1546778,42.3400288],[-71.1546957,42.3400367],[-71.1547139,42.3400444],[-71.1547322,42.340052],[-71.1547506,42.3400592],[-71.1547692,42.3400662],[-71.1547881,42.340073],[-71.154807,42.3400796],[-71.1548262,42.3400858],[-71.1548454,42.3400919],[-71.1548648,42.3400976],[-71.1548843,42.3401032],[-71.1549039,42.3401085],[-71.1549238,42.3401135],[-71.1549437,42.3401183],[-71.1549637,42.3401228],[-71.1549838,42.3401271],[-71.1550039,42.3401311],[-71.1550243,42.3401348],[-71.1549917,42.3401999],[-71.1550195,42.3402075],[-71.1550024,42.3402418],[-71.1549538,42.3402285],[-71.1549204,42.3402952],[-71.1548644,42.340281],[-71.1548361,42.3402732],[-71.1548078,42.3402651],[-71.1547798,42.3402566],[-71.154752,42.3402477],[-71.1547244,42.3402385],[-71.154697,42.3402289],[-71.1546699,42.340219],[-71.154643,42.3402086],[-71.1546163,42.340198],[-71.1545899,42.340187],[-71.1545638,42.3401757],[-71.1545379,42.340164],[-71.1545123,42.340152],[-71.1544869,42.3401397],[-71.154462,42.340127],[-71.1544372,42.3401141],[-71.1544999,42.3400535],[-71.1544237,42.3400101],[-71.1545037,42.3399328]]]}},{"type":"Feature","id":29812363,"properties":{"osmId":29812363,"category":"academic","building":"school"},"geometry":{"type":"Polygon","coordinates":[[[-71.172672,42.3389542],[-71.1727904,42.3389842],[-71.1728911,42.3390098],[-71.1727442,42.339329],[-71.1725252,42.3392734],[-71.172537,42.3392477],[-71.172672,42.3389542]]]}},{"type":"Feature","id":29812383,"properties":{"osmId":29812383,"category":"academic","addr:housenumber":"20","addr:street":"Manet Road","building":"school"},"geometry":{"type":"Polygon","coordinates":[[[-71.1741334,42.3388567],[-71.1740948,42.3388498],[-71.1740993,42.3388358],[-71.1740048,42.3388194],[-71.1740996,42.3385248],[-71.174184,42.3385398],[-71.1741869,42.338531],[-71.1742056,42.3385343],[-71.1742256,42.3384723],[-71.1741664,42.3384618],[-71.1741713,42.3384466],[-71.1741194,42.3384374],[-71.174168,42.3382868],[-71.1743119,42.3383123],[-71.1742617,42.338468],[-71.174316,42.3384776],[-71.1742882,42.3385639],[-71.1742993,42.3385658],[-71.1742797,42.3386266],[-71.1742661,42.3386242],[-71.1742117,42.3387931],[-71.1742263,42.3387957],[-71.1742086,42.3388505],[-71.1741975,42.3388485],[-71.1741945,42.3388581],[-71.1741363,42.3388478],[-71.1741334,42.3388567]]]}},{"type":"Feature","id":29812409,"properties":{"osmId":29812409,"category":"residential","building":"dormitory","name":"Mod 25","official_name":"Modular Housing Unit 25"},"geometry":{"type":"Polygon","coordinates":[[[-71.1659712,42.3376857],[-71.1659929,42.3377541],[-71.1657913,42.3377891],[-71.1657696,42.3377207],[-71.1659712,42.3376857]]]}},{"type":"Feature","id":29812421,"properties":{"osmId":29812421,"category":"residential","building":"dormitory","name":"Mod 3","official_name":"Modular Housing Unit 3"},"geometry":{"type":"Polygon","coordinates":[[[-71.1666806,42.3371055],[-71.1667252,42.3372519],[-71.1666315,42.3372675],[-71.166587,42.3371211],[-71.1666806,42.3371055]]]}},{"type":"Feature","id":29812422,"properties":{"osmId":29812422,"category":"academic","addr:city":"Brighton","addr:housenumber":"40","addr:postcode":"02135","addr:state":"MA","addr:street":"Saint Thomas More Road","amenity":"parking","building":"university","name":"Comm. Ave. Garage","operator":"Boston College","parking":"multi-storey","source":"esri/Boston_MA_Addresses"},"geometry":{"type":"Polygon","coordinates":[[[-71.1695766,42.3366283],[-71.1695953,42.3366908],[-71.1696799,42.336677],[-71.1697068,42.3367668],[-71.1696168,42.3367815],[-71.1696647,42.3369415],[-71.1697511,42.3369274],[-71.1697779,42.3370171],[-71.1697068,42.3370288],[-71.1697351,42.3371234],[-71.1688371,42.3372702],[-71.1688163,42.3372004],[-71.1687156,42.3372169],[-71.1686677,42.3370569],[-71.1686118,42.3368696],[-71.1687106,42.3368535],[-71.1686867,42.3367738],[-71.1695766,42.3366283]]]}},{"type":"Feature","id":29812424,"properties":{"osmId":29812424,"category":"academic","addr:state":"MA","building":"university","ele":"60","gnis:feature_id":"1948253","layer":"1","name":"Saint Mary's Hall","source":"USGS Geonames"},"geometry":{"type":"Polygon","coordinates":[[[-71.1700478,42.3365874],[-71.1700958,42.3367145],[-71.1704645,42.3366383],[-71.1705853,42.3366134],[-71.1706287,42.3367281],[-71.1705862,42.3367369],[-71.1706219,42.3368304],[-71.1706934,42.3368154],[-71.1707071,42.3368512],[-71.1707199,42.3368846],[-71.1706425,42.3369009],[-71.1706805,42.3369994],[-71.1707226,42.3369905],[-71.1707664,42.3371034],[-71.1704236,42.3371761],[-71.1704122,42.3371469],[-71.1703897,42.3371517],[-71.1703542,42.3371392],[-71.1703449,42.3371088],[-71.1703623,42.3370866],[-71.1703867,42.3370816],[-71.1703778,42.3370578],[-71.1704186,42.3370495],[-71.1703233,42.3367943],[-71.1699575,42.3368689],[-71.1699128,42.3367493],[-71.1699476,42.3367421],[-71.1699007,42.3366177],[-71.169968,42.3366038],[-71.1700478,42.3365874]]]}},{"type":"Feature","id":29812427,"properties":{"osmId":29812427,"category":"academic","building":"university","name":"Burns-Bapst Library"},"geometry":{"type":"Polygon","coordinates":[[[-71.1713326,42.3363842],[-71.1713412,42.3364113],[-71.1713586,42.3364662],[-71.1714927,42.336443],[-71.1715211,42.3365326],[-71.1714507,42.3365448],[-71.1715259,42.3367817],[-71.1716158,42.3367661],[-71.171624,42.3367921],[-71.1717244,42.3367747],[-71.1717621,42.3368935],[-71.1713852,42.3369589],[-71.171403,42.337015],[-71.1713204,42.3370293],[-71.1713026,42.3369733],[-71.1712613,42.3369804],[-71.1712317,42.3368871],[-71.1713088,42.3368737],[-71.1712167,42.3365834],[-71.1711411,42.3365965],[-71.1711136,42.3365096],[-71.171212,42.3364925],[-71.1711952,42.3364398],[-71.1711857,42.3364096],[-71.1712649,42.3363959],[-71.1713326,42.3363842]]]}},{"type":"Feature","id":29812429,"properties":{"osmId":29812429,"category":"academic","addr:housenumber":"176","addr:street":"Commonwealth Avenue","building":"yes"},"geometry":{"type":"Polygon","coordinates":[[[-71.1729326,42.336803],[-71.1730955,42.3368127],[-71.1730849,42.3369114],[-71.1729219,42.3369018],[-71.1729326,42.336803]]]}},{"type":"Feature","id":29812461,"properties":{"osmId":29812461,"category":"academic","addr:housenumber":"32","addr:street":"Mayflower Road","building":"yes"},"geometry":{"type":"Polygon","coordinates":[[[-71.1721711,42.3352678],[-71.1722863,42.3352965],[-71.1722335,42.3354132],[-71.1721184,42.3353845],[-71.1721711,42.3352678]]]}},{"type":"Feature","id":29812479,"properties":{"osmId":29812479,"category":"academic","addr:housenumber":"66","addr:street":"College Road","building":"university"},"geometry":{"type":"Polygon","coordinates":[[[-71.1718264,42.3347312],[-71.1719825,42.3347425],[-71.1719698,42.3348388],[-71.1718136,42.3348275],[-71.1718264,42.3347312]]]}},{"type":"Feature","id":29812480,"properties":{"osmId":29812480,"category":"residential","addr:housenumber":"40;42;44;46","addr:street":"Tudor Road","building":"dormitory","name":"Claver Loyola Xavier Fenwick"},"geometry":{"type":"Polygon","coordinates":[[[-71.1761518,42.3329394],[-71.1763017,42.3329786],[-71.1760816,42.3334385],[-71.1758228,42.3339796],[-71.1758059,42.3342049],[-71.1758782,42.3341693],[-71.1759225,42.3342186],[-71.1758127,42.3342726],[-71.1757989,42.3345279],[-71.1756285,42.3345229],[-71.1756541,42.3339532],[-71.1755009,42.3339333],[-71.1755165,42.3338809],[-71.1755277,42.3338165],[-71.1756909,42.3338397],[-71.175856,42.3335581],[-71.1761518,42.3329394]]]}},{"type":"Feature","id":29812492,"properties":{"osmId":29812492,"category":"academic","building":"university","building:levels":"4","gnis:feature_id":"1948195","name":"Campion Hall"},"geometry":{"type":"Polygon","coordinates":[[[-71.1690002,42.3335675],[-71.1690886,42.3338829],[-71.1688639,42.3339126],[-71.1685011,42.3339576],[-71.1683434,42.3339317],[-71.1680463,42.3338828],[-71.1679099,42.3338604],[-71.1678637,42.3336449],[-71.1681346,42.333616],[-71.1681332,42.3335939],[-71.1682195,42.3335861],[-71.1682506,42.3337412],[-71.1685188,42.3337788],[-71.1687309,42.3337546],[-71.1686949,42.333617],[-71.1690002,42.3335675]]]}},{"type":"Feature","id":29812505,"properties":{"osmId":29812505,"category":"academic","building":"university","building:levels":"4","gnis:feature_id":"1948197","name":"Carney Hall","roof:levels":"0"},"geometry":{"type":"Polygon","coordinates":[[[-71.1709271,42.33329],[-71.1709386,42.3333281],[-71.1709857,42.3333203],[-71.1710533,42.3335472],[-71.1710056,42.333555],[-71.1710119,42.3335764],[-71.1709193,42.3335916],[-71.1708868,42.3335969],[-71.1708946,42.3336229],[-71.1704921,42.3336889],[-71.1703891,42.3337058],[-71.1703805,42.3336768],[-71.1701993,42.3337065],[-71.1701018,42.3333792],[-71.170133,42.3333742],[-71.1701206,42.3333324],[-71.1702279,42.3333148],[-71.1702405,42.3333567],[-71.1703346,42.3333413],[-71.1704026,42.3335694],[-71.1708575,42.3334947],[-71.1708025,42.3333104],[-71.1709271,42.33329]]]}},{"type":"Feature","id":29812532,"properties":{"osmId":29812532,"category":"academic","addr:housenumber":"19","addr:street":"Lawrence Avenue","building":"yes"},"geometry":{"type":"Polygon","coordinates":[[[-71.1699015,42.3325649],[-71.1699962,42.3325991],[-71.1699339,42.3326943],[-71.169839,42.3326599],[-71.1699015,42.3325649]]]}},{"type":"Feature","id":29855430,"properties":{"osmId":29855430,"category":"academic","addr:housenumber":"314","addr:state":"MA","addr:street":"Hammond Street","building":"university","ele":"52","gnis:feature_id":"1948221","name":"Haley","source":"USGS Geonames"},"geometry":{"type":"Polygon","coordinates":[[[-71.1696703,42.3311455],[-71.1699006,42.3312475],[-71.1698352,42.3313289],[-71.1697041,42.3312708],[-71.1696661,42.3313181],[-71.1695668,42.3312742],[-71.1696703,42.3311455]]]}},{"type":"Feature","id":29858462,"properties":{"osmId":29858462,"category":"academic","addr:housenumber":"29","addr:street":"Chestnut Hill Avenue","building":"school","building:levels":"3","roof:levels":"0","wikidata":"Q132291570"},"geometry":{"type":"Polygon","coordinates":[[[-71.154258,42.3477453],[-71.154411,42.3477488],[-71.1544099,42.347773],[-71.1544659,42.3477743],[-71.1544643,42.3478101],[-71.154568,42.3478125],[-71.1545637,42.3479132],[-71.1544548,42.3479107],[-71.1544531,42.3479516],[-71.1544022,42.3479505],[-71.1544005,42.3479903],[-71.1542478,42.3479867],[-71.154258,42.3477453]]]}},{"type":"Feature","id":29858596,"properties":{"osmId":29858596,"category":"religious","addr:housenumber":"172R","addr:street":"Foster Street","building":"yes"},"geometry":{"type":"Polygon","coordinates":[[[-71.1564921,42.3446942],[-71.156614,42.3447057],[-71.1565951,42.3448152],[-71.1567599,42.3448308],[-71.1567376,42.3449603],[-71.1565227,42.34494],[-71.1565413,42.3448308],[-71.1564698,42.344824],[-71.1564921,42.3446942]]]}},{"type":"Feature","id":29884157,"properties":{"osmId":29884157,"category":"residential","building":"dormitory","name":"Mod 17","official_name":"Modular Housing Unit 17"},"geometry":{"type":"Polygon","coordinates":[[[-71.1669316,42.3375211],[-71.1669512,42.3375881],[-71.1667526,42.3376199],[-71.166733,42.3375527],[-71.1669316,42.3375211]]]}},{"type":"Feature","id":29884305,"properties":{"osmId":29884305,"category":"academic","building":"yes"},"geometry":{"type":"Polygon","coordinates":[[[-71.1699943,42.331367],[-71.170102,42.3314147],[-71.1700601,42.3314668],[-71.1699524,42.3314191],[-71.1699943,42.331367]]]}},{"type":"Feature","id":29885510,"properties":{"osmId":29885510,"category":"residential","addr:housenumber":"200","addr:state":"MA","addr:street":"Hammond Street","building":"dormitory","ele":"74","gnis:feature_id":"1948250","name":"Roncalli Hall","operator":"Boston College","residential":"university","source":"USGS Geonames"},"geometry":{"type":"Polygon","coordinates":[[[-71.1732222,42.3334626],[-71.1733966,42.3336975],[-71.1733375,42.3337215],[-71.1733597,42.3337513],[-71.1733184,42.3337681],[-71.1732984,42.3337412],[-71.1732596,42.3337569],[-71.1731617,42.3336251],[-71.1728249,42.3337618],[-71.1727462,42.3336558],[-71.1732222,42.3334626]]]}},{"type":"Feature","id":29885589,"properties":{"osmId":29885589,"category":"residential","building":"dormitory","name":"Mod 9","official_name":"Modular Housing Unit 9"},"geometry":{"type":"Polygon","coordinates":[[[-71.1660363,42.3372236],[-71.1660789,42.3373665],[-71.1659851,42.3373818],[-71.1659424,42.3372389],[-71.1660363,42.3372236]]]}},{"type":"Feature","id":29885686,"properties":{"osmId":29885686,"category":"academic","addr:city":"Brighton","addr:housenumber":"2609","addr:postcode":"02135","addr:state":"MA","addr:street":"Beacon Street","building":"university","building:levels":"4","name":"Merkert Chemistry Center","roof:levels":"0","source":"esri/Boston_MA_Addresses"},"geometry":{"type":"Polygon","coordinates":[[[-71.1675979,42.3336058],[-71.1676598,42.333962],[-71.1675291,42.3339745],[-71.167396,42.3339871],[-71.1673901,42.333953],[-71.1671229,42.3339783],[-71.1671183,42.3339518],[-71.1668643,42.3339759],[-71.1668123,42.3336775],[-71.1670909,42.333651],[-71.1671212,42.3338257],[-71.1673491,42.333804],[-71.1673193,42.3336323],[-71.1675979,42.3336058]]]}},{"type":"Feature","id":29886325,"properties":{"osmId":29886325,"category":"academic","addr:housenumber":"36","addr:street":"College Road","building":"university","name":"36"},"geometry":{"type":"Polygon","coordinates":[[[-71.1725273,42.3339043],[-71.1726138,42.3339566],[-71.1725402,42.3340236],[-71.1724537,42.3339713],[-71.1725273,42.3339043]]]}},{"type":"Feature","id":29886883,"properties":{"osmId":29886883,"category":"residential","addr:housenumber":"86","addr:state":"MA","addr:street":"Commonwealth Avenue","building":"dormitory","building:levels":"5","ele":"55","gnis:feature_id":"1948217","name":"Gabelli Hall","operator":"Boston College","residential":"university","source":"USGS Geonames"},"geometry":{"type":"Polygon","coordinates":[[[-71.1698332,42.338522],[-71.1699032,42.3386042],[-71.1698409,42.3386334],[-71.1699012,42.3387041],[-71.1696535,42.3388201],[-71.1696753,42.3388458],[-71.1696004,42.3388809],[-71.1695795,42.3388563],[-71.1693439,42.3389668],[-71.1693216,42.3389405],[-71.1692265,42.3389852],[-71.169161,42.3389081],[-71.1692099,42.3388852],[-71.1691965,42.3388669],[-71.1692387,42.3388447],[-71.1692287,42.338829],[-71.1694584,42.3387138],[-71.1694358,42.3386871],[-71.16951,42.3386523],[-71.1695322,42.3386785],[-71.1697352,42.3385834],[-71.1697145,42.338559],[-71.1697569,42.3385391],[-71.1697682,42.3385524],[-71.1698332,42.338522]]]}},{"type":"Feature","id":29886942,"properties":{"osmId":29886942,"category":"academic","building":"yes"},"geometry":{"type":"Polygon","coordinates":[[[-71.1720853,42.3361343],[-71.1721138,42.3361967],[-71.172032,42.3362172],[-71.1720035,42.3361549],[-71.1720853,42.3361343]]]}},{"type":"Feature","id":29887382,"properties":{"osmId":29887382,"category":"academic","addr:housenumber":"300","addr:street":"Hammond Pond Parkway","building":"university","ele":"51","gnis:feature_id":"1972380","name":"Boston College","old_name":"Congregation Mishkan Tefila"},"geometry":{"type":"Polygon","coordinates":[[[-71.1772739,42.3255237],[-71.1769028,42.3254085],[-71.1769446,42.3252446],[-71.1773039,42.3252223],[-71.1773021,42.3252062],[-71.1772929,42.3251309],[-71.1772174,42.3250869],[-71.1772336,42.325023],[-71.1772657,42.3250153],[-71.1772769,42.3249711],[-71.177475,42.3249988],[-71.177468,42.3250266],[-71.1780126,42.325103],[-71.1779892,42.3251951],[-71.1779694,42.3251923],[-71.1779536,42.3252543],[-71.1779982,42.3252606],[-71.1779813,42.3253265],[-71.1780431,42.3253351],[-71.1779766,42.325596],[-71.1777594,42.3255656],[-71.1778269,42.3253008],[-71.1778604,42.3253055],[-71.1778732,42.325255],[-71.177623,42.3252199],[-71.1776099,42.3252716],[-71.1776424,42.3252762],[-71.1775697,42.325562],[-71.1776441,42.3255725],[-71.1776262,42.3256429],[-71.1772567,42.3255911],[-71.1772739,42.3255237]]]}},{"type":"Feature","id":29888032,"properties":{"osmId":29888032,"category":"academic","addr:state":"MA","building":"university","ele":"52","gnis:feature_id":"1948220","name":"Haley Carriage House","source":"USGS Geonames"},"geometry":{"type":"Polygon","coordinates":[[[-71.1693274,42.331783],[-71.169468,42.3318453],[-71.1694228,42.3319015],[-71.1693959,42.3318896],[-71.1693194,42.3319847],[-71.1693471,42.331997],[-71.1693031,42.3320516],[-71.1691618,42.331989],[-71.1693274,42.331783]]]}},{"type":"Feature","id":29888083,"properties":{"osmId":29888083,"category":"residential","building":"dormitory","name":"Mod 32","official_name":"Modular Housing Unit 32"},"geometry":{"type":"Polygon","coordinates":[[[-71.1669066,42.3380329],[-71.1669519,42.3381766],[-71.1668616,42.3381921],[-71.1668163,42.3380484],[-71.1669066,42.3380329]]]}},{"type":"Feature","id":29889090,"properties":{"osmId":29889090,"category":"academic","building":"university","layer":"1","name":"Maloney Hall"},"geometry":{"type":"Polygon","coordinates":[[[-71.168669,42.335946],[-71.1687635,42.336233],[-71.1688961,42.3366357],[-71.1687221,42.3366669],[-71.1687235,42.3366821],[-71.1685996,42.3367058],[-71.1685826,42.3366516],[-71.168467,42.3366732],[-71.1683592,42.3363467],[-71.1682825,42.3363625],[-71.1682511,42.3362834],[-71.1683303,42.3362672],[-71.1682572,42.3360647],[-71.1683739,42.3360423],[-71.1683561,42.3359924],[-71.1684796,42.3359633],[-71.168482,42.3359768],[-71.168669,42.335946]]]}},{"type":"Feature","id":29889346,"properties":{"osmId":29889346,"category":"academic","addr:housenumber":"66","addr:street":"Lee Road","building":"yes"},"geometry":{"type":"Polygon","coordinates":[[[-71.169481,42.3321198],[-71.1695746,42.3321612],[-71.1695964,42.3321341],[-71.1696544,42.3321598],[-71.1695754,42.332258],[-71.1694238,42.332191],[-71.169481,42.3321198]]]}},{"type":"Feature","id":29889545,"properties":{"osmId":29889545,"category":"academic","addr:city":"Brighton","addr:housenumber":"127","addr:postcode":"02135","addr:state":"MA","addr:street":"Lake Street","building":"yes","name":"Saint Johns Hall"},"geometry":{"type":"Polygon","coordinates":[[[-71.1623356,42.3438872],[-71.1622913,42.3437814],[-71.162334,42.3437727],[-71.1622971,42.3436727],[-71.1620835,42.3437161],[-71.1620448,42.3436108],[-71.1623451,42.3435499],[-71.1622956,42.3434156],[-71.1624541,42.3433835],[-71.1625766,42.3437155],[-71.16263,42.3437047],[-71.1626596,42.343785],[-71.1625715,42.3438029],[-71.1626049,42.3438932],[-71.1626895,42.343876],[-71.1626968,42.3438956],[-71.1627999,42.3438747],[-71.1627478,42.3437333],[-71.1627074,42.3437414],[-71.1626745,42.3436523],[-71.1627469,42.3436376],[-71.1627605,42.3436743],[-71.1628875,42.3436485],[-71.1630127,42.3439879],[-71.162857,42.3440195],[-71.1628353,42.3439607],[-71.1627288,42.3439822],[-71.1628388,42.34428],[-71.1632412,42.3441984],[-71.1632303,42.3441687],[-71.163434,42.3441273],[-71.1634883,42.3442748],[-71.1630048,42.344373],[-71.162998,42.3443545],[-71.1626879,42.3444175],[-71.1624813,42.3438576],[-71.1623356,42.3438872]]]}},{"type":"Feature","id":29890053,"properties":{"osmId":29890053,"category":"academic","building":"university","gnis:feature_id":"1948206","name":"Devlin Hall"},"geometry":{"type":"Polygon","coordinates":[[[-71.16987,42.334992],[-71.1700038,42.3353478],[-71.1698695,42.3353754],[-71.1698527,42.3353305],[-71.1693736,42.3354289],[-71.1693382,42.3353345],[-71.1693647,42.335329],[-71.1693107,42.3351852],[-71.1694299,42.3351607],[-71.1694362,42.3351775],[-71.1694682,42.3351709],[-71.16972,42.3351191],[-71.1696864,42.3350298],[-71.16987,42.334992]]]}},{"type":"Feature","id":29890280,"properties":{"osmId":29890280,"category":"residential","addr:housenumber":"127","addr:state":"MA","addr:street":"Hammond Street","building":"dormitory","ele":"78","gnis:feature_id":"1948198","name":"Cheverus Hall","operator":"Boston College","residential":"university","source":"USGS Geonames"},"geometry":{"type":"Polygon","coordinates":[[[-71.1750993,42.3340762],[-71.1751733,42.3343238],[-71.1754109,42.334285],[-71.175445,42.3343991],[-71.1748248,42.3345005],[-71.1747908,42.3343869],[-71.1750196,42.3343495],[-71.1749454,42.3341013],[-71.1750201,42.3340891],[-71.1750993,42.3340762]]]}},{"type":"Feature","id":29890371,"properties":{"osmId":29890371,"category":"academic","addr:housenumber":"32","addr:street":"Commonwealth Avenue","building":"yes"},"geometry":{"type":"Polygon","coordinates":[[[-71.1679366,42.3392969],[-71.1680093,42.3394073],[-71.1678757,42.3394558],[-71.167803,42.3393453],[-71.1679366,42.3392969]]]}},{"type":"Feature","id":29890571,"properties":{"osmId":29890571,"category":"academic","addr:housenumber":"96","addr:state":"MA","addr:street":"College Road","building":"university","ele":"66","gnis:feature_id":"1948247","name":"Rahner House","source":"USGS Geonames"},"geometry":{"type":"Polygon","coordinates":[[[-71.1718259,42.3356901],[-71.1718265,42.3358012],[-71.17171,42.3358016],[-71.1717093,42.3356905],[-71.1718259,42.3356901]]]}},{"type":"Feature","id":29902052,"properties":{"osmId":29902052,"category":"residential","addr:housenumber":"100","addr:state":"MA","addr:street":"Commonwealth Avenue","building":"dormitory","ele":"48","gnis:feature_id":"1948226","name":"Ignacio Hall","operator":"Boston College","residential":"university","source":"USGS Geonames"},"geometry":{"type":"Polygon","coordinates":[[[-71.1694452,42.3372963],[-71.1697791,42.3376124],[-71.1698208,42.3375881],[-71.1698762,42.3376405],[-71.1699341,42.3376069],[-71.1702442,42.3379005],[-71.1700617,42.3380065],[-71.1697571,42.337718],[-71.1697314,42.337733],[-71.1696714,42.3376761],[-71.1695878,42.3377247],[-71.1692532,42.337408],[-71.1694452,42.3372963]]]}},{"type":"Feature","id":29902778,"properties":{"osmId":29902778,"category":"residential","building":"dormitory","name":"Mod 18","official_name":"Modular Housing Unit 18"},"geometry":{"type":"Polygon","coordinates":[[[-71.1669724,42.3376478],[-71.1670163,42.3377946],[-71.1669248,42.3378096],[-71.1668809,42.3376628],[-71.1669724,42.3376478]]]}},{"type":"Feature","id":29903875,"properties":{"osmId":29903875,"category":"academic","building":"university","gnis:feature_id":"1948238","name":"McGuinn Hall"},"geometry":{"type":"Polygon","coordinates":[[[-71.1696888,42.3334011],[-71.1696953,42.3334227],[-71.1697629,42.3334116],[-71.16987,42.3337711],[-71.1699198,42.333763],[-71.1699613,42.3339021],[-71.1699108,42.3339104],[-71.1699661,42.334096],[-71.169886,42.3341091],[-71.1698913,42.334127],[-71.1698505,42.3341337],[-71.1698066,42.3341409],[-71.1698013,42.3341235],[-71.169723,42.3341364],[-71.1696925,42.3340341],[-71.1696672,42.3339494],[-71.1696084,42.333959],[-71.1695673,42.3338213],[-71.1696236,42.333812],[-71.1695165,42.3334527],[-71.1695826,42.3334419],[-71.1695759,42.3334196],[-71.1696888,42.3334011]]]}},{"type":"Feature","id":29906993,"properties":{"osmId":29906993,"category":"residential","building":"dormitory","name":"Mod 5","official_name":"Modular Housing Unit 5"},"geometry":{"type":"Polygon","coordinates":[[[-71.1665349,42.3372156],[-71.1665572,42.3372833],[-71.166337,42.3373229],[-71.1663147,42.3372552],[-71.1665349,42.3372156]]]}},{"type":"Feature","id":29911791,"properties":{"osmId":29911791,"category":"academic","addr:housenumber":"2115","addr:street":"Commonwealth Avenue","alt_name":"2115 Comm. Ave. Gymnasium","building":"university","leisure":"dance","name":"2115 Comm. Ave Dance Studio"},"geometry":{"type":"Polygon","coordinates":[[[-71.1629339,42.341685],[-71.1631646,42.3417576],[-71.1629881,42.3420661],[-71.1627641,42.3419955],[-71.1628002,42.3419323],[-71.1628391,42.3419446],[-71.1629469,42.341756],[-71.1629016,42.3417417],[-71.1629339,42.341685]]]}},{"type":"Feature","id":29911909,"properties":{"osmId":29911909,"category":"religious","amenity":"place_of_worship","building":"synagogue","name":"Temple Bnai Moshe","religion":"jewish","wikidata":"Q132291705"},"geometry":{"type":"Polygon","coordinates":[[[-71.15251,42.3397114],[-71.1529831,42.3397204],[-71.1529764,42.3399111],[-71.1527472,42.3399067],[-71.1525282,42.3399025],[-71.152505,42.339902],[-71.1525068,42.3398517],[-71.1524905,42.3398513],[-71.1524944,42.3397427],[-71.1525089,42.339743],[-71.15251,42.3397114]]]}},{"type":"Feature","id":29911936,"properties":{"osmId":29911936,"category":"academic","addr:housenumber":"28","addr:street":"Commonwealth Avenue","building":"yes"},"geometry":{"type":"Polygon","coordinates":[[[-71.1675639,42.3392614],[-71.1675853,42.339294],[-71.1676101,42.339285],[-71.1676723,42.3393794],[-71.1676963,42.3393706],[-71.1677339,42.3394277],[-71.167579,42.3394839],[-71.167479,42.339332],[-71.1675023,42.3393235],[-71.1674811,42.3392914],[-71.1675639,42.3392614]]]}},{"type":"Feature","id":29911964,"properties":{"osmId":29911964,"category":"residential","addr:city":"Brighton","addr:housenumber":"90","addr:postcode":"02135","addr:state":"MA","addr:street":"Saint Thomas More Road","building":"dormitory","building:levels":"2","name":"90 St. More Rd","operator":"Boston College","residential":"university","source":"esri/Boston_MA_Addresses"},"geometry":{"type":"Polygon","coordinates":[[[-71.1685282,42.3384306],[-71.1685502,42.3384659],[-71.1685673,42.3384594],[-71.1686143,42.3384934],[-71.1686198,42.3385437],[-71.1686031,42.338551],[-71.1686274,42.3385868],[-71.1683594,42.3386834],[-71.1683487,42.3386672],[-71.1681575,42.3387363],[-71.1681684,42.338753],[-71.1675971,42.3389592],[-71.1675648,42.33891],[-71.167551,42.3389151],[-71.1675099,42.3388863],[-71.1674999,42.3388475],[-71.1675186,42.3388397],[-71.1674947,42.3388033],[-71.1680689,42.3385962],[-71.1681149,42.3386663],[-71.1683056,42.3385975],[-71.1682596,42.3385274],[-71.1685282,42.3384306]]]}},{"type":"Feature","id":29911988,"properties":{"osmId":29911988,"category":"residential","addr:city":"Brighton","addr:housenumber":"70","addr:postcode":"02135","addr:state":"MA","addr:street":"Saint Thomas More Road","building":"dormitory","ele":"41","gnis:feature_id":"1948260","layer":"1","name":"Vanderslice Hall","operator":"Boston College","residential":"university","source":"USGS Geonames;esri/Boston_MA_Addresses"},"geometry":{"type":"Polygon","coordinates":[[[-71.167331,42.3382387],[-71.1674127,42.3384984],[-71.1674464,42.3384927],[-71.1674668,42.3385576],[-71.1674357,42.338563],[-71.1674436,42.3385878],[-71.1672363,42.3386237],[-71.1672289,42.3386004],[-71.167199,42.3386055],[-71.1671777,42.338538],[-71.1672117,42.3385321],[-71.1671811,42.3384345],[-71.1670919,42.3384499],[-71.1670876,42.3384362],[-71.1670071,42.3384501],[-71.1670114,42.3384639],[-71.1669434,42.3384757],[-71.1669464,42.3384854],[-71.1668842,42.3384961],[-71.1668812,42.3384865],[-71.1667336,42.338512],[-71.1667366,42.3385217],[-71.1666744,42.3385324],[-71.1666714,42.3385228],[-71.1665236,42.3385484],[-71.1665106,42.338507],[-71.1664869,42.3385112],[-71.1664564,42.3384139],[-71.1664787,42.33841],[-71.1664715,42.3383875],[-71.1666207,42.3383617],[-71.1666169,42.3383495],[-71.1666791,42.3383387],[-71.1666829,42.3383508],[-71.1668305,42.3383253],[-71.1668266,42.3383132],[-71.1668888,42.3383024],[-71.1668926,42.3383145],[-71.1669607,42.3383028],[-71.166965,42.3383165],[-71.1670456,42.3383026],[-71.1670413,42.3382889],[-71.167109,42.3382771],[-71.1671051,42.3382649],[-71.1671673,42.3382542],[-71.1671711,42.3382664],[-71.167331,42.3382387]]]}},{"type":"Feature","id":29912014,"properties":{"osmId":29912014,"category":"residential","building":"dormitory","name":"Mod 29","official_name":"Modular Housing Unit 29"},"geometry":{"type":"Polygon","coordinates":[[[-71.1673693,42.3379014],[-71.1673897,42.337968],[-71.1671875,42.3380019],[-71.167167,42.3379354],[-71.1673693,42.3379014]]]}},{"type":"Feature","id":29912029,"properties":{"osmId":29912029,"category":"residential","building":"dormitory","name":"Mod 16","official_name":"Modular Housing Unit 16"},"geometry":{"type":"Polygon","coordinates":[[[-71.1671973,42.3376154],[-71.1672393,42.337764],[-71.1671462,42.3377784],[-71.1671042,42.3376298],[-71.1671973,42.3376154]]]}},{"type":"Feature","id":29912038,"properties":{"osmId":29912038,"category":"residential","building":"dormitory","name":"Mod 8","official_name":"Modular Housing Unit 8"},"geometry":{"type":"Polygon","coordinates":[[[-71.1662714,42.3373955],[-71.1663203,42.3375472],[-71.1662268,42.3375637],[-71.166178,42.337412],[-71.1662714,42.3373955]]]}},{"type":"Feature","id":29912050,"properties":{"osmId":29912050,"category":"residential","building":"dormitory","name":"Mod 13","official_name":"Modular Housing Unit 13"},"geometry":{"type":"Polygon","coordinates":[[[-71.1655778,42.337383],[-71.1655993,42.3374525],[-71.1654016,42.3374859],[-71.1653801,42.3374164],[-71.1655778,42.337383]]]}},{"type":"Feature","id":29912058,"properties":{"osmId":29912058,"category":"residential","building":"dormitory","name":"Mod 4","official_name":"Modular Housing Unit 4"},"geometry":{"type":"Polygon","coordinates":[[[-71.1668575,42.3372971],[-71.1668787,42.3373691],[-71.1666813,42.3374009],[-71.1666601,42.3373288],[-71.1668575,42.3372971]]]}},{"type":"Feature","id":29912110,"properties":{"osmId":29912110,"category":"academic","addr:housenumber":"110","addr:street":"College Road","building":"university","name":"Heffernan House"},"geometry":{"type":"Polygon","coordinates":[[[-71.1719309,42.3360725],[-71.1719503,42.3361741],[-71.1717824,42.3361917],[-71.171763,42.3360902],[-71.1719309,42.3360725]]]}},{"type":"Feature","id":29912158,"properties":{"osmId":29912158,"category":"academic","addr:housenumber":"40","addr:street":"Old Colony Road","building":"yes"},"geometry":{"type":"Polygon","coordinates":[[[-71.1728699,42.3356705],[-71.1729974,42.3357028],[-71.1729458,42.3358151],[-71.1729302,42.3358112],[-71.1728987,42.3358799],[-71.1727867,42.3358516],[-71.1728699,42.3356705]]]}},{"type":"Feature","id":29912168,"properties":{"osmId":29912168,"category":"academic","addr:housenumber":"48","addr:street":"Old Colony Road","building":"yes"},"geometry":{"type":"Polygon","coordinates":[[[-71.1729989,42.3354757],[-71.1730907,42.3354983],[-71.1730341,42.3356248],[-71.1729423,42.3356022],[-71.1729989,42.3354757]]]}},{"type":"Feature","id":29912170,"properties":{"osmId":29912170,"category":"academic","addr:housenumber":"90","addr:state":"MA","addr:street":"College Road","building":"university","ele":"65","gnis:feature_id":"1948207","name":"Donaldson House","source":"USGS Geonames"},"geometry":{"type":"Polygon","coordinates":[[[-71.1717323,42.3354681],[-71.1718574,42.3354794],[-71.1718398,42.3355869],[-71.1718091,42.3355842],[-71.1718046,42.3356113],[-71.1717221,42.3356039],[-71.1717264,42.335578],[-71.1717143,42.3355769],[-71.1717323,42.3354681]]]}},{"type":"Feature","id":29912176,"properties":{"osmId":29912176,"category":"academic","building":"university","name":"Lyons Hall"},"geometry":{"type":"Polygon","coordinates":[[[-71.1713254,42.3347512],[-71.1714285,42.335037],[-71.1708346,42.3351541],[-71.1708451,42.3351833],[-71.1706896,42.335214],[-71.1705562,42.3348448],[-71.1706956,42.3348173],[-71.1707292,42.3349104],[-71.1711671,42.334824],[-71.1711531,42.3347852],[-71.1713254,42.3347512]]]}},{"type":"Feature","id":29912180,"properties":{"osmId":29912180,"category":"academic","building":"university","name":"Higgins Hall"},"geometry":{"type":"Polygon","coordinates":[[[-71.1688502,42.3346486],[-71.168868,42.3347027],[-71.168952,42.3346876],[-71.1689784,42.334768],[-71.1690405,42.3347568],[-71.1691238,42.3350111],[-71.1692061,42.3352623],[-71.169155,42.3352715],[-71.1691783,42.3353424],[-71.1691168,42.3353535],[-71.1691294,42.3353918],[-71.1689434,42.3354253],[-71.1689357,42.3354019],[-71.168752,42.335435],[-71.1685174,42.33515],[-71.168511,42.3347897],[-71.168699,42.3347558],[-71.1686742,42.3346803],[-71.1688502,42.3346486]]]}},{"type":"Feature","id":29912195,"properties":{"osmId":29912195,"category":"academic","addr:housenumber":"24","addr:street":"Quincy Road","building":"yes"},"geometry":{"type":"Polygon","coordinates":[[[-71.1729702,42.3344869],[-71.1731147,42.3345741],[-71.1730309,42.3346505],[-71.1728863,42.3345633],[-71.1729702,42.3344869]]]}},{"type":"Feature","id":29912219,"properties":{"osmId":29912219,"category":"residential","addr:state":"MA","building":"dormitory","ele":"75","gnis:feature_id":"1948264","name":"Williams","source":"USGS Geonames"},"geometry":{"type":"Polygon","coordinates":[[[-71.173672,42.3339863],[-71.1736937,42.334016],[-71.1737404,42.3339972],[-71.1739839,42.3343297],[-71.1736731,42.3344541],[-71.1736086,42.334366],[-71.1737893,42.3342938],[-71.1736086,42.3340468],[-71.1736582,42.3340269],[-71.1736338,42.3339935],[-71.173672,42.3339863]]]}},{"type":"Feature","id":29912289,"properties":{"osmId":29912289,"category":"academic","addr:housenumber":"25","addr:street":"Lawrence Avenue","building":"university"},"geometry":{"type":"Polygon","coordinates":[[[-71.169994,42.3324384],[-71.1701326,42.3324885],[-71.1700769,42.3325733],[-71.1699384,42.3325232],[-71.169994,42.3324384]]]}},{"type":"Feature","id":29912294,"properties":{"osmId":29912294,"category":"academic","addr:housenumber":"258","addr:state":"MA","addr:street":"Hammond Street","building":"university","ele":"52","gnis:feature_id":"1948225","name":"Hovey","source":"USGS Geonames"},"geometry":{"type":"Polygon","coordinates":[[[-71.1716826,42.3322541],[-71.171685,42.3322737],[-71.1718095,42.3322648],[-71.1718189,42.3323367],[-71.1717764,42.3323397],[-71.1717798,42.3323658],[-71.1717298,42.3323693],[-71.1717265,42.3323441],[-71.1716959,42.3323463],[-71.1717005,42.332382],[-71.1716444,42.332386],[-71.1716493,42.3324239],[-71.1715864,42.3324284],[-71.171582,42.3323938],[-71.1715117,42.3323988],[-71.1714948,42.3322675],[-71.1716826,42.3322541]]]}},{"type":"Feature","id":29922194,"properties":{"osmId":29922194,"category":"academic","addr:housenumber":"262","addr:state":"MA","addr:street":"Beacon Street","building":"university","ele":"52","gnis:feature_id":"1948205","name":"Daly","source":"USGS Geonames"},"geometry":{"type":"Polygon","coordinates":[[[-71.169726,42.3328627],[-71.1699648,42.3329317],[-71.1699361,42.3329864],[-71.169855,42.332963],[-71.1698311,42.3330087],[-71.1697509,42.3329855],[-71.1697743,42.3329407],[-71.1696968,42.3329184],[-71.169726,42.3328627]]]}},{"type":"Feature","id":29922197,"properties":{"osmId":29922197,"category":"academic","addr:housenumber":"58","addr:street":"College Road","building":"university","name":"Manresa"},"geometry":{"type":"Polygon","coordinates":[[[-71.1719062,42.3345442],[-71.1720186,42.334576],[-71.17197,42.3346707],[-71.1718575,42.334639],[-71.1719062,42.3345442]]]}},{"type":"Feature","id":29922389,"properties":{"osmId":29922389,"category":"residential","building":"dormitory","name":"Mod 6","official_name":"Modular Housing Unit 6"},"geometry":{"type":"Polygon","coordinates":[[[-71.1665774,42.3373469],[-71.1666225,42.33749],[-71.1665297,42.337506],[-71.1664846,42.3373629],[-71.1665774,42.3373469]]]}},{"type":"Feature","id":29922445,"properties":{"osmId":29922445,"category":"academic","building":"university"},"geometry":{"type":"Polygon","coordinates":[[[-71.1693489,42.3335087],[-71.1694029,42.3335087],[-71.1694767,42.3335105],[-71.1695133,42.3336352],[-71.1694467,42.3336622],[-71.1693777,42.3336906],[-71.1693248,42.3337119],[-71.1692864,42.3336485],[-71.1692684,42.3335957],[-71.1692618,42.3335478],[-71.169263,42.3335061],[-71.1693489,42.3335087]]]}},{"type":"Feature","id":29922510,"properties":{"osmId":29922510,"category":"residential","building":"dormitory","name":"Mod 11","official_name":"Modular Housing Unit 11"},"geometry":{"type":"Polygon","coordinates":[[[-71.1657299,42.3372752],[-71.1657736,42.3374215],[-71.1656782,42.3374371],[-71.1656344,42.3372908],[-71.1657299,42.3372752]]]}},{"type":"Feature","id":29922565,"properties":{"osmId":29922565,"category":"residential","addr:city":"Brighton","addr:housenumber":"2150","addr:postcode":"02135","addr:state":"MA","addr:street":"Commonwealth Avenue","building":"dormitory","building:levels":"6","name":"St. Thomas More Apartments","operator":"Boston College","residential":"university","roof:levels":"0","source":"esri/Boston_MA_Addresses"},"geometry":{"type":"Polygon","coordinates":[[[-71.1648023,42.3392121],[-71.1647524,42.3392172],[-71.1647382,42.3391511],[-71.1647787,42.3391419],[-71.1647363,42.3388784],[-71.1649576,42.3388579],[-71.1649812,42.3390171],[-71.1652244,42.3389927],[-71.1652314,42.3390341],[-71.1652932,42.3390285],[-71.1653133,42.3391615],[-71.1649136,42.3391976],[-71.1649204,42.339236],[-71.1649525,42.3392347],[-71.1650024,42.3395245],[-71.1650232,42.3395207],[-71.1650388,42.3396023],[-71.1650188,42.3396044],[-71.165024,42.3396295],[-71.1650318,42.3396671],[-71.1652268,42.3396497],[-71.1653706,42.3396383],[-71.1654201,42.3396337],[-71.1654268,42.3396563],[-71.1654731,42.3396516],[-71.1654589,42.3395844],[-71.165663,42.3395674],[-71.1656598,42.3395481],[-71.1657585,42.3395378],[-71.1657595,42.3395545],[-71.165862,42.3395454],[-71.1658763,42.3396188],[-71.1658474,42.339621],[-71.1658506,42.3396407],[-71.165876,42.339639],[-71.165884,42.3396797],[-71.1658307,42.3396837],[-71.165837,42.3397138],[-71.165489,42.3397501],[-71.1654859,42.3397311],[-71.1654386,42.3397368],[-71.1654499,42.3397965],[-71.1653437,42.3398074],[-71.1653491,42.3398249],[-71.1652512,42.3398345],[-71.1652464,42.339815],[-71.1650552,42.3398325],[-71.1650571,42.3398436],[-71.1650078,42.3398484],[-71.1650077,42.3398363],[-71.1649236,42.339847],[-71.1649277,42.3398591],[-71.1648405,42.3398675],[-71.1648372,42.3398535],[-71.1648129,42.339857],[-71.1647998,42.3397883],[-71.1648271,42.3397843],[-71.1647946,42.3396238],[-71.1647716,42.3396262],[-71.1647571,42.3395466],[-71.1647832,42.3395436],[-71.1647292,42.3392547],[-71.164813,42.339247],[-71.1648023,42.3392121]]]}},{"type":"Feature","id":29923717,"properties":{"osmId":29923717,"category":"academic","addr:housenumber":"122","addr:state":"MA","addr:street":"College Road","building":"yes","ele":"65","gnis:feature_id":"1948231","name":"Lawrence House","source":"USGS Geonames"},"geometry":{"type":"Polygon","coordinates":[[[-71.1720326,42.3364583],[-71.1720967,42.3365758],[-71.1719922,42.336607],[-71.1719602,42.3365484],[-71.171928,42.3364895],[-71.1720326,42.3364583]]]}},{"type":"Feature","id":29924774,"properties":{"osmId":29924774,"category":"athletic","building":"yes"},"geometry":{"type":"Polygon","coordinates":[[[-71.1610999,42.3222827],[-71.1610787,42.3221531],[-71.1613644,42.3221274],[-71.1613856,42.322257],[-71.1612951,42.3222651],[-71.1613004,42.3222974],[-71.1612521,42.3223017],[-71.1612469,42.3222694],[-71.1610999,42.3222827]]]}},{"type":"Feature","id":29926469,"properties":{"osmId":29926469,"category":"academic","building":"yes"},"geometry":{"type":"Polygon","coordinates":[[[-71.1586749,42.3436359],[-71.1586765,42.3438719],[-71.158609,42.3438721],[-71.1586075,42.3436362],[-71.1586749,42.3436359]]]}},{"type":"Feature","id":29926515,"properties":{"osmId":29926515,"category":"academic","addr:housenumber":"10","addr:street":"Dolphin Road","building":"school"},"geometry":{"type":"Polygon","coordinates":[[[-71.1785672,42.3405732],[-71.1785687,42.3405601],[-71.1785336,42.3405582],[-71.1785363,42.3405216],[-71.1785753,42.340523],[-71.1785788,42.3404956],[-71.1785939,42.3404969],[-71.1785985,42.3404664],[-71.1782246,42.3404358],[-71.1782711,42.3401229],[-71.1784642,42.3401387],[-71.1784482,42.3402463],[-71.1785197,42.3402522],[-71.178536,42.3402851],[-71.17857,42.3402758],[-71.1785672,42.340266],[-71.1786664,42.3402349],[-71.1786729,42.3402463],[-71.178737,42.3402262],[-71.1787615,42.3402692],[-71.1788323,42.3402743],[-71.1788256,42.3403223],[-71.1788174,42.3403815],[-71.1788358,42.3403829],[-71.1788004,42.3406368],[-71.1788213,42.3406384],[-71.1788183,42.3406599],[-71.1788147,42.3406853],[-71.1787559,42.3406808],[-71.17871,42.3407057],[-71.1787679,42.340803],[-71.1786448,42.340843],[-71.1785604,42.3406958],[-71.1785785,42.3405742],[-71.1785672,42.3405732]]]}},{"type":"Feature","id":29926950,"properties":{"osmId":29926950,"category":"residential","addr:housenumber":"201","addr:street":"Hammond Street","building":"residential","operator":"Boston College","residential":"university"},"geometry":{"type":"Polygon","coordinates":[[[-71.174927,42.3333467],[-71.1749729,42.3335031],[-71.1748381,42.3335249],[-71.1747922,42.3333685],[-71.174927,42.3333467]]]}},{"type":"Feature","id":29927273,"properties":{"osmId":29927273,"category":"residential","building":"dormitory","name":"Mod 12","official_name":"Modular Housing Unit 12"},"geometry":{"type":"Polygon","coordinates":[[[-71.165903,42.3374583],[-71.1659262,42.3375305],[-71.1657295,42.337565],[-71.1657064,42.3374928],[-71.165903,42.3374583]]]}},{"type":"Feature","id":29927349,"properties":{"osmId":29927349,"category":"academic","addr:housenumber":"18","addr:state":"MA","addr:street":"Old Colony Road","building":"yes","ele":"68","gnis:feature_id":"1948191","name":"Botolph House","source":"USGS Geonames"},"geometry":{"type":"Polygon","coordinates":[[[-71.1722847,42.3363045],[-71.1724602,42.336315],[-71.1724514,42.3363969],[-71.1724413,42.3364897],[-71.1722658,42.3364792],[-71.1722847,42.3363045]]]}},{"type":"Feature","id":29929250,"properties":{"osmId":29929250,"category":"academic","building":"university","name":"Service Building"},"geometry":{"type":"Polygon","coordinates":[[[-71.168194,42.334085],[-71.1682698,42.3342492],[-71.1686074,42.3341682],[-71.1686668,42.3343092],[-71.1683293,42.3343889],[-71.1684502,42.3346334],[-71.1682728,42.3346765],[-71.1680228,42.3341358],[-71.168194,42.334085]]]}},{"type":"Feature","id":29929289,"properties":{"osmId":29929289,"category":"academic","addr:state":"MA","building":"university","ele":"52","gnis:feature_id":"1948200","name":"Connolly Carriage House","source":"USGS Geonames"},"geometry":{"type":"Polygon","coordinates":[[[-71.1700937,42.3319186],[-71.1702684,42.3319956],[-71.1701515,42.3321406],[-71.1699768,42.3320636],[-71.1700937,42.3319186]]]}},{"type":"Feature","id":29931251,"properties":{"osmId":29931251,"category":"academic","addr:housenumber":"67","addr:state":"MA","addr:street":"Lee Road","building":"yes","ele":"52","gnis:feature_id":"1948196","name":"Canisius House","source":"USGS Geonames"},"geometry":{"type":"Polygon","coordinates":[[[-71.1693215,42.332485],[-71.1695274,42.3325752],[-71.1694694,42.3326482],[-71.1692633,42.3325578],[-71.1693215,42.332485]]]}},{"type":"Feature","id":29931366,"properties":{"osmId":29931366,"category":"academic","addr:housenumber":"24","addr:street":"Mayflower Road","building":"yes"},"geometry":{"type":"Polygon","coordinates":[[[-71.1721843,42.3355693],[-71.1721853,42.3357165],[-71.172054,42.3357169],[-71.1720531,42.3355697],[-71.1721843,42.3355693]]]}},{"type":"Feature","id":29931449,"properties":{"osmId":29931449,"category":"residential","addr:housenumber":"377","addr:state":"MA","addr:street":"Beacon Street","building":"dormitory","ele":"80","gnis:feature_id":"1948254","name":"Shaw","source":"USGS Geonames"},"geometry":{"type":"Polygon","coordinates":[[[-71.1752919,42.3328885],[-71.1753392,42.332982],[-71.1751125,42.3330453],[-71.1751256,42.3330712],[-71.1750322,42.3330973],[-71.1749832,42.3330005],[-71.1750735,42.3329753],[-71.175062,42.3329526],[-71.1752919,42.3328885]]]}},{"type":"Feature","id":41920132,"properties":{"osmId":41920132,"category":"academic","access":"private","building":"yes","name":"Pete Frates Center"},"geometry":{"type":"Polygon","coordinates":[[[-71.160988,42.3438014],[-71.161419,42.343922],[-71.1612974,42.3441591],[-71.1610674,42.3440889],[-71.1610478,42.3441269],[-71.1608644,42.3440709],[-71.1608596,42.3440836],[-71.160771,42.344088],[-71.1607577,42.3439436],[-71.1609194,42.3439355],[-71.160988,42.3438014]]]}},{"type":"Feature","id":157190311,"properties":{"osmId":157190311,"category":"residential","addr:city":"Brighton","addr:housename":"The Gate","addr:housenumber":"110","addr:postcode":"02467;02135","addr:state":"MA","addr:street":"Saint Thomas More Road","building":"dormitory","building:levels":"6","name":"Stayer Hall","operator":"Boston College","residential":"university","roof:levels":"0","source":"esri/Boston_MA_Addresses"},"geometry":{"type":"Polygon","coordinates":[[[-71.1664818,42.3388707],[-71.1663594,42.3388914],[-71.1663543,42.3388751],[-71.1662865,42.3388866],[-71.1662995,42.3389285],[-71.1661914,42.3389468],[-71.1661989,42.3389708],[-71.1660873,42.3389896],[-71.1660595,42.3388999],[-71.166047,42.338902],[-71.1660138,42.3387944],[-71.1660497,42.3387884],[-71.1659337,42.3384127],[-71.1660712,42.3383895],[-71.1660839,42.3384306],[-71.1661423,42.3384208],[-71.1662433,42.3387483],[-71.1663422,42.3387316],[-71.1663373,42.3387159],[-71.1664247,42.3387012],[-71.166434,42.3387314],[-71.1664645,42.3387263],[-71.166497,42.3388319],[-71.1664712,42.3388362],[-71.1664818,42.3388707]]]}},{"type":"Feature","id":187088150,"properties":{"osmId":187088150,"category":"academic","addr:housenumber":"2599;2601","addr:state":"MA","addr:street":"Beacon Street","alt_name":"Kelley Rink","building":"university","check_date":"2025-05-30","ele":"41","gnis:feature_id":"1948202","leisure":"stadium","name":"Conte Forum","note:alt_name":"The arena is known as Kelley Rink for ice hockey games","official_name":"Silvio O. Conte Forum","operator":"Boston College","sport":"basketball;ice_hockey","start_date":"1988","website":"https://bceagles.com/facilities/conte-forum/1","wikidata":"Q598342","wikipedia":"en:Conte Forum"},"geometry":{"type":"Polygon","coordinates":[[[-71.1671131,42.3357583],[-71.1671028,42.3354842],[-71.1673416,42.3354879],[-71.1673117,42.3347067],[-71.1671146,42.3347143],[-71.1671123,42.3346265],[-71.1676453,42.3345184],[-71.1676459,42.3347101],[-71.1681164,42.3346996],[-71.1681238,42.3348108],[-71.1681845,42.3348086],[-71.1682252,42.3355464],[-71.1677089,42.3356348],[-71.1677128,42.3357951],[-71.1672988,42.3358044],[-71.1672965,42.3357288],[-71.1671131,42.3357583]]]}},{"type":"Feature","id":212133447,"properties":{"osmId":212133447,"category":"academic","addr:city":"Boston","addr:country":"US","addr:housenumber":"192","addr:postcode":"02135","addr:state":"MA","addr:street":"Foster Street","building":"university","name":"Campion and Pro Houses"},"geometry":{"type":"Polygon","coordinates":[[[-71.1564378,42.344092],[-71.1564261,42.3440893],[-71.1564706,42.3439831],[-71.1564584,42.3439803],[-71.1564934,42.3438968],[-71.1564753,42.3438926],[-71.1564983,42.3438378],[-71.1565099,42.3438405],[-71.1565304,42.3437914],[-71.1565572,42.3437976],[-71.156579,42.3437453],[-71.1566607,42.343764],[-71.1566412,42.3438106],[-71.1566602,42.343815],[-71.1566397,42.3438641],[-71.1566589,42.3438686],[-71.1566527,42.3438833],[-71.1566722,42.3438878],[-71.1566544,42.3439302],[-71.1566361,42.343926],[-71.1566209,42.3439623],[-71.1566361,42.3439658],[-71.1565706,42.3441224],[-71.156558,42.344119],[-71.1565462,42.3441474],[-71.156426,42.3441202],[-71.1564378,42.344092]]]}},{"type":"Feature","id":212133476,"properties":{"osmId":212133476,"category":"academic","addr:city":"Boston","addr:housenumber":"194","addr:postcode":"02135","addr:state":"MA","addr:street":"Foster Street","building":"university","building:levels":"3","name":"Alberto Hurtado House"},"geometry":{"type":"Polygon","coordinates":[[[-71.1566701,42.3436064],[-71.1567152,42.3435574],[-71.1566965,42.3435462],[-71.1567786,42.3434708],[-71.1567928,42.3434793],[-71.1568543,42.3434228],[-71.1568823,42.3434396],[-71.1569271,42.3433985],[-71.1569895,42.3434358],[-71.1569504,42.3434718],[-71.1569654,42.3434808],[-71.1569166,42.3435255],[-71.1569436,42.3435417],[-71.1568343,42.3436421],[-71.1568203,42.3436337],[-71.1567781,42.3436725],[-71.1567564,42.3436578],[-71.1567116,42.3437007],[-71.156656,42.3436727],[-71.1567018,42.3436239],[-71.1566701,42.3436064]]]}},{"type":"Feature","id":212133487,"properties":{"osmId":212133487,"category":"academic","addr:city":"Boston","addr:housenumber":"190","addr:postcode":"02135","addr:state":"MA","addr:street":"Foster Street","building":"university","name":"Ciszek and Xavier Houses"},"geometry":{"type":"Polygon","coordinates":[[[-71.1571464,42.3442268],[-71.1569667,42.344188],[-71.156963,42.3441976],[-71.1567515,42.344152],[-71.15676,42.3441305],[-71.1566896,42.3441153],[-71.1567166,42.3440466],[-71.1567968,42.3440639],[-71.1568028,42.3440487],[-71.1568717,42.3440636],[-71.1568764,42.3440518],[-71.1570082,42.3440802],[-71.157013,42.344068],[-71.1572037,42.3441091],[-71.1571996,42.3441194],[-71.1572488,42.34413],[-71.1572337,42.3441685],[-71.1572526,42.3441726],[-71.1572297,42.3442308],[-71.1571514,42.344214],[-71.1571464,42.3442268]]]}},{"type":"Feature","id":212133570,"properties":{"osmId":212133570,"category":"academic","addr:city":"Boston","addr:housenumber":"196","addr:postcode":"02135","addr:state":"MA","addr:street":"Foster Street","building":"university","name":"Chabanel and Jogues Houses"},"geometry":{"type":"Polygon","coordinates":[[[-71.1574649,42.3436866],[-71.1574312,42.3436786],[-71.1574347,42.3436705],[-71.1573389,42.3436536],[-71.1573337,42.3436698],[-71.1572956,42.3436631],[-71.157305,42.3436338],[-71.1572327,42.3436167],[-71.1572277,42.3436285],[-71.1571815,42.3436175],[-71.1571865,42.3436061],[-71.1570299,42.343569],[-71.1570572,42.3435056],[-71.1571242,42.3435214],[-71.1571404,42.3434839],[-71.1575835,42.343589],[-71.1575388,42.3436925],[-71.1574694,42.3436761],[-71.1574649,42.3436866]]]}},{"type":"Feature","id":212134252,"properties":{"osmId":212134252,"category":"academic","building":"yes"},"geometry":{"type":"Polygon","coordinates":[[[-71.1620794,42.3421806],[-71.1619758,42.3422229],[-71.1619425,42.3421779],[-71.1620461,42.3421356],[-71.1620794,42.3421806]]]}},{"type":"Feature","id":212134369,"properties":{"osmId":212134369,"category":"academic","building":"yes"},"geometry":{"type":"Polygon","coordinates":[[[-71.1627956,42.3347404],[-71.1626983,42.3347755],[-71.1626604,42.3347175],[-71.1627577,42.3346824],[-71.1627956,42.3347404]]]}},{"type":"Feature","id":212134478,"properties":{"osmId":212134478,"category":"academic","building":"yes"},"geometry":{"type":"Polygon","coordinates":[[[-71.1642619,42.34275],[-71.1642745,42.3427195],[-71.1643539,42.3427375],[-71.1643027,42.3428618],[-71.1641783,42.3428337],[-71.1642169,42.3427398],[-71.1642619,42.34275]]]}},{"type":"Feature","id":212273762,"properties":{"osmId":212273762,"category":"athletic","building":"yes"},"geometry":{"type":"Polygon","coordinates":[[[-71.1619418,42.3223289],[-71.1618487,42.3223484],[-71.161829,42.3222966],[-71.1618535,42.3222915],[-71.1618332,42.3222379],[-71.1619017,42.3222235],[-71.1619418,42.3223289]]]}},{"type":"Feature","id":213295411,"properties":{"osmId":213295411,"category":"academic","building":"university","building:levels":"4","name":"Stokes Hall North"},"geometry":{"type":"Polygon","coordinates":[[[-71.1708889,42.3345588],[-71.1709075,42.3346097],[-71.170855,42.3346202],[-71.1708832,42.3346977],[-71.1708979,42.3346948],[-71.1709207,42.3347574],[-71.170971,42.3347473],[-71.1709829,42.3347799],[-71.1710755,42.3347614],[-71.1710661,42.334751],[-71.1714109,42.334683],[-71.171424,42.3347193],[-71.1715251,42.3346993],[-71.171504,42.334641],[-71.1715413,42.3346336],[-71.1715179,42.3345689],[-71.1715612,42.3345603],[-71.1715318,42.3344791],[-71.1714503,42.3344953],[-71.1714342,42.3344508],[-71.1714055,42.3344547],[-71.1713339,42.3344692],[-71.1711212,42.3345128],[-71.1711157,42.3344977],[-71.1709954,42.3345216],[-71.1710008,42.3345365],[-71.1708889,42.3345588]]]}},{"type":"Feature","id":214726372,"properties":{"osmId":214726372,"category":"academic","building":"yes"},"geometry":{"type":"Polygon","coordinates":[[[-71.1689614,42.3328471],[-71.168961,42.3329056],[-71.168923,42.3329055],[-71.1689234,42.332847],[-71.1689614,42.3328471]]]}},{"type":"Feature","id":214726374,"properties":{"osmId":214726374,"category":"academic","building":"yes"},"geometry":{"type":"Polygon","coordinates":[[[-71.1694823,42.3326806],[-71.1694512,42.3327375],[-71.1693894,42.3327189],[-71.1694206,42.332662],[-71.1694823,42.3326806]]]}},{"type":"Feature","id":214726379,"properties":{"osmId":214726379,"category":"academic","building":"yes"},"geometry":{"type":"Polygon","coordinates":[[[-71.170005,42.3381495],[-71.1699511,42.3381816],[-71.1699231,42.3381556],[-71.169977,42.3381236],[-71.170005,42.3381495]]]}},{"type":"Feature","id":214726381,"properties":{"osmId":214726381,"category":"academic","building":"yes"},"geometry":{"type":"Polygon","coordinates":[[[-71.1700832,42.3329215],[-71.1700473,42.3329809],[-71.1699962,42.3329639],[-71.170032,42.3329045],[-71.1700832,42.3329215]]]}},{"type":"Feature","id":214726386,"properties":{"osmId":214726386,"category":"academic","building":"university"},"geometry":{"type":"Polygon","coordinates":[[[-71.1702055,42.3326636],[-71.1701805,42.3327154],[-71.1701001,42.332694],[-71.170125,42.3326423],[-71.1702055,42.3326636]]]}},{"type":"Feature","id":214726387,"properties":{"osmId":214726387,"category":"academic","building":"university"},"geometry":{"type":"Polygon","coordinates":[[[-71.17035,42.3326087],[-71.1703198,42.3326611],[-71.1702284,42.332632],[-71.1702586,42.3325797],[-71.17035,42.3326087]]]}},{"type":"Feature","id":214726414,"properties":{"osmId":214726414,"category":"academic","building":"yes"},"geometry":{"type":"Polygon","coordinates":[[[-71.1715456,42.3352443],[-71.1715319,42.3353185],[-71.1715049,42.3353157],[-71.1715185,42.3352416],[-71.1715456,42.3352443]]]}},{"type":"Feature","id":214726421,"properties":{"osmId":214726421,"category":"academic","building":"yes"},"geometry":{"type":"Polygon","coordinates":[[[-71.172053,42.335833],[-71.1719801,42.3358387],[-71.1719718,42.3357795],[-71.1720446,42.3357739],[-71.172053,42.335833]]]}},{"type":"Feature","id":214726426,"properties":{"osmId":214726426,"category":"academic","building":"yes"},"geometry":{"type":"Polygon","coordinates":[[[-71.1719596,42.3354021],[-71.1719616,42.3353906],[-71.1720117,42.3353955],[-71.1720102,42.3354043],[-71.1720293,42.3354062],[-71.1720198,42.3354604],[-71.1719356,42.3354523],[-71.1719446,42.3354007],[-71.1719596,42.3354021]]]}},{"type":"Feature","id":214726429,"properties":{"osmId":214726429,"category":"academic","building":"yes"},"geometry":{"type":"Polygon","coordinates":[[[-71.172116,42.3348684],[-71.1721058,42.3349126],[-71.1720289,42.3349028],[-71.1720392,42.3348586],[-71.172116,42.3348684]]]}},{"type":"Feature","id":214726430,"properties":{"osmId":214726430,"category":"academic","building":"yes"},"geometry":{"type":"Polygon","coordinates":[[[-71.1721535,42.3352018],[-71.1721203,42.3352612],[-71.1720477,42.3352389],[-71.172081,42.3351794],[-71.1721535,42.3352018]]]}},{"type":"Feature","id":214726431,"properties":{"osmId":214726431,"category":"academic","building":"yes"},"geometry":{"type":"Polygon","coordinates":[[[-71.1721322,42.3359246],[-71.1720565,42.3359348],[-71.1720418,42.3358747],[-71.1721175,42.3358646],[-71.1721322,42.3359246]]]}},{"type":"Feature","id":214726434,"properties":{"osmId":214726434,"category":"academic","building":"yes"},"geometry":{"type":"Polygon","coordinates":[[[-71.1721664,42.3346991],[-71.1721448,42.3347438],[-71.1720621,42.3347218],[-71.1720837,42.3346771],[-71.1721664,42.3346991]]]}},{"type":"Feature","id":214726438,"properties":{"osmId":214726438,"category":"academic","building":"yes"},"geometry":{"type":"Polygon","coordinates":[[[-71.1722613,42.3345492],[-71.1722203,42.3345923],[-71.1721744,42.3345683],[-71.1722154,42.3345252],[-71.1722613,42.3345492]]]}},{"type":"Feature","id":214726444,"properties":{"osmId":214726444,"category":"academic","building":"yes"},"geometry":{"type":"Polygon","coordinates":[[[-71.1728017,42.3340116],[-71.1727578,42.3340389],[-71.1727084,42.3339953],[-71.1727524,42.3339679],[-71.1728017,42.3340116]]]}},{"type":"Feature","id":214726447,"properties":{"osmId":214726447,"category":"academic","building":"yes"},"geometry":{"type":"Polygon","coordinates":[[[-71.1729333,42.335585],[-71.1728958,42.3356324],[-71.1728004,42.3355908],[-71.1728378,42.3355434],[-71.1729333,42.335585]]]}},{"type":"Feature","id":214726519,"properties":{"osmId":214726519,"category":"academic","building":"yes"},"geometry":{"type":"Polygon","coordinates":[[[-71.1756665,42.3328115],[-71.1756253,42.332817],[-71.1756097,42.3327524],[-71.1756509,42.3327469],[-71.1756665,42.3328115]]]}},{"type":"Feature","id":215065132,"properties":{"osmId":215065132,"category":"academic","building":"university","internet_access":"yes","name":"Stokes Hall South"},"geometry":{"type":"Polygon","coordinates":[[[-71.171287,42.3343427],[-71.1711963,42.3343611],[-71.1711926,42.3343509],[-71.1711584,42.3343579],[-71.1711299,42.3342807],[-71.1711622,42.3342742],[-71.1711245,42.3341723],[-71.1710602,42.3339985],[-71.1710165,42.3340074],[-71.1709839,42.333919],[-71.1710373,42.3339082],[-71.1710041,42.3338185],[-71.1711281,42.3337935],[-71.1712278,42.3337734],[-71.1712198,42.3337518],[-71.1713452,42.3337265],[-71.1714073,42.3338946],[-71.1714576,42.3338844],[-71.1714525,42.3338707],[-71.1715387,42.3338533],[-71.1716355,42.3341148],[-71.171665,42.3341089],[-71.1716817,42.3341541],[-71.171695,42.3341899],[-71.1716026,42.3342086],[-71.171627,42.3342743],[-71.1713588,42.3343286],[-71.1713863,42.3344029],[-71.1714055,42.3344547],[-71.1713339,42.3344692],[-71.1713144,42.3344165],[-71.171287,42.3343427]]]}},{"type":"Feature","id":373170674,"properties":{"osmId":373170674,"category":"religious","amenity":"place_of_worship","building":"chapel","denomination":"roman_catholic","religion":"christian","toilets:wheelchair":"yes","wheelchair":"yes"},"geometry":{"type":"Polygon","coordinates":[[[-71.1574591,42.3438831],[-71.1574368,42.3439072],[-71.1574013,42.3438884],[-71.1573734,42.3439128],[-71.1572454,42.3438375],[-71.1573133,42.343774],[-71.1574439,42.3438508],[-71.1574276,42.343866],[-71.1574591,42.3438831]]]}},{"type":"Feature","id":373170675,"properties":{"osmId":373170675,"category":"academic","building":"shed"},"geometry":{"type":"Polygon","coordinates":[[[-71.1561727,42.3441567],[-71.1561426,42.3440976],[-71.1560847,42.3441137],[-71.1561149,42.3441729],[-71.1561727,42.3441567]]]}},{"type":"Feature","id":671832497,"properties":{"osmId":671832497,"category":"academic","building":"university","layer":"1","leisure":"sports_centre","name":"Fish Field House"},"geometry":{"type":"Polygon","coordinates":[[[-71.1651102,42.3351487],[-71.164306,42.3351673],[-71.1643075,42.3352014],[-71.1640164,42.3352082],[-71.1639996,42.3348104],[-71.164258,42.3348045],[-71.1642246,42.3340088],[-71.1650612,42.3339896],[-71.1651102,42.3351487]]]}},{"type":"Feature","id":771178963,"properties":{"osmId":771178963,"category":"academic","addr:housenumber":"200","addr:street":"Saint Thomas More Road","building":"university","check_date":"2025-05-30","leisure":"sports_centre","name":"Connell Recreation Center","operator":"Boston College","operator:type":"university","phone":"+1 617-552-0797","website":"https://www.bc.edu/bc-web/offices/rec/about/facilities/margot-connell-recreation-center.html"},"geometry":{"type":"Polygon","coordinates":[[[-71.1652005,42.3376303],[-71.1646211,42.3377643],[-71.1643829,42.3372467],[-71.1643225,42.3370628],[-71.1642016,42.3369393],[-71.1650167,42.3365374],[-71.1652385,42.336844],[-71.1649765,42.3369471],[-71.1650334,42.337047],[-71.1651152,42.337223],[-71.1650512,42.3372362],[-71.1652005,42.3376303]]]}},{"type":"Feature","id":817639343,"properties":{"osmId":817639343,"category":"academic","building":"yes"},"geometry":{"type":"Polygon","coordinates":[[[-71.1617393,42.3447717],[-71.1617102,42.3448262],[-71.1617796,42.3448477],[-71.1617326,42.3449221],[-71.1615962,42.3448774],[-71.16146,42.3451121],[-71.1614189,42.3450959],[-71.1615985,42.34477],[-71.1615516,42.3447105],[-71.1611809,42.3446024],[-71.1612052,42.3445652],[-71.1614912,42.3446445],[-71.1615114,42.3446081],[-71.1616142,42.3446445],[-71.1616345,42.3446118],[-71.1616813,42.3446214],[-71.1617416,42.3447172],[-71.1617058,42.3447288],[-71.1617393,42.3447717]]]}},{"type":"Feature","id":817639349,"properties":{"osmId":817639349,"category":"academic","building":"yes"},"geometry":{"type":"Polygon","coordinates":[[[-71.1606844,42.3439175],[-71.160709,42.3444215],[-71.1606597,42.344471],[-71.1606821,42.3444875],[-71.1605323,42.3446148],[-71.16032,42.3446247],[-71.1603111,42.3445222],[-71.159863,42.3445374],[-71.1598574,42.3444842],[-71.160481,42.3444512],[-71.1605614,42.3443933],[-71.160522,42.3439228],[-71.1606844,42.3439175]]]}},{"type":"Feature","id":1119117505,"properties":{"osmId":1119117505,"category":"academic","addr:housenumber":"245","addr:street":"Beacon Street","building":"university","layer":"1","name":"245 Beacon Street"},"geometry":{"type":"Polygon","coordinates":[[[-71.1692231,42.3340465],[-71.1690777,42.3340753],[-71.1690854,42.3340965],[-71.1688996,42.3341334],[-71.1690164,42.3344549],[-71.1687164,42.3345145],[-71.1687615,42.3346386],[-71.1692421,42.3345431],[-71.1692557,42.3345806],[-71.1694174,42.3345485],[-71.1694055,42.3345159],[-71.1694514,42.3345068],[-71.1694235,42.33443],[-71.1694056,42.3343807],[-71.1693486,42.334392],[-71.1692231,42.3340465]]]}},{"type":"Feature","id":1228360337,"properties":{"osmId":1228360337,"category":"academic","building":"yes"},"geometry":{"type":"Polygon","coordinates":[[[-71.1607948,42.344224],[-71.1608321,42.3441541],[-71.1613269,42.3442986],[-71.1612896,42.3443684],[-71.1607948,42.344224]]]}},{"type":"Feature","id":1272942525,"properties":{"osmId":1272942525,"category":"academic","building":"school"},"geometry":{"type":"Polygon","coordinates":[[[-71.1527472,42.3399067],[-71.1527409,42.3400842],[-71.152522,42.34008],[-71.1525282,42.3399025],[-71.1527472,42.3399067]]]}},{"type":"Feature","id":1313052273,"properties":{"osmId":1313052273,"category":"academic","addr:city":"Brighton","addr:housenumber":"129","addr:postcode":"02135","addr:state":"MA","addr:street":"Lake Street","building":"yes","name":"129 Lake Street"},"geometry":{"type":"Polygon","coordinates":[[[-71.1623356,42.3438872],[-71.1620009,42.3439552],[-71.1620549,42.3441012],[-71.1620856,42.3440949],[-71.1621108,42.3441629],[-71.1620743,42.3441703],[-71.1621225,42.344301],[-71.1621591,42.3442936],[-71.1621898,42.3443768],[-71.1619661,42.3444222],[-71.1617897,42.3439445],[-71.1618737,42.3439275],[-71.161782,42.3436792],[-71.161977,42.3436396],[-71.1620475,42.3438308],[-71.1622913,42.3437814],[-71.1623356,42.3438872]]]}},{"type":"Feature","id":1481240992,"properties":{"osmId":1481240992,"category":"residential","building":"dormitory","name":"Mod 7","official_name":"Modular Housing Unit 7"},"geometry":{"type":"Polygon","coordinates":[[[-71.166337,42.3373229],[-71.1661658,42.3373539],[-71.1661433,42.337286],[-71.1663147,42.3372552],[-71.166337,42.3373229]]]}},{"type":"Feature","id":1481240993,"properties":{"osmId":1481240993,"category":"residential","building":"dormitory","name":"Mod 27","official_name":"Modular Housing Unit 27"},"geometry":{"type":"Polygon","coordinates":[[[-71.1656767,42.3376701],[-71.1657183,42.3378028],[-71.1656247,42.3378189],[-71.1655827,42.337686],[-71.1656767,42.3376701]]]}},{"type":"Feature","id":1481240994,"properties":{"osmId":1481240994,"category":"residential","building":"dormitory","name":"Mod 23","official_name":"Modular Housing Unit 23"},"geometry":{"type":"Polygon","coordinates":[[[-71.1659929,42.3377541],[-71.1661935,42.3377198],[-71.1661725,42.3376518],[-71.1659712,42.3376857],[-71.1659929,42.3377541]]]}},{"type":"Feature","id":1481240995,"properties":{"osmId":1481240995,"category":"residential","building":"dormitory","name":"Mod 10","official_name":"Modular Housing Unit 10"},"geometry":{"type":"Polygon","coordinates":[[[-71.1659262,42.3375305],[-71.1661207,42.3374958],[-71.1660967,42.3374233],[-71.165903,42.3374583],[-71.1659262,42.3375305]]]}},{"type":"Feature","id":1481240996,"properties":{"osmId":1481240996,"category":"residential","building":"dormitory","name":"Mod 21","official_name":"Modular Housing Unit 21"},"geometry":{"type":"Polygon","coordinates":[[[-71.1663203,42.3375472],[-71.1663653,42.3376903],[-71.1662716,42.3377062],[-71.1662268,42.3375637],[-71.1663203,42.3375472]]]}},{"type":"Feature","id":1481240997,"properties":{"osmId":1481240997,"category":"residential","building":"dormitory","name":"Mod 19","official_name":"Modular Housing Unit 19"},"geometry":{"type":"Polygon","coordinates":[[[-71.1665297,42.337506],[-71.166575,42.3376511],[-71.1666676,42.3376354],[-71.1666225,42.33749],[-71.1665297,42.337506]]]}},{"type":"Feature","id":1481240998,"properties":{"osmId":1481240998,"category":"residential","building":"dormitory","name":"Mod 15","official_name":"Modular Housing Unit 15"},"geometry":{"type":"Polygon","coordinates":[[[-71.1671365,42.3373884],[-71.1671825,42.3375381],[-71.1670885,42.3375538],[-71.1670429,42.3374041],[-71.1671365,42.3373884]]]}},{"type":"Feature","id":1481240999,"properties":{"osmId":1481240999,"category":"residential","building":"dormitory","name":"Mod 31","official_name":"Modular Housing Unit 31"},"geometry":{"type":"Polygon","coordinates":[[[-71.1670163,42.3377946],[-71.1670593,42.3379395],[-71.1669674,42.3379543],[-71.1669248,42.3378096],[-71.1670163,42.3377946]]]}},{"type":"Feature","id":1481241000,"properties":{"osmId":1481241000,"category":"residential","building":"dormitory","name":"Mod 22","official_name":"Modular Housing Unit 22"},"geometry":{"type":"Polygon","coordinates":[[[-71.1666231,42.3377795],[-71.1664249,42.3378147],[-71.166402,42.3377439],[-71.1666003,42.3377092],[-71.1666231,42.3377795]]]}},{"type":"Feature","id":1481241001,"properties":{"osmId":1481241001,"category":"residential","building":"dormitory","name":"Mod 35","official_name":"Modular Housing Unit 35"},"geometry":{"type":"Polygon","coordinates":[[[-71.1666909,42.3380061],[-71.1664999,42.3380381],[-71.1664786,42.3379693],[-71.1666702,42.3379369],[-71.1666909,42.3380061]]]}},{"type":"Feature","id":1481241002,"properties":{"osmId":1481241002,"category":"residential","building":"dormitory","name":"Mod 24","official_name":"Modular Housing Unit 24"},"geometry":{"type":"Polygon","coordinates":[[[-71.1662733,42.3379199],[-71.1662264,42.3377759],[-71.166321,42.3377595],[-71.1663659,42.3379033],[-71.1662733,42.3379199]]]}},{"type":"Feature","id":1481241003,"properties":{"osmId":1481241003,"category":"residential","building":"dormitory","name":"Mod 39","official_name":"Modular Housing Unit 39"},"geometry":{"type":"Polygon","coordinates":[[[-71.165971,42.3379778],[-71.1660158,42.3381222],[-71.166109,42.3381065],[-71.1660644,42.337962],[-71.165971,42.3379778]]]}},{"type":"Feature","id":1481241004,"properties":{"osmId":1481241004,"category":"residential","building":"dormitory","name":"Mod 36","official_name":"Modular Housing Unit 36"},"geometry":{"type":"Polygon","coordinates":[[[-71.1662589,42.3382162],[-71.1664525,42.3381842],[-71.1664317,42.3381154],[-71.1662373,42.3381482],[-71.1662589,42.3382162]]]}},{"type":"Feature","id":1481241005,"properties":{"osmId":1481241005,"category":"residential","building":"dormitory","name":"Mod 30","official_name":"Modular Housing Unit 30"},"geometry":{"type":"Polygon","coordinates":[[[-71.1672277,42.338132],[-71.1670396,42.3381634],[-71.1670184,42.3380938],[-71.1672042,42.3380615],[-71.1672277,42.338132]]]}}]}