{"type":"FeatureCollection","features":[{"type":"Feature","id":33298775,"properties":{"osmId":33298775,"category":"academic","building":"school","loc_name":"Old Provo High","name":"West Campus Central Building","note":"former location of Provo High School","operator":"Brigham Young University"},"geometry":{"type":"Polygon","coordinates":[[[-111.6590566,40.2495663],[-111.65919,40.249568],[-111.6591927,40.2496109],[-111.6593226,40.2496114],[-111.6593235,40.2495697],[-111.6596561,40.249573],[-111.6596574,40.2491406],[-111.6596112,40.2491397],[-111.6596106,40.2490442],[-111.6601876,40.2490491],[-111.6601888,40.2488864],[-111.6599947,40.2488846],[-111.6599947,40.2485739],[-111.6599776,40.2485738],[-111.6599772,40.2485295],[-111.6598582,40.2485297],[-111.6598546,40.2485736],[-111.6598056,40.2485734],[-111.6598048,40.2484797],[-111.6598354,40.2484799],[-111.6598344,40.2484552],[-111.6598046,40.2484552],[-111.6598027,40.2482974],[-111.660092,40.2482978],[-111.6600909,40.2482092],[-111.6601631,40.2482083],[-111.6601683,40.2478217],[-111.6599935,40.2478208],[-111.6599935,40.2478568],[-111.6594129,40.2478572],[-111.6594123,40.2476912],[-111.6598772,40.2476912],[-111.6598795,40.247757],[-111.6601816,40.2477597],[-111.6601792,40.2475154],[-111.6600579,40.2475149],[-111.6600561,40.2473154],[-111.6597756,40.2473123],[-111.6597744,40.2472261],[-111.6592243,40.2472234],[-111.6592262,40.2473794],[-111.6592676,40.2473776],[-111.6592664,40.2475168],[-111.6593414,40.2475186],[-111.6593433,40.2476894],[-111.6593545,40.2476892],[-111.6593538,40.2478037],[-111.659248,40.2478028],[-111.6592493,40.2478637],[-111.6590811,40.2478649],[-111.6590826,40.2482883],[-111.659226,40.2482878],[-111.659228,40.2485654],[-111.6591364,40.2485669],[-111.6591409,40.2491297],[-111.6590558,40.2491282],[-111.6590566,40.2495663]]]}},{"type":"Feature","id":33298801,"properties":{"osmId":33298801,"category":"academic","building":"yes"},"geometry":{"type":"Polygon","coordinates":[[[-111.6601333,40.2471544],[-111.6604279,40.2471557],[-111.6604226,40.2467302],[-111.66037,40.2467302],[-111.6603694,40.2466739],[-111.660202,40.2466739],[-111.6602044,40.2467328],[-111.6601333,40.2467317],[-111.6601333,40.2469072],[-111.6600999,40.2469076],[-111.6600987,40.2470394],[-111.6601333,40.24704],[-111.6601333,40.2471544]]]}},{"type":"Feature","id":33298806,"properties":{"osmId":33298806,"category":"academic","building":"yes"},"geometry":{"type":"Polygon","coordinates":[[[-111.6609417,40.2472769],[-111.660658,40.2472814],[-111.6606457,40.2467302],[-111.6609425,40.2467302],[-111.6609421,40.2469703],[-111.6609599,40.2469702],[-111.6609559,40.2472099],[-111.6609418,40.2472103],[-111.6609417,40.2472769]]]}},{"type":"Feature","id":40664518,"properties":{"osmId":40664518,"category":"academic","building":"university","name":"Indoor Practice Facility","operator":"Brigham Young University","short_name":"IPF","source":"Yahoo"},"geometry":{"type":"Polygon","coordinates":[[[-111.657253,40.2477924],[-111.6572525,40.2477777],[-111.6572696,40.2477782],[-111.6572913,40.2477101],[-111.6573083,40.2476428],[-111.6573412,40.2474933],[-111.6573624,40.2473402],[-111.6573677,40.2471965],[-111.6573668,40.2470726],[-111.6573518,40.2469487],[-111.6573127,40.2467467],[-111.6572878,40.2466483],[-111.6572786,40.2466221],[-111.657232,40.2466226],[-111.6572311,40.2466094],[-111.6563945,40.2466105],[-111.6564132,40.2478001],[-111.6564784,40.2477995],[-111.657253,40.2477924]]]}},{"type":"Feature","id":40746193,"properties":{"osmId":40746193,"category":"academic","building":"university","building:levels":"2","building:levels:underground":"1","name":"BYU Museum of Art","operator":"Brigham Young University","short_name":"MOA","tourism":"museum","wikidata":"Q4967319"},"geometry":{"type":"Polygon","coordinates":[[[-111.6481856,40.2510272],[-111.6481862,40.2509271],[-111.6482272,40.2508962],[-111.6482803,40.2508552],[-111.648343,40.2508068],[-111.6484462,40.2508055],[-111.6484444,40.2507241],[-111.6484661,40.2507043],[-111.6484392,40.250687],[-111.6484379,40.2506063],[-111.6483934,40.2506066],[-111.6483374,40.2506071],[-111.6483107,40.2505867],[-111.6482817,40.2506089],[-111.6481142,40.2506116],[-111.647996,40.2505227],[-111.6478752,40.2506163],[-111.6477092,40.2506174],[-111.647682,40.2505968],[-111.6476548,40.2506176],[-111.6475539,40.2506169],[-111.6475532,40.2506931],[-111.6475279,40.2507157],[-111.6475572,40.2507346],[-111.6475591,40.2508104],[-111.6476512,40.2508089],[-111.6477257,40.2508635],[-111.6478272,40.2509375],[-111.6478276,40.2510279],[-111.6479492,40.2510274],[-111.648003,40.2510684],[-111.6480572,40.2510269],[-111.6481856,40.2510272]]]}},{"type":"Feature","id":58670934,"properties":{"osmId":58670934,"category":"academic","addr:city":"Provo","addr:housenumber":"1080","addr:postcode":"84604","addr:state":"UT","addr:street":"North 900 East","amenity:closed":"school","building":"yes","ele":"1417","gnis:feature_id":"1447010","name":"BYU East"},"geometry":{"type":"Polygon","coordinates":[[[-111.6422617,40.2483605],[-111.6423046,40.2482581],[-111.6419988,40.2481639],[-111.641998,40.2479046],[-111.6419988,40.2476357],[-111.6423046,40.2475375],[-111.6422509,40.247431],[-111.6419344,40.247517],[-111.6410976,40.2475129],[-111.6411029,40.2476562],[-111.641634,40.2476521],[-111.641634,40.2478978],[-111.641575,40.2478978],[-111.641575,40.2479838],[-111.6417413,40.2479838],[-111.6417413,40.2481189],[-111.6416072,40.248123],[-111.6416126,40.2481598],[-111.6408508,40.2481598],[-111.6408508,40.24834],[-111.6409957,40.24834],[-111.6409957,40.2482949],[-111.6419022,40.2482868],[-111.6422617,40.2483605]]]}},{"type":"Feature","id":58670935,"properties":{"osmId":58670935,"category":"academic","amenity:closed":"school","building":"yes","name":"Wasatch Too"},"geometry":{"type":"Polygon","coordinates":[[[-111.6413358,40.2488623],[-111.6413344,40.2486103],[-111.6411477,40.2486109],[-111.6411469,40.2484587],[-111.6408948,40.2484595],[-111.6408956,40.248598],[-111.6406959,40.2485986],[-111.6406974,40.2488605],[-111.6407904,40.2488602],[-111.64079,40.2488781],[-111.6407908,40.2489348],[-111.641228,40.2489334],[-111.6412276,40.2488626],[-111.6413358,40.2488623]]]}},{"type":"Feature","id":60110261,"properties":{"osmId":60110261,"category":"academic","building":"carport"},"geometry":{"type":"Polygon","coordinates":[[[-111.6435587,40.2470318],[-111.6433768,40.2470316],[-111.643376,40.2474496],[-111.6435578,40.2474498],[-111.6435587,40.2470318]]]}},{"type":"Feature","id":60110263,"properties":{"osmId":60110263,"category":"academic","addr:housename":"Ezra Taft Benson Building","building":"university","building:levels":"4","name":"Ezra Taft Benson Building"},"geometry":{"type":"Polygon","coordinates":[[[-111.6510727,40.2460238],[-111.651072,40.2458142],[-111.6510714,40.2456439],[-111.6506178,40.2456447],[-111.6506179,40.2456724],[-111.6506179,40.2457744],[-111.6505832,40.2457746],[-111.6505511,40.2457748],[-111.6505506,40.2456712],[-111.6502568,40.2456731],[-111.6502561,40.245702],[-111.6502574,40.2458083],[-111.6501793,40.2458085],[-111.650178,40.2457026],[-111.6497502,40.245707],[-111.6497518,40.24579],[-111.6496992,40.2457906],[-111.6497009,40.2458752],[-111.6497236,40.245875],[-111.6497546,40.2458746],[-111.6497563,40.2459625],[-111.6501812,40.2459587],[-111.6501798,40.2458479],[-111.6502579,40.2458477],[-111.6502593,40.2459581],[-111.6502589,40.2460254],[-111.6502608,40.2463582],[-111.6502619,40.2465402],[-111.6504438,40.2465389],[-111.6505573,40.2465369],[-111.6505519,40.2460234],[-111.650552,40.2458645],[-111.6505866,40.2458643],[-111.6506188,40.2458641],[-111.650619,40.2460247],[-111.6506731,40.2460246],[-111.6506734,40.2460627],[-111.650689,40.2461039],[-111.6507198,40.2461381],[-111.6507598,40.2461617],[-111.6508064,40.2461754],[-111.6508561,40.2461782],[-111.6509056,40.2461697],[-111.6509497,40.2461506],[-111.6509878,40.2461293],[-111.6510063,40.2460966],[-111.651019,40.2460613],[-111.6510186,40.2460239],[-111.6510727,40.2460238]]]}},{"type":"Feature","id":60110266,"properties":{"osmId":60110266,"category":"academic","addr:housename":"Heber J. Grant Building","building":"university","building:levels":"4","loc_name":"Testing Center","name":"Heber J. Grant Building","short_name":"HGB"},"geometry":{"type":"Polygon","coordinates":[[[-111.652786,40.2455211],[-111.65277,40.2454371],[-111.652752,40.2453375],[-111.6524592,40.2453696],[-111.652171,40.2454011],[-111.652191,40.2455038],[-111.652206,40.245587],[-111.652418,40.2455637],[-111.652438,40.2455616],[-111.652446,40.2456039],[-111.652564,40.2455911],[-111.652555,40.2455463],[-111.652786,40.2455211]]]}},{"type":"Feature","id":60110267,"properties":{"osmId":60110267,"category":"academic","building":"yes","building:levels":"4","name":"George H. Brimhall Building","short_name":"BRMB"},"geometry":{"type":"Polygon","coordinates":[[[-111.6526022,40.2460638],[-111.6521668,40.2460582],[-111.6521645,40.2461615],[-111.6521607,40.2463369],[-111.6521873,40.2463372],[-111.6521846,40.2464596],[-111.6523344,40.2464615],[-111.6523347,40.2464462],[-111.6524508,40.2464477],[-111.6524528,40.2463564],[-111.6523874,40.2463556],[-111.6523878,40.2463391],[-111.6525961,40.2463417],[-111.6526022,40.2460638]]]}},{"type":"Feature","id":60110268,"properties":{"osmId":60110268,"category":"academic","building":"university","building:levels":"1","height":"5"},"geometry":{"type":"Polygon","coordinates":[[[-111.6441924,40.2467263],[-111.6441899,40.2463795],[-111.6440055,40.2463802],[-111.6440079,40.246727],[-111.6441924,40.2467263]]]}},{"type":"Feature","id":60110269,"properties":{"osmId":60110269,"category":"academic","addr:housename":"CLARK (J REUBEN) BUILDING (JRCB)","building":"university","name":"J. Reuben Clark Building"},"geometry":{"type":"Polygon","coordinates":[[[-111.6456625,40.2500006],[-111.6456598,40.2495892],[-111.6454947,40.2495899],[-111.6454943,40.2495281],[-111.6454801,40.2495282],[-111.6454794,40.2494255],[-111.6454041,40.2494257],[-111.6454038,40.2493802],[-111.6454495,40.24938],[-111.6454495,40.2493726],[-111.6454377,40.2493727],[-111.6454376,40.2493548],[-111.6454493,40.2493548],[-111.6454492,40.2493443],[-111.6454383,40.2493443],[-111.6454382,40.2493251],[-111.645438,40.2493036],[-111.6454479,40.2493036],[-111.6454478,40.249295],[-111.6454375,40.2492951],[-111.6454373,40.2492777],[-111.6454507,40.2492777],[-111.6454506,40.2492688],[-111.6454019,40.2492691],[-111.6454014,40.249225],[-111.645484,40.2492244],[-111.645483,40.2491275],[-111.6456114,40.2491267],[-111.6456093,40.2489304],[-111.645454,40.2489314],[-111.6451612,40.2489332],[-111.6451622,40.2490214],[-111.6451172,40.2490216],[-111.6451179,40.2490522],[-111.6451179,40.2490908],[-111.6451602,40.2490906],[-111.6451615,40.2492243],[-111.6451013,40.2492246],[-111.6451019,40.2492875],[-111.6451027,40.2493678],[-111.6451033,40.2494362],[-111.6451254,40.2494361],[-111.6451264,40.2495508],[-111.6450089,40.2495514],[-111.6450086,40.2495186],[-111.6449081,40.2495191],[-111.6449118,40.2500054],[-111.6451613,40.2500044],[-111.6451615,40.2500336],[-111.6455115,40.2500321],[-111.6455113,40.2500012],[-111.6456625,40.2500006]]]}},{"type":"Feature","id":60110270,"properties":{"osmId":60110270,"category":"academic","building":"yes","height":"12","name":"William H. Snell Building"},"geometry":{"type":"Polygon","coordinates":[[[-111.645498,40.2476337],[-111.6454958,40.2475158],[-111.6455006,40.2475158],[-111.6455,40.2474836],[-111.6454995,40.2474551],[-111.6455037,40.247455],[-111.6454998,40.2472437],[-111.6454958,40.2472438],[-111.6454952,40.2472125],[-111.6454946,40.2471821],[-111.6454892,40.2471821],[-111.6454869,40.2470647],[-111.6449684,40.2470705],[-111.6449693,40.2471224],[-111.6449254,40.2471229],[-111.6449258,40.2471447],[-111.6449263,40.2471668],[-111.6450506,40.2471654],[-111.6450511,40.2471913],[-111.6450525,40.2472614],[-111.6451858,40.2472599],[-111.6451875,40.2473455],[-111.6451888,40.2474186],[-111.6451057,40.2474195],[-111.6451099,40.247638],[-111.645498,40.2476337]]]}},{"type":"Feature","id":60110271,"properties":{"osmId":60110271,"category":"academic","alt_name":"David M. Kennedy Center","building":"university","name":"Herald R. Clark Building","short_name":"HRCB"},"geometry":{"type":"Polygon","coordinates":[[[-111.6495162,40.247828],[-111.6495124,40.2476096],[-111.6495396,40.2476093],[-111.6495387,40.2475807],[-111.6495378,40.2475507],[-111.6495113,40.2475505],[-111.6495075,40.2473323],[-111.6494237,40.247333],[-111.6494229,40.2473129],[-111.6493464,40.2473135],[-111.649347,40.2473337],[-111.6492618,40.2473344],[-111.6492668,40.2476779],[-111.6489659,40.2476811],[-111.6489697,40.2478326],[-111.6490526,40.2478319],[-111.6490531,40.2478531],[-111.6491313,40.2478516],[-111.6491304,40.2478313],[-111.6493534,40.2478294],[-111.6493534,40.2478502],[-111.6494322,40.247849],[-111.6494321,40.2478287],[-111.6495162,40.247828]]]}},{"type":"Feature","id":60110272,"properties":{"osmId":60110272,"category":"academic","building":"garages"},"geometry":{"type":"Polygon","coordinates":[[[-111.6436774,40.2468747],[-111.6436749,40.2467318],[-111.6433122,40.2467355],[-111.6433148,40.2468784],[-111.6436774,40.2468747]]]}},{"type":"Feature","id":60110273,"properties":{"osmId":60110273,"category":"academic","building":"carport"},"geometry":{"type":"Polygon","coordinates":[[[-111.6439931,40.247207],[-111.6438089,40.2472072],[-111.6438092,40.247418],[-111.6439934,40.2474179],[-111.6439931,40.247207]]]}},{"type":"Feature","id":60110275,"properties":{"osmId":60110275,"category":"academic","addr:housename":"Joseph Knight Building","building":"university","building:levels":"3","name":"Jesse Knight Building","short_name":"JKB","source":"Bing","wikidata":"Q6186528"},"geometry":{"type":"Polygon","coordinates":[[[-111.6508379,40.2502251],[-111.6507969,40.2502261],[-111.6507989,40.2503604],[-111.6504579,40.2503621],[-111.6504418,40.2503625],[-111.6504249,40.2503629],[-111.6501559,40.2503656],[-111.6501382,40.2503658],[-111.6501159,40.2503659],[-111.6501159,40.2503957],[-111.6500082,40.2503986],[-111.650008,40.2503761],[-111.6498477,40.2503763],[-111.6498459,40.2503023],[-111.6498419,40.2501504],[-111.6498409,40.2500768],[-111.6498359,40.2500505],[-111.6498289,40.2495773],[-111.649828,40.2495494],[-111.6498279,40.2495228],[-111.6498279,40.2495103],[-111.6500929,40.2495082],[-111.6500939,40.2495754],[-111.6501199,40.2495752],[-111.6501209,40.2496542],[-111.6500929,40.2496545],[-111.6500969,40.2499361],[-111.6501209,40.2499357],[-111.6501229,40.2499886],[-111.650141,40.2499881],[-111.6501509,40.2499883],[-111.6501509,40.2499981],[-111.6501806,40.2499989],[-111.6502209,40.2499976],[-111.6502219,40.2500944],[-111.6501929,40.2500946],[-111.6501929,40.2501086],[-111.6503019,40.2501077],[-111.6503029,40.2501256],[-111.6503936,40.2501241],[-111.6504159,40.2501251],[-111.6504699,40.2501243],[-111.6505169,40.2501247],[-111.6507679,40.2501219],[-111.6507919,40.2501217],[-111.6507919,40.2501295],[-111.6508359,40.2501283],[-111.6508369,40.2502004],[-111.6508379,40.2502251]]]}},{"type":"Feature","id":60110277,"properties":{"osmId":60110277,"category":"academic","addr:housename":"WILKINSON (ERNEST L) STUDENT CENTER (wsc)","building":"university","building:levels":"5","loc_name":"WILK","name":"Ernest L. Wilkinson Student Center","short_name":"WSC"},"geometry":{"type":"Polygon","coordinates":[[[-111.6483633,40.2486395],[-111.6483552,40.2481441],[-111.6483542,40.248084],[-111.6483536,40.2480474],[-111.6483534,40.2480345],[-111.6483531,40.2480172],[-111.6480989,40.2480196],[-111.6480997,40.2480714],[-111.6478521,40.2480738],[-111.6478512,40.2480232],[-111.6470639,40.2480306],[-111.6470671,40.248227],[-111.6463282,40.248234],[-111.64633,40.2483467],[-111.646277,40.2483472],[-111.6462795,40.2485016],[-111.6463305,40.2485011],[-111.6463367,40.2488899],[-111.646406,40.2488892],[-111.6464337,40.248889],[-111.6464364,40.2490619],[-111.646954,40.2490571],[-111.6471608,40.2490551],[-111.6471898,40.2490549],[-111.6471912,40.2491456],[-111.6472467,40.2491451],[-111.6472463,40.2491186],[-111.6472957,40.2491181],[-111.6472959,40.2491319],[-111.6478218,40.2491269],[-111.6478197,40.249003],[-111.6477898,40.2490033],[-111.6477889,40.2489532],[-111.6478129,40.2489529],[-111.6478116,40.2488735],[-111.6479019,40.2488726],[-111.6479012,40.2488327],[-111.6479007,40.2488014],[-111.6478121,40.2488022],[-111.64781,40.2486749],[-111.6478095,40.2486448],[-111.647984,40.2486432],[-111.648149,40.2486416],[-111.648278,40.2486403],[-111.648324,40.2486399],[-111.6483633,40.2486395]]]}},{"type":"Feature","id":60110278,"properties":{"osmId":60110278,"category":"academic","building":"university","building:levels":"2","building:levels:underground":"1","mapillary":"819605779658189","name":"Thomas L. Martin Building","name:etymology":"Thomas L. Martin","name:etymology:wikidata":"Q26180293","name:etymology:wikipedia":"en:Thomas L. Martin","short_name":"MARB"},"geometry":{"type":"Polygon","coordinates":[[[-111.6494704,40.2470381],[-111.6492244,40.2470411],[-111.6489666,40.2470433],[-111.648963,40.2468655],[-111.6489599,40.2466686],[-111.6491714,40.2466664],[-111.6491718,40.2466241],[-111.6492136,40.246624],[-111.6492512,40.2466239],[-111.649251,40.2466364],[-111.6493405,40.2466363],[-111.6493405,40.2466646],[-111.6494637,40.2466633],[-111.6494673,40.2468647],[-111.6494704,40.2470381]]]}},{"type":"Feature","id":60110279,"properties":{"osmId":60110279,"category":"academic","addr:housename":"Carl F. Eyring Science Center","building":"university","building:levels":"6","name":"Carl F. Eyring Science Center","short_name":"ESC","wikidata":"Q5423013"},"geometry":{"type":"Polygon","coordinates":[[[-111.6506512,40.2467895],[-111.6506562,40.2470387],[-111.6505715,40.2470397],[-111.6504202,40.2470415],[-111.6504215,40.2471036],[-111.6504222,40.2471427],[-111.6504228,40.2471645],[-111.6504234,40.2471863],[-111.6504239,40.2472197],[-111.6504252,40.2472802],[-111.6505065,40.2472792],[-111.6505757,40.2472784],[-111.6506612,40.2472773],[-111.6506679,40.2475166],[-111.6506787,40.2478522],[-111.6504271,40.2478547],[-111.6500842,40.2478583],[-111.6497746,40.2478614],[-111.6497732,40.2477836],[-111.6497704,40.2476226],[-111.6500855,40.2476193],[-111.6502469,40.2476176],[-111.6502463,40.2475829],[-111.6502452,40.2475244],[-111.6500825,40.2475265],[-111.6500701,40.2475267],[-111.6500163,40.2475274],[-111.6498909,40.247529],[-111.6498866,40.2473571],[-111.6498848,40.2472613],[-111.649873,40.2472424],[-111.6498567,40.2472162],[-111.6498399,40.2471892],[-111.6498399,40.2471545],[-111.6498557,40.2471287],[-111.6498712,40.2471034],[-111.6498815,40.2470866],[-111.6498811,40.2470653],[-111.6498818,40.2469861],[-111.6498745,40.2467969],[-111.650002,40.2467952],[-111.6500517,40.2467945],[-111.6500904,40.246794],[-111.6501306,40.2467935],[-111.6504554,40.2467892],[-111.6506512,40.2467895]]]}},{"type":"Feature","id":60110280,"properties":{"osmId":60110280,"category":"academic","building":"university","building:levels":"7","name":"N. Eldon Tanner Building","short_name":"TNRB","wikidata":"Q6951638"},"geometry":{"type":"Polygon","coordinates":[[[-111.652585,40.2502605],[-111.6522183,40.2502639],[-111.6518666,40.2502671],[-111.6518694,40.2504448],[-111.6518721,40.2506148],[-111.6525871,40.2506082],[-111.6525863,40.2505528],[-111.6526944,40.2505518],[-111.6526952,40.2506003],[-111.6531727,40.2505958],[-111.6531673,40.2502647],[-111.6526886,40.2502693],[-111.6526893,40.2503154],[-111.6526387,40.2503159],[-111.6525859,40.2503164],[-111.652585,40.2502605]]]}},{"type":"Feature","id":60110281,"properties":{"osmId":60110281,"category":"academic","building":"university","landuse":"industrial","name":"Central Heating and Cooling Plants","operator":"Brigham Young University (BYU)","plant:method":"combustion","plant:output:electricity":"16.5 MW","plant:output:hot_water":"yes","plant:source":"gas","power":"plant","ref:US:EIA":"63423","source":"U.S. Energy Information Administration - EIA-860 - 2021","start_date":"2019-02"},"geometry":{"type":"Polygon","coordinates":[[[-111.6460892,40.2470577],[-111.6460938,40.2473586],[-111.6464608,40.2473554],[-111.6464619,40.2474276],[-111.6466234,40.2474251],[-111.6469135,40.2474236],[-111.6469106,40.2472312],[-111.6466297,40.2472337],[-111.6466295,40.2472196],[-111.646555,40.2472203],[-111.6465545,40.247189],[-111.646452,40.2471899],[-111.6464501,40.247066],[-111.6463175,40.2470672],[-111.6463138,40.2468252],[-111.6461844,40.2468264],[-111.6461852,40.2468749],[-111.646105,40.2468757],[-111.6461078,40.2470575],[-111.6460892,40.2470577]]]}},{"type":"Feature","id":60110283,"properties":{"osmId":60110283,"category":"academic","building":"university","name":"B-66 Classroom/Lab Building"},"geometry":{"type":"Polygon","coordinates":[[[-111.6447498,40.2474076],[-111.6447474,40.2470747],[-111.6444572,40.2470759],[-111.6444574,40.2471045],[-111.6443948,40.2471048],[-111.644397,40.2474091],[-111.6447498,40.2474076]]]}},{"type":"Feature","id":60110285,"properties":{"osmId":60110285,"category":"academic","building":"university","building:levels":"4","name":"Roland A. Crabtree Technology Building","short_name":"CTB"},"geometry":{"type":"Polygon","coordinates":[[[-111.6468519,40.2478479],[-111.6468497,40.2475965],[-111.6469472,40.247596],[-111.6469458,40.2474294],[-111.6469135,40.2474236],[-111.6466234,40.2474251],[-111.6466249,40.2475964],[-111.646125,40.247599],[-111.6461262,40.2477457],[-111.6461263,40.2477666],[-111.6461266,40.2478051],[-111.6461272,40.2478515],[-111.6468519,40.2478479]]]}},{"type":"Feature","id":60110287,"properties":{"osmId":60110287,"category":"academic","building":"university","building:levels":"5","building:levels:underground":"1","layer":"1","max_level":"3","min_level":"-1","name":"W. W. Clyde Engineering Building","roof:shape":"flat","short_name":"CB"},"geometry":{"type":"Polygon","coordinates":[[[-111.6483679,40.2473107],[-111.6483655,40.2470902],[-111.648456,40.2470881],[-111.6484548,40.2470317],[-111.6484519,40.2467629],[-111.6484507,40.2467042],[-111.6483598,40.2467049],[-111.6483586,40.2465899],[-111.6482517,40.2465906],[-111.6481879,40.246591],[-111.6477856,40.2465935],[-111.6477867,40.2466991],[-111.6477908,40.2470808],[-111.6476554,40.2470817],[-111.647658,40.2473167],[-111.6481424,40.2473137],[-111.6481428,40.2473509],[-111.648256,40.2473502],[-111.6482556,40.2473114],[-111.6483679,40.2473107]]]}},{"type":"Feature","id":60110291,"properties":{"osmId":60110291,"category":"academic","building":"university","name":"Chemicals Management Building"},"geometry":{"type":"Polygon","coordinates":[[[-111.6447378,40.2478028],[-111.6447357,40.247693],[-111.6447227,40.2476931],[-111.6445475,40.2476951],[-111.6445465,40.2476424],[-111.6445456,40.2475932],[-111.6444039,40.2475948],[-111.644408,40.2478025],[-111.644343,40.2478032],[-111.644345,40.2479071],[-111.6445272,40.2479051],[-111.6445269,40.247893],[-111.6445253,40.2478051],[-111.6447378,40.2478028]]]}},{"type":"Feature","id":60110293,"properties":{"osmId":60110293,"category":"academic","building":"university","building:levels":"3","name":"David O. McKay Building","short_name":"MCKB"},"geometry":{"type":"Polygon","coordinates":[[[-111.6517031,40.2476909],[-111.6516893,40.2468742],[-111.651687,40.2467377],[-111.6519197,40.2467354],[-111.6519204,40.2467779],[-111.6521493,40.2467756],[-111.6521514,40.2469005],[-111.6519317,40.2469027],[-111.651945,40.2476885],[-111.6517031,40.2476909]]]}},{"type":"Feature","id":60110296,"properties":{"osmId":60110296,"category":"academic","building":"university","name":"Karl G. Maeser Building","wikidata":"Q6729296"},"geometry":{"type":"Polygon","coordinates":[[[-111.6535391,40.2452238],[-111.6533969,40.2452825],[-111.6534314,40.2453313],[-111.6534038,40.2453428],[-111.6534537,40.2454133],[-111.6534788,40.2454487],[-111.6534975,40.2454751],[-111.6535128,40.2454967],[-111.6535538,40.2454798],[-111.6535975,40.2455415],[-111.653722,40.2454901],[-111.6536764,40.2454257],[-111.6537022,40.245415],[-111.6536585,40.2453534],[-111.6536061,40.2452794],[-111.6535847,40.2452882],[-111.6535391,40.2452238]]]}},{"type":"Feature","id":60110297,"properties":{"osmId":60110297,"category":"academic","building":"university","name":"Joseph K. Nicholes Building"},"geometry":{"type":"Polygon","coordinates":[[[-111.6504494,40.2467131],[-111.6504438,40.2465389],[-111.6502619,40.2465402],[-111.6502608,40.2463582],[-111.6499841,40.2463615],[-111.6499909,40.2466434],[-111.6499927,40.2467195],[-111.6500495,40.2467187],[-111.6500872,40.2467182],[-111.6501285,40.2467176],[-111.6504494,40.2467131]]]}},{"type":"Feature","id":60110299,"properties":{"osmId":60110299,"category":"academic","addr:housename":"Talmage Math Sciences / Computer Building","building":"university","building:levels":"4","layer":"1","name":"James E. Talmage Math Sciences / Computer Building","roof:levels":"0","short_name":"TMCB"},"geometry":{"type":"Polygon","coordinates":[[[-111.6511228,40.2498607],[-111.6511182,40.2495817],[-111.6510554,40.2495828],[-111.6510558,40.2495633],[-111.6510558,40.2495553],[-111.6510558,40.2495255],[-111.6510478,40.2495256],[-111.6510478,40.2495054],[-111.6510473,40.249463],[-111.6511023,40.249463],[-111.6511645,40.2494629],[-111.6515299,40.2494586],[-111.6515294,40.2494031],[-111.6515649,40.2494025],[-111.6515632,40.2492349],[-111.6515253,40.2492351],[-111.651525,40.2492118],[-111.6515255,40.2491781],[-111.6515208,40.2491778],[-111.651162,40.2491813],[-111.6511626,40.2492132],[-111.6510617,40.2492153],[-111.6510606,40.2491809],[-111.6508343,40.249183],[-111.650645,40.249185],[-111.6505334,40.2491861],[-111.6504494,40.249187],[-111.6504513,40.2493623],[-111.6504716,40.2493627],[-111.6505378,40.2493622],[-111.6505382,40.2493921],[-111.6505374,40.2494353],[-111.6505412,40.2496393],[-111.6505155,40.2496384],[-111.650477,40.2496387],[-111.6504689,40.2496385],[-111.6504737,40.2498695],[-111.6507188,40.2498669],[-111.6509878,40.2498647],[-111.650988,40.2498609],[-111.6510715,40.249861],[-111.6511228,40.2498607]]]}},{"type":"Feature","id":60114488,"properties":{"osmId":60114488,"category":"academic","addr:housename":"John Taylor Building","building":"yes","building:levels":"2","description":"Has LDS family services and BYU grad student run therapy.","name":"Taylor Building","short_name":"TLRB"},"geometry":{"type":"Polygon","coordinates":[[[-111.6428814,40.2493658],[-111.6427082,40.2493677],[-111.6426626,40.2494008],[-111.6426651,40.2495339],[-111.6424079,40.2495367],[-111.6424083,40.2495612],[-111.6422825,40.2495626],[-111.6422767,40.2492499],[-111.6424957,40.2492476],[-111.6424926,40.2490787],[-111.6427475,40.249076],[-111.642747,40.2490483],[-111.6428753,40.2490469],[-111.6428814,40.2493658]]]}},{"type":"Feature","id":61439103,"properties":{"osmId":61439103,"category":"religious","addr:city":"Provo","addr:housenumber":"2200","addr:postcode":"84604","addr:state":"UT","addr:street":"Temple Hill Drive","amenity":"place_of_worship","building":"construction","construction":"temple","denomination":"latter_day_saints","name":"Provo Utah Rock Canyon Temple","operator":"The Church of Jesus Christ of Latter-day Saints","operator:wikidata":"Q42504","phone":"+18013755775","religion":"christian","website":"https://www.churchofjesuschrist.org/temples/details/provo-utah-rock-canyon-temple","wikidata":"Q1507167","wikipedia":"en:Provo Utah Temple"},"geometry":{"type":"Polygon","coordinates":[[[-111.6402682,40.2638423],[-111.6400163,40.263361],[-111.639904,40.2633903],[-111.639867,40.2633203],[-111.6398541,40.2633239],[-111.6397981,40.2633391],[-111.6398099,40.2633673],[-111.6396304,40.2634224],[-111.6396418,40.2634449],[-111.6395803,40.2634626],[-111.6395913,40.2634862],[-111.6393287,40.2635652],[-111.6394175,40.2637355],[-111.6393996,40.2637483],[-111.6394169,40.2637588],[-111.6394363,40.2637759],[-111.6394545,40.2638011],[-111.639465,40.2638242],[-111.639469,40.2638471],[-111.639466,40.2638751],[-111.6394913,40.2638763],[-111.6395798,40.2640448],[-111.6402682,40.2638423]]]}},{"type":"Feature","id":83852436,"properties":{"osmId":83852436,"category":"academic","building":"university","name":"Caroline Hemenway Harman Building"},"geometry":{"type":"Polygon","coordinates":[[[-111.6451172,40.2558812],[-111.6452618,40.2558795],[-111.6452611,40.2558447],[-111.6452605,40.255815],[-111.6456884,40.25581],[-111.6456888,40.2558309],[-111.6457524,40.2558301],[-111.6457552,40.2559969],[-111.6457581,40.2561341],[-111.6457607,40.2562556],[-111.6457645,40.2564361],[-111.6455507,40.2564386],[-111.6455163,40.256439],[-111.6455159,40.2564175],[-111.6453654,40.2564192],[-111.6453657,40.2564364],[-111.6452703,40.2564375],[-111.6452702,40.2564317],[-111.6451282,40.2564333],[-111.6451172,40.2558812]]]}},{"type":"Feature","id":83852438,"properties":{"osmId":83852438,"category":"academic","building":"university","name":"BYU Conference Center","short_name":"CONF"},"geometry":{"type":"Polygon","coordinates":[[[-111.6457545,40.2558092],[-111.6456884,40.25581],[-111.6452605,40.255815],[-111.6452571,40.255652],[-111.6452551,40.2555522],[-111.6452538,40.2554857],[-111.6452517,40.2553864],[-111.6452489,40.2552485],[-111.6453109,40.2552477],[-111.645655,40.2552437],[-111.6457432,40.2552427],[-111.6457545,40.2558092]]]}},{"type":"Feature","id":83852440,"properties":{"osmId":83852440,"category":"academic","addr:city":"Provo","addr:housenumber":"645","addr:postcode":"84602","addr:state":"UT","addr:street":"East 1430 North","building":"yes","fee":"no","name":"Monte L. Bean Life Science Museum","opening_hours":"Mo-Sa 10:00-21:00; Su 10:00-17:00","short_name":"MLBM","tourism":"museum","website":"https://mlbean.byu.edu/","wikidata":"Q6904799"},"geometry":{"type":"Polygon","coordinates":[[[-111.6477769,40.253635],[-111.6477723,40.2532111],[-111.6468744,40.2532167],[-111.6468789,40.2536406],[-111.6477769,40.253635]]]}},{"type":"Feature","id":83857518,"properties":{"osmId":83857518,"category":"athletic","addr:city":"Provo","addr:housenumber":"500","addr:postcode":"84602","addr:state":"UT","addr:street":"East University Parkway","building":"yes","capacity":"22,700","layer":"1","leisure":"stadium","name":"Marriott Center","operator":"Brigham Young University","short_name":"MC","sport":"basketball"},"geometry":{"type":"Polygon","coordinates":[[[-111.6500184,40.2545217],[-111.6499774,40.2545369],[-111.6493445,40.2545426],[-111.6487324,40.2545494],[-111.6486914,40.2545357],[-111.6486704,40.2545015],[-111.6486634,40.254084],[-111.6486574,40.2536431],[-111.6486754,40.2536131],[-111.6487164,40.2535955],[-111.6499664,40.2535817],[-111.6500064,40.2535961],[-111.6500274,40.253625],[-111.6500394,40.2544864],[-111.6500184,40.2545217]]]}},{"type":"Feature","id":83861531,"properties":{"osmId":83861531,"category":"academic","building":"university","name":"Student Athlete Building","short_name":"SAB"},"geometry":{"type":"Polygon","coordinates":[[[-111.6559059,40.2479536],[-111.6549103,40.2479596],[-111.6549049,40.2480146],[-111.6548993,40.2480723],[-111.6545665,40.2480768],[-111.6545755,40.2483303],[-111.6549081,40.2483958],[-111.6551656,40.2483958],[-111.6555518,40.2483794],[-111.6557986,40.2483385],[-111.6557878,40.2481337],[-111.655938,40.2481337],[-111.6559059,40.2479536]]]}},{"type":"Feature","id":83861532,"properties":{"osmId":83861532,"category":"academic","addr:city":"Provo","addr:housenumber":"15","addr:postcode":"84604","addr:state":"UT","addr:street":"Field House Drive","building":"university","building:levels":"3","name":"Stephen L. Richards Building","short_name":"RB"},"geometry":{"type":"Polygon","coordinates":[[[-111.6538397,40.2498443],[-111.6539372,40.2492575],[-111.6540963,40.2492729],[-111.6541921,40.248696],[-111.6540342,40.2486807],[-111.6541105,40.2482216],[-111.6538315,40.2481946],[-111.6538377,40.2481569],[-111.6535824,40.2481321],[-111.6532772,40.2481025],[-111.6532526,40.2482505],[-111.6532202,40.2484449],[-111.6529904,40.2484226],[-111.6528445,40.2492995],[-111.6527616,40.2492915],[-111.6527366,40.2494416],[-111.6527767,40.2494455],[-111.6527722,40.2494724],[-111.652808,40.2494759],[-111.6528064,40.2494854],[-111.6527579,40.2497758],[-111.6528208,40.249782],[-111.6528219,40.2497753],[-111.6528445,40.2497775],[-111.652842,40.2497923],[-111.6529914,40.2498067],[-111.652995,40.2497847],[-111.6535532,40.2498388],[-111.6535568,40.2498169],[-111.6538397,40.2498443]]]}},{"type":"Feature","id":83861536,"properties":{"osmId":83861536,"category":"academic","building":"university","name":"Gordon B. Hinckley Alumni and Visitors Center","wikidata":"Q5584833"},"geometry":{"type":"Polygon","coordinates":[[[-111.6514936,40.2521519],[-111.6516839,40.2521523],[-111.6518086,40.2521526],[-111.6518086,40.2521293],[-111.651809,40.2520309],[-111.6518092,40.2519856],[-111.6519166,40.2519858],[-111.6519177,40.2517013],[-111.6518559,40.2517012],[-111.6518571,40.251375],[-111.6515472,40.2513743],[-111.651547,40.2514257],[-111.6515457,40.251772],[-111.6515456,40.2517977],[-111.6515737,40.2517977],[-111.6515735,40.2518506],[-111.6515733,40.2519045],[-111.6515249,40.2519044],[-111.6515247,40.2519451],[-111.6514944,40.251945],[-111.6514942,40.2519867],[-111.6514936,40.2521519]]]}},{"type":"Feature","id":83861538,"properties":{"osmId":83861538,"category":"academic","building":"university","name":"Tennis Courts Building","sport":"tennis"},"geometry":{"type":"Polygon","coordinates":[[[-111.6543081,40.247006],[-111.6542948,40.2463104],[-111.6538416,40.2463155],[-111.6538526,40.2468869],[-111.653855,40.2470111],[-111.6543081,40.247006]]]}},{"type":"Feature","id":83861539,"properties":{"osmId":83861539,"category":"other","addr:city":"Provo","addr:housenumber":"1683","addr:postcode":"84602","addr:state":"UT","addr:street":"North Canyon Road","building":"yes","name":"BYU Museum of Paleontology","opening_hours":"Mo-Fr 09:00-17:00","operator":"Brigham Young University","operator:type":"private","tourism":"museum","website":"https://geology.byu.edu/museum/"},"geometry":{"type":"Polygon","coordinates":[[[-111.6572864,40.2563293],[-111.6567089,40.2563223],[-111.6567054,40.2564902],[-111.6567351,40.2564906],[-111.6567337,40.2565576],[-111.6568122,40.2565585],[-111.6568136,40.2564949],[-111.6569814,40.2564969],[-111.6569809,40.2565242],[-111.6569293,40.2565235],[-111.6569255,40.2567052],[-111.6571472,40.2567079],[-111.6571509,40.2565296],[-111.6571006,40.256529],[-111.6571013,40.2564994],[-111.6572828,40.2565016],[-111.6572864,40.2563293]]]}},{"type":"Feature","id":83861597,"properties":{"osmId":83861597,"category":"academic","addr:city":"Provo","addr:state":"UT","building":"school","name":"University Parkway Center"},"geometry":{"type":"Polygon","coordinates":[[[-111.6582205,40.2565289],[-111.658224,40.2562335],[-111.6582591,40.2562337],[-111.6582606,40.2561095],[-111.6582247,40.2561092],[-111.658225,40.2560827],[-111.6581201,40.256082],[-111.6581203,40.2560606],[-111.6579597,40.2560595],[-111.6579595,40.2560791],[-111.6579351,40.2560789],[-111.6579358,40.2560263],[-111.6578558,40.2560258],[-111.6578542,40.2561695],[-111.6578341,40.2561693],[-111.6578328,40.2562808],[-111.6578701,40.256281],[-111.6578685,40.2564192],[-111.6578883,40.2564193],[-111.6578872,40.256518],[-111.6579597,40.2565185],[-111.6579594,40.2565421],[-111.6580023,40.2565424],[-111.6580022,40.2565515],[-111.6580801,40.256552],[-111.6580802,40.2565395],[-111.6581242,40.2565398],[-111.6581243,40.2565283],[-111.6582205,40.2565289]]]}},{"type":"Feature","id":83863016,"properties":{"osmId":83863016,"category":"other","addr:city":"Provo","addr:housenumber":"2201 N","addr:postcode":"84602","addr:state":"UT","addr:street":"Canyon Road","building":"yes","name":"BYU Museum of Peoples and Cultures","opening_hours":"Mo-Fr 09:00-17:00, Tu 09:00-19:00","operator":"Brigham Young University","operator:type":"private","tourism":"museum","website":"https://mpc.byu.edu/"},"geometry":{"type":"Polygon","coordinates":[[[-111.658132,40.263214],[-111.6581327,40.2627752],[-111.657509,40.2627747],[-111.6575085,40.2632135],[-111.658132,40.263214]]]}},{"type":"Feature","id":83863017,"properties":{"osmId":83863017,"category":"academic","building":"university","name":"Leo B. Ellsworth Building","operator":"Brigham Young University"},"geometry":{"type":"Polygon","coordinates":[[[-111.6599259,40.2648236],[-111.6600019,40.2645593],[-111.6599226,40.264546],[-111.6599715,40.2643756],[-111.6598885,40.2643617],[-111.6599137,40.2642737],[-111.6590048,40.2641215],[-111.6588788,40.2645596],[-111.6593248,40.2646343],[-111.6593004,40.2647188],[-111.6599259,40.2648236]]]}},{"type":"Feature","id":83863018,"properties":{"osmId":83863018,"category":"academic","building":"yes","name":"Student Auxiliary Services Building"},"geometry":{"type":"Polygon","coordinates":[[[-111.6466239,40.2578772],[-111.64616,40.2578841],[-111.6461424,40.2572037],[-111.6464661,40.2571988],[-111.6464617,40.2570312],[-111.6466997,40.2571818],[-111.646996,40.2571774],[-111.6470041,40.2574952],[-111.6466143,40.2575009],[-111.6466239,40.2578772]]]}},{"type":"Feature","id":83863019,"properties":{"osmId":83863019,"category":"academic","building":"university","name":"University Press Building","operator":"Brigham Young University"},"geometry":{"type":"Polygon","coordinates":[[[-111.6461654,40.2581483],[-111.64616,40.2578841],[-111.6461424,40.2572037],[-111.6464661,40.2571988],[-111.6464617,40.2570312],[-111.6464594,40.256939],[-111.6459641,40.2569462],[-111.6455781,40.2569518],[-111.6455858,40.2572617],[-111.6457502,40.2572593],[-111.6457723,40.2581539],[-111.6461654,40.2581483]]]}},{"type":"Feature","id":83863110,"properties":{"osmId":83863110,"category":"academic","building":"school","name":"Centennial Middle School"},"geometry":{"type":"Polygon","coordinates":[[[-111.6521879,40.2655061],[-111.6522019,40.2657734],[-111.652345,40.2657716],[-111.6523478,40.2657924],[-111.652657,40.2657893],[-111.6526565,40.265811],[-111.6529638,40.2658032],[-111.6529688,40.2657152],[-111.6531253,40.2657034],[-111.6532034,40.265774],[-111.6533825,40.2656735],[-111.6534156,40.2657032],[-111.6536529,40.2655731],[-111.6537217,40.2656327],[-111.653681,40.2656603],[-111.6537476,40.2657311],[-111.6537911,40.2657067],[-111.6538444,40.2657595],[-111.6539718,40.2656925],[-111.6541378,40.2656052],[-111.6543319,40.2655031],[-111.6543506,40.2654933],[-111.6540506,40.2651952],[-111.6539362,40.2652478],[-111.6538218,40.265122],[-111.6542796,40.264864],[-111.6544608,40.2650399],[-111.6545676,40.2649926],[-111.654527,40.2649617],[-111.6545448,40.2649469],[-111.6545539,40.2649393],[-111.6545303,40.26491],[-111.6545236,40.2649016],[-111.6545675,40.2648779],[-111.6545117,40.2648208],[-111.6545899,40.2647817],[-111.6545518,40.2647459],[-111.6545413,40.264736],[-111.6546026,40.2647035],[-111.6545232,40.2646278],[-111.654297,40.2647575],[-111.6539272,40.2643824],[-111.6538349,40.2643656],[-111.6537302,40.2643736],[-111.6531807,40.2646977],[-111.6535754,40.2650894],[-111.6535976,40.2651114],[-111.6534301,40.2652135],[-111.6533959,40.2651785],[-111.6529882,40.2654203],[-111.6530504,40.265476],[-111.6529572,40.2655276],[-111.6530748,40.2656482],[-111.6528537,40.2656711],[-111.6528387,40.2655584],[-111.6527915,40.2655498],[-111.6527915,40.2654967],[-111.6521879,40.2655061]]]}},{"type":"Feature","id":83863179,"properties":{"osmId":83863179,"category":"other","addr:city":"Provo","addr:housenumber":"1485 North 700 East","addr:postcode":"84604","addr:state":"UT","addr:street":"East 1550 North","building":"yes","contact:website":"https://dining.byu.edu/csc/","name":"Culinary Support Center","opening_hours":"Mo-Fr 08:00-19:00; Sa 09:00-19:00","operator":"Brigham Young University","phone":"+18014223243"},"geometry":{"type":"Polygon","coordinates":[[[-111.6459299,40.2543021],[-111.6458993,40.2543024],[-111.6458998,40.2543253],[-111.6458259,40.254326],[-111.6458269,40.2543789],[-111.645786,40.2543793],[-111.6457866,40.2544215],[-111.6457871,40.2544389],[-111.6457876,40.2544567],[-111.6457882,40.2544981],[-111.6458286,40.2544977],[-111.6458296,40.2545521],[-111.6458597,40.2545517],[-111.6458599,40.2545627],[-111.6458511,40.2545628],[-111.6458535,40.2546999],[-111.6460663,40.2546977],[-111.6460654,40.2546484],[-111.6460551,40.2546485],[-111.6460548,40.2546352],[-111.646139,40.2546343],[-111.6461391,40.2546371],[-111.6462079,40.2546365],[-111.6462078,40.2546335],[-111.6463675,40.254632],[-111.6463675,40.2546344],[-111.6464336,40.2546338],[-111.6464335,40.2546312],[-111.6465926,40.2546296],[-111.6465926,40.2546321],[-111.6466618,40.2546314],[-111.6466602,40.2545397],[-111.6465928,40.2545404],[-111.6465915,40.2544648],[-111.6465888,40.2543146],[-111.6464633,40.2543159],[-111.6464628,40.2542917],[-111.6464624,40.2542676],[-111.6462627,40.2542696],[-111.6462631,40.2542899],[-111.6459298,40.2542935],[-111.6459299,40.2543021]]]}},{"type":"Feature","id":83863361,"properties":{"osmId":83863361,"category":"academic","addr:housename":"Creamery on Ninth East","amenity":"ice_cream","building":"retail","building:levels":"1","name":"BYU Creamery on Ninth East","opening_hours":"Sep-Apr Mo-Th 07:00-23:00, Sep-Apr Fr,Sa 07:00-12:00; Sep-Apr Su off, Apr-Aug Mo-Th 07:00-22:00, Apr-Aug Fr,Sa 07:00-23:00; Apr-Aug Su off","roof:levels":"0","roof:shape":"quadruple_saltbox"},"geometry":{"type":"Polygon","coordinates":[[[-111.6442461,40.2505561],[-111.6447254,40.2505534],[-111.6447234,40.2503597],[-111.6445574,40.2503607],[-111.6445559,40.250218],[-111.6444676,40.2502186],[-111.6444672,40.2501774],[-111.6442423,40.2501787],[-111.6442461,40.2505561]]]}},{"type":"Feature","id":83863559,"properties":{"osmId":83863559,"category":"academic","addr:city":"Provo","addr:housenumber":"700","addr:postcode":"84604","addr:state":"UT","addr:street":"East 1430 North","building":"yes","layer":"1","name":"BYU Bell Tower"},"geometry":{"type":"Polygon","coordinates":[[[-111.6477703,40.2528415],[-111.6477666,40.2526809],[-111.647741,40.2526812],[-111.647486,40.2526846],[-111.6474883,40.2528436],[-111.6477703,40.2528415]]]}},{"type":"Feature","id":88535155,"properties":{"osmId":88535155,"category":"religious","addr:city":"Provo","addr:postcode":"84604","addr:state":"UT","building":"pavilion","layer":"1","source":"bing"},"geometry":{"type":"Polygon","coordinates":[[[-111.6356531,40.2473923],[-111.6356393,40.2473658],[-111.6356347,40.2473571],[-111.6356304,40.2473489],[-111.6355704,40.247234],[-111.6354612,40.2472672],[-111.6354749,40.2472934],[-111.6355439,40.2474256],[-111.6356531,40.2473923]]]}},{"type":"Feature","id":88535164,"properties":{"osmId":88535164,"category":"religious","addr:city":"Provo","addr:housenumber":"1038","addr:postcode":"84604","addr:state":"UT","addr:street":"North 1200 East","amenity":"place_of_worship","building":"yes","denomination":"mormon","ele":"1408","gnis:feature_id":"1450685","name":"The Church of Jesus Christ of Latter-day Saints","religion":"christian","source":"bing"},"geometry":{"type":"Polygon","coordinates":[[[-111.6364362,40.2471354],[-111.6363505,40.2471621],[-111.6362855,40.2471824],[-111.6362038,40.2472078],[-111.6361343,40.2472295],[-111.6361553,40.2472688],[-111.636191,40.2473355],[-111.6361945,40.2473419],[-111.636198,40.2473485],[-111.6362056,40.2473627],[-111.6362733,40.2474892],[-111.6362479,40.2474971],[-111.6362696,40.2475377],[-111.6362772,40.2475518],[-111.6363044,40.2476027],[-111.6363302,40.2475946],[-111.6363433,40.2476192],[-111.6363629,40.2476557],[-111.6363838,40.2476948],[-111.6364483,40.2476747],[-111.6366118,40.2476238],[-111.6366851,40.2476009],[-111.636638,40.247513],[-111.6366304,40.2474988],[-111.6366574,40.2474904],[-111.6366287,40.2474367],[-111.6366,40.2473831],[-111.6365732,40.2473914],[-111.6364941,40.2472435],[-111.6364362,40.2471354]]]}},{"type":"Feature","id":88535165,"properties":{"osmId":88535165,"category":"religious","addr:city":"Provo","addr:housenumber":"965","addr:postcode":"84604","addr:state":"UT","addr:street":"North Locust Lane","amenity":"place_of_worship","building":"church","denomination":"mormon","name":"The Church of Jesus Christ of Latter-day Saints","religion":"christian","source":"bing"},"geometry":{"type":"Polygon","coordinates":[[[-111.6355873,40.2469662],[-111.6355636,40.2469207],[-111.6355786,40.2469162],[-111.6356019,40.2469091],[-111.6355975,40.2469007],[-111.6355896,40.2468856],[-111.6355772,40.2468617],[-111.6355377,40.2468737],[-111.6354463,40.2466981],[-111.635506,40.24668],[-111.6354899,40.246649],[-111.6354758,40.246622],[-111.6354666,40.2466043],[-111.6354447,40.2465622],[-111.6353861,40.24658],[-111.6353307,40.2464736],[-111.635259,40.2464954],[-111.6352426,40.2464639],[-111.6350903,40.2465101],[-111.6351062,40.2465407],[-111.6350972,40.2465434],[-111.6350301,40.2465638],[-111.6350854,40.2466701],[-111.6350284,40.2466874],[-111.6350602,40.2467485],[-111.6350897,40.2468053],[-111.6351447,40.2467886],[-111.635189,40.2468738],[-111.6352366,40.2469653],[-111.6352022,40.2469757],[-111.6352162,40.2470025],[-111.6352259,40.2470213],[-111.6352597,40.247011],[-111.6352842,40.2470581],[-111.6353896,40.2470261],[-111.6355873,40.2469662]]]}},{"type":"Feature","id":88540056,"properties":{"osmId":88540056,"category":"academic","building":"university","name":"Howard S. McDonald Building","source":"bing"},"geometry":{"type":"Polygon","coordinates":[[[-111.6487968,40.245783],[-111.6487961,40.2457076],[-111.6487958,40.245675],[-111.6487708,40.2456752],[-111.6487708,40.2456455],[-111.6482628,40.2456469],[-111.6479119,40.2455825],[-111.6478743,40.2456934],[-111.6479063,40.2456973],[-111.6482624,40.2457684],[-111.6482553,40.2457878],[-111.6482948,40.2457871],[-111.6484458,40.2457879],[-111.6484458,40.2457647],[-111.6486088,40.2457651],[-111.6486208,40.2457651],[-111.6486218,40.2457871],[-111.6487748,40.2457865],[-111.6487748,40.245783],[-111.6487968,40.245783]]]}},{"type":"Feature","id":99251053,"properties":{"osmId":99251053,"category":"athletic","building":"yes","content":"water","man_made":"storage_tank","source":"bing"},"geometry":{"type":"Polygon","coordinates":[[[-111.6421167,40.2610685],[-111.6421561,40.2611409],[-111.6422231,40.2612005],[-111.642311,40.2612412],[-111.6424111,40.2612591],[-111.6425136,40.2612524],[-111.6426082,40.2612218],[-111.6426857,40.2611702],[-111.6427385,40.2611028],[-111.6427611,40.2610263],[-111.6427491,40.2609413],[-111.6427002,40.2608644],[-111.6426202,40.2608046],[-111.6425184,40.2607689],[-111.6424068,40.2607615],[-111.6422985,40.2607832],[-111.6422061,40.2608317],[-111.6421406,40.260901],[-111.6421096,40.2609832],[-111.6421167,40.2610685]]]}},{"type":"Feature","id":114449183,"properties":{"osmId":114449183,"category":"residential","building":"dormitory","name":"Stover Hall"},"geometry":{"type":"Polygon","coordinates":[[[-111.6545825,40.2524316],[-111.6542767,40.25271],[-111.6542419,40.2526875],[-111.6542311,40.2526971],[-111.6541828,40.2527489],[-111.654148,40.2527243],[-111.6538395,40.2530007],[-111.6538127,40.2529782],[-111.6537993,40.2529966],[-111.653743,40.2529618],[-111.6537644,40.2529434],[-111.6537081,40.2529126],[-111.6540085,40.2526445],[-111.6539149,40.2525857],[-111.6540061,40.25251],[-111.6540628,40.25255],[-111.654156,40.2526117],[-111.6544537,40.2523477],[-111.6544752,40.252362],[-111.6544967,40.2523395],[-111.6545557,40.2523743],[-111.6545315,40.2523988],[-111.6545511,40.2524114],[-111.6545825,40.2524316]]]}},{"type":"Feature","id":114449184,"properties":{"osmId":114449184,"category":"residential","building":"dormitory","name":"Hinckley Hall"},"geometry":{"type":"Polygon","coordinates":[[[-111.6544422,40.2511498],[-111.6541483,40.2514163],[-111.6542414,40.2514761],[-111.6541509,40.2515582],[-111.6540207,40.2514746],[-111.6539899,40.2514548],[-111.6537023,40.2517157],[-111.6536693,40.2516945],[-111.6536506,40.2517114],[-111.6535791,40.2516655],[-111.6536015,40.2516451],[-111.6535759,40.2516287],[-111.6538415,40.2513879],[-111.6537892,40.2513543],[-111.6538283,40.2513189],[-111.6538574,40.2512924],[-111.6539165,40.2513303],[-111.6539851,40.2512681],[-111.6540409,40.2513039],[-111.6540673,40.2512791],[-111.6543007,40.2510682],[-111.6543254,40.2510841],[-111.6543517,40.2510602],[-111.6544118,40.2510988],[-111.6543915,40.2511172],[-111.6544062,40.2511266],[-111.6544422,40.2511498]]]}},{"type":"Feature","id":114449185,"properties":{"osmId":114449185,"category":"residential","building":"dormitory","name":"Merrill Hall"},"geometry":{"type":"Polygon","coordinates":[[[-111.6530434,40.2538318],[-111.6529364,40.2535628],[-111.6529124,40.2535027],[-111.6529634,40.2534907],[-111.6529314,40.2534122],[-111.6529704,40.2534033],[-111.6528284,40.2530483],[-111.6528064,40.2530536],[-111.6527664,40.2530629],[-111.6527574,40.2530403],[-111.6526944,40.2530548],[-111.6527054,40.2530814],[-111.6526684,40.2530899],[-111.6528024,40.253423],[-111.6525904,40.2534724],[-111.6526284,40.2535678],[-111.6527444,40.2535408],[-111.6528774,40.2538731],[-111.6529404,40.2538583],[-111.6529504,40.253884],[-111.6529844,40.2538762],[-111.6530204,40.2538678],[-111.6530094,40.2538398],[-111.6530434,40.2538318]]]}},{"type":"Feature","id":114449186,"properties":{"osmId":114449186,"category":"residential","building":"dormitory","name":"Chipman Hall"},"geometry":{"type":"Polygon","coordinates":[[[-111.6554085,40.2516641],[-111.6553751,40.2516437],[-111.6553348,40.2516867],[-111.6549835,40.2514615],[-111.6549057,40.2515352],[-111.6548064,40.2514676],[-111.6549029,40.2513775],[-111.6549379,40.2513448],[-111.6545919,40.2511196],[-111.654616,40.2511012],[-111.6545892,40.2510807],[-111.6546393,40.2510379],[-111.6546471,40.251031],[-111.6546562,40.2510234],[-111.6546804,40.2510357],[-111.6547018,40.2510172],[-111.6550408,40.2512421],[-111.6550666,40.2512588],[-111.6550425,40.2512834],[-111.655052,40.2512889],[-111.6551203,40.2513284],[-111.6550907,40.251355],[-111.6554447,40.2515945],[-111.6554232,40.251613],[-111.65545,40.2516334],[-111.6554085,40.2516641]]]}},{"type":"Feature","id":114449187,"properties":{"osmId":114449187,"category":"residential","building":"dormitory","name":"David John Hall"},"geometry":{"type":"Polygon","coordinates":[[[-111.6547052,40.2515749],[-111.654668,40.2516075],[-111.6546595,40.251615],[-111.6546337,40.2515978],[-111.6546149,40.2516143],[-111.6545881,40.2516378],[-111.6546148,40.2516555],[-111.6545916,40.2516758],[-111.6547485,40.2517803],[-111.6549356,40.2519041],[-111.6549119,40.2519249],[-111.6548005,40.2520227],[-111.6549015,40.2520897],[-111.6549862,40.2520154],[-111.6553258,40.2522409],[-111.6553726,40.2521999],[-111.6554024,40.2522196],[-111.6554076,40.252215],[-111.6554441,40.252183],[-111.6554147,40.2521635],[-111.6554393,40.2521419],[-111.6550915,40.251911],[-111.6551211,40.251885],[-111.6550444,40.251834],[-111.6550664,40.2518147],[-111.6547052,40.2515749]]]}},{"type":"Feature","id":114449188,"properties":{"osmId":114449188,"category":"residential","building":"dormitory","name":"Budge Hall"},"geometry":{"type":"Polygon","coordinates":[[[-111.6535485,40.2531599],[-111.6534873,40.2531737],[-111.6534803,40.2531557],[-111.6534038,40.2531729],[-111.6534087,40.2531858],[-111.6533725,40.2531939],[-111.6535047,40.2535367],[-111.6532207,40.2536005],[-111.653259,40.2537001],[-111.653463,40.2536543],[-111.6535898,40.2539832],[-111.6536312,40.2539739],[-111.653641,40.2539994],[-111.6536769,40.2539914],[-111.6537312,40.2539791],[-111.6537202,40.2539505],[-111.6537517,40.2539434],[-111.6536298,40.2536283],[-111.6536213,40.2536055],[-111.6536706,40.2535944],[-111.6536476,40.2535347],[-111.653715,40.2535196],[-111.6537122,40.2535124],[-111.653698,40.2534756],[-111.6536726,40.2534813],[-111.6535485,40.2531599]]]}},{"type":"Feature","id":114449190,"properties":{"osmId":114449190,"category":"residential","building":"dormitory","name":"Taylor Hall"},"geometry":{"type":"Polygon","coordinates":[[[-111.655418,40.2526807],[-111.6550561,40.2524473],[-111.6550856,40.2524228],[-111.6550168,40.2523762],[-111.6550426,40.2523552],[-111.6550073,40.2523319],[-111.6546725,40.2521116],[-111.6545706,40.2522119],[-111.6549219,40.2524391],[-111.6548833,40.2524729],[-111.6547771,40.2525681],[-111.654879,40.2526377],[-111.6549541,40.2525599],[-111.6553055,40.2527871],[-111.6553511,40.2527441],[-111.6553752,40.2527605],[-111.6554153,40.2527298],[-111.655386,40.2527073],[-111.655418,40.2526807]]]}},{"type":"Feature","id":147435143,"properties":{"osmId":147435143,"category":"academic","building":"yes","source":"Bing"},"geometry":{"type":"Polygon","coordinates":[[[-111.650164,40.2488731],[-111.650163,40.2488402],[-111.650128,40.2488408],[-111.650129,40.2488731],[-111.650164,40.2488731]]]}},{"type":"Feature","id":148219867,"properties":{"osmId":148219867,"category":"academic","addr:housename":"KIMBALL (SPENCER W) TOWER (KMBL)","building":"university","building:levels":"1","building:levels:underground":"1","height":"18","name":"Spencer W. Kimball Tower","short_name":"KMBL","source":"Bing","wikidata":"Q7576218","wikipedia":"en:Spencer W. Kimball Tower"},"geometry":{"type":"Polygon","coordinates":[[[-111.6513825,40.2475711],[-111.6513487,40.2475476],[-111.6513663,40.247532],[-111.6513523,40.2475224],[-111.6513848,40.2474929],[-111.6513533,40.2474687],[-111.6514918,40.2473607],[-111.6513986,40.2472914],[-111.6513845,40.2472797],[-111.6513596,40.2472607],[-111.6513174,40.2472281],[-111.6512904,40.247229],[-111.6512363,40.2471086],[-111.6511057,40.2471119],[-111.6510513,40.2472276],[-111.6510253,40.247228],[-111.6509802,40.2472599],[-111.6509521,40.2472843],[-111.6508493,40.2473652],[-111.6509937,40.247475],[-111.6509611,40.2475001],[-111.650967,40.2475046],[-111.6509998,40.247526],[-111.6509861,40.2475363],[-111.6509994,40.247547],[-111.6509664,40.2475746],[-111.650991,40.2475933],[-111.6510347,40.2476262],[-111.6511304,40.2476935],[-111.6511645,40.247669],[-111.6511788,40.2476779],[-111.6511908,40.2476683],[-111.6512291,40.2476921],[-111.6513036,40.2476339],[-111.6513825,40.2475711]]]}},{"type":"Feature","id":148848640,"properties":{"osmId":148848640,"category":"religious","addr:city":"Provo","addr:state":"UT","amenity":"place_of_worship","building":"church","denomination":"latter_day_saints","ele":"1402","gnis:feature_id":"1450936","name":"The Church of Jesus Christ of Latter-day Saints","religion":"christian"},"geometry":{"type":"Polygon","coordinates":[[[-111.6423734,40.2432542],[-111.6423737,40.2433496],[-111.6423995,40.2433496],[-111.6424654,40.2433495],[-111.6424654,40.2433572],[-111.6424656,40.2434254],[-111.6425996,40.2434252],[-111.6425999,40.2435119],[-111.6426196,40.2435119],[-111.64262,40.2436893],[-111.6425647,40.2436894],[-111.6425648,40.2437257],[-111.6425018,40.2437258],[-111.6425019,40.2437643],[-111.6425019,40.24377],[-111.6423987,40.2437702],[-111.6423847,40.2437702],[-111.642378,40.2437702],[-111.6423781,40.2437865],[-111.6423695,40.2437865],[-111.6422326,40.2437868],[-111.6422235,40.2437868],[-111.6422234,40.2437724],[-111.642218,40.2437724],[-111.6421005,40.2437726],[-111.6421004,40.2437274],[-111.6420018,40.2437275],[-111.6420013,40.2435149],[-111.642001,40.2434268],[-111.6421367,40.2434265],[-111.6421365,40.2433586],[-111.6421365,40.2433499],[-111.6422018,40.2433498],[-111.6422281,40.2433497],[-111.6422279,40.2432538],[-111.6422342,40.2432538],[-111.6422514,40.2432537],[-111.6422514,40.2432444],[-111.6423459,40.2432442],[-111.6423459,40.2432542],[-111.642369,40.2432542],[-111.6423734,40.2432542]]]}},{"type":"Feature","id":149027997,"properties":{"osmId":149027997,"category":"religious","building":"yes"},"geometry":{"type":"Polygon","coordinates":[[[-111.6350927,40.2473414],[-111.6350628,40.2472873],[-111.6350104,40.2473041],[-111.6350403,40.2473582],[-111.6350927,40.2473414]]]}},{"type":"Feature","id":150809226,"properties":{"osmId":150809226,"category":"academic","building":"yes","name":"George Q. Cannon Center","short_name":"CANC"},"geometry":{"type":"Polygon","coordinates":[[[-111.6535528,40.2523895],[-111.6534798,40.2522053],[-111.6534438,40.252212],[-111.6534238,40.2521572],[-111.6531358,40.2522197],[-111.6530948,40.2522032],[-111.6530378,40.2522338],[-111.6530068,40.2522452],[-111.6529158,40.2522529],[-111.6528658,40.2522453],[-111.6528158,40.2522236],[-111.6527928,40.2522039],[-111.6527698,40.252184],[-111.6526108,40.2522669],[-111.6526338,40.2522873],[-111.6524548,40.2524022],[-111.6524918,40.2524341],[-111.6524607,40.252456],[-111.6523878,40.2525094],[-111.6524298,40.2525401],[-111.6524748,40.2525669],[-111.6525218,40.2525886],[-111.6524888,40.2526307],[-111.6525138,40.2526434],[-111.6524338,40.2527456],[-111.6525788,40.2528043],[-111.6526488,40.2526779],[-111.652681,40.2526868],[-111.6527248,40.2526983],[-111.6527993,40.2527131],[-111.6528634,40.2527207],[-111.6528879,40.2527222],[-111.6529363,40.2527235],[-111.653019,40.2527226],[-111.6531592,40.2527062],[-111.6531282,40.2526233],[-111.6531606,40.2526165],[-111.6531806,40.2526132],[-111.6531632,40.2525606],[-111.6532608,40.2525273],[-111.6533378,40.252489],[-111.6533818,40.2524571],[-111.6533728,40.252429],[-111.6535528,40.2523895]]]}},{"type":"Feature","id":150809239,"properties":{"osmId":150809239,"category":"residential","building":"dormitory","name":"Building 9"},"geometry":{"type":"Polygon","coordinates":[[[-111.6521132,40.2539419],[-111.6521712,40.2536343],[-111.6522922,40.2536482],[-111.6523212,40.2535591],[-111.6522422,40.2535049],[-111.6525622,40.2532473],[-111.6524582,40.2531722],[-111.6524302,40.2531917],[-111.6523772,40.2531596],[-111.6519852,40.2534923],[-111.6519012,40.2539183],[-111.6520162,40.2539311],[-111.6521132,40.2539419]]]}},{"type":"Feature","id":150809240,"properties":{"osmId":150809240,"category":"residential","building":"dormitory","name":"May Hall"},"geometry":{"type":"Polygon","coordinates":[[[-111.651346,40.2533012],[-111.6512017,40.2536441],[-111.6511532,40.2536322],[-111.6511458,40.2536498],[-111.6511151,40.2537226],[-111.6510848,40.2537152],[-111.6509454,40.2540465],[-111.6509041,40.2540364],[-111.6508946,40.2540591],[-111.6508287,40.254043],[-111.6508348,40.2540286],[-111.6508394,40.2540175],[-111.6507691,40.2540003],[-111.6509095,40.2536655],[-111.6508085,40.2536409],[-111.6508479,40.253547],[-111.6510007,40.2535843],[-111.6510346,40.2535926],[-111.6511727,40.2532631],[-111.6512054,40.2532711],[-111.6512157,40.2532465],[-111.6512849,40.2532634],[-111.6512762,40.2532841],[-111.651346,40.2533012]]]}},{"type":"Feature","id":150809244,"properties":{"osmId":150809244,"category":"academic","amenity":"bicycle_parking","building":"roof","covered":"yes"},"geometry":{"type":"Polygon","coordinates":[[[-111.6547418,40.2513521],[-111.6546361,40.2512857],[-111.6546893,40.2512364],[-111.654795,40.2513028],[-111.6547418,40.2513521]]]}},{"type":"Feature","id":150809245,"properties":{"osmId":150809245,"category":"academic","amenity":"bicycle_parking","building":"roof","covered":"yes"},"geometry":{"type":"Polygon","coordinates":[[[-111.6546572,40.2525963],[-111.6546275,40.2525013],[-111.6547056,40.252487],[-111.6547354,40.252582],[-111.6546572,40.2525963]]]}},{"type":"Feature","id":150809246,"properties":{"osmId":150809246,"category":"academic","amenity":"bicycle_parking","building":"roof","covered":"yes"},"geometry":{"type":"Polygon","coordinates":[[[-111.6525212,40.2531536],[-111.6524869,40.2530542],[-111.6525861,40.2530343],[-111.6526204,40.2531336],[-111.6525212,40.2531536]]]}},{"type":"Feature","id":150809249,"properties":{"osmId":150809249,"category":"academic","amenity":"bicycle_parking","building":"roof","covered":"yes"},"geometry":{"type":"Polygon","coordinates":[[[-111.653996,40.251612],[-111.6539304,40.2515719],[-111.653845,40.2516478],[-111.6539069,40.2516915],[-111.653996,40.251612]]]}},{"type":"Feature","id":150809251,"properties":{"osmId":150809251,"category":"academic","amenity":"bicycle_parking","building":"roof","covered":"yes"},"geometry":{"type":"Polygon","coordinates":[[[-111.6547649,40.2518667],[-111.6546625,40.2518016],[-111.6546315,40.2518301],[-111.6547339,40.2518952],[-111.6547649,40.2518667]]]}},{"type":"Feature","id":150809252,"properties":{"osmId":150809252,"category":"academic","amenity":"bicycle_parking","building":"roof","covered":"yes"},"geometry":{"type":"Polygon","coordinates":[[[-111.6515119,40.2534064],[-111.6514859,40.253387],[-111.6513939,40.2534594],[-111.6514199,40.2534788],[-111.6515119,40.2534064]]]}},{"type":"Feature","id":150809255,"properties":{"osmId":150809255,"category":"academic","amenity":"shelter","building":"yes","shelter_type":"picnic_shelter"},"geometry":{"type":"Polygon","coordinates":[[[-111.6526285,40.2540101],[-111.6525795,40.2538893],[-111.6524535,40.2539189],[-111.6523505,40.2539427],[-111.6523995,40.2540635],[-111.6526285,40.2540101]]]}},{"type":"Feature","id":157877387,"properties":{"osmId":157877387,"category":"religious","addr:city":"Provo","addr:state":"UT","amenity":"place_of_worship","building":"church","denomination":"latter_day_saints","ele":"1393","name":"The Church of Jesus Christ of Latter-day Saints","religion":"christian"},"geometry":{"type":"Polygon","coordinates":[[[-111.6491358,40.2426624],[-111.6490969,40.2426623],[-111.6490976,40.242554],[-111.6491315,40.2425542],[-111.6491324,40.2424157],[-111.6490691,40.2424155],[-111.6490699,40.2422892],[-111.648828,40.2422883],[-111.6488279,40.2423031],[-111.6486579,40.2423025],[-111.6486571,40.2424298],[-111.6486569,40.2424601],[-111.6486281,40.24246],[-111.648491,40.2424595],[-111.6484906,40.2425368],[-111.6484714,40.2425367],[-111.6484307,40.2425366],[-111.6484299,40.2426656],[-111.6485201,40.2426659],[-111.64852,40.2426808],[-111.6485289,40.2426808],[-111.648592,40.2426811],[-111.6485919,40.2426972],[-111.6485919,40.2427025],[-111.6486027,40.2427025],[-111.6486026,40.2427184],[-111.6486022,40.2427936],[-111.6486401,40.2427938],[-111.64864,40.2428073],[-111.648876,40.2428081],[-111.6488761,40.2427959],[-111.649135,40.2427968],[-111.6491358,40.2426624]]]}},{"type":"Feature","id":158884496,"properties":{"osmId":158884496,"category":"academic","building":"yes"},"geometry":{"type":"Polygon","coordinates":[[[-111.6563909,40.2576947],[-111.6563916,40.2576344],[-111.6562695,40.2576336],[-111.6562688,40.2576939],[-111.6563909,40.2576947]]]}},{"type":"Feature","id":194688318,"properties":{"osmId":194688318,"category":"academic","amenity":"bank","brand":"Zions Bank","brand:wikidata":"Q8072576","building":"yes","drive_through":"yes","name":"Zions Bank"},"geometry":{"type":"Polygon","coordinates":[[[-111.658388,40.2481832],[-111.6583825,40.2479932],[-111.6579489,40.2480013],[-111.6579544,40.2481738],[-111.6581908,40.2481694],[-111.6581931,40.2482411],[-111.6582789,40.2482395],[-111.6582772,40.2481853],[-111.658388,40.2481832]]]}},{"type":"Feature","id":202356258,"properties":{"osmId":202356258,"category":"academic","building":"university","name":"Information Technology Building"},"geometry":{"type":"Polygon","coordinates":[[[-111.6579001,40.2529368],[-111.6578941,40.2524871],[-111.6578558,40.2524874],[-111.6578548,40.2524168],[-111.6578774,40.2524166],[-111.657875,40.252241],[-111.6577789,40.2522418],[-111.6577787,40.252225],[-111.6576633,40.2522259],[-111.6576636,40.2522434],[-111.6575882,40.252244],[-111.6575876,40.2522041],[-111.6573536,40.2522059],[-111.657355,40.2523099],[-111.6574116,40.2523095],[-111.6574123,40.2523584],[-111.6574326,40.2523582],[-111.6574331,40.2523992],[-111.6574131,40.2523993],[-111.6574188,40.2528256],[-111.6574326,40.2528255],[-111.6574331,40.2528629],[-111.6574532,40.2528627],[-111.6574542,40.2529369],[-111.6575881,40.2529358],[-111.6575898,40.2530628],[-111.6577189,40.2530618],[-111.6577193,40.2530877],[-111.6578086,40.253087],[-111.6578066,40.2529375],[-111.6579001,40.2529368]]]}},{"type":"Feature","id":202356263,"properties":{"osmId":202356263,"category":"academic","building":"yes","layer":"1","name":"LDS Philanthropies Office Building","office":"yes"},"geometry":{"type":"Polygon","coordinates":[[[-111.6578791,40.2535941],[-111.6578794,40.2533936],[-111.6579036,40.2533936],[-111.6579038,40.2532857],[-111.6578792,40.2532857],[-111.6578793,40.2532147],[-111.6575484,40.2532143],[-111.6575483,40.2532854],[-111.6575258,40.2532853],[-111.6575257,40.2533099],[-111.6575071,40.2533099],[-111.657507,40.2533683],[-111.6575233,40.2533684],[-111.6575232,40.2533918],[-111.6575475,40.2533918],[-111.6575472,40.2535951],[-111.6576181,40.2535952],[-111.6576181,40.2536127],[-111.6577209,40.2536128],[-111.6577209,40.253594],[-111.6578791,40.2535941]]]}},{"type":"Feature","id":202769656,"properties":{"osmId":202769656,"category":"academic","building":"greenhouse"},"geometry":{"type":"Polygon","coordinates":[[[-111.6506714,40.2437851],[-111.6506721,40.2436337],[-111.6505594,40.2436333],[-111.6505593,40.2436571],[-111.6505313,40.2436571],[-111.6505314,40.2436417],[-111.6503643,40.2436412],[-111.6503637,40.2437545],[-111.6505285,40.243755],[-111.6505283,40.2437847],[-111.6506714,40.2437851]]]}},{"type":"Feature","id":202769687,"properties":{"osmId":202769687,"category":"academic","building":"yes","name":"Risk Management Building","short_name":"RMB"},"geometry":{"type":"Polygon","coordinates":[[[-111.6505282,40.2441432],[-111.6505293,40.243926],[-111.6501936,40.243925],[-111.6501925,40.2441422],[-111.6505282,40.2441432]]]}},{"type":"Feature","id":202769694,"properties":{"osmId":202769694,"category":"academic","building":"university","name":"South Campus Office Building","operator":"Brigham Young University","short_name":"SCOB"},"geometry":{"type":"Polygon","coordinates":[[[-111.6507088,40.2434149],[-111.650708,40.2432097],[-111.6502061,40.2432109],[-111.6502069,40.2434161],[-111.6507088,40.2434149]]]}},{"type":"Feature","id":220747888,"properties":{"osmId":220747888,"category":"library","addr:city":"Provo","addr:country":"US","addr:housenumber":"550","addr:postcode":"84601","addr:state":"UT","addr:street":"North University Avenue","amenity":"library","building":"yes","contact:facebook":"https://www.facebook.com/provolibrary","contact:instagram":"provolibrary","contact:phone":"+1 801-852-6650","contact:website":"https://www.provolibrary.org/","contact:yelp":"https://www.yelp.com/biz/provo-city-library-provo","contact:youtube":"https://www.youtube.com/user/provocitylibrary","name":"Provo City Library","old_name":"Brigham Young Academy","opening_hours":"Mo-Fr 09:00-21:00; Sa 09:00-18:00; Su,PH off","wikidata":"Q7252778","wikipedia":"en:Provo City Library"},"geometry":{"type":"Polygon","coordinates":[[[-111.6579548,40.2411515],[-111.6579548,40.2410984],[-111.6579548,40.241074],[-111.6579548,40.2410532],[-111.6579548,40.2409895],[-111.6580005,40.2409895],[-111.6580005,40.2409291],[-111.6580005,40.2409196],[-111.6580005,40.2409044],[-111.6580005,40.2408386],[-111.6576912,40.2408386],[-111.6576912,40.2409224],[-111.6576182,40.2409224],[-111.6576034,40.2409224],[-111.6576034,40.2410118],[-111.657593,40.2410118],[-111.6575759,40.2410118],[-111.6575759,40.2408386],[-111.6575137,40.2408386],[-111.6575137,40.240819],[-111.6573527,40.240819],[-111.6573527,40.2408386],[-111.6572575,40.2408386],[-111.6572575,40.240819],[-111.6572423,40.240819],[-111.6570745,40.240819],[-111.6570745,40.2409131],[-111.6570745,40.2411947],[-111.6570745,40.2412647],[-111.6572502,40.2412647],[-111.6572502,40.2412465],[-111.65736,40.2412465],[-111.65736,40.2412647],[-111.6573599,40.241387],[-111.6574947,40.2413851],[-111.6574949,40.2412639],[-111.6575759,40.2412647],[-111.6575759,40.2410649],[-111.6576034,40.2410649],[-111.6576034,40.2411599],[-111.6577224,40.2411599],[-111.6577224,40.2412953],[-111.6577224,40.2412996],[-111.6578505,40.2412996],[-111.6578505,40.2412465],[-111.6580005,40.2412465],[-111.6580243,40.2412284],[-111.6580243,40.2411697],[-111.6580112,40.2411523],[-111.6579548,40.2411515]]]}},{"type":"Feature","id":220799778,"properties":{"osmId":220799778,"category":"athletic","addr:city":"Provo","addr:housenumber":"320","addr:postcode":"84601","addr:state":"UT","addr:street":"West 500 North","amenity":"community_centre","building":"yes","building:levels":"2","internet_access":"wlan","leisure":"sports_centre","name":"Provo Recreation Center","opening_hours":"Mo-Sa 05:00-22:00","website":"https://www.provo.gov/492/Recreation-Center"},"geometry":{"type":"Polygon","coordinates":[[[-111.665201,40.241286],[-111.6651715,40.2414069],[-111.665103,40.2413987],[-111.665055,40.2416062],[-111.6651605,40.2416252],[-111.6651518,40.241662],[-111.6651869,40.2416672],[-111.6651821,40.2416968],[-111.6651415,40.2416905],[-111.6651175,40.2417941],[-111.6650562,40.2417956],[-111.6650406,40.2418748],[-111.6650963,40.2418814],[-111.6650081,40.2422173],[-111.6648003,40.2421879],[-111.6648037,40.2421661],[-111.6647196,40.2421626],[-111.6645039,40.2421456],[-111.6643718,40.2421258],[-111.6642732,40.2421028],[-111.664189,40.2420822],[-111.6641796,40.2421126],[-111.6641472,40.2421069],[-111.6641725,40.242006],[-111.6637524,40.2419465],[-111.6637792,40.2418397],[-111.6636439,40.2418212],[-111.6636172,40.241935],[-111.6632812,40.2418882],[-111.6632949,40.2418136],[-111.6632454,40.2418088],[-111.6632947,40.2415893],[-111.6633481,40.2415966],[-111.6633659,40.2415119],[-111.6632935,40.2414965],[-111.6633059,40.2414617],[-111.6633182,40.2414271],[-111.6634039,40.2414483],[-111.6634197,40.2413951],[-111.6636006,40.2414186],[-111.663607,40.241384],[-111.6637629,40.2414007],[-111.6637653,40.2413847],[-111.663871,40.2414075],[-111.6638758,40.241396],[-111.6640127,40.2414239],[-111.6640243,40.2413887],[-111.6640761,40.2413975],[-111.6641366,40.2414077],[-111.6641299,40.2414428],[-111.6641517,40.2414447],[-111.6641791,40.2413081],[-111.6641628,40.2412974],[-111.6642011,40.2412632],[-111.6642593,40.2412247],[-111.6643262,40.2411914],[-111.6644084,40.2411717],[-111.664437,40.2411682],[-111.6644383,40.2411804],[-111.6645241,40.2411732],[-111.6645268,40.2411503],[-111.6646833,40.2411728],[-111.6646633,40.2412495],[-111.6647576,40.2412621],[-111.6647658,40.2412304],[-111.6649833,40.2412598],[-111.6651165,40.2412779],[-111.6651229,40.2412448],[-111.665195,40.2412545],[-111.6651912,40.2412855],[-111.665201,40.241286]]]}},{"type":"Feature","id":220903512,"properties":{"osmId":220903512,"category":"other","access":"permit","amenity":"parking","building":"parking","building:levels":"3","name":"40G","operator":"Brigham Young University","operator:type":"university","parking":"multi-storey","surface":"concrete"},"geometry":{"type":"Polygon","coordinates":[[[-111.6521268,40.2509412],[-111.6521332,40.2512338],[-111.6526433,40.2515786],[-111.6529395,40.2513232],[-111.6525827,40.2510822],[-111.6525795,40.2509355],[-111.6521268,40.2509412]]]}},{"type":"Feature","id":220973408,"properties":{"osmId":220973408,"category":"residential","building":"apartments"},"geometry":{"type":"Polygon","coordinates":[[[-111.6568785,40.253711],[-111.6567162,40.2537134],[-111.6567243,40.2540346],[-111.6568867,40.2540322],[-111.6568785,40.253711]]]}},{"type":"Feature","id":220973409,"properties":{"osmId":220973409,"category":"residential","addr:housenumber":"I (102-106)","addr:state":"UT","building":"apartments","building:levels":"3"},"geometry":{"type":"Polygon","coordinates":[[[-111.6581214,40.2553047],[-111.6578594,40.2553047],[-111.6578594,40.2554202],[-111.6581214,40.2554202],[-111.6581214,40.2553047]]]}},{"type":"Feature","id":220973410,"properties":{"osmId":220973410,"category":"residential","addr:housenumber":"J(108-199)","addr:state":"UT","building":"apartments","building:levels":"3"},"geometry":{"type":"Polygon","coordinates":[[[-111.658129,40.2555309],[-111.658129,40.2556493],[-111.6576241,40.2556493],[-111.6576241,40.2555309],[-111.658129,40.2555309]]]}},{"type":"Feature","id":220973411,"properties":{"osmId":220973411,"category":"residential","building":"apartments"},"geometry":{"type":"Polygon","coordinates":[[[-111.6570072,40.2537093],[-111.6570133,40.2540305],[-111.657182,40.2540287],[-111.6571759,40.2537075],[-111.6570072,40.2537093]]]}},{"type":"Feature","id":220973413,"properties":{"osmId":220973413,"category":"residential","building":"apartments"},"geometry":{"type":"Polygon","coordinates":[[[-111.6572345,40.2538581],[-111.6572384,40.2540307],[-111.6574021,40.2540285],[-111.6573982,40.2538559],[-111.6572345,40.2538581]]]}},{"type":"Feature","id":220973414,"properties":{"osmId":220973414,"category":"residential","building":"apartments"},"geometry":{"type":"Polygon","coordinates":[[[-111.6576267,40.2550369],[-111.6576267,40.2554571],[-111.657778,40.2554571],[-111.657778,40.2550369],[-111.6576267,40.2550369]]]}},{"type":"Feature","id":220973415,"properties":{"osmId":220973415,"category":"residential","building":"apartments"},"geometry":{"type":"Polygon","coordinates":[[[-111.6576279,40.2548738],[-111.6576279,40.2549942],[-111.6578912,40.2549942],[-111.6578912,40.2548738],[-111.6576279,40.2548738]]]}},{"type":"Feature","id":220973416,"properties":{"osmId":220973416,"category":"residential","building":"apartments"},"geometry":{"type":"Polygon","coordinates":[[[-111.6582902,40.2543354],[-111.6582935,40.2544625],[-111.6576855,40.2544717],[-111.6576822,40.2543446],[-111.6582902,40.2543354]]]}},{"type":"Feature","id":220973417,"properties":{"osmId":220973417,"category":"residential","building":"apartments"},"geometry":{"type":"Polygon","coordinates":[[[-111.6579726,40.2548321],[-111.6579726,40.2552611],[-111.6581252,40.2552611],[-111.6581252,40.2548321],[-111.6579726,40.2548321]]]}},{"type":"Feature","id":220973418,"properties":{"osmId":220973418,"category":"residential","building":"apartments"},"geometry":{"type":"Polygon","coordinates":[[[-111.6572413,40.2541586],[-111.6572413,40.2545193],[-111.6572413,40.2546267],[-111.6573987,40.2546267],[-111.6573987,40.2541586],[-111.6572413,40.2541586]]]}},{"type":"Feature","id":220973419,"properties":{"osmId":220973419,"category":"residential","building":"apartments"},"geometry":{"type":"Polygon","coordinates":[[[-111.6575354,40.2538254],[-111.6576962,40.2539388],[-111.6578075,40.2538429],[-111.6575951,40.2536954],[-111.6572276,40.2537031],[-111.6572327,40.2538303],[-111.6575354,40.2538254]]]}},{"type":"Feature","id":220973420,"properties":{"osmId":220973420,"category":"residential","building":"apartments"},"geometry":{"type":"Polygon","coordinates":[[[-111.6576864,40.2541488],[-111.657516,40.2541488],[-111.657516,40.2542983],[-111.6574931,40.2542983],[-111.6574931,40.2544759],[-111.6576585,40.2544759],[-111.6576585,40.2543206],[-111.6576864,40.2543206],[-111.6576864,40.2541488]]]}},{"type":"Feature","id":224159462,"properties":{"osmId":224159462,"category":"religious","addr:city":"Provo","addr:housenumber":"350","addr:postcode":"84606","addr:state":"UT","addr:street":"North 900 East","alt_name":"Multi-Stake Building (MSB)","amenity":"place_of_worship","building":"church","denomination":"latter_day_saints","name":"The Church of Jesus Christ of Latter-day Saints","religion":"christian"},"geometry":{"type":"Polygon","coordinates":[[[-111.6427573,40.2388015],[-111.6424676,40.2388015],[-111.6424676,40.2385435],[-111.6423335,40.2385435],[-111.6423335,40.2388035],[-111.6420358,40.2388035],[-111.6420358,40.238523],[-111.6419606,40.238523],[-111.6419606,40.2383203],[-111.6420331,40.2383203],[-111.6420331,40.2380439],[-111.6423307,40.2380439],[-111.6423307,40.238304],[-111.6424677,40.238304],[-111.6424677,40.2380481],[-111.6427496,40.2380491],[-111.6427625,40.2383286],[-111.642902,40.2383286],[-111.642902,40.2385311],[-111.6427573,40.2385311],[-111.6427573,40.2388015]]]}},{"type":"Feature","id":256787048,"properties":{"osmId":256787048,"category":"residential","building":"house","name":"Former Presidents' Home","short_name":"FPH"},"geometry":{"type":"Polygon","coordinates":[[[-111.6529281,40.246713],[-111.6529295,40.2465738],[-111.6529235,40.2465738],[-111.6529236,40.2465676],[-111.6528544,40.2465672],[-111.6528543,40.2465739],[-111.6527698,40.2465734],[-111.6527685,40.2467121],[-111.6529281,40.246713]]]}},{"type":"Feature","id":289049062,"properties":{"osmId":289049062,"category":"residential","addr:city":"Provo","addr:housenumber":"1866","addr:postcode":"84604","addr:state":"UT","addr:street":"North 40 West","building":"apartments","building:flats":"6","building:levels":"3","name":"Building 3","operator":"Brigham Young University","smoking":"no"},"geometry":{"type":"Polygon","coordinates":[[[-111.6589411,40.2592923],[-111.659078,40.2592814],[-111.6590709,40.2592302],[-111.6590918,40.2592285],[-111.6590883,40.2592034],[-111.6590853,40.2591812],[-111.6590639,40.2591829],[-111.6590573,40.2591348],[-111.6590337,40.2591368],[-111.6589781,40.2591416],[-111.6589821,40.2591655],[-111.6589245,40.2591716],[-111.6589411,40.2592923]]]}},{"type":"Feature","id":289050314,"properties":{"osmId":289050314,"category":"other","addr:city":"Provo","addr:housenumber":"1990","addr:postcode":"84604","addr:state":"UT","addr:street":"North 40 West","building":"yes","name":"BYU Creamery at Wyview","opening_hours":"Mo-Fr 09:00-21:00; Sa 12:00-20:00","operator":"Brigham Young University","payment:Cougar_Cash":"yes","payment:cash":"yes","payment:credit_cards":"yes","payment:debit_cards":"yes","phone":"+18014229201","shop":"supermarket"},"geometry":{"type":"Polygon","coordinates":[[[-111.6595326,40.2610709],[-111.6595647,40.2610074],[-111.6595932,40.2609586],[-111.6597302,40.2609984],[-111.6597323,40.2609941],[-111.6597339,40.2609909],[-111.659797,40.2610098],[-111.6597933,40.2610172],[-111.6598666,40.2610403],[-111.6598989,40.261051],[-111.6599147,40.2610566],[-111.6599477,40.2610674],[-111.6598924,40.2611792],[-111.6597827,40.2611465],[-111.6597774,40.2611569],[-111.6596519,40.2611195],[-111.6596577,40.2611081],[-111.6596496,40.2611057],[-111.6595541,40.2610773],[-111.6595326,40.2610709]]]}},{"type":"Feature","id":289050315,"properties":{"osmId":289050315,"category":"other","addr:city":"Provo","addr:housenumber":"2022","addr:postcode":"84604","addr:state":"UT","addr:street":"North 120 West","building":"yes","name":"Multipurpose Building","operator":"Brigham Young University","smoking":"no"},"geometry":{"type":"Polygon","coordinates":[[[-111.6597813,40.2616294],[-111.6597805,40.2615523],[-111.6597909,40.2615522],[-111.6597907,40.2615317],[-111.6597968,40.2615317],[-111.6597964,40.2614942],[-111.6597955,40.2614068],[-111.659794,40.261273],[-111.659794,40.2612671],[-111.6598726,40.2612666],[-111.6598725,40.2612623],[-111.6599735,40.2612617],[-111.6599735,40.2612658],[-111.659979,40.2612657],[-111.6600488,40.2612654],[-111.6600493,40.2613238],[-111.6601112,40.2613235],[-111.6601123,40.2614382],[-111.6600527,40.2614385],[-111.660053,40.2614775],[-111.6601612,40.2614769],[-111.6601614,40.2614977],[-111.6601617,40.2615279],[-111.6601929,40.2615277],[-111.6601931,40.2615487],[-111.6602023,40.2615486],[-111.660203,40.2616251],[-111.660194,40.2616252],[-111.6601942,40.2616478],[-111.6601115,40.2616474],[-111.6599447,40.2616488],[-111.6599093,40.2616491],[-111.6597925,40.26165],[-111.6597923,40.2616294],[-111.6597813,40.2616294]]]}},{"type":"Feature","id":291050979,"properties":{"osmId":291050979,"category":"residential","addr:city":"Provo","addr:housenumber":"1908","addr:postcode":"84604","addr:state":"UT","addr:street":"North 40 West","building":"apartments","building:flats":"6","building:levels":"3","name":"Building 4","operator":"Brigham Young University","smoking":"no"},"geometry":{"type":"Polygon","coordinates":[[[-111.6590112,40.2596552],[-111.6590669,40.2596591],[-111.659088,40.2596605],[-111.6590823,40.2597089],[-111.6591032,40.2597103],[-111.6591005,40.2597328],[-111.6590978,40.2597557],[-111.6590788,40.2597544],[-111.659073,40.2598036],[-111.6589386,40.2597943],[-111.6589543,40.2596623],[-111.6590099,40.2596661],[-111.6590112,40.2596552]]]}},{"type":"Feature","id":291395770,"properties":{"osmId":291395770,"category":"residential","addr:city":"Provo","addr:housenumber":"1916","addr:postcode":"84604","addr:state":"UT","addr:street":"North 80 West","building":"apartments","building:flats":"6","building:levels":"3","name":"Building 2","operator":"Brigham Young University","smoking":"no"},"geometry":{"type":"Polygon","coordinates":[[[-111.6596532,40.2597452],[-111.6596734,40.2597484],[-111.6596606,40.2597961],[-111.6596808,40.2597993],[-111.6596747,40.2598219],[-111.6596689,40.2598438],[-111.6596483,40.2598406],[-111.6596352,40.2598895],[-111.6595062,40.2598695],[-111.6595376,40.2597519],[-111.6595912,40.2597602],[-111.6595978,40.2597372],[-111.6596532,40.2597452]]]}},{"type":"Feature","id":292391546,"properties":{"osmId":292391546,"category":"residential","addr:city":"Provo","addr:housenumber":"1886","addr:postcode":"84604","addr:state":"UT","addr:street":"North 80 West","building":"apartments","building:flats":"6","building:levels":"3","name":"Building 1","operator":"Brigham Young University","smoking":"no"},"geometry":{"type":"Polygon","coordinates":[[[-111.659712,40.2595033],[-111.6595815,40.2595149],[-111.6595605,40.2593842],[-111.6596152,40.2593794],[-111.6596141,40.2593687],[-111.6596712,40.2593624],[-111.6596894,40.2593613],[-111.6596969,40.2594101],[-111.659717,40.2594083],[-111.6597204,40.2594301],[-111.6597238,40.259453],[-111.6597046,40.2594547],[-111.659712,40.2595033]]]}},{"type":"Feature","id":295434915,"properties":{"osmId":295434915,"category":"residential","addr:city":"Provo","addr:housenumber":"12","addr:postcode":"84602","addr:state":"UT","addr:street":"Heritage Halls","building":"dormitory","building:levels":"4","building:levels:underground":"1","name":"Heritage Halls Building 12"},"geometry":{"type":"Polygon","coordinates":[[[-111.6463672,40.2535731],[-111.6463677,40.253605],[-111.6463893,40.2536048],[-111.6463908,40.2536993],[-111.6463986,40.2536993],[-111.6464001,40.2537836],[-111.646392,40.2537837],[-111.6463929,40.2538308],[-111.6464215,40.2538305],[-111.6464239,40.2539527],[-111.6463664,40.2539533],[-111.6463067,40.253954],[-111.646307,40.253968],[-111.6462937,40.2539682],[-111.6462939,40.2539747],[-111.6461862,40.253976],[-111.6461862,40.2539734],[-111.6461612,40.2539737],[-111.6461612,40.2539768],[-111.6461488,40.2539868],[-111.6461231,40.2539874],[-111.6461095,40.2539788],[-111.6461094,40.2539756],[-111.6459998,40.2539768],[-111.646,40.2539831],[-111.6458921,40.2539843],[-111.6458919,40.2539779],[-111.645832,40.2539786],[-111.6458321,40.2539844],[-111.645724,40.2539857],[-111.6457239,40.2539804],[-111.6456429,40.2539813],[-111.6456413,40.2539025],[-111.6455992,40.253903],[-111.6455986,40.2538761],[-111.6455899,40.2538762],[-111.6455897,40.2538669],[-111.6455888,40.2538596],[-111.6455889,40.2538237],[-111.6455978,40.2538236],[-111.6455973,40.253796],[-111.6457592,40.2537945],[-111.6457591,40.2537879],[-111.6458687,40.2537869],[-111.6458688,40.2537927],[-111.6459772,40.2537918],[-111.6459927,40.2537793],[-111.6460183,40.2537791],[-111.6460322,40.2537909],[-111.6461488,40.2537901],[-111.6461485,40.2537666],[-111.646131,40.2537667],[-111.6461306,40.2537399],[-111.6461303,40.2537111],[-111.6461391,40.253711],[-111.6461384,40.253659],[-111.6461469,40.253659],[-111.6461456,40.253567],[-111.6462752,40.2535659],[-111.6462893,40.2535658],[-111.6463001,40.2535657],[-111.6463033,40.2535657],[-111.6463034,40.2535737],[-111.6463672,40.2535731]]]}},{"type":"Feature","id":295434916,"properties":{"osmId":295434916,"category":"residential","addr:city":"Provo","addr:housenumber":"11","addr:postcode":"84602","addr:state":"UT","addr:street":"Heritage Halls","building":"dormitory","building:levels":"4","building:levels:underground":"1","name":"Heritage Halls Building 11"},"geometry":{"type":"Polygon","coordinates":[[[-111.6463839,40.253433],[-111.646286,40.2534337],[-111.6462864,40.2534674],[-111.6462517,40.2534677],[-111.6462518,40.2534751],[-111.64624,40.2534752],[-111.6461808,40.2534756],[-111.6461807,40.2534679],[-111.6461465,40.2534682],[-111.6461448,40.2533415],[-111.6461371,40.2533416],[-111.646136,40.2532597],[-111.6461438,40.2532596],[-111.6461428,40.2531712],[-111.6461095,40.2531714],[-111.6461097,40.2531862],[-111.646075,40.2531864],[-111.6460387,40.2531866],[-111.6460386,40.2531783],[-111.6459708,40.2531787],[-111.6459707,40.2531725],[-111.6458486,40.2531734],[-111.6458471,40.2530764],[-111.6458473,40.2530671],[-111.645847,40.2530574],[-111.6458472,40.2530541],[-111.6458567,40.2530541],[-111.645856,40.253002],[-111.6458955,40.2530017],[-111.6458954,40.2529882],[-111.6460215,40.2529873],[-111.6460214,40.2529815],[-111.6461318,40.2529805],[-111.6461319,40.2529862],[-111.6461948,40.2529856],[-111.6461944,40.2529637],[-111.6463534,40.2529622],[-111.6463541,40.2530086],[-111.646355,40.2530647],[-111.6463827,40.2530644],[-111.646384,40.2531457],[-111.6463801,40.2531457],[-111.6463804,40.253163],[-111.6463961,40.2531724],[-111.6463964,40.2531929],[-111.6463825,40.2532038],[-111.6463836,40.2532871],[-111.6463917,40.253287],[-111.6463927,40.2533702],[-111.6463831,40.2533703],[-111.6463839,40.253433]]]}},{"type":"Feature","id":295434917,"properties":{"osmId":295434917,"category":"residential","addr:city":"Provo","addr:housenumber":"10","addr:postcode":"84602","addr:state":"UT","addr:street":"Heritage Halls","building":"dormitory","building:levels":"4","building:levels:underground":"1","name":"Heritage Halls Building 10"},"geometry":{"type":"Polygon","coordinates":[[[-111.6453372,40.2534033],[-111.6452172,40.2534045],[-111.6452171,40.2534018],[-111.6451894,40.2534021],[-111.6451861,40.2534021],[-111.645186,40.253396],[-111.6451126,40.2533967],[-111.6451121,40.2533649],[-111.645094,40.253365],[-111.6450926,40.253271],[-111.645085,40.2532711],[-111.6450836,40.253185],[-111.6450898,40.2531849],[-111.645089,40.253139],[-111.6450618,40.2531393],[-111.6450608,40.2531237],[-111.6450603,40.2530575],[-111.6450596,40.2530155],[-111.6451766,40.2530143],[-111.6451764,40.2530013],[-111.6451907,40.2530011],[-111.6451906,40.2529947],[-111.6453216,40.2529933],[-111.6453351,40.2529829],[-111.6453658,40.2529834],[-111.6453779,40.2529932],[-111.6454831,40.2529923],[-111.645483,40.2529857],[-111.6455936,40.2529848],[-111.6455937,40.2529916],[-111.6456741,40.2529909],[-111.6456753,40.2530647],[-111.6457189,40.2530644],[-111.6457193,40.2530938],[-111.6457303,40.2530937],[-111.6457305,40.2531034],[-111.6457312,40.2531491],[-111.6457208,40.2531492],[-111.6457213,40.2531764],[-111.6455563,40.2531779],[-111.6455564,40.2531838],[-111.6454447,40.2531849],[-111.6454446,40.2531779],[-111.6453345,40.2531791],[-111.6453349,40.2532035],[-111.6453533,40.2532034],[-111.6453538,40.2532298],[-111.6453543,40.2532586],[-111.6453437,40.2532587],[-111.6453446,40.2533099],[-111.6453355,40.25331],[-111.6453372,40.2534033]]]}},{"type":"Feature","id":295434918,"properties":{"osmId":295434918,"category":"residential","addr:city":"Provo","addr:housenumber":"9","addr:postcode":"84602","addr:state":"UT","addr:street":"Heritage Halls","building":"dormitory","building:levels":"4","building:levels:underground":"1","name":"Heritage Halls Building 9"},"geometry":{"type":"Polygon","coordinates":[[[-111.644321,40.253292],[-111.6443489,40.2532918],[-111.6443497,40.2533381],[-111.6443503,40.2533765],[-111.6442179,40.2533777],[-111.6442182,40.2533975],[-111.6440895,40.2533987],[-111.644076,40.2534101],[-111.6440476,40.2534106],[-111.6440356,40.2533987],[-111.6439271,40.2533994],[-111.6439271,40.2534059],[-111.6438198,40.2534066],[-111.6438197,40.2533998],[-111.6437377,40.2534003],[-111.6437369,40.2533244],[-111.643693,40.2533247],[-111.6436927,40.2532986],[-111.6436838,40.2532986],[-111.6436837,40.2532922],[-111.6436836,40.2532822],[-111.6436832,40.2532457],[-111.6436902,40.2532456],[-111.6436899,40.253216],[-111.6438549,40.2532152],[-111.6438549,40.2532082],[-111.6439661,40.2532076],[-111.6439661,40.2532132],[-111.6440709,40.2532126],[-111.6440707,40.2531899],[-111.6440576,40.25319],[-111.6440574,40.2531638],[-111.6440571,40.2531345],[-111.644066,40.2531344],[-111.6440655,40.2530822],[-111.6440725,40.2530822],[-111.6440714,40.2529885],[-111.6441958,40.2529877],[-111.644196,40.2529982],[-111.6442108,40.2529981],[-111.6442869,40.2529976],[-111.6442979,40.2529975],[-111.6442983,40.2530277],[-111.6443182,40.2530276],[-111.6443194,40.2531214],[-111.6443275,40.2531214],[-111.6443287,40.2532073],[-111.6443197,40.2532074],[-111.644321,40.253292]]]}},{"type":"Feature","id":299784305,"properties":{"osmId":299784305,"category":"medical","amenity":"clinic","building":"yes","healthcare":"clinic","name":"Student Health Center"},"geometry":{"type":"Polygon","coordinates":[[[-111.6427588,40.2580366],[-111.6428591,40.2578329],[-111.6429389,40.2578558],[-111.6430448,40.2576406],[-111.642878,40.2575928],[-111.6428455,40.2576238],[-111.6425339,40.2575293],[-111.6424719,40.2576484],[-111.64228,40.2575902],[-111.6421918,40.2577596],[-111.6423199,40.2577985],[-111.64227,40.2578943],[-111.6427588,40.2580366]]]}},{"type":"Feature","id":308348007,"properties":{"osmId":308348007,"category":"academic","building":"university","name":"BYU Broadcasting","source":"Bing"},"geometry":{"type":"Polygon","coordinates":[[[-111.6471343,40.254812],[-111.6471372,40.2546588],[-111.6470225,40.2546583],[-111.6469337,40.2546579],[-111.6469352,40.2547278],[-111.6468257,40.2547308],[-111.6468163,40.2544544],[-111.6471285,40.2544535],[-111.6471298,40.2543581],[-111.6475722,40.254352],[-111.6476057,40.2543254],[-111.6476282,40.2543077],[-111.6476676,40.2543823],[-111.64772,40.2543813],[-111.6477159,40.2542665],[-111.6479732,40.2542697],[-111.6479722,40.2543773],[-111.6480927,40.2543842],[-111.6480947,40.2546164],[-111.6480787,40.254677],[-111.6480497,40.2547375],[-111.6479817,40.2547921],[-111.6479127,40.2548345],[-111.6478567,40.2548466],[-111.6478437,40.2548102],[-111.6477057,40.2548991],[-111.6476927,40.2548122],[-111.6471343,40.254812]]]}},{"type":"Feature","id":308832594,"properties":{"osmId":308832594,"category":"religious","amenity":"place_of_worship","building":"church","denomination":"latter-day_saints","denomination:wikidata":"Q42504","ele":"1442","gnis:feature_id":"1450835","name":"The Church of Jesus Christ of Latter-day Saints","operator":"The Church of Jesus Christ of Latter-day Saints","operator:wikidata":"Q42504","religion":"christian"},"geometry":{"type":"Polygon","coordinates":[[[-111.6423069,40.2551576],[-111.6422529,40.2551551],[-111.6422905,40.2546792],[-111.6423293,40.254681],[-111.6423524,40.2543885],[-111.6427133,40.2544051],[-111.6426906,40.2546926],[-111.6427316,40.2546945],[-111.6427201,40.25484],[-111.6428202,40.2548446],[-111.6428178,40.2548752],[-111.6428854,40.2548783],[-111.6428759,40.2549977],[-111.6427998,40.2549942],[-111.6427978,40.2550192],[-111.6427052,40.2550149],[-111.6426988,40.2550901],[-111.6426936,40.2551611],[-111.6426555,40.2551593],[-111.6426316,40.2554613],[-111.64236,40.2554488],[-111.6422842,40.2554453],[-111.6423069,40.2551576]]]}},{"type":"Feature","id":308832595,"properties":{"osmId":308832595,"category":"religious","addr:city":"Provo","addr:state":"UT","alt_name":"Manevu Chapel","amenity":"place_of_worship","building":"church","denomination":"latter_day_saints","ele":"1392","gnis:feature_id":"1450680","name":"The Church of Jesus Christ of Latter-day Saints - Manevu Chapel","religion":"christian"},"geometry":{"type":"Polygon","coordinates":[[[-111.6524793,40.2421726],[-111.6519628,40.242168],[-111.6519666,40.2419205],[-111.6521192,40.2419218],[-111.652118,40.2419969],[-111.6523306,40.2419988],[-111.6523318,40.2419188],[-111.6523976,40.2419194],[-111.6523982,40.2418814],[-111.6524838,40.2418821],[-111.6524793,40.2421726]]]}},{"type":"Feature","id":308842519,"properties":{"osmId":308842519,"category":"religious","addr:city":"Provo","addr:housenumber":"1915","addr:postcode":"84604","addr:state":"UT","addr:street":"North Canyon Road","amenity":"place_of_worship","building":"church","denomination":"latter_day_saints","ele":"1419","gnis:feature_id":"1450688","name":"The Church of Jesus Christ of Latter-day Saints","operator":"The Church of Jesus Christ of Latter-day Saints","religion":"christian"},"geometry":{"type":"Polygon","coordinates":[[[-111.6571423,40.2594023],[-111.6570309,40.2594022],[-111.6569483,40.259402],[-111.6569485,40.2593366],[-111.656924,40.2593366],[-111.6568448,40.2593364],[-111.6568199,40.2593364],[-111.6568198,40.2593813],[-111.6568154,40.2593813],[-111.6566409,40.259381],[-111.6566182,40.259381],[-111.6566183,40.2593348],[-111.656604,40.2593348],[-111.6565246,40.2593347],[-111.6564907,40.2593346],[-111.6564906,40.2593786],[-111.6564206,40.2593784],[-111.6562979,40.2593782],[-111.6562989,40.2590234],[-111.656377,40.2590236],[-111.6563771,40.2590066],[-111.656427,40.2590067],[-111.6564575,40.2590068],[-111.6564575,40.2590246],[-111.656493,40.2590247],[-111.6564929,40.2590715],[-111.6565512,40.2590716],[-111.6566298,40.2590718],[-111.6566438,40.2590718],[-111.656644,40.2590307],[-111.6566643,40.2590308],[-111.6566643,40.259021],[-111.6567196,40.2590211],[-111.6567743,40.2590212],[-111.6567743,40.2590334],[-111.6567984,40.2590334],[-111.6567983,40.2590724],[-111.6568206,40.2590724],[-111.6568991,40.2590725],[-111.6569456,40.2590726],[-111.6569458,40.2590254],[-111.6569821,40.2590255],[-111.6569821,40.259009],[-111.6570317,40.2590091],[-111.6570654,40.2590091],[-111.6570654,40.2590267],[-111.6571432,40.2590268],[-111.6571423,40.2594023]]]}},{"type":"Feature","id":308844208,"properties":{"osmId":308844208,"category":"religious","addr:city":"Provo","addr:housenumber":"650","addr:postcode":"84602;84604","addr:state":"UT","addr:street":"East Stadium Avenue","amenity":"place_of_worship","building":"church","denomination":"latter_day_saints","name":"The Church of Jesus Christ of Latter-day Saints","religion":"christian","source":"bing;esri/USA_NAD_Addresses"},"geometry":{"type":"Polygon","coordinates":[[[-111.6471756,40.2610391],[-111.6470783,40.2609635],[-111.6470512,40.2609422],[-111.6473186,40.2607423],[-111.6471179,40.2605859],[-111.6469957,40.2606773],[-111.6470379,40.2607101],[-111.6469756,40.2607568],[-111.6468852,40.2606869],[-111.6468767,40.2606798],[-111.6465571,40.2609189],[-111.6466673,40.2610048],[-111.6464617,40.2611585],[-111.6465518,40.2612293],[-111.6466109,40.2612747],[-111.646869,40.2610811],[-111.6469149,40.2610474],[-111.6470372,40.2611426],[-111.6471756,40.2610391]]]}},{"type":"Feature","id":308844209,"properties":{"osmId":308844209,"category":"religious","addr:city":"Provo","addr:housenumber":"2430","addr:postcode":"84604","addr:state":"UT","addr:street":"North 1060 East","amenity":"place_of_worship","building":"church","denomination":"latter_day_saints","ele":"1486","gnis:feature_id":"1450928","name":"The Church of Jesus Christ of Latter-day Saints","religion":"christian","source":"esri/USA_NAD_Addresses"},"geometry":{"type":"Polygon","coordinates":[[[-111.6399401,40.2663103],[-111.6397887,40.2663111],[-111.6397882,40.2662585],[-111.6396541,40.2662592],[-111.639655,40.2663583],[-111.6395034,40.2663591],[-111.639502,40.2662038],[-111.6394602,40.2662041],[-111.6394572,40.2658747],[-111.6394952,40.2658745],[-111.6394942,40.2657659],[-111.6396393,40.2657652],[-111.6396398,40.2658216],[-111.6397898,40.2658208],[-111.639789,40.2657378],[-111.6399314,40.265737],[-111.6399332,40.2659467],[-111.6401104,40.2659458],[-111.640112,40.2661219],[-111.6399384,40.2661228],[-111.6399401,40.2663103]]]}},{"type":"Feature","id":308844210,"properties":{"osmId":308844210,"category":"religious","addr:city":"Provo","addr:housenumber":"925","addr:postcode":"84602;84604","addr:state":"UT","addr:street":"North Temple Drive","amenity":"place_of_worship","building":"church","denomination":"latter_day_saints","ele":"1464","gnis:feature_id":"1450926","name":"The Church of Jesus Christ of Latter-day Saints","religion":"christian","source":"esri/USA_NAD_Addresses"},"geometry":{"type":"Polygon","coordinates":[[[-111.6438661,40.2643856],[-111.6435245,40.2641769],[-111.6440465,40.2636795],[-111.6443881,40.2638883],[-111.6438661,40.2643856]]]}},{"type":"Feature","id":308859842,"properties":{"osmId":308859842,"category":"religious","addr:city":"Provo","addr:housenumber":"101","addr:postcode":"84601","addr:state":"UT","addr:street":"West 800 North","amenity":"place_of_worship","building":"church","denomination":"latter_day_saints","ele":"1394","gnis:feature_id":"1450697","name":"The Church of Jesus Christ of Latter-day Saints","operator":"The Church of Jesus Christ of Latter-day Saints","religion":"christian"},"geometry":{"type":"Polygon","coordinates":[[[-111.661034,40.2440595],[-111.660894,40.2440602],[-111.6608933,40.243983],[-111.6608096,40.2439834],[-111.6608086,40.2438742],[-111.660808,40.2438026],[-111.6607646,40.2438028],[-111.6607634,40.2436611],[-111.6607007,40.2436614],[-111.6607002,40.2436081],[-111.6606995,40.2435215],[-111.6608309,40.2435208],[-111.6608305,40.243481],[-111.6609392,40.2434805],[-111.6609394,40.243504],[-111.6610332,40.2435035],[-111.6610335,40.2435411],[-111.6612165,40.2435402],[-111.6612172,40.2436214],[-111.6611754,40.2436216],[-111.6611762,40.2437207],[-111.6612821,40.2437202],[-111.6612831,40.2438322],[-111.6611469,40.2438329],[-111.6611088,40.2438331],[-111.6611095,40.2439196],[-111.6610328,40.24392],[-111.6610336,40.2440118],[-111.661034,40.2440595]]]}},{"type":"Feature","id":312712631,"properties":{"osmId":312712631,"category":"residential","addr:city":"Provo","addr:housenumber":"4","addr:postcode":"84602","addr:state":"UT","addr:street":"Heritage Halls","building":"dormitory","building:levels":"4","building:levels:underground":"1","name":"Heritage Halls Building 4","source":"survey"},"geometry":{"type":"Polygon","coordinates":[[[-111.6444081,40.2515957],[-111.6442832,40.2515952],[-111.6442722,40.2515839],[-111.6442419,40.2515838],[-111.6442253,40.2515976],[-111.6441178,40.2515966],[-111.6441179,40.2515905],[-111.6440449,40.2515899],[-111.6440455,40.2515834],[-111.6440339,40.2515722],[-111.64401,40.2515721],[-111.6439904,40.251572],[-111.6439775,40.2515807],[-111.643977,40.2515953],[-111.6439451,40.2515953],[-111.643945,40.2515099],[-111.643953,40.2515099],[-111.643953,40.2514288],[-111.643943,40.2514288],[-111.6439429,40.2513032],[-111.6439047,40.2513032],[-111.6438359,40.2513032],[-111.6437799,40.2513032],[-111.643779,40.251307],[-111.6437799,40.2513218],[-111.6437793,40.2513359],[-111.6437289,40.2513362],[-111.6437019,40.2513362],[-111.6437019,40.2513975],[-111.6436939,40.2513975],[-111.643694,40.2514791],[-111.643702,40.2514791],[-111.6437024,40.2515622],[-111.6436871,40.2515718],[-111.6436872,40.2515937],[-111.6437014,40.251604],[-111.6437001,40.2517032],[-111.643728,40.2517033],[-111.643727,40.2518042],[-111.643781,40.2518045],[-111.6438374,40.2518048],[-111.6438376,40.2517812],[-111.6439499,40.2517819],[-111.6439499,40.2517872],[-111.6440605,40.2517878],[-111.6440606,40.2517801],[-111.6441662,40.2517807],[-111.6441796,40.2517925],[-111.6442075,40.2517926],[-111.6442237,40.2517808],[-111.6443509,40.2517813],[-111.644351,40.2517678],[-111.6443929,40.2517679],[-111.6443932,40.251722],[-111.6444073,40.2517221],[-111.644407,40.2517176],[-111.6444074,40.2517059],[-111.6444071,40.251698],[-111.6444081,40.2515957]]]}},{"type":"Feature","id":312712632,"properties":{"osmId":312712632,"category":"residential","addr:city":"Provo","addr:housenumber":"3","addr:postcode":"84602","addr:state":"UT","addr:street":"Heritage Halls","building":"dormitory","building:levels":"4","building:levels:underground":"1","name":"Heritage Halls Building 3","source":"survey;osm notes"},"geometry":{"type":"Polygon","coordinates":[[[-111.643945,40.2511937],[-111.6437751,40.2511941],[-111.643775,40.2511763],[-111.6437749,40.2511609],[-111.643701,40.2511611],[-111.6437007,40.2510981],[-111.6436917,40.2510981],[-111.6436914,40.2510154],[-111.6437013,40.2510154],[-111.6437019,40.2509338],[-111.6436855,40.2509231],[-111.6436847,40.2509],[-111.6437006,40.2508891],[-111.6436998,40.2507918],[-111.6437299,40.2507917],[-111.6437297,40.2506943],[-111.64378,40.2506942],[-111.6438332,40.2506941],[-111.6438332,40.2507131],[-111.6439498,40.250713],[-111.6439498,40.2507074],[-111.6440561,40.2507072],[-111.6440561,40.2507122],[-111.6441637,40.2507121],[-111.6441774,40.2507004],[-111.6442042,40.2506999],[-111.6442199,40.2507106],[-111.6443499,40.250711],[-111.6443498,40.2507248],[-111.6443918,40.250725],[-111.6443915,40.250776],[-111.6444068,40.2507761],[-111.6444068,40.250786],[-111.6444068,40.2507951],[-111.6444062,40.2508975],[-111.6442813,40.2508971],[-111.6442672,40.2509082],[-111.6442407,40.2509083],[-111.6442268,40.2508972],[-111.6441148,40.250898],[-111.6441149,40.2509033],[-111.6440439,40.2509038],[-111.6440443,40.250913],[-111.6440333,40.2509214],[-111.644009,40.2509214],[-111.6439876,40.2509214],[-111.6439752,40.2509147],[-111.6439749,40.2508981],[-111.643944,40.2508982],[-111.6439443,40.2509828],[-111.6439522,40.2509828],[-111.6439525,40.2510667],[-111.6439445,40.2510667],[-111.643945,40.2511937]]]}},{"type":"Feature","id":312712635,"properties":{"osmId":312712635,"category":"residential","addr:city":"Provo","addr:housenumber":"15","addr:postcode":"84602","addr:state":"UT","addr:street":"Heritage Halls","building":"dormitory","building:levels":"4","building:levels:underground":"1","name":"Heritage Halls Building 15","source":"survey"},"geometry":{"type":"Polygon","coordinates":[[[-111.6444082,40.2544599],[-111.6443215,40.2544607],[-111.6443089,40.2544498],[-111.6442849,40.2544498],[-111.6442662,40.2544626],[-111.6441549,40.2544634],[-111.6441548,40.2544566],[-111.6440854,40.2544571],[-111.6440853,40.2544493],[-111.6440503,40.2544496],[-111.6440159,40.2544499],[-111.6440162,40.254467],[-111.6439841,40.2544673],[-111.6439827,40.254378],[-111.643992,40.2543779],[-111.6439906,40.2542959],[-111.6439819,40.254296],[-111.6439795,40.2541708],[-111.6438275,40.2541726],[-111.6438276,40.2541775],[-111.6438181,40.2541776],[-111.6438184,40.2541909],[-111.6438187,40.2542051],[-111.643738,40.2542062],[-111.6437393,40.2542658],[-111.6437296,40.2542659],[-111.6437316,40.2543518],[-111.6437423,40.2543516],[-111.6437442,40.2544322],[-111.6437258,40.2544437],[-111.6437261,40.254465],[-111.6437428,40.2544761],[-111.6437442,40.2545733],[-111.643772,40.2545731],[-111.6437735,40.254674],[-111.6438263,40.2546735],[-111.6438808,40.2546731],[-111.6438804,40.2546498],[-111.6443516,40.2546457],[-111.6443514,40.254632],[-111.6443939,40.2546316],[-111.6443932,40.2545801],[-111.6444101,40.2545799],[-111.6444099,40.2545663],[-111.6444082,40.2544599]]]}},{"type":"Feature","id":312712636,"properties":{"osmId":312712636,"category":"residential","addr:city":"Provo","addr:housenumber":"16","addr:postcode":"84602","addr:state":"UT","addr:street":"Heritage Halls","building":"dormitory","building:levels":"4","building:levels:underground":"1","name":"Heritage Halls Building 16","source":"survey"},"geometry":{"type":"Polygon","coordinates":[[[-111.6445784,40.2544602],[-111.644658,40.2544591],[-111.6446708,40.2544452],[-111.6447009,40.2544446],[-111.6447142,40.2544579],[-111.6448278,40.2544569],[-111.6448276,40.2544487],[-111.644896,40.2544481],[-111.6448959,40.2544413],[-111.6449393,40.254441],[-111.6449659,40.2544407],[-111.6449661,40.2544579],[-111.6449998,40.2544576],[-111.6449987,40.2543687],[-111.6449886,40.2543688],[-111.6449877,40.2542878],[-111.6449969,40.2542877],[-111.6449956,40.2541607],[-111.6451571,40.2541597],[-111.6451573,40.2541767],[-111.6451574,40.2541921],[-111.6452359,40.2541917],[-111.6452365,40.2542528],[-111.6452469,40.2542528],[-111.6452477,40.2543368],[-111.6452391,40.2543369],[-111.6452399,40.2544195],[-111.6452556,40.2544283],[-111.6452552,40.25445],[-111.6452423,40.2544595],[-111.6452434,40.2545721],[-111.6452186,40.2545723],[-111.6452195,40.2546615],[-111.6451598,40.2546619],[-111.6451057,40.2546622],[-111.6451055,40.2546402],[-111.6449984,40.2546409],[-111.6449985,40.2546493],[-111.6448867,40.25465],[-111.6448866,40.2546413],[-111.6447785,40.254642],[-111.6447642,40.2546544],[-111.6447362,40.254655],[-111.6447244,40.2546427],[-111.6446364,40.2546439],[-111.6446361,40.2546308],[-111.644594,40.2546314],[-111.6445927,40.2545759],[-111.644581,40.254576],[-111.6445805,40.254565],[-111.6445784,40.2544602]]]}},{"type":"Feature","id":342956013,"properties":{"osmId":342956013,"category":"academic","building":"roof","layer":"1"},"geometry":{"type":"Polygon","coordinates":[[[-111.6501306,40.2467935],[-111.6501295,40.2467532],[-111.6501285,40.2467176],[-111.6500872,40.2467182],[-111.6500495,40.2467187],[-111.6500505,40.2467543],[-111.6500517,40.2467945],[-111.6500904,40.246794],[-111.6501306,40.2467935]]]}},{"type":"Feature","id":342956014,"properties":{"osmId":342956014,"category":"academic","amenity":"shelter","building":"yes","shelter_type":"gazebo"},"geometry":{"type":"Polygon","coordinates":[[[-111.6521924,40.2517627],[-111.6521788,40.251775],[-111.6521505,40.2517761],[-111.6521329,40.2517615],[-111.6521329,40.2517423],[-111.6521515,40.2517292],[-111.6521813,40.2517292],[-111.6521944,40.2517434],[-111.6521924,40.2517627]]]}},{"type":"Feature","id":343705034,"properties":{"osmId":343705034,"category":"academic","building":"yes","name":"Taylor Building Annex","short_name":"TRLA"},"geometry":{"type":"Polygon","coordinates":[[[-111.6417081,40.2490257],[-111.641642,40.2490259],[-111.6416421,40.2490456],[-111.6415639,40.2490458],[-111.6415638,40.2490252],[-111.6414665,40.2490254],[-111.6414664,40.2490035],[-111.6414486,40.2490035],[-111.6414482,40.2489173],[-111.6414666,40.2489173],[-111.6414662,40.2488474],[-111.6416332,40.248847],[-111.6416335,40.2488914],[-111.6417075,40.2488912],[-111.6417081,40.2490257]]]}},{"type":"Feature","id":343705035,"properties":{"osmId":343705035,"category":"academic","building":"university","name":"Daniel H. Wells ROTC Building"},"geometry":{"type":"Polygon","coordinates":[[[-111.6440785,40.24814],[-111.6439085,40.2481416],[-111.6439067,40.2480303],[-111.6438528,40.2480308],[-111.6438513,40.2479363],[-111.643906,40.2479357],[-111.6439042,40.2478239],[-111.6440733,40.2478223],[-111.6440759,40.2479778],[-111.6440785,40.24814]]]}},{"type":"Feature","id":344285975,"properties":{"osmId":344285975,"category":"residential","building":"residential","name":"13a"},"geometry":{"type":"Polygon","coordinates":[[[-111.6381478,40.2576941],[-111.6382485,40.2577837],[-111.6382354,40.2577923],[-111.6383301,40.2578765],[-111.638321,40.2578825],[-111.6384147,40.2579659],[-111.6383018,40.2580398],[-111.6382002,40.2579493],[-111.6382134,40.2579407],[-111.6381189,40.2578566],[-111.6381276,40.257851],[-111.6380346,40.2577682],[-111.6381478,40.2576941]]]}},{"type":"Feature","id":344285976,"properties":{"osmId":344285976,"category":"residential","building":"residential","name":"12c"},"geometry":{"type":"Polygon","coordinates":[[[-111.6384294,40.2587283],[-111.6385069,40.2588305],[-111.6384919,40.2588371],[-111.6385647,40.2589332],[-111.6385543,40.2589378],[-111.6386264,40.2590329],[-111.6384976,40.2590897],[-111.6384194,40.2589866],[-111.6384345,40.2589799],[-111.6383619,40.258884],[-111.6383717,40.2588797],[-111.6383003,40.2587853],[-111.6384294,40.2587283]]]}},{"type":"Feature","id":344285977,"properties":{"osmId":344285977,"category":"residential","building":"residential","name":"11c"},"geometry":{"type":"Polygon","coordinates":[[[-111.6393616,40.259266],[-111.6394102,40.2593781],[-111.6393938,40.2593822],[-111.6394395,40.2594876],[-111.6394281,40.2594905],[-111.6394733,40.2595948],[-111.6393321,40.2596305],[-111.639283,40.2595173],[-111.6392996,40.2595132],[-111.639254,40.259408],[-111.6392648,40.2594053],[-111.6392199,40.2593018],[-111.6393616,40.259266]]]}},{"type":"Feature","id":344285978,"properties":{"osmId":344285978,"category":"residential","building":"residential","name":"9b"},"geometry":{"type":"Polygon","coordinates":[[[-111.6399653,40.2596628],[-111.6401091,40.2597063],[-111.6401028,40.2597186],[-111.640238,40.2597594],[-111.6402336,40.2597679],[-111.6403675,40.2598084],[-111.6403127,40.2599139],[-111.6401675,40.2598701],[-111.6401739,40.2598577],[-111.640039,40.2598169],[-111.6400432,40.2598088],[-111.6399104,40.2597687],[-111.6399653,40.2596628]]]}},{"type":"Feature","id":344285979,"properties":{"osmId":344285979,"category":"residential","building":"residential","name":"10c"},"geometry":{"type":"Polygon","coordinates":[[[-111.6397359,40.2600571],[-111.6398752,40.2601085],[-111.6398676,40.2601204],[-111.6399986,40.2601687],[-111.6399934,40.2601769],[-111.640123,40.2602248],[-111.6400582,40.260327],[-111.6399176,40.2602751],[-111.6399252,40.2602631],[-111.6397946,40.2602149],[-111.6397995,40.2602071],[-111.6396709,40.2601596],[-111.6397359,40.2600571]]]}},{"type":"Feature","id":344285980,"properties":{"osmId":344285980,"category":"residential","building":"residential","name":"10a"},"geometry":{"type":"Polygon","coordinates":[[[-111.6398121,40.2609846],[-111.6398684,40.2608746],[-111.6398523,40.2608698],[-111.6399052,40.2607665],[-111.6398941,40.2607631],[-111.6399465,40.2606608],[-111.6398079,40.2606194],[-111.6397511,40.2607304],[-111.6397673,40.2607353],[-111.6397145,40.2608384],[-111.6397251,40.2608416],[-111.6396731,40.2609431],[-111.6398121,40.2609846]]]}},{"type":"Feature","id":344285981,"properties":{"osmId":344285981,"category":"residential","building":"residential","name":"11e"},"geometry":{"type":"Polygon","coordinates":[[[-111.6389517,40.258584],[-111.639041,40.2586804],[-111.6390268,40.258688],[-111.6391108,40.2587787],[-111.639101,40.2587839],[-111.6391841,40.2588737],[-111.6390626,40.2589392],[-111.6389725,40.2588419],[-111.6389867,40.2588342],[-111.638903,40.2587437],[-111.6389123,40.2587387],[-111.6388298,40.2586497],[-111.6389517,40.258584]]]}},{"type":"Feature","id":344285982,"properties":{"osmId":344285982,"category":"residential","building":"residential","name":"8d"},"geometry":{"type":"Polygon","coordinates":[[[-111.6404591,40.2588513],[-111.640316,40.2588065],[-111.6403094,40.2588187],[-111.6401749,40.2587766],[-111.6401703,40.258785],[-111.6400371,40.2587433],[-111.6399806,40.2588483],[-111.6401251,40.2588936],[-111.6401317,40.2588813],[-111.640266,40.2589233],[-111.6402703,40.2589153],[-111.6404024,40.2589567],[-111.6404591,40.2588513]]]}},{"type":"Feature","id":344285983,"properties":{"osmId":344285983,"category":"residential","building":"residential","name":"8c"},"geometry":{"type":"Polygon","coordinates":[[[-111.6403401,40.2590731],[-111.640197,40.2590282],[-111.6401904,40.2590404],[-111.6400559,40.2589983],[-111.6400513,40.2590068],[-111.6399181,40.258965],[-111.6398616,40.2590701],[-111.6400061,40.2591153],[-111.6400127,40.259103],[-111.640147,40.2591451],[-111.6401513,40.259137],[-111.6402834,40.2591784],[-111.6403401,40.2590731]]]}},{"type":"Feature","id":344285984,"properties":{"osmId":344285984,"category":"residential","building":"residential","name":"13c"},"geometry":{"type":"Polygon","coordinates":[[[-111.6383914,40.2574708],[-111.6382951,40.2573784],[-111.6383086,40.2573702],[-111.6382181,40.2572833],[-111.6382274,40.2572776],[-111.6381378,40.2571916],[-111.6382542,40.2571209],[-111.6383514,40.2572142],[-111.6383378,40.2572225],[-111.6384281,40.2573091],[-111.6384192,40.2573145],[-111.6385082,40.2573999],[-111.6383914,40.2574708]]]}},{"type":"Feature","id":344285985,"properties":{"osmId":344285985,"category":"residential","building":"residential","name":"9c"},"geometry":{"type":"Polygon","coordinates":[[[-111.6400819,40.2594335],[-111.6402258,40.259477],[-111.6402194,40.2594892],[-111.6403546,40.2595301],[-111.6403502,40.2595386],[-111.6404841,40.259579],[-111.6404293,40.2596846],[-111.6402841,40.2596407],[-111.6402906,40.2596284],[-111.6401556,40.2595876],[-111.6401598,40.2595795],[-111.640027,40.2595394],[-111.6400819,40.2594335]]]}},{"type":"Feature","id":344285986,"properties":{"osmId":344285986,"category":"residential","building":"residential","name":"13d"},"geometry":{"type":"Polygon","coordinates":[[[-111.6387219,40.2577806],[-111.6386256,40.2576882],[-111.6386391,40.25768],[-111.6385486,40.2575931],[-111.6385579,40.2575874],[-111.6384683,40.2575014],[-111.6385847,40.2574308],[-111.6386819,40.257524],[-111.6386683,40.2575323],[-111.6387586,40.2576189],[-111.6387497,40.2576244],[-111.6388387,40.2577097],[-111.6387219,40.2577806]]]}},{"type":"Feature","id":344285987,"properties":{"osmId":344285987,"category":"academic","building":"yes","name":"Multipurpose Building"},"geometry":{"type":"Polygon","coordinates":[[[-111.6389552,40.2583317],[-111.6388377,40.2584225],[-111.6387408,40.2583495],[-111.6387026,40.2583791],[-111.6383941,40.2581468],[-111.6384664,40.2580909],[-111.6384541,40.2580816],[-111.6385126,40.2580364],[-111.638523,40.2580442],[-111.6386248,40.2579655],[-111.6387792,40.2580817],[-111.6387141,40.258132],[-111.6387462,40.2581561],[-111.6387343,40.2581653],[-111.6389552,40.2583317]]]}},{"type":"Feature","id":344285988,"properties":{"osmId":344285988,"category":"residential","building":"residential","name":"15b"},"geometry":{"type":"Polygon","coordinates":[[[-111.6407439,40.2606839],[-111.6408609,40.2606188],[-111.6409046,40.2606646],[-111.6409161,40.2606583],[-111.6409479,40.2606916],[-111.6409394,40.2606963],[-111.6409599,40.2607177],[-111.6409477,40.2607245],[-111.6409796,40.260758],[-111.6409884,40.2607532],[-111.6410213,40.2607876],[-111.6410123,40.2607926],[-111.641029,40.2608101],[-111.6409085,40.2608771],[-111.6408141,40.2607782],[-111.640827,40.260771],[-111.6407439,40.2606839]]]}},{"type":"Feature","id":344285989,"properties":{"osmId":344285989,"category":"residential","building":"residential","name":"16E"},"geometry":{"type":"Polygon","coordinates":[[[-111.6425782,40.2587772],[-111.6426316,40.2586745],[-111.6427006,40.2586954],[-111.6427059,40.2586853],[-111.642756,40.2587005],[-111.6427522,40.258708],[-111.6427845,40.2587178],[-111.6427789,40.2587285],[-111.6428295,40.2587437],[-111.6428335,40.258736],[-111.6428853,40.2587517],[-111.6428812,40.2587596],[-111.6429077,40.2587676],[-111.6428527,40.2588734],[-111.6427037,40.2588283],[-111.6427096,40.258817],[-111.6425782,40.2587772]]]}},{"type":"Feature","id":344285990,"properties":{"osmId":344285990,"category":"residential","building":"residential","name":"17C"},"geometry":{"type":"Polygon","coordinates":[[[-111.6429743,40.2585137],[-111.6429212,40.2586165],[-111.6428521,40.2585958],[-111.6428469,40.2586058],[-111.6427967,40.2585907],[-111.6428005,40.2585833],[-111.6427682,40.2585736],[-111.6427737,40.2585628],[-111.6427231,40.2585477],[-111.6427192,40.2585554],[-111.6426672,40.2585398],[-111.6426713,40.2585319],[-111.6426448,40.2585239],[-111.6426995,40.258418],[-111.6428487,40.2584628],[-111.6428428,40.2584742],[-111.6429743,40.2585137]]]}},{"type":"Feature","id":344285991,"properties":{"osmId":344285991,"category":"residential","building":"residential","name":"14c"},"geometry":{"type":"Polygon","coordinates":[[[-111.6400858,40.2616734],[-111.6400063,40.2617657],[-111.6399442,40.2617346],[-111.6399364,40.2617436],[-111.6398913,40.261721],[-111.6398971,40.2617143],[-111.639868,40.2616997],[-111.6398763,40.2616901],[-111.6398309,40.2616673],[-111.6398249,40.2616743],[-111.6397783,40.2616509],[-111.6397844,40.2616438],[-111.6397607,40.2616318],[-111.6398426,40.2615368],[-111.6399766,40.261604],[-111.6399678,40.2616142],[-111.6400858,40.2616734]]]}},{"type":"Feature","id":344285992,"properties":{"osmId":344285992,"category":"residential","building":"residential","name":"16A"},"geometry":{"type":"Polygon","coordinates":[[[-111.642103,40.2589152],[-111.64205,40.2590181],[-111.6419809,40.2589973],[-111.6419757,40.2590074],[-111.6419254,40.2589923],[-111.6419293,40.2589848],[-111.6418969,40.2589751],[-111.6419024,40.2589644],[-111.6418519,40.2589492],[-111.6418479,40.2589569],[-111.641796,40.2589413],[-111.6418,40.2589334],[-111.6417736,40.2589254],[-111.6418282,40.2588196],[-111.6419774,40.2588644],[-111.6419716,40.2588757],[-111.642103,40.2589152]]]}},{"type":"Feature","id":344285993,"properties":{"osmId":344285993,"category":"residential","building":"residential","name":"14d"},"geometry":{"type":"Polygon","coordinates":[[[-111.6395545,40.2613948],[-111.6394183,40.2613573],[-111.6394435,40.261304],[-111.6394302,40.2613003],[-111.6394485,40.2612616],[-111.6394584,40.2612643],[-111.6394702,40.2612393],[-111.6394844,40.2612432],[-111.6395029,40.2612042],[-111.6394926,40.2612014],[-111.6395116,40.2611614],[-111.6395221,40.2611643],[-111.6395317,40.2611438],[-111.639672,40.2611825],[-111.6396175,40.2612976],[-111.6396025,40.2612934],[-111.6395545,40.2613948]]]}},{"type":"Feature","id":344285994,"properties":{"osmId":344285994,"category":"residential","building":"residential","name":"17B"},"geometry":{"type":"Polygon","coordinates":[[[-111.6426341,40.25838],[-111.6425811,40.2584829],[-111.642512,40.2584621],[-111.6425068,40.2584722],[-111.6424566,40.2584571],[-111.6424604,40.2584496],[-111.642428,40.2584399],[-111.6424336,40.2584292],[-111.642383,40.258414],[-111.642379,40.2584217],[-111.6423271,40.2584061],[-111.6423312,40.2583982],[-111.6423047,40.2583902],[-111.6423594,40.2582844],[-111.6425086,40.2583292],[-111.6425027,40.2583405],[-111.6426341,40.25838]]]}},{"type":"Feature","id":344285995,"properties":{"osmId":344285995,"category":"residential","building":"residential","name":"16B"},"geometry":{"type":"Polygon","coordinates":[[[-111.6424845,40.2590629],[-111.6424315,40.2591657],[-111.6423624,40.259145],[-111.6423572,40.259155],[-111.642307,40.2591399],[-111.6423108,40.2591325],[-111.6422785,40.2591228],[-111.642284,40.2591121],[-111.6422334,40.2590969],[-111.6422294,40.2591046],[-111.6421775,40.259089],[-111.6421816,40.2590811],[-111.6421551,40.2590731],[-111.6422098,40.2589672],[-111.642359,40.2590121],[-111.6423531,40.2590234],[-111.6424845,40.2590629]]]}},{"type":"Feature","id":344285996,"properties":{"osmId":344285996,"category":"residential","building":"residential","name":"16D"},"geometry":{"type":"Polygon","coordinates":[[[-111.6428134,40.259186],[-111.6429503,40.2592221],[-111.6429745,40.2591685],[-111.6429879,40.2591721],[-111.6430056,40.2591331],[-111.6429956,40.2591305],[-111.643007,40.2591054],[-111.6429927,40.2591017],[-111.6430105,40.2590625],[-111.6430208,40.2590652],[-111.643039,40.2590249],[-111.6430285,40.2590222],[-111.6430378,40.2590017],[-111.6428968,40.2589645],[-111.6428444,40.2590801],[-111.6428596,40.2590841],[-111.6428134,40.259186]]]}},{"type":"Feature","id":344285997,"properties":{"osmId":344285997,"category":"residential","building":"residential","name":"14b"},"geometry":{"type":"Polygon","coordinates":[[[-111.6395922,40.2618298],[-111.6396738,40.2617386],[-111.6397352,40.2617706],[-111.6397432,40.2617616],[-111.6397877,40.2617849],[-111.6397818,40.2617915],[-111.6398105,40.2618065],[-111.639802,40.261816],[-111.6398469,40.2618394],[-111.639853,40.2618325],[-111.6398991,40.2618565],[-111.6398928,40.2618635],[-111.6399163,40.2618758],[-111.6398322,40.2619697],[-111.6396998,40.2619007],[-111.6397088,40.2618906],[-111.6395922,40.2618298]]]}},{"type":"Feature","id":344285998,"properties":{"osmId":344285998,"category":"residential","building":"residential","name":"15e"},"geometry":{"type":"Polygon","coordinates":[[[-111.6419521,40.2603206],[-111.641825,40.2603735],[-111.6417894,40.2603238],[-111.641777,40.2603289],[-111.6417511,40.2602928],[-111.6417604,40.2602889],[-111.6417437,40.2602656],[-111.641757,40.2602601],[-111.6417309,40.2602237],[-111.6417214,40.2602277],[-111.6416947,40.2601903],[-111.6417044,40.2601862],[-111.6416908,40.2601672],[-111.6418218,40.2601127],[-111.6418985,40.2602201],[-111.6418845,40.260226],[-111.6419521,40.2603206]]]}},{"type":"Feature","id":344285999,"properties":{"osmId":344285999,"category":"residential","building":"residential","name":"15a"},"geometry":{"type":"Polygon","coordinates":[[[-111.640766,40.2612189],[-111.6406476,40.2612825],[-111.6406048,40.2612362],[-111.6405933,40.2612425],[-111.6405621,40.2612088],[-111.6405707,40.2612042],[-111.6405507,40.2611825],[-111.640563,40.2611759],[-111.6405317,40.261142],[-111.6405228,40.2611467],[-111.6404907,40.2611119],[-111.6404998,40.261107],[-111.6404834,40.2610893],[-111.6406053,40.2610237],[-111.6406977,40.2611237],[-111.6406846,40.2611308],[-111.640766,40.2612189]]]}},{"type":"Feature","id":344286000,"properties":{"osmId":344286000,"category":"residential","building":"residential","name":"17A"},"geometry":{"type":"Polygon","coordinates":[[[-111.6422938,40.2582481],[-111.6422407,40.2583509],[-111.6421716,40.2583301],[-111.6421664,40.2583402],[-111.6421162,40.2583251],[-111.64212,40.2583177],[-111.6420877,40.2583079],[-111.6420932,40.2582972],[-111.6420427,40.258282],[-111.6420387,40.2582897],[-111.6419867,40.2582741],[-111.6419908,40.2582662],[-111.6419644,40.2582583],[-111.642019,40.2581524],[-111.6421682,40.2581972],[-111.6421623,40.2582086],[-111.6422938,40.2582481]]]}},{"type":"Feature","id":344286001,"properties":{"osmId":344286001,"category":"residential","building":"residential","name":"16G"},"geometry":{"type":"Polygon","coordinates":[[[-111.6418999,40.25851],[-111.6419533,40.2584073],[-111.6420223,40.2584282],[-111.6420275,40.2584181],[-111.6420777,40.2584333],[-111.6420738,40.2584407],[-111.6421062,40.2584505],[-111.6421006,40.2584612],[-111.6421511,40.2584765],[-111.6421551,40.2584688],[-111.642207,40.2584845],[-111.6422029,40.2584924],[-111.6422293,40.2585004],[-111.6421744,40.2586062],[-111.6420253,40.2585611],[-111.6420312,40.2585497],[-111.6418999,40.25851]]]}},{"type":"Feature","id":344286002,"properties":{"osmId":344286002,"category":"residential","building":"residential","name":"16F"},"geometry":{"type":"Polygon","coordinates":[[[-111.6422411,40.2586465],[-111.6422944,40.2585438],[-111.6423635,40.2585647],[-111.6423687,40.2585546],[-111.6424189,40.2585698],[-111.642415,40.2585773],[-111.6424474,40.258587],[-111.6424418,40.2585978],[-111.6424923,40.258613],[-111.6424963,40.2586053],[-111.6425482,40.258621],[-111.6425441,40.2586289],[-111.6425705,40.2586369],[-111.6425156,40.2587427],[-111.6423665,40.2586976],[-111.6423724,40.2586863],[-111.6422411,40.2586465]]]}},{"type":"Feature","id":344286003,"properties":{"osmId":344286003,"category":"residential","building":"residential","name":"16C"},"geometry":{"type":"Polygon","coordinates":[[[-111.6429239,40.2593392],[-111.6428396,40.259429],[-111.6427792,40.259396],[-111.642771,40.2594048],[-111.6427271,40.2593808],[-111.6427332,40.2593743],[-111.6427049,40.2593588],[-111.6427137,40.2593494],[-111.6426696,40.2593253],[-111.6426632,40.259332],[-111.6426179,40.2593072],[-111.6426243,40.2593003],[-111.6426012,40.2592877],[-111.6426881,40.2591952],[-111.6428184,40.2592664],[-111.6428091,40.2592764],[-111.6429239,40.2593392]]]}},{"type":"Feature","id":344286004,"properties":{"osmId":344286004,"category":"residential","building":"residential","name":"14a"},"geometry":{"type":"Polygon","coordinates":[[[-111.6395684,40.2621478],[-111.6394874,40.2622394],[-111.6394259,40.2622077],[-111.6394179,40.2622167],[-111.6393732,40.2621937],[-111.6393791,40.262187],[-111.6393502,40.2621722],[-111.6393587,40.2621627],[-111.6393136,40.2621395],[-111.6393075,40.2621463],[-111.6392613,40.2621225],[-111.6392675,40.2621155],[-111.6392439,40.2621034],[-111.6393273,40.262009],[-111.6394602,40.2620774],[-111.6394513,40.2620875],[-111.6395684,40.2621478]]]}},{"type":"Feature","id":344286005,"properties":{"osmId":344286005,"category":"residential","building":"residential","name":"15d"},"geometry":{"type":"Polygon","coordinates":[[[-111.6414975,40.2602099],[-111.6413736,40.2602754],[-111.6414562,40.2603662],[-111.6414435,40.2603729],[-111.6415241,40.2604616],[-111.6415123,40.2604679],[-111.6415995,40.2605639],[-111.6417172,40.2605016],[-111.6416998,40.2604825],[-111.6417148,40.2604745],[-111.6416891,40.2604461],[-111.6416746,40.2604538],[-111.6416362,40.2604115],[-111.6416491,40.2604047],[-111.6416327,40.2603867],[-111.6416465,40.2603794],[-111.6416178,40.2603479],[-111.641607,40.2603536],[-111.6415733,40.2603165],[-111.6415869,40.2603093],[-111.6415683,40.2602888],[-111.6415794,40.2602829],[-111.6415485,40.260249],[-111.641538,40.2602545],[-111.6414975,40.2602099]]]}},{"type":"Feature","id":344286006,"properties":{"osmId":344286006,"category":"residential","building":"residential","name":"15c"},"geometry":{"type":"Polygon","coordinates":[[[-111.6412025,40.2608206],[-111.6413245,40.2607531],[-111.6412395,40.2606636],[-111.641252,40.2606567],[-111.641169,40.2605693],[-111.6411806,40.2605629],[-111.6410908,40.2604682],[-111.6409749,40.2605323],[-111.6409928,40.2605512],[-111.6409779,40.2605594],[-111.6410045,40.2605874],[-111.6410187,40.2605795],[-111.6410583,40.2606212],[-111.6410456,40.2606282],[-111.6410624,40.2606459],[-111.6410488,40.2606534],[-111.6410784,40.2606845],[-111.641089,40.2606786],[-111.6411237,40.2607152],[-111.6411103,40.2607226],[-111.6411295,40.2607428],[-111.6411186,40.2607488],[-111.6411503,40.2607823],[-111.6411607,40.2607766],[-111.6412025,40.2608206]]]}},{"type":"Feature","id":344286007,"properties":{"osmId":344286007,"category":"academic","building":"yes","name":"Laundry #1","shop":"laundry"},"geometry":{"type":"Polygon","coordinates":[[[-111.6406535,40.2576919],[-111.640475,40.25764],[-111.6405328,40.257524],[-111.6407114,40.2575758],[-111.6406535,40.2576919]]]}},{"type":"Feature","id":344286008,"properties":{"osmId":344286008,"category":"residential","building":"residential","building:levels":"3","name":"4B"},"geometry":{"type":"Polygon","coordinates":[[[-111.639027,40.2563512],[-111.6387455,40.2565186],[-111.6386689,40.2564436],[-111.6389504,40.2562762],[-111.639027,40.2563512]]]}},{"type":"Feature","id":344286009,"properties":{"osmId":344286009,"category":"residential","building":"residential","building:levels":"3","name":"3A"},"geometry":{"type":"Polygon","coordinates":[[[-111.6400713,40.2579585],[-111.6399648,40.2580232],[-111.6393747,40.2574574],[-111.6394812,40.2573927],[-111.6400713,40.2579585]]]}},{"type":"Feature","id":344286014,"properties":{"osmId":344286014,"category":"residential","building":"residential","building:levels":"3","name":"6B"},"geometry":{"type":"Polygon","coordinates":[[[-111.6410495,40.2551427],[-111.6407661,40.2553145],[-111.6406835,40.2552352],[-111.6409669,40.2550633],[-111.6410495,40.2551427]]]}},{"type":"Feature","id":344286016,"properties":{"osmId":344286016,"category":"residential","building":"residential","name":"2B"},"geometry":{"type":"Polygon","coordinates":[[[-111.6403799,40.2582192],[-111.6402474,40.2581809],[-111.6403716,40.2579306],[-111.6405041,40.2579689],[-111.6403799,40.2582192]]]}},{"type":"Feature","id":344286017,"properties":{"osmId":344286017,"category":"other","building":"yes","name":"Laundry #2","operator":"Brigham Young University","self_service":"yes","shop":"laundry"},"geometry":{"type":"Polygon","coordinates":[[[-111.6400577,40.2568876],[-111.6399451,40.2567795],[-111.6400735,40.2567016],[-111.6401861,40.2568097],[-111.6400577,40.2568876]]]}},{"type":"Feature","id":344286018,"properties":{"osmId":344286018,"category":"residential","building":"residential","building:levels":"3","name":"6C"},"geometry":{"type":"Polygon","coordinates":[[[-111.6415541,40.2556004],[-111.6411097,40.2551634],[-111.6412128,40.2551023],[-111.6416573,40.2555393],[-111.6415541,40.2556004]]]}},{"type":"Feature","id":344286020,"properties":{"osmId":344286020,"category":"residential","building":"residential","name":"2A"},"geometry":{"type":"Polygon","coordinates":[[[-111.6412513,40.2585169],[-111.6412044,40.2586069],[-111.6403602,40.2583506],[-111.640407,40.2582607],[-111.6412513,40.2585169]]]}},{"type":"Feature","id":344286021,"properties":{"osmId":344286021,"category":"residential","building":"residential","name":"Laundry #5"},"geometry":{"type":"Polygon","coordinates":[[[-111.6413145,40.2601272],[-111.6412638,40.2602268],[-111.6410237,40.2601555],[-111.6410744,40.260056],[-111.6413145,40.2601272]]]}},{"type":"Feature","id":344286022,"properties":{"osmId":344286022,"category":"residential","building":"residential","building:levels":"3","name":"5B"},"geometry":{"type":"Polygon","coordinates":[[[-111.640024,40.2557495],[-111.6397406,40.2559184],[-111.6396615,40.255841],[-111.6399449,40.2556722],[-111.640024,40.2557495]]]}},{"type":"Feature","id":344286024,"properties":{"osmId":344286024,"category":"academic","building":"yes","name":"Laundry #4","shop":"laundry"},"geometry":{"type":"Polygon","coordinates":[[[-111.6399344,40.2594141],[-111.6398814,40.2595159],[-111.6396344,40.259441],[-111.6396874,40.2593392],[-111.6399344,40.2594141]]]}},{"type":"Feature","id":344286025,"properties":{"osmId":344286025,"category":"residential","building":"residential","name":"2C"},"geometry":{"type":"Polygon","coordinates":[[[-111.6414086,40.2582088],[-111.6405662,40.257957],[-111.6406118,40.2578681],[-111.6414542,40.2581199],[-111.6414086,40.2582088]]]}},{"type":"Feature","id":344286026,"properties":{"osmId":344286026,"category":"residential","building":"residential","building:levels":"3","name":"4C"},"geometry":{"type":"Polygon","coordinates":[[[-111.6390923,40.2563698],[-111.6391898,40.2563106],[-111.6397488,40.2568468],[-111.6396513,40.256906],[-111.6390923,40.2563698]]]}},{"type":"Feature","id":344286027,"properties":{"osmId":344286027,"category":"academic","building":"yes"},"geometry":{"type":"Polygon","coordinates":[[[-111.6397145,40.2585079],[-111.6396595,40.2584516],[-111.6397335,40.2584095],[-111.6397885,40.2584658],[-111.6397145,40.2585079]]]}},{"type":"Feature","id":344286028,"properties":{"osmId":344286028,"category":"residential","building":"residential","building:levels":"3","name":"5C"},"geometry":{"type":"Polygon","coordinates":[[[-111.6406524,40.2563012],[-111.6400993,40.2557636],[-111.640207,40.255699],[-111.6407601,40.2562367],[-111.6406524,40.2563012]]]}},{"type":"Feature","id":344286029,"properties":{"osmId":344286029,"category":"residential","building":"residential","building:levels":"3","building:levels:underground":"1","name":"6D"},"geometry":{"type":"Polygon","coordinates":[[[-111.6416434,40.2557263],[-111.641376,40.2558915],[-111.6412925,40.2558093],[-111.6415606,40.2556471],[-111.6416434,40.2557263]]]}},{"type":"Feature","id":344286030,"properties":{"osmId":344286030,"category":"residential","building":"residential","name":"2D"},"geometry":{"type":"Polygon","coordinates":[[[-111.6414357,40.2585421],[-111.6413171,40.2585076],[-111.6414452,40.2582513],[-111.6415638,40.2582858],[-111.6414357,40.2585421]]]}},{"type":"Feature","id":344286031,"properties":{"osmId":344286031,"category":"residential","building":"residential","building:levels":"3","building:levels:underground":"1","name":"5D"},"geometry":{"type":"Polygon","coordinates":[[[-111.6406646,40.2563539],[-111.6407462,40.2564329],[-111.6404635,40.2566031],[-111.6403819,40.2565241],[-111.6406646,40.2563539]]]}},{"type":"Feature","id":344286032,"properties":{"osmId":344286032,"category":"residential","building":"residential","building:levels":"3","name":"6A"},"geometry":{"type":"Polygon","coordinates":[[[-111.64077,40.2553634],[-111.6412203,40.2557989],[-111.6411144,40.2558627],[-111.6406641,40.2554272],[-111.64077,40.2553634]]]}},{"type":"Feature","id":344286033,"properties":{"osmId":344286033,"category":"residential","building":"residential","building:levels":"3","building:levels:underground":"1","name":"4D"},"geometry":{"type":"Polygon","coordinates":[[[-111.6394501,40.2572057],[-111.6393705,40.257128],[-111.6396461,40.2569636],[-111.6397257,40.2570413],[-111.6394501,40.2572057]]]}},{"type":"Feature","id":344286035,"properties":{"osmId":344286035,"category":"residential","building":"residential","building:levels":"3","name":"5A"},"geometry":{"type":"Polygon","coordinates":[[[-111.6397601,40.2559746],[-111.6403171,40.2565108],[-111.6402057,40.2565783],[-111.6396486,40.2560421],[-111.6397601,40.2559746]]]}},{"type":"Feature","id":344286036,"properties":{"osmId":344286036,"category":"residential","building":"residential","building:levels":"3","name":"4A"},"geometry":{"type":"Polygon","coordinates":[[[-111.6387481,40.2565758],[-111.639309,40.257112],[-111.6392086,40.2571732],[-111.6391525,40.2571196],[-111.6390434,40.2570158],[-111.6389304,40.2569073],[-111.6388209,40.2568026],[-111.6387093,40.2566959],[-111.6386477,40.256637],[-111.6387481,40.2565758]]]}},{"type":"Feature","id":344286038,"properties":{"osmId":344286038,"category":"residential","building":"residential","name":"8b"},"geometry":{"type":"Polygon","coordinates":[[[-111.640635,40.2592826],[-111.6404877,40.2592411],[-111.6404933,40.2592295],[-111.6403594,40.2591918],[-111.6404089,40.2590894],[-111.6405561,40.2591308],[-111.6405519,40.2591396],[-111.6406859,40.2591773],[-111.640635,40.2592826]]]}},{"type":"Feature","id":344286039,"properties":{"osmId":344286039,"category":"residential","building":"residential","name":"12a"},"geometry":{"type":"Polygon","coordinates":[[[-111.6388399,40.2596027],[-111.6388071,40.2594855],[-111.6387912,40.2594881],[-111.6387614,40.2593816],[-111.6386216,40.2594043],[-111.6386543,40.2595214],[-111.6386662,40.2595195],[-111.6386961,40.2596261],[-111.6388399,40.2596027]]]}},{"type":"Feature","id":344286040,"properties":{"osmId":344286040,"category":"residential","building":"residential","name":"8a"},"geometry":{"type":"Polygon","coordinates":[[[-111.640979,40.259398],[-111.6408317,40.2593565],[-111.6408374,40.2593449],[-111.6407035,40.2593072],[-111.640753,40.2592048],[-111.6409002,40.2592463],[-111.6408959,40.259255],[-111.64103,40.2592927],[-111.640979,40.259398]]]}},{"type":"Feature","id":344286041,"properties":{"osmId":344286041,"category":"residential","building":"residential","name":"11b"},"geometry":{"type":"Polygon","coordinates":[[[-111.6394828,40.259996],[-111.6393736,40.2599099],[-111.6393852,40.2599013],[-111.639286,40.259823],[-111.6393887,40.2597471],[-111.6394978,40.2598331],[-111.6394891,40.2598396],[-111.6395884,40.2599179],[-111.6394828,40.259996]]]}},{"type":"Feature","id":344286042,"properties":{"osmId":344286042,"category":"residential","building":"residential","name":"12b"},"geometry":{"type":"Polygon","coordinates":[[[-111.6386139,40.2593501],[-111.638578,40.2592335],[-111.6385938,40.2592306],[-111.6385612,40.2591246],[-111.6387004,40.2590997],[-111.6387363,40.2592162],[-111.6387244,40.2592183],[-111.6387571,40.2593245],[-111.6386139,40.2593501]]]}},{"type":"Feature","id":344286043,"properties":{"osmId":344286043,"category":"residential","building":"residential","name":"8e"},"geometry":{"type":"Polygon","coordinates":[[[-111.6407516,40.2590564],[-111.6406043,40.2590149],[-111.6406099,40.2590032],[-111.6404761,40.2589655],[-111.6405256,40.2588632],[-111.6406727,40.2589046],[-111.6406685,40.2589133],[-111.6408025,40.2589511],[-111.6407516,40.2590564]]]}},{"type":"Feature","id":344286044,"properties":{"osmId":344286044,"category":"residential","building":"residential","name":"10b"},"geometry":{"type":"Polygon","coordinates":[[[-111.6397986,40.260489],[-111.6396577,40.2604362],[-111.6396648,40.260425],[-111.6395367,40.260377],[-111.6395997,40.2602791],[-111.6397406,40.2603318],[-111.6397352,40.2603402],[-111.6398634,40.2603882],[-111.6397986,40.260489]]]}},{"type":"Feature","id":344286045,"properties":{"osmId":344286045,"category":"residential","building":"residential","name":"8f"},"geometry":{"type":"Polygon","coordinates":[[[-111.6410961,40.2591726],[-111.6409488,40.2591311],[-111.6409544,40.2591195],[-111.6408205,40.2590818],[-111.64087,40.2589794],[-111.6410172,40.2590209],[-111.641013,40.2590296],[-111.641147,40.2590673],[-111.6410961,40.2591726]]]}},{"type":"Feature","id":344286046,"properties":{"osmId":344286046,"category":"residential","building":"residential","name":"11a"},"geometry":{"type":"Polygon","coordinates":[[[-111.6394316,40.2602957],[-111.6393224,40.2602096],[-111.6393341,40.260201],[-111.6392348,40.2601227],[-111.6393376,40.2600468],[-111.6394467,40.2601329],[-111.639438,40.2601393],[-111.6395373,40.2602176],[-111.6394316,40.2602957]]]}},{"type":"Feature","id":344286047,"properties":{"osmId":344286047,"category":"residential","building":"residential","name":"13b"},"geometry":{"type":"Polygon","coordinates":[[[-111.6381321,40.2571334],[-111.6380285,40.2570434],[-111.6380407,40.2570352],[-111.6379466,40.2569533],[-111.638054,40.2568813],[-111.6381575,40.2569713],[-111.6381484,40.2569774],[-111.6382426,40.2570593],[-111.6381321,40.2571334]]]}},{"type":"Feature","id":344286048,"properties":{"osmId":344286048,"category":"residential","building":"residential","name":"12d"},"geometry":{"type":"Polygon","coordinates":[[[-111.6382749,40.2587393],[-111.6381404,40.2586774],[-111.6381488,40.2586668],[-111.6380265,40.2586106],[-111.6381003,40.2585171],[-111.6382347,40.2585789],[-111.6382284,40.2585869],[-111.6383508,40.2586431],[-111.6382749,40.2587393]]]}},{"type":"Feature","id":344286049,"properties":{"osmId":344286049,"category":"residential","building":"residential","name":"11d"},"geometry":{"type":"Polygon","coordinates":[[[-111.6393098,40.259201],[-111.6393113,40.2590812],[-111.6392951,40.2590811],[-111.6392965,40.2589722],[-111.6391535,40.2589711],[-111.6391519,40.2590908],[-111.6391641,40.2590909],[-111.6391627,40.2591999],[-111.6393098,40.259201]]]}},{"type":"Feature","id":344286050,"properties":{"osmId":344286050,"category":"residential","building":"residential","name":"10f"},"geometry":{"type":"Polygon","coordinates":[[[-111.6401023,40.2610737],[-111.6401602,40.2609624],[-111.6401451,40.2609578],[-111.6401978,40.2608566],[-111.6400649,40.2608163],[-111.640007,40.2609276],[-111.6400183,40.260931],[-111.6399656,40.2610323],[-111.6401023,40.2610737]]]}},{"type":"Feature","id":344286051,"properties":{"osmId":344286051,"category":"residential","building":"residential","name":"10d"},"geometry":{"type":"Polygon","coordinates":[[[-111.6403032,40.2605252],[-111.6402173,40.2604249],[-111.6402309,40.2604181],[-111.6401528,40.2603269],[-111.6402724,40.2602672],[-111.6403583,40.2603674],[-111.6403481,40.2603725],[-111.6404263,40.2604637],[-111.6403032,40.2605252]]]}},{"type":"Feature","id":344286052,"properties":{"osmId":344286052,"category":"residential","building":"residential","name":"9d"},"geometry":{"type":"Polygon","coordinates":[[[-111.6407724,40.2598011],[-111.6406267,40.2597564],[-111.6406328,40.2597449],[-111.6405004,40.2597043],[-111.6405537,40.259603],[-111.6406992,40.2596477],[-111.6406947,40.2596563],[-111.6408273,40.2596969],[-111.6407724,40.2598011]]]}},{"type":"Feature","id":344286053,"properties":{"osmId":344286053,"category":"residential","building":"residential","name":"9a"},"geometry":{"type":"Polygon","coordinates":[[[-111.640655,40.2600288],[-111.6405093,40.2599841],[-111.6405153,40.2599726],[-111.6403829,40.259932],[-111.6404362,40.2598307],[-111.6405818,40.2598754],[-111.6405772,40.259884],[-111.6407098,40.2599246],[-111.640655,40.2600288]]]}},{"type":"Feature","id":344286054,"properties":{"osmId":344286054,"category":"residential","building":"residential","name":"10e"},"geometry":{"type":"Polygon","coordinates":[[[-111.6402232,40.2608078],[-111.6402811,40.2606964],[-111.640266,40.2606919],[-111.6403187,40.2605906],[-111.6401858,40.2605504],[-111.6401279,40.2606616],[-111.6401392,40.2606651],[-111.6400865,40.2607664],[-111.6402232,40.2608078]]]}},{"type":"Feature","id":365010564,"properties":{"osmId":365010564,"category":"academic","building":"university","layer":"1","mapillary":"619078787052303","name":"Life Sciences Building","short_name":"LSB"},"geometry":{"type":"Polygon","coordinates":[[[-111.6488074,40.2445983],[-111.6488082,40.2446842],[-111.6487799,40.2446844],[-111.6487803,40.2447388],[-111.6487808,40.2447938],[-111.6487812,40.2448393],[-111.6487819,40.2449246],[-111.6487764,40.2449246],[-111.6487773,40.2450377],[-111.6487734,40.2450377],[-111.6487758,40.245319],[-111.6488513,40.2453186],[-111.6488512,40.245311],[-111.6489565,40.2453105],[-111.6489566,40.2453308],[-111.6488853,40.2453312],[-111.6488863,40.2454418],[-111.6489007,40.2454417],[-111.6489012,40.2454993],[-111.649196,40.2454978],[-111.6491964,40.2455404],[-111.6492361,40.2455402],[-111.6492707,40.24554],[-111.6492704,40.2454973],[-111.6493155,40.2454971],[-111.6493151,40.245454],[-111.6495424,40.2454528],[-111.6495421,40.2454185],[-111.6495777,40.2454183],[-111.6495771,40.2453563],[-111.6498697,40.2453548],[-111.6498652,40.2448382],[-111.6498644,40.2447438],[-111.6498639,40.2446845],[-111.649833,40.2446846],[-111.6498322,40.2445937],[-111.6493288,40.2445962],[-111.6493281,40.2445091],[-111.6493131,40.2445091],[-111.6493127,40.244462],[-111.649159,40.244462],[-111.649158,40.2445312],[-111.6491471,40.2445313],[-111.6491477,40.2445966],[-111.6488074,40.2445983]]]}},{"type":"Feature","id":368232225,"properties":{"osmId":368232225,"category":"residential","addr:city":"Provo","addr:housenumber":"2","addr:postcode":"84602","addr:state":"UT","addr:street":"Heritage Halls","building":"dormitory","building:levels":"4","building:levels:underground":"1","name":"Heritage Halls Building 2","source":"survey"},"geometry":{"type":"Polygon","coordinates":[[[-111.6445811,40.2508966],[-111.6447039,40.2508966],[-111.6447039,40.2509036],[-111.6447744,40.2509036],[-111.6447744,40.2509115],[-111.6447904,40.2509201],[-111.6448097,40.2509201],[-111.6448297,40.2509201],[-111.6448405,40.2509127],[-111.6448404,40.2508964],[-111.6448766,40.2508964],[-111.6448766,40.2509837],[-111.6448662,40.2509837],[-111.6448662,40.2510637],[-111.6448773,40.2510637],[-111.6448774,40.251193],[-111.6450388,40.2511929],[-111.6450387,40.2511772],[-111.6450387,40.2511584],[-111.6451144,40.2511584],[-111.6451143,40.2510957],[-111.6451244,40.2510957],[-111.6451243,40.2510128],[-111.6451165,40.2510128],[-111.6451164,40.2509298],[-111.6451291,40.2509204],[-111.6451283,40.2508987],[-111.6451144,40.2508901],[-111.6451144,40.2507921],[-111.6450896,40.2507921],[-111.6450896,40.2506912],[-111.6450368,40.2506912],[-111.6449823,40.2506912],[-111.6449823,40.2507117],[-111.6448685,40.2507117],[-111.6448685,40.2507056],[-111.6447597,40.2507056],[-111.6447597,40.2507119],[-111.644638,40.2507119],[-111.644638,40.2507236],[-111.6445931,40.2507236],[-111.6445931,40.2507781],[-111.6445812,40.2507781],[-111.6445812,40.2507855],[-111.6445811,40.2508966]]]}},{"type":"Feature","id":368232226,"properties":{"osmId":368232226,"category":"residential","addr:city":"Provo","addr:housenumber":"5","addr:postcode":"84602","addr:state":"UT","addr:street":"Heritage Halls","building":"dormitory","building:levels":"4","building:levels:underground":"1","name":"Heritage Halls Building 5","source":"survey"},"geometry":{"type":"Polygon","coordinates":[[[-111.6448751,40.2513023],[-111.6448749,40.2514278],[-111.6448645,40.2514278],[-111.6448644,40.2515089],[-111.6448753,40.251509],[-111.6448752,40.2515961],[-111.644842,40.251596],[-111.6448421,40.2515807],[-111.6448313,40.2515712],[-111.6448077,40.2515703],[-111.6447876,40.2515695],[-111.6447737,40.2515796],[-111.6447736,40.2515895],[-111.6447042,40.2515891],[-111.6447041,40.2515968],[-111.6445871,40.2515962],[-111.6445864,40.2517068],[-111.6445861,40.2517122],[-111.6445972,40.2517123],[-111.6445968,40.2517664],[-111.644639,40.2517666],[-111.6446389,40.2517787],[-111.6447614,40.2517792],[-111.6447613,40.2517856],[-111.6448685,40.2517859],[-111.6448685,40.2517801],[-111.6449797,40.2517803],[-111.6449797,40.2518032],[-111.6450398,40.2518033],[-111.6450929,40.2518033],[-111.645093,40.2517033],[-111.6451202,40.2517033],[-111.6451203,40.2516197],[-111.6451151,40.2516197],[-111.6451151,40.2516017],[-111.645131,40.251593],[-111.6451306,40.2515703],[-111.6451156,40.2515598],[-111.6451158,40.2514776],[-111.6451247,40.2514776],[-111.6451249,40.2513943],[-111.6451163,40.2513943],[-111.6451164,40.2513338],[-111.6450357,40.2513337],[-111.6450358,40.2513159],[-111.6450358,40.2513025],[-111.6450109,40.2513025],[-111.6448842,40.2513023],[-111.6448751,40.2513023]]]}},{"type":"Feature","id":368854623,"properties":{"osmId":368854623,"category":"residential","addr:city":"Provo","addr:housenumber":"7","addr:postcode":"84602","addr:state":"UT","addr:street":"Heritage Halls","building":"dormitory","building:levels":"4","building:levels:underground":"1","name":"Heritage Halls Building 7","source":"survey"},"geometry":{"type":"Polygon","coordinates":[[[-111.6444906,40.2525053],[-111.6446547,40.2525051],[-111.6446547,40.2524999],[-111.6447652,40.2524997],[-111.6447652,40.2525052],[-111.6448739,40.252505],[-111.6448738,40.2524899],[-111.6448568,40.25249],[-111.6448567,40.2524594],[-111.6448566,40.2524251],[-111.6448675,40.2524251],[-111.6448674,40.2523746],[-111.6448753,40.2523746],[-111.6448754,40.2522893],[-111.6448615,40.2522819],[-111.6448604,40.2522596],[-111.6448757,40.2522478],[-111.6448743,40.2521483],[-111.6449143,40.2521481],[-111.6449141,40.252123],[-111.644947,40.2521229],[-111.6450458,40.2521225],[-111.645046,40.25215],[-111.6450918,40.2521498],[-111.6450919,40.2521626],[-111.6451,40.2521626],[-111.6451002,40.2521938],[-111.6451173,40.2521938],[-111.6451181,40.252292],[-111.6451331,40.2523032],[-111.645134,40.2523226],[-111.6451187,40.2523364],[-111.6451181,40.2523779],[-111.6451893,40.2523778],[-111.645189,40.2523902],[-111.6451893,40.2524043],[-111.6451761,40.2524043],[-111.645176,40.2524226],[-111.6451761,40.2524253],[-111.6451239,40.2524253],[-111.6451235,40.2524624],[-111.645124,40.2524997],[-111.645116,40.2524997],[-111.645116,40.2525453],[-111.6451471,40.2525453],[-111.6451472,40.2526165],[-111.6451472,40.252672],[-111.6450166,40.252672],[-111.6450166,40.2526922],[-111.6448882,40.2526922],[-111.6448729,40.2527031],[-111.6448464,40.252703],[-111.6448301,40.2526915],[-111.644725,40.2526916],[-111.644725,40.2526992],[-111.644614,40.2526993],[-111.644614,40.2526927],[-111.644532,40.2526928],[-111.6445319,40.2526351],[-111.644515,40.2526351],[-111.6444908,40.2526351],[-111.64449,40.2526063],[-111.64449,40.2525273],[-111.6444906,40.2525053]]]}},{"type":"Feature","id":368854624,"properties":{"osmId":368854624,"category":"residential","addr:city":"Provo","addr:housenumber":"8","addr:postcode":"84602","addr:state":"UT","addr:street":"Heritage Halls","building":"dormitory","building:levels":"4","building:levels:underground":"1","name":"Heritage Halls Building 8","source":"survey"},"geometry":{"type":"Polygon","coordinates":[[[-111.6444122,40.2521728],[-111.6443673,40.2521726],[-111.6442842,40.2521721],[-111.6442706,40.2521835],[-111.6442419,40.2521842],[-111.6442277,40.2521719],[-111.6441169,40.2521717],[-111.6441169,40.2521789],[-111.6440495,40.2521787],[-111.6440495,40.2521881],[-111.6440278,40.252188],[-111.6440193,40.2521912],[-111.64401,40.2521912],[-111.6439985,40.2521911],[-111.6439901,40.2521873],[-111.6439663,40.2521872],[-111.6439664,40.2521714],[-111.6439474,40.2521714],[-111.6439469,40.2522569],[-111.6439562,40.2522569],[-111.6439559,40.2523423],[-111.643947,40.2523423],[-111.6439466,40.2524678],[-111.6439031,40.2524677],[-111.6437816,40.2524674],[-111.6437817,40.2524518],[-111.6437817,40.2524342],[-111.6437046,40.2524341],[-111.6437048,40.2523721],[-111.6436979,40.2523721],[-111.6436981,40.252291],[-111.6437059,40.2522911],[-111.6437061,40.2522066],[-111.64369,40.2521979],[-111.6436899,40.2521746],[-111.6437055,40.2521647],[-111.6437055,40.2521469],[-111.6437014,40.2521469],[-111.6437013,40.2520647],[-111.6437296,40.2520646],[-111.6437295,40.2519663],[-111.6437801,40.2519663],[-111.6438887,40.2519662],[-111.6438887,40.2519872],[-111.6439504,40.2519872],[-111.6439504,40.2519793],[-111.6440617,40.2519792],[-111.6440618,40.2519864],[-111.6441662,40.2519863],[-111.6441823,40.2519751],[-111.644211,40.2519756],[-111.6442243,40.2519855],[-111.6443623,40.2519862],[-111.6443756,40.2519863],[-111.6443869,40.2519864],[-111.6443987,40.2519864],[-111.6443979,40.252076],[-111.6444131,40.2520761],[-111.6444122,40.2521728]]]}},{"type":"Feature","id":412457788,"properties":{"osmId":412457788,"category":"other","addr:city":"Provo","addr:housenumber":"1000","addr:state":"UT","addr:street":"East 820 North","building":"greenhouse","building:levels":"1","name":"Life Sciences Greenhouses","operator":"Brigham Young University"},"geometry":{"type":"Polygon","coordinates":[[[-111.6415837,40.2454404],[-111.64132,40.2454404],[-111.6413094,40.2451108],[-111.6414315,40.2451081],[-111.6414297,40.2450514],[-111.6411431,40.2450487],[-111.6411431,40.2451122],[-111.6412492,40.2451108],[-111.6412492,40.2454458],[-111.6409891,40.2454431],[-111.6409891,40.2451135],[-111.6411006,40.2451135],[-111.6411024,40.2450473],[-111.6410723,40.2450487],[-111.641074,40.2449865],[-111.6415377,40.2449852],[-111.6415377,40.2450473],[-111.6414722,40.2450473],[-111.6414687,40.2451068],[-111.6415855,40.2451068],[-111.6415837,40.2454404]]]}},{"type":"Feature","id":431241594,"properties":{"osmId":431241594,"category":"medical","addr:city":"Provo","addr:housenumber":"1034","addr:postcode":"84604","addr:state":"UT","addr:street":"North 500 West","building":"hospital"},"geometry":{"type":"Polygon","coordinates":[[[-111.6659886,40.2491059],[-111.6661716,40.2491048],[-111.666172,40.2490448],[-111.6662035,40.2490448],[-111.6662038,40.2490304],[-111.6661716,40.2490295],[-111.6661721,40.2490056],[-111.6660263,40.2490048],[-111.6660262,40.2489627],[-111.666045,40.2489653],[-111.6660666,40.248966],[-111.6660871,40.2489629],[-111.6661099,40.2489558],[-111.6661276,40.2489478],[-111.666142,40.248937],[-111.6661557,40.2489231],[-111.6661643,40.2489125],[-111.6661703,40.2488984],[-111.6661738,40.2488676],[-111.6661739,40.2488041],[-111.6661713,40.2487439],[-111.666564,40.2487402],[-111.6665643,40.2485186],[-111.6668582,40.2485195],[-111.6668561,40.2482948],[-111.6671479,40.2482974],[-111.6671448,40.2479927],[-111.6670304,40.2479939],[-111.667036,40.2476077],[-111.6671391,40.2476077],[-111.6671388,40.2475476],[-111.6671381,40.2473481],[-111.6671383,40.2473337],[-111.6670327,40.2473332],[-111.6670367,40.2469342],[-111.6669927,40.2469343],[-111.6668203,40.2469337],[-111.6665782,40.2469406],[-111.6665786,40.2469777],[-111.6664857,40.2469773],[-111.6664866,40.2469606],[-111.6662559,40.2469621],[-111.6660509,40.2469608],[-111.6660533,40.2467583],[-111.6658982,40.2467584],[-111.6659016,40.2472128],[-111.665521,40.2472108],[-111.6655213,40.2472831],[-111.6654523,40.2472825],[-111.6654501,40.2477436],[-111.6655832,40.247745],[-111.6655831,40.2476956],[-111.6659582,40.2476939],[-111.6659591,40.2479805],[-111.6659338,40.2479799],[-111.6659393,40.2486941],[-111.6649527,40.2486994],[-111.6649516,40.2486523],[-111.6648785,40.2486522],[-111.6648783,40.2486325],[-111.6647161,40.2486335],[-111.6647164,40.2486731],[-111.6646783,40.248673],[-111.6646785,40.2487002],[-111.6644334,40.2487036],[-111.6644331,40.2490424],[-111.6649075,40.2490421],[-111.664907,40.2490351],[-111.6651711,40.2490342],[-111.6651709,40.2490439],[-111.6651613,40.2490438],[-111.6651618,40.2490731],[-111.6652553,40.2490731],[-111.6652549,40.2490883],[-111.6654603,40.2490892],[-111.6654592,40.249072],[-111.6655813,40.2490718],[-111.6655821,40.2490411],[-111.6655721,40.2490408],[-111.6655716,40.2490341],[-111.6656811,40.2490354],[-111.6657206,40.2490454],[-111.6659882,40.2490439],[-111.6659886,40.2491059]]]}},{"type":"Feature","id":467806070,"properties":{"osmId":467806070,"category":"academic","building":"university","name":"Green House"},"geometry":{"type":"Polygon","coordinates":[[[-111.6443178,40.2470758],[-111.6442093,40.2470765],[-111.6442126,40.2473666],[-111.6441057,40.2473673],[-111.6441062,40.24741],[-111.6441504,40.2474097],[-111.6441533,40.2476576],[-111.6442583,40.2476569],[-111.6442555,40.2474136],[-111.6443217,40.2474132],[-111.6443178,40.2470758]]]}},{"type":"Feature","id":467806071,"properties":{"osmId":467806071,"category":"academic","building":"university"},"geometry":{"type":"Polygon","coordinates":[[[-111.6441821,40.2472809],[-111.6440626,40.2472822],[-111.6440588,40.2470857],[-111.6441784,40.2470844],[-111.6441821,40.2472809]]]}},{"type":"Feature","id":482050931,"properties":{"osmId":482050931,"category":"academic","building":"university","building:material":"brick","name":"University Laundry Building","roof:colour":"white"},"geometry":{"type":"Polygon","coordinates":[[[-111.6428543,40.2557359],[-111.6428386,40.2561244],[-111.6428131,40.2561238],[-111.6428091,40.2562222],[-111.6428955,40.2562243],[-111.642894,40.2562614],[-111.6429197,40.256262],[-111.6429153,40.256371],[-111.6428894,40.2563704],[-111.642888,40.2564067],[-111.6428392,40.2564055],[-111.6428384,40.2564251],[-111.6427459,40.2564229],[-111.6427466,40.2564044],[-111.6426977,40.2564033],[-111.6426991,40.2563687],[-111.6425291,40.2563647],[-111.6425283,40.2563841],[-111.6421872,40.256376],[-111.6422137,40.2557207],[-111.6428543,40.2557359]]]}},{"type":"Feature","id":482050932,"properties":{"osmId":482050932,"category":"academic","alt_name":"Auxiliary Services Building","building":"university","building:material":"brick","name":"Physical Facilities North Building","note:name":"Building is signed as Physical Facilities North Building, but shows on the BYU website as Auxiliary Services Building.","roof:colour":"white","short_name":"PFNB"},"geometry":{"type":"Polygon","coordinates":[[[-111.6418891,40.2564895],[-111.6419025,40.2559736],[-111.6415578,40.2559684],[-111.641239,40.2561008],[-111.6410212,40.2565243],[-111.6417236,40.2567346],[-111.6417334,40.2567156],[-111.6419251,40.2567731],[-111.6419383,40.2567475],[-111.6419855,40.2567617],[-111.642075,40.2565881],[-111.6420248,40.256573],[-111.642037,40.2565492],[-111.64187,40.256499],[-111.641875,40.2564892],[-111.6418891,40.2564895]]]}},{"type":"Feature","id":483074299,"properties":{"osmId":483074299,"category":"athletic","building":"grandstand","name":"Miller Park"},"geometry":{"type":"Polygon","coordinates":[[[-111.652757,40.2554778],[-111.6529001,40.2554287],[-111.652689,40.2550509],[-111.6526909,40.2550146],[-111.6527076,40.2549793],[-111.652741,40.2549517],[-111.6532356,40.2547908],[-111.653181,40.2546856],[-111.652745,40.2548259],[-111.6526963,40.2547419],[-111.6526576,40.2547545],[-111.6524512,40.254822],[-111.6524303,40.254829],[-111.6523215,40.2546258],[-111.6521434,40.2546822],[-111.652138,40.2546717],[-111.6521216,40.2546759],[-111.652103,40.2546822],[-111.6522108,40.2548763],[-111.6522301,40.2548711],[-111.6522746,40.2549517],[-111.6522788,40.254997],[-111.6522433,40.2550628],[-111.6522033,40.2550887],[-111.6518651,40.2552004],[-111.6519414,40.2553488],[-111.6522572,40.2552448],[-111.652324,40.2552229],[-111.6523542,40.255198],[-111.6523601,40.2552196],[-111.6523617,40.2552314],[-111.6523622,40.2552397],[-111.6523705,40.2552452],[-111.6523817,40.2552427],[-111.6523967,40.2552454],[-111.6524079,40.2552491],[-111.6524136,40.2552534],[-111.6524197,40.2552596],[-111.6524271,40.2552608],[-111.6524454,40.2552491],[-111.6524633,40.2552392],[-111.6524835,40.2552296],[-111.6525033,40.2552218],[-111.6525257,40.2552155],[-111.6525472,40.255211],[-111.6525603,40.25521],[-111.6525665,40.2552044],[-111.6526034,40.255212],[-111.6526817,40.2553479],[-111.652757,40.2554778]]]}},{"type":"Feature","id":483512428,"properties":{"osmId":483512428,"category":"residential","building":"house","name":"BYU Guest House"},"geometry":{"type":"Polygon","coordinates":[[[-111.6527579,40.247031],[-111.6527575,40.2469527],[-111.6527771,40.2469527],[-111.6527769,40.2469012],[-111.6527585,40.2469013],[-111.6527583,40.2468575],[-111.6527439,40.2468575],[-111.6527439,40.246848],[-111.6526101,40.2468484],[-111.6526101,40.2468556],[-111.6525973,40.2468557],[-111.6525974,40.246891],[-111.6526089,40.2468909],[-111.6526092,40.2469491],[-111.6525952,40.2469492],[-111.6525955,40.2470008],[-111.6526593,40.2470006],[-111.6526594,40.247025],[-111.6526969,40.2470248],[-111.6526969,40.2470312],[-111.6527579,40.247031]]]}},{"type":"Feature","id":484999467,"properties":{"osmId":484999467,"category":"athletic","building":"yes","leisure":"sports_centre","name":"Marriott Center Annex"},"geometry":{"type":"Polygon","coordinates":[[[-111.6485453,40.2543437],[-111.6485642,40.2543394],[-111.6485794,40.2543294],[-111.6485877,40.254313],[-111.6485728,40.2536596],[-111.6484284,40.2536616],[-111.6484288,40.2536802],[-111.6481975,40.2536833],[-111.6481792,40.2536946],[-111.6481663,40.2537133],[-111.6481759,40.2542272],[-111.6483182,40.2542257],[-111.6483204,40.2543462],[-111.6485453,40.2543437]]]}},{"type":"Feature","id":641643276,"properties":{"osmId":641643276,"category":"academic","building":"university","building:levels":"4","mapillary":"619079897091050","name":"BYU Engineering Building","operator":"Brigham Young University","short_name":"EB"},"geometry":{"type":"Polygon","coordinates":[[[-111.6482544,40.2464812],[-111.6482845,40.2464808],[-111.648285,40.2464339],[-111.6484533,40.2464333],[-111.6484509,40.2462525],[-111.6484485,40.246077],[-111.6474132,40.2460779],[-111.6473069,40.2460783],[-111.647305,40.2461313],[-111.647335,40.2461306],[-111.6473367,40.2461753],[-111.6473075,40.2461751],[-111.647308,40.2461928],[-111.6473095,40.2464484],[-111.6477557,40.2464409],[-111.6477556,40.2464688],[-111.6481872,40.2464649],[-111.6481879,40.246591],[-111.6482517,40.2465906],[-111.6482544,40.2464812]]]}},{"type":"Feature","id":641643368,"properties":{"osmId":641643368,"category":"academic","building":"university","building:levels":"2","name":"BYU Engineering Annex"},"geometry":{"type":"Polygon","coordinates":[[[-111.6475803,40.2467707],[-111.6475765,40.2466063],[-111.6467701,40.2466173],[-111.6467739,40.2467815],[-111.6475803,40.2467707]]]}},{"type":"Feature","id":658238782,"properties":{"osmId":658238782,"category":"academic","addr:city":"Provo","addr:housenumber":"825","addr:postcode":"84604","addr:state":"UT","addr:street":"Heritage Drive","building":"university","building:levels":"2","name":"Heritage Halls Central Building","short_name":"HRCN"},"geometry":{"type":"Polygon","coordinates":[[[-111.6457013,40.2506732],[-111.6456633,40.2506732],[-111.6456633,40.2507123],[-111.645475,40.2507124],[-111.6454749,40.2506716],[-111.6453915,40.2506716],[-111.6453915,40.2506444],[-111.6453835,40.2506445],[-111.6453834,40.2505818],[-111.6453914,40.2505818],[-111.645391,40.2505068],[-111.645391,40.250485],[-111.6453913,40.2504692],[-111.6453826,40.2504692],[-111.645382,40.2504304],[-111.645382,40.2504123],[-111.6453824,40.2503533],[-111.6453918,40.2503533],[-111.645391,40.2503044],[-111.6453917,40.2502974],[-111.6454707,40.2502973],[-111.6454707,40.250289],[-111.6454772,40.250289],[-111.6456058,40.2502889],[-111.6456648,40.2502888],[-111.6456648,40.2503229],[-111.6458694,40.2503227],[-111.6458695,40.2503856],[-111.6458803,40.2503856],[-111.6458804,40.2504943],[-111.645853,40.2504943],[-111.645853,40.2506195],[-111.645763,40.2506195],[-111.6457013,40.2506196],[-111.6457013,40.2506732]]]}},{"type":"Feature","id":658240199,"properties":{"osmId":658240199,"category":"residential","addr:city":"Provo","addr:housenumber":"6","addr:postcode":"84602","addr:state":"UT","addr:street":"Heritage Halls","building":"dormitory","building:levels":"4","building:levels:underground":"1","name":"Heritage Halls Building 6","source":"survey"},"geometry":{"type":"Polygon","coordinates":[[[-111.645851,40.2508915],[-111.6458895,40.2508916],[-111.6458896,40.2508804],[-111.6459714,40.2508805],[-111.6459913,40.2508805],[-111.6459913,40.2508911],[-111.6460039,40.2508911],[-111.6460039,40.2509025],[-111.6460932,40.2509026],[-111.646093,40.2509957],[-111.6461024,40.2509957],[-111.6461022,40.2510801],[-111.6460918,40.2510801],[-111.6460916,40.2511606],[-111.6461053,40.2511717],[-111.6461054,40.2511937],[-111.6460913,40.2512025],[-111.6460913,40.251304],[-111.6460657,40.251304],[-111.6460657,40.2513943],[-111.6460022,40.2513944],[-111.6459314,40.2513944],[-111.6459314,40.2513723],[-111.6458256,40.2513724],[-111.6458256,40.2513792],[-111.6457131,40.2513793],[-111.6457131,40.2513731],[-111.645606,40.2513733],[-111.6455938,40.2513839],[-111.6455662,40.2513835],[-111.6455533,40.2513738],[-111.6454243,40.2513737],[-111.645424,40.2513668],[-111.6454244,40.251304],[-111.6453885,40.251304],[-111.6453847,40.251304],[-111.6453847,40.2512914],[-111.6453681,40.2512914],[-111.6453681,40.2512778],[-111.6453681,40.2512135],[-111.645384,40.2512135],[-111.6453841,40.2511872],[-111.6455128,40.2511873],[-111.6455271,40.2511765],[-111.6455547,40.2511776],[-111.6455671,40.2511869],[-111.6456822,40.2511871],[-111.6456823,40.2511793],[-111.6457474,40.2511794],[-111.6457474,40.2511708],[-111.6457823,40.2511708],[-111.6458267,40.2511709],[-111.6458267,40.2511858],[-111.6458476,40.2511859],[-111.6458478,40.2510993],[-111.6458399,40.2510993],[-111.64584,40.2510163],[-111.6458507,40.2510163],[-111.645851,40.2508915]]]}},{"type":"Feature","id":676938468,"properties":{"osmId":676938468,"category":"residential","building":"apartments","name":"Building A"},"geometry":{"type":"Polygon","coordinates":[[[-111.6422774,40.2598008],[-111.6422974,40.2597847],[-111.6423083,40.2597925],[-111.6423515,40.2597577],[-111.6423369,40.2597472],[-111.6423565,40.2597314],[-111.6424182,40.2597286],[-111.6424144,40.2596788],[-111.642355,40.2596815],[-111.6423511,40.2596317],[-111.6422865,40.2596347],[-111.6422829,40.2595893],[-111.642218,40.2595923],[-111.6422215,40.2596376],[-111.6422078,40.2596494],[-111.6421898,40.2596371],[-111.6421377,40.2596818],[-111.6421562,40.2596944],[-111.6421391,40.259709],[-111.6420811,40.2597117],[-111.6420851,40.2597611],[-111.6421428,40.2597584],[-111.642147,40.2598098],[-111.6422109,40.2598068],[-111.6422146,40.2598531],[-111.6422814,40.25985],[-111.6422774,40.2598008]]]}},{"type":"Feature","id":676938472,"properties":{"osmId":676938472,"category":"residential","building":"apartments","name":"Building D"},"geometry":{"type":"Polygon","coordinates":[[[-111.6420871,40.2598075],[-111.6420851,40.2597611],[-111.6420811,40.2597117],[-111.6420767,40.2596477],[-111.641998,40.2595948],[-111.6419261,40.259657],[-111.641941,40.2598138],[-111.6420181,40.2598663],[-111.6420871,40.2598075]]]}},{"type":"Feature","id":677354112,"properties":{"osmId":677354112,"category":"academic","building":"yes","building:levels":"1","name":"Laundry #3","shop":"laundry"},"geometry":{"type":"Polygon","coordinates":[[[-111.6413446,40.2558988],[-111.641254,40.2558107],[-111.641139,40.2558796],[-111.6412297,40.2559677],[-111.6413446,40.2558988]]]}},{"type":"Feature","id":677355628,"properties":{"osmId":677355628,"category":"other","access":"permit","amenity":"parking","building":"parking","building:levels":"3","description":"Inside the LSB","fee":"yes","name":"32A- Faculty Permit Required","operator":"Brigham Young University","operator:type":"university","parking":"multi-storey"},"geometry":{"type":"Polygon","coordinates":[[[-111.6498652,40.2448382],[-111.6498644,40.2447438],[-111.6498639,40.2446845],[-111.649833,40.2446846],[-111.6498322,40.2445937],[-111.6488074,40.2445983],[-111.6488082,40.2446842],[-111.6487799,40.2446844],[-111.6487803,40.2447388],[-111.6487808,40.2447938],[-111.6487812,40.2448393],[-111.6498652,40.2448382]]]}},{"type":"Feature","id":923367335,"properties":{"osmId":923367335,"category":"academic","building":"service","historic":"yes"},"geometry":{"type":"Polygon","coordinates":[[[-111.6464003,40.2527814],[-111.6462139,40.2527809],[-111.646213,40.2527287],[-111.6462139,40.2526785],[-111.6463983,40.252677],[-111.6464003,40.2527814]]]}},{"type":"Feature","id":943409366,"properties":{"osmId":943409366,"category":"academic","building":"university","name":"West View Building","short_name":"WVB"},"geometry":{"type":"Polygon","coordinates":[[[-111.6523654,40.2493327],[-111.6520456,40.2493416],[-111.6520419,40.2488052],[-111.6520839,40.2488038],[-111.6521639,40.2484228],[-111.6524503,40.2484489],[-111.6523515,40.2488816],[-111.6523654,40.2493327]]]}},{"type":"Feature","id":1001845735,"properties":{"osmId":1001845735,"category":"academic","amenity":"shelter","building":"yes","shelter_type":"public_transport"},"geometry":{"type":"Polygon","coordinates":[[[-111.6460695,40.2457774],[-111.6460694,40.2457516],[-111.6459392,40.2457519],[-111.6459393,40.2457777],[-111.6460695,40.2457774]]]}},{"type":"Feature","id":1001845736,"properties":{"osmId":1001845736,"category":"academic","amenity":"shelter","building":"yes","shelter_type":"public_transport"},"geometry":{"type":"Polygon","coordinates":[[[-111.6461905,40.2459866],[-111.6461905,40.2459669],[-111.6460554,40.245967],[-111.6460554,40.2459867],[-111.6461905,40.2459866]]]}},{"type":"Feature","id":1001848570,"properties":{"osmId":1001848570,"category":"academic","building":"roof","layer":"1"},"geometry":{"type":"Polygon","coordinates":[[[-111.6462618,40.2567927],[-111.6462614,40.256764],[-111.6461563,40.2567649],[-111.6461567,40.2567935],[-111.6462618,40.2567927]]]}},{"type":"Feature","id":1001848571,"properties":{"osmId":1001848571,"category":"academic","building":"roof","layer":"1"},"geometry":{"type":"Polygon","coordinates":[[[-111.6462974,40.2565584],[-111.6462967,40.2565274],[-111.6461983,40.2565287],[-111.646199,40.2565597],[-111.6462974,40.2565584]]]}},{"type":"Feature","id":1001848803,"properties":{"osmId":1001848803,"category":"academic","amenity":"shelter","building":"yes","layer":"1"},"geometry":{"type":"Polygon","coordinates":[[[-111.6521319,40.2558689],[-111.6521326,40.2558428],[-111.6520221,40.2558412],[-111.6520215,40.2558673],[-111.6521319,40.2558689]]]}},{"type":"Feature","id":1001848804,"properties":{"osmId":1001848804,"category":"academic","building":"roof","layer":"1"},"geometry":{"type":"Polygon","coordinates":[[[-111.6521454,40.255612],[-111.6521461,40.2555865],[-111.6520481,40.2555849],[-111.6520474,40.2556104],[-111.6521454,40.255612]]]}},{"type":"Feature","id":1006871146,"properties":{"osmId":1006871146,"category":"residential","addr:city":"Provo","addr:housenumber":"13","addr:postcode":"84602","addr:state":"UT","addr:street":"Heritage Halls","building":"dormitory","building:levels":"4","building:levels:underground":"1","name":"Heritage Halls Building 13","source":"survey"},"geometry":{"type":"Polygon","coordinates":[[[-111.6445815,40.2537715],[-111.6449487,40.2537712],[-111.6449989,40.2537712],[-111.6449992,40.2540655],[-111.6451448,40.2540654],[-111.6451448,40.2540227],[-111.6451887,40.2540227],[-111.6452352,40.2540227],[-111.6452348,40.2536696],[-111.6451602,40.2536697],[-111.6451601,40.2536122],[-111.6451088,40.2536122],[-111.6451088,40.2535887],[-111.6447659,40.2535888],[-111.644766,40.2536012],[-111.6445813,40.2536013],[-111.6445814,40.2536833],[-111.6445815,40.2537715]]]}},{"type":"Feature","id":1006871147,"properties":{"osmId":1006871147,"category":"residential","addr:city":"Provo","addr:housenumber":"14","addr:postcode":"84602","addr:state":"UT","addr:street":"Heritage Halls","building":"dormitory","building:levels":"4","building:levels:underground":"1","name":"Heritage Halls Building 14","source":"survey"},"geometry":{"type":"Polygon","coordinates":[[[-111.6439785,40.2540815],[-111.6438321,40.2540818],[-111.6438319,40.2540454],[-111.643781,40.2540455],[-111.643744,40.2540456],[-111.6437425,40.2536863],[-111.6437687,40.2536862],[-111.6437683,40.2535813],[-111.6438742,40.253581],[-111.6438743,40.2536041],[-111.6443879,40.253603],[-111.6443879,40.2536141],[-111.6444173,40.2536151],[-111.6444183,40.253687],[-111.6444209,40.2537864],[-111.644079,40.2537877],[-111.6439773,40.253788],[-111.6439785,40.2540815]]]}},{"type":"Feature","id":1025373129,"properties":{"osmId":1025373129,"category":"residential","addr:city":"Provo","addr:housenumber":"1981","addr:postcode":"84604","addr:state":"UT","addr:street":"North 110 West","building":"apartments","building:flats":"6","building:levels":"3","name":"Building 10","operator":"Brigham Young University","smoking":"no"},"geometry":{"type":"Polygon","coordinates":[[[-111.6604287,40.2609047],[-111.6603351,40.2608813],[-111.6603291,40.2608953],[-111.6602309,40.2608708],[-111.6602452,40.2608374],[-111.6602391,40.2608359],[-111.6602727,40.2607577],[-111.6603394,40.2607744],[-111.6603454,40.2607603],[-111.6603753,40.2607677],[-111.6604046,40.2607751],[-111.6603987,40.260789],[-111.6604457,40.2608008],[-111.6604276,40.2608424],[-111.6604524,40.2608487],[-111.6604343,40.2608903],[-111.6604287,40.2609047]]]}},{"type":"Feature","id":1025373131,"properties":{"osmId":1025373131,"category":"residential","addr:city":"Provo","addr:housenumber":"1974","addr:postcode":"84604","addr:state":"UT","addr:street":"North 160 West","building":"apartments","building:flats":"6","building:levels":"3","name":"Building 13","operator":"Brigham Young University","smoking":"no"},"geometry":{"type":"Polygon","coordinates":[[[-111.6606873,40.2608568],[-111.6607794,40.2607563],[-111.6608273,40.2607818],[-111.6608431,40.2607645],[-111.6608877,40.2607883],[-111.6609052,40.2607976],[-111.6608693,40.2608368],[-111.660887,40.2608462],[-111.6608686,40.2608663],[-111.66085,40.2608867],[-111.660834,40.2608782],[-111.660799,40.2609164],[-111.6606873,40.2608568]]]}},{"type":"Feature","id":1025373132,"properties":{"osmId":1025373132,"category":"residential","addr:city":"Provo","addr:housenumber":"1975","addr:postcode":"84604","addr:state":"UT","addr:street":"North 160 West","building":"apartments","building:flats":"6","building:levels":"3","name":"Building 14","operator":"Brigham Young University","smoking":"no"},"geometry":{"type":"Polygon","coordinates":[[[-111.661294,40.2610485],[-111.6613116,40.2610577],[-111.6612551,40.2611206],[-111.6612707,40.2611288],[-111.66121,40.2611965],[-111.6611735,40.2611774],[-111.6611698,40.2611815],[-111.6610777,40.2611334],[-111.6611179,40.2610886],[-111.661102,40.2610804],[-111.6611209,40.2610593],[-111.6611382,40.26104],[-111.6611565,40.2610496],[-111.6611837,40.2610193],[-111.6612296,40.2610427],[-111.6612467,40.2610246],[-111.661294,40.2610485]]]}},{"type":"Feature","id":1025373133,"properties":{"osmId":1025373133,"category":"residential","addr:city":"Provo","addr:housenumber":"1963","addr:postcode":"84604","addr:state":"UT","addr:street":"North 110 West","building":"apartments","building:flats":"6","building:levels":"3","name":"Building 11","operator":"Brigham Young University","smoking":"no"},"geometry":{"type":"Polygon","coordinates":[[[-111.6605696,40.2604641],[-111.660626,40.260464],[-111.660626,40.2604395],[-111.6606825,40.2604394],[-111.6607023,40.2604394],[-111.6607025,40.2605167],[-111.6607226,40.2605166],[-111.6607228,40.2605955],[-111.6606788,40.2605956],[-111.6606789,40.2606006],[-111.66057,40.2606007],[-111.6605699,40.2605467],[-111.6605488,40.2605467],[-111.6605488,40.260524],[-111.6605487,40.2604993],[-111.6605697,40.2604993],[-111.6605696,40.2604641]]]}},{"type":"Feature","id":1025373134,"properties":{"osmId":1025373134,"category":"residential","addr:city":"Provo","addr:housenumber":"138","addr:postcode":"84604","addr:state":"UT","addr:street":"West 1940 North","building":"apartments","building:flats":"6","building:levels":"3","name":"Building 12","operator":"Brigham Young University","smoking":"no"},"geometry":{"type":"Polygon","coordinates":[[[-111.6610551,40.2603462],[-111.6610551,40.2603632],[-111.660955,40.2603633],[-111.660955,40.2603783],[-111.6608501,40.2603784],[-111.6608501,40.2603449],[-111.6608431,40.2603449],[-111.660843,40.260261],[-111.660912,40.2602609],[-111.660912,40.2602456],[-111.660944,40.2602456],[-111.6609739,40.2602456],[-111.660974,40.2602615],[-111.6610248,40.2602615],[-111.6610249,40.2603022],[-111.661055,40.2603022],[-111.6610551,40.2603462]]]}},{"type":"Feature","id":1025373135,"properties":{"osmId":1025373135,"category":"residential","addr:city":"Provo","addr:housenumber":"1977","addr:postcode":"84604","addr:state":"UT","addr:street":"North 40 West","building":"apartments","building:flats":"6","building:levels":"3","name":"Building 7","operator":"Brigham Young University","smoking":"no"},"geometry":{"type":"Polygon","coordinates":[[[-111.6597191,40.2605485],[-111.659739,40.2605486],[-111.6597389,40.2606253],[-111.659758,40.2606253],[-111.6597579,40.2607039],[-111.659715,40.2607039],[-111.659715,40.2607103],[-111.6596058,40.2607102],[-111.6596059,40.2606559],[-111.6595849,40.2606559],[-111.6595849,40.2606319],[-111.659585,40.2606081],[-111.6596078,40.2606081],[-111.6596078,40.260572],[-111.6596617,40.260572],[-111.6596617,40.2605485],[-111.6597191,40.2605485]]]}},{"type":"Feature","id":1025373136,"properties":{"osmId":1025373136,"category":"residential","addr:city":"Provo","addr:housenumber":"1976","addr:postcode":"84604","addr:state":"UT","addr:street":"North 110 West","building":"apartments","building:flats":"6","building:levels":"3","name":"Building 9","operator":"Brigham Young University","smoking":"no"},"geometry":{"type":"Polygon","coordinates":[[[-111.6600312,40.2607279],[-111.6600297,40.260607],[-111.6600831,40.2606066],[-111.6600828,40.2605836],[-111.6601417,40.2605832],[-111.6601635,40.260583],[-111.6601641,40.2606314],[-111.6601842,40.2606313],[-111.6601845,40.2606557],[-111.6601848,40.260678],[-111.6601638,40.2606782],[-111.6601644,40.2607269],[-111.6600312,40.2607279]]]}},{"type":"Feature","id":1025373137,"properties":{"osmId":1025373137,"category":"residential","addr:city":"Provo","addr:housenumber":"131","addr:postcode":"84604","addr:state":"UT","addr:street":"West 2060 North","building":"apartments","building:flats":"6","building:levels":"3","name":"Building 16","operator":"Brigham Young University","smoking":"no"},"geometry":{"type":"Polygon","coordinates":[[[-111.6604552,40.2614865],[-111.6606065,40.2615049],[-111.6605972,40.2615496],[-111.6606268,40.2615532],[-111.6606186,40.2615924],[-111.660615,40.2616096],[-111.6605551,40.2616023],[-111.6605519,40.261618],[-111.660522,40.2616143],[-111.6604909,40.2616105],[-111.6604943,40.2615943],[-111.6604342,40.261587],[-111.6604552,40.2614865]]]}},{"type":"Feature","id":1025373138,"properties":{"osmId":1025373138,"category":"residential","addr:city":"Provo","addr:housenumber":"155","addr:postcode":"84604","addr:state":"UT","addr:street":"West 2060 North","building":"apartments","building:flats":"6","building:levels":"3","name":"Building 15","operator":"Brigham Young University","smoking":"no"},"geometry":{"type":"Polygon","coordinates":[[[-111.6608918,40.2615272],[-111.6610458,40.2615458],[-111.6610373,40.2615866],[-111.6610667,40.2615902],[-111.6610576,40.261634],[-111.6610545,40.2616487],[-111.6609916,40.2616411],[-111.6609885,40.2616562],[-111.6609591,40.2616526],[-111.6609294,40.2616491],[-111.6609329,40.2616324],[-111.6608716,40.2616249],[-111.6608918,40.2615272]]]}},{"type":"Feature","id":1025373139,"properties":{"osmId":1025373139,"category":"residential","addr:city":"Provo","addr:housenumber":"62","addr:postcode":"84604","addr:state":"UT","addr:street":"West 1940 North","building":"apartments","building:flats":"6","building:levels":"3","name":"Building 8","operator":"Brigham Young University","smoking":"no"},"geometry":{"type":"Polygon","coordinates":[[[-111.6598288,40.2603033],[-111.659828,40.2603484],[-111.6598278,40.2603641],[-111.6597288,40.2603631],[-111.6597286,40.2603791],[-111.6596205,40.2603779],[-111.6596211,40.2603443],[-111.6596131,40.2603442],[-111.6596146,40.2602592],[-111.6596886,40.26026],[-111.6596889,40.2602439],[-111.659721,40.2602443],[-111.659751,40.2602446],[-111.6597507,40.2602605],[-111.6598001,40.260261],[-111.6597993,40.260303],[-111.6598288,40.2603033]]]}},{"type":"Feature","id":1025373140,"properties":{"osmId":1025373140,"category":"residential","addr:city":"Provo","addr:housenumber":"156","addr:postcode":"84604","addr:state":"UT","addr:street":"West 2060 North","building":"apartments","building:flats":"6","building:levels":"3","name":"Building 17","operator":"Brigham Young University","smoking":"no"},"geometry":{"type":"Polygon","coordinates":[[[-111.6609816,40.2620509],[-111.6608132,40.2620327],[-111.6608218,40.2619867],[-111.6608036,40.2619847],[-111.6608115,40.2619419],[-111.6608141,40.2619278],[-111.6608767,40.2619346],[-111.6608793,40.2619205],[-111.6609117,40.261924],[-111.6609398,40.2619271],[-111.6609367,40.2619437],[-111.6610002,40.2619505],[-111.6609816,40.2620509]]]}},{"type":"Feature","id":1025373141,"properties":{"osmId":1025373141,"category":"residential","addr:city":"Provo","addr:housenumber":"84","addr:postcode":"84604","addr:state":"UT","addr:street":"West 2060 North","building":"apartments","building:flats":"6","building:levels":"3","name":"Building 21","operator":"Brigham Young University","smoking":"no"},"geometry":{"type":"Polygon","coordinates":[[[-111.6599615,40.26202],[-111.6599616,40.2620354],[-111.6598609,40.2620357],[-111.659861,40.2620496],[-111.6597565,40.26205],[-111.6597563,40.2620149],[-111.6597513,40.262015],[-111.6597509,40.2619345],[-111.6598206,40.2619343],[-111.6598205,40.2619179],[-111.659851,40.2619178],[-111.6598828,40.2619177],[-111.6598829,40.2619328],[-111.6599295,40.2619327],[-111.6599297,40.2619741],[-111.6599612,40.2619739],[-111.6599615,40.26202]]]}},{"type":"Feature","id":1025373142,"properties":{"osmId":1025373142,"category":"residential","addr:city":"Provo","addr:housenumber":"2122","addr:postcode":"84604","addr:state":"UT","addr:street":"North 120 West","building":"apartments","building:flats":"6","building:levels":"3","name":"Building 22","operator":"Brigham Young University","smoking":"no"},"geometry":{"type":"Polygon","coordinates":[[[-111.6599981,40.2624852],[-111.6599972,40.2623653],[-111.660053,40.2623651],[-111.6600529,40.2623414],[-111.6601083,40.2623412],[-111.6601297,40.2623411],[-111.66013,40.2623895],[-111.660151,40.2623894],[-111.6601511,40.2624125],[-111.6601513,40.2624351],[-111.6601303,40.2624352],[-111.6601307,40.2624846],[-111.6599981,40.2624852]]]}},{"type":"Feature","id":1025373143,"properties":{"osmId":1025373143,"category":"residential","addr:city":"Provo","addr:housenumber":"2105","addr:postcode":"84604","addr:state":"UT","addr:street":"North 40 West","building":"apartments","building:flats":"6","building:levels":"3","name":"Building 24","operator":"Brigham Young University","smoking":"no"},"geometry":{"type":"Polygon","coordinates":[[[-111.6595897,40.2621834],[-111.6596097,40.2621873],[-111.6595851,40.2622608],[-111.659604,40.2622645],[-111.6595778,40.2623429],[-111.6595339,40.2623344],[-111.6595321,40.2623397],[-111.6594255,40.2623188],[-111.6594433,40.2622656],[-111.6594243,40.2622619],[-111.6594399,40.2622155],[-111.65946,40.2622194],[-111.6594718,40.262184],[-111.6595278,40.2621949],[-111.6595352,40.2621728],[-111.6595897,40.2621834]]]}},{"type":"Feature","id":1025373144,"properties":{"osmId":1025373144,"category":"residential","addr:city":"Provo","addr:housenumber":"2126","addr:postcode":"84604","addr:state":"UT","addr:street":"North 170 West","building":"apartments","building:flats":"6","building:levels":"3","name":"Building 18","operator":"Brigham Young University","smoking":"no"},"geometry":{"type":"Polygon","coordinates":[[[-111.6607868,40.2625179],[-111.6608126,40.2623887],[-111.660868,40.2623944],[-111.6608699,40.2623844],[-111.6609235,40.2623904],[-111.660947,40.2623928],[-111.6609372,40.2624404],[-111.6609571,40.2624428],[-111.6609522,40.2624667],[-111.6609477,40.2624886],[-111.6609258,40.262486],[-111.660916,40.2625334],[-111.6607868,40.2625179]]]}},{"type":"Feature","id":1025373145,"properties":{"osmId":1025373145,"category":"residential","addr:city":"Provo","addr:housenumber":"139","addr:postcode":"84604","addr:state":"UT","addr:street":"West 2170 North","building":"apartments","building:flats":"6","building:levels":"3","name":"Building 20","operator":"Brigham Young University","smoking":"no"},"geometry":{"type":"Polygon","coordinates":[[[-111.6605175,40.2626981],[-111.6606741,40.2626977],[-111.6606744,40.2627397],[-111.6607058,40.2627394],[-111.6607064,40.2627842],[-111.6607065,40.2627998],[-111.660644,40.2628],[-111.660644,40.2628161],[-111.6606117,40.2628162],[-111.6605817,40.2628162],[-111.6605816,40.2628001],[-111.660518,40.2628003],[-111.6605175,40.2626981]]]}},{"type":"Feature","id":1025373146,"properties":{"osmId":1025373146,"category":"residential","addr:city":"Provo","addr:housenumber":"85","addr:postcode":"84604","addr:state":"UT","addr:street":"West 2170 North","building":"apartments","building:flats":"6","building:levels":"3","name":"Building 23","operator":"Brigham Young University","smoking":"no"},"geometry":{"type":"Polygon","coordinates":[[[-111.6597503,40.2626738],[-111.6599127,40.2626732],[-111.6599129,40.2627173],[-111.6599449,40.2627172],[-111.6599452,40.2627616],[-111.6599453,40.2627768],[-111.6598815,40.262777],[-111.6598816,40.2627942],[-111.659852,40.2627943],[-111.6598192,40.2627944],[-111.6598191,40.2627778],[-111.659751,40.262778],[-111.6597503,40.2626738]]]}},{"type":"Feature","id":1025373147,"properties":{"osmId":1025373147,"category":"residential","addr:city":"Provo","addr:housenumber":"2111","addr:postcode":"84604","addr:state":"UT","addr:street":"North 120 West","building":"apartments","building:flats":"6","building:levels":"3","name":"Building 19","operator":"Brigham Young University","smoking":"no"},"geometry":{"type":"Polygon","coordinates":[[[-111.6606378,40.2622379],[-111.6606563,40.2622379],[-111.6606559,40.2623143],[-111.660674,40.2623144],[-111.6606736,40.2623928],[-111.6606287,40.2623927],[-111.6606287,40.2623979],[-111.6605219,40.2623976],[-111.6605222,40.2623445],[-111.6605011,40.2623445],[-111.6605012,40.2623208],[-111.6605014,40.2622956],[-111.6605233,40.2622957],[-111.6605235,40.2622594],[-111.6605792,40.2622595],[-111.6605793,40.2622377],[-111.6606378,40.2622379]]]}},{"type":"Feature","id":1025373148,"properties":{"osmId":1025373148,"category":"residential","addr:city":"Provo","addr:housenumber":"2143","addr:postcode":"84604","addr:state":"UT","addr:street":"North 40 West","building":"apartments","building:flats":"6","building:levels":"3","name":"Building 25","operator":"Brigham Young University","smoking":"no"},"geometry":{"type":"Polygon","coordinates":[[[-111.6595913,40.2625458],[-111.6596101,40.2625441],[-111.6596222,40.2626197],[-111.6596433,40.2626177],[-111.6596559,40.2626968],[-111.6596081,40.2627012],[-111.6596089,40.2627068],[-111.6595048,40.2627165],[-111.6594962,40.2626631],[-111.6594742,40.2626651],[-111.6594705,40.2626424],[-111.6594665,40.2626171],[-111.6594864,40.2626152],[-111.6594808,40.2625805],[-111.6595392,40.2625751],[-111.6595354,40.262551],[-111.6595913,40.2625458]]]}},{"type":"Feature","id":1025373149,"properties":{"osmId":1025373149,"category":"residential","addr:city":"Provo","addr:housenumber":"122","addr:postcode":"84604","addr:state":"UT","addr:street":"West 2170 North","building":"apartments","building:flats":"6","building:levels":"3","name":"Building 29","operator":"Brigham Young University","smoking":"no"},"geometry":{"type":"Polygon","coordinates":[[[-111.6604223,40.263213],[-111.6602669,40.263194],[-111.660275,40.2631512],[-111.660246,40.263147],[-111.6602538,40.2631065],[-111.6602576,40.2630889],[-111.6603192,40.2630965],[-111.6603223,40.2630814],[-111.6603531,40.2630853],[-111.6603843,40.2630891],[-111.6603814,40.263103],[-111.660444,40.2631107],[-111.6604223,40.263213]]]}},{"type":"Feature","id":1025373150,"properties":{"osmId":1025373150,"category":"residential","addr:city":"Provo","addr:housenumber":"82","addr:postcode":"84604","addr:state":"UT","addr:street":"West 2170 North","building":"apartments","building:flats":"6","building:levels":"3","name":"Building 28","operator":"Brigham Young University","smoking":"no"},"geometry":{"type":"Polygon","coordinates":[[[-111.659914,40.2631917],[-111.6597429,40.2631763],[-111.6597495,40.2631336],[-111.659736,40.2631324],[-111.6597427,40.2630889],[-111.6597452,40.2630728],[-111.6598051,40.2630781],[-111.6598074,40.2630637],[-111.6598389,40.2630666],[-111.6598688,40.2630692],[-111.6598664,40.2630847],[-111.6599296,40.2630903],[-111.659914,40.2631917]]]}},{"type":"Feature","id":1025373151,"properties":{"osmId":1025373151,"category":"residential","addr:city":"Provo","addr:housenumber":"166","addr:postcode":"84604","addr:state":"UT","addr:street":"West 2170 North","building":"apartments","building:flats":"6","building:levels":"3","name":"Building 30","operator":"Brigham Young University","smoking":"no"},"geometry":{"type":"Polygon","coordinates":[[[-111.6611207,40.2631774],[-111.660949,40.2631886],[-111.6609444,40.2631469],[-111.6609273,40.2631479],[-111.6609227,40.2631053],[-111.6609211,40.263088],[-111.6609832,40.263084],[-111.6609814,40.2630684],[-111.661012,40.2630664],[-111.6610416,40.2630644],[-111.6610431,40.263078],[-111.6611091,40.2630737],[-111.6611207,40.2631774]]]}},{"type":"Feature","id":1025373152,"properties":{"osmId":1025373152,"category":"residential","addr:city":"Provo","addr:housenumber":"2168","addr:postcode":"84604","addr:state":"UT","addr:street":"North 40 West","building":"apartments","building:flats":"6","building:levels":"3","name":"Building 27","operator":"Brigham Young University","smoking":"no"},"geometry":{"type":"Polygon","coordinates":[[[-111.659236,40.2630916],[-111.6591271,40.2629905],[-111.6591628,40.2629681],[-111.6591537,40.2629596],[-111.6592045,40.2629276],[-111.6592221,40.2629167],[-111.659262,40.2629537],[-111.659276,40.262945],[-111.6592937,40.2629614],[-111.659314,40.2629802],[-111.6592996,40.2629892],[-111.6593397,40.2630265],[-111.659236,40.2630916]]]}},{"type":"Feature","id":1025373153,"properties":{"osmId":1025373153,"category":"residential","addr:city":"Provo","addr:housenumber":"2136","addr:postcode":"84604","addr:state":"UT","addr:street":"North 40 West","building":"apartments","building:flats":"6","building:levels":"3","name":"Building 26","operator":"Brigham Young University","smoking":"no"},"geometry":{"type":"Polygon","coordinates":[[[-111.6589023,40.2626341],[-111.6589226,40.2625049],[-111.658986,40.2625107],[-111.6589877,40.2625003],[-111.6590342,40.2625045],[-111.6590544,40.2625064],[-111.6590467,40.2625551],[-111.6590687,40.2625571],[-111.6590653,40.2625787],[-111.659062,40.2625996],[-111.6590431,40.2625979],[-111.6590355,40.2626463],[-111.6589023,40.2626341]]]}},{"type":"Feature","id":1025373154,"properties":{"osmId":1025373154,"category":"residential","addr:city":"Provo","addr:housenumber":"1978","addr:postcode":"84604","addr:state":"UT","addr:street":"North 40 West","building":"apartments","building:flats":"6","building:levels":"3","name":"Building 6","operator":"Brigham Young University","smoking":"no"},"geometry":{"type":"Polygon","coordinates":[[[-111.6590157,40.2606638],[-111.6590567,40.2605476],[-111.6591092,40.2605583],[-111.6591169,40.2605366],[-111.6591733,40.2605481],[-111.6591917,40.2605519],[-111.6591755,40.2605981],[-111.6591943,40.260602],[-111.659186,40.2606257],[-111.6591788,40.2606461],[-111.6591608,40.2606424],[-111.659144,40.2606901],[-111.6590157,40.2606638]]]}},{"type":"Feature","id":1025373155,"properties":{"osmId":1025373155,"category":"residential","addr:city":"Provo","addr:housenumber":"1946","addr:postcode":"84604","addr:state":"UT","addr:street":"North 40 West","building":"apartments","building:flats":"6","building:levels":"3","name":"Building 5","operator":"Brigham Young University","smoking":"no"},"geometry":{"type":"Polygon","coordinates":[[[-111.6590959,40.2603068],[-111.6590812,40.2601773],[-111.659138,40.2601724],[-111.6591368,40.2601609],[-111.6591923,40.2601561],[-111.6592128,40.2601544],[-111.6592181,40.2602018],[-111.6592395,40.2602005],[-111.659242,40.2602232],[-111.6592448,40.2602483],[-111.6592249,40.2602496],[-111.6592303,40.2602981],[-111.6590959,40.2603068]]]}},{"type":"Feature","id":1025675603,"properties":{"osmId":1025675603,"category":"academic","building":"service"},"geometry":{"type":"Polygon","coordinates":[[[-111.660029,40.2632789],[-111.659944,40.263278],[-111.6599449,40.2632227],[-111.6599558,40.2632228],[-111.6599956,40.2632232],[-111.66003,40.2632236],[-111.660029,40.2632789]]]}},{"type":"Feature","id":1028561240,"properties":{"osmId":1028561240,"category":"academic","architect":"Fred L. Markham","building":"yes","height":"30","layer":"2","man_made":"tower","name":"Centennial Carillon Tower","short_name":"BELL","tower:type":"bell_tower","wikidata":"Q4967315","wikimedia_commons":"File:BYUclarillon.jpg","wikipedia":"en:Brigham Young University Centennial Carillon Tower"},"geometry":{"type":"Polygon","coordinates":[[[-111.6476564,40.2527939],[-111.6475983,40.2527942],[-111.6475978,40.2527489],[-111.647656,40.2527485],[-111.6476564,40.2527939]]]}},{"type":"Feature","id":1029808296,"properties":{"osmId":1029808296,"category":"academic","barrier":"toll_booth","building":"yes"},"geometry":{"type":"Polygon","coordinates":[[[-111.6514282,40.2508771],[-111.6513987,40.2508746],[-111.6514027,40.2508469],[-111.6514322,40.2508495],[-111.6514282,40.2508771]]]}},{"type":"Feature","id":1029869609,"properties":{"osmId":1029869609,"category":"athletic","building":"service"},"geometry":{"type":"Polygon","coordinates":[[[-111.6418499,40.2621199],[-111.6417717,40.2621235],[-111.6417635,40.2620531],[-111.6418452,40.2620531],[-111.6418499,40.2621199]]]}},{"type":"Feature","id":1029869610,"properties":{"osmId":1029869610,"category":"athletic","amenity":"toilets","building":"yes"},"geometry":{"type":"Polygon","coordinates":[[[-111.6413759,40.2619908],[-111.6413047,40.2620317],[-111.6412276,40.261956],[-111.6412977,40.2619168],[-111.6413759,40.2619908]]]}},{"type":"Feature","id":1030258532,"properties":{"osmId":1030258532,"category":"academic","building":"school","layer":"1"},"geometry":{"type":"Polygon","coordinates":[[[-111.6500107,40.2656202],[-111.6500107,40.2654486],[-111.6500336,40.2654486],[-111.6500336,40.2654221],[-111.6499263,40.2654221],[-111.6499263,40.2652287],[-111.6497093,40.2652287],[-111.6497093,40.2652927],[-111.6496752,40.2652927],[-111.6496753,40.2653544],[-111.6495347,40.2653545],[-111.6495345,40.2649937],[-111.6496721,40.2649937],[-111.6496722,40.2650216],[-111.649921,40.2650215],[-111.649921,40.265011],[-111.650022,40.2650109],[-111.6502492,40.2649171],[-111.6502767,40.2649172],[-111.6502769,40.2648556],[-111.6503454,40.2648557],[-111.6503453,40.2648961],[-111.6503575,40.2648961],[-111.6503575,40.2649147],[-111.6503747,40.2649148],[-111.6504318,40.2649372],[-111.6504348,40.2649327],[-111.6506171,40.2650044],[-111.6507137,40.2650044],[-111.6507137,40.2650203],[-111.6509404,40.2650203],[-111.6509591,40.2650203],[-111.6509591,40.2649904],[-111.6510902,40.2649904],[-111.6510902,40.265091],[-111.6510902,40.2652803],[-111.6510902,40.2653778],[-111.6509637,40.2653778],[-111.6509637,40.2653022],[-111.6509296,40.2653022],[-111.6509296,40.2652262],[-111.6509164,40.2652262],[-111.6507142,40.2652262],[-111.6507143,40.2654229],[-111.6506879,40.2654229],[-111.6506879,40.2654519],[-111.6506431,40.2654519],[-111.6506432,40.2655533],[-111.6506574,40.2655533],[-111.6506574,40.2656203],[-111.6500107,40.2656202]]]}},{"type":"Feature","id":1030262400,"properties":{"osmId":1030262400,"category":"academic","building":"yes"},"geometry":{"type":"Polygon","coordinates":[[[-111.646029,40.2541901],[-111.6457887,40.2541917],[-111.6457877,40.2541088],[-111.646028,40.2541072],[-111.646029,40.2541901]]]}},{"type":"Feature","id":1031040174,"properties":{"osmId":1031040174,"category":"academic","addr:city":"Provo","addr:housenumber":"50","addr:postcode":"84604","addr:state":"UT","addr:street":"West 960 North","building":"university","building:levels":"1","building:material":"brick","name":"West Campus Offices","operator":"Brigham Young University"},"geometry":{"type":"Polygon","coordinates":[[[-111.6597263,40.2471342],[-111.6593797,40.2471339],[-111.6593804,40.2467119],[-111.6597269,40.2467122],[-111.6597263,40.2471342]]]}},{"type":"Feature","id":1035464288,"properties":{"osmId":1035464288,"category":"academic","building":"roof","layer":"1"},"geometry":{"type":"Polygon","coordinates":[[[-111.6479019,40.2488726],[-111.6479885,40.2488713],[-111.6479884,40.2488622],[-111.6480226,40.2488619],[-111.6480217,40.2488073],[-111.6479877,40.2488076],[-111.6479876,40.248801],[-111.6479007,40.2488014],[-111.6479012,40.2488327],[-111.6479019,40.2488726]]]}},{"type":"Feature","id":1035464289,"properties":{"osmId":1035464289,"category":"academic","building":"roof","layer":"1"},"geometry":{"type":"Polygon","coordinates":[[[-111.6483268,40.2487194],[-111.648151,40.2487218],[-111.648149,40.2486416],[-111.648278,40.2486403],[-111.648324,40.2486399],[-111.6483268,40.2487194]]]}},{"type":"Feature","id":1035464290,"properties":{"osmId":1035464290,"category":"academic","building":"roof","layer":"1"},"geometry":{"type":"Polygon","coordinates":[[[-111.647984,40.2486432],[-111.647986,40.2486741],[-111.64781,40.2486749],[-111.6478095,40.2486448],[-111.647984,40.2486432]]]}},{"type":"Feature","id":1035470958,"properties":{"osmId":1035470958,"category":"academic","building":"service"},"geometry":{"type":"Polygon","coordinates":[[[-111.6461562,40.2549842],[-111.6466644,40.2549826],[-111.6466634,40.2547995],[-111.6461552,40.2548011],[-111.6461562,40.2549842]]]}},{"type":"Feature","id":1035470960,"properties":{"osmId":1035470960,"category":"academic","building":"yes"},"geometry":{"type":"Polygon","coordinates":[[[-111.6460472,40.2549356],[-111.6459835,40.2549353],[-111.645984,40.2548644],[-111.6460477,40.2548647],[-111.6460472,40.2549356]]]}},{"type":"Feature","id":1035470961,"properties":{"osmId":1035470961,"category":"academic","building":"yes"},"geometry":{"type":"Polygon","coordinates":[[[-111.6459676,40.2549317],[-111.6459027,40.2549334],[-111.6458996,40.2548649],[-111.6459645,40.2548632],[-111.6459676,40.2549317]]]}},{"type":"Feature","id":1035501896,"properties":{"osmId":1035501896,"category":"academic","building":"yes"},"geometry":{"type":"Polygon","coordinates":[[[-111.6564829,40.2649994],[-111.6563659,40.2650018],[-111.6563635,40.2649338],[-111.6564805,40.2649314],[-111.6564829,40.2649994]]]}},{"type":"Feature","id":1035501897,"properties":{"osmId":1035501897,"category":"academic","building":"yes"},"geometry":{"type":"Polygon","coordinates":[[[-111.656476,40.264916],[-111.6563611,40.2649213],[-111.656358,40.264883],[-111.656473,40.2648778],[-111.656476,40.264916]]]}},{"type":"Feature","id":1077005726,"properties":{"osmId":1077005726,"category":"academic","building":"roof","layer":"1"},"geometry":{"type":"Polygon","coordinates":[[[-111.6461152,40.2486376],[-111.6460817,40.2486672],[-111.6460455,40.2486923],[-111.6460059,40.2487131],[-111.6459543,40.2487302],[-111.6459305,40.2486808],[-111.6459774,40.2486626],[-111.6460056,40.2486483],[-111.6460374,40.2486273],[-111.6460619,40.2486053],[-111.6461152,40.2486376]]]}},{"type":"Feature","id":1077284477,"properties":{"osmId":1077284477,"category":"academic","building":"university","name":"Motor Pool Vehicle Shelter","source":"microsoft/BuildingFootprints"},"geometry":{"type":"Polygon","coordinates":[[[-111.644272,40.246315],[-111.644271,40.246233],[-111.644199,40.246233],[-111.644199,40.246254],[-111.643845,40.246256],[-111.643845,40.246318],[-111.644272,40.246315]]]}},{"type":"Feature","id":1077284478,"properties":{"osmId":1077284478,"category":"academic","building":"university","source":"microsoft/BuildingFootprints"},"geometry":{"type":"Polygon","coordinates":[[[-111.643829,40.246184],[-111.644116,40.246182],[-111.644116,40.246145],[-111.64421,40.246145],[-111.644209,40.24606],[-111.643828,40.246062],[-111.643829,40.246184]]]}},{"type":"Feature","id":1077284479,"properties":{"osmId":1077284479,"category":"academic","building":"university","source":"microsoft/BuildingFootprints"},"geometry":{"type":"Polygon","coordinates":[[[-111.643963,40.246888],[-111.644247,40.246889],[-111.644247,40.246817],[-111.643963,40.246816],[-111.643963,40.246888]]]}},{"type":"Feature","id":1077284480,"properties":{"osmId":1077284480,"category":"academic","building":"yes","name":"Webster Place","source":"microsoft/BuildingFootprints"},"geometry":{"type":"Polygon","coordinates":[[[-111.6434992,40.2463065],[-111.6434978,40.246235],[-111.6433353,40.246237],[-111.6433357,40.2462568],[-111.6433044,40.2462571],[-111.6433053,40.246299],[-111.6433056,40.2463143],[-111.6433251,40.246314],[-111.6433258,40.2463489],[-111.6435346,40.2463464],[-111.6435338,40.2463061],[-111.6434992,40.2463065]]]}},{"type":"Feature","id":1077284493,"properties":{"osmId":1077284493,"category":"academic","building":"university","source":"microsoft/BuildingFootprints"},"geometry":{"type":"Polygon","coordinates":[[[-111.6433923,40.2475068],[-111.6433925,40.2475585],[-111.6434991,40.2475572],[-111.6434971,40.2475073],[-111.6433923,40.2475068]]]}},{"type":"Feature","id":1077284499,"properties":{"osmId":1077284499,"category":"academic","building":"yes","source":"microsoft/BuildingFootprints"},"geometry":{"type":"Polygon","coordinates":[[[-111.6450132,40.247231],[-111.6449859,40.2472312],[-111.6449136,40.2472316],[-111.6449139,40.2472552],[-111.6449141,40.2472808],[-111.6449271,40.2472807],[-111.6449277,40.2473402],[-111.6449278,40.2473562],[-111.6450144,40.2473557],[-111.6450142,40.2473359],[-111.6450137,40.247282],[-111.6450132,40.247231]]]}},{"type":"Feature","id":1077287808,"properties":{"osmId":1077287808,"category":"academic","building":"roof","layer":"1"},"geometry":{"type":"Polygon","coordinates":[[[-111.6483531,40.2480172],[-111.6484034,40.2480178],[-111.648405,40.2481437],[-111.6483552,40.2481441],[-111.6483542,40.248084],[-111.6483536,40.2480474],[-111.6483534,40.2480345],[-111.6483531,40.2480172]]]}},{"type":"Feature","id":1077848516,"properties":{"osmId":1077848516,"category":"academic","building":"roof","layer":"1"},"geometry":{"type":"Polygon","coordinates":[[[-111.6457876,40.2544567],[-111.6457635,40.2544571],[-111.6457626,40.2544218],[-111.6457866,40.2544215],[-111.6457871,40.2544389],[-111.6457876,40.2544567]]]}},{"type":"Feature","id":1077849722,"properties":{"osmId":1077849722,"category":"academic","building":"roof","layer":"1"},"geometry":{"type":"Polygon","coordinates":[[[-111.6452276,40.2557199],[-111.6452135,40.2557164],[-111.6451497,40.255695],[-111.645099,40.2556639],[-111.6450876,40.2556528],[-111.6450575,40.2556238],[-111.6450301,40.2555748],[-111.6450263,40.2555548],[-111.6450196,40.2555195],[-111.6450249,40.2554857],[-111.6450295,40.2554571],[-111.6450604,40.2554099],[-111.6450812,40.2553893],[-111.6451071,40.2553636],[-111.6451486,40.2553409],[-111.6451883,40.2553226],[-111.6452192,40.2553173],[-111.6452207,40.2553895],[-111.6452228,40.2554873],[-111.6452242,40.2555533],[-111.6452261,40.2556489],[-111.6452276,40.2557199]]]}},{"type":"Feature","id":1078361153,"properties":{"osmId":1078361153,"category":"other","addr:city":"Provo","addr:housenumber":"800","addr:postcode":"84606","addr:state":"UT","addr:street":"East 900 North","amenity":"car_wash","building":"yes","name":"BYU Service Station","operator":"Brigham Young University","source":"microsoft/BuildingFootprints"},"geometry":{"type":"Polygon","coordinates":[[[-111.644155,40.245513],[-111.644041,40.245513],[-111.64404,40.24576],[-111.644154,40.245761],[-111.644155,40.245513]]]}},{"type":"Feature","id":1078364714,"properties":{"osmId":1078364714,"category":"academic","building":"yes","source":"microsoft/BuildingFootprints"},"geometry":{"type":"Polygon","coordinates":[[[-111.655417,40.25496],[-111.655861,40.254961],[-111.655862,40.254851],[-111.655417,40.254849],[-111.655417,40.25496]]]}},{"type":"Feature","id":1078364715,"properties":{"osmId":1078364715,"category":"academic","building":"yes","source":"microsoft/BuildingFootprints"},"geometry":{"type":"Polygon","coordinates":[[[-111.655864,40.254661],[-111.655799,40.254661],[-111.655797,40.254795],[-111.655863,40.254796],[-111.655864,40.254661]]]}},{"type":"Feature","id":1078364716,"properties":{"osmId":1078364716,"category":"academic","building":"yes","source":"microsoft/BuildingFootprints"},"geometry":{"type":"Polygon","coordinates":[[[-111.655424,40.253202],[-111.655349,40.2532],[-111.655346,40.253283],[-111.655421,40.253284],[-111.655424,40.253202]]]}},{"type":"Feature","id":1078364717,"properties":{"osmId":1078364717,"category":"academic","building":"yes"},"geometry":{"type":"Polygon","coordinates":[[[-111.6558141,40.2536434],[-111.6558735,40.2536434],[-111.6558723,40.2537396],[-111.6558113,40.2537378],[-111.6558141,40.2536434]]]}},{"type":"Feature","id":1078677697,"properties":{"osmId":1078677697,"category":"academic","building":"yes"},"geometry":{"type":"Polygon","coordinates":[[[-111.6445016,40.2468602],[-111.6447438,40.2468585],[-111.6447445,40.2469126],[-111.6445023,40.2469142],[-111.6445012,40.2468686],[-111.6445016,40.2468602]]]}},{"type":"Feature","id":1078677703,"properties":{"osmId":1078677703,"category":"academic","building":"roof","layer":"1"},"geometry":{"type":"Polygon","coordinates":[[[-111.6448725,40.2466037],[-111.6448062,40.246605],[-111.6448094,40.2466731],[-111.6448741,40.2466724],[-111.6448725,40.2466037]]]}},{"type":"Feature","id":1078677704,"properties":{"osmId":1078677704,"category":"academic","building":"roof","layer":"1"},"geometry":{"type":"Polygon","coordinates":[[[-111.6448641,40.2463647],[-111.6448028,40.2463652],[-111.6448028,40.2463229],[-111.6448628,40.2463227],[-111.6448641,40.2463647]]]}},{"type":"Feature","id":1080141289,"properties":{"osmId":1080141289,"category":"other","building":"yes","operator":"Brigham Young University","source":"microsoft/BuildingFootprints"},"geometry":{"type":"Polygon","coordinates":[[[-111.663794,40.26526],[-111.663742,40.265122],[-111.663623,40.265149],[-111.663676,40.265286],[-111.663794,40.26526]]]}},{"type":"Feature","id":1080141301,"properties":{"osmId":1080141301,"category":"other","building":"yes","operator":"Brigham Young University","source":"microsoft/BuildingFootprints"},"geometry":{"type":"Polygon","coordinates":[[[-111.660289,40.2645],[-111.66084,40.264522],[-111.660848,40.264406],[-111.660297,40.264384],[-111.660289,40.2645]]]}},{"type":"Feature","id":1080141302,"properties":{"osmId":1080141302,"category":"academic","building":"yes","source":"microsoft/BuildingFootprints"},"geometry":{"type":"Polygon","coordinates":[[[-111.660447,40.265026],[-111.660433,40.265111],[-111.660614,40.265128],[-111.660628,40.265043],[-111.660447,40.265026]]]}},{"type":"Feature","id":1080141303,"properties":{"osmId":1080141303,"category":"other","building":"yes","operator":"Brigham Young University","source":"microsoft/BuildingFootprints"},"geometry":{"type":"Polygon","coordinates":[[[-111.659855,40.264949],[-111.659853,40.265004],[-111.660211,40.265012],[-111.660213,40.264957],[-111.659855,40.264949]]]}},{"type":"Feature","id":1080141304,"properties":{"osmId":1080141304,"category":"other","building":"yes","operator":"Brigham Young University","source":"microsoft/BuildingFootprints"},"geometry":{"type":"Polygon","coordinates":[[[-111.6588187,40.2649177],[-111.6588164,40.2649727],[-111.6597473,40.2649953],[-111.6597496,40.2649403],[-111.6588187,40.2649177]]]}},{"type":"Feature","id":1080141305,"properties":{"osmId":1080141305,"category":"other","building":"yes","operator":"Brigham Young University","source":"microsoft/BuildingFootprints"},"geometry":{"type":"Polygon","coordinates":[[[-111.6607449,40.2647911],[-111.6609609,40.2647959],[-111.6609641,40.2647139],[-111.6607481,40.2647091],[-111.6607449,40.2647911]]]}},{"type":"Feature","id":1080141306,"properties":{"osmId":1080141306,"category":"other","building":"yes","operator":"Brigham Young University"},"geometry":{"type":"Polygon","coordinates":[[[-111.6608822,40.2657939],[-111.6609346,40.2657967],[-111.6609277,40.2658721],[-111.6608753,40.2658693],[-111.6608822,40.2657939]]]}},{"type":"Feature","id":1080141311,"properties":{"osmId":1080141311,"category":"academic","addr:city":"Provo","addr:housenumber":"2350","addr:postcode":"84604","addr:state":"UT","addr:street":"Freedom Boulevard 200 West","building":"yes","name":"BYU Materials Handling Area","source":"microsoft/BuildingFootprints"},"geometry":{"type":"Polygon","coordinates":[[[-111.660254,40.26567],[-111.660879,40.26572],[-111.660891,40.265629],[-111.660266,40.265579],[-111.660254,40.26567]]]}},{"type":"Feature","id":1080141313,"properties":{"osmId":1080141313,"category":"academic","building":"yes","source":"microsoft/BuildingFootprints"},"geometry":{"type":"Polygon","coordinates":[[[-111.660667,40.2647969],[-111.6606633,40.2648518],[-111.660955,40.2648651],[-111.6609587,40.2648102],[-111.660667,40.2647969]]]}},{"type":"Feature","id":1080416758,"properties":{"osmId":1080416758,"category":"academic","addr:city":"Provo","addr:housenumber":"2109","addr:postcode":"84604","addr:state":"UT","addr:street":"North University Avenue","building":"yes","name":"Allred's Orchards","phone":"+18013770748","shop":"farm","source":"microsoft/BuildingFootprints","website":"https://allredorchards.com/"},"geometry":{"type":"Polygon","coordinates":[[[-111.658846,40.262081],[-111.659082,40.262082],[-111.659083,40.261895],[-111.658847,40.261894],[-111.658846,40.262081]]]}},{"type":"Feature","id":1080416759,"properties":{"osmId":1080416759,"category":"academic","addr:city":"Provo","addr:housenumber":"2107","addr:postcode":"84604","addr:state":"UT","addr:street":"North University Avenue","building":"yes","name":"Harward Farms","opening_hours":"Mo-Sa 09:00-18:00","phone":"+18016586995","shop":"farm","website":"https://harwardfarms.com/"},"geometry":{"type":"Polygon","coordinates":[[[-111.6588023,40.261418],[-111.658916,40.261416],[-111.6589173,40.2614579],[-111.6588036,40.2614599],[-111.6588023,40.261418]]]}},{"type":"Feature","id":1080416760,"properties":{"osmId":1080416760,"category":"academic","building":"shed"},"geometry":{"type":"Polygon","coordinates":[[[-111.6591132,40.2614087],[-111.6590834,40.2614088],[-111.6590832,40.2613643],[-111.659113,40.2613642],[-111.6591132,40.2614087]]]}},{"type":"Feature","id":1080902334,"properties":{"osmId":1080902334,"category":"residential","building":"apartments","name":"Building C"},"geometry":{"type":"Polygon","coordinates":[[[-111.6421353,40.2595968],[-111.642218,40.2595923],[-111.6422829,40.2595893],[-111.6423422,40.259587],[-111.6424106,40.2595268],[-111.6423339,40.259476],[-111.6421268,40.2594852],[-111.642058,40.2595445],[-111.6421353,40.2595968]]]}},{"type":"Feature","id":1080902335,"properties":{"osmId":1080902335,"category":"residential","building":"apartments","name":"Building B"},"geometry":{"type":"Polygon","coordinates":[[[-111.64257,40.2597831],[-111.6425564,40.2596253],[-111.6424772,40.2595733],[-111.642411,40.259632],[-111.6424144,40.2596788],[-111.6424182,40.2597286],[-111.6424237,40.25979],[-111.6425018,40.2598423],[-111.64257,40.2597831]]]}},{"type":"Feature","id":1080902336,"properties":{"osmId":1080902336,"category":"residential","building":"apartments","name":"Building E"},"geometry":{"type":"Polygon","coordinates":[[[-111.6421656,40.259967],[-111.6423725,40.2599572],[-111.6424409,40.259897],[-111.6423642,40.2598462],[-111.6422814,40.25985],[-111.6422146,40.2598531],[-111.6421571,40.2598554],[-111.6420883,40.2599147],[-111.6421656,40.259967]]]}},{"type":"Feature","id":1086103659,"properties":{"osmId":1086103659,"category":"other","building":"shed","name":"Wyview Gardening Shed","operator":"Brigham Young University","source":"microsoft/BuildingFootprints"},"geometry":{"type":"Polygon","coordinates":[[[-111.6611822,40.2605278],[-111.6610812,40.2604742],[-111.6609968,40.260568],[-111.6610978,40.2606215],[-111.6611141,40.2606036],[-111.6611296,40.2605862],[-111.6611487,40.260565],[-111.6611655,40.2605464],[-111.6611822,40.2605278]]]}},{"type":"Feature","id":1089783460,"properties":{"osmId":1089783460,"category":"academic","amenity":"toilets","building":"yes","source":"microsoft/BuildingFootprints"},"geometry":{"type":"Polygon","coordinates":[[[-111.6599888,40.258634],[-111.6598891,40.2586338],[-111.6598887,40.2587523],[-111.6599884,40.2587525],[-111.6599888,40.258634]]]}},{"type":"Feature","id":1089793444,"properties":{"osmId":1089793444,"category":"residential","addr:city":"Provo","addr:housenumber":"1955","addr:postcode":"84604","addr:state":"UT","addr:street":"North 110 West","building":"apartments","building:flats":"6","building:levels":"3","name":"Building 11","operator":"Brigham Young University","smoking":"no"},"geometry":{"type":"Polygon","coordinates":[[[-111.6606825,40.2604394],[-111.660626,40.2604395],[-111.660626,40.260464],[-111.6605696,40.2604641],[-111.6605478,40.2604649],[-111.6605475,40.2604155],[-111.6605255,40.2604155],[-111.6605254,40.2603907],[-111.6605253,40.2603683],[-111.6605474,40.2603683],[-111.6605472,40.2603202],[-111.6606821,40.2603199],[-111.6606825,40.2604394]]]}},{"type":"Feature","id":1089795231,"properties":{"osmId":1089795231,"category":"residential","addr:city":"Provo","addr:housenumber":"1874","addr:postcode":"84604","addr:state":"UT","addr:street":"North 80 West","building":"apartments","building:flats":"6","building:levels":"3","name":"Building 1","operator":"Brigham Young University","smoking":"no"},"geometry":{"type":"Polygon","coordinates":[[[-111.6595605,40.2593842],[-111.659537,40.2593869],[-111.659519,40.2592691],[-111.6595743,40.2592629],[-111.65957,40.2592402],[-111.659627,40.259234],[-111.659649,40.259232],[-111.659656,40.2592815],[-111.659676,40.2592797],[-111.65968,40.2593017],[-111.659683,40.2593243],[-111.659664,40.259326],[-111.6596712,40.2593624],[-111.6596141,40.2593687],[-111.6596152,40.2593794],[-111.6595605,40.2593842]]]}},{"type":"Feature","id":1089795232,"properties":{"osmId":1089795232,"category":"residential","addr:city":"Provo","addr:housenumber":"1862","addr:postcode":"84604","addr:state":"UT","addr:street":"North 80 West","building":"apartments","building:flats":"6","building:levels":"3","name":"Building 1","operator":"Brigham Young University","smoking":"no"},"geometry":{"type":"Polygon","coordinates":[[[-111.659519,40.2592691],[-111.659498,40.2592714],[-111.659486,40.2591952],[-111.659466,40.259197],[-111.659454,40.2591165],[-111.6595,40.2591124],[-111.659499,40.259107],[-111.659606,40.2590974],[-111.659615,40.2591522],[-111.659634,40.2591504],[-111.659638,40.2591732],[-111.659641,40.2591954],[-111.659622,40.2591971],[-111.659627,40.259234],[-111.65957,40.2592402],[-111.6595743,40.2592629],[-111.659519,40.2592691]]]}},{"type":"Feature","id":1089795233,"properties":{"osmId":1089795233,"category":"residential","addr:city":"Provo","addr:housenumber":"1904","addr:postcode":"84604","addr:state":"UT","addr:street":"North 80 West","building":"apartments","building:flats":"6","building:levels":"3","name":"Building 2","operator":"Brigham Young University","smoking":"no"},"geometry":{"type":"Polygon","coordinates":[[[-111.6595369,40.2595934],[-111.6595829,40.2596005],[-111.6595839,40.2595956],[-111.6596879,40.2596118],[-111.6596739,40.2596652],[-111.6596939,40.2596683],[-111.6596869,40.2596916],[-111.6596819,40.2597129],[-111.6596619,40.2597099],[-111.6596532,40.2597452],[-111.6595978,40.2597372],[-111.6595912,40.2597602],[-111.6595376,40.2597519],[-111.6595149,40.2597494],[-111.6595349,40.2596752],[-111.6595159,40.2596722],[-111.6595369,40.2595934]]]}},{"type":"Feature","id":1089795234,"properties":{"osmId":1089795234,"category":"residential","addr:city":"Provo","addr:housenumber":"1852","addr:postcode":"84604","addr:state":"UT","addr:street":"North 40 West","building":"apartments","building:flats":"6","building:levels":"3","name":"Building 3","operator":"Brigham Young University","smoking":"no"},"geometry":{"type":"Polygon","coordinates":[[[-111.6590337,40.2591368],[-111.6590282,40.2590998],[-111.6590482,40.2590981],[-111.6590452,40.2590746],[-111.6590422,40.2590529],[-111.6590202,40.2590547],[-111.6590132,40.259002],[-111.6589072,40.2590104],[-111.6589082,40.259016],[-111.6588632,40.2590196],[-111.6588742,40.2590985],[-111.6588932,40.259097],[-111.6589032,40.2591731],[-111.6589245,40.2591716],[-111.6589821,40.2591655],[-111.6589781,40.2591416],[-111.6590337,40.2591368]]]}},{"type":"Feature","id":1089795235,"properties":{"osmId":1089795235,"category":"residential","addr:city":"Provo","addr:housenumber":"1894","addr:postcode":"84604","addr:state":"UT","addr:street":"North 40 West","building":"apartments","building:flats":"6","building:levels":"3","name":"Building 4","operator":"Brigham Young University","smoking":"no"},"geometry":{"type":"Polygon","coordinates":[[[-111.6590051,40.2595221],[-111.6590614,40.2595259],[-111.659083,40.2595274],[-111.6590773,40.2595758],[-111.659098,40.2595772],[-111.6590955,40.2595988],[-111.6590925,40.2596237],[-111.6590712,40.2596222],[-111.6590669,40.2596591],[-111.6590112,40.2596552],[-111.6590099,40.2596661],[-111.6589543,40.2596623],[-111.6589328,40.2596613],[-111.6589469,40.2595406],[-111.6590025,40.2595444],[-111.6590051,40.2595221]]]}},{"type":"Feature","id":1089795236,"properties":{"osmId":1089795236,"category":"residential","addr:city":"Provo","addr:housenumber":"1888","addr:postcode":"84604","addr:state":"UT","addr:street":"North 40 West","building":"apartments","building:flats":"6","building:levels":"3","name":"Building 4","operator":"Brigham Young University","smoking":"no"},"geometry":{"type":"Polygon","coordinates":[[[-111.6589247,40.2593815],[-111.6589706,40.2593846],[-111.6589711,40.2593801],[-111.6590782,40.2593871],[-111.6590717,40.2594441],[-111.6590908,40.2594454],[-111.6590884,40.259467],[-111.6590856,40.259491],[-111.6590655,40.2594897],[-111.6590614,40.2595259],[-111.6590051,40.2595221],[-111.6590025,40.2595444],[-111.6589469,40.2595406],[-111.658926,40.2595395],[-111.6589345,40.259465],[-111.6589154,40.2594637],[-111.6589247,40.2593815]]]}},{"type":"Feature","id":1089795237,"properties":{"osmId":1089795237,"category":"residential","addr:city":"Provo","addr:housenumber":"1938","addr:postcode":"84604","addr:state":"UT","addr:street":"North 40 West","building":"apartments","building:flats":"6","building:levels":"3","name":"Building 5","operator":"Brigham Young University","smoking":"no"},"geometry":{"type":"Polygon","coordinates":[[[-111.6590812,40.2601773],[-111.6590598,40.2601791],[-111.6590457,40.2600575],[-111.6591021,40.2600533],[-111.6590993,40.2600305],[-111.6591543,40.2600262],[-111.6591767,40.2600248],[-111.6591817,40.2600736],[-111.6592027,40.2600723],[-111.6592047,40.2600957],[-111.6592062,40.2601188],[-111.6591884,40.2601204],[-111.6591923,40.2601561],[-111.6591368,40.2601609],[-111.659138,40.2601724],[-111.6590812,40.2601773]]]}},{"type":"Feature","id":1089795238,"properties":{"osmId":1089795238,"category":"residential","addr:city":"Provo","addr:housenumber":"1926","addr:postcode":"84604","addr:state":"UT","addr:street":"North 40 West","building":"apartments","building:flats":"6","building:levels":"3","name":"Building 5","operator":"Brigham Young University","smoking":"no"},"geometry":{"type":"Polygon","coordinates":[[[-111.6590457,40.2600575],[-111.6590233,40.2600594],[-111.6590153,40.2599832],[-111.6589943,40.2599845],[-111.6589853,40.2599044],[-111.6590303,40.2599016],[-111.6590293,40.2598958],[-111.6591383,40.2598888],[-111.6591443,40.2599437],[-111.6591663,40.2599423],[-111.6591683,40.2599644],[-111.6591713,40.2599887],[-111.6591503,40.2599901],[-111.6591543,40.2600262],[-111.6590993,40.2600305],[-111.6591021,40.2600533],[-111.6590457,40.2600575]]]}},{"type":"Feature","id":1089795239,"properties":{"osmId":1089795239,"category":"residential","addr:city":"Provo","addr:housenumber":"1964","addr:postcode":"84604","addr:state":"UT","addr:street":"North 40 West","building":"apartments","building:flats":"6","building:levels":"3","name":"Building 6","operator":"Brigham Young University","smoking":"no"},"geometry":{"type":"Polygon","coordinates":[[[-111.6590567,40.2605476],[-111.6590344,40.2605437],[-111.6590602,40.2604705],[-111.6590414,40.2604666],[-111.6590685,40.2603899],[-111.6591135,40.2603992],[-111.6591155,40.2603936],[-111.6592187,40.2604148],[-111.6592004,40.2604667],[-111.6592197,40.2604706],[-111.6592114,40.2604943],[-111.6592036,40.2605162],[-111.6591858,40.2605126],[-111.6591733,40.2605481],[-111.6591169,40.2605366],[-111.6591092,40.2605583],[-111.6590567,40.2605476]]]}},{"type":"Feature","id":1089797059,"properties":{"osmId":1089797059,"category":"residential","addr:city":"Provo","addr:housenumber":"1965","addr:postcode":"84604","addr:state":"UT","addr:street":"North 40 West","building":"apartments","building:flats":"6","building:levels":"3","name":"Building 7","operator":"Brigham Young University","smoking":"no"},"geometry":{"type":"Polygon","coordinates":[[[-111.6597192,40.2604264],[-111.6597191,40.2605485],[-111.6596617,40.2605485],[-111.6596617,40.260572],[-111.6596078,40.260572],[-111.6595853,40.260572],[-111.6595854,40.2605226],[-111.659563,40.2605226],[-111.659563,40.260501],[-111.659563,40.2604761],[-111.6595839,40.2604761],[-111.6595839,40.2604263],[-111.6597192,40.2604264]]]}},{"type":"Feature","id":1089797060,"properties":{"osmId":1089797060,"category":"residential","addr:city":"Provo","addr:housenumber":"78","addr:postcode":"84604","addr:state":"UT","addr:street":"West 1940 North","building":"apartments","building:flats":"6","building:levels":"3","name":"Building 8","operator":"Brigham Young University","smoking":"no"},"geometry":{"type":"Polygon","coordinates":[[[-111.659985,40.2603328],[-111.6599847,40.2603501],[-111.659828,40.2603484],[-111.6598288,40.2603033],[-111.6597993,40.260303],[-111.6598001,40.260261],[-111.6597997,40.2602452],[-111.6598636,40.2602459],[-111.6598639,40.2602321],[-111.6598944,40.2602324],[-111.659924,40.2602328],[-111.6599238,40.2602474],[-111.6599717,40.2602479],[-111.6599709,40.2602879],[-111.6599858,40.2602881],[-111.659985,40.2603328]]]}},{"type":"Feature","id":1089797061,"properties":{"osmId":1089797061,"category":"residential","addr:city":"Provo","addr:housenumber":"96","addr:postcode":"84604","addr:state":"UT","addr:street":"West 1940 North","building":"apartments","building:flats":"6","building:levels":"3","name":"Building 8","operator":"Brigham Young University","smoking":"no"},"geometry":{"type":"Polygon","coordinates":[[[-111.6601563,40.260334],[-111.659985,40.2603328],[-111.6599858,40.2602881],[-111.6599709,40.2602879],[-111.6599717,40.2602479],[-111.6599716,40.2602311],[-111.6600354,40.2602315],[-111.6600356,40.2602157],[-111.6600654,40.2602159],[-111.6600935,40.2602161],[-111.6600933,40.260233],[-111.6601576,40.2602335],[-111.6601563,40.260334]]]}},{"type":"Feature","id":1089797062,"properties":{"osmId":1089797062,"category":"residential","addr:city":"Provo","addr:housenumber":"1962","addr:postcode":"84604","addr:state":"UT","addr:street":"North 110 West","building":"apartments","building:flats":"6","building:levels":"3","name":"Building 9","operator":"Brigham Young University","smoking":"no"},"geometry":{"type":"Polygon","coordinates":[[[-111.6600297,40.260607],[-111.6600081,40.2606074],[-111.6600071,40.2605324],[-111.659986,40.2605325],[-111.659985,40.2604536],[-111.6600308,40.2604533],[-111.6600307,40.2604471],[-111.6601388,40.2604463],[-111.6601395,40.2605],[-111.6601604,40.2604998],[-111.6601607,40.2605237],[-111.6601611,40.2605489],[-111.6601413,40.260549],[-111.6601417,40.2605832],[-111.6600828,40.2605836],[-111.6600831,40.2606066],[-111.6600297,40.260607]]]}},{"type":"Feature","id":1089797065,"properties":{"osmId":1089797065,"category":"residential","addr:city":"Provo","addr:housenumber":"1979","addr:postcode":"84604","addr:state":"UT","addr:street":"North 110 West","building":"apartments","building:flats":"6","building:levels":"3","name":"Building 10","operator":"Brigham Young University","smoking":"no"},"geometry":{"type":"Polygon","coordinates":[[[-111.6605881,40.2609293],[-111.6604343,40.2608903],[-111.6604524,40.2608487],[-111.6604276,40.2608424],[-111.6604457,40.2608008],[-111.6604522,40.2607859],[-111.6605111,40.2608008],[-111.6605171,40.2607871],[-111.6605461,40.2607944],[-111.6605757,40.2608019],[-111.6605702,40.2608146],[-111.6606313,40.2608301],[-111.6605881,40.2609293]]]}},{"type":"Feature","id":1089797066,"properties":{"osmId":1089797066,"category":"residential","addr:city":"Provo","addr:housenumber":"146","addr:postcode":"84604","addr:state":"UT","addr:street":"West 1940 North","building":"apartments","building:flats":"6","building:levels":"3","name":"Building 12","operator":"Brigham Young University","smoking":"no"},"geometry":{"type":"Polygon","coordinates":[[[-111.661211,40.260346],[-111.6610551,40.2603462],[-111.661055,40.2603022],[-111.6610249,40.2603022],[-111.6610248,40.2602615],[-111.6610244,40.2602442],[-111.6610835,40.2602441],[-111.6610835,40.2602289],[-111.6611145,40.2602289],[-111.6611438,40.2602289],[-111.6611438,40.2602431],[-111.6612108,40.260243],[-111.661211,40.260346]]]}},{"type":"Feature","id":1089797067,"properties":{"osmId":1089797067,"category":"residential","addr:city":"Provo","addr:housenumber":"1966","addr:postcode":"84604","addr:state":"UT","addr:street":"North 160 West","building":"apartments","building:flats":"6","building:levels":"3","name":"Building 13","operator":"Brigham Young University","smoking":"no"},"geometry":{"type":"Polygon","coordinates":[[[-111.6607794,40.2607563],[-111.6607629,40.2607482],[-111.6608189,40.260687],[-111.6608019,40.260678],[-111.6608631,40.2606112],[-111.6609886,40.2606781],[-111.6609494,40.2607209],[-111.6609663,40.2607299],[-111.6609489,40.2607489],[-111.660932,40.2607674],[-111.660915,40.2607584],[-111.6608877,40.2607883],[-111.6608431,40.2607645],[-111.6608273,40.2607818],[-111.6607794,40.2607563]]]}},{"type":"Feature","id":1089797068,"properties":{"osmId":1089797068,"category":"residential","addr:city":"Provo","addr:housenumber":"1969","addr:postcode":"84604","addr:state":"UT","addr:street":"North 160 West","building":"apartments","building:flats":"6","building:levels":"3","name":"Building 14","operator":"Brigham Young University","smoking":"no"},"geometry":{"type":"Polygon","coordinates":[[[-111.6613812,40.2609508],[-111.661294,40.2610485],[-111.6612467,40.2610246],[-111.6612296,40.2610427],[-111.6611837,40.2610193],[-111.6611682,40.2610111],[-111.6612042,40.2609708],[-111.6611872,40.2609618],[-111.6612022,40.260945],[-111.6612182,40.2609267],[-111.6612362,40.2609363],[-111.6612742,40.2608948],[-111.6613812,40.2609508]]]}},{"type":"Feature","id":1089798105,"properties":{"osmId":1089798105,"category":"residential","addr:city":"Provo","addr:housenumber":"143","addr:postcode":"84604","addr:state":"UT","addr:street":"West 2060 North","building":"apartments","building:flats":"6","building:levels":"3","name":"Building 16","operator":"Brigham Young University","smoking":"no"},"geometry":{"type":"Polygon","coordinates":[[[-111.6606065,40.2615049],[-111.6606101,40.2614881],[-111.6607069,40.2615001],[-111.6607099,40.261486],[-111.660817,40.2614992],[-111.6608097,40.2615335],[-111.6608147,40.2615341],[-111.6607974,40.2616154],[-111.6607275,40.2616068],[-111.6607242,40.2616225],[-111.6606956,40.2616189],[-111.6606661,40.2616153],[-111.6606696,40.2615987],[-111.6606186,40.2615924],[-111.6606268,40.2615532],[-111.6605972,40.2615496],[-111.6606065,40.2615049]]]}},{"type":"Feature","id":1089798106,"properties":{"osmId":1089798106,"category":"residential","addr:city":"Provo","addr:housenumber":"167","addr:postcode":"84604","addr:state":"UT","addr:street":"West 2060 North","building":"apartments","building:flats":"6","building:levels":"3","name":"Building 15","operator":"Brigham Young University","smoking":"no"},"geometry":{"type":"Polygon","coordinates":[[[-111.6610458,40.2615458],[-111.6610482,40.2615301],[-111.6611469,40.261542],[-111.66115,40.2615272],[-111.661253,40.2615396],[-111.661246,40.261573],[-111.6612512,40.2615737],[-111.6612344,40.2616546],[-111.6611656,40.2616463],[-111.6611619,40.261664],[-111.6611312,40.2616603],[-111.6610993,40.2616565],[-111.6611028,40.2616395],[-111.6610576,40.261634],[-111.6610667,40.2615902],[-111.6610373,40.2615866],[-111.6610458,40.2615458]]]}},{"type":"Feature","id":1089799795,"properties":{"osmId":1089799795,"category":"residential","addr:city":"Provo","addr:housenumber":"144","addr:postcode":"84604","addr:state":"UT","addr:street":"West 2060 North","building":"apartments","building:flats":"6","building:levels":"3","name":"Building 17","operator":"Brigham Young University","smoking":"no"},"geometry":{"type":"Polygon","coordinates":[[[-111.6608132,40.2620327],[-111.6608102,40.2620481],[-111.6606509,40.2620304],[-111.6606594,40.2619858],[-111.6606314,40.2619827],[-111.6606394,40.2619408],[-111.6606423,40.2619254],[-111.660703,40.2619321],[-111.6607061,40.2619162],[-111.6607365,40.2619196],[-111.6607691,40.2619232],[-111.6607665,40.2619369],[-111.6608115,40.2619419],[-111.6608036,40.2619847],[-111.6608218,40.2619867],[-111.6608132,40.2620327]]]}},{"type":"Feature","id":1089799796,"properties":{"osmId":1089799796,"category":"residential","addr:city":"Provo","addr:housenumber":"132","addr:postcode":"84604","addr:state":"UT","addr:street":"West 2060 North","building":"apartments","building:flats":"6","building:levels":"3","name":"Building 17","operator":"Brigham Young University","smoking":"no"},"geometry":{"type":"Polygon","coordinates":[[[-111.6606483,40.2620444],[-111.6605486,40.2620333],[-111.6605458,40.2620477],[-111.6604462,40.2620366],[-111.6604528,40.2620023],[-111.6604459,40.2620016],[-111.6604612,40.2619217],[-111.6605308,40.2619295],[-111.6605338,40.2619141],[-111.6605637,40.2619175],[-111.6605938,40.2619208],[-111.660591,40.2619354],[-111.6606394,40.2619408],[-111.6606314,40.2619827],[-111.6606594,40.2619858],[-111.6606509,40.2620304],[-111.6606483,40.2620444]]]}},{"type":"Feature","id":1089799797,"properties":{"osmId":1089799797,"category":"residential","addr:city":"Provo","addr:housenumber":"2099","addr:postcode":"84604","addr:state":"UT","addr:street":"North 120 West","building":"apartments","building:flats":"6","building:levels":"3","name":"Building 19","operator":"Brigham Young University","smoking":"no"},"geometry":{"type":"Polygon","coordinates":[[[-111.6606391,40.2621165],[-111.6606378,40.2622379],[-111.6605793,40.2622377],[-111.6605792,40.2622595],[-111.6605235,40.2622594],[-111.6605054,40.2622597],[-111.6605059,40.2622107],[-111.6604838,40.2622106],[-111.660484,40.2621877],[-111.6604842,40.2621652],[-111.6605053,40.2621654],[-111.6605058,40.2621157],[-111.6606391,40.2621165]]]}},{"type":"Feature","id":1089799798,"properties":{"osmId":1089799798,"category":"residential","addr:city":"Provo","addr:housenumber":"2114","addr:postcode":"84604","addr:state":"UT","addr:street":"North 170 West","building":"apartments","building:flats":"6","building:levels":"3","name":"Building 18","operator":"Brigham Young University","smoking":"no"},"geometry":{"type":"Polygon","coordinates":[[[-111.6608126,40.2623887],[-111.6607898,40.2623858],[-111.6608138,40.2622682],[-111.6608682,40.2622738],[-111.6608726,40.2622518],[-111.6609277,40.2622574],[-111.6609498,40.2622601],[-111.6609398,40.2623072],[-111.6609608,40.2623098],[-111.6609558,40.2623333],[-111.6609518,40.2623562],[-111.6609308,40.2623538],[-111.6609235,40.2623904],[-111.6608699,40.2623844],[-111.660868,40.2623944],[-111.6608126,40.2623887]]]}},{"type":"Feature","id":1089799799,"properties":{"osmId":1089799799,"category":"residential","addr:city":"Provo","addr:housenumber":"2102","addr:postcode":"84604","addr:state":"UT","addr:street":"North 170 West","building":"apartments","building:flats":"6","building:levels":"3","name":"Building 18","operator":"Brigham Young University","smoking":"no"},"geometry":{"type":"Polygon","coordinates":[[[-111.6608138,40.2622682],[-111.6607917,40.2622656],[-111.6608077,40.2621892],[-111.6607867,40.2621866],[-111.6608037,40.2621085],[-111.6608487,40.262114],[-111.6608497,40.2621083],[-111.6609567,40.2621212],[-111.6609467,40.2621734],[-111.6609657,40.2621758],[-111.6609607,40.2621994],[-111.6609557,40.2622236],[-111.6609347,40.2622211],[-111.6609277,40.2622574],[-111.6608726,40.2622518],[-111.6608682,40.2622738],[-111.6608138,40.2622682]]]}},{"type":"Feature","id":1089799800,"properties":{"osmId":1089799800,"category":"residential","addr:city":"Provo","addr:housenumber":"151","addr:postcode":"84604","addr:state":"UT","addr:street":"West 2170 North","building":"apartments","building:flats":"6","building:levels":"3","name":"Building 20","operator":"Brigham Young University","smoking":"no"},"geometry":{"type":"Polygon","coordinates":[[[-111.6606741,40.2626977],[-111.6606737,40.2626803],[-111.6607727,40.26268],[-111.6607727,40.262666],[-111.6608777,40.2626657],[-111.6608777,40.2627012],[-111.6608837,40.2627012],[-111.6608847,40.2627824],[-111.6608147,40.2627826],[-111.6608147,40.2627992],[-111.6607847,40.2627993],[-111.6607527,40.2627994],[-111.6607527,40.2627844],[-111.6607064,40.2627842],[-111.6607058,40.2627394],[-111.6606744,40.2627397],[-111.6606741,40.2626977]]]}},{"type":"Feature","id":1089801478,"properties":{"osmId":1089801478,"category":"residential","addr:city":"Provo","addr:housenumber":"98","addr:postcode":"84604","addr:state":"UT","addr:street":"West 2060 North","building":"apartments","building:flats":"6","building:levels":"3","name":"Building 21","operator":"Brigham Young University","smoking":"no"},"geometry":{"type":"Polygon","coordinates":[[[-111.6601188,40.2620193],[-111.6599615,40.26202],[-111.6599612,40.2619739],[-111.6599297,40.2619741],[-111.6599295,40.2619327],[-111.6599283,40.2619173],[-111.6599908,40.261917],[-111.6599907,40.2619005],[-111.6600214,40.2619004],[-111.6600535,40.2619002],[-111.6600536,40.2619147],[-111.660118,40.2619144],[-111.6601188,40.2620193]]]}},{"type":"Feature","id":1089801479,"properties":{"osmId":1089801479,"category":"residential","addr:city":"Provo","addr:housenumber":"2108","addr:postcode":"84604","addr:state":"UT","addr:street":"North 120 West","building":"apartments","building:flats":"6","building:levels":"3","name":"Building 22","operator":"Brigham Young University","smoking":"no"},"geometry":{"type":"Polygon","coordinates":[[[-111.6599972,40.2623653],[-111.6599754,40.2623653],[-111.6599749,40.2622888],[-111.6599549,40.2622889],[-111.6599543,40.2622093],[-111.6599992,40.2622091],[-111.6599992,40.2622031],[-111.6601071,40.2622027],[-111.6601075,40.2622569],[-111.6601296,40.2622568],[-111.6601297,40.2622815],[-111.6601299,40.2623047],[-111.660108,40.2623048],[-111.6601083,40.2623412],[-111.6600529,40.2623414],[-111.660053,40.2623651],[-111.6599972,40.2623653]]]}},{"type":"Feature","id":1089801480,"properties":{"osmId":1089801480,"category":"residential","addr:city":"Provo","addr:housenumber":"99","addr:postcode":"84604","addr:state":"UT","addr:street":"West 2170 North","building":"apartments","building:flats":"6","building:levels":"3","name":"Building 23","operator":"Brigham Young University","smoking":"no"},"geometry":{"type":"Polygon","coordinates":[[[-111.6599127,40.2626732],[-111.6599118,40.2626591],[-111.6600122,40.2626587],[-111.6600121,40.2626422],[-111.660117,40.2626418],[-111.6601172,40.2626766],[-111.6601242,40.2626765],[-111.6601247,40.2627598],[-111.6600547,40.2627601],[-111.6600548,40.262777],[-111.6600235,40.2627771],[-111.6599919,40.2627773],[-111.6599919,40.2627614],[-111.6599452,40.2627616],[-111.6599449,40.2627172],[-111.6599129,40.2627173],[-111.6599127,40.2626732]]]}},{"type":"Feature","id":1089801481,"properties":{"osmId":1089801481,"category":"residential","addr:city":"Provo","addr:housenumber":"2131","addr:postcode":"84604","addr:state":"UT","addr:street":"North 40 West","building":"apartments","building:flats":"6","building:levels":"3","name":"Building 25","operator":"Brigham Young University","smoking":"no"},"geometry":{"type":"Polygon","coordinates":[[[-111.6595726,40.2624258],[-111.6595913,40.2625458],[-111.6595354,40.262551],[-111.6595392,40.2625751],[-111.6594808,40.2625805],[-111.6594617,40.2625824],[-111.6594542,40.2625343],[-111.6594352,40.2625361],[-111.6594313,40.2625111],[-111.6594277,40.2624879],[-111.6594497,40.2624859],[-111.6594422,40.2624377],[-111.6595726,40.2624258]]]}},{"type":"Feature","id":1089801482,"properties":{"osmId":1089801482,"category":"residential","addr:city":"Provo","addr:housenumber":"2093","addr:postcode":"84604","addr:state":"UT","addr:street":"North 40 West","building":"apartments","building:flats":"6","building:levels":"3","name":"Building 24","operator":"Brigham Young University","smoking":"no"},"geometry":{"type":"Polygon","coordinates":[[[-111.6596091,40.2620628],[-111.6596283,40.2620665],[-111.6595897,40.2621834],[-111.6595352,40.2621728],[-111.6595278,40.2621949],[-111.6594718,40.262184],[-111.6594528,40.2621807],[-111.6594686,40.2621328],[-111.6594502,40.2621293],[-111.6594575,40.2621073],[-111.6594648,40.2620851],[-111.6594866,40.2620893],[-111.6594988,40.2620523],[-111.6595488,40.2620619],[-111.6595522,40.2620519],[-111.6596091,40.2620628]]]}},{"type":"Feature","id":1089801483,"properties":{"osmId":1089801483,"category":"residential","addr:city":"Provo","addr:housenumber":"2081","addr:postcode":"84604","addr:state":"UT","addr:street":"North 40 West","building":"apartments","building:flats":"6","building:levels":"3","name":"Building 24","operator":"Brigham Young University","smoking":"no"},"geometry":{"type":"Polygon","coordinates":[[[-111.6596518,40.2619346],[-111.6596091,40.2620628],[-111.6595522,40.2620519],[-111.6595488,40.2620619],[-111.6594988,40.2620523],[-111.6594756,40.2620478],[-111.6594908,40.2620022],[-111.6594729,40.2619988],[-111.6594805,40.2619758],[-111.6594878,40.261954],[-111.6595089,40.2619581],[-111.6595249,40.26191],[-111.6596518,40.2619346]]]}},{"type":"Feature","id":1089803253,"properties":{"osmId":1089803253,"category":"residential","addr:city":"Provo","addr:housenumber":"2124","addr:postcode":"84604","addr:state":"UT","addr:street":"North 40 West","building":"apartments","building:flats":"6","building:levels":"3","name":"Building 26","operator":"Brigham Young University","smoking":"no"},"geometry":{"type":"Polygon","coordinates":[[[-111.6589226,40.2625049],[-111.658904,40.2625036],[-111.658922,40.2623832],[-111.6589788,40.2623882],[-111.6589822,40.2623659],[-111.6590383,40.2623708],[-111.659058,40.2623725],[-111.6590507,40.2624211],[-111.6590696,40.2624228],[-111.6590661,40.2624465],[-111.6590631,40.2624665],[-111.6590402,40.2624645],[-111.6590342,40.2625045],[-111.6589877,40.2625003],[-111.658986,40.2625107],[-111.6589226,40.2625049]]]}},{"type":"Feature","id":1089803254,"properties":{"osmId":1089803254,"category":"residential","addr:city":"Provo","addr:housenumber":"2112","addr:postcode":"84604","addr:state":"UT","addr:street":"North 40 West","building":"apartments","building:flats":"6","building:levels":"3","name":"Building 26","operator":"Brigham Young University","smoking":"no"},"geometry":{"type":"Polygon","coordinates":[[[-111.658914,40.2623044],[-111.658895,40.2623028],[-111.6589065,40.2622242],[-111.6589512,40.262228],[-111.658952,40.2622226],[-111.6590615,40.262232],[-111.6590535,40.2622863],[-111.6590726,40.262288],[-111.6590685,40.2623162],[-111.6590652,40.2623385],[-111.6590433,40.2623367],[-111.6590383,40.2623708],[-111.6589822,40.2623659],[-111.6589788,40.2623882],[-111.658922,40.2623832],[-111.6589027,40.2623818],[-111.658914,40.2623044]]]}},{"type":"Feature","id":1089803255,"properties":{"osmId":1089803255,"category":"residential","addr:city":"Provo","addr:housenumber":"2152","addr:postcode":"84604","addr:state":"UT","addr:street":"North 40 West","building":"apartments","building:flats":"6","building:levels":"3","name":"Building 27","operator":"Brigham Young University","smoking":"no"},"geometry":{"type":"Polygon","coordinates":[[[-111.6589345,40.2628611],[-111.6589195,40.2628706],[-111.6588496,40.2628058],[-111.6588842,40.2627841],[-111.658881,40.2627812],[-111.6589674,40.2627269],[-111.6590125,40.2627686],[-111.6590275,40.2627592],[-111.659048,40.2627782],[-111.6590671,40.2627958],[-111.6590498,40.2628066],[-111.6590813,40.2628359],[-111.6590371,40.2628639],[-111.6590544,40.2628797],[-111.659011,40.2629071],[-111.658996,40.2629181],[-111.6589345,40.2628611]]]}},{"type":"Feature","id":1089803256,"properties":{"osmId":1089803256,"category":"residential","addr:city":"Provo","addr:housenumber":"2162","addr:postcode":"84604","addr:state":"UT","addr:street":"North 40 West","building":"apartments","building:flats":"6","building:levels":"3","name":"Building 27","operator":"Brigham Young University","smoking":"no"},"geometry":{"type":"Polygon","coordinates":[[[-111.6591271,40.2629905],[-111.6591118,40.2629998],[-111.659011,40.2629071],[-111.6590544,40.2628797],[-111.6590371,40.2628639],[-111.6590813,40.2628359],[-111.6590966,40.2628262],[-111.6591367,40.262863],[-111.6591496,40.2628548],[-111.6591692,40.2628728],[-111.6591872,40.2628893],[-111.6591728,40.2628984],[-111.6592045,40.2629276],[-111.6591537,40.2629596],[-111.6591628,40.2629681],[-111.6591271,40.2629905]]]}},{"type":"Feature","id":1089803257,"properties":{"osmId":1089803257,"category":"residential","addr:city":"Provo","addr:housenumber":"64","addr:postcode":"84604","addr:state":"UT","addr:street":"West 2170 North","building":"apartments","building:flats":"6","building:levels":"3","name":"Building 28","operator":"Brigham Young University","smoking":"no"},"geometry":{"type":"Polygon","coordinates":[[[-111.6597429,40.2631763],[-111.659741,40.2631913],[-111.6595854,40.2631773],[-111.659592,40.2631346],[-111.6595632,40.263132],[-111.6595698,40.2630898],[-111.6595721,40.2630749],[-111.6596338,40.2630805],[-111.6596363,40.2630645],[-111.6596666,40.2630673],[-111.6596981,40.2630701],[-111.6596959,40.2630847],[-111.6597427,40.2630889],[-111.659736,40.2631324],[-111.6597495,40.2631336],[-111.6597429,40.2631763]]]}},{"type":"Feature","id":1089803258,"properties":{"osmId":1089803258,"category":"residential","addr:city":"Provo","addr:housenumber":"44","addr:postcode":"84604","addr:state":"UT","addr:street":"West 2170 North","building":"apartments","building:flats":"6","building:levels":"3","name":"Building 28","operator":"Brigham Young University","smoking":"no"},"geometry":{"type":"Polygon","coordinates":[[[-111.6595854,40.2631773],[-111.6595827,40.263194],[-111.6594826,40.2631849],[-111.6594806,40.2631979],[-111.6593771,40.2631885],[-111.6593824,40.2631545],[-111.6593773,40.2631541],[-111.6593899,40.2630734],[-111.6594597,40.2630797],[-111.6594621,40.2630645],[-111.6594919,40.2630672],[-111.6595229,40.26307],[-111.6595205,40.2630853],[-111.6595698,40.2630898],[-111.6595632,40.263132],[-111.659592,40.2631346],[-111.6595854,40.2631773]]]}},{"type":"Feature","id":1089803259,"properties":{"osmId":1089803259,"category":"residential","addr:city":"Provo","addr:housenumber":"108","addr:postcode":"84604","addr:state":"UT","addr:street":"West 2170 North","building":"apartments","building:flats":"6","building:levels":"3","name":"Building 29","operator":"Brigham Young University","smoking":"no"},"geometry":{"type":"Polygon","coordinates":[[[-111.6602669,40.263194],[-111.6602638,40.2632106],[-111.6601658,40.2631985],[-111.6601628,40.2632127],[-111.6600598,40.2632],[-111.6600668,40.2631656],[-111.6600598,40.2631647],[-111.6600768,40.2630846],[-111.6601458,40.2630932],[-111.6601488,40.2630786],[-111.6601788,40.2630823],[-111.6602068,40.2630858],[-111.6602038,40.2630998],[-111.6602538,40.2631065],[-111.660246,40.263147],[-111.660275,40.2631512],[-111.6602669,40.263194]]]}},{"type":"Feature","id":1089803260,"properties":{"osmId":1089803260,"category":"residential","addr:city":"Provo","addr:housenumber":"154","addr:postcode":"84604","addr:state":"UT","addr:street":"West 2170 North","building":"apartments","building:flats":"6","building:levels":"3","name":"Building 30","operator":"Brigham Young University","smoking":"no"},"geometry":{"type":"Polygon","coordinates":[[[-111.660949,40.2631886],[-111.6609509,40.2632065],[-111.6607945,40.2632165],[-111.6607898,40.2631747],[-111.6607588,40.2631767],[-111.6607542,40.2631355],[-111.6607528,40.2631179],[-111.6608128,40.2631141],[-111.660811,40.2630975],[-111.6608426,40.2630954],[-111.660875,40.2630934],[-111.6608766,40.2631082],[-111.6609227,40.2631053],[-111.6609273,40.2631479],[-111.6609444,40.2631469],[-111.660949,40.2631886]]]}},{"type":"Feature","id":1089803261,"properties":{"osmId":1089803261,"category":"residential","addr:city":"Provo","addr:housenumber":"142","addr:postcode":"84604","addr:state":"UT","addr:street":"West 2170 North","building":"apartments","building:flats":"6","building:levels":"3","name":"Building 30","operator":"Brigham Young University","smoking":"no"},"geometry":{"type":"Polygon","coordinates":[[[-111.6607945,40.2632165],[-111.6607964,40.2632337],[-111.6606973,40.2632401],[-111.660699,40.2632556],[-111.6605966,40.2632623],[-111.6605929,40.2632292],[-111.6605878,40.2632295],[-111.6605787,40.2631477],[-111.6606467,40.2631433],[-111.6606449,40.2631273],[-111.6606733,40.2631255],[-111.6607047,40.2631234],[-111.6607064,40.2631386],[-111.6607542,40.2631355],[-111.6607588,40.2631767],[-111.6607898,40.2631747],[-111.6607945,40.2632165]]]}},{"type":"Feature","id":1093315313,"properties":{"osmId":1093315313,"category":"academic","building":"roof","layer":"1"},"geometry":{"type":"Polygon","coordinates":[[[-111.6508343,40.249183],[-111.6508313,40.2490599],[-111.6505318,40.2490627],[-111.6505334,40.2491861],[-111.650645,40.249185],[-111.6508343,40.249183]]]}},{"type":"Feature","id":1093315320,"properties":{"osmId":1093315320,"category":"academic","building":"roof","layer":"1"},"geometry":{"type":"Polygon","coordinates":[[[-111.6498459,40.2503023],[-111.6497619,40.2503028],[-111.6497449,40.2503029],[-111.6497419,40.2501501],[-111.6498419,40.2501504],[-111.6498459,40.2503023]]]}},{"type":"Feature","id":1111187934,"properties":{"osmId":1111187934,"category":"academic","building":"roof","layer":"1"},"geometry":{"type":"Polygon","coordinates":[[[-111.6514973,40.2464522],[-111.6515174,40.2464353],[-111.6515411,40.2464518],[-111.651521,40.2464687],[-111.6514973,40.2464522]]]}},{"type":"Feature","id":1111187935,"properties":{"osmId":1111187935,"category":"academic","building":"roof","layer":"1"},"geometry":{"type":"Polygon","coordinates":[[[-111.6515144,40.2464804],[-111.6515323,40.246466],[-111.6515524,40.2464806],[-111.6515345,40.246495],[-111.6515144,40.2464804]]]}},{"type":"Feature","id":1147938875,"properties":{"osmId":1147938875,"category":"academic","barrier":"toll_booth","building":"yes"},"geometry":{"type":"Polygon","coordinates":[[[-111.6482816,40.2522451],[-111.6482388,40.2522418],[-111.6482351,40.2522693],[-111.6482779,40.2522727],[-111.6482816,40.2522451]]]}},{"type":"Feature","id":1195435229,"properties":{"osmId":1195435229,"category":"academic","building":"shed"},"geometry":{"type":"Polygon","coordinates":[[[-111.6612981,40.2588465],[-111.6613417,40.2588466],[-111.6613413,40.2589144],[-111.6612977,40.2589143],[-111.6612979,40.258881],[-111.6612981,40.2588573],[-111.6612981,40.2588465]]]}},{"type":"Feature","id":1203283492,"properties":{"osmId":1203283492,"category":"academic","building":"yes","layer":"1","name":"Music Building","opening_date":"2023-04-30","short_name":"MB","source":"local knowledge"},"geometry":{"type":"Polygon","coordinates":[[[-111.6445904,40.2492228],[-111.6445904,40.2492004],[-111.6446458,40.2492004],[-111.6446458,40.2491321],[-111.6445928,40.2491321],[-111.6445928,40.2490811],[-111.6446851,40.2490811],[-111.6446851,40.2490668],[-111.6447513,40.2490667],[-111.6447907,40.2490667],[-111.6447907,40.2489776],[-111.6447907,40.2489583],[-111.6446851,40.2489583],[-111.6446851,40.2488153],[-111.6446763,40.2488153],[-111.6446763,40.2486156],[-111.6445121,40.2486157],[-111.6445121,40.2486013],[-111.644356,40.2486013],[-111.644356,40.2486542],[-111.6442523,40.2486543],[-111.6442523,40.248636],[-111.6437506,40.2486361],[-111.6437506,40.2486543],[-111.6436741,40.2486543],[-111.6436741,40.2486157],[-111.6434039,40.2486157],[-111.6434039,40.2488771],[-111.6433878,40.2488771],[-111.6433878,40.2490812],[-111.6434039,40.2490812],[-111.6434039,40.2492229],[-111.6436741,40.2492229],[-111.6436741,40.2491766],[-111.6437506,40.2491766],[-111.6437506,40.2491975],[-111.6442524,40.2491974],[-111.6442524,40.2491766],[-111.6443561,40.2491766],[-111.6443561,40.2492229],[-111.6445904,40.2492228]]]}},{"type":"Feature","id":1273036169,"properties":{"osmId":1273036169,"category":"other","architect":"HKS Architects","building":"construction","check_date":"2026-02-20","construction":"university","name":"Arts Building","opening_date":"2026-09-02","operator":"Brigham Young University","source":"local knowledge"},"geometry":{"type":"Polygon","coordinates":[[[-111.6486721,40.2503099],[-111.6486667,40.2496561],[-111.6483517,40.2496575],[-111.6483495,40.2495702],[-111.6480345,40.2495767],[-111.6480324,40.2496589],[-111.6472865,40.2496622],[-111.6473023,40.2503271],[-111.6479195,40.2503192],[-111.6479864,40.250365],[-111.6480515,40.2503176],[-111.6486721,40.2503099]]]}},{"type":"Feature","id":1350598643,"properties":{"osmId":1350598643,"category":"other","addr:housenumber":"1006","addr:street":"North Locust Lane","amenity":"school","building":"yes","isced:level":"1","name":"Wasatch Elementary School","operator":"Provo City School District"},"geometry":{"type":"Polygon","coordinates":[[[-111.633904,40.24714],[-111.6340864,40.2470684],[-111.6338758,40.24677],[-111.633908,40.2467572],[-111.6338537,40.2466323],[-111.6338275,40.24664],[-111.6338108,40.2465924],[-111.6337927,40.2465939],[-111.6337296,40.2462269],[-111.6335258,40.2462515],[-111.6335982,40.2465995],[-111.6335633,40.2466077],[-111.6336411,40.2468002],[-111.6336653,40.246793],[-111.633904,40.24714]]]}},{"type":"Feature","id":1350601134,"properties":{"osmId":1350601134,"category":"academic","building":"yes"},"geometry":{"type":"Polygon","coordinates":[[[-111.6514034,40.2530047],[-111.6513641,40.2529765],[-111.6514168,40.2529336],[-111.6514561,40.2529617],[-111.6514034,40.2530047]]]}},{"type":"Feature","id":1492889504,"properties":{"osmId":1492889504,"category":"academic","building":"yes"},"geometry":{"type":"Polygon","coordinates":[[[-111.6547109,40.256337],[-111.6547145,40.2564449],[-111.6542521,40.2564539],[-111.6542485,40.2563461],[-111.6547109,40.256337]]]}},{"type":"Feature","id":1495975765,"properties":{"osmId":1495975765,"category":"religious","addr:state":"UT","building":"yes","source":"esri/Utah_County_UT_Buildings"},"geometry":{"type":"Polygon","coordinates":[[[-111.6416984,40.2549622],[-111.6417031,40.254875],[-111.6417689,40.2548771],[-111.6417643,40.2549643],[-111.6416984,40.2549622]]]}}]}