{"type":"FeatureCollection","features":[{"type":"Feature","id":43054019,"properties":{"osmId":43054019,"category":"academic","addr:city":"Providence","addr:housenumber":"770","addr:postcode":"02903","addr:state":"RI","addr:street":"Westminster Street","building":"school","building:levels":"3","building:levels:underground":"1","name":"Classical High School","wikidata":"Q5128282","wikipedia":"en:Classical High School","_wikiTried":true},"geometry":{"type":"Polygon","coordinates":[[[-71.421464,41.8173354],[-71.4213767,41.8172357],[-71.421449,41.8172006],[-71.4214235,41.8171715],[-71.4213504,41.817207],[-71.4212395,41.8170801],[-71.4209159,41.8172374],[-71.4209484,41.8172746],[-71.4208861,41.8173048],[-71.4208406,41.8173269],[-71.420807,41.8172885],[-71.4204831,41.8174458],[-71.4205158,41.8174833],[-71.4204811,41.8175001],[-71.4204125,41.8175334],[-71.4203791,41.8174952],[-71.4200486,41.8176556],[-71.4201642,41.8177879],[-71.420101,41.8178185],[-71.4201232,41.8178439],[-71.4201969,41.8178081],[-71.420281,41.8179044],[-71.4205948,41.8177522],[-71.4205611,41.8177136],[-71.4206745,41.8176585],[-71.4207103,41.8176995],[-71.4210303,41.8175441],[-71.4209966,41.8175056],[-71.4211022,41.8174542],[-71.4211372,41.8174942],[-71.421464,41.8173354]]]}},{"type":"Feature","id":43054024,"properties":{"osmId":43054024,"category":"academic","building":"school","name":"Central High School","_wikiTried":true},"geometry":{"type":"Polygon","coordinates":[[[-71.420639,41.816965],[-71.4205422,41.8168544],[-71.4202593,41.8165309],[-71.4204825,41.8164188],[-71.4207373,41.8167117],[-71.4208753,41.8166468],[-71.4206164,41.816362],[-71.4208369,41.8162586],[-71.4210783,41.8165395],[-71.4212129,41.8164783],[-71.4209547,41.8161879],[-71.4211835,41.816074],[-71.4215592,41.8165126],[-71.420639,41.816965]]]}},{"type":"Feature","id":43054026,"properties":{"osmId":43054026,"category":"academic","building":"school","name":"Classical High School Athletic Building","_wikiTried":true},"geometry":{"type":"Polygon","coordinates":[[[-71.420234,41.8167234],[-71.4198731,41.8163099],[-71.4195665,41.8164589],[-71.4198305,41.8167617],[-71.4199271,41.8168726],[-71.4201581,41.8167591],[-71.420234,41.8167234]]]}},{"type":"Feature","id":96685817,"properties":{"osmId":96685817,"category":"academic","addr:city":"Providence","addr:postcode":"02903","addr:state":"RI","alt_name":"Marston Boathouse","building":"university","building:levels":"3","ele":"1","gnis:feature_id":"1903819","leisure":"sports_centre","name":"Marston Boat House","operator":"Brown Universiy","source":"USGS Geonames","sport":"rowing","website":"https://brownbears.com/","wikipedia":"en:Brown University men's rowing","_wikiTried":true},"geometry":{"type":"Polygon","coordinates":[[[-71.388539,41.8183283],[-71.3885234,41.8182402],[-71.388517,41.8182408],[-71.388507,41.8181838],[-71.3885806,41.8181766],[-71.3885862,41.8182089],[-71.3886055,41.8181322],[-71.3888084,41.8181604],[-71.3887884,41.8182402],[-71.3888964,41.8182552],[-71.3888616,41.818394],[-71.388828,41.8183893],[-71.388809,41.818465],[-71.3888252,41.8184672],[-71.3887971,41.8185792],[-71.3884844,41.8185356],[-71.3884887,41.8185185],[-71.3884757,41.8185167],[-71.388496,41.8184357],[-71.388509,41.8184375],[-71.3885126,41.8184231],[-71.3885319,41.8184257],[-71.3885558,41.8183304],[-71.388539,41.8183283]]]}},{"type":"Feature","id":121498412,"properties":{"osmId":121498412,"category":"athletic","addr:city":"Providence","addr:housenumber":"1","addr:state":"RI","addr:street":"LaSalle Square","building":"yes","capacity":"14000","leisure":"stadium","name":"Amica Mutual Pavilion","old_name":"Dunkin' Donuts Center;Providence Civic Center","owner":"Rhode Island Convention Center Authority","source":"Bing","sport":"ice_hockey;basketball","wikidata":"Q1266006","wikipedia":"en:Amica Mutual Pavilion","_wikiTried":true},"geometry":{"type":"Polygon","coordinates":[[[-71.4189808,41.8236014],[-71.4188402,41.8235115],[-71.4188752,41.8234785],[-71.4187576,41.8234046],[-71.4187583,41.8233957],[-71.4187318,41.8233726],[-71.4187388,41.8233654],[-71.4186913,41.8233239],[-71.41862,41.8232763],[-71.4185599,41.8232468],[-71.4185537,41.823255],[-71.4185151,41.8232426],[-71.4185051,41.8232459],[-71.4183732,41.8231629],[-71.418342,41.8231929],[-71.4181869,41.8230937],[-71.4180604,41.8230968],[-71.4179216,41.8231001],[-71.4178668,41.8231015],[-71.4178847,41.8230856],[-71.4177468,41.8229992],[-71.4177031,41.8230379],[-71.4176608,41.8230114],[-71.4172862,41.8233615],[-71.417334,41.8233895],[-71.4172862,41.8234335],[-71.4172755,41.8234855],[-71.4172535,41.8235454],[-71.4172277,41.8235875],[-71.4171789,41.8236374],[-71.4172221,41.823649],[-71.4173125,41.8236733],[-71.417275,41.8237053],[-71.4174364,41.8237973],[-71.4174734,41.8237613],[-71.4177631,41.8239492],[-71.4177792,41.8239931],[-71.4178489,41.8240331],[-71.4179187,41.8240845],[-71.4179777,41.8240371],[-71.4181308,41.8241454],[-71.4182839,41.8242428],[-71.4185892,41.824225],[-71.4190077,41.8238652],[-71.4189808,41.8236014]]]}},{"type":"Feature","id":141040329,"properties":{"osmId":141040329,"category":"religious","amenity":"place_of_worship","building":"church","denomination":"episcopal","ele":"21","gnis:feature_id":"1903102","name":"All Saints Memorial Church","religion":"christian","wikidata":"Q4729588","_wikiTried":true},"geometry":{"type":"Polygon","coordinates":[[[-71.4191111,41.8186016],[-71.4188722,41.8186992],[-71.4185983,41.8183506],[-71.4187646,41.8182805],[-71.4187904,41.8183157],[-71.4187974,41.8183252],[-71.4188781,41.8182973],[-71.4191111,41.8186016]]]}},{"type":"Feature","id":141129271,"properties":{"osmId":141129271,"category":"other","architect":"Sasaki","building":"yes","leisure":"sports_hall","name":"Penner Field House","opening_date":"2026-01-01","operator":"Brown University","sport":"american_football;soccer;rugby_union;lacrosse","website":"https://facilities.brown.edu/project/indoor-turf-facility","_wikiTried":true},"geometry":{"type":"Polygon","coordinates":[[[-71.3959451,41.8311339],[-71.3958192,41.8311371],[-71.3956089,41.8303668],[-71.395726,41.8303578],[-71.395723,41.8303479],[-71.395836,41.8303384],[-71.3958324,41.8303258],[-71.3959484,41.8303172],[-71.3959473,41.8303088],[-71.3961773,41.8302851],[-71.3961747,41.8302751],[-71.3962941,41.8302674],[-71.3962918,41.8302586],[-71.3964174,41.8302501],[-71.3964793,41.8304723],[-71.3965644,41.8304619],[-71.3967307,41.8310158],[-71.3966315,41.8310136],[-71.3966339,41.8310278],[-71.3965125,41.8310321],[-71.3965167,41.8310473],[-71.3963997,41.831051],[-71.3964031,41.831064],[-71.3961707,41.831084],[-71.396176,41.8310999],[-71.3960572,41.8311021],[-71.3960611,41.8311177],[-71.3959415,41.8311206],[-71.3959451,41.8311339]]]}},{"type":"Feature","id":141535672,"properties":{"osmId":141535672,"category":"other","alt_name":"Rhode Island Hospital Trust Building","building":"office","building:levels":"11","height":"54","heritage":"yes","historic":"building","name":"Hospital Trust Building","operator":"Rhode Island School of Design","wikidata":"Q7320926","wikipedia":"en:Rhode Island Hospital Trust Building","_wikiTried":true},"geometry":{"type":"Polygon","coordinates":[[[-71.409671,41.8259164],[-71.4101054,41.8255988],[-71.4100963,41.8255928],[-71.4099377,41.8254703],[-71.4097793,41.8253478],[-71.409732,41.8253144],[-71.4096136,41.8252245],[-71.4091712,41.8255479],[-71.4093329,41.8256708],[-71.4094926,41.8257922],[-71.4096631,41.8259219],[-71.409671,41.8259164]]]}},{"type":"Feature","id":141535689,"properties":{"osmId":141535689,"category":"other","building":"industrial","name":"Point Street Studios","operator":"Rhode Island School of Design","_wikiTried":true},"geometry":{"type":"Polygon","coordinates":[[[-71.4086315,41.8159216],[-71.4083282,41.8160417],[-71.4081656,41.8158206],[-71.4084747,41.8156989],[-71.4086315,41.8159216]]]}},{"type":"Feature","id":141535691,"properties":{"osmId":141535691,"category":"academic","building":"university","building:levels":"3","name":"Yena Center","operator":"Johnson & Wales University","_wikiTried":true},"geometry":{"type":"Polygon","coordinates":[[[-71.4109756,41.8229442],[-71.4102979,41.8224493],[-71.4102855,41.8224586],[-71.4102507,41.8224337],[-71.4102637,41.8224243],[-71.4102365,41.8224044],[-71.4103877,41.8222285],[-71.4104662,41.822267],[-71.410477,41.8222507],[-71.4107685,41.8223913],[-71.4109447,41.8224763],[-71.410931,41.8224925],[-71.4110399,41.8225453],[-71.4111616,41.8226044],[-71.4111121,41.8226625],[-71.4111886,41.8226995],[-71.4111394,41.8227551],[-71.4111614,41.8227675],[-71.4110577,41.8228861],[-71.411035,41.8228758],[-71.4109756,41.8229442]]]}},{"type":"Feature","id":141535713,"properties":{"osmId":141535713,"category":"residential","addr:housenumber":"1","addr:postcode":"02903","addr:street":"Park Row West","building":"apartments","building:levels":"6","name":"Park Row West","operator":"Johnson & Wales University","_wikiTried":true},"geometry":{"type":"Polygon","coordinates":[[[-71.4114042,41.8297339],[-71.4114014,41.8297048],[-71.411387,41.8296315],[-71.411401,41.82963],[-71.4113835,41.8295372],[-71.4113689,41.829539],[-71.4113628,41.8295038],[-71.4113497,41.8295048],[-71.4113404,41.8294566],[-71.4113524,41.8294553],[-71.4113482,41.8294375],[-71.4113623,41.8294361],[-71.4113433,41.8293437],[-71.4113308,41.8293454],[-71.4113241,41.8293097],[-71.411311,41.8293113],[-71.411302,41.8292656],[-71.4113127,41.8292646],[-71.411309,41.8292439],[-71.4113246,41.8292428],[-71.4113185,41.8292106],[-71.4113837,41.8292042],[-71.4113738,41.8291561],[-71.4113071,41.8291636],[-71.4113024,41.8291336],[-71.4112862,41.8291351],[-71.4112832,41.8291173],[-71.4112727,41.8291184],[-71.4112635,41.8290706],[-71.4112745,41.8290695],[-71.411267,41.829033],[-71.4112819,41.8290315],[-71.411263,41.82894],[-71.4112495,41.8289413],[-71.4112462,41.8289237],[-71.4112325,41.8289254],[-71.4112233,41.8288762],[-71.411237,41.8288751],[-71.4112296,41.8288392],[-71.411243,41.8288383],[-71.4112233,41.8287458],[-71.4112108,41.8287473],[-71.4112038,41.8287123],[-71.4111902,41.8287138],[-71.4111825,41.8286657],[-71.4111929,41.8286646],[-71.4111887,41.8286448],[-71.4112066,41.8286433],[-71.411205,41.8286302],[-71.4112314,41.828629],[-71.4112425,41.8286359],[-71.4112957,41.8286311],[-71.4112973,41.8286345],[-71.4113474,41.8286295],[-71.411356,41.8286248],[-71.41144,41.8286149],[-71.4114463,41.8286474],[-71.4114549,41.8286504],[-71.4114877,41.8288111],[-71.4114942,41.8288104],[-71.4115007,41.8288458],[-71.4115072,41.8288748],[-71.4115136,41.8289116],[-71.4115067,41.8289122],[-71.4115255,41.8290041],[-71.4115328,41.8290031],[-71.4115402,41.8290396],[-71.4115527,41.829105],[-71.4115453,41.8291059],[-71.4115509,41.8291363],[-71.4115415,41.8291375],[-71.4115496,41.8291864],[-71.4115607,41.8291852],[-71.4115652,41.8292146],[-71.411574,41.8292137],[-71.4115823,41.8292505],[-71.4115803,41.8292508],[-71.4115849,41.8292783],[-71.4115867,41.8292783],[-71.4115945,41.8293153],[-71.4115865,41.829316],[-71.4116073,41.8294081],[-71.4116131,41.8294077],[-71.4116335,41.8295104],[-71.4116264,41.8295111],[-71.411645,41.829602],[-71.4116516,41.8296014],[-71.4116579,41.829637],[-71.4116648,41.8296701],[-71.4116698,41.8296919],[-71.411673,41.8297019],[-71.4116642,41.8297047],[-71.4116661,41.8297176],[-71.4116519,41.8297191],[-71.4116544,41.8297339],[-71.4115569,41.8297447],[-71.4114477,41.8297569],[-71.4114457,41.8297428],[-71.4114254,41.8297445],[-71.4114234,41.829732],[-71.4114042,41.8297339]]]}},{"type":"Feature","id":141542984,"properties":{"osmId":141542984,"category":"academic","building":"university","building:levels":"7","name":"McNulty Hall","_wikiTried":true},"geometry":{"type":"Polygon","coordinates":[[[-71.4109855,41.8215829],[-71.4110699,41.8216081],[-71.411284,41.821713],[-71.4111833,41.8218281],[-71.4110384,41.8217571],[-71.4109261,41.8218855],[-71.411038,41.8219403],[-71.411027,41.8219529],[-71.4110585,41.8219683],[-71.4109963,41.8220393],[-71.410964,41.8220234],[-71.4109537,41.8220352],[-71.4108412,41.8219801],[-71.4107292,41.8221079],[-71.4108741,41.8221789],[-71.4107731,41.8222942],[-71.4104557,41.8221387],[-71.4109855,41.8215829]]]}},{"type":"Feature","id":141543122,"properties":{"osmId":141543122,"category":"religious","addr:city":"Providence","addr:housenumber":"30","addr:postcode":"02903-3603","addr:state":"RI","addr:street":"Fenner Street","amenity":"place_of_worship","building":"cathedral","denomination":"catholic","diocese":"Providence","ele":"15","fax":"+1 401-273-0687","gnis:feature_id":"1219679","name":"Saints Peter and Paul Cathedral","phone":"+1 401-331-2434","religion":"christian","website":"https://www.providencecathedral.org","wikidata":"Q5052381","_wikiTried":true},"geometry":{"type":"Polygon","coordinates":[[[-71.4169116,41.8194425],[-71.4168823,41.8194544],[-71.4169002,41.8194789],[-71.4168084,41.8195163],[-71.4167998,41.8195047],[-71.4166676,41.8195586],[-71.416676,41.8195701],[-71.416595,41.8196032],[-71.4165843,41.8195887],[-71.4165439,41.8196052],[-71.416519,41.8195714],[-71.4165446,41.8195609],[-71.4164301,41.8194051],[-71.4163879,41.8194223],[-71.4163592,41.8193833],[-71.4163352,41.819393],[-71.416233,41.819254],[-71.4162529,41.8192459],[-71.4162366,41.8192238],[-71.4162204,41.8192304],[-71.4161746,41.819168],[-71.4161846,41.8191639],[-71.4161515,41.8191189],[-71.4164539,41.8189954],[-71.4164261,41.8189577],[-71.4164104,41.8189363],[-71.4164394,41.8189245],[-71.4164548,41.8189455],[-71.4164836,41.8189847],[-71.4165836,41.8189438],[-71.4166753,41.8190686],[-71.4166561,41.8190764],[-71.4167882,41.8192562],[-71.4167459,41.8192734],[-71.4168573,41.8194252],[-71.4168893,41.8194121],[-71.4169116,41.8194425]]]}},{"type":"Feature","id":141543235,"properties":{"osmId":141543235,"category":"library","building":"library","building:levels":"4","name":"Providence Public Library","_wikiTried":true},"geometry":{"type":"Polygon","coordinates":[[[-71.4169946,41.8218774],[-71.4168628,41.8217765],[-71.4168469,41.8217654],[-71.4172157,41.8214972],[-71.4173638,41.8216103],[-71.4172858,41.8216671],[-71.4172572,41.8216878],[-71.4172789,41.8217044],[-71.4172952,41.8216926],[-71.4173179,41.8217099],[-71.4173242,41.821718],[-71.4173242,41.8217268],[-71.417315,41.8217331],[-71.4173804,41.8217862],[-71.4173759,41.8217916],[-71.4173573,41.8218051],[-71.4174616,41.8218849],[-71.4174716,41.8218776],[-71.4175208,41.8219152],[-71.4174045,41.8219997],[-71.4173977,41.8219947],[-71.417358,41.8219644],[-71.4173731,41.8219535],[-71.417138,41.8217735],[-71.4169946,41.8218774]]]}},{"type":"Feature","id":141543272,"properties":{"osmId":141543272,"category":"academic","building":"university","name":"Johnson & Wales University Student Services Center","_wikiTried":true},"geometry":{"type":"Polygon","coordinates":[[[-71.4141082,41.8181394],[-71.4138229,41.8179865],[-71.4138994,41.8178925],[-71.4138725,41.8178806],[-71.4139498,41.8177964],[-71.413925,41.8177813],[-71.4139878,41.8177185],[-71.4139971,41.8177203],[-71.4140257,41.8176937],[-71.4140739,41.8177227],[-71.4141596,41.817629],[-71.4144505,41.8177749],[-71.4141082,41.8181394]]]}},{"type":"Feature","id":141543406,"properties":{"osmId":141543406,"category":"academic","building":"university","building:levels":"7","name":"Snowden Hall","_wikiTried":true},"geometry":{"type":"Polygon","coordinates":[[[-71.4119004,41.8216675],[-71.4118815,41.8216893],[-71.4118122,41.8216558],[-71.4118314,41.8216336],[-71.411784,41.8216103],[-71.411741,41.8216569],[-71.4117047,41.8216747],[-71.4116729,41.8216803],[-71.4116511,41.8216799],[-71.4116298,41.8216762],[-71.4116008,41.821665],[-71.4115692,41.8216395],[-71.4115598,41.8216246],[-71.4115535,41.8216005],[-71.4115633,41.821563],[-71.4115981,41.8215206],[-71.4115482,41.8214951],[-71.4115298,41.8215164],[-71.4115041,41.8215039],[-71.4114619,41.8214835],[-71.4114814,41.821461],[-71.4114057,41.8214223],[-71.4113224,41.8215187],[-71.4113268,41.821521],[-71.4112714,41.8215822],[-71.4110774,41.821487],[-71.4113237,41.8212272],[-71.4121306,41.8215628],[-71.4121344,41.8215583],[-71.4122191,41.8215998],[-71.4120662,41.8217728],[-71.4119839,41.8217322],[-71.411997,41.821715],[-71.4119004,41.8216675]]]}},{"type":"Feature","id":141543422,"properties":{"osmId":141543422,"category":"library","addr:city":"Providence","addr:county":"Providence","addr:housenumber":"150","addr:postcode":"02903","addr:state":"RI","addr:street":"Empire Street","amenity":"library","building":"library","building:levels":"4","ele":"8","gnis:feature_id":"1904035","name":"Providence Public Library","nat_ref":"PRO","opening_hours":"Mo-We 08:30-19:00; Th 13:00-17:00; Fr 10:00-17:00; Sa 08:30-16:00","phone":"+1 401-455-8000","source":"USGS Geonames","website":"https://www.provlib.org","wikidata":"Q20745482","wikipedia":"en:Providence Public Library","_wikiTried":true},"geometry":{"type":"Polygon","coordinates":[[[-71.417358,41.8219644],[-71.4173977,41.8219947],[-71.4173786,41.8220086],[-71.4173912,41.8220182],[-71.4172497,41.8221208],[-71.4172374,41.8221114],[-71.4172118,41.8221299],[-71.4172355,41.8221481],[-71.4171262,41.8222273],[-71.4166185,41.8218383],[-71.4167399,41.8217503],[-71.4168172,41.8218095],[-71.4168628,41.8217765],[-71.4169946,41.8218774],[-71.417138,41.8217735],[-71.4173731,41.8219535],[-71.417358,41.8219644]]]}},{"type":"Feature","id":141567713,"properties":{"osmId":141567713,"category":"library","addr:state":"RI","alt_name":"Rhode Island Public Expenditure Library","amenity":"library","building":"office","ele":"4","gnis:feature_id":"1904065","name":"Rhode Island Department of State Library","operator:type":"public","source":"USGS Geonames","website":"https://www.sos.ri.gov/divisions/civics-and-education/state-library","_wikiTried":true},"geometry":{"type":"Polygon","coordinates":[[[-71.4081401,41.8179344],[-71.4075092,41.818184],[-71.4074103,41.8180418],[-71.4073205,41.8179128],[-71.4076278,41.8177937],[-71.4076409,41.8177886],[-71.4079413,41.8176647],[-71.4081401,41.8179344]]]}},{"type":"Feature","id":141567723,"properties":{"osmId":141567723,"category":"academic","building":"university","building:levels":"4","layer":"1","name":"Johnson Hall","operator":"Johnson & Wales University","operator:type":"university","website":"https://jwu.edu/","_wikiTried":true},"geometry":{"type":"Polygon","coordinates":[[[-71.412925,41.8193927],[-71.4127279,41.8193012],[-71.4127805,41.8192232],[-71.4127529,41.819212],[-71.4127611,41.8192005],[-71.412735,41.8191893],[-71.4127551,41.819162],[-71.4127819,41.8191739],[-71.4127882,41.8191659],[-71.4128164,41.8191774],[-71.4128883,41.8190795],[-71.412903,41.8190595],[-71.4131246,41.8191745],[-71.412925,41.8193927]]]}},{"type":"Feature","id":141567727,"properties":{"osmId":141567727,"category":"academic","building":"university","name":"Metcalf Building","_wikiTried":true},"geometry":{"type":"Polygon","coordinates":[[[-71.4082384,41.8267488],[-71.4082283,41.8267522],[-71.4080194,41.8264025],[-71.4080068,41.8263814],[-71.4079943,41.8263856],[-71.4079594,41.8263271],[-71.4081789,41.8262538],[-71.4081932,41.826249],[-71.4082416,41.8263301],[-71.4082381,41.8263313],[-71.4084674,41.826715],[-71.4084712,41.8267137],[-71.4085175,41.8267913],[-71.4083591,41.8268438],[-71.4083472,41.8268252],[-71.4082957,41.8268412],[-71.4082619,41.8267868],[-71.4082384,41.8267488]]]}},{"type":"Feature","id":141567732,"properties":{"osmId":141567732,"category":"academic","building":"school","name":"Bayard Ewing Building, RISD Architecture Building","_wikiTried":true},"geometry":{"type":"Polygon","coordinates":[[[-71.4056533,41.8228523],[-71.4055091,41.8226969],[-71.4059593,41.822465],[-71.4061035,41.8226203],[-71.4056533,41.8228523]]]}},{"type":"Feature","id":141567740,"properties":{"osmId":141567740,"category":"academic","building":"university","name":"College Building","_wikiTried":true},"geometry":{"type":"Polygon","coordinates":[[[-71.4079157,41.8259317],[-71.4077121,41.8259871],[-71.4075659,41.8260264],[-71.407576,41.8260448],[-71.4075244,41.8260666],[-71.4074955,41.8260788],[-71.4074978,41.8260831],[-71.4075063,41.826099],[-71.407491,41.8261253],[-71.4074014,41.8261505],[-71.4073892,41.8261693],[-71.4072427,41.8262191],[-71.4072491,41.826231],[-71.4070939,41.8262773],[-71.4069941,41.8260904],[-71.4071974,41.8260311],[-71.4072018,41.8260369],[-71.4073216,41.8259993],[-71.4073924,41.8259693],[-71.4073895,41.8259634],[-71.4074389,41.8259428],[-71.4074738,41.8259282],[-71.4074783,41.8259339],[-71.407732,41.8258282],[-71.4077553,41.8258586],[-71.4077632,41.8258607],[-71.4077877,41.8258502],[-71.4077849,41.8258466],[-71.4078402,41.8258277],[-71.4079157,41.8259317]]]}},{"type":"Feature","id":141567745,"properties":{"osmId":141567745,"category":"residential","building":"dormitory","building:levels":"5","name":"Xavier Hall","_wikiTried":true},"geometry":{"type":"Polygon","coordinates":[[[-71.4149845,41.8191868],[-71.4148415,41.8191179],[-71.4148515,41.8191064],[-71.4146892,41.8190282],[-71.4147161,41.8189971],[-71.4146955,41.8189865],[-71.4146659,41.8190191],[-71.414506,41.818939],[-71.4146275,41.8187999],[-71.4147734,41.8188757],[-71.4147893,41.8188834],[-71.4147475,41.8189311],[-71.414722,41.8189599],[-71.4147366,41.818967],[-71.4147631,41.8189386],[-71.414924,41.8190166],[-71.4149375,41.8190019],[-71.4148833,41.818976],[-71.4149681,41.8188752],[-71.4149793,41.8188622],[-71.4150251,41.8188842],[-71.4150421,41.8188639],[-71.4148389,41.8187682],[-71.4148421,41.8187646],[-71.4148628,41.8187407],[-71.4148547,41.8187368],[-71.4148535,41.8187223],[-71.4148657,41.8187101],[-71.4148795,41.8187082],[-71.4148868,41.8187117],[-71.4149116,41.8186831],[-71.4150752,41.8187619],[-71.4151235,41.8187852],[-71.4151326,41.8187748],[-71.4152802,41.8188459],[-71.4149845,41.8191868]]]}},{"type":"Feature","id":141567752,"properties":{"osmId":141567752,"category":"religious","addr:city":"Providence","addr:housenumber":"47","addr:postcode":"02903","addr:state":"RI","addr:street":"Fenner Street","amenity":"place_of_worship","building":"yes","name":"Grace Harbor Church","religion":"christian","website":"https://www.graceharbor.net/","_wikiTried":true},"geometry":{"type":"Polygon","coordinates":[[[-71.4169243,41.8184141],[-71.4169571,41.8184517],[-71.4168789,41.8184846],[-71.4168398,41.8185026],[-71.4168341,41.8185085],[-71.4167201,41.8185633],[-71.4165509,41.8184757],[-71.4167033,41.8182982],[-71.4169243,41.8184141]]]}},{"type":"Feature","id":141567777,"properties":{"osmId":141567777,"category":"academic","addr:housenumber":"121","addr:postcode":"02903","addr:street":"South Main Street","building":"university","name":"121 South Main Street","_wikiTried":true},"geometry":{"type":"Polygon","coordinates":[[[-71.4073411,41.8241287],[-71.4071097,41.8242159],[-71.4070631,41.8242335],[-71.4070097,41.8242519],[-71.4069685,41.8242691],[-71.4068656,41.8241174],[-71.4067763,41.8239858],[-71.4071489,41.8238454],[-71.4072371,41.8239753],[-71.4073411,41.8241287]]]}},{"type":"Feature","id":141567779,"properties":{"osmId":141567779,"category":"academic","building":"university"},"geometry":{"type":"Polygon","coordinates":[[[-71.4090677,41.8262437],[-71.409166,41.8263592],[-71.4088599,41.8264538],[-71.4087972,41.8263409],[-71.4090677,41.8262437]]]}},{"type":"Feature","id":142009670,"properties":{"osmId":142009670,"category":"residential","addr:housenumber":"111","addr:postcode":"02912","addr:street":"Brown Street","building":"dormitory","building:levels":"3","designation":"Dormitory","name":"111 Brown Street (North House)","_wikiTried":true},"geometry":{"type":"Polygon","coordinates":[[[-71.403411,41.8299634],[-71.4032674,41.8299702],[-71.4032644,41.8299357],[-71.4032304,41.8299373],[-71.403227,41.829897],[-71.403249,41.8298959],[-71.4032459,41.8298595],[-71.4033089,41.8298565],[-71.4033104,41.8298751],[-71.4034031,41.8298707],[-71.403411,41.8299634]]]}},{"type":"Feature","id":142009729,"properties":{"osmId":142009729,"category":"library","addr:city":"Providence","addr:housename":"Science Library","addr:housenumber":"101-109","addr:postcode":"02912","addr:state":"RI","addr:street":"Thayer Street","amenity":"library","building":"yes","building:levels:aboveground":"15","check_date":"2024-09-06","height":"55","internet_access":"wlan","internet_access:fee":"no","internet_access:ssid":"Brown-Guest","name":"Brown University Sciences Library","operator":"Brown University","operator:type":"university","source":"knowledge","website":"https://library.brown.edu/about/scili/","wikidata":"Q7433719","_wikiTried":true},"geometry":{"type":"Polygon","coordinates":[[[-71.4002621,41.8268364],[-71.4002662,41.8268606],[-71.400294,41.826858],[-71.4002943,41.8268602],[-71.4003066,41.826932],[-71.4002661,41.8269359],[-71.4002689,41.8269524],[-71.4002719,41.8269701],[-71.4003098,41.8269666],[-71.4003227,41.8270421],[-71.4002994,41.8270444],[-71.4003,41.8270477],[-71.4003038,41.8270696],[-71.4002925,41.8270707],[-71.4000726,41.8270918],[-71.4000583,41.8270931],[-71.400054,41.8270678],[-71.40003,41.82707],[-71.4000177,41.8269979],[-71.4000494,41.8269949],[-71.4000427,41.8269561],[-71.400012,41.8269591],[-71.4000004,41.8268918],[-71.3999995,41.8268865],[-71.4000256,41.826884],[-71.4000214,41.8268595],[-71.4000313,41.8268586],[-71.4002517,41.8268374],[-71.4002621,41.8268364]]]}},{"type":"Feature","id":142012536,"properties":{"osmId":142012536,"category":"residential","addr:housename":"Emery Hall","addr:housenumber":"200","addr:postcode":"02912","addr:street":"Meeting Street","building":"dormitory","name":"Emery Hall","start_date":"1963","_wikiTried":true},"geometry":{"type":"Polygon","coordinates":[[[-71.4015794,41.8294623],[-71.4015628,41.8293358],[-71.4017054,41.8293254],[-71.4020227,41.8293023],[-71.4020393,41.8294288],[-71.4017501,41.8294499],[-71.4017398,41.8294506],[-71.4015968,41.829461],[-71.4015794,41.8294623]]]}},{"type":"Feature","id":142012543,"properties":{"osmId":142012543,"category":"residential","addr:housename":"Morriss Hall","addr:housenumber":"206","addr:postcode":"02912","addr:street":"Meeting Street","building":"dormitory","building:levels":"1","name":"Morriss Hall","start_date":"1960","_wikiTried":true},"geometry":{"type":"Polygon","coordinates":[[[-71.401662,41.8299174],[-71.4016299,41.8296821],[-71.4017367,41.829674],[-71.401737,41.8296765],[-71.4017687,41.8299086],[-71.4019104,41.8298979],[-71.4019107,41.8298997],[-71.4019274,41.8300225],[-71.4017901,41.8300331],[-71.4017471,41.8300362],[-71.4017064,41.8300392],[-71.4014715,41.8300571],[-71.4014256,41.8300606],[-71.4014087,41.8299367],[-71.4014546,41.8299332],[-71.4014708,41.829932],[-71.4015053,41.8299293],[-71.401521,41.8299281],[-71.4015713,41.8299243],[-71.401662,41.8299174]]]}},{"type":"Feature","id":142012547,"properties":{"osmId":142012547,"category":"residential","addr:housename":"Andrews Hall","addr:housenumber":"211","addr:postcode":"02912","addr:street":"Bowen Street","building":"dormitory","name":"Andrews Hall","_wikiTried":true},"geometry":{"type":"Polygon","coordinates":[[[-71.4021713,41.830407],[-71.4023252,41.8303961],[-71.4023427,41.8305346],[-71.4027068,41.830509],[-71.4026892,41.8303705],[-71.4028447,41.8303595],[-71.4028494,41.8303962],[-71.4031011,41.8303782],[-71.4031053,41.8304107],[-71.4031456,41.8304078],[-71.4031523,41.8304597],[-71.4031087,41.8304629],[-71.4031128,41.8304947],[-71.4028638,41.8305125],[-71.4028772,41.8306172],[-71.402722,41.8306282],[-71.4027216,41.8306254],[-71.4023572,41.8306511],[-71.4023575,41.8306538],[-71.4022019,41.8306647],[-71.4021885,41.8305579],[-71.4019392,41.8305754],[-71.4019352,41.8305436],[-71.401895,41.8305464],[-71.4018883,41.8304932],[-71.4019286,41.8304904],[-71.4019246,41.8304587],[-71.4021756,41.8304412],[-71.4021738,41.8304273],[-71.4021713,41.830407]]]}},{"type":"Feature","id":142012560,"properties":{"osmId":142012560,"category":"academic","addr:city":"providence","addr:housename":"Rockefeller Library","addr:housenumber":"10","addr:postcode":"02912","addr:state":"RI","addr:street":"Prospect Street","alt_name":"Rockefeller Library","amenity":"library","building":"university","building:levels":"4","building:levels:underground":"3","ele":"33","gnis:feature_id":"1904104","internet_access":"wlan","internet_access:fee":"no","internet_access:ssid":"Brown-Guest","name":"John D. Rockefeller Jr. Library","name:etymology:wikidata":"Q363984","opening_hours":"Mo-Th 08:00-02:00, Fr 08:00-22:00, Sa 10:00-22:00, Su 10:00-02:00","phone":"+1 401-863-2165","ref:isil":"US-rpbnp;US-rpbme","source":"USGS Geonames","start_date":"1964","website":"https://library.brown.edu/about/rock/","wheelchair":"yes","wikidata":"Q6228301","wikipedia":"en:John D. Rockefeller Jr. Library","_wikiTried":true},"geometry":{"type":"Polygon","coordinates":[[[-71.4054831,41.8259827],[-71.4048871,41.8260281],[-71.4048518,41.8257904],[-71.4048457,41.8257267],[-71.4048386,41.8256656],[-71.404805,41.8254298],[-71.4049863,41.8254159],[-71.4052184,41.8253983],[-71.4052249,41.8253978],[-71.405401,41.8253843],[-71.4054359,41.8256382],[-71.4054745,41.8259194],[-71.4054831,41.8259827]]]}},{"type":"Feature","id":142012564,"properties":{"osmId":142012564,"category":"academic","addr:city":"Providence","addr:housename":"Smith Buonanno Hall","addr:housenumber":"95","addr:postcode":"02912","addr:state":"RI","addr:street":"Cushing Street","alt_name":"Smitty-B","building":"university","building:levels":"2","name":"Smith Buonanno Hall","start_date":"1907","_wikiTried":true},"geometry":{"type":"Polygon","coordinates":[[[-71.4028213,41.8298039],[-71.402804,41.8296545],[-71.4029429,41.8296456],[-71.4029303,41.8295373],[-71.4028504,41.8295424],[-71.4026135,41.8295577],[-71.4026289,41.8296911],[-71.4026433,41.8298154],[-71.4028213,41.8298039]]]}},{"type":"Feature","id":166668941,"properties":{"osmId":166668941,"category":"academic","addr:city":"Providence","addr:country":"US","addr:housename":"Watson Center for Information Technology","addr:housenumber":"115","addr:postcode":"02912","addr:state":"RI","addr:street":"Waterman Street","building":"university","building:levels:aboveground":"5","name":"Watson Center for Information Technology","official_name":"Thomas J Watson, Sr. Center for Information Technology","short_name":"CIT","source":"knowledge","_wikiTried":true},"geometry":{"type":"Polygon","coordinates":[[[-71.3997883,41.8267944],[-71.399859,41.8272107],[-71.3995326,41.8272417],[-71.3994063,41.827253],[-71.3993358,41.8268374],[-71.3994938,41.8268224],[-71.3997883,41.8267944]]]}},{"type":"Feature","id":166668943,"properties":{"osmId":166668943,"category":"academic","addr:housename":"Salomon Center for Teaching","addr:housenumber":"79","addr:postcode":"02912","addr:street":"Waterman Street","building":"university","building:levels":"2","name":"Salomon Center for Teaching","roof:levels":"0","_wikiTried":true},"geometry":{"type":"Polygon","coordinates":[[[-71.402748,41.8264345],[-71.4027564,41.8265128],[-71.4027605,41.8265407],[-71.4027628,41.8265692],[-71.4027637,41.826577],[-71.402612,41.8265863],[-71.4026132,41.8265972],[-71.4026223,41.8265967],[-71.4026263,41.8266315],[-71.4026281,41.8266469],[-71.4025633,41.826651],[-71.4025585,41.8266091],[-71.4024261,41.8266175],[-71.4024321,41.8266696],[-71.4022726,41.8266801],[-71.4022669,41.8266314],[-71.4022481,41.8264719],[-71.4022464,41.8264571],[-71.4022533,41.8264567],[-71.4022499,41.8264265],[-71.4025358,41.8264074],[-71.4025343,41.826393],[-71.4025976,41.826389],[-71.4026028,41.8264348],[-71.4025955,41.8264353],[-71.4025964,41.8264438],[-71.402748,41.8264345]]]}},{"type":"Feature","id":166668947,"properties":{"osmId":166668947,"category":"academic","addr:housename":"University Hall","addr:housenumber":"1","addr:postcode":"02912","addr:street":"Prospect Street","building":"university","building:levels":"4","name":"University Hall","roof:levels":"0","wikidata":"Q7894710","wikipedia":"en:University Hall (Brown University)","_wikiTried":true},"geometry":{"type":"Polygon","coordinates":[[[-71.4039396,41.826354],[-71.4037625,41.8263555],[-71.4037603,41.8261941],[-71.4037233,41.8261943],[-71.403722,41.8261022],[-71.4037582,41.8261018],[-71.4037561,41.8259409],[-71.4039328,41.8259396],[-71.4039354,41.8260999],[-71.4039723,41.8260995],[-71.4039737,41.8261932],[-71.4039367,41.8261933],[-71.4039396,41.826354]]]}},{"type":"Feature","id":166668948,"properties":{"osmId":166668948,"category":"academic","addr:city":"Providence","addr:housenumber":"94","addr:postcode":"02912","addr:state":"RI","addr:street":"George Street","amenity":"library","building":"university","building:levels":"1","check_date":"2024-10-04","name":"John Carter Brown Library","name:etymology:wikidata":"Q6225370","opening_hours":"Mo 08:30-17:00; Tu 08:30-19:00; We 08:30-17:00; Th 08:30-19:00; Fr 08:30-17:00; Sa 09:00-12:00; Su off","operator":"Brown University","phone":"+1 401-863-2725","roof:levels":"0","website":"https://www.brown.edu/academics/libraries/john-carter-brown/","wikidata":"Q6225372","wikipedia":"en:John Carter Brown Library","_wikiTried":true},"geometry":{"type":"Polygon","coordinates":[[[-71.4026773,41.8256188],[-71.4026839,41.8256744],[-71.4026096,41.8256794],[-71.4026104,41.8256866],[-71.4026027,41.8256872],[-71.4026028,41.8256885],[-71.4025827,41.8256898],[-71.4025826,41.8256885],[-71.402503,41.8256937],[-71.4025032,41.8256951],[-71.4024831,41.8256964],[-71.4024829,41.825695],[-71.4024751,41.8256955],[-71.4024743,41.8256883],[-71.4023999,41.8256932],[-71.4023993,41.8256877],[-71.4023254,41.8256925],[-71.4023252,41.8257052],[-71.4023189,41.8257058],[-71.402319,41.8257071],[-71.4022992,41.8257084],[-71.4022991,41.8257071],[-71.4022332,41.8257114],[-71.4022333,41.8257128],[-71.4022136,41.8257141],[-71.4022134,41.8257127],[-71.402207,41.8257131],[-71.4022065,41.8257083],[-71.4022046,41.8257084],[-71.4022016,41.8256828],[-71.4022034,41.8256827],[-71.4021925,41.8255979],[-71.4021915,41.8255901],[-71.4021787,41.825491],[-71.40218,41.8254862],[-71.4021863,41.8254844],[-71.4022921,41.8254775],[-71.4022987,41.8254784],[-71.4023018,41.825491],[-71.4023757,41.8254862],[-71.402375,41.8254807],[-71.4024494,41.8254758],[-71.4024485,41.8254685],[-71.4024562,41.8254667],[-71.4025759,41.8254589],[-71.4025839,41.8254597],[-71.4025848,41.8254669],[-71.4026591,41.8254622],[-71.4026657,41.8255178],[-71.4026893,41.8255162],[-71.4026906,41.8255289],[-71.4026974,41.8255285],[-71.4027025,41.8255694],[-71.402707,41.8256049],[-71.4026994,41.8256055],[-71.4027011,41.8256172],[-71.4026773,41.8256188]]]}},{"type":"Feature","id":166668951,"properties":{"osmId":166668951,"category":"academic","addr:housename":"Slater Hall","addr:housenumber":"70","addr:postcode":"02912","addr:street":"George Street","building":"university","building:levels":"3","name":"Slater Hall","roof:levels":"1","_wikiTried":true},"geometry":{"type":"Polygon","coordinates":[[[-71.403764,41.8256647],[-71.4039283,41.8256632],[-71.403929,41.825707],[-71.4039437,41.8257076],[-71.4039439,41.8257219],[-71.4039441,41.8257349],[-71.4039407,41.8257355],[-71.4039409,41.8257433],[-71.4039443,41.8257433],[-71.4039452,41.8258044],[-71.4039419,41.8258045],[-71.4039419,41.8258123],[-71.4039453,41.8258129],[-71.4039455,41.8258275],[-71.4039457,41.8258403],[-71.4039311,41.8258411],[-71.4039319,41.8258847],[-71.403768,41.8258863],[-71.4037673,41.8258468],[-71.4037608,41.8258468],[-71.4037607,41.8258232],[-71.4037606,41.8258099],[-71.4037666,41.8258099],[-71.4037664,41.8258008],[-71.4037654,41.8257412],[-71.4037586,41.8257413],[-71.4037585,41.8257283],[-71.4037582,41.8257048],[-71.4037647,41.8257048],[-71.403764,41.8256647]]]}},{"type":"Feature","id":166668954,"properties":{"osmId":166668954,"category":"academic","addr:housename":"Manning","addr:housenumber":"21","addr:postcode":"02912","addr:street":"Prospect Street","building":"university","name":"Manning Hall","_wikiTried":true},"geometry":{"type":"Polygon","coordinates":[[[-71.4040485,41.8265221],[-71.4040461,41.8264032],[-71.4039854,41.8264046],[-71.4036913,41.826408],[-71.4036926,41.8264654],[-71.403694,41.8265263],[-71.4040485,41.8265221]]]}},{"type":"Feature","id":166668955,"properties":{"osmId":166668955,"category":"residential","addr:housename":"Hope College","addr:housenumber":"71","addr:postcode":"02912","addr:street":"Waterman Street","building":"dormitory","name":"Hope College","_wikiTried":true},"geometry":{"type":"Polygon","coordinates":[[[-71.4039429,41.8265745],[-71.4039453,41.8267038],[-71.4039476,41.8267037],[-71.4039487,41.8267754],[-71.4039463,41.8267754],[-71.4039484,41.8269041],[-71.4038012,41.8269142],[-71.4038004,41.8268708],[-71.4038002,41.826858],[-71.4037986,41.8267767],[-71.4037961,41.8267767],[-71.4037951,41.826705],[-71.4037972,41.8267041],[-71.4037959,41.8266328],[-71.4037949,41.8265762],[-71.4039429,41.8265745]]]}},{"type":"Feature","id":166668957,"properties":{"osmId":166668957,"category":"academic","addr:housename":"Sayles Hall","addr:housenumber":"81","addr:postcode":"02912","addr:street":"Waterman Street","building":"university","building:levels":"2","name":"Sayles Hall","_wikiTried":true},"geometry":{"type":"Polygon","coordinates":[[[-71.4028328,41.8260884],[-71.4028409,41.8261568],[-71.4028462,41.826157],[-71.4028474,41.8261674],[-71.4028556,41.8261668],[-71.4028584,41.8261913],[-71.4028611,41.8262133],[-71.4028529,41.8262138],[-71.4028541,41.8262242],[-71.402849,41.8262251],[-71.4028571,41.8262935],[-71.4027267,41.8263021],[-71.4027263,41.8262989],[-71.4026715,41.8263025],[-71.4026692,41.8262832],[-71.4026647,41.8262835],[-71.4026641,41.8262789],[-71.4026209,41.8262818],[-71.4026214,41.8262863],[-71.4026098,41.8262871],[-71.4026093,41.8262826],[-71.4025661,41.8262854],[-71.4025666,41.82629],[-71.402555,41.8262908],[-71.4025545,41.8262862],[-71.4025115,41.826289],[-71.4025121,41.8262936],[-71.4025005,41.8262944],[-71.4025,41.8262898],[-71.402457,41.8262927],[-71.4024576,41.8262972],[-71.402446,41.826298],[-71.4024455,41.8262934],[-71.4024025,41.8262963],[-71.4024031,41.8263008],[-71.4023915,41.8263016],[-71.4023909,41.826297],[-71.402348,41.8262999],[-71.4023485,41.8263044],[-71.402337,41.8263052],[-71.4023364,41.8263007],[-71.4023303,41.8263011],[-71.4023299,41.8262972],[-71.4023247,41.8262975],[-71.402323,41.8262829],[-71.4023291,41.8262825],[-71.4023225,41.8262265],[-71.4023156,41.8261686],[-71.4023095,41.8261691],[-71.4023077,41.8261545],[-71.4023129,41.8261541],[-71.4023125,41.8261503],[-71.4023186,41.8261499],[-71.402318,41.8261453],[-71.4023296,41.8261445],[-71.4023301,41.8261491],[-71.4023518,41.8261476],[-71.4023731,41.8261462],[-71.4023725,41.8261417],[-71.4023841,41.8261409],[-71.4023846,41.8261455],[-71.4024276,41.8261426],[-71.402427,41.8261381],[-71.4024386,41.8261373],[-71.4024392,41.8261419],[-71.4024821,41.826139],[-71.4024816,41.8261345],[-71.4024931,41.8261337],[-71.4024937,41.8261382],[-71.4025366,41.8261354],[-71.4025361,41.8261308],[-71.4025477,41.8261301],[-71.4025482,41.8261346],[-71.4025914,41.8261318],[-71.4025909,41.8261272],[-71.4026025,41.8261264],[-71.402603,41.826131],[-71.4026463,41.8261281],[-71.4026457,41.8261236],[-71.4026503,41.8261233],[-71.402648,41.8261039],[-71.4027028,41.8261003],[-71.4027024,41.8260971],[-71.4028328,41.8260884]]]}},{"type":"Feature","id":166668958,"properties":{"osmId":166668958,"category":"academic","addr:housename":"Friedman Hall","addr:housenumber":"90","addr:postcode":"02912","addr:street":"Waterman Street","alt_name":"Wilson Hall","building":"university","building:levels":"2","name":"Friedman Hall","roof:levels":"0","_wikiTried":true},"geometry":{"type":"Polygon","coordinates":[[[-71.4026771,41.8259137],[-71.4026856,41.8259862],[-71.4025231,41.8259972],[-71.4025214,41.825979],[-71.4023689,41.8259886],[-71.4022941,41.8259941],[-71.4022902,41.8259646],[-71.4022802,41.8258727],[-71.402507,41.8258578],[-71.4024962,41.8257668],[-71.4026585,41.8257561],[-71.4026669,41.8258276],[-71.4026649,41.8258277],[-71.4026696,41.8258678],[-71.4026716,41.8258841],[-71.4026751,41.8259138],[-71.4026771,41.8259137]]]}},{"type":"Feature","id":166668959,"properties":{"osmId":166668959,"category":"academic","addr:housename":"Rhode Island Hall","addr:housenumber":"60","addr:postcode":"02912","addr:street":"George Street","building":"university","building:levels":"2","name":"Rhode Island Hall","roof:levels":"0","_wikiTried":true},"geometry":{"type":"Polygon","coordinates":[[[-71.4037788,41.8253965],[-71.4038622,41.8253922],[-71.4039945,41.8253848],[-71.4039996,41.8254454],[-71.4040415,41.8254432],[-71.4040428,41.8254581],[-71.4040444,41.8254762],[-71.4040478,41.8255148],[-71.4040053,41.8255169],[-71.4040109,41.8255769],[-71.403856,41.8255845],[-71.4038526,41.8255448],[-71.4037062,41.8255518],[-71.4037035,41.8255034],[-71.4037011,41.8254864],[-71.4036972,41.8254389],[-71.4037821,41.8254343],[-71.4037788,41.8253965]]]}},{"type":"Feature","id":171476120,"properties":{"osmId":171476120,"category":"athletic","building":"yes","leisure":"sports_centre","name":"Community Boating Center","sport":"sailing;canoe","_wikiTried":true},"geometry":{"type":"Polygon","coordinates":[[[-71.3973008,41.8170112],[-71.3971199,41.8171099],[-71.3970303,41.8170187],[-71.3970829,41.8169901],[-71.3971085,41.8170161],[-71.3972369,41.8169461],[-71.3973008,41.8170112]]]}},{"type":"Feature","id":176918226,"properties":{"osmId":176918226,"category":"academic","addr:housename":"Hunter Lab","addr:housenumber":"85","addr:postcode":"02912","addr:street":"Waterman Street","building":"school","building:levels":"5","name":"BERT","note":"Formerly the Hunter lab","_wikiTried":true},"geometry":{"type":"Polygon","coordinates":[[[-71.4021649,41.8270322],[-71.4021459,41.826923],[-71.4021248,41.8269251],[-71.402094,41.8267476],[-71.4020029,41.8267564],[-71.4020005,41.8267424],[-71.4018248,41.8267594],[-71.401827,41.8267719],[-71.4017342,41.8267808],[-71.4017411,41.8268206],[-71.4017653,41.8269594],[-71.4017431,41.8269615],[-71.4017621,41.8270711],[-71.4018393,41.8270636],[-71.4018999,41.8270578],[-71.4021649,41.8270322]]]}},{"type":"Feature","id":176918227,"properties":{"osmId":176918227,"category":"academic","addr:city":"Providence","addr:housename":"J.W. Wilson","addr:housenumber":"69","addr:postcode":"02912","addr:state":"RI","addr:street":"Brown Street","building":"university","building:levels":"6","name":"Page-Robinson Hall","_wikiTried":true},"geometry":{"type":"Polygon","coordinates":[[[-71.4029199,41.827225],[-71.402889,41.8272279],[-71.4028879,41.8272218],[-71.4028798,41.8272225],[-71.4028757,41.8271988],[-71.4028508,41.8272012],[-71.4028395,41.8272023],[-71.4028053,41.8272055],[-71.4027959,41.8271509],[-71.4027628,41.8271541],[-71.4027617,41.827148],[-71.4026784,41.827156],[-71.4026891,41.8272176],[-71.4027028,41.8272163],[-71.402707,41.8272408],[-71.4026925,41.8272422],[-71.4027424,41.8275328],[-71.4026896,41.8275378],[-71.402698,41.8275867],[-71.4027418,41.8275825],[-71.4027408,41.8275763],[-71.402751,41.8275753],[-71.402782,41.8277537],[-71.4029811,41.8277345],[-71.4029243,41.827408],[-71.4029366,41.8274068],[-71.4029513,41.8274054],[-71.4029199,41.827225]]]}},{"type":"Feature","id":176982691,"properties":{"osmId":176982691,"category":"residential","addr:housename":"Hegeman","addr:housenumber":"128","addr:postcode":"02912","addr:street":"George Street","building":"dormitory","designation":"Dormitory","name":"Hegeman Hall","_wikiTried":true},"geometry":{"type":"Polygon","coordinates":[[[-71.4008816,41.825577],[-71.400499,41.8256075],[-71.4005121,41.8256986],[-71.4005149,41.8257186],[-71.4005232,41.8257179],[-71.4005672,41.8257144],[-71.4005836,41.8257131],[-71.4005871,41.8257128],[-71.4007601,41.825699],[-71.4007725,41.8257856],[-71.4007732,41.8257904],[-71.4007871,41.8258869],[-71.4008028,41.8259963],[-71.4007795,41.8259982],[-71.4007943,41.8261009],[-71.4009502,41.8260885],[-71.400961,41.8260876],[-71.4010285,41.8260822],[-71.4010141,41.8259823],[-71.4010136,41.8259786],[-71.4009401,41.8259845],[-71.4008816,41.825577]]]}},{"type":"Feature","id":177011608,"properties":{"osmId":177011608,"category":"academic","addr:housename":"Pembroke Hall","addr:housenumber":"172","addr:postcode":"02912","addr:street":"Meeting Street","building":"university","name":"Pembroke Hall","_wikiTried":true},"geometry":{"type":"Polygon","coordinates":[[[-71.402963,41.8292519],[-71.4029443,41.829114],[-71.4029359,41.8291147],[-71.4028317,41.8291225],[-71.4026328,41.8291374],[-71.4026515,41.8292762],[-71.4027148,41.8292715],[-71.4027204,41.8293128],[-71.4028455,41.8293035],[-71.4028398,41.8292612],[-71.402963,41.8292519]]]}},{"type":"Feature","id":177011609,"properties":{"osmId":177011609,"category":"academic","addr:housename":"Sidney Frank Hall","addr:housenumber":"185","addr:postcode":"02912","addr:street":"Meeting Street","building":"university","name":"Sidney Frank Hall","short_name":"SFH","_wikiTried":true},"geometry":{"type":"Polygon","coordinates":[[[-71.4026851,41.8287858],[-71.4026735,41.8287862],[-71.402611,41.8287925],[-71.4020863,41.8288393],[-71.4019998,41.8288467],[-71.4019791,41.8288486],[-71.4018989,41.828856],[-71.4018546,41.828542],[-71.4018065,41.8285471],[-71.4018019,41.828523],[-71.4017202,41.828531],[-71.401731,41.8285802],[-71.4016979,41.8285846],[-71.4016905,41.8285407],[-71.4010673,41.8285994],[-71.4011099,41.8288099],[-71.4016439,41.828753],[-71.4016928,41.8290099],[-71.4018004,41.8289958],[-71.4018058,41.8290244],[-71.4018943,41.8290162],[-71.4018917,41.8289879],[-71.401922,41.8289861],[-71.4019046,41.8288901],[-71.4019847,41.8288827],[-71.4020055,41.8288808],[-71.4020153,41.8289392],[-71.402049,41.8289362],[-71.4020585,41.8289956],[-71.4023961,41.8289654],[-71.4024362,41.8289618],[-71.4024634,41.8289594],[-71.4027081,41.8289375],[-71.4026994,41.8288834],[-71.4027297,41.8288807],[-71.4027277,41.8288683],[-71.4027189,41.8288136],[-71.40269,41.8288162],[-71.4026851,41.8287858]]]}},{"type":"Feature","id":177016105,"properties":{"osmId":177016105,"category":"academic","addr:housename":"180 George","addr:housenumber":"180","addr:postcode":"02912","addr:street":"George Street","building":"university","name":"180 George","_wikiTried":true},"geometry":{"type":"Polygon","coordinates":[[[-71.3986849,41.8260032],[-71.398681,41.8259732],[-71.3986645,41.8258476],[-71.3989381,41.8258277],[-71.3989584,41.8259834],[-71.3986849,41.8260032]]]}},{"type":"Feature","id":177016118,"properties":{"osmId":177016118,"category":"academic","addr:city":"Providence","addr:country":"US","addr:housenumber":"345","addr:postcode":"02912","addr:state":"RI","addr:street":"Brook Street","architect":"KieranTimberlake","building":"university","building:levels":"4","name":"Engineering Research Center","_wikiTried":true},"geometry":{"type":"Polygon","coordinates":[[[-71.3981227,41.8262828],[-71.3981634,41.8264569],[-71.3982766,41.8264456],[-71.3982822,41.826477],[-71.3983229,41.8267042],[-71.3985845,41.8266782],[-71.39858,41.8266529],[-71.3985777,41.8266397],[-71.3985268,41.8263557],[-71.3987334,41.8263354],[-71.398842,41.8263243],[-71.3988352,41.8262863],[-71.3988972,41.8262802],[-71.3988723,41.8261418],[-71.3988583,41.8261432],[-71.3988398,41.826145],[-71.3985624,41.8261728],[-71.3982487,41.8262041],[-71.3982604,41.826269],[-71.3982308,41.8262723],[-71.3981227,41.8262828]]]}},{"type":"Feature","id":177016121,"properties":{"osmId":177016121,"category":"residential","addr:housename":"Chapin House","addr:housenumber":"116","addr:postcode":"02912","addr:street":"Thayer Street","alt_name":"Harambee House","building":"dormitory","designation":"Dormitory","name":"Chapin House","_wikiTried":true},"geometry":{"type":"Polygon","coordinates":[[[-71.4005454,41.824787],[-71.4005219,41.8247886],[-71.4005239,41.8248054],[-71.4004232,41.8248128],[-71.4004212,41.8247959],[-71.4004045,41.8247972],[-71.4003974,41.8247978],[-71.4003969,41.8247944],[-71.4003726,41.8246117],[-71.4003905,41.8246108],[-71.4003826,41.8245517],[-71.4003651,41.8245528],[-71.4003506,41.8244417],[-71.4003681,41.8244407],[-71.4003605,41.8243817],[-71.4003431,41.8243827],[-71.4003187,41.8241966],[-71.400342,41.824195],[-71.4003401,41.8241772],[-71.4003459,41.8241768],[-71.4004409,41.8241704],[-71.4004422,41.8241787],[-71.4004435,41.8241875],[-71.4004669,41.8241858],[-71.4004764,41.8242588],[-71.4004912,41.8243719],[-71.4004738,41.8243734],[-71.4004816,41.8244324],[-71.400499,41.8244309],[-71.4005064,41.8244871],[-71.4005135,41.8245419],[-71.4004961,41.8245434],[-71.4005037,41.8246025],[-71.4005215,41.8246008],[-71.4005362,41.8247154],[-71.4005454,41.824787]]]}},{"type":"Feature","id":177016125,"properties":{"osmId":177016125,"category":"residential","addr:housename":"Wayland","addr:housenumber":"31","addr:postcode":"02912","addr:street":"Brown Street","building":"dormitory","designation":"Dormitory","name":"Wayland","_wikiTried":true},"geometry":{"type":"Polygon","coordinates":[[[-71.4025345,41.824799],[-71.4025519,41.8249108],[-71.4025641,41.8249899],[-71.4025936,41.8251799],[-71.4024389,41.8251932],[-71.4024354,41.8251707],[-71.4024035,41.8251735],[-71.4024202,41.825281],[-71.4023765,41.8252848],[-71.4023783,41.8252962],[-71.4023171,41.8253015],[-71.4023152,41.8252893],[-71.4022684,41.8252934],[-71.4022659,41.8252778],[-71.4022601,41.825241],[-71.4022579,41.8252273],[-71.4022369,41.8250939],[-71.4022729,41.8250907],[-71.402418,41.825078],[-71.4024053,41.8249973],[-71.402393,41.8249198],[-71.4023767,41.8249212],[-71.4023779,41.8249286],[-71.4022495,41.8249398],[-71.4022135,41.8249434],[-71.4021869,41.8247804],[-71.4021807,41.8247425],[-71.4022092,41.8247399],[-71.4022071,41.8247265],[-71.402297,41.8247183],[-71.4023068,41.8247346],[-71.4023437,41.8247314],[-71.4023585,41.8248272],[-71.4023867,41.8248248],[-71.4023847,41.8248119],[-71.40245,41.8248063],[-71.4024621,41.8248053],[-71.4024752,41.8248041],[-71.4025345,41.824799]]]}},{"type":"Feature","id":177016127,"properties":{"osmId":177016127,"category":"residential","addr:housename":"New Pembroke 3","addr:housenumber":"308","addr:postcode":"02912","addr:street":"Thayer Street","building":"dormitory","name":"New Pembroke 3","_wikiTried":true},"geometry":{"type":"Polygon","coordinates":[[[-71.4016416,41.8306557],[-71.4016285,41.8305608],[-71.4013827,41.8305796],[-71.401378,41.8305452],[-71.4012825,41.8305525],[-71.4012886,41.8305965],[-71.4012354,41.8306005],[-71.4012471,41.8306856],[-71.4012928,41.8306821],[-71.4012957,41.8307034],[-71.4014043,41.830695],[-71.4014014,41.8306741],[-71.4016416,41.8306557]]]}},{"type":"Feature","id":177016129,"properties":{"osmId":177016129,"category":"academic","addr:housenumber":"91","addr:street":"Waterman Street","building":"university","layer":"1","name":"Arnold Lab","_wikiTried":true},"geometry":{"type":"Polygon","coordinates":[[[-71.4013801,41.8270064],[-71.4013078,41.8270113],[-71.4011651,41.8270208],[-71.4009482,41.8270352],[-71.4009481,41.827034],[-71.4009319,41.8268912],[-71.4013633,41.8268624],[-71.4013801,41.8270064]]]}},{"type":"Feature","id":177016141,"properties":{"osmId":177016141,"category":"residential","addr:housename":"Buxton International House","addr:housenumber":"27","addr:postcode":"02912","addr:street":"Brown Street","alt_name":"Buxton International House","building":"dormitory","designation":"Dormitory","name":"Buxton House","_wikiTried":true},"geometry":{"type":"Polygon","coordinates":[[[-71.4024807,41.824423],[-71.4024981,41.8244231],[-71.4025038,41.8244231],[-71.4025039,41.8244255],[-71.4025093,41.8246095],[-71.402325,41.8246121],[-71.4023254,41.8246251],[-71.4021759,41.8246272],[-71.4021746,41.8245805],[-71.4021741,41.8245617],[-71.4021728,41.8245154],[-71.4022582,41.8245141],[-71.402322,41.8245132],[-71.4023224,41.8245265],[-71.4023577,41.824526],[-71.4023553,41.8244245],[-71.4023786,41.8244242],[-71.4023788,41.8244072],[-71.4024803,41.8244058],[-71.4024807,41.824423]]]}},{"type":"Feature","id":177016144,"properties":{"osmId":177016144,"category":"residential","addr:housename":"New Pembroke 2","addr:housenumber":"306","addr:postcode":"02912","addr:street":"Thayer Street","building":"dormitory","name":"New Pembroke 2","_wikiTried":true},"geometry":{"type":"Polygon","coordinates":[[[-71.4015867,41.8305223],[-71.4015657,41.8303772],[-71.4014537,41.8303862],[-71.401459,41.8304232],[-71.4014295,41.8304256],[-71.4014395,41.830495],[-71.401464,41.830493],[-71.4014696,41.8305317],[-71.4015867,41.8305223]]]}},{"type":"Feature","id":177016147,"properties":{"osmId":177016147,"category":"residential","addr:housename":"Olney House","addr:housenumber":"29","addr:postcode":"02912","addr:street":"Brown Street","building":"dormitory","designation":"Dormitory","name":"Olney House","_wikiTried":true},"geometry":{"type":"Polygon","coordinates":[[[-71.4020415,41.8246441],[-71.4020708,41.8248472],[-71.4020149,41.8248516],[-71.401916,41.8248591],[-71.4018773,41.8248621],[-71.4018222,41.8248664],[-71.4018197,41.8248486],[-71.401797,41.8248503],[-71.4017867,41.8247752],[-71.4018088,41.8247735],[-71.4018067,41.8247553],[-71.4019417,41.8247446],[-71.4019288,41.8246531],[-71.4019112,41.8246546],[-71.4018954,41.8245434],[-71.401913,41.8245419],[-71.4019076,41.8245036],[-71.4019065,41.8244959],[-71.4019047,41.8244833],[-71.4018871,41.8244848],[-71.4018608,41.8242989],[-71.4018847,41.8242969],[-71.401882,41.82428],[-71.4019827,41.8242719],[-71.4019854,41.8242889],[-71.4020088,41.8242872],[-71.4020146,41.8243282],[-71.4020297,41.8244347],[-71.4020343,41.8244674],[-71.4020351,41.8244731],[-71.4020175,41.8244744],[-71.4020258,41.824533],[-71.4020434,41.8245317],[-71.4020497,41.8245761],[-71.4020529,41.8245987],[-71.4020592,41.8246428],[-71.4020415,41.8246441]]]}},{"type":"Feature","id":177016153,"properties":{"osmId":177016153,"category":"residential","addr:city":"Providence","addr:housename":"Sears","addr:housenumber":"113","addr:postcode":"02912","addr:state":"RI","addr:street":"George Street","alt_name":"Sears Dorm;Sears House: Wriston Quad","building":"dormitory","building:levels":"3","building:levels:underground":"1","designation":"Dormitory","name":"Sears House","roof:levels":"1","short_name":"Sears","smoking":"no","start_date":"1951","_wikiTried":true},"geometry":{"type":"Polygon","coordinates":[[[-71.4021276,41.8251906],[-71.4021299,41.8252084],[-71.402153,41.8252068],[-71.4021635,41.8252819],[-71.4021397,41.8252837],[-71.4021421,41.8253018],[-71.4018945,41.8253215],[-71.4018927,41.8253084],[-71.4018145,41.8253146],[-71.4018162,41.8253276],[-71.4016676,41.8253395],[-71.4016658,41.8253264],[-71.4015868,41.8253327],[-71.4015886,41.8253457],[-71.4013388,41.8253654],[-71.4013365,41.8253474],[-71.401315,41.825349],[-71.4013132,41.8253367],[-71.4013043,41.8252739],[-71.4013269,41.8252723],[-71.4013245,41.825254],[-71.4013791,41.8252497],[-71.4014202,41.8252464],[-71.4015182,41.8252386],[-71.4015729,41.8252343],[-71.4015748,41.8252473],[-71.4016537,41.8252411],[-71.4016518,41.8252281],[-71.4017107,41.8252235],[-71.401718,41.8252229],[-71.4017266,41.8252222],[-71.401741,41.8252211],[-71.4018005,41.8252164],[-71.4018024,41.8252294],[-71.4018807,41.8252232],[-71.4018788,41.8252102],[-71.4019334,41.8252059],[-71.4020329,41.8251981],[-71.4020726,41.8251949],[-71.4021276,41.8251906]]]}},{"type":"Feature","id":177016154,"properties":{"osmId":177016154,"category":"academic","addr:housename":"Andrews House","addr:housenumber":"13","addr:postcode":"02912","addr:street":"Brown Street","building":"university","name":"Andrews House","_wikiTried":true},"geometry":{"type":"Polygon","coordinates":[[[-71.4024999,41.823966],[-71.4025217,41.8239657],[-71.4025221,41.8239836],[-71.4025226,41.8240022],[-71.4025008,41.8240025],[-71.4025017,41.8240401],[-71.4024995,41.8240401],[-71.4024996,41.8240754],[-71.4024131,41.8240764],[-71.4024126,41.8240486],[-71.4023414,41.8240496],[-71.4022693,41.8240506],[-71.4022706,41.8240776],[-71.4021836,41.8240795],[-71.4021833,41.8240768],[-71.4021014,41.8240778],[-71.4021005,41.8240451],[-71.4021437,41.8240446],[-71.4021828,41.8240441],[-71.4021796,41.8238977],[-71.4022778,41.8238965],[-71.4023026,41.8238962],[-71.4023025,41.8238944],[-71.4023025,41.8238926],[-71.4023028,41.8238908],[-71.4023031,41.823889],[-71.4023037,41.8238872],[-71.4023044,41.8238855],[-71.4023053,41.8238838],[-71.4023063,41.8238822],[-71.4023075,41.8238806],[-71.4023088,41.8238791],[-71.4023103,41.8238776],[-71.4023119,41.8238763],[-71.4023136,41.823875],[-71.4023154,41.8238738],[-71.4023173,41.8238727],[-71.4023194,41.8238717],[-71.4023215,41.8238708],[-71.4023237,41.8238701],[-71.402326,41.8238694],[-71.4023283,41.8238689],[-71.4023306,41.8238685],[-71.402333,41.8238682],[-71.4023354,41.8238681],[-71.4023379,41.823868],[-71.4023403,41.8238681],[-71.4023427,41.8238683],[-71.4023451,41.8238687],[-71.4023474,41.8238692],[-71.4023497,41.8238698],[-71.4023519,41.8238705],[-71.4023541,41.8238713],[-71.4023562,41.8238722],[-71.4023581,41.8238733],[-71.40236,41.8238744],[-71.4023618,41.8238756],[-71.4023634,41.823877],[-71.402365,41.8238784],[-71.4023664,41.8238798],[-71.4023676,41.8238814],[-71.4023687,41.823883],[-71.4023697,41.8238847],[-71.4023704,41.8238864],[-71.4023711,41.8238881],[-71.4023715,41.8238899],[-71.4023718,41.8238917],[-71.402372,41.8238935],[-71.4023719,41.8238953],[-71.4024316,41.8238946],[-71.4024317,41.8238935],[-71.4024318,41.8238925],[-71.4024321,41.8238915],[-71.4024324,41.8238904],[-71.4024328,41.8238894],[-71.4024333,41.8238885],[-71.402434,41.8238875],[-71.4024347,41.8238866],[-71.4024354,41.8238857],[-71.4024363,41.8238849],[-71.4024372,41.8238841],[-71.4024382,41.8238834],[-71.4024393,41.8238827],[-71.4024404,41.8238821],[-71.4024416,41.8238815],[-71.4024429,41.823881],[-71.4024441,41.8238806],[-71.4024454,41.8238802],[-71.4024468,41.8238799],[-71.4024482,41.8238796],[-71.4024496,41.8238795],[-71.402451,41.8238794],[-71.4024524,41.8238794],[-71.4024538,41.8238794],[-71.4024552,41.8238796],[-71.4024565,41.8238798],[-71.4024579,41.82388],[-71.4024592,41.8238804],[-71.4024605,41.8238808],[-71.4024618,41.8238812],[-71.402463,41.8238818],[-71.4024642,41.8238824],[-71.4024653,41.823883],[-71.4024663,41.8238837],[-71.4024673,41.8238845],[-71.4024682,41.8238853],[-71.402469,41.8238862],[-71.4024697,41.8238871],[-71.4024704,41.823888],[-71.4024709,41.823889],[-71.4024714,41.82389],[-71.4024718,41.823891],[-71.4024721,41.823892],[-71.4024723,41.823893],[-71.4024724,41.8238941],[-71.4024955,41.8238938],[-71.4024967,41.8239289],[-71.4024989,41.8239289],[-71.4024999,41.823966]]]}},{"type":"Feature","id":177016155,"properties":{"osmId":177016155,"category":"academic","addr:housenumber":"190","addr:street":"Thayer Street","building":"university","name":"Metcalf Research Building","_wikiTried":true},"geometry":{"type":"Polygon","coordinates":[[[-71.4008123,41.8266981],[-71.4008666,41.8266946],[-71.4008844,41.8266935],[-71.4008851,41.8266986],[-71.4009425,41.8266944],[-71.4010298,41.8266885],[-71.4010605,41.8266857],[-71.4012883,41.8266706],[-71.4013615,41.8266657],[-71.401347,41.8265332],[-71.4011729,41.8265449],[-71.4011728,41.8265441],[-71.4011089,41.8265484],[-71.4010431,41.8265528],[-71.4010433,41.8265535],[-71.4008693,41.8265653],[-71.4008708,41.8265787],[-71.4007985,41.8265833],[-71.4007822,41.8264505],[-71.4007809,41.8264506],[-71.400778,41.8264256],[-71.4006018,41.8264377],[-71.4006049,41.8264626],[-71.4006036,41.8264627],[-71.4006203,41.8265988],[-71.4006189,41.8265989],[-71.4006315,41.8266993],[-71.4006327,41.8266993],[-71.4006493,41.8268353],[-71.4006504,41.8268352],[-71.4006556,41.8268825],[-71.4006744,41.8270525],[-71.4007094,41.8270502],[-71.4007129,41.8270766],[-71.4007336,41.8270753],[-71.400736,41.8270767],[-71.4007385,41.8270779],[-71.400741,41.8270791],[-71.4007437,41.8270801],[-71.4007465,41.827081],[-71.4007493,41.8270818],[-71.4007499,41.8270807],[-71.4007693,41.8270822],[-71.400788,41.827078],[-71.4007888,41.8270791],[-71.4007914,41.8270779],[-71.400794,41.8270767],[-71.4007964,41.8270753],[-71.4007987,41.8270738],[-71.4008009,41.8270721],[-71.4008029,41.8270704],[-71.4008237,41.8270691],[-71.4008206,41.8270425],[-71.4008555,41.8270402],[-71.4008314,41.8268693],[-71.4008247,41.8268221],[-71.4008259,41.826822],[-71.4008123,41.8266981]]]}},{"type":"Feature","id":177016158,"properties":{"osmId":177016158,"category":"residential","addr:housename":"New Pembroke 4","addr:housenumber":"300","addr:postcode":"02912","addr:street":"Thayer Street","building":"dormitory","name":"New Pembroke 4","_wikiTried":true},"geometry":{"type":"Polygon","coordinates":[[[-71.4012018,41.8305544],[-71.4011637,41.8302209],[-71.4011398,41.8302227],[-71.4011342,41.8301247],[-71.4010131,41.8301316],[-71.4010728,41.8305616],[-71.4012018,41.8305544]]]}},{"type":"Feature","id":177016159,"properties":{"osmId":177016159,"category":"residential","addr:housename":"Goddard","addr:housenumber":"39","addr:postcode":"02912","addr:street":"Charlesfield Street","building":"dormitory","designation":"Dormitory","name":"Goddard","_wikiTried":true},"geometry":{"type":"Polygon","coordinates":[[[-71.4014073,41.8242175],[-71.401334,41.8242231],[-71.4012589,41.8242289],[-71.4012571,41.8242157],[-71.4010913,41.8242289],[-71.4011052,41.8243296],[-71.4010819,41.8243313],[-71.4010839,41.8243488],[-71.4009975,41.8243556],[-71.4009931,41.8243559],[-71.4009873,41.8243564],[-71.4009831,41.8243567],[-71.4009802,41.8243398],[-71.4009566,41.8243418],[-71.4009468,41.8242708],[-71.4009309,41.8241556],[-71.4012452,41.8241315],[-71.4012433,41.8241179],[-71.401261,41.8241165],[-71.4012567,41.8240858],[-71.4012342,41.8239239],[-71.4012328,41.8239139],[-71.4014789,41.8238946],[-71.4014809,41.8238944],[-71.4014831,41.8239121],[-71.4015061,41.8239104],[-71.4015167,41.8239858],[-71.4014943,41.8239878],[-71.4014964,41.8240059],[-71.4013615,41.8240162],[-71.4013684,41.8240649],[-71.4013744,41.8241079],[-71.4013921,41.8241068],[-71.4014073,41.8242175]]]}},{"type":"Feature","id":177016160,"properties":{"osmId":177016160,"category":"residential","addr:housename":"Marcy House","addr:housenumber":"115","addr:postcode":"02912","addr:street":"George Street","building":"dormitory","designation":"Dormitory","name":"Marcy House","_wikiTried":true},"geometry":{"type":"Polygon","coordinates":[[[-71.4015293,41.8248712],[-71.4015318,41.8248891],[-71.4014528,41.8248953],[-71.4014372,41.8248965],[-71.4012837,41.8249085],[-71.4012758,41.8248527],[-71.4012749,41.8248462],[-71.4012596,41.8247383],[-71.4012422,41.8247397],[-71.4012399,41.8247266],[-71.4010128,41.8247443],[-71.4010062,41.8246967],[-71.4009967,41.8246286],[-71.400987,41.8245584],[-71.4010108,41.8245566],[-71.4010085,41.8245395],[-71.4010332,41.8245376],[-71.4010423,41.8245369],[-71.4011095,41.8245316],[-71.4011113,41.8245486],[-71.4011353,41.824547],[-71.4011499,41.8246478],[-71.4012288,41.8246419],[-71.4012268,41.8246287],[-71.4013755,41.824617],[-71.4013818,41.8246628],[-71.4013832,41.824673],[-71.4013908,41.824728],[-71.4013731,41.8247293],[-71.4013815,41.8247885],[-71.4015165,41.8247781],[-71.4015189,41.8247956],[-71.4015417,41.8247939],[-71.401552,41.8248691],[-71.4015293,41.8248712]]]}},{"type":"Feature","id":177016161,"properties":{"osmId":177016161,"category":"academic","addr:city":"Providence","addr:country":"US","addr:housename":"Prince Engineering Lab","addr:housenumber":"355","addr:postcode":"02912","addr:state":"RI","addr:street":"Brook Street","building":"university","name":"Prince Engineering Lab","_wikiTried":true},"geometry":{"type":"Polygon","coordinates":[[[-71.3990821,41.8268995],[-71.3990484,41.8267118],[-71.399046,41.8266981],[-71.3990438,41.8266857],[-71.3990344,41.8266334],[-71.3987587,41.8266609],[-71.3985845,41.8266782],[-71.3983229,41.8267042],[-71.3980279,41.8267336],[-71.398039,41.8267955],[-71.3980755,41.8269996],[-71.3990821,41.8268995]]]}},{"type":"Feature","id":177016164,"properties":{"osmId":177016164,"category":"academic","addr:city":"Providence","addr:housenumber":"135","addr:postcode":"02912","addr:state":"RI","addr:street":"Angell Street","building":"school","building:levels":"2","name":"Urban Environmental Lab","_wikiTried":true},"geometry":{"type":"Polygon","coordinates":[[[-71.4023202,41.8277459],[-71.4023049,41.8276554],[-71.4022903,41.8275693],[-71.4021442,41.827583],[-71.4020634,41.8275906],[-71.4020826,41.827704],[-71.4022082,41.8276922],[-71.4022189,41.8277555],[-71.4023055,41.8277473],[-71.4023202,41.8277459]]]}},{"type":"Feature","id":177016167,"properties":{"osmId":177016167,"category":"academic","addr:housename":"Granoff Center","addr:housenumber":"154","addr:postcode":"02912","addr:street":"Angell Street","architect":"Diller Scofidio + Renfro","building":"university","name":"Perry and Marty Granoff Center for the Creative Arts","_wikiTried":true},"geometry":{"type":"Polygon","coordinates":[[[-71.4013495,41.8284274],[-71.4013357,41.8283478],[-71.4012319,41.8283578],[-71.4012114,41.8282399],[-71.401319,41.8282295],[-71.4013017,41.8281301],[-71.4015963,41.8281018],[-71.4016231,41.828257],[-71.4016476,41.8283988],[-71.4013495,41.8284274]]]}},{"type":"Feature","id":177016168,"properties":{"osmId":177016168,"category":"academic","addr:housename":"182 George","addr:housenumber":"182","addr:postcode":"02912","addr:street":"George Street","building":"university","name":"182 George","_wikiTried":true},"geometry":{"type":"Polygon","coordinates":[[[-71.3985383,41.8259833],[-71.3985248,41.8258785],[-71.3984914,41.8258808],[-71.3984875,41.8258506],[-71.3984768,41.8258514],[-71.3984747,41.8258348],[-71.3983817,41.8258414],[-71.3983803,41.8258304],[-71.3983573,41.825832],[-71.3983221,41.8258345],[-71.3983231,41.8258425],[-71.3983066,41.8258437],[-71.3982917,41.8258495],[-71.398281,41.8258616],[-71.3982764,41.8258716],[-71.3982042,41.8258778],[-71.3982286,41.8260355],[-71.3982202,41.826038],[-71.3982224,41.8260555],[-71.3982125,41.8260562],[-71.3982183,41.826102],[-71.3982575,41.8260992],[-71.3982582,41.8261051],[-71.3983219,41.8261006],[-71.3983211,41.8260941],[-71.39836,41.8260914],[-71.3983541,41.8260447],[-71.3983413,41.8260456],[-71.3983356,41.8260006],[-71.3984328,41.8259937],[-71.3984571,41.8260062],[-71.3984915,41.8260039],[-71.3985068,41.8259856],[-71.3985383,41.8259833]]]}},{"type":"Feature","id":177016170,"properties":{"osmId":177016170,"category":"residential","addr:housename":"Harkness House","addr:housenumber":"47","addr:postcode":"02912","addr:street":"Charlesfield Street","alt_name":"Tech House","building":"dormitory","designation":"Dormitory","name":"Harkness House","_wikiTried":true},"geometry":{"type":"Polygon","coordinates":[[[-71.4011044,41.8239483],[-71.4011146,41.8240236],[-71.401092,41.8240255],[-71.4010942,41.8240431],[-71.401,41.8240505],[-71.4008462,41.8240625],[-71.4008439,41.8240494],[-71.4007657,41.8240555],[-71.4007675,41.8240688],[-71.400693,41.8240746],[-71.4006189,41.8240804],[-71.4006171,41.8240672],[-71.4005386,41.8240734],[-71.4005403,41.8240865],[-71.4003845,41.8240982],[-71.4003145,41.8241034],[-71.4002916,41.8241051],[-71.4002887,41.8240873],[-71.4002665,41.8240888],[-71.4002564,41.824014],[-71.4002786,41.8240124],[-71.4002756,41.8239943],[-71.4005249,41.8239745],[-71.4005267,41.8239875],[-71.4006053,41.8239816],[-71.4006035,41.8239684],[-71.4007521,41.8239571],[-71.4007539,41.8239703],[-71.4008321,41.8239644],[-71.4008309,41.8239512],[-71.4010793,41.8239323],[-71.40108,41.8239379],[-71.4010814,41.8239498],[-71.4011044,41.8239483]]]}},{"type":"Feature","id":177016171,"properties":{"osmId":177016171,"category":"residential","addr:housename":"Diman House","addr:housenumber":"41","addr:postcode":"02912","addr:street":"Charlesfield Street","alt_name":"Social Action House","building":"dormitory","designation":"Dormitory","name":"Diman House","_wikiTried":true},"geometry":{"type":"Polygon","coordinates":[[[-71.4017006,41.8245091],[-71.4017266,41.8246946],[-71.4017031,41.8246966],[-71.4017051,41.8247136],[-71.4016036,41.8247212],[-71.4016016,41.8247041],[-71.401578,41.8247061],[-71.4015683,41.8246352],[-71.4015577,41.8245581],[-71.4015527,41.8245216],[-71.4015525,41.8245203],[-71.4015699,41.824519],[-71.4015654,41.8244895],[-71.401561,41.8244603],[-71.4015435,41.8244615],[-71.4015417,41.8244486],[-71.4014634,41.8244543],[-71.4014652,41.8244675],[-71.4012168,41.824487],[-71.4012144,41.8244692],[-71.4011916,41.824471],[-71.4011808,41.8243956],[-71.4012039,41.8243938],[-71.4012011,41.824376],[-71.4012518,41.824372],[-71.4012804,41.8243698],[-71.4012915,41.8243689],[-71.4013106,41.8243674],[-71.4014237,41.8243585],[-71.4014498,41.8243565],[-71.4014516,41.8243699],[-71.4015306,41.8243636],[-71.4015288,41.8243504],[-71.4016769,41.8243389],[-71.4016832,41.8243847],[-71.4016845,41.8243941],[-71.4016859,41.824404],[-71.4016922,41.8244501],[-71.4016747,41.8244514],[-71.401683,41.8245103],[-71.4017006,41.8245091]]]}},{"type":"Feature","id":177016172,"properties":{"osmId":177016172,"category":"academic","addr:housenumber":"64","addr:postcode":"02912","addr:street":"Waterman Street","building":"university","name":"Robinson Hall","_wikiTried":true},"geometry":{"type":"Polygon","coordinates":[[[-71.4042677,41.8272758],[-71.4042221,41.8272479],[-71.4042168,41.8272196],[-71.404214,41.8271989],[-71.4042499,41.8271698],[-71.4043151,41.8271651],[-71.4043076,41.8271076],[-71.4043555,41.8271042],[-71.4043502,41.8270791],[-71.404374,41.8270773],[-71.4043995,41.8270752],[-71.404403,41.8271002],[-71.4044566,41.8270959],[-71.4044643,41.8271498],[-71.404525,41.827145],[-71.4045717,41.8271726],[-71.4045802,41.8272228],[-71.4045422,41.8272547],[-71.4044833,41.8272587],[-71.4044889,41.8273046],[-71.4044567,41.8273368],[-71.4043861,41.827342],[-71.4043386,41.8273183],[-71.4043318,41.8272707],[-71.4043245,41.8272713],[-71.4042677,41.8272758]]]}},{"type":"Feature","id":177075294,"properties":{"osmId":177075294,"category":"academic","addr:housename":"Grimshaw-Gudewicz Biomedical Building","addr:housenumber":"81-89","addr:postcode":"02912","addr:street":"Brown Street","building":"university","name":"Grimshaw-Gudewicz Biomedical Building","_wikiTried":true},"geometry":{"type":"Polygon","coordinates":[[[-71.402151,41.8288274],[-71.4020853,41.8288324],[-71.4020323,41.8288039],[-71.4020148,41.8288055],[-71.4019739,41.8285504],[-71.4019573,41.8285366],[-71.4019557,41.828518],[-71.4019746,41.8284977],[-71.4020085,41.8284944],[-71.4020384,41.828506],[-71.4021517,41.8284966],[-71.4021885,41.8286888],[-71.4026038,41.8286516],[-71.4026009,41.8286367],[-71.4026338,41.828633],[-71.4026366,41.8286666],[-71.4026465,41.8287174],[-71.402512,41.8287313],[-71.4025157,41.8287512],[-71.4024879,41.8287743],[-71.402432,41.828781],[-71.4023998,41.8287644],[-71.4023961,41.8287431],[-71.4022022,41.8287616],[-71.4022066,41.8287874],[-71.4021906,41.8287889],[-71.402151,41.8288274]]]}},{"type":"Feature","id":177075298,"properties":{"osmId":177075298,"category":"other","access":"customers","addr:city":"Providence","addr:housenumber":"101","addr:state":"RI","addr:street":"Power Street","amenity":"parking","building":"yes","building:levels":"2","fee":"yes","name":"Power Street Parking Structure","opening_hours":"24/7","operator":"Brown University","operator:type":"university","parking":"multi-storey","_wikiTried":true},"geometry":{"type":"Polygon","coordinates":[[[-71.3998861,41.8228635],[-71.3999312,41.8228605],[-71.399941,41.8228598],[-71.3998988,41.8224774],[-71.3998344,41.8224805],[-71.3998289,41.822444],[-71.3987734,41.8225216],[-71.3987756,41.8225534],[-71.3987418,41.8225545],[-71.3987561,41.8226355],[-71.3987595,41.8226721],[-71.3987597,41.8226793],[-71.3987197,41.8226815],[-71.3987705,41.8229484],[-71.3988294,41.8229485],[-71.3988375,41.822986],[-71.3998932,41.8229063],[-71.3998861,41.8228635]]]}},{"type":"Feature","id":177075299,"properties":{"osmId":177075299,"category":"academic","addr:housename":"Biomedical Center","addr:housenumber":"171","addr:postcode":"02912","addr:street":"Meeting Street","building":"university","name":"Biomedical Center","_wikiTried":true},"geometry":{"type":"Polygon","coordinates":[[[-71.4032253,41.8287605],[-71.4031869,41.8285653],[-71.4031712,41.828476],[-71.4031534,41.8283863],[-71.4030072,41.8284018],[-71.4030109,41.8284211],[-71.4028105,41.8284423],[-71.402806,41.8284188],[-71.4026657,41.8284337],[-71.4026718,41.8284659],[-71.4026943,41.8286133],[-71.4027032,41.8286601],[-71.4027104,41.8286976],[-71.402732,41.8288129],[-71.4032253,41.8287605]]]}},{"type":"Feature","id":177075313,"properties":{"osmId":177075313,"category":"academic","addr:city":"Providence","addr:housenumber":"64","addr:postcode":"02912","addr:state":"RI","addr:street":"College Street","architect":"Philip Johnson","building":"university","building:levels":"5","name":"List Art Building","official_name":"Albert and Vera List Art Building","start_date":"1971","_wikiTried":true},"geometry":{"type":"Polygon","coordinates":[[[-71.4055467,41.8267108],[-71.405541,41.8266608],[-71.4057119,41.8266501],[-71.4056981,41.8265279],[-71.4055314,41.8265384],[-71.4055252,41.8264828],[-71.4054949,41.8262141],[-71.4054061,41.8262197],[-71.4052757,41.8262278],[-71.4052931,41.826382],[-71.4052237,41.8263863],[-71.4052471,41.8265935],[-71.4052648,41.8265924],[-71.4053231,41.8265887],[-71.4053384,41.8267239],[-71.4055467,41.8267108]]]}},{"type":"Feature","id":177075425,"properties":{"osmId":177075425,"category":"academic","addr:housenumber":"59","addr:street":"Charlesfield Street","building":"university","building:levels":"3","wheelchair":"yes"},"geometry":{"type":"Polygon","coordinates":[[[-71.3995023,41.8242692],[-71.3994931,41.8242034],[-71.3995289,41.8242006],[-71.3995272,41.8241883],[-71.3995211,41.8241453],[-71.3994948,41.8241474],[-71.3994866,41.8240893],[-71.3994148,41.8240949],[-71.399417,41.8241097],[-71.3993949,41.8241119],[-71.3993421,41.8241159],[-71.3993462,41.8241284],[-71.3993353,41.8241297],[-71.3993479,41.8242188],[-71.399384,41.824216],[-71.3993851,41.8242242],[-71.3993927,41.8242777],[-71.3994719,41.8242713],[-71.3995023,41.8242692]]]}},{"type":"Feature","id":177075426,"properties":{"osmId":177075426,"category":"academic","addr:housename":"Watson Institute for International Studies","addr:housenumber":"111","addr:postcode":"02912","addr:street":"Thayer Street","building":"university","name":"Watson Institute for International Studies","wikidata":"Q7974826","wikipedia":"en:Watson Institute for International and Public Affairs","_wikiTried":true},"geometry":{"type":"Polygon","coordinates":[[[-71.4000681,41.8247324],[-71.3999491,41.8247411],[-71.3999432,41.8246965],[-71.3999332,41.8246972],[-71.3999356,41.8247156],[-71.3998646,41.8247208],[-71.3998524,41.824629],[-71.3997819,41.8246342],[-71.399788,41.82468],[-71.3996147,41.8246927],[-71.3995995,41.8245778],[-71.3998364,41.8245603],[-71.399831,41.8245199],[-71.3997853,41.8245233],[-71.399767,41.8243863],[-71.3998155,41.8243828],[-71.3998055,41.8243054],[-71.3997975,41.8242486],[-71.3997705,41.8242505],[-71.3995992,41.8242615],[-71.399599,41.824255],[-71.3995948,41.8241989],[-71.3995913,41.8241655],[-71.3997189,41.8241543],[-71.3997599,41.8241503],[-71.3997723,41.8241492],[-71.3997947,41.824147],[-71.3997771,41.8240622],[-71.3997751,41.8240523],[-71.3998364,41.8240477],[-71.3998449,41.8240471],[-71.3998414,41.8240207],[-71.3999742,41.8240109],[-71.3999828,41.8240755],[-71.4000449,41.8240709],[-71.4000304,41.8241897],[-71.399999,41.824192],[-71.4000154,41.8243157],[-71.4000313,41.8244353],[-71.4000834,41.8244314],[-71.4001066,41.8246064],[-71.4000519,41.8246104],[-71.4000681,41.8247324]]]}},{"type":"Feature","id":177187103,"properties":{"osmId":177187103,"category":"religious","addr:city":"Providence","addr:housenumber":"1","addr:postcode":"02903","addr:street":"Benevolent Street","amenity":"place_of_worship","building":"church","check_date":"2025-08-31","gnis:feature_id":"1903478","name":"First Unitarian Church of Providence","phone":"+1 401 421 7970","religion":"unitarian_universalist","website":"https://firstunitarianprov.org/","wheelchair":"limited","wikidata":"Q16993404","wikipedia":"en:First Unitarian Church of Providence","_wikiTried":true},"geometry":{"type":"Polygon","coordinates":[[[-71.4051578,41.8244402],[-71.4051425,41.8243629],[-71.4051296,41.8242976],[-71.4050324,41.8243083],[-71.4050237,41.824264],[-71.4047212,41.8242972],[-71.4047365,41.8243748],[-71.4047508,41.8244469],[-71.4047676,41.8245318],[-71.4050845,41.824497],[-71.4050751,41.8244493],[-71.4051578,41.8244402]]]}},{"type":"Feature","id":177187107,"properties":{"osmId":177187107,"category":"residential","addr:city":"Providence","addr:housename":"Perkins Hall","addr:housenumber":"154","addr:postcode":"02912","addr:state":"RI","addr:street":"Power Street","building":"dormitory","building:levels":"4","designation":"Dormitory","name":"Perkins Hall","_wikiTried":true},"geometry":{"type":"Polygon","coordinates":[[[-71.3963819,41.8238667],[-71.3963467,41.8236927],[-71.3963096,41.8236991],[-71.3962949,41.8236396],[-71.3962802,41.8235716],[-71.3963203,41.8235645],[-71.396294,41.8234434],[-71.3962843,41.8233902],[-71.3960482,41.823418],[-71.3960886,41.8235921],[-71.39613,41.8235875],[-71.3961568,41.8237126],[-71.3961577,41.823717],[-71.396114,41.8237221],[-71.39615,41.8238938],[-71.3961613,41.8238924],[-71.3962598,41.8238812],[-71.3963819,41.8238667]]]}},{"type":"Feature","id":177187108,"properties":{"osmId":177187108,"category":"residential","addr:housename":"Young Orchard 4","addr:housenumber":"4","addr:postcode":"02912","addr:street":"Young Orchard Avenue","building":"dormitory","building:levels":"4","designation":"Dormitory","name":"Young Orchard 4","_wikiTried":true},"geometry":{"type":"Polygon","coordinates":[[[-71.3965109,41.8241744],[-71.39651,41.8241283],[-71.3965096,41.8241068],[-71.3965085,41.8240453],[-71.396492,41.8240455],[-71.3964914,41.8240115],[-71.3964197,41.8240122],[-71.3964202,41.8240424],[-71.3963276,41.8240433],[-71.396327,41.8240098],[-71.3962513,41.8240106],[-71.396252,41.8240465],[-71.3962361,41.8240467],[-71.396237,41.8240988],[-71.3962204,41.824099],[-71.3962206,41.8241144],[-71.3962209,41.8241296],[-71.3962373,41.8241295],[-71.3962378,41.8241722],[-71.3962387,41.8242174],[-71.396335,41.8242163],[-71.3963343,41.8241808],[-71.3964252,41.8241798],[-71.3964259,41.8242162],[-71.3964988,41.8242154],[-71.396498,41.8241745],[-71.3965109,41.8241744]]]}},{"type":"Feature","id":177187116,"properties":{"osmId":177187116,"category":"academic","addr:housenumber":"26","addr:street":"Benevolent Street","building":"university","name":"Sarah Doyle Center for Women and Gender","_wikiTried":true},"geometry":{"type":"Polygon","coordinates":[[[-71.4029562,41.8248433],[-71.4029527,41.8247879],[-71.4029704,41.8247873],[-71.402969,41.8247639],[-71.4029925,41.8247631],[-71.4029888,41.8247049],[-71.4029341,41.8247069],[-71.4029326,41.8246835],[-71.402783,41.8246887],[-71.4027894,41.8247911],[-71.4028949,41.8247874],[-71.402898,41.824838],[-71.4028985,41.8248453],[-71.4029562,41.8248433]]]}},{"type":"Feature","id":177187117,"properties":{"osmId":177187117,"category":"residential","addr:housename":"Young Orchard 2","addr:housenumber":"2","addr:postcode":"02912","addr:street":"Young Orchard Avenue","building":"dormitory","building:levels":"4","designation":"Dormitory","name":"Young Orchard 2","_wikiTried":true},"geometry":{"type":"Polygon","coordinates":[[[-71.3969616,41.8241545],[-71.3969609,41.8241337],[-71.396963,41.8241337],[-71.3969625,41.8241176],[-71.3969604,41.8241176],[-71.3969598,41.8240968],[-71.3969166,41.8240976],[-71.3969161,41.8240822],[-71.3969156,41.8240661],[-71.3969155,41.8240626],[-71.396915,41.8240465],[-71.3969145,41.8240312],[-71.3969577,41.8240305],[-71.396957,41.8240096],[-71.3969592,41.8240096],[-71.3969587,41.8239935],[-71.3969565,41.8239935],[-71.3969559,41.8239728],[-71.3969127,41.8239736],[-71.3969124,41.8239641],[-71.3968864,41.8239646],[-71.3968863,41.823963],[-71.3968744,41.8239632],[-71.3968646,41.8239634],[-71.3968646,41.823965],[-71.3968422,41.8239654],[-71.3968418,41.8239533],[-71.3968373,41.8239534],[-71.3968373,41.823954],[-71.396836,41.823954],[-71.3968307,41.8239541],[-71.3968253,41.8239542],[-71.3968241,41.8239542],[-71.3968124,41.8239544],[-71.3968113,41.8239545],[-71.3968113,41.8239539],[-71.3968067,41.823954],[-71.3968071,41.823966],[-71.3967369,41.8239672],[-71.3967371,41.8239766],[-71.396694,41.8239774],[-71.3966958,41.824035],[-71.3967391,41.8240343],[-71.3967412,41.8241006],[-71.3966979,41.8241014],[-71.3966997,41.824159],[-71.3967428,41.8241583],[-71.3967431,41.8241677],[-71.3968132,41.8241665],[-71.3968135,41.8241738],[-71.3968181,41.8241738],[-71.3968181,41.8241731],[-71.3968192,41.8241731],[-71.3968226,41.8241731],[-71.3968301,41.8241729],[-71.3968313,41.8241729],[-71.396843,41.8241727],[-71.396844,41.8241727],[-71.396844,41.8241733],[-71.3968487,41.8241732],[-71.3968485,41.8241659],[-71.3968709,41.8241655],[-71.3968709,41.824167],[-71.3968927,41.8241667],[-71.3968927,41.8241651],[-71.3969186,41.8241646],[-71.3969183,41.8241552],[-71.3969616,41.8241545]]]}},{"type":"Feature","id":177187118,"properties":{"osmId":177187118,"category":"residential","addr:housename":"Young Orchard 10","addr:housenumber":"10","addr:postcode":"02912","addr:street":"Young Orchard Avenue","building":"dormitory","designation":"Dormitory","name":"Young Orchard 10","_wikiTried":true},"geometry":{"type":"Polygon","coordinates":[[[-71.3958886,41.8242224],[-71.3958873,41.8241895],[-71.3959049,41.8241891],[-71.3959025,41.8241284],[-71.3958996,41.8240552],[-71.3958824,41.8240556],[-71.3958811,41.8240221],[-71.3958059,41.8240238],[-71.3958071,41.8240558],[-71.3957131,41.8240578],[-71.3957118,41.8240244],[-71.3956359,41.8240261],[-71.395637,41.8240559],[-71.3956219,41.8240563],[-71.3956247,41.8241274],[-71.3956273,41.8241917],[-71.3956398,41.8241914],[-71.3956412,41.8242263],[-71.3957219,41.8242245],[-71.3957206,41.8241921],[-71.3958051,41.8241902],[-71.3958064,41.8242242],[-71.3958886,41.8242224]]]}},{"type":"Feature","id":177187124,"properties":{"osmId":177187124,"category":"academic","addr:housename":"Orwig Music Hall","addr:housenumber":"1","addr:postcode":"02912","addr:street":"Young Orchard Avenue","building":"university","building:levels":"3","layer":"1","name":"Orwig Music Hall","_wikiTried":true},"geometry":{"type":"Polygon","coordinates":[[[-71.3967332,41.8247414],[-71.3965479,41.8247439],[-71.3965451,41.8246282],[-71.3966254,41.8246271],[-71.396625,41.8246084],[-71.3965953,41.8246089],[-71.3965416,41.8246096],[-71.3965413,41.8245978],[-71.3964635,41.8245989],[-71.3964622,41.8245445],[-71.3965372,41.8245434],[-71.3965353,41.8244681],[-71.3966424,41.8244666],[-71.396643,41.8244908],[-71.3966432,41.824499],[-71.396796,41.8244969],[-71.3967959,41.8244899],[-71.3967953,41.8244688],[-71.3968669,41.8244679],[-71.3969973,41.8244661],[-71.3970003,41.8245887],[-71.3968857,41.8245903],[-71.3968869,41.8246392],[-71.3967308,41.8246414],[-71.3967332,41.8247414]]]}},{"type":"Feature","id":177187125,"properties":{"osmId":177187125,"category":"academic","addr:city":"Providence","addr:housenumber":"151","addr:state":"RI","addr:street":"Hope Street","building":"university","building:levels":"2","name":"Morrison-Gerard Chamber Music Studios","_wikiTried":true},"geometry":{"type":"Polygon","coordinates":[[[-71.3968972,41.8250238],[-71.3970569,41.8250219],[-71.3970569,41.8250261],[-71.3971489,41.825025],[-71.397147,41.8249401],[-71.3970531,41.8249412],[-71.3970532,41.8249476],[-71.3969547,41.8249488],[-71.3968948,41.8249496],[-71.3968972,41.8250238]]]}},{"type":"Feature","id":177187136,"properties":{"osmId":177187136,"category":"academic","addr:city":"Providence","addr:housenumber":"128","addr:street":"Hope Street","building":"university","building:levels":"3","name":"Giddings House","start_date":"1908","_wikiTried":true},"geometry":{"type":"Polygon","coordinates":[[[-71.3972349,41.823669],[-71.3972178,41.8235686],[-71.3973104,41.8235598],[-71.3973861,41.8235527],[-71.3973752,41.8234881],[-71.3973668,41.8234387],[-71.3974922,41.8234268],[-71.3975261,41.8236261],[-71.3974122,41.8236368],[-71.3974148,41.823652],[-71.3972349,41.823669]]]}},{"type":"Feature","id":177187138,"properties":{"osmId":177187138,"category":"religious","addr:city":"Providence","addr:housenumber":"114","addr:postcode":"02906-1189","addr:state":"RI","addr:street":"George Street","amenity":"place_of_worship","building":"church","check_date":"2024-09-08","denomination":"anglican","ele":"32","gnis:feature_id":"2475560","name":"Saint Stephens Church","phone":"+1 401-421-6702","religion":"christian","website":"https://www.sstephens.org/","wheelchair":"no","wikidata":"Q7591750","wikipedia":"en:S. Stephen's Church (Providence, Rhode Island)","_wikiTried":true},"geometry":{"type":"Polygon","coordinates":[[[-71.4017237,41.8255881],[-71.4017244,41.8255919],[-71.4017228,41.8255921],[-71.4017501,41.8257461],[-71.4015824,41.8257626],[-71.4015835,41.8257688],[-71.4015691,41.8257702],[-71.4015683,41.8257655],[-71.4014911,41.8257723],[-71.4014994,41.8258228],[-71.4014373,41.8258272],[-71.4011757,41.8258439],[-71.4011774,41.8258595],[-71.4011063,41.8258637],[-71.401099,41.8258084],[-71.4010599,41.8257833],[-71.4010548,41.8257456],[-71.4010816,41.8257194],[-71.401074,41.8256769],[-71.4010597,41.8256783],[-71.4010552,41.8256582],[-71.4010535,41.8256508],[-71.4010492,41.8256237],[-71.4010579,41.8256229],[-71.4010572,41.825618],[-71.4010652,41.8256173],[-71.4010602,41.8255856],[-71.401047,41.8255868],[-71.4010449,41.8255736],[-71.4010539,41.8255728],[-71.4010572,41.8255725],[-71.4010563,41.8255674],[-71.4010672,41.8255663],[-71.4010681,41.8255712],[-71.4011105,41.8255671],[-71.4011098,41.825563],[-71.4011194,41.8255621],[-71.4011203,41.8255668],[-71.4011334,41.8255655],[-71.4011373,41.8255874],[-71.4014568,41.8255562],[-71.4014703,41.8256322],[-71.4014751,41.8256317],[-71.4014837,41.82568],[-71.4015473,41.8256737],[-71.4015354,41.8256066],[-71.4017237,41.8255881]]]}},{"type":"Feature","id":177187139,"properties":{"osmId":177187139,"category":"academic","addr:city":"Providence","addr:housenumber":"25","addr:postcode":"02912","addr:state":"RI","addr:street":"George Street","building":"university","ele":"26","gnis:feature_id":"1904326","name":"Swearer Center for Public Service","phone":"+1 401-863-2338","source":"USGS Geonames","website":"https://swearercenter.brown.edu/","wheelchair":"no","_wikiTried":true},"geometry":{"type":"Polygon","coordinates":[[[-71.4053726,41.8251612],[-71.4053675,41.8250929],[-71.4052679,41.825097],[-71.405263,41.8250314],[-71.4051967,41.8250341],[-71.4052068,41.8251681],[-71.4053726,41.8251612]]]}},{"type":"Feature","id":185020123,"properties":{"osmId":185020123,"category":"athletic","addr:city":"Providence","addr:housenumber":"171","addr:postcode":"02912","addr:state":"RI","addr:street":"Cushing Street","building":"yes","name":"Pembroke Field House","start_date":"1873","_wikiTried":true},"geometry":{"type":"Polygon","coordinates":[[[-71.3995552,41.8299439],[-71.3994987,41.8299476],[-71.3994827,41.829949],[-71.39944,41.8299518],[-71.3994542,41.8300661],[-71.3995693,41.8300581],[-71.3995552,41.8299439]]]}},{"type":"Feature","id":185020125,"properties":{"osmId":185020125,"category":"athletic","addr:housenumber":"235","addr:postcode":"02912","addr:state":"RI","addr:street":"Hope Street","building":"yes","gnis:feature_id":"1903940","leisure":"sports_centre","name":"Olney-Margolies Athletic Center","short_name":"OMAC","_wikiTried":true},"geometry":{"type":"Polygon","coordinates":[[[-71.3978054,41.8315524],[-71.3971262,41.8316656],[-71.3969699,41.8311442],[-71.3968095,41.8306094],[-71.3974888,41.8304963],[-71.3975296,41.8306323],[-71.3975422,41.8306744],[-71.3975443,41.8306816],[-71.3976182,41.8309279],[-71.3978054,41.8315524]]]}},{"type":"Feature","id":185021519,"properties":{"osmId":185021519,"category":"academic","addr:city":"Providence","addr:housenumber":"69","addr:postcode":"02912","addr:state":"RI","addr:street":"Waterman Street","architect":"Guy Lowell","building":"university","height":"28.956","historic":"memorial","inscription":"Love is Strong as Death","man_made":"tower","memorial":"building","name":"Carrie Tower","start_date":"1904","tower:type":"bell_tower","wikimedia_commons":"File:Carrie Tower, Brown University.jpg","_wikiTried":true},"geometry":{"type":"Polygon","coordinates":[[[-71.4045295,41.8268056],[-71.4044558,41.8268097],[-71.4044541,41.8267931],[-71.4044531,41.8267832],[-71.404452,41.8267723],[-71.4044491,41.8267438],[-71.4045228,41.8267396],[-71.4045295,41.8268056]]]}},{"type":"Feature","id":185224051,"properties":{"osmId":185224051,"category":"residential","addr:housenumber":"44","addr:street":"Charlesfield Street","building":"dormitory","building:levels":"6","designation":"Dormitory","name":"Graduate Center B","start_date":"1968","_wikiTried":true},"geometry":{"type":"Polygon","coordinates":[[[-71.4011858,41.8235933],[-71.4011822,41.8235688],[-71.401176,41.8235693],[-71.4011746,41.8235597],[-71.4012221,41.8235559],[-71.4012185,41.8235308],[-71.4012102,41.8235315],[-71.4012086,41.8235207],[-71.4012062,41.8235209],[-71.4012065,41.823523],[-71.4011761,41.8235255],[-71.4011737,41.8235085],[-71.40117,41.8235088],[-71.4011703,41.8235109],[-71.4011411,41.8235132],[-71.4011408,41.8235111],[-71.4011384,41.8235113],[-71.4011398,41.8235208],[-71.401127,41.8235219],[-71.4011281,41.8235293],[-71.4010977,41.8235318],[-71.4010952,41.8235148],[-71.4010928,41.823515],[-71.4010931,41.8235171],[-71.4010627,41.8235195],[-71.4010624,41.8235174],[-71.40106,41.8235176],[-71.4010613,41.8235272],[-71.4010486,41.8235282],[-71.4010496,41.8235356],[-71.4010378,41.8235366],[-71.4010323,41.823537],[-71.4010192,41.8235381],[-71.4010153,41.8235104],[-71.4009903,41.8235125],[-71.4009856,41.8234793],[-71.4009831,41.8234795],[-71.4009838,41.8234841],[-71.400971,41.8234851],[-71.400966,41.8234497],[-71.4009324,41.8234524],[-71.4009333,41.8234586],[-71.4009188,41.8234598],[-71.4009192,41.8234625],[-71.4009219,41.8234623],[-71.4009252,41.8234841],[-71.4009024,41.8234859],[-71.4009027,41.8234878],[-71.4009055,41.8234875],[-71.4009088,41.8235103],[-71.400906,41.8235105],[-71.4009062,41.8235123],[-71.400919,41.8235113],[-71.4009204,41.8235208],[-71.4009303,41.82352],[-71.4009336,41.8235428],[-71.4009109,41.8235446],[-71.4009111,41.8235464],[-71.4009139,41.8235462],[-71.4009172,41.8235689],[-71.4009144,41.8235692],[-71.4009147,41.823571],[-71.4009274,41.82357],[-71.4009288,41.8235795],[-71.4009388,41.8235787],[-71.400942,41.8236014],[-71.4009043,41.8236045],[-71.400903,41.8235951],[-71.4009006,41.8235953],[-71.4009009,41.8235974],[-71.4008705,41.8235999],[-71.4008702,41.8235978],[-71.4008677,41.823598],[-71.4008691,41.8236073],[-71.4008607,41.823608],[-71.4008642,41.8236325],[-71.4008705,41.823632],[-71.4008718,41.8236416],[-71.4008244,41.8236454],[-71.400828,41.8236705],[-71.4008363,41.8236699],[-71.4008379,41.8236807],[-71.4008415,41.8236804],[-71.4008412,41.8236782],[-71.4008704,41.8236759],[-71.4008728,41.8236929],[-71.4008753,41.8236927],[-71.400875,41.8236906],[-71.4009054,41.8236881],[-71.4009057,41.8236902],[-71.4009081,41.82369],[-71.4009067,41.8236805],[-71.4009195,41.8236794],[-71.4009184,41.823672],[-71.4009488,41.8236696],[-71.4009513,41.8236865],[-71.4009537,41.8236864],[-71.4009534,41.8236842],[-71.4009838,41.8236818],[-71.4009841,41.8236839],[-71.4009865,41.8236837],[-71.4009851,41.8236742],[-71.4009979,41.8236731],[-71.4009968,41.8236657],[-71.4010116,41.8236645],[-71.4010272,41.8236632],[-71.4010312,41.8236909],[-71.4010561,41.8236889],[-71.4010609,41.8237221],[-71.4010633,41.8237219],[-71.4010627,41.8237172],[-71.4010754,41.8237162],[-71.4010805,41.8237516],[-71.4011141,41.8237489],[-71.4011132,41.8237427],[-71.4011277,41.8237415],[-71.4011274,41.8237397],[-71.4011246,41.8237399],[-71.4011213,41.8237172],[-71.4011441,41.8237154],[-71.4011438,41.8237136],[-71.401141,41.8237138],[-71.4011377,41.823691],[-71.4011405,41.8236908],[-71.4011403,41.823689],[-71.4011275,41.82369],[-71.4011261,41.8236805],[-71.4011162,41.8236813],[-71.4011129,41.8236585],[-71.4011356,41.8236567],[-71.4011354,41.8236549],[-71.4011325,41.8236551],[-71.4011293,41.8236324],[-71.4011321,41.8236322],[-71.4011318,41.8236303],[-71.4011191,41.8236314],[-71.4011177,41.8236218],[-71.4011077,41.8236226],[-71.4011045,41.8235999],[-71.4011422,41.8235968],[-71.4011435,41.8236062],[-71.4011459,41.823606],[-71.4011456,41.8236039],[-71.401176,41.8236014],[-71.4011763,41.8236035],[-71.4011788,41.8236033],[-71.4011774,41.823594],[-71.4011858,41.8235933]]]}},{"type":"Feature","id":185224052,"properties":{"osmId":185224052,"category":"residential","addr:housenumber":"82","addr:street":"Thayer Street","building":"dormitory","building:levels":"6","designation":"Dormitory","name":"Graduate Center C","_wikiTried":true},"geometry":{"type":"Polygon","coordinates":[[[-71.4005065,41.8231538],[-71.4005029,41.8231292],[-71.4004967,41.8231297],[-71.4004953,41.8231202],[-71.4005427,41.8231163],[-71.400539,41.8230912],[-71.4005307,41.8230919],[-71.4005291,41.8230811],[-71.4005255,41.8230814],[-71.4005258,41.8230834],[-71.4004966,41.8230859],[-71.4004941,41.8230689],[-71.4004917,41.8230691],[-71.400492,41.8230712],[-71.4004616,41.8230737],[-71.4004613,41.8230716],[-71.4004589,41.8230718],[-71.4004603,41.8230814],[-71.4004475,41.8230824],[-71.4004486,41.8230899],[-71.4004182,41.8230923],[-71.4004157,41.8230754],[-71.4004133,41.8230756],[-71.4004136,41.8230777],[-71.4003832,41.8230801],[-71.4003829,41.823078],[-71.4003805,41.8230782],[-71.4003819,41.8230878],[-71.4003691,41.8230888],[-71.4003702,41.8230963],[-71.4003398,41.8230988],[-71.4003358,41.8230712],[-71.4003108,41.8230732],[-71.400306,41.82304],[-71.4003035,41.8230402],[-71.4003042,41.8230449],[-71.4002915,41.8230459],[-71.4002863,41.8230105],[-71.4002527,41.8230133],[-71.4002531,41.823016],[-71.4002536,41.8230195],[-71.4002392,41.8230206],[-71.4002394,41.8230225],[-71.4002422,41.8230222],[-71.4002456,41.823045],[-71.4002229,41.8230468],[-71.4002231,41.8230486],[-71.4002259,41.8230484],[-71.4002293,41.8230711],[-71.4002265,41.8230714],[-71.4002267,41.8230732],[-71.4002395,41.8230721],[-71.4002409,41.8230817],[-71.4002508,41.8230809],[-71.4002542,41.8231036],[-71.4002315,41.8231055],[-71.4002317,41.8231073],[-71.4002345,41.8231071],[-71.4002379,41.8231298],[-71.400235,41.82313],[-71.4002353,41.8231318],[-71.4002481,41.8231308],[-71.4002495,41.8231403],[-71.4002594,41.8231395],[-71.4002628,41.8231623],[-71.4002251,41.8231653],[-71.4002237,41.823156],[-71.4002213,41.8231562],[-71.4002216,41.8231583],[-71.4001912,41.8231608],[-71.4001909,41.8231587],[-71.4001885,41.8231589],[-71.4001898,41.8231682],[-71.4001815,41.8231689],[-71.4001851,41.8231935],[-71.4001913,41.823193],[-71.4001927,41.8232025],[-71.4001489,41.8232061],[-71.4001453,41.8232064],[-71.400149,41.8232315],[-71.4001572,41.8232308],[-71.4001588,41.8232416],[-71.4001613,41.8232414],[-71.4001609,41.8232393],[-71.4001913,41.8232368],[-71.4001938,41.8232538],[-71.4001963,41.8232536],[-71.4001959,41.8232515],[-71.4002263,41.823249],[-71.4002266,41.8232511],[-71.4002291,41.8232509],[-71.4002277,41.8232413],[-71.4002404,41.8232403],[-71.4002393,41.8232328],[-71.4002697,41.8232304],[-71.4002722,41.8232474],[-71.4002747,41.8232472],[-71.4002744,41.823245],[-71.4003047,41.8232426],[-71.4003051,41.8232447],[-71.4003075,41.8232445],[-71.4003061,41.8232349],[-71.4003188,41.8232339],[-71.4003178,41.8232264],[-71.4003312,41.8232253],[-71.4003356,41.8232249],[-71.4003482,41.8232239],[-71.4003522,41.8232516],[-71.4003771,41.8232495],[-71.400382,41.8232827],[-71.4003844,41.8232825],[-71.4003837,41.8232778],[-71.4003965,41.8232768],[-71.4004017,41.8233122],[-71.4004353,41.8233094],[-71.4004344,41.8233033],[-71.4004488,41.8233021],[-71.4004484,41.8232993],[-71.4004457,41.8232996],[-71.4004424,41.8232777],[-71.4004651,41.8232759],[-71.4004648,41.8232741],[-71.400462,41.8232743],[-71.4004587,41.8232516],[-71.4004615,41.8232513],[-71.4004612,41.8232495],[-71.4004485,41.8232506],[-71.4004471,41.823241],[-71.4004371,41.8232418],[-71.4004338,41.8232191],[-71.4004565,41.8232172],[-71.4004562,41.8232154],[-71.4004534,41.8232156],[-71.4004501,41.8231929],[-71.4004529,41.8231927],[-71.4004526,41.8231909],[-71.4004399,41.8231919],[-71.4004385,41.8231824],[-71.4004285,41.8231832],[-71.4004252,41.8231604],[-71.4004629,41.8231574],[-71.4004642,41.8231667],[-71.4004667,41.8231665],[-71.4004664,41.8231644],[-71.4004968,41.8231619],[-71.4004971,41.823164],[-71.4004995,41.8231638],[-71.4004981,41.8231545],[-71.4005065,41.8231538]]]}},{"type":"Feature","id":185224053,"properties":{"osmId":185224053,"category":"residential","addr:housenumber":"40","addr:street":"Charlesfield Street","building":"dormitory","building:levels":"6","designation":"Dormitory","name":"Graduate Center A","_wikiTried":true},"geometry":{"type":"Polygon","coordinates":[[[-71.4008031,41.8231292],[-71.4007997,41.8231046],[-71.4008059,41.8231041],[-71.4008045,41.8230946],[-71.4007571,41.8230983],[-71.4007536,41.8230732],[-71.4007618,41.8230725],[-71.4007603,41.8230617],[-71.400764,41.8230614],[-71.4007643,41.8230636],[-71.4007935,41.8230613],[-71.4007911,41.8230443],[-71.4007935,41.8230441],[-71.4007938,41.8230462],[-71.4008242,41.8230438],[-71.4008239,41.8230417],[-71.4008263,41.8230415],[-71.4008277,41.823051],[-71.4008405,41.82305],[-71.4008415,41.8230575],[-71.4008719,41.8230551],[-71.4008695,41.8230381],[-71.4008719,41.8230379],[-71.4008722,41.82304],[-71.4009026,41.8230376],[-71.4009023,41.8230355],[-71.4009048,41.8230353],[-71.4009061,41.8230449],[-71.4009189,41.8230438],[-71.4009199,41.8230513],[-71.4009504,41.8230489],[-71.4009465,41.8230213],[-71.4009714,41.8230193],[-71.4009667,41.8229861],[-71.4009691,41.8229859],[-71.4009698,41.8229906],[-71.4009826,41.8229896],[-71.4009776,41.8229541],[-71.4010112,41.8229515],[-71.401012,41.8229577],[-71.4010265,41.8229565],[-71.4010267,41.8229584],[-71.4010239,41.8229586],[-71.4010271,41.8229813],[-71.4010499,41.8229795],[-71.4010501,41.8229814],[-71.4010473,41.8229816],[-71.4010505,41.8230043],[-71.4010533,41.8230041],[-71.4010536,41.8230059],[-71.4010408,41.8230069],[-71.4010422,41.8230165],[-71.4010322,41.8230173],[-71.4010354,41.82304],[-71.4010581,41.8230382],[-71.4010584,41.82304],[-71.4010556,41.8230402],[-71.4010588,41.823063],[-71.4010616,41.8230628],[-71.4010619,41.8230646],[-71.4010491,41.8230656],[-71.4010504,41.8230751],[-71.4010405,41.8230759],[-71.4010437,41.8230987],[-71.4010814,41.8230957],[-71.4010801,41.8230864],[-71.4010825,41.8230862],[-71.4010828,41.8230883],[-71.4011132,41.8230859],[-71.4011129,41.8230838],[-71.4011153,41.8230836],[-71.4011167,41.8230929],[-71.401125,41.8230923],[-71.4011285,41.8231168],[-71.4011222,41.8231173],[-71.4011236,41.8231269],[-71.401171,41.8231231],[-71.4011746,41.8231483],[-71.4011663,41.8231489],[-71.4011678,41.8231597],[-71.4011642,41.82316],[-71.4011639,41.8231578],[-71.4011347,41.8231601],[-71.4011371,41.8231771],[-71.4011346,41.8231773],[-71.4011343,41.8231752],[-71.4011039,41.8231776],[-71.4011042,41.8231797],[-71.4011018,41.8231799],[-71.4011004,41.8231704],[-71.4010877,41.8231714],[-71.4010866,41.8231639],[-71.4010562,41.8231663],[-71.4010586,41.8231833],[-71.4010562,41.8231835],[-71.4010559,41.8231814],[-71.4010255,41.8231838],[-71.4010258,41.8231859],[-71.4010234,41.8231861],[-71.401022,41.8231766],[-71.4010092,41.8231776],[-71.4010082,41.8231701],[-71.4009923,41.8231714],[-71.4009778,41.8231725],[-71.4009817,41.8232002],[-71.4009567,41.8232021],[-71.4009614,41.8232353],[-71.400959,41.8232355],[-71.4009583,41.8232309],[-71.4009456,41.8232319],[-71.4009506,41.8232673],[-71.400917,41.8232699],[-71.4009161,41.8232637],[-71.4009016,41.8232649],[-71.4009013,41.8232621],[-71.4009041,41.8232619],[-71.400901,41.8232401],[-71.4008783,41.8232419],[-71.400878,41.8232401],[-71.4008808,41.8232398],[-71.4008776,41.8232171],[-71.4008748,41.8232173],[-71.4008745,41.8232155],[-71.4008873,41.8232145],[-71.400886,41.8232049],[-71.4008959,41.8232042],[-71.4008927,41.8231814],[-71.40087,41.8231832],[-71.4008697,41.8231814],[-71.4008726,41.8231812],[-71.4008693,41.8231584],[-71.4008665,41.8231586],[-71.4008663,41.8231568],[-71.400879,41.8231558],[-71.4008777,41.8231463],[-71.4008877,41.8231455],[-71.4008844,41.8231227],[-71.4008467,41.8231257],[-71.4008481,41.823135],[-71.4008456,41.8231352],[-71.4008453,41.8231331],[-71.4008149,41.8231355],[-71.4008152,41.8231376],[-71.4008128,41.8231378],[-71.4008115,41.8231285],[-71.4008031,41.8231292]]]}},{"type":"Feature","id":185224055,"properties":{"osmId":185224055,"category":"residential","addr:housenumber":"90","addr:street":"Thayer Street","building":"dormitory","building:levels":"6","designation":"Dormitory","name":"Graduate Center D","_wikiTried":true},"geometry":{"type":"Polygon","coordinates":[[[-71.4002472,41.8236834],[-71.4002442,41.8236588],[-71.4002505,41.8236584],[-71.4002493,41.8236488],[-71.4002018,41.823652],[-71.4001988,41.8236269],[-71.4002071,41.8236263],[-71.4002058,41.8236155],[-71.4002082,41.8236153],[-71.4002085,41.8236175],[-71.4002389,41.8236154],[-71.4002369,41.8235984],[-71.4002393,41.8235983],[-71.4002396,41.8236004],[-71.40027,41.8235983],[-71.4002698,41.8235962],[-71.4002722,41.823596],[-71.4002733,41.8236056],[-71.4002861,41.8236047],[-71.400287,41.8236122],[-71.4003175,41.8236102],[-71.4003154,41.8235931],[-71.4003179,41.823593],[-71.4003181,41.8235951],[-71.4003486,41.823593],[-71.4003483,41.8235909],[-71.4003508,41.8235908],[-71.4003519,41.8236003],[-71.4003647,41.8235995],[-71.4003656,41.8236069],[-71.4003833,41.8236057],[-71.400396,41.8236049],[-71.4003927,41.8235772],[-71.4004177,41.8235755],[-71.4004137,41.8235423],[-71.4004161,41.8235421],[-71.4004167,41.8235468],[-71.4004295,41.8235459],[-71.4004252,41.8235104],[-71.4004589,41.8235082],[-71.4004596,41.8235144],[-71.4004741,41.8235134],[-71.4004744,41.8235161],[-71.4004716,41.8235163],[-71.4004742,41.8235382],[-71.400497,41.8235367],[-71.4004972,41.8235385],[-71.4004944,41.8235387],[-71.4004971,41.8235614],[-71.4004999,41.8235613],[-71.4005001,41.8235631],[-71.4004874,41.8235639],[-71.4004885,41.8235735],[-71.4004785,41.8235742],[-71.4004813,41.823597],[-71.400504,41.8235954],[-71.4005043,41.8235972],[-71.4005014,41.8235974],[-71.4005042,41.8236202],[-71.400507,41.82362],[-71.4005072,41.8236218],[-71.4004944,41.8236227],[-71.4004956,41.8236323],[-71.4004856,41.8236329],[-71.4004883,41.8236557],[-71.4005261,41.8236532],[-71.400525,41.8236438],[-71.4005274,41.8236437],[-71.4005277,41.8236458],[-71.4005581,41.8236437],[-71.4005579,41.8236416],[-71.4005603,41.8236415],[-71.4005614,41.8236508],[-71.4005698,41.8236502],[-71.4005728,41.8236748],[-71.4005665,41.8236753],[-71.4005677,41.8236848],[-71.4006152,41.8236816],[-71.4006182,41.8237068],[-71.4006099,41.8237074],[-71.4006112,41.8237182],[-71.4006075,41.8237184],[-71.4006073,41.8237163],[-71.400578,41.8237182],[-71.4005801,41.8237352],[-71.4005777,41.8237354],[-71.4005774,41.8237333],[-71.400547,41.8237354],[-71.4005472,41.8237375],[-71.4005448,41.8237376],[-71.4005436,41.8237281],[-71.4005308,41.8237289],[-71.4005299,41.8237215],[-71.4004995,41.8237235],[-71.4005015,41.8237405],[-71.4004991,41.8237407],[-71.4004988,41.8237386],[-71.4004684,41.8237406],[-71.4004686,41.8237427],[-71.4004662,41.8237429],[-71.4004651,41.8237333],[-71.4004523,41.8237342],[-71.4004514,41.8237267],[-71.4004356,41.8237279],[-71.4004209,41.8237288],[-71.4004242,41.8237565],[-71.4003993,41.8237581],[-71.4004033,41.8237914],[-71.4004008,41.8237916],[-71.4004003,41.8237869],[-71.4003875,41.8237878],[-71.4003918,41.8238232],[-71.4003581,41.8238255],[-71.4003574,41.8238193],[-71.4003429,41.8238203],[-71.4003427,41.8238184],[-71.4003455,41.8238182],[-71.4003428,41.8237955],[-71.40032,41.823797],[-71.4003198,41.8237952],[-71.4003226,41.823795],[-71.4003199,41.8237722],[-71.400317,41.8237724],[-71.4003168,41.8237706],[-71.4003296,41.8237697],[-71.4003285,41.8237602],[-71.4003384,41.8237595],[-71.4003357,41.8237367],[-71.4003129,41.8237382],[-71.4003127,41.8237364],[-71.4003155,41.8237362],[-71.4003128,41.8237134],[-71.40031,41.8237136],[-71.4003098,41.8237118],[-71.4003225,41.823711],[-71.4003214,41.8237014],[-71.4003314,41.8237007],[-71.4003286,41.8236779],[-71.4002909,41.8236805],[-71.400292,41.8236898],[-71.4002896,41.82369],[-71.4002893,41.8236879],[-71.4002588,41.8236899],[-71.4002591,41.823692],[-71.4002567,41.8236922],[-71.4002555,41.8236829],[-71.4002472,41.8236834]]]}},{"type":"Feature","id":185226348,"properties":{"osmId":185226348,"category":"athletic","addr:housenumber":"235","addr:postcode":"02912","addr:street":"Hope Street","building":"yes","leisure":"sports_centre","name":"Meehan Auditorium","sport":"ice_hockey;ice_skating","wikidata":"Q6807503","_wikiTried":true},"geometry":{"type":"Polygon","coordinates":[[[-71.3987474,41.8316695],[-71.3988871,41.8317034],[-71.3990312,41.8317017],[-71.3991669,41.8316655],[-71.3992798,41.8315988],[-71.3993579,41.8315086],[-71.3993929,41.8314045],[-71.3993812,41.8312974],[-71.3993239,41.8311989],[-71.3992272,41.8311193],[-71.3991013,41.8310672],[-71.3989566,41.8310479],[-71.3988772,41.8310575],[-71.398871,41.831026],[-71.3988669,41.8310177],[-71.3988576,41.8310135],[-71.3988404,41.8310129],[-71.3987843,41.8310259],[-71.3987095,41.831054],[-71.3986624,41.8310759],[-71.3986575,41.8310815],[-71.3986572,41.8310878],[-71.3986582,41.8310937],[-71.3986088,41.8311268],[-71.3986024,41.8311375],[-71.398632,41.8311572],[-71.3985821,41.8311969],[-71.3985231,41.8312972],[-71.3985116,41.8314064],[-71.3985486,41.8315123],[-71.3986302,41.8316034],[-71.3987474,41.8316695]]]}},{"type":"Feature","id":185397432,"properties":{"osmId":185397432,"category":"other","addr:city":"Providence","addr:housenumber":"75","addr:state":"RI","addr:street":"Charlesfield Street","amenity":"police","building":"yes","building:levels":"3","check_date":"2024-08-21","name":"Department of Public Safety","operator":"Brown University","short_name":"DPS","_wikiTried":true},"geometry":{"type":"Polygon","coordinates":[[[-71.398394,41.8242777],[-71.398229,41.824289],[-71.3982323,41.824316],[-71.3981561,41.8243212],[-71.3981528,41.8242944],[-71.3980157,41.8243038],[-71.3980096,41.8242537],[-71.3980411,41.8242516],[-71.3980368,41.8242169],[-71.3981575,41.8242082],[-71.3981827,41.8242069],[-71.3982024,41.8242059],[-71.398319,41.8241977],[-71.3983197,41.8242038],[-71.3983601,41.824201],[-71.3983654,41.8242444],[-71.3983897,41.8242427],[-71.398394,41.8242777]]]}},{"type":"Feature","id":195508284,"properties":{"osmId":195508284,"category":"academic","addr:city":"Providence","addr:country":"US","addr:housenumber":"211","addr:postcode":"02906","addr:state":"RI","addr:street":"Hope Street","building":"school","name":"211 Hope","_wikiTried":true},"geometry":{"type":"Polygon","coordinates":[[[-71.3977806,41.8291205],[-71.3976637,41.829164],[-71.3976484,41.8291413],[-71.3975788,41.8291672],[-71.3975134,41.8290697],[-71.397712,41.8289956],[-71.3977629,41.8290716],[-71.3977509,41.8290761],[-71.3977806,41.8291205]]]}},{"type":"Feature","id":195508288,"properties":{"osmId":195508288,"category":"athletic","addr:housenumber":"235","addr:postcode":"02912","addr:street":"Hope Street","building":"yes","leisure":"sports_centre","name":"Nelson Fitness Center","website":"https://brownrec.com/","_wikiTried":true},"geometry":{"type":"Polygon","coordinates":[[[-71.3982313,41.8303229],[-71.3981675,41.8303328],[-71.3981695,41.8303397],[-71.3981644,41.8303405],[-71.3980743,41.8303547],[-71.3979593,41.8303728],[-71.3979571,41.830365],[-71.3978925,41.8303752],[-71.3978908,41.8303693],[-71.3976704,41.8304046],[-71.3976659,41.8303891],[-71.397109,41.8304783],[-71.3971041,41.8304709],[-71.3970708,41.830476],[-71.3970751,41.8304915],[-71.3968136,41.8305322],[-71.396783,41.8304285],[-71.3967704,41.8304325],[-71.3967501,41.8303687],[-71.3967313,41.8303721],[-71.3967172,41.8303221],[-71.3967375,41.8303202],[-71.3967207,41.8302569],[-71.3967341,41.8302535],[-71.3967074,41.8301534],[-71.396965,41.8301132],[-71.3969686,41.8301259],[-71.3970074,41.8301198],[-71.3970062,41.8301154],[-71.3977923,41.8299949],[-71.3977888,41.8299821],[-71.3981196,41.8299314],[-71.3981278,41.8299607],[-71.3981382,41.8299591],[-71.3981653,41.8300572],[-71.3981543,41.8300588],[-71.3981927,41.8301972],[-71.3982047,41.8301954],[-71.3982317,41.8302923],[-71.3982231,41.8302937],[-71.3982313,41.8303229]]]}},{"type":"Feature","id":195508301,"properties":{"osmId":195508301,"category":"academic","addr:city":"Providence","addr:country":"US","addr:housenumber":"217","addr:postcode":"02906","addr:state":"RI","addr:street":"Hope Street","building":"school","name":"Baker House","source":"Bing","_wikiTried":true},"geometry":{"type":"Polygon","coordinates":[[[-71.3979419,41.8293931],[-71.3978448,41.8294269],[-71.397817,41.8293827],[-71.3977141,41.8294185],[-71.3976642,41.8293389],[-71.3978642,41.8292692],[-71.3979419,41.8293931]]]}},{"type":"Feature","id":195508315,"properties":{"osmId":195508315,"category":"religious","amenity":"place_of_worship","building":"yes","denomination":"congregational","ele":"35","gnis:feature_id":"1903263","name":"Central Congregational Church","religion":"christian","wikidata":"Q15208456","wikipedia":"en:Central Congregational Church (Providence, Rhode Island)","_wikiTried":true},"geometry":{"type":"Polygon","coordinates":[[[-71.3962812,41.8290158],[-71.3961901,41.8290299],[-71.3962034,41.8290776],[-71.3962151,41.8291197],[-71.3959618,41.8291588],[-71.3959385,41.8290753],[-71.3958195,41.8290937],[-71.3957769,41.8289405],[-71.3959009,41.8289213],[-71.3958641,41.8287892],[-71.3959824,41.828771],[-71.3961017,41.8287526],[-71.3961392,41.8288874],[-71.3962412,41.8288717],[-71.3962812,41.8290158]]]}},{"type":"Feature","id":195508317,"properties":{"osmId":195508317,"category":"athletic","addr:housenumber":"235","addr:postcode":"02912","addr:street":"Hope Street","building":"yes","leisure":"sports_centre","name":"Pizzitola Gymnasium","_wikiTried":true},"geometry":{"type":"Polygon","coordinates":[[[-71.3986371,41.8317875],[-71.3978619,41.832052],[-71.3976517,41.8317005],[-71.3977148,41.8316779],[-71.3976932,41.8316391],[-71.3977454,41.8316207],[-71.397764,41.8316141],[-71.3977773,41.8315996],[-71.3977965,41.8315735],[-71.3978525,41.8315561],[-71.3979136,41.8315346],[-71.397981,41.8315109],[-71.3980066,41.8314935],[-71.3980323,41.8314465],[-71.3980604,41.8314117],[-71.3981047,41.8313839],[-71.3983429,41.8313073],[-71.3986371,41.8317875]]]}},{"type":"Feature","id":199956415,"properties":{"osmId":199956415,"category":"residential","addr:housename":"Metcalf Hall","addr:housenumber":"98","addr:postcode":"02912","addr:street":"Cushing Street","building":"dormitory","name":"Metcalf Hall","_wikiTried":true},"geometry":{"type":"Polygon","coordinates":[[[-71.4029034,41.8303558],[-71.4028447,41.8303595],[-71.4026892,41.8303705],[-71.402682,41.830371],[-71.4026707,41.8302819],[-71.402682,41.8302812],[-71.4026726,41.8302061],[-71.4026645,41.8302067],[-71.402664,41.8302021],[-71.4026628,41.8302022],[-71.4026622,41.8301977],[-71.4026656,41.8301975],[-71.402664,41.8301848],[-71.4026626,41.8301732],[-71.4026592,41.8301734],[-71.4026586,41.8301689],[-71.4026598,41.8301688],[-71.4026592,41.8301643],[-71.4026677,41.8301637],[-71.4026586,41.8300907],[-71.4026464,41.8300915],[-71.402635,41.8299998],[-71.402799,41.8299883],[-71.4028344,41.8302711],[-71.4028923,41.830267],[-71.4029034,41.8303558]]]}},{"type":"Feature","id":199956416,"properties":{"osmId":199956416,"category":"residential","addr:housename":"Miller Hall","addr:housenumber":"118","addr:postcode":"02912","addr:street":"Cushing Street","building":"dormitory","name":"Miller Hall","_wikiTried":true},"geometry":{"type":"Polygon","coordinates":[[[-71.4021461,41.8304098],[-71.4021348,41.8303188],[-71.4021604,41.830317],[-71.4021252,41.8300308],[-71.4022915,41.8300194],[-71.4023019,41.8301109],[-71.4022908,41.8301118],[-71.4023005,41.8301896],[-71.4023065,41.8301892],[-71.402309,41.8302095],[-71.4023113,41.8302278],[-71.4023052,41.8302283],[-71.4023147,41.8303062],[-71.4023257,41.8303054],[-71.4023345,41.8303955],[-71.4023252,41.8303961],[-71.4021713,41.830407],[-71.4021461,41.8304098]]]}},{"type":"Feature","id":231960648,"properties":{"osmId":231960648,"category":"religious","amenity":"place_of_worship","building":"yes","denomination":"baptist","ele":"22","gnis:feature_id":"1903262","name":"Central Baptist Church","religion":"christian","_wikiTried":true},"geometry":{"type":"Polygon","coordinates":[[[-71.3900481,41.8348234],[-71.3898907,41.8348544],[-71.3899031,41.8348895],[-71.3895679,41.8349555],[-71.3895336,41.8348587],[-71.3896213,41.8348414],[-71.3895296,41.8345828],[-71.3897417,41.834541],[-71.3898139,41.8345268],[-71.389834,41.8345834],[-71.3899596,41.8345587],[-71.3899848,41.8346297],[-71.3899314,41.8346402],[-71.3899742,41.8347607],[-71.3900225,41.8347512],[-71.3900481,41.8348234]]]}},{"type":"Feature","id":231960780,"properties":{"osmId":231960780,"category":"religious","addr:city":"Providence","addr:housenumber":"67","addr:postcode":"02906","addr:state":"RI","addr:street":"Cole Avenue","amenity":"place_of_worship","building":"church","check_date":"2024-01-04","denomination":"catholic","gnis:feature_id":"1904217","name":"Saint Sebastian Catholic Church","phone":"+1 401 751 0196","religion":"christian","website":"https://stsebastianri.org/","_wikiTried":true},"geometry":{"type":"Polygon","coordinates":[[[-71.3873666,41.8354796],[-71.38705,41.8355478],[-71.3870648,41.8355858],[-71.386898,41.8356217],[-71.3868758,41.8355645],[-71.3868446,41.8354842],[-71.3868988,41.8354726],[-71.3868708,41.8354004],[-71.3873,41.835308],[-71.3873666,41.8354796]]]}},{"type":"Feature","id":257865343,"properties":{"osmId":257865343,"category":"academic","building":"school","building:levels":"3","layer":"1","name":"Madden Gymnasium and Health Center","wheelchair":"yes","_wikiTried":true},"geometry":{"type":"Polygon","coordinates":[[[-71.3994222,41.8288559],[-71.3993018,41.8288661],[-71.3990918,41.8288847],[-71.3990875,41.8288577],[-71.3990727,41.828859],[-71.3989903,41.8288663],[-71.3989125,41.8288303],[-71.3988991,41.8285945],[-71.398913,41.8285898],[-71.3989961,41.8285618],[-71.3990375,41.8285479],[-71.399089,41.8285305],[-71.3990965,41.8285806],[-71.3992983,41.8285637],[-71.399346,41.8285597],[-71.399377,41.8285571],[-71.3994222,41.8288559]]]}},{"type":"Feature","id":257865345,"properties":{"osmId":257865345,"category":"academic","building":"school","building:levels":"2","name":"Fresh Air Building","wheelchair":"no","_wikiTried":true},"geometry":{"type":"Polygon","coordinates":[[[-71.3980881,41.8289298],[-71.398067,41.82881],[-71.3980497,41.8288082],[-71.3979352,41.8288223],[-71.3979231,41.8288238],[-71.3979122,41.828851],[-71.3979162,41.8288746],[-71.3979337,41.8288959],[-71.3979548,41.8288938],[-71.397957,41.8289088],[-71.3979633,41.828942],[-71.3980881,41.8289298]]]}},{"type":"Feature","id":257865347,"properties":{"osmId":257865347,"category":"academic","addr:city":"Providence","addr:housenumber":"216","addr:postcode":"02906","addr:state":"RI","addr:street":"Hope Street","building":"school","building:levels":"3","name":"Hope Building","wheelchair":"yes","_wikiTried":true},"geometry":{"type":"Polygon","coordinates":[[[-71.3982679,41.8292894],[-71.3982522,41.8291882],[-71.3982734,41.8291864],[-71.3982927,41.8291848],[-71.3982805,41.8290866],[-71.3982644,41.8290006],[-71.3982626,41.8289911],[-71.3982433,41.8289928],[-71.3982222,41.8289946],[-71.3982098,41.8289143],[-71.3983394,41.8289031],[-71.3984534,41.8288933],[-71.398498,41.8291456],[-71.3985152,41.8292624],[-71.3982762,41.8292885],[-71.3982679,41.8292894]]]}},{"type":"Feature","id":257865348,"properties":{"osmId":257865348,"category":"academic","addr:state":"RI","amenity":"library","building":"school","building:levels":"3","name":"Prescott Library","operator":"The Wheeler School","operator:type":"school","website":"https://www.wheelerschool.org/academics/prescott-library/","wheelchair":"yes","_wikiTried":true},"geometry":{"type":"Polygon","coordinates":[[[-71.3985726,41.8285949],[-71.3984762,41.8286046],[-71.3983868,41.8286145],[-71.3983788,41.8286365],[-71.39836,41.8286485],[-71.3983225,41.8286485],[-71.3983037,41.8286365],[-71.398301,41.8286065],[-71.3983212,41.828585],[-71.3983185,41.8285604],[-71.3983144,41.8285246],[-71.398352,41.8285206],[-71.3983825,41.828465],[-71.3984035,41.8284638],[-71.3984221,41.8284622],[-71.3985475,41.8284477],[-71.3985726,41.8285949]]]}},{"type":"Feature","id":257865349,"properties":{"osmId":257865349,"category":"academic","building":"school","building:levels":"3","name":"Angell Hall","wheelchair":"limited","_wikiTried":true},"geometry":{"type":"Polygon","coordinates":[[[-71.3979626,41.8285938],[-71.3980033,41.82859],[-71.3983185,41.8285604],[-71.3983144,41.8285246],[-71.398352,41.8285206],[-71.3983825,41.828465],[-71.3983385,41.8284246],[-71.3978718,41.8284666],[-71.3979626,41.8285938]]]}},{"type":"Feature","id":257865350,"properties":{"osmId":257865350,"category":"academic","building":"school","building:levels":"3","name":"Wheeler Hall","wheelchair":"no","_wikiTried":true},"geometry":{"type":"Polygon","coordinates":[[[-71.3987834,41.8287878],[-71.3984743,41.8288129],[-71.3984479,41.828815],[-71.3984294,41.8286882],[-71.3984891,41.8286824],[-71.3987626,41.8286597],[-71.398769,41.8286864],[-71.3987834,41.8287878]]]}},{"type":"Feature","id":298110707,"properties":{"osmId":298110707,"category":"library","addr:city":"Providence","addr:county":"Providence","addr:housenumber":"90","addr:postcode":"02906","addr:state":"RI","addr:street":"Ives Street","amenity":"library","building":"yes","fax":"+1-401-331-0542","internet_access":"wlan","internet_access:fee":"no","name":"Providence Community Library: Fox Point Library","nat_ref":"FPT","operator":"Providence Community Library","operator:type":"private_non_profit","phone":"+1 401-331-0390","website":"https://clpvd.org/clpvd_library/fox-point-library/","wikidata":"Q69525598","_wikiTried":true},"geometry":{"type":"Polygon","coordinates":[[[-71.3922714,41.8205701],[-71.3920076,41.8204769],[-71.3920635,41.8203853],[-71.3921031,41.8203974],[-71.3921255,41.8203557],[-71.3921794,41.8203739],[-71.3921987,41.8203368],[-71.3923816,41.8203974],[-71.3924088,41.8203949],[-71.392406,41.8204148],[-71.3923102,41.8205799],[-71.3922714,41.8205701]]]}},{"type":"Feature","id":309584366,"properties":{"osmId":309584366,"category":"academic","building":"school","building:levels":"4","name":"Gilder Center For The Arts","wheelchair":"yes","_wikiTried":true},"geometry":{"type":"Polygon","coordinates":[[[-71.3987626,41.8286597],[-71.398769,41.8286864],[-71.3988196,41.8286835],[-71.3988229,41.828603],[-71.3988326,41.8286025],[-71.3988479,41.8285624],[-71.3988547,41.8285192],[-71.3988588,41.8284775],[-71.3988543,41.8284358],[-71.3988519,41.8284196],[-71.3986045,41.8284429],[-71.3985894,41.8284441],[-71.398567,41.828446],[-71.3985475,41.8284477],[-71.3985726,41.8285949],[-71.3984762,41.8286046],[-71.3984865,41.828667],[-71.3984891,41.8286824],[-71.3987626,41.8286597]]]}},{"type":"Feature","id":309593989,"properties":{"osmId":309593989,"category":"academic","building":"school","building:levels":"3","name":"Nulman Lewis Student Center","wheelchair":"yes","_wikiTried":true},"geometry":{"type":"Polygon","coordinates":[[[-71.3985152,41.8292624],[-71.3985424,41.8292602],[-71.3985435,41.8292668],[-71.3986241,41.8292624],[-71.3986815,41.8292589],[-71.3987059,41.8292577],[-71.3987048,41.8292436],[-71.3986925,41.8292441],[-71.3986897,41.8292158],[-71.39868,41.8291396],[-71.3986886,41.829139],[-71.3986859,41.8291126],[-71.3986551,41.8291144],[-71.3986317,41.8291159],[-71.3986297,41.8291042],[-71.3985201,41.8291136],[-71.3985245,41.8291435],[-71.398498,41.8291456],[-71.3985152,41.8292624]]]}},{"type":"Feature","id":309593990,"properties":{"osmId":309593990,"category":"academic","building":"school","layer":"1","name":"Clark Alumni House","wheelchair":"yes","_wikiTried":true},"geometry":{"type":"Polygon","coordinates":[[[-71.39868,41.8291396],[-71.3986886,41.829139],[-71.3987242,41.8291364],[-71.3987219,41.8291134],[-71.3987905,41.8291095],[-71.3987909,41.8291182],[-71.3988109,41.8291167],[-71.3988238,41.8291158],[-71.3988461,41.8291142],[-71.3988468,41.8291198],[-71.3988507,41.8291491],[-71.398889,41.8291463],[-71.3988932,41.829178],[-71.3989039,41.8291837],[-71.3989039,41.8291955],[-71.3988697,41.8292065],[-71.3988565,41.8292073],[-71.3988609,41.8292518],[-71.3987412,41.8292584],[-71.3987396,41.8292415],[-71.3986925,41.8292441],[-71.3986897,41.8292158],[-71.39868,41.8291396]]]}},{"type":"Feature","id":309593991,"properties":{"osmId":309593991,"category":"academic","building":"school","building:levels":"3","name":"The Hamilton School at Wheeler","note":"The Wharton P. Whitaker Building at The Hamilton School at Wheeler","_wikiTried":true},"geometry":{"type":"Polygon","coordinates":[[[-71.3992983,41.8285637],[-71.3992904,41.828502],[-71.3993432,41.8284983],[-71.3993244,41.8283741],[-71.3992943,41.8283766],[-71.3992888,41.8283404],[-71.3992024,41.8283476],[-71.3991885,41.8283486],[-71.399115,41.8283536],[-71.3991182,41.8283731],[-71.3991089,41.8283741],[-71.3991104,41.8283849],[-71.3990911,41.8283862],[-71.3991094,41.8284865],[-71.3990652,41.828491],[-71.3990751,41.828508],[-71.399089,41.8285305],[-71.3990965,41.8285806],[-71.3992983,41.8285637]]]}},{"type":"Feature","id":309593992,"properties":{"osmId":309593992,"category":"academic","building":"school","name":"Campus Operations Center","_wikiTried":true},"geometry":{"type":"Polygon","coordinates":[[[-71.3975214,41.8293622],[-71.3974554,41.8292216],[-71.3973514,41.8292487],[-71.3974175,41.8293893],[-71.3975214,41.8293622]]]}},{"type":"Feature","id":309594001,"properties":{"osmId":309594001,"category":"academic","building":"school","name":"The Wharton P. Whitaker Building","_wikiTried":true},"geometry":{"type":"Polygon","coordinates":[[[-71.3990652,41.828491],[-71.3989797,41.8284996],[-71.3989661,41.8284249],[-71.3989614,41.8283993],[-71.3990802,41.8283873],[-71.3990911,41.8283862],[-71.3991094,41.8284865],[-71.3990652,41.828491]]]}},{"type":"Feature","id":309596490,"properties":{"osmId":309596490,"category":"religious","amenity":"place_of_worship","building":"yes","denomination":"ramakrishna_math","ele":"33","gnis:feature_id":"2475090","name":"Vendata Society of Providence","phone":"+1 401-421-3960","religion":"hindu","website":"https://www.vedantaprov.org/","_wikiTried":true},"geometry":{"type":"Polygon","coordinates":[[[-71.3986922,41.8281923],[-71.3986601,41.8280119],[-71.3983244,41.828045],[-71.3983564,41.8282254],[-71.3986922,41.8281923]]]}},{"type":"Feature","id":309600689,"properties":{"osmId":309600689,"category":"religious","addr:city":"Providence","addr:postcode":"02903","addr:state":"RI","addr:street":"Westminster Street","amenity":"place_of_worship","building":"yes","building:levels":"4","denomination":"anglican","name":"Grace Episcopal Church","phone":"+1 401-331-3225","religion":"christian","website":"https://www.gracechurchprovidence.org/","wheelchair":"limited","wikidata":"Q5591042","wikipedia":"en:Grace Church (Providence, Rhode Island)","_wikiTried":true},"geometry":{"type":"Polygon","coordinates":[[[-71.4138142,41.8219281],[-71.4135313,41.8217093],[-71.4135548,41.8216925],[-71.4134224,41.8215901],[-71.4134124,41.8215823],[-71.4131707,41.8217558],[-71.4132791,41.8218396],[-71.4133016,41.8218571],[-71.4133235,41.8218413],[-71.413618,41.822069],[-71.4137096,41.8220033],[-71.4137642,41.821964],[-71.4138142,41.8219281]]]}},{"type":"Feature","id":309627925,"properties":{"osmId":309627925,"category":"religious","addr:city":"Providence","addr:housenumber":"21","addr:postcode":"02906","addr:state":"RI","addr:street":"Traverse Street","amenity":"place_of_worship","building":"yes","denomination":"catholic","ele":"7","gnis:feature_id":"2475317","name":"Holy Rosary Church Hall","religion":"christian","source":"USGS Geonames","website":"https://www.rosary463.com/","_wikiTried":true},"geometry":{"type":"Polygon","coordinates":[[[-71.399921,41.8185599],[-71.3997496,41.8183599],[-71.3996563,41.8184042],[-71.3996692,41.8184192],[-71.3993906,41.8185518],[-71.3993816,41.8185415],[-71.3993293,41.8185671],[-71.3993634,41.8186058],[-71.3993985,41.8185886],[-71.3994917,41.8186974],[-71.399467,41.818709],[-71.3994969,41.8187446],[-71.3995497,41.81872],[-71.3995329,41.8187],[-71.399795,41.8185752],[-71.3998221,41.8186069],[-71.399921,41.8185599]]]}},{"type":"Feature","id":312136334,"properties":{"osmId":312136334,"category":"academic","alt_name":"Brown University","building":"school","name":"Brown University President's House","_wikiTried":true},"geometry":{"type":"Polygon","coordinates":[[[-71.4027443,41.8227387],[-71.4027445,41.8227748],[-71.4028218,41.8227746],[-71.4028213,41.8226756],[-71.4027159,41.8226759],[-71.4027156,41.822624],[-71.4026429,41.8226243],[-71.4026427,41.8225768],[-71.4024862,41.8225772],[-71.4024864,41.8226261],[-71.4024137,41.8226263],[-71.4024143,41.8227397],[-71.4025544,41.8227393],[-71.4027443,41.8227387]]]}},{"type":"Feature","id":316171290,"properties":{"osmId":316171290,"category":"residential","addr:housenumber":"302","addr:street":"Thayer Street","building":"dormitory","name":"New Pembroke 1","_wikiTried":true},"geometry":{"type":"Polygon","coordinates":[[[-71.4013202,41.8300512],[-71.4011807,41.8300605],[-71.4011904,41.8301409],[-71.4012389,41.8301376],[-71.4012443,41.8301821],[-71.4013322,41.8301762],[-71.4013292,41.8301509],[-71.4013795,41.8301475],[-71.4013699,41.830068],[-71.4013226,41.8300712],[-71.4013202,41.8300512]]]}},{"type":"Feature","id":316453514,"properties":{"osmId":316453514,"category":"religious","addr:city":"Providence","addr:housenumber":"250","addr:postcode":"02903","addr:street":"Washington Street","amenity":"place_of_worship","building":"church","denomination":"universalist","name":"The First Universalist Church in Providence","phone":"+1 401-751-1821","religion":"christian","website":"https://www.firstuniversalist.net/","wikidata":"Q5454032","wikipedia":"en:First Universalist Church (Providence, Rhode Island)","_wikiTried":true},"geometry":{"type":"Polygon","coordinates":[[[-71.4173394,41.8207584],[-71.417524,41.8208949],[-71.4174797,41.8209281],[-71.4175012,41.820944],[-71.4174012,41.8210191],[-71.4173765,41.8210008],[-71.4171978,41.821135],[-71.4170156,41.8210002],[-71.4171944,41.820866],[-71.41717,41.820848],[-71.4172728,41.8207708],[-71.417298,41.8207894],[-71.4173394,41.8207584]]]}},{"type":"Feature","id":326119732,"properties":{"osmId":326119732,"category":"library","amenity":"library","building":"yes","name":"The Providence Athenaeum","opening_hours":"Tu-Sa 10:00-18:00; Mo off; Su 11:00-17:00","website":"https://providenceathenaeum.org/#","wikidata":"Q7252389","_wikiTried":true},"geometry":{"type":"Polygon","coordinates":[[[-71.4062486,41.8259486],[-71.4064898,41.8258525],[-71.4065144,41.8258427],[-71.4064705,41.8257823],[-71.4064238,41.8257181],[-71.4063863,41.825732],[-71.4063391,41.8256647],[-71.4061848,41.8257324],[-71.4060922,41.8257703],[-71.4061217,41.8258486],[-71.4061695,41.8258384],[-71.40621,41.8258948],[-71.4061953,41.8259006],[-71.4062067,41.8259167],[-71.4062135,41.8259142],[-71.4062217,41.8259112],[-71.4062486,41.8259486]]]}},{"type":"Feature","id":344186262,"properties":{"osmId":344186262,"category":"academic","addr:city":"Providence","addr:housenumber":"75","addr:postcode":"02903","addr:state":"RI","addr:street":"Chestnut Street","building":"university","building:levels":"3","name":"Johnson & Wales University John J Bowen Center for Science and Innovation","_wikiTried":true},"geometry":{"type":"Polygon","coordinates":[[[-71.4125665,41.8192202],[-71.4127789,41.8190213],[-71.4128226,41.8190178],[-71.412903,41.8190595],[-71.4131246,41.8191745],[-71.4134072,41.8188719],[-71.4133579,41.8188464],[-71.4133955,41.8188062],[-71.4132242,41.8187173],[-71.4130357,41.818919],[-71.4128385,41.8188167],[-71.4128112,41.818846],[-71.4127455,41.8188119],[-71.4126631,41.8187691],[-71.4123274,41.8191165],[-71.4125665,41.8192202]]]}},{"type":"Feature","id":349883984,"properties":{"osmId":349883984,"category":"academic","addr:city":"Providence","addr:housenumber":"144","addr:postcode":"02906","addr:state":"RI","addr:street":"Wayland Avenue","building":"school","name":"The Croft School","website":"https://www.thecroftschool.org/locations-providence","_wikiTried":true},"geometry":{"type":"Polygon","coordinates":[[[-71.3890359,41.8279926],[-71.3886834,41.8279411],[-71.3887431,41.8277142],[-71.3890956,41.8277657],[-71.3890359,41.8279926]]]}},{"type":"Feature","id":424849429,"properties":{"osmId":424849429,"category":"residential","addr:housename":"Champlin Hall","addr:housenumber":"208","addr:postcode":"02912","addr:street":"Meeting Street","building":"dormitory","building:levels":"4","building:levels:underground":"1","layer":"1","name":"Champlin Hall","roof:levels":"0","start_date":"1960","_wikiTried":true},"geometry":{"type":"Polygon","coordinates":[[[-71.4017901,41.8300331],[-71.4017955,41.830075],[-71.4018626,41.8300703],[-71.4019069,41.8304121],[-71.4018231,41.8304181],[-71.4017378,41.8304242],[-71.4017121,41.8302367],[-71.4017113,41.8302312],[-71.4017072,41.8301966],[-71.4016935,41.8300823],[-71.4017119,41.830081],[-71.4017064,41.8300392],[-71.4017471,41.8300362],[-71.4017901,41.8300331]]]}},{"type":"Feature","id":424849430,"properties":{"osmId":424849430,"category":"residential","addr:housename":"Emery & Wooley","addr:housenumber":"202","addr:postcode":"02912","addr:street":"Meeting Street","building":"dormitory","name":"Woolley Hall","start_date":"1960","_wikiTried":true},"geometry":{"type":"Polygon","coordinates":[[[-71.4017398,41.8294506],[-71.4017692,41.8296714],[-71.4017367,41.829674],[-71.4016299,41.8296821],[-71.4015418,41.8296882],[-71.4013104,41.8297053],[-71.4012896,41.8295764],[-71.4013566,41.8295715],[-71.4016091,41.8295528],[-71.4015968,41.829461],[-71.4017398,41.8294506]]]}},{"type":"Feature","id":425352335,"properties":{"osmId":425352335,"category":"academic","addr:housenumber":"89","addr:street":"Waterman Street","building":"university","name":"Medical Research Lab","short_name":"MRL","_wikiTried":true},"geometry":{"type":"Polygon","coordinates":[[[-71.4013101,41.8268659],[-71.4013099,41.8268648],[-71.4013086,41.8268649],[-71.4013081,41.8268622],[-71.4013076,41.8268613],[-71.4013071,41.8268604],[-71.4013066,41.8268595],[-71.4013061,41.8268587],[-71.4012937,41.8267455],[-71.4012925,41.8267362],[-71.4012889,41.8267043],[-71.4012908,41.8267042],[-71.4012905,41.8267023],[-71.4012889,41.8267024],[-71.4012864,41.826679],[-71.4012863,41.826678],[-71.4012866,41.8266771],[-71.401287,41.8266762],[-71.4012873,41.8266752],[-71.4012872,41.8266725],[-71.4012885,41.8266724],[-71.4012883,41.8266706],[-71.4010605,41.8266857],[-71.4010606,41.8266866],[-71.4010667,41.8266862],[-71.4010668,41.826687],[-71.4010682,41.8266878],[-71.4010684,41.8266897],[-71.401084,41.8268154],[-71.4010822,41.8268156],[-71.4010853,41.8268386],[-71.40109,41.826875],[-71.4010898,41.8268758],[-71.4010896,41.8268769],[-71.4010893,41.8268779],[-71.4010893,41.8268797],[-71.4010881,41.8268798],[-71.4010882,41.8268808],[-71.4013101,41.8268659]]]}},{"type":"Feature","id":425352336,"properties":{"osmId":425352336,"category":"other","building":"yes","historic":"memorial","inscription":"To the men of Brown who in the World War gave their lives that freedom may endure.","layer":"1","memorial":"war_memorial","name":"Soldiers Memorial Gate","operator":"Brown University","start_date":"1921","wikimedia_commons":"File:Soldiers Memorial Gate (Brown University).jpg","_wikiTried":true},"geometry":{"type":"Polygon","coordinates":[[[-71.4005617,41.8263891],[-71.4005602,41.82639],[-71.4005594,41.8263914],[-71.4005606,41.8263931],[-71.4005623,41.8263935],[-71.400564,41.8264063],[-71.4005666,41.8264061],[-71.4005668,41.8264079],[-71.4005677,41.8264078],[-71.4005677,41.8264087],[-71.4005677,41.8264095],[-71.4005675,41.8264103],[-71.4005673,41.8264111],[-71.4005671,41.8264119],[-71.4005667,41.8264127],[-71.4005663,41.8264134],[-71.4005659,41.8264141],[-71.4005653,41.8264149],[-71.4005647,41.8264155],[-71.400564,41.8264162],[-71.4005633,41.8264168],[-71.4005625,41.8264173],[-71.4005617,41.8264179],[-71.4005608,41.8264184],[-71.4005599,41.8264188],[-71.4005589,41.8264192],[-71.4005579,41.8264195],[-71.4005569,41.8264198],[-71.4005559,41.82642],[-71.4005548,41.8264202],[-71.4005537,41.8264203],[-71.4005534,41.8264198],[-71.4005446,41.8264204],[-71.4005476,41.8264477],[-71.4005793,41.8264438],[-71.4005787,41.8264395],[-71.4005555,41.8264409],[-71.4005537,41.8264262],[-71.4005689,41.8264195],[-71.4005749,41.8264057],[-71.400583,41.8264048],[-71.4005811,41.8263896],[-71.4005751,41.826343],[-71.400567,41.8263433],[-71.4005667,41.8263419],[-71.4005662,41.8263406],[-71.4005657,41.8263393],[-71.400565,41.8263381],[-71.4005643,41.8263369],[-71.4005634,41.8263357],[-71.4005624,41.8263346],[-71.4005613,41.8263335],[-71.4005602,41.8263325],[-71.4005589,41.8263315],[-71.4005575,41.8263306],[-71.4005561,41.8263298],[-71.4005546,41.8263291],[-71.400553,41.8263284],[-71.4005514,41.8263279],[-71.4005497,41.8263274],[-71.400548,41.8263269],[-71.4005463,41.8263266],[-71.4005445,41.8263264],[-71.4005427,41.8263263],[-71.4005409,41.8263262],[-71.4005389,41.8263115],[-71.4005621,41.8263095],[-71.4005616,41.8263053],[-71.4005389,41.8263069],[-71.4005385,41.8263054],[-71.4005296,41.8263062],[-71.4005335,41.8263332],[-71.4005422,41.8263325],[-71.4005424,41.8263319],[-71.4005435,41.8263319],[-71.4005446,41.8263319],[-71.4005457,41.826332],[-71.4005468,41.8263321],[-71.4005478,41.8263323],[-71.4005489,41.8263326],[-71.4005499,41.8263329],[-71.4005509,41.8263332],[-71.4005518,41.8263336],[-71.4005527,41.8263341],[-71.4005536,41.8263346],[-71.4005544,41.8263351],[-71.4005552,41.8263357],[-71.4005559,41.8263363],[-71.4005566,41.8263369],[-71.4005572,41.8263376],[-71.4005577,41.8263383],[-71.4005582,41.8263391],[-71.4005586,41.8263398],[-71.4005589,41.8263406],[-71.4005591,41.8263414],[-71.4005593,41.8263422],[-71.4005584,41.8263423],[-71.4005587,41.826344],[-71.400556,41.8263442],[-71.4005564,41.8263472],[-71.400557,41.8263536],[-71.4005617,41.8263891]]]}},{"type":"Feature","id":488287957,"properties":{"osmId":488287957,"category":"medical","amenity":"clinic","brand":"Planned Parenthood","brand:wikidata":"Q2553262","building":"yes","healthcare":"counselling","healthcare:counselling":"antenatal;sexual","healthcare:speciality":"abortion","name":"Planned Parenthood","operator":"Planned Parenthood","operator:type":"ngo","operator:wikidata":"Q2553262","operator:wikipedia":"en:Planned Parenthood","_wikiTried":true},"geometry":{"type":"Polygon","coordinates":[[[-71.4179317,41.817619],[-71.4178324,41.8176874],[-71.4177918,41.8176547],[-71.4176916,41.8177238],[-71.4176124,41.81766],[-71.4177448,41.8175687],[-71.4175716,41.8174292],[-71.417812,41.8172635],[-71.4179367,41.817364],[-71.4179014,41.8173884],[-71.4179657,41.8174402],[-71.4179265,41.8174672],[-71.4180782,41.8175894],[-71.4179795,41.8176575],[-71.4179317,41.817619]]]}},{"type":"Feature","id":488287998,"properties":{"osmId":488287998,"category":"religious","amenity":"place_of_worship","building":"yes","ele":"21","gnis:feature_id":"1903296","name":"Church of God","religion":"christian","_wikiTried":true},"geometry":{"type":"Polygon","coordinates":[[[-71.4146204,41.8139995],[-71.4144086,41.8139892],[-71.4144174,41.8138888],[-71.4146292,41.8138991],[-71.4146204,41.8139995]]]}},{"type":"Feature","id":495328573,"properties":{"osmId":495328573,"category":"academic","addr:housenumber":"163","addr:street":"George Street","building":"university","name":"Hirschfeld House","_wikiTried":true},"geometry":{"type":"Polygon","coordinates":[[[-71.3991368,41.8253962],[-71.3991786,41.8253933],[-71.3992131,41.8253909],[-71.3992207,41.8254513],[-71.3992392,41.82545],[-71.3993022,41.8254456],[-71.3993121,41.8255247],[-71.3992296,41.8255306],[-71.3991543,41.8255357],[-71.3991368,41.8253962]]]}},{"type":"Feature","id":495328574,"properties":{"osmId":495328574,"category":"academic","addr:housenumber":"159","addr:street":"George Street","building":"university","name":"Meiklejohn House","_wikiTried":true},"geometry":{"type":"Polygon","coordinates":[[[-71.3994993,41.8255168],[-71.3994225,41.8255224],[-71.3993499,41.8255276],[-71.3993362,41.825422],[-71.3994857,41.8254113],[-71.3994993,41.8255168]]]}},{"type":"Feature","id":547976628,"properties":{"osmId":547976628,"category":"academic","addr:city":"Providence","addr:country":"US","addr:housenumber":"170","addr:postcode":"02912","addr:state":"RI","addr:street":"George Street","building":"university","name":"Applied Math Building","_wikiTried":true},"geometry":{"type":"Polygon","coordinates":[[[-71.3977141,41.8261373],[-71.3977121,41.8261237],[-71.3977074,41.826091],[-71.3977055,41.826078],[-71.3976944,41.8260015],[-71.3976834,41.825926],[-71.3976798,41.8259014],[-71.3974882,41.8259168],[-71.3974884,41.8261567],[-71.3977141,41.8261373]]]}},{"type":"Feature","id":562622514,"properties":{"osmId":562622514,"category":"academic","addr:city":"Providence","addr:country":"US","addr:housename":"Barus & Holley","addr:housenumber":"184","addr:postcode":"02912","addr:state":"RI","addr:street":"Hope Street","building":"university","name":"Barus & Holley","_wikiTried":true},"geometry":{"type":"Polygon","coordinates":[[[-71.3983229,41.8267042],[-71.3982822,41.826477],[-71.3981695,41.8264882],[-71.3981634,41.8264569],[-71.3981227,41.8262828],[-71.3980781,41.8262872],[-71.3980664,41.8262224],[-71.3980218,41.826227],[-71.3979812,41.826231],[-71.3978958,41.8262387],[-71.3978843,41.8261735],[-71.3974962,41.8262124],[-71.3975079,41.8262757],[-71.3974848,41.8262793],[-71.3974617,41.826283],[-71.3974721,41.8263404],[-71.3974214,41.8263455],[-71.3974538,41.8265257],[-71.3974938,41.8265217],[-71.3975122,41.8265809],[-71.3975389,41.8265783],[-71.3975634,41.826576],[-71.3976208,41.8269145],[-71.3980102,41.8268778],[-71.3979971,41.8267994],[-71.398039,41.8267955],[-71.3980279,41.8267336],[-71.3983229,41.8267042]]]}},{"type":"Feature","id":643483737,"properties":{"osmId":643483737,"category":"religious","amenity":"place_of_worship","building":"yes","denomination":"baptist","ele":"37","gnis:feature_id":"1903339","name":"Congdon Street Baptist Church","religion":"christian","wikidata":"Q5160395","_wikiTried":true},"geometry":{"type":"Polygon","coordinates":[[[-71.4066716,41.8283067],[-71.4064898,41.8283158],[-71.4064749,41.828152],[-71.4066567,41.8281428],[-71.4066716,41.8283067]]]}},{"type":"Feature","id":644279340,"properties":{"osmId":644279340,"category":"religious","amenity":"place_of_worship","building":"church","ele":"9","gnis:feature_id":"1903255","name":"Cathedral of Saint John the Episcopal","old_name":"Kings Church","religion":"christian","wikidata":"Q5052392","wikipedia":"en:Cathedral of St. John (Providence, Rhode Island)","_wikiTried":true},"geometry":{"type":"Polygon","coordinates":[[[-71.4101881,41.8309668],[-71.4098885,41.8310067],[-71.4098777,41.8309615],[-71.4097635,41.8309767],[-71.4097865,41.8310726],[-71.4097596,41.8310762],[-71.4096766,41.8310872],[-71.4097,41.8311847],[-71.409792,41.8311725],[-71.4098136,41.8312623],[-71.4099656,41.831242],[-71.4099554,41.8311994],[-71.4101336,41.8311756],[-71.410156,41.831173],[-71.4102346,41.8311624],[-71.4102189,41.831098],[-71.4102606,41.8310924],[-71.4102423,41.8310161],[-71.4102012,41.8310215],[-71.4101881,41.8309668]]]}},{"type":"Feature","id":660704085,"properties":{"osmId":660704085,"category":"academic","addr:housenumber":"84-86","building":"university","source":"Mapbox"},"geometry":{"type":"Polygon","coordinates":[[[-71.403163,41.8299413],[-71.4030506,41.8299472],[-71.4030372,41.8298053],[-71.4031495,41.8297994],[-71.403163,41.8299413]]]}},{"type":"Feature","id":660704097,"properties":{"osmId":660704097,"category":"academic","addr:city":"Providence","addr:housenumber":"280","addr:street":"Brook Street","building":"university","building:levels":"3","name":"Stephen Robert Hall","_wikiTried":true},"geometry":{"type":"Polygon","coordinates":[[[-71.3993737,41.8244462],[-71.3989996,41.8244747],[-71.3989784,41.8243182],[-71.3989881,41.8243178],[-71.3989861,41.8242984],[-71.3989832,41.8242704],[-71.3990067,41.8242691],[-71.3990058,41.8242618],[-71.3991639,41.8242506],[-71.3991515,41.8242244],[-71.3989602,41.8242389],[-71.3989436,41.8241175],[-71.3990421,41.824108],[-71.3991629,41.8241009],[-71.3991646,41.8241135],[-71.399178,41.8242111],[-71.3991825,41.8242139],[-71.399307,41.8242915],[-71.3993256,41.8243506],[-71.3993485,41.824347],[-71.399368,41.8243439],[-71.3993799,41.8243826],[-71.3993814,41.8243955],[-71.3993737,41.8244462]]]}},{"type":"Feature","id":764673880,"properties":{"osmId":764673880,"category":"academic","building":"school"},"geometry":{"type":"Polygon","coordinates":[[[-71.4132506,41.8195195],[-71.4131242,41.8194671],[-71.4131991,41.8193624],[-71.4133279,41.8194148],[-71.4132506,41.8195195]]]}},{"type":"Feature","id":766362860,"properties":{"osmId":766362860,"category":"residential","addr:city":"Providence","addr:housenumber":"17","addr:postcode":"02912","addr:state":"RI","addr:street":"Benevolent Street","building":"dormitory","building:levels":"4","building:levels:underground":"1","building:material":"brick","ele":"32","name":"Archibald-Bronson House","roof:shape":"gabled","smoking":"no","_wikiTried":true},"geometry":{"type":"Polygon","coordinates":[[[-71.4029613,41.8245038],[-71.4028076,41.8245054],[-71.4027956,41.823853],[-71.4029444,41.8238515],[-71.4029452,41.8238946],[-71.4032898,41.8238912],[-71.403292,41.8240007],[-71.4032576,41.824001],[-71.4029719,41.8240039],[-71.4029456,41.8240042],[-71.4029487,41.8241755],[-71.4029518,41.8243441],[-71.4029596,41.824345],[-71.4029603,41.8244],[-71.402961,41.8244566],[-71.4029613,41.8245038]]]}},{"type":"Feature","id":766362862,"properties":{"osmId":766362862,"category":"residential","addr:city":"Providence","addr:housenumber":"13","addr:postcode":"02912","addr:state":"RI","addr:street":"Benevolent Street","building":"dormitory","building:levels":"5","building:material":"brick","name":"Everett-Poland Building","roof:shape":"gabled","smoking":"no","_wikiTried":true},"geometry":{"type":"Polygon","coordinates":[[[-71.4032889,41.8238462],[-71.4032898,41.8238912],[-71.403292,41.8240007],[-71.4032953,41.8241696],[-71.4032988,41.8243409],[-71.4032654,41.8243413],[-71.4030235,41.8243445],[-71.402981,41.8243448],[-71.4029596,41.824345],[-71.4029603,41.8244],[-71.402961,41.8244566],[-71.4029822,41.8244564],[-71.4030249,41.8244561],[-71.4032717,41.824453],[-71.4033,41.8244526],[-71.4033009,41.8244982],[-71.4034545,41.8244965],[-71.4034524,41.8244533],[-71.4034675,41.824453],[-71.4037773,41.8244487],[-71.40379,41.8244485],[-71.4037889,41.8243901],[-71.4037879,41.8243369],[-71.4037644,41.8243372],[-71.4034777,41.8243411],[-71.4034482,41.8243417],[-71.4034455,41.8241754],[-71.4034426,41.823999],[-71.4034406,41.8238868],[-71.4034368,41.8238446],[-71.4032889,41.8238462]]]}},{"type":"Feature","id":766362867,"properties":{"osmId":766362867,"category":"residential","addr:city":"Providence","addr:housenumber":"11","addr:postcode":"02912","addr:state":"RI","addr:street":"Benevolent Street","building":"dormitory","building:levels":"4","building:levels:underground":"1","building:material":"brick","name":"Jameson-Mead Building","roof:shape":"gabled","smoking":"no","_wikiTried":true},"geometry":{"type":"Polygon","coordinates":[[[-71.40379,41.8244485],[-71.4037907,41.8244914],[-71.4039442,41.8244898],[-71.4039324,41.823836],[-71.403778,41.8238376],[-71.4037788,41.8238835],[-71.4034406,41.8238868],[-71.4034426,41.823999],[-71.403473,41.8239987],[-71.4037592,41.8239959],[-71.4037818,41.8239956],[-71.4037849,41.8241671],[-71.4037879,41.8243369],[-71.4037889,41.8243901],[-71.40379,41.8244485]]]}},{"type":"Feature","id":771211083,"properties":{"osmId":771211083,"category":"religious","amenity":"place_of_worship","building":"yes","check_date":"2023-12-28","name":"Temple Beth-El","religion":"jewish","_wikiTried":true},"geometry":{"type":"Polygon","coordinates":[[[-71.3844247,41.8325902],[-71.3843082,41.8322557],[-71.3843116,41.8322426],[-71.3843234,41.8322367],[-71.3849398,41.8321157],[-71.3849577,41.8321672],[-71.3851484,41.83213],[-71.3851232,41.8320575],[-71.385299,41.8320233],[-71.3854172,41.8323629],[-71.3852411,41.8323972],[-71.3852257,41.832353],[-71.3848347,41.8324291],[-71.3848813,41.8325628],[-71.3848427,41.8325703],[-71.3848289,41.8325306],[-71.38446,41.8326024],[-71.384442,41.8326012],[-71.3844247,41.8325902]]]}},{"type":"Feature","id":771211568,"properties":{"osmId":771211568,"category":"religious","amenity":"place_of_worship","building":"yes","name":"St. Martin's Church","religion":"christian","wikidata":"Q7401785","_wikiTried":true},"geometry":{"type":"Polygon","coordinates":[[[-71.3857287,41.8324474],[-71.3857019,41.8323698],[-71.3856789,41.8323742],[-71.3856361,41.8322499],[-71.3857254,41.8322326],[-71.3857105,41.8321892],[-71.385628,41.8322051],[-71.3856255,41.8321978],[-71.3855955,41.8322035],[-71.3855334,41.8320236],[-71.3856449,41.8320021],[-71.3856505,41.8320184],[-71.3859025,41.8319698],[-71.3858861,41.8319221],[-71.3859397,41.8319118],[-71.3859545,41.8319549],[-71.38596,41.8319538],[-71.3860364,41.8321755],[-71.3860478,41.8321733],[-71.3860911,41.8322989],[-71.3860019,41.8323161],[-71.3859722,41.83223],[-71.3859318,41.8322378],[-71.385934,41.8322441],[-71.3859214,41.8322466],[-71.3859585,41.8323544],[-71.3859648,41.8323532],[-71.3859809,41.8324002],[-71.3859474,41.8324066],[-71.3859488,41.8324108],[-71.3858599,41.8324279],[-71.3858537,41.8324332],[-71.3858264,41.8324385],[-71.385818,41.8324302],[-71.3857287,41.8324474]]]}},{"type":"Feature","id":771419892,"properties":{"osmId":771419892,"category":"religious","amenity":"place_of_worship","building":"yes","denomination":"roman_catholic","name":"St. Joseph's","religion":"christian","wikidata":"Q7589215","_wikiTried":true},"geometry":{"type":"Polygon","coordinates":[[[-71.3964822,41.821506],[-71.3964748,41.8214355],[-71.3964221,41.8214386],[-71.3964179,41.8213987],[-71.3964653,41.8213959],[-71.3964576,41.8213227],[-71.3968467,41.8212998],[-71.396847,41.8213033],[-71.3969879,41.821295],[-71.3970046,41.8214537],[-71.396957,41.8214565],[-71.3969589,41.8214746],[-71.3969304,41.8214762],[-71.3969329,41.8214993],[-71.3968594,41.8215036],[-71.3968573,41.8214839],[-71.3964822,41.821506]]]}},{"type":"Feature","id":771419993,"properties":{"osmId":771419993,"category":"religious","amenity":"place_of_worship","building":"yes","denomination":"baptist","name":"First Baptist Church in America","religion":"christian","wikidata":"Q5452450","_wikiTried":true},"geometry":{"type":"Polygon","coordinates":[[[-71.4081459,41.8275926],[-71.4081353,41.8275456],[-71.4080997,41.8275501],[-71.4080687,41.8274135],[-71.4081033,41.8274091],[-71.4080925,41.8273616],[-71.4084006,41.8273228],[-71.408416,41.8273907],[-71.4084782,41.8273829],[-71.4084996,41.8274773],[-71.4084355,41.8274853],[-71.4084511,41.8275541],[-71.4081459,41.8275926]]]}},{"type":"Feature","id":771420044,"properties":{"osmId":771420044,"category":"religious","amenity":"place_of_worship","building":"yes","denomination":"christ_scientist","ele":"48","gnis:feature_id":"1903475","name":"First Church of Christ, Scientist","religion":"christian","_wikiTried":true},"geometry":{"type":"Polygon","coordinates":[[[-71.4046455,41.8292759],[-71.4046447,41.8292664],[-71.4046028,41.8292685],[-71.4045996,41.8292336],[-71.4045809,41.8292345],[-71.4045652,41.8290612],[-71.4045788,41.8290605],[-71.4045755,41.8290244],[-71.4046236,41.829022],[-71.4046229,41.8290139],[-71.4048514,41.8290024],[-71.4048522,41.8290111],[-71.4049033,41.8290086],[-71.4049065,41.8290442],[-71.4049341,41.8290428],[-71.4049496,41.8292144],[-71.404922,41.8292158],[-71.4049253,41.8292527],[-71.4048742,41.8292553],[-71.404875,41.8292644],[-71.4046455,41.8292759]]]}},{"type":"Feature","id":771420264,"properties":{"osmId":771420264,"category":"religious","amenity":"place_of_worship","building":"yes","denomination":"presbyterian","ele":"59","gnis:feature_id":"1904033","name":"Providence Presbyterian Church","religion":"christian","_wikiTried":true},"geometry":{"type":"Polygon","coordinates":[[[-71.3997036,41.8402508],[-71.399705,41.840209],[-71.3996982,41.8402088],[-71.3996986,41.8401988],[-71.3996687,41.8401879],[-71.3996598,41.8401779],[-71.399654,41.8401604],[-71.3996555,41.8401484],[-71.3996657,41.8401321],[-71.3996836,41.8401202],[-71.3997015,41.8401161],[-71.3997019,41.8401069],[-71.3997065,41.840107],[-71.3997078,41.8400697],[-71.3998168,41.8400719],[-71.3998165,41.840082],[-71.3999506,41.8400846],[-71.3999495,41.8401161],[-71.400034,41.8401178],[-71.4000303,41.8402214],[-71.3999431,41.8402197],[-71.3999422,41.8402453],[-71.39977,41.8402419],[-71.3997696,41.8402521],[-71.3997036,41.8402508]]]}},{"type":"Feature","id":771420407,"properties":{"osmId":771420407,"category":"religious","amenity":"place_of_worship","building":"yes","denomination":"baptist","ele":"42","gnis:feature_id":"1903941","name":"Olney Street Baptist Church","religion":"christian","_wikiTried":true},"geometry":{"type":"Polygon","coordinates":[[[-71.4049361,41.8359869],[-71.4049352,41.8359567],[-71.4048571,41.8359581],[-71.4048546,41.8358755],[-71.4049331,41.8358742],[-71.4049321,41.8358415],[-71.4051988,41.835837],[-71.4052033,41.8359842],[-71.4049361,41.8359869]]]}},{"type":"Feature","id":771420613,"properties":{"osmId":771420613,"category":"other","building":"yes","man_made":"observatory","name":"Ladd Observatory","operator":"Brown University","wikidata":"Q6469295","wikipedia":"en:Ladd Observatory","_wikiTried":true},"geometry":{"type":"Polygon","coordinates":[[[-71.3990136,41.8391437],[-71.3989795,41.8391431],[-71.3989811,41.8390949],[-71.3990675,41.8390964],[-71.3990677,41.839091],[-71.3991045,41.8390916],[-71.3991056,41.8390576],[-71.399214,41.8390596],[-71.3992133,41.8390808],[-71.3992366,41.8390812],[-71.3992761,41.8391026],[-71.399275,41.8391387],[-71.3992434,41.8391608],[-71.3992134,41.8391603],[-71.3992126,41.8391848],[-71.3991045,41.8391829],[-71.3991035,41.8392127],[-71.3990114,41.8392111],[-71.3990128,41.8391684],[-71.3990136,41.8391437]]]}},{"type":"Feature","id":771420724,"properties":{"osmId":771420724,"category":"academic","building":"university","name":"Carr House","_wikiTried":true},"geometry":{"type":"Polygon","coordinates":[[[-71.4075722,41.8271611],[-71.4075497,41.8271586],[-71.4075349,41.8271485],[-71.4074588,41.8270052],[-71.4076613,41.82695],[-71.4076817,41.8269945],[-71.4076872,41.8269927],[-71.4076928,41.8270044],[-71.4076871,41.8270064],[-71.4077133,41.8270635],[-71.4077253,41.8270653],[-71.4077305,41.8270704],[-71.4077306,41.8270798],[-71.4077234,41.8270855],[-71.4077375,41.8271165],[-71.4076582,41.8271392],[-71.4076547,41.8271365],[-71.4076515,41.8271469],[-71.4076183,41.827155],[-71.4076089,41.8271511],[-71.4075722,41.8271611]]]}},{"type":"Feature","id":771444661,"properties":{"osmId":771444661,"category":"athletic","building":"yes"},"geometry":{"type":"Polygon","coordinates":[[[-71.3938711,41.829224],[-71.39389,41.8292025],[-71.3939697,41.8292414],[-71.3939508,41.8292629],[-71.3938711,41.829224]]]}},{"type":"Feature","id":786440778,"properties":{"osmId":786440778,"category":"academic","addr:housenumber":"79","addr:street":"Brown Street","building":"university","name":"Sharpe House","_wikiTried":true},"geometry":{"type":"Polygon","coordinates":[[[-71.4031155,41.8283237],[-71.4031026,41.82825],[-71.4030987,41.8282274],[-71.4030898,41.8281765],[-71.4029832,41.8281865],[-71.4028898,41.828196],[-71.4028604,41.8281987],[-71.4028616,41.8282055],[-71.4027998,41.8282115],[-71.402816,41.8283042],[-71.4028799,41.828298],[-71.4028883,41.8283463],[-71.4029745,41.828338],[-71.402989,41.8283494],[-71.4030174,41.8283463],[-71.4030225,41.8283327],[-71.4031155,41.8283237]]]}},{"type":"Feature","id":846696407,"properties":{"osmId":846696407,"category":"residential","addr:city":"Providence","addr:housenumber":"60","addr:postcode":"02912","addr:state":"RI","addr:street":"Waterman Street","building":"dormitory","name":"North Hall","_wikiTried":true},"geometry":{"type":"Polygon","coordinates":[[[-71.4053694,41.82735],[-71.4053467,41.8271841],[-71.4053443,41.8271664],[-71.4053419,41.8271488],[-71.4053158,41.8269585],[-71.4051291,41.8269727],[-71.4051453,41.8270908],[-71.4051827,41.8273642],[-71.4053506,41.8273514],[-71.4053629,41.8273505],[-71.4053694,41.82735]]]}},{"type":"Feature","id":926801753,"properties":{"osmId":926801753,"category":"religious","amenity":"place_of_worship","building":"church","denomination":"congregational","name":"Beneficent Congregational Church","religion":"christian","wikidata":"Q4887416","_wikiTried":true},"geometry":{"type":"Polygon","coordinates":[[[-71.4136033,41.8203799],[-71.413404,41.8201637],[-71.4134613,41.8201341],[-71.413428,41.8200981],[-71.4133871,41.8200538],[-71.4133596,41.8200404],[-71.4133449,41.8200587],[-71.413279,41.8200285],[-71.4132881,41.8200116],[-71.4132517,41.8199932],[-71.4134249,41.8197727],[-71.4134182,41.8197694],[-71.4134224,41.8197644],[-71.4134321,41.8197687],[-71.4134532,41.8197392],[-71.4135955,41.8198012],[-71.4135708,41.81983],[-71.4135788,41.8198336],[-71.4135757,41.8198384],[-71.413571,41.8198363],[-71.4135518,41.8198605],[-71.4135717,41.8198699],[-71.4135534,41.8198916],[-71.4135341,41.8198825],[-71.4134424,41.8199977],[-71.413447,41.8200027],[-71.4135136,41.8199883],[-71.4135168,41.8199917],[-71.4135666,41.8199668],[-71.4136385,41.8200412],[-71.413645,41.8200379],[-71.4138453,41.8202553],[-71.4137973,41.82028],[-71.4138161,41.8203003],[-71.4136729,41.8203741],[-71.4136541,41.8203537],[-71.4136033,41.8203799]]]}},{"type":"Feature","id":972291208,"properties":{"osmId":972291208,"category":"religious","amenity":"place_of_worship","building":"yes","building:levels":"4","denomination":"methodist","name":"Mathewson Street United Methodist Church","religion":"christian","_wikiTried":true},"geometry":{"type":"Polygon","coordinates":[[[-71.4139069,41.8229444],[-71.4137552,41.8228295],[-71.4140721,41.8225974],[-71.4142237,41.8227123],[-71.4140598,41.8228324],[-71.4139069,41.8229444]]]}},{"type":"Feature","id":975091547,"properties":{"osmId":975091547,"category":"academic","building":"school"},"geometry":{"type":"Polygon","coordinates":[[[-71.4005662,41.8329715],[-71.4006643,41.8329308],[-71.4006225,41.8328748],[-71.4005656,41.8327109],[-71.4005001,41.8327235],[-71.4004764,41.8326551],[-71.4004359,41.8326629],[-71.4003657,41.832579],[-71.4002545,41.8326307],[-71.4002645,41.8326426],[-71.3998517,41.8328345],[-71.3998963,41.8328877],[-71.3998856,41.8328927],[-71.3999063,41.8329176],[-71.3999402,41.832963],[-71.399968,41.8329515],[-71.4000535,41.8330661],[-71.4001265,41.8330359],[-71.4001007,41.8330013],[-71.4004485,41.8328573],[-71.4004894,41.8329121],[-71.4005142,41.8329018],[-71.4005662,41.8329715]]]}},{"type":"Feature","id":975091552,"properties":{"osmId":975091552,"category":"academic","building":"school"},"geometry":{"type":"Polygon","coordinates":[[[-71.3984301,41.834134],[-71.3985098,41.8341275],[-71.3985477,41.8343058],[-71.3987949,41.8342835],[-71.3988587,41.8342954],[-71.3988886,41.8342092],[-71.3988886,41.8340919],[-71.3988587,41.8340013],[-71.3989285,41.8339819],[-71.3988866,41.8338646],[-71.3988029,41.8338765],[-71.3984998,41.8339166],[-71.3985098,41.833976],[-71.3985404,41.8339725],[-71.3985497,41.8340562],[-71.39842,41.8340687],[-71.3984301,41.834134]]]}},{"type":"Feature","id":975103503,"properties":{"osmId":975103503,"category":"religious","addr:housenumber":"72","addr:postcode":"02903","addr:street":"Clifford Street","amenity":"place_of_worship","building":"yes","denomination":"presbyterian","name":"Trinity Presbyterian Church","religion":"christian","website":"https://trinitypresri.org/","_wikiTried":true},"geometry":{"type":"Polygon","coordinates":[[[-71.409702,41.8205632],[-71.4098481,41.8204093],[-71.4095527,41.8202617],[-71.4094694,41.8203487],[-71.4096484,41.8204427],[-71.4095901,41.8205044],[-71.409702,41.8205632]]]}},{"type":"Feature","id":1032446274,"properties":{"osmId":1032446274,"category":"academic","building":"university","name":"Memorial Hall","_wikiTried":true},"geometry":{"type":"Polygon","coordinates":[[[-71.4075755,41.8263465],[-71.4075806,41.826356],[-71.4071997,41.8264665],[-71.4071809,41.8264303],[-71.407187,41.8264285],[-71.4071369,41.8263319],[-71.4071283,41.8263345],[-71.4071082,41.8262958],[-71.4072961,41.8262413],[-71.4072881,41.8262263],[-71.407329,41.8262141],[-71.4073346,41.8262243],[-71.4073931,41.8262074],[-71.4073956,41.8262125],[-71.40749,41.826185],[-71.4075755,41.8263465]]]}},{"type":"Feature","id":1032446275,"properties":{"osmId":1032446275,"category":"academic","building":"university","building:levels":"3","name":"Chace Center","_wikiTried":true},"geometry":{"type":"Polygon","coordinates":[[[-71.4079994,41.8260281],[-71.4081169,41.8261645],[-71.4081061,41.8261683],[-71.4079665,41.8262181],[-71.4079723,41.8262295],[-71.4077036,41.8263096],[-71.4076643,41.8263207],[-71.4076333,41.8263297],[-71.4075871,41.8263431],[-71.4075755,41.8263465],[-71.40749,41.826185],[-71.4075757,41.8261597],[-71.4076142,41.8261484],[-71.4079994,41.8260281]]]}},{"type":"Feature","id":1032446276,"properties":{"osmId":1032446276,"category":"academic","building":"university","name":"Bank Building","old_name":"Peoples Savings Bank","_wikiTried":true},"geometry":{"type":"Polygon","coordinates":[[[-71.407576,41.8260448],[-71.4075659,41.8260264],[-71.4077121,41.8259871],[-71.4079157,41.8259317],[-71.4079994,41.8260281],[-71.4076142,41.8261484],[-71.4075893,41.8260806],[-71.4075811,41.826083],[-71.4075715,41.8260631],[-71.4075818,41.8260605],[-71.407576,41.8260448]]]}},{"type":"Feature","id":1032446520,"properties":{"osmId":1032446520,"category":"academic","building":"university"},"geometry":{"type":"Polygon","coordinates":[[[-71.4090677,41.8262437],[-71.4087972,41.8263409],[-71.4087301,41.8262339],[-71.4089846,41.8261372],[-71.4090677,41.8262437]]]}},{"type":"Feature","id":1032446521,"properties":{"osmId":1032446521,"category":"academic","building":"university","historic":"building","name":"Cheapside Building","wikipedia":"en:Hope Block and Cheapside","_wikiTried":true},"geometry":{"type":"Polygon","coordinates":[[[-71.4085377,41.8264324],[-71.4087972,41.8263409],[-71.4088599,41.8264538],[-71.4085998,41.8265342],[-71.4085377,41.8264324]]]}},{"type":"Feature","id":1032446522,"properties":{"osmId":1032446522,"category":"academic","building":"university","historic":"building","name":"Hope Block","wikipedia":"en:Hope Block and Cheapside","_wikiTried":true},"geometry":{"type":"Polygon","coordinates":[[[-71.4085377,41.8264324],[-71.4084755,41.8263306],[-71.4087301,41.8262339],[-71.4087972,41.8263409],[-71.4085377,41.8264324]]]}},{"type":"Feature","id":1032651549,"properties":{"osmId":1032651549,"category":"academic","addr:city":"Providence","addr:housenumber":"57","addr:postcode":"02912","addr:state":"RI","addr:street":"Waterman Street","building":"university","building:levels":"3","name":"Blistein House","roof:shape":"mansard","start_date":"1867","_wikiTried":true},"geometry":{"type":"Polygon","coordinates":[[[-71.4052123,41.8267961],[-71.4052006,41.8267039],[-71.4052247,41.8267022],[-71.4052208,41.8266619],[-71.4050923,41.8266693],[-71.4051104,41.8267925],[-71.4051759,41.8267856],[-71.4051775,41.8267986],[-71.4052123,41.8267961]]]}},{"type":"Feature","id":1073422994,"properties":{"osmId":1073422994,"category":"other","addr:city":"Providence","addr:housenumber":"130","addr:postcode":"02906","addr:state":"RI","addr:street":"Angell Street","amenity":"theatre","architect":"REX","building":"yes","name":"Lindemann Performing Arts Center","operator":"Brown University","website":"https://arts.brown.edu/spaces/lindemann","wikidata":"Q117012180","wikimedia_commons":"Category:Lindemann_Performing_Arts_Center","wikipedia":"en:Lindemann Performing Arts Center","_wikiTried":true},"geometry":{"type":"Polygon","coordinates":[[[-71.4026664,41.8282798],[-71.4019558,41.8283542],[-71.4019068,41.8280948],[-71.4026175,41.8280203],[-71.4026664,41.8282798]]]}},{"type":"Feature","id":1073442221,"properties":{"osmId":1073442221,"category":"academic","addr:housenumber":"70","addr:street":"Brown Street","building":"university","name":"70 Brown Street","_wikiTried":true},"geometry":{"type":"Polygon","coordinates":[[[-71.4036587,41.8276092],[-71.4035166,41.8276211],[-71.4035147,41.8276084],[-71.4034986,41.8276098],[-71.4035004,41.827622],[-71.4034658,41.8276249],[-71.4034691,41.827647],[-71.4035021,41.8276442],[-71.4035123,41.8277117],[-71.4035048,41.8277123],[-71.4035123,41.8277621],[-71.4034326,41.8277687],[-71.4034335,41.8277745],[-71.4033264,41.8277835],[-71.4033009,41.827615],[-71.4032073,41.8276228],[-71.4031886,41.8274995],[-71.403289,41.8274911],[-71.4032953,41.8275329],[-71.4033124,41.8275315],[-71.4033062,41.8274904],[-71.4034776,41.8274761],[-71.4034842,41.8275199],[-71.4035002,41.8275186],[-71.4034931,41.8274714],[-71.4036361,41.8274595],[-71.4036587,41.8276092]]]}},{"type":"Feature","id":1152788563,"properties":{"osmId":1152788563,"category":"residential","addr:city":"Providence","addr:housenumber":"259","addr:state":"RI","addr:street":"Brook Street","architect":"Deborah Berke Partners","building":"dormitory","building:colour":"#442c33","building:levels":"5","building:material":"brick","height":"18.847","name":"William and Ami Danoff Hall","operator":"Brown University","short_name":"Danoff Hall","smoking":"no","source:date":"https://www.brown.edu/news/2023-08-29/brook-street","start_date":"2023-08-29","wheelchair":"yes","_wikiTried":true},"geometry":{"type":"Polygon","coordinates":[[[-71.3986987,41.8239685],[-71.3986799,41.8238118],[-71.3986788,41.8238026],[-71.3986845,41.8238036],[-71.3986841,41.8238005],[-71.3986827,41.8237896],[-71.3986637,41.8236436],[-71.3986691,41.8236432],[-71.398642,41.823428],[-71.3986298,41.823344],[-71.398481,41.823356],[-71.398483,41.8233696],[-71.3984305,41.8233739],[-71.3984414,41.823449],[-71.3984578,41.8234476],[-71.3984593,41.8234585],[-71.3984607,41.8234685],[-71.3984765,41.8235806],[-71.3984683,41.8235826],[-71.3984947,41.8237837],[-71.3984988,41.823821],[-71.3984869,41.8238218],[-71.3984735,41.8238223],[-71.3984224,41.8238243],[-71.3984416,41.8239764],[-71.3984476,41.8239754],[-71.3984802,41.8239738],[-71.3985216,41.8239707],[-71.398521,41.8239658],[-71.3985236,41.8239656],[-71.3985254,41.82398],[-71.3986987,41.8239685]]]}},{"type":"Feature","id":1155872837,"properties":{"osmId":1155872837,"category":"residential","addr:city":"Providence","addr:housenumber":"250","addr:postcode":"02912","addr:state":"RI","addr:street":"Brook Street","building":"dormitory","name":"Chen Family Hall","source:date":"https://www.brown.edu/news/2023-08-29/brook-street","start_date":"2023-08-29","_wikiTried":true},"geometry":{"type":"Polygon","coordinates":[[[-71.3989017,41.8233422],[-71.3989085,41.8233951],[-71.3989418,41.8236536],[-71.3989445,41.8236746],[-71.3989456,41.823683],[-71.3989169,41.8236851],[-71.3989478,41.823923],[-71.3990423,41.8239162],[-71.3990463,41.8239469],[-71.3991884,41.8239366],[-71.3991876,41.8239307],[-71.3991826,41.8238926],[-71.3992285,41.8238892],[-71.3992148,41.8237841],[-71.3991121,41.8237916],[-71.3990968,41.8236747],[-71.3990959,41.8236677],[-71.3991028,41.8236672],[-71.3991227,41.8236657],[-71.3991217,41.8236576],[-71.3991084,41.8235564],[-71.3991192,41.8235577],[-71.3991078,41.8234687],[-71.3991071,41.8234632],[-71.3991064,41.8234575],[-71.3991821,41.8234521],[-71.3991678,41.8233398],[-71.3990928,41.8233451],[-71.3990824,41.8233459],[-71.3990803,41.8233295],[-71.3990302,41.823333],[-71.3990165,41.823334],[-71.3989017,41.8233422]]]}},{"type":"Feature","id":1415466629,"properties":{"osmId":1415466629,"category":"athletic","building":"yes"},"geometry":{"type":"Polygon","coordinates":[[[-71.3946448,41.831069],[-71.3946603,41.8310003],[-71.394622,41.8309942],[-71.3946026,41.8310623],[-71.3946448,41.831069]]]}},{"type":"Feature","id":1434047924,"properties":{"osmId":1434047924,"category":"academic","addr:city":"Providence","addr:housenumber":"73","addr:state":"ri","addr:street":"Meeting Street","building":"university","name":"BioMed Center ACF","_wikiTried":true},"geometry":{"type":"Polygon","coordinates":[[[-71.4026009,41.8286367],[-71.4026338,41.828633],[-71.4026532,41.8286315],[-71.4026253,41.8284445],[-71.4021503,41.8284894],[-71.4021517,41.8284966],[-71.4021885,41.8286888],[-71.4026038,41.8286516],[-71.4026009,41.8286367]]]}}]}