{"type":"FeatureCollection","features":[{"type":"Feature","id":48056845,"properties":{"osmId":48056845,"category":"religious","addr:city":"Washington","addr:housenumber":"1313","addr:postcode":"20005","addr:state":"DC","addr:street":"New York Avenue Northwest","amenity":"place_of_worship","building":"yes","building:levels":"5","check_date":"2023-10-29","dcgis:captureyear":"19990331","dcgis:dataset":"buildings","dcgis:featurecode":"2000","denomination":"presbyterian_church_usa","mappingdc:gid":"12735","name":"New York Avenue Presbyterian Church","religion":"christian","source":"dcgis","toilets:wheelchair":"yes","wheelchair":"limited","wikidata":"Q7013061"},"geometry":{"type":"Polygon","coordinates":[[[-77.0313661,38.8997953],[-77.0314282,38.8999015],[-77.0314274,38.900089],[-77.0310463,38.9000886],[-77.0310436,38.9000891],[-77.0310384,38.9000896],[-77.0310332,38.9000893],[-77.0310283,38.9000884],[-77.0310236,38.9000867],[-77.0310193,38.9000844],[-77.0310156,38.9000816],[-77.0310126,38.9000783],[-77.0310104,38.9000746],[-77.031009,38.9000707],[-77.0309329,38.9000835],[-77.0309267,38.9000628],[-77.0308792,38.9000736],[-77.0308539,38.8999838],[-77.0309034,38.8999736],[-77.0308995,38.8999602],[-77.0309403,38.8999524],[-77.0309745,38.8999458],[-77.0309746,38.8999434],[-77.0309755,38.8999398],[-77.0309774,38.8999362],[-77.0309799,38.899933],[-77.0309833,38.8999302],[-77.0309872,38.8999279],[-77.0309916,38.8999261],[-77.0309963,38.899925],[-77.0310133,38.899919],[-77.0313661,38.8997953]]]}},{"type":"Feature","id":48056882,"properties":{"osmId":48056882,"category":"academic","addr:housenumber":"1510","addr:postcode":"20005-1009","addr:street":"H Street Northwest","building":"university","building:levels":"9","dcgis:captureyear":"19990331","dcgis:dataset":"buildings","dcgis:featurecode":"2000","mappingdc:gid":"4825","source":"dcgis"},"geometry":{"type":"Polygon","coordinates":[[[-77.0342069,38.899786],[-77.0343916,38.8997856],[-77.0343927,38.9000745],[-77.0342081,38.9000749],[-77.0342069,38.899786]]]}},{"type":"Feature","id":48077340,"properties":{"osmId":48077340,"category":"religious","addr:city":"Washington","addr:housenumber":"1525","addr:state":"DC","addr:street":"H Street Northwest","amenity":"place_of_worship","building":"church","building:levels":"2","check_date":"2025-03-17","dcgis:captureyear":"19990331","dcgis:dataset":"buildings","dcgis:featurecode":"2000","denomination":"episcopal","ele":"19","gnis:feature_id":"531472","mappingdc:gid":"6425","name":"Saint John's Episcopal Church","religion":"christian","service_times":"Su 07:45,09:00,11:00,13:00; Mo-Fr 12:10","source":"Bing","website":"https://stjohns-dc.org/","wikidata":"Q7588667"},"geometry":{"type":"Polygon","coordinates":[[[-77.0359116,38.900448],[-77.0359106,38.900346],[-77.0359146,38.9003425],[-77.035927,38.9003318],[-77.0359513,38.9003316],[-77.0359709,38.9003463],[-77.0359726,38.9003463],[-77.0361296,38.9003456],[-77.0361297,38.9003691],[-77.0362122,38.900369],[-77.0362122,38.9003408],[-77.0362697,38.9003408],[-77.0362697,38.9003714],[-77.0363014,38.9003707],[-77.0363011,38.9004781],[-77.0362699,38.900478],[-77.0362699,38.90051],[-77.0362699,38.9005112],[-77.0362118,38.9005115],[-77.0362119,38.9004788],[-77.0361309,38.9004789],[-77.0361312,38.9005073],[-77.0360045,38.9005074],[-77.0360044,38.9005381],[-77.0359134,38.9005379],[-77.0359133,38.9005285],[-77.0359116,38.900448]]]}},{"type":"Feature","id":48077405,"properties":{"osmId":48077405,"category":"religious","amenity":"place_of_worship","building":"yes","dcgis:captureyear":"19990331","dcgis:dataset":"buildings","dcgis:featurecode":"2000","denomination":"methodist","ele":"21","gnis:feature_id":"530825","mappingdc:gid":"7839","name":"Metropolitan A. M. E. Church","religion":"christian","source":"dcgis","website":"https://www.metropolitanamec.org/","wikidata":"Q6824969"},"geometry":{"type":"Polygon","coordinates":[[[-77.0353269,38.9052306],[-77.0353012,38.9052304],[-77.0353016,38.9051648],[-77.0354402,38.9051654],[-77.0354407,38.9051658],[-77.0354557,38.9051783],[-77.0354555,38.9052144],[-77.0356145,38.905215],[-77.0356126,38.9055002],[-77.0353252,38.9054991],[-77.0353269,38.9052306]]]}},{"type":"Feature","id":55327006,"properties":{"osmId":55327006,"category":"other","addr:city":"Washington","addr:country":"US","addr:housenumber":"1608","addr:postcode":"20036","addr:state":"DC","addr:street":"Rhode Island Avenue Northwest","alt_name":"University of California, District of Columbia;University of California in the District of Columbia","amenity":"university","building":"office","dcgis:captureyear":"20050404","dcgis:dataset":"buildings","dcgis:featurecode":"2000","education":"university","ele":"21","gnis:feature_id":"2459591","name":"University of California Washington Center","short_name":"UCDC","source":"dcgis","website":"https://www.ucdc.edu/","wikidata":"Q7895185"},"geometry":{"type":"Polygon","coordinates":[[[-77.0375533,38.9063046],[-77.0374088,38.9063002],[-77.0373459,38.9063081],[-77.0373022,38.9063121],[-77.0372983,38.9063292],[-77.037201,38.9063292],[-77.0371956,38.9067038],[-77.0372186,38.9067056],[-77.0372222,38.9067515],[-77.0372508,38.9067878],[-77.0372932,38.9067939],[-77.0372986,38.9067934],[-77.0373128,38.9067934],[-77.0373286,38.9067833],[-77.0373378,38.906774],[-77.037353,38.9067688],[-77.0374189,38.9067464],[-77.0374848,38.9067239],[-77.0375487,38.9067022],[-77.0375566,38.9066995],[-77.0375533,38.9063046]]]}},{"type":"Feature","id":55327016,"properties":{"osmId":55327016,"category":"religious","addr:city":"Washington","addr:country":"US","addr:housenumber":"1725","addr:postcode":"20036","addr:state":"DC","addr:street":"Rhode Island Avenue Northwest","amenity":"place_of_worship","building":"cathedral","dcgis:captureyear":"19990331","dcgis:dataset":"buildings","dcgis:featurecode":"2000","denomination":"roman_catholic","diocese":"Washington DC","name":"Cathedral of Saint Matthew the Apostle","name:en":"Cathedral of Saint Matthew the Apostle","phone":"+1 202-347-3215","religion":"christian","source":"dcgis","website":"https://www.stmatthewscathedral.org/","wheelchair":"yes","wikidata":"Q603535"},"geometry":{"type":"Polygon","coordinates":[[[-77.0400845,38.9066529],[-77.0400863,38.9066563],[-77.0402624,38.9065966],[-77.0402701,38.9066102],[-77.0404886,38.9065351],[-77.0405072,38.9065678],[-77.0405994,38.9065361],[-77.0405409,38.9064331],[-77.0405477,38.9064308],[-77.0404584,38.9062754],[-77.0404519,38.9062776],[-77.0403794,38.906152],[-77.0403811,38.9061475],[-77.040365,38.9061192],[-77.0403481,38.9061127],[-77.0403094,38.9061261],[-77.0403033,38.9061411],[-77.0402603,38.9061563],[-77.04025,38.9061387],[-77.040037,38.9062126],[-77.0400501,38.9062352],[-77.0400037,38.9062514],[-77.0399999,38.9062449],[-77.0399813,38.9062377],[-77.0399472,38.9062495],[-77.0399398,38.9062649],[-77.0399562,38.906297],[-77.0399666,38.9062995],[-77.0399676,38.9063013],[-77.0400358,38.9064203],[-77.0400261,38.9064237],[-77.0400353,38.9064397],[-77.0400149,38.9064468],[-77.0399812,38.9064588],[-77.0399797,38.9064593],[-77.0399565,38.9064673],[-77.040031,38.9065978],[-77.0400329,38.9066012],[-77.0400369,38.9066082],[-77.0400556,38.9066018],[-77.0400845,38.9066529]]]}},{"type":"Feature","id":59247016,"properties":{"osmId":59247016,"category":"residential","access":"unknown","addr:city":"Washington","addr:housenumber":"2121","addr:postcode":"20052","addr:state":"DC","addr:street":"H Street Northwest","amenity":"student_accommodation","building":"dormitory","building:levels":"12","dcgis:capturedate":"2005/04/04","dcgis:featurecode":"1070","dcgis:gis_id":"328789","dcgis:pubdate":"2009-06-12","name":"District House","operator":"The George Washington University","operator:short":"GW","operator:type":"ngo","operator:wikidata":"Q432637","smoking":"no","source":"dcgis","website":"https://living.gwu.edu/district-house"},"geometry":{"type":"Polygon","coordinates":[[[-77.0476069,38.8997688],[-77.0475806,38.8997688],[-77.0475806,38.8996912],[-77.0479441,38.8996912],[-77.0479441,38.8997931],[-77.0479042,38.8997931],[-77.0479044,38.9004254],[-77.0479363,38.9004254],[-77.0479364,38.900568],[-77.0475634,38.9005681],[-77.0475633,38.9004224],[-77.0476072,38.9004224],[-77.0476069,38.8997688]]]}},{"type":"Feature","id":66346983,"properties":{"osmId":66346983,"category":"religious","addr:city":"Washington","addr:housenumber":"3240","addr:postcode":"20007","addr:state":"DC","addr:street":"O Street Northwest","amenity":"place_of_worship","building":"yes","check_date":"2025-03-08","dataset":"buildings","dcgis:captureyear":"19990331","dcgis:gis_id":"14071","dcgis:square":"1231","denomination":"episcopal","name":"Saint John's Episcopal Church","religion":"christian","source":"dcgis","website":"https://stjohnsgeorgetown.org/","wikidata":"Q63470380"},"geometry":{"type":"Polygon","coordinates":[[[-77.0649623,38.9073266],[-77.0650387,38.9073225],[-77.0650394,38.9073407],[-77.0651118,38.9073389],[-77.0651123,38.9073492],[-77.065169,38.9073479],[-77.0651708,38.9073917],[-77.0651634,38.9073918],[-77.0651714,38.9075927],[-77.0651226,38.9075939],[-77.0651242,38.9076361],[-77.0650623,38.9076376],[-77.0650608,38.9075981],[-77.0648429,38.9076033],[-77.0648365,38.9074417],[-77.0648118,38.9074424],[-77.0648078,38.907344],[-77.0649629,38.9073402],[-77.0649623,38.9073266]]]}},{"type":"Feature","id":66346986,"properties":{"osmId":66346986,"category":"religious","amenity":"place_of_worship","building":"yes","dataset":"buildings","dcgis:captureyear":"20050404","dcgis:gis_id":"94542","denomination":"lutheran","ele":"36","gnis:feature_id":"531179","name":"Georgetown Lutheran Church","religion":"christian","source":"dcgis"},"geometry":{"type":"Polygon","coordinates":[[[-77.0650299,38.9101694],[-77.0650291,38.9101373],[-77.0649981,38.9101377],[-77.0649967,38.9100827],[-77.0650203,38.9100823],[-77.0650194,38.910049],[-77.0649543,38.9100499],[-77.0649542,38.9100404],[-77.0648897,38.9100413],[-77.0648891,38.910015],[-77.0648704,38.9099956],[-77.0648706,38.9099826],[-77.0648881,38.9099693],[-77.0648877,38.9099467],[-77.0649147,38.9099464],[-77.064914,38.9099108],[-77.0649561,38.9099102],[-77.0649567,38.9099325],[-77.0650184,38.9099315],[-77.0650179,38.9099132],[-77.0650826,38.9099123],[-77.0650832,38.9099393],[-77.0651813,38.9099379],[-77.0651835,38.9100342],[-77.0651866,38.9100342],[-77.0651879,38.9100896],[-77.0651261,38.9100906],[-77.0651267,38.9101213],[-77.0651983,38.9101202],[-77.0651996,38.9101804],[-77.0652013,38.910256],[-77.0650111,38.9102586],[-77.065009,38.9101697],[-77.0650299,38.9101694]]]}},{"type":"Feature","id":66409136,"properties":{"osmId":66409136,"category":"residential","addr:city":"Washington","addr:housenumber":"605","addr:postcode":"20052","addr:state":"DC","addr:street":"22nd Street Northwest","amenity":"student_accommodation","building":"house","building:levels":"3","building:levels:underground":"1","dataset":"buildings","dcgis:captureyear":"19990331","dcgis:lot":"0044","dcgis:square":"0080","house":"terraced","name":"Kappa Sigma","operator":"The George Washington University","operator:short":"GW","operator:type":"ngo","operator:wikidata":"Q432637","smoking":"no","source":"dcgis","website":"https://living.gwu.edu/fraternity-and-sorority-housing"},"geometry":{"type":"Polygon","coordinates":[[[-77.0485719,38.8975902],[-77.0485723,38.897602],[-77.0485091,38.8976034],[-77.0485088,38.8976358],[-77.0485689,38.8976347],[-77.0485688,38.8976389],[-77.0486858,38.8976364],[-77.0486863,38.8976293],[-77.0487063,38.8976215],[-77.0487067,38.8975957],[-77.0486922,38.8975889],[-77.0486894,38.8975889],[-77.0485719,38.8975902]]]}},{"type":"Feature","id":66409144,"properties":{"osmId":66409144,"category":"residential","addr:city":"Washington","addr:housenumber":"600","addr:state":"DC","addr:street":"20th Street Northwest","building":"dormitory","building:levels":"8","dataset":"buildings","dcgis:captureyear":"19990331","dcgis:lot":"0001","dcgis:square":"0103","ele":"21","gnis:feature_id":"2102067","name":"Francis Scott Key Hall","source":"dcgis;USGS Geonames","website":"https://living.gwu.edu/residence-halls"},"geometry":{"type":"Polygon","coordinates":[[[-77.0450561,38.8977907],[-77.0450535,38.8974828],[-77.0453165,38.8974815],[-77.0453172,38.8974871],[-77.0453177,38.8976093],[-77.0452226,38.8976098],[-77.0452231,38.8976623],[-77.0452785,38.897662],[-77.0452794,38.8977698],[-77.0452904,38.8977697],[-77.0452906,38.8977895],[-77.0450561,38.8977907]]]}},{"type":"Feature","id":66409145,"properties":{"osmId":66409145,"category":"residential","addr:city":"Washington","addr:housenumber":"2123","addr:postcode":"20052","addr:state":"DC","addr:street":"F Street Northwest","amenity":"student_accommodation","building":"house","dataset":"buildings","dcgis:captureyear":"19990331","dcgis:lot":"0802","dcgis:square":"0080","house":"terraced","name":"Kappa Phi Lamdba","operator":"The George Washington University","operator:short":"GW","operator:type":"ngo","operator:wikidata":"Q432637","smoking":"no","source":"dcgis"},"geometry":{"type":"Polygon","coordinates":[[[-77.0477428,38.8976375],[-77.047744,38.8975894],[-77.047729,38.897589],[-77.04773,38.8974955],[-77.04773,38.8974926],[-77.0477858,38.8974927],[-77.0477859,38.8976379],[-77.0477428,38.8976375]]]}},{"type":"Feature","id":66409147,"properties":{"osmId":66409147,"category":"academic","addr:city":"Washington","addr:housenumber":"720","addr:place":"Stockton Hall","addr:postcode":"20052","addr:state":"DC","addr:street":"20th Street Northwest","building":"university","building:levels":"4","dataset":"buildings","dcgis:captureyear":"19990331","dcgis:lot":"0046","dcgis:square":"0102","ele":"20;19","gnis:feature_id":"2102326;530271","name":"Stockton Hall","operator":"The George Washington University","smoking":"no","source":"dcgis;USGS Geonames","wikidata":"Q7618229","wikipedia":"en:Stockton Hall"},"geometry":{"type":"Polygon","coordinates":[[[-77.0450653,38.8990087],[-77.045304,38.8990079],[-77.0453023,38.8993069],[-77.0450628,38.8993088],[-77.0450603,38.8990087],[-77.0450653,38.8990087]]]}},{"type":"Feature","id":66409152,"properties":{"osmId":66409152,"category":"residential","addr:city":"Washington","addr:housenumber":"615","addr:state":"DC","addr:street":"22nd Street Northwest","building":"house","building:levels":"2","building:levels:underground":"1","dataset":"buildings","dcgis:captureyear":"19990331","dcgis:lot":"0027","dcgis:square":"0080","house":"terraced","name":"Department of Athletics and Recreation, Men's Basketball","office":"university","operator":"The George Washington University","operator:short":"GW","operator:type":"ngo","operator:wikidata":"Q432637","smoking":"no","source":"dcgis"},"geometry":{"type":"Polygon","coordinates":[[[-77.0486863,38.8979037],[-77.0485832,38.8979045],[-77.0485098,38.8979051],[-77.0485091,38.897857],[-77.0485481,38.8978565],[-77.048688,38.8978556],[-77.0487065,38.8978555],[-77.0487069,38.8978861],[-77.048686,38.8978863],[-77.0486861,38.8978954],[-77.0486862,38.8978988],[-77.0486863,38.8979037]]]}},{"type":"Feature","id":66409156,"properties":{"osmId":66409156,"category":"academic","addr:city":"Washington","addr:housenumber":"2201","addr:postcode":"20052","addr:state":"DC","addr:street":"G Street Northwest","air_conditioning":"yes","building":"university","building:levels":"6","dataset":"buildings","dcgis:captureyear":"20050405","faculty":"business","name":"Duquès Hall","operator":"The George Washington University","operator:short":"GW","operator:type":"ngo","operator:wikidata":"Q432637","roof:shape":"flat","smoking":"no","source":"dcgis","wheelchair":"yes"},"geometry":{"type":"Polygon","coordinates":[[[-77.0491782,38.8992187],[-77.0491781,38.8992083],[-77.0489974,38.8992089],[-77.0489972,38.8991652],[-77.0489972,38.8991508],[-77.0489966,38.8989905],[-77.0489955,38.8988536],[-77.0489954,38.8988362],[-77.0489947,38.8987611],[-77.0491345,38.8987607],[-77.0491343,38.8987055],[-77.0492995,38.898705],[-77.0492997,38.8987603],[-77.0494301,38.8987599],[-77.0494319,38.8989866],[-77.0494328,38.8992067],[-77.0492491,38.8992074],[-77.0492492,38.8992185],[-77.0491782,38.8992187]]]}},{"type":"Feature","id":66409157,"properties":{"osmId":66409157,"category":"residential","addr:city":"Washington","addr:housenumber":"603","addr:postcode":"20052","addr:state":"DC","addr:street":"22nd Street Northwest","amenity":"student_accommodation","building":"house","building:levels":"3","building:levels:underground":"1","dataset":"buildings","dcgis:captureyear":"19990331","dcgis:lot":"0043","dcgis:square":"0080","house":"terraced","name":"Zeta Beta Tau","operator":"The George Washington University","operator:short":"GW","operator:type":"ngo","operator:wikidata":"Q432637","smoking":"no","source":"dcgis","website":"https://living.gwu.edu/fraternity-and-sorority-housing"},"geometry":{"type":"Polygon","coordinates":[[[-77.0486894,38.8975889],[-77.0486885,38.8975427],[-77.0485705,38.897544],[-77.0485707,38.8975551],[-77.0485088,38.8975558],[-77.0485094,38.8975909],[-77.0485719,38.8975902],[-77.0486894,38.8975889]]]}},{"type":"Feature","id":66409161,"properties":{"osmId":66409161,"category":"residential","addr:city":"Washington","addr:housenumber":"609","addr:state":"DC","addr:street":"22nd Street Northwest","building":"house","building:levels":"3","building:levels:underground":"1","dataset":"buildings","dcgis:captureyear":"19990331","dcgis:lot":"0046","dcgis:square":"0080","house":"terraced","name":"Public History, GW Solar Institute","office":"university","operator":"The George Washington University","operator:short":"GW","operator:type":"ngo","operator:wikidata":"Q432637","smoking":"no","source":"dcgis"},"geometry":{"type":"Polygon","coordinates":[[[-77.0485695,38.8976816],[-77.0486854,38.8976792],[-77.0486853,38.8976809],[-77.0487056,38.8976881],[-77.0487067,38.8977108],[-77.0486896,38.8977236],[-77.0486894,38.8977295],[-77.0485705,38.8977304],[-77.0485083,38.8977313],[-77.0485087,38.8976971],[-77.0485692,38.8976968],[-77.0485695,38.8976816]]]}},{"type":"Feature","id":66409163,"properties":{"osmId":66409163,"category":"academic","addr:city":"Washington","addr:housenumber":"2130","addr:postcode":"20037","addr:state":"DC","addr:street":"G Street Northwest","building":"school","building:levels":"3","dataset":"buildings","dcgis:captureyear":"19990331","dcgis:facuse":"Senior High School/Specialized","dcgis:lot":"0841","dcgis:sqft":"47200","dcgis:square":"0080","dcgis:year_built":"1935","name":"School Without Walls High School","operator":"District of Columbia Public Schools","phone":"+1 202-645-9690","source":"dcgis","url":"http://www.swwhs.org/","wikidata":"Q7432319"},"geometry":{"type":"Polygon","coordinates":[[[-77.0481577,38.8979571],[-77.0481575,38.8980577],[-77.0481952,38.8980578],[-77.0481954,38.8979543],[-77.0483356,38.8979545],[-77.0483357,38.8982057],[-77.0481989,38.8982058],[-77.0481989,38.8982128],[-77.0481285,38.8982128],[-77.0481285,38.8982046],[-77.0479998,38.8982046],[-77.0479998,38.8981704],[-77.0479836,38.8981704],[-77.0479836,38.8981906],[-77.0479214,38.8981906],[-77.0479214,38.898203],[-77.0478418,38.898203],[-77.0478414,38.8978521],[-77.048004,38.8978521],[-77.0480038,38.8979569],[-77.0481577,38.8979571]]]}},{"type":"Feature","id":66409164,"properties":{"osmId":66409164,"category":"academic","addr:city":"Washington","addr:housenumber":"2029","addr:place":"Alexander Graham Bell Hall","addr:postcode":"20052","addr:state":"DC","addr:street":"G Street Northwest","air_conditioning":"yes","building":"university","building:levels":"4","dataset":"buildings","dcgis:captureyear":"20050405","dcgis:lot":"0046","dcgis:square":"0102","ele":"20","gnis:feature_id":"2102060","name":"Bell Hall","operator":"The George Washington University","operator:short":"GW","operator:type":"ngo","operator:wikidata":"Q432637","smoking":"no","source":"dcgis;USGS Geonames"},"geometry":{"type":"Polygon","coordinates":[[[-77.0459363,38.8986738],[-77.0459358,38.8985564],[-77.0459711,38.8985564],[-77.0459711,38.8984567],[-77.0463237,38.8984566],[-77.0463224,38.8985769],[-77.0463219,38.8986741],[-77.0459363,38.8986738]]]}},{"type":"Feature","id":66409166,"properties":{"osmId":66409166,"category":"academic","addr:housenumber":"1922","addr:street":"F Street Northwest","building":"university","building:levels":"4","dataset":"buildings","dcgis:captureyear":"19990331","dcgis:lot":"0028","dcgis:square":"0122","level":"4","name":"Old Main","office":"university","source":"dcgis","wheelchair":"yes"},"geometry":{"type":"Polygon","coordinates":[[[-77.0445272,38.8971826],[-77.0445273,38.8971449],[-77.0444183,38.8971448],[-77.0444187,38.8969335],[-77.0442103,38.8969333],[-77.0442107,38.8966838],[-77.0445688,38.8966841],[-77.0445684,38.8969036],[-77.0447522,38.8969038],[-77.044752,38.8969836],[-77.0447596,38.8969837],[-77.0447593,38.8971478],[-77.0446476,38.8971476],[-77.0446475,38.8971828],[-77.0445272,38.8971826]]]}},{"type":"Feature","id":66409167,"properties":{"osmId":66409167,"category":"other","addr:city":"Washington","addr:housenumber":"2147","addr:postcode":"20052","addr:state":"DC","addr:street":"F Street Northwest","building":"office","building:levels":"3","building:levels:underground":"1","dataset":"buildings","dcgis:captureyear":"19990331","dcgis:lot":"0042","dcgis:square":"0080","office":"university","operator":"The George Washington University","operator:short":"GW","operator:type":"ngo","operator:wikidata":"Q432637","smoking":"no","source":"dcgis"},"geometry":{"type":"Polygon","coordinates":[[[-77.0485006,38.8974945],[-77.0485436,38.8974943],[-77.0485438,38.8974868],[-77.0485956,38.8974859],[-77.0485953,38.897505],[-77.0486296,38.8975047],[-77.0486327,38.8975046],[-77.0486565,38.8975044],[-77.048656,38.8974947],[-77.0486723,38.8974831],[-77.0486925,38.8974822],[-77.0487069,38.897496],[-77.0487071,38.8975135],[-77.0486882,38.8975281],[-77.0486885,38.8975427],[-77.0485705,38.897544],[-77.0485017,38.8975451],[-77.0485006,38.8974945]]]}},{"type":"Feature","id":66409168,"properties":{"osmId":66409168,"category":"academic","addr:city":"Washington","addr:housenumber":"725","addr:state":"DC","addr:street":"21st Street Northwest","building":"university","building:levels":"4","dataset":"buildings","dcgis:captureyear":"19990331","dcgis:lot":"0046","dcgis:square":"0102","ele":"20","gnis:feature_id":"530267","name":"Corcoran Hall","source":"dcgis;USGS Geonames","university":"lecture_hall"},"geometry":{"type":"Polygon","coordinates":[[[-77.0462626,38.8993139],[-77.0462639,38.8990828],[-77.0462244,38.8990826],[-77.0462252,38.898937],[-77.0462281,38.8988842],[-77.0463207,38.8988834],[-77.0464129,38.8988837],[-77.0464126,38.8989387],[-77.0464999,38.8989399],[-77.0465081,38.898939],[-77.046506,38.8993147],[-77.0462626,38.8993139]]]}},{"type":"Feature","id":66409191,"properties":{"osmId":66409191,"category":"residential","addr:city":"Washington","addr:housenumber":"619","addr:state":"DC","addr:street":"22nd Street Northwest","building":"house","building:levels":"2","building:levels:underground":"1","dataset":"buildings","dcgis:captureyear":"19990331","dcgis:lot":"0029","dcgis:square":"0080","house":"terraced","name":"Department of Athletics and Recreation, Baseball, Gymnastics, Rowing, and Water Polo","office":"university","operator":"The George Washington University","operator:short":"GW","operator:type":"ngo","operator:wikidata":"Q432637","smoking":"no","source":"dcgis"},"geometry":{"type":"Polygon","coordinates":[[[-77.0485837,38.8979507],[-77.0486864,38.8979501],[-77.0486864,38.8979543],[-77.0487049,38.8979542],[-77.0487051,38.897983],[-77.0486852,38.8979831],[-77.0486853,38.8979915],[-77.0486853,38.8979949],[-77.0486854,38.8980017],[-77.0485306,38.8980025],[-77.0484984,38.8980027],[-77.0484981,38.8979607],[-77.0485838,38.8979603],[-77.0485837,38.8979507]]]}},{"type":"Feature","id":66409193,"properties":{"osmId":66409193,"category":"academic","addr:city":"Washington","addr:housenumber":"2013","addr:place":"Stuart Hall","addr:postcode":"20052","addr:state":"DC","addr:street":"G Street Northwest","building":"university","building:levels":"4","dataset":"buildings","dcgis:captureyear":"19990331","dcgis:lot":"0046","dcgis:square":"0102","name":"Stuart Hall","operator":"The George Washington University","smoking":"no","source":"dcgis"},"geometry":{"type":"Polygon","coordinates":[[[-77.0452447,38.8986723],[-77.0452445,38.8984563],[-77.0455979,38.8984562],[-77.045598,38.8985256],[-77.0456304,38.8985256],[-77.045631,38.8986726],[-77.0452592,38.8986723],[-77.0452447,38.8986723]]]}},{"type":"Feature","id":66409214,"properties":{"osmId":66409214,"category":"residential","addr:city":"Washington","addr:housenumber":"2201","addr:postcode":"20052","addr:state":"DC","addr:street":"Virginia Avenue Northwest","amenity":"student_accommodation","building":"dormitory","building:levels":"9","dataset":"buildings","dcgis:captureyear":"19990331","dcgis:lot":"0001","dcgis:square":"0058","name":"International House","operator":"The George Washington University","operator:short":"GW","operator:type":"ngo","operator:wikidata":"Q432637","roof:shape":"flat","smoking":"no","source":"dcgis","start_date":"1966","website":"https://living.gwu.edu/international-house"},"geometry":{"type":"Polygon","coordinates":[[[-77.0489932,38.8967497],[-77.0490056,38.8967373],[-77.0492209,38.8968582],[-77.0492208,38.8969974],[-77.0489939,38.896996],[-77.0489932,38.8967497]]]}},{"type":"Feature","id":66409215,"properties":{"osmId":66409215,"category":"residential","addr:city":"Washington","addr:housenumber":"613","addr:state":"DC","addr:street":"22nd Street Northwest","building":"house","building:levels":"3","building:levels:underground":"1","dataset":"buildings","dcgis:captureyear":"19990331","dcgis:lot":"0811","dcgis:square":"0080","house":"terraced","name":"Department of Athletics","office":"university","operator":"The George Washington University","operator:short":"GW","operator:type":"ngo","operator:wikidata":"Q432637","smoking":"no","source":"dcgis"},"geometry":{"type":"Polygon","coordinates":[[[-77.0485071,38.8977787],[-77.0486872,38.8977772],[-77.0486876,38.8978148],[-77.048688,38.8978556],[-77.0485481,38.8978565],[-77.0485475,38.8978101],[-77.0485075,38.8978105],[-77.0485071,38.8977787]]]}},{"type":"Feature","id":66409216,"properties":{"osmId":66409216,"category":"residential","addr:city":"Washington","addr:housenumber":"617","addr:state":"DC","addr:street":"22nd Street Northwest","building":"house","building:levels:underground":"1","dataset":"buildings","dcgis:captureyear":"19990331","dcgis:lot":"0028","dcgis:square":"0080","house":"terraced","name":"Department of Athletics and Recreation, Women's Basketball","office":"university","operator":"The George Washington University","operator:short":"GW","operator:type":"ngo","operator:wikidata":"Q432637","smoking":"no","source":"dcgis"},"geometry":{"type":"Polygon","coordinates":[[[-77.0485832,38.8979045],[-77.0486863,38.8979037],[-77.0487048,38.8979035],[-77.0487053,38.8979346],[-77.0486861,38.8979348],[-77.0486863,38.8979426],[-77.0486864,38.8979462],[-77.0486864,38.8979501],[-77.0485837,38.8979507],[-77.0485087,38.8979517],[-77.0485084,38.8979281],[-77.0485288,38.8979279],[-77.0485286,38.8979117],[-77.0485833,38.8979113],[-77.0485832,38.8979045]]]}},{"type":"Feature","id":66409217,"properties":{"osmId":66409217,"category":"academic","addr:city":"Washington","addr:housenumber":"2000","addr:postcode":"20052","addr:state":"DC","addr:street":"H Street Northwest","building":"university","building:levels":"4","dataset":"buildings","dcgis:captureyear":"19990331","dcgis:lot":"0046","dcgis:square":"0102","name":"Lerner Hall","operator":"The George Washington University","smoking":"no","source":"dcgis"},"geometry":{"type":"Polygon","coordinates":[[[-77.0450628,38.8993088],[-77.0453023,38.8993069],[-77.0454258,38.8993074],[-77.0454255,38.8993509],[-77.0454405,38.899351],[-77.0454402,38.8994041],[-77.0454238,38.899404],[-77.0454235,38.8994511],[-77.045296,38.8994504],[-77.0452954,38.899466],[-77.0450619,38.8994616],[-77.0450522,38.8994549],[-77.0450534,38.8993628],[-77.0450645,38.8993634],[-77.0450628,38.8993088]]]}},{"type":"Feature","id":66409229,"properties":{"osmId":66409229,"category":"academic","addr:city":"Washington","addr:housenumber":"805","addr:postcode":"20052","addr:state":"DC","addr:street":"21st Street Northwest","building":"university","building:levels":"6","dataset":"buildings","dcgis:captureyear":"20050405","dcgis:lot":"0062","dcgis:square":"0101","name":"School of Media & Public Affairs","operator":"The George Washington University","operator:short":"GW","operator:type":"ngo","operator:wikidata":"Q432637","smoking":"no","source":"dcgis","wikidata":"Q5546039","wikipedia":"en:George Washington University School of Media and Public Affairs"},"geometry":{"type":"Polygon","coordinates":[[[-77.0459221,38.899903],[-77.0459222,38.8996962],[-77.0464977,38.8996963],[-77.0464977,38.8999685],[-77.0460287,38.8999687],[-77.0459228,38.8999682],[-77.0459221,38.899903]]]}},{"type":"Feature","id":66409234,"properties":{"osmId":66409234,"category":"academic","addr:city":"Washington","addr:housenumber":"2036","addr:postcode":"20052","addr:state":"DC","addr:street":"H Street Northwest","building":"university","building:levels":"3","dataset":"buildings","dcgis:captureyear":"19990331","dcgis:lot":"0046","dcgis:square":"0102","ele":"20","gnis:feature_id":"2102329","name":"Samson Hall","source":"dcgis;USGS Geonames"},"geometry":{"type":"Polygon","coordinates":[[[-77.046505,38.8994596],[-77.0464288,38.8994593],[-77.0464289,38.8994521],[-77.0463038,38.8994516],[-77.0463038,38.8994596],[-77.0462366,38.8994593],[-77.0462375,38.8993137],[-77.0462626,38.8993139],[-77.046506,38.8993147],[-77.046505,38.8994596]]]}},{"type":"Feature","id":66409242,"properties":{"osmId":66409242,"category":"residential","addr:city":"Washington","addr:housenumber":"2021","addr:state":"DC","addr:street":"F Street Northwest","building":"dormitory","building:levels":"10","dataset":"buildings","dcgis:captureyear":"Fri May 30 00:00:00 EDT 2008","dcgis:gis_id":"98315","dcgis:lot":"0042","dcgis:square":"0103","name":"Potomac House","source":"dcgis","website":"https://living.gwu.edu/residence-halls"},"geometry":{"type":"Polygon","coordinates":[[[-77.0453614,38.897648],[-77.0453179,38.8976481],[-77.0453177,38.8976093],[-77.0453172,38.8974871],[-77.0453565,38.8974869],[-77.0453565,38.8974782],[-77.0454313,38.8974779],[-77.0454313,38.8974738],[-77.045506,38.8974735],[-77.0455061,38.8974826],[-77.0455846,38.8974824],[-77.0455846,38.89749],[-77.0456278,38.8974899],[-77.0456285,38.8976473],[-77.0455782,38.8976474],[-77.0455791,38.8978215],[-77.0453623,38.8978221],[-77.0453614,38.897648]]]}},{"type":"Feature","id":66409251,"properties":{"osmId":66409251,"category":"academic","addr:city":"Washington","addr:housenumber":"700","addr:state":"DC","addr:street":"20th Street Northwest","building":"university","building:colour":"red","building:levels":"4","building:material":"brick","dataset":"buildings","dcgis:captureyear":"20050405","dcgis:lot":"0046","dcgis:square":"0102","name":"Law School","operator":"The George Washington University","smoking":"no","source":"dcgis","wikidata":"Q7241174","wikipedia":"en:President's Office, George Washington University"},"geometry":{"type":"Polygon","coordinates":[[[-77.0450672,38.898672],[-77.0450656,38.898672],[-77.0450655,38.8986648],[-77.0450563,38.8986646],[-77.0450556,38.8986306],[-77.0450642,38.8986304],[-77.0450642,38.898623],[-77.0450499,38.8986235],[-77.0450486,38.8985848],[-77.0450626,38.8985844],[-77.045062,38.8985548],[-77.0450456,38.8985549],[-77.045045,38.8985185],[-77.0450488,38.8985185],[-77.0450477,38.8984489],[-77.0450627,38.8984488],[-77.045064,38.8984457],[-77.0451976,38.8984444],[-77.0452019,38.8984389],[-77.045206,38.8984359],[-77.0452142,38.898432],[-77.0452206,38.8984316],[-77.0452289,38.8984324],[-77.0452351,38.8984353],[-77.0452389,38.8984394],[-77.0452409,38.8984435],[-77.045242,38.8984479],[-77.0452423,38.8984565],[-77.0452445,38.8984563],[-77.0452447,38.8986723],[-77.0450672,38.898672]]]}},{"type":"Feature","id":66409254,"properties":{"osmId":66409254,"category":"residential","addr:city":"Washington","addr:housenumber":"736","addr:postcode":"20052","addr:state":"DC","addr:street":"22nd Street Northwest","amenity":"student_accommodation","building":"dormitory","building:colour":"red","building:levels":"8","building:material":"brick","dataset":"buildings","dcgis:captureyear":"19990331","dcgis:lot":"0031","dcgis:square":"0056","ele":"19","gnis:feature_id":"2085544","name":"Madison Hall","operator":"The George Washington University","operator:short":"GW","operator:type":"ngo","operator:wikidata":"Q432637","roof:shape":"flat","smoking":"no","source":"dcgis;USGS Geonames","start_date":"1926","website":"https://living.gwu.edu/madison-hall","wikidata":"Q6727989"},"geometry":{"type":"Polygon","coordinates":[[[-77.0489813,38.8994694],[-77.0489807,38.8993784],[-77.0489801,38.8992738],[-77.0490992,38.8992726],[-77.0490993,38.8993299],[-77.049228,38.8993286],[-77.0492281,38.8993022],[-77.0493308,38.8993028],[-77.0493311,38.8994479],[-77.0493421,38.8994477],[-77.0493419,38.8994695],[-77.0489813,38.8994694]]]}},{"type":"Feature","id":66409257,"properties":{"osmId":66409257,"category":"library","addr:city":"Washington","addr:housenumber":"716","addr:state":"DC","addr:street":"20th Street Northwest","air_conditioning":"yes","amenity":"library","books":"law","building":"yes","building:levels":"7","ele":"20","gnis:feature_id":"2102078","internet_access":"wlan","name":"Jacob Burns Law Library","name:etymology:wikidata":"Q6118440","opening_hours":"Mo-Su 07:00-18:30","operator":"The George Washington University","operator:type":"university","source":"dcgis;USGS Geonames","website":"https://www.law.gwu.edu/library","wikidata":"Q19880948"},"geometry":{"type":"Polygon","coordinates":[[[-77.0450653,38.8990087],[-77.0450657,38.8987431],[-77.0450789,38.8987422],[-77.0450798,38.8987254],[-77.0452045,38.8987256],[-77.0452046,38.8987186],[-77.0452597,38.8987179],[-77.045349,38.898793],[-77.0453485,38.8988401],[-77.045429,38.8988429],[-77.0454281,38.8990083],[-77.045304,38.8990079],[-77.0450653,38.8990087]]]}},{"type":"Feature","id":66409258,"properties":{"osmId":66409258,"category":"residential","addr:city":"Washington","addr:housenumber":"607","addr:state":"DC","addr:street":"23rd Street Northwest","building":"terrace","building:levels":"4","building:material":"brick","dataset":"buildings","dcgis:captureyear":"20050405","dcgis:lot":"0055","dcgis:square":"0057","ele":"20","gnis:feature_id":"2102339","name":"Townhouse Row","operator":"The George Washington University","operator:short":"GW","operator:type":"ngo","operator:wikidata":"Q432637","smoking":"no","source":"dcgis;USGS Geonames","website":"https://living.gwu.edu/fraternity-and-sorority-housing"},"geometry":{"type":"Polygon","coordinates":[[[-77.0497585,38.8982029],[-77.0497584,38.8981631],[-77.0497386,38.8981641],[-77.0497389,38.8981179],[-77.0497581,38.8981171],[-77.04976,38.8980999],[-77.04979,38.8981003],[-77.0497868,38.8979436],[-77.0497958,38.897943],[-77.049795,38.8979243],[-77.0497857,38.8979246],[-77.0497927,38.8975937],[-77.0497613,38.8975962],[-77.0497637,38.8975781],[-77.0497464,38.8975786],[-77.0497472,38.8975338],[-77.0497658,38.8975342],[-77.0497643,38.8974925],[-77.0498477,38.8974914],[-77.0499569,38.8974899],[-77.0499589,38.8976571],[-77.0499594,38.8976961],[-77.0499596,38.8977154],[-77.0499738,38.8977255],[-77.0499734,38.8977448],[-77.0499586,38.8977591],[-77.0499585,38.8978345],[-77.0499584,38.8978704],[-77.0499584,38.897892],[-77.0499702,38.8978996],[-77.0499701,38.897919],[-77.0499599,38.8979341],[-77.04996,38.8980089],[-77.04996,38.89805],[-77.04996,38.8980671],[-77.0499704,38.8980754],[-77.0499703,38.898097],[-77.049957,38.898109],[-77.0499598,38.8981992],[-77.0498592,38.8982011],[-77.0497585,38.8982029]]]}},{"type":"Feature","id":66409261,"properties":{"osmId":66409261,"category":"library","access":"private","addr:city":"Washington","addr:housenumber":"2130","addr:state":"DC","addr:street":"H Street Northwest","air_conditioning":"yes","amenity":"library","building":"civic","name":"Gelman Library","opening_hours":"24/7","operator":"The George Washington University","operator:short":"GW","operator:type":"ngo","operator:wikidata":"Q432637","smoking":"no","source":"dcgis","website":"https://library.gwu.edu/","wheelchair":"yes","wikidata":"Q5530482"},"geometry":{"type":"Polygon","coordinates":[[[-77.048083,38.899453],[-77.048083,38.8994561],[-77.0480731,38.8994562],[-77.0480725,38.8989993],[-77.0480772,38.8989993],[-77.0480771,38.8989805],[-77.0480771,38.8989797],[-77.0481966,38.8989796],[-77.0481966,38.898983],[-77.0486818,38.8989826],[-77.0486825,38.8994564],[-77.0486727,38.8994564],[-77.0486727,38.8994525],[-77.048083,38.899453]]]}},{"type":"Feature","id":66409268,"properties":{"osmId":66409268,"category":"other","addr:city":"Washington","addr:housenumber":"2100","addr:postcode":"20052","addr:state":"DC","addr:street":"H Street Northwest","air_conditioning":"yes","amenity":"theatre","building":"civic","check_date":"2026-01-05","dataset":"buildings","dcgis:captureyear":"19990331","dcgis:lot":"0853","dcgis:square":"0079","name":"Lisner Auditorium","operator":"The George Washington University","operator:short":"GW","operator:type":"ngo","operator:wikidata":"Q432637","smoking":"no","source":"dcgis","wikidata":"Q6559047"},"geometry":{"type":"Polygon","coordinates":[[[-77.0468355,38.8993667],[-77.0468072,38.8993666],[-77.0468076,38.899224],[-77.0468361,38.8992241],[-77.0468362,38.8991394],[-77.0468372,38.8991394],[-77.0473785,38.8991402],[-77.0473778,38.8994509],[-77.0468353,38.8994502],[-77.0468355,38.8993667]]]}},{"type":"Feature","id":66409273,"properties":{"osmId":66409273,"category":"residential","addr:city":"Washington","addr:housenumber":"2212","addr:postcode":"20052","addr:state":"DC","addr:street":"I Street Northwest","amenity":"student_accommodation","building":"dormitory","building:levels":"8","dataset":"buildings","dcgis:captureyear":"20050405","dcgis:lot":"0855","dcgis:square":"0055","ele":"17","gnis:feature_id":"2085531","name":"Munson Hall","operator":"The George Washington University","operator:short":"GW","operator:type":"ngo","operator:wikidata":"Q432637","smoking":"no","source":"dcgis;USGS Geonames","start_date":"1945","website":"https://living.gwu.edu/munson-hall","wikidata":"Q6936895","wikipedia":"en:Munson Hall"},"geometry":{"type":"Polygon","coordinates":[[[-77.0495281,38.9005724],[-77.0492719,38.9005734],[-77.0492714,38.9004976],[-77.0492712,38.9004553],[-77.0493195,38.9004551],[-77.0493186,38.9003291],[-77.0494994,38.9003284],[-77.0494998,38.9003901],[-77.0494875,38.9003901],[-77.0494879,38.9004591],[-77.0495274,38.9004589],[-77.0495281,38.9005724]]]}},{"type":"Feature","id":66409281,"properties":{"osmId":66409281,"category":"academic","addr:city":"Washington","addr:housenumber":"2134","addr:postcode":"20052","addr:state":"DC","addr:street":"G Street Northwest","building":"university","building:levels":"4","dataset":"buildings","dcgis:captureyear":"19990331","dcgis:lot":"0828","dcgis:square":"0080","faculty":"education","name":"Graduate School of Education and Human Development","opening_hours":"Mo-Sa 07:30-19:30","operator":"The George Washington University","operator:short":"GW","operator:type":"ngo","operator:wikidata":"Q432637","smoking":"no","source":"dcgis","website":"https://gsehd.gwu.edu/","wikidata":"Q123014029"},"geometry":{"type":"Polygon","coordinates":[[[-77.047768,38.8982185],[-77.0477307,38.8982184],[-77.0477302,38.898229],[-77.0477139,38.8982291],[-77.0476782,38.8982292],[-77.047677,38.8982292],[-77.0476769,38.8982195],[-77.0476696,38.8982191],[-77.0476692,38.8982006],[-77.0476749,38.8982006],[-77.0476818,38.8978544],[-77.047822,38.8978599],[-77.0478203,38.8979449],[-77.0478062,38.897945],[-77.0478048,38.8979864],[-77.0478183,38.8979966],[-77.0478182,38.8980165],[-77.0478095,38.8980238],[-77.0478139,38.8980265],[-77.0478174,38.898029],[-77.0478183,38.8980325],[-77.0478188,38.8980365],[-77.0478182,38.8980419],[-77.0478167,38.8980441],[-77.0478146,38.8980461],[-77.0478104,38.8980509],[-77.0478188,38.8980606],[-77.0478189,38.8980787],[-77.0478113,38.8980835],[-77.0478113,38.898097],[-77.047806,38.8980967],[-77.0478052,38.8981296],[-77.0478211,38.8981297],[-77.0478213,38.8982091],[-77.0478278,38.8982095],[-77.0478277,38.8982185],[-77.0478207,38.8982186],[-77.0478207,38.8982195],[-77.0478203,38.898229],[-77.0477824,38.8982293],[-77.0477682,38.8982293],[-77.047768,38.8982185]]]}},{"type":"Feature","id":66409288,"properties":{"osmId":66409288,"category":"athletic","addr:city":"Washington","addr:housenumber":"600","addr:state":"DC","addr:street":"22nd Street Northwest","building":"yes","building:levels:aboveground":"2","dataset":"buildings","dcgis:captureyear":"19990331","dcgis:lot":"0056","dcgis:square":"0057","ele":"20","gnis:feature_id":"530065","leisure":"sports_centre","level":"1","name":"Charles E. Smith Center","name:etymology:wikidata":"Q5082545","operator":"The George Washington University","operator:short":"GW","operator:type":"ngo","operator:wikidata":"Q432637","smoking":"no","source":"dcgis;USGS Geonames","sport":"basketball;volleyball;gymnastics;swimming;water_polo","toilets:wheelchair":"yes","website":"https://gwsports.com/sports/2018/7/23/facilities-gewa-baskbl-facility-html.aspx","wheelchair":"yes","wikidata":"Q5077180","wikipedia":"en:Charles E. Smith Center"},"geometry":{"type":"Polygon","coordinates":[[[-77.0491157,38.8981756],[-77.0491181,38.8980318],[-77.0490734,38.8980322],[-77.049073,38.8980412],[-77.0490329,38.8980409],[-77.0490338,38.8980172],[-77.0490629,38.8980172],[-77.0490649,38.8979633],[-77.0490519,38.8979634],[-77.0489911,38.8979639],[-77.0489934,38.8976635],[-77.0490186,38.8976632],[-77.0490183,38.8976441],[-77.0490658,38.8976441],[-77.0490655,38.8976135],[-77.0490324,38.8976137],[-77.0490327,38.8975924],[-77.0490782,38.8975926],[-77.0490779,38.8976062],[-77.0491194,38.8976061],[-77.0491197,38.8975057],[-77.0495658,38.8975054],[-77.0495675,38.8975507],[-77.0496256,38.8976025],[-77.0496622,38.8976018],[-77.0496632,38.8976651],[-77.0497153,38.8976631],[-77.0497126,38.8979645],[-77.0496995,38.8979651],[-77.0497015,38.8980273],[-77.0496576,38.8980268],[-77.0496583,38.8980371],[-77.0496214,38.8980373],[-77.0495632,38.8980892],[-77.0495633,38.898177],[-77.0491157,38.8981756]]]}},{"type":"Feature","id":66409289,"properties":{"osmId":66409289,"category":"other","addr:city":"Washington","addr:housenumber":"800","addr:postcode":"20052","addr:state":"DC","addr:street":"21st Street Northwest","building":"yes","building:levels":"5","building:levels:underground":"1","dataset":"buildings","dcgis:captureyear":"20050405","dcgis:lot":"0060","dcgis:square":"0077","ele":"20","gnis:feature_id":"2102064","name":"University Student Center","opening_hours":"Mo-Su 07:00-00:00","operator":"The George Washington University","operator:short":"GW","operator:type":"ngo","operator:wikidata":"Q432637","smoking":"no","source":"dcgis;USGS Geonames","website":"https://students.gwu.edu/university-student-center"},"geometry":{"type":"Polygon","coordinates":[[[-77.0474567,38.9002941],[-77.0474154,38.9002428],[-77.0472415,38.900243],[-77.0472415,38.9002239],[-77.0472687,38.9002239],[-77.0472685,38.9001113],[-77.0472412,38.9001114],[-77.0472412,38.9000906],[-77.0475566,38.9000902],[-77.047556,38.8997784],[-77.0475806,38.8997688],[-77.0475806,38.8996912],[-77.0475515,38.8996912],[-77.0475514,38.8996975],[-77.0475042,38.8996971],[-77.0475041,38.8997018],[-77.0474703,38.8997017],[-77.0468165,38.899699],[-77.0468139,38.9000909],[-77.0468274,38.900091],[-77.0468273,38.9001097],[-77.0468149,38.9001096],[-77.0468147,38.9001343],[-77.0468067,38.9001343],[-77.0468062,38.9002437],[-77.0468128,38.9002437],[-77.0468128,38.9002547],[-77.0469915,38.9002551],[-77.0470237,38.9002552],[-77.0470225,38.9005662],[-77.0474556,38.9005672],[-77.0474567,38.9002941]]]}},{"type":"Feature","id":66409304,"properties":{"osmId":66409304,"category":"residential","addr:city":"Washington","addr:housenumber":"611","addr:postcode":"20052","addr:state":"DC","addr:street":"22nd Street Northwest","building":"house","building:levels":"3","building:levels:underground":"1","dataset":"buildings","dcgis:captureyear":"19990331","dcgis:lot":"0047","dcgis:square":"0080","house":"terraced","name":"George Washington Williams House","operator":"The George Washington University","operator:short":"GW","operator:type":"ngo","operator:wikidata":"Q432637","smoking":"no","source":"dcgis","website":"https://living.gwu.edu/fraternity-and-sorority-housing"},"geometry":{"type":"Polygon","coordinates":[[[-77.0485705,38.8977304],[-77.0486894,38.8977295],[-77.0486895,38.8977324],[-77.0487051,38.8977323],[-77.0487054,38.8977571],[-77.0486872,38.8977572],[-77.0486872,38.8977772],[-77.0485071,38.8977787],[-77.0485066,38.8977418],[-77.0485707,38.8977413],[-77.0485705,38.8977304]]]}},{"type":"Feature","id":66409308,"properties":{"osmId":66409308,"category":"academic","addr:city":"Washington","addr:housenumber":"2201","addr:postcode":"20052","addr:state":"DC","addr:street":"G Street Northwest","building":"university","building:levels":"7","dataset":"buildings","dcgis:captureyear":"19990331","dcgis:lot":"0030","dcgis:square":"0056","ele":"20","gnis:feature_id":"2085542","name":"Funger Hall","official_name":"Norma Lee and Morton Funger Hall","operator":"The George Washington University","operator:short":"GW","operator:type":"ngo","operator:wikidata":"Q432637","roof:shape":"flat","smoking":"no","source":"dcgis;USGS Geonames","wheelchair":"yes"},"geometry":{"type":"Polygon","coordinates":[[[-77.0493647,38.8987125],[-77.0493646,38.8987052],[-77.0492995,38.898705],[-77.0491343,38.8987055],[-77.0490858,38.898706],[-77.0490854,38.898631],[-77.0490292,38.8986312],[-77.0490288,38.8985615],[-77.0490854,38.8985613],[-77.049085,38.8984817],[-77.0493041,38.8984811],[-77.0493042,38.8984925],[-77.0493639,38.8984923],[-77.0493639,38.8984804],[-77.0495853,38.8984797],[-77.0495854,38.8984919],[-77.0496472,38.8984917],[-77.0496471,38.8984804],[-77.0498657,38.8984798],[-77.0498661,38.8985616],[-77.0499198,38.8985615],[-77.0499202,38.8986369],[-77.0498695,38.8986371],[-77.0498698,38.8987105],[-77.0496466,38.8987112],[-77.0496466,38.8987027],[-77.0495924,38.8987028],[-77.0495924,38.8987118],[-77.0493647,38.8987125]]]}},{"type":"Feature","id":66409310,"properties":{"osmId":66409310,"category":"other","addr:housenumber":"2145","addr:street":"G Street Northwest","amenity":"police","building":"yes","building:levels:aboveground":"2","dataset":"buildings","dcgis:captureyear":"19990331","dcgis:lot":"0808","dcgis:square":"0079","name":"Police Department, EMS","office":"university","operator":"The George Washington University","operator:short":"GW","operator:type":"ngo","operator:wikidata":"Q432637","smoking":"no","source":"dcgis"},"geometry":{"type":"Polygon","coordinates":[[[-77.0485998,38.8986467],[-77.0485994,38.8984474],[-77.0486824,38.8984479],[-77.0486822,38.8984623],[-77.0486817,38.8985114],[-77.0486801,38.8986466],[-77.0485998,38.8986467]]]}},{"type":"Feature","id":66409312,"properties":{"osmId":66409312,"category":"residential","addr:city":"Washington","addr:housenumber":"2100","addr:postcode":"20052","addr:state":"DC","addr:street":"I Street Northwest","amenity":"student_accommodation","building":"dormitory","building:levels":"8","building:levels:underground":"1","dataset":"buildings","dcgis:captureyear":"19990331","dcgis:lot":"0060","dcgis:square":"0077","ele":"21","gnis:feature_id":"2102313","name":"Lafayette Hall","operator":"The George Washington University","operator:short":"GW","operator:type":"ngo","operator:wikidata":"Q432637","smoking":"no","source":"dcgis;USGS Geonames","start_date":"1926","website":"https://living.gwu.edu/lafayette-hall"},"geometry":{"type":"Polygon","coordinates":[[[-77.0468016,38.9005758],[-77.0468009,38.9003156],[-77.0468275,38.9003148],[-77.0468268,38.9003241],[-77.0468289,38.9003241],[-77.04693,38.9003228],[-77.04693,38.900315],[-77.0469446,38.9003151],[-77.0469448,38.9003249],[-77.0469538,38.9003237],[-77.046953,38.9004829],[-77.0469898,38.9004839],[-77.04699,38.900556],[-77.0470022,38.9005561],[-77.0470014,38.9005772],[-77.0468016,38.9005758]]]}},{"type":"Feature","id":66409324,"properties":{"osmId":66409324,"category":"academic","addr:city":"Washington","addr:housenumber":"2023","addr:place":"Lisner Hall","addr:postcode":"20052","addr:state":"DC","addr:street":"G Street Northwest","air_conditioning":"yes","building":"university","building:levels":"6","dataset":"buildings","dcgis:captureyear":"20050405","dcgis:lot":"0046","dcgis:square":"0102","ele":"20","gnis:feature_id":"2102317","name":"Lisner Hall","operator":"The George Washington University","operator:short":"GW","operator:type":"ngo","operator:wikidata":"Q432637","smoking":"no","source":"USGS Geonames"},"geometry":{"type":"Polygon","coordinates":[[[-77.045631,38.8986726],[-77.0456304,38.8985256],[-77.0456303,38.8984987],[-77.045712,38.8984985],[-77.045712,38.8984822],[-77.0458572,38.8984819],[-77.0458573,38.8984986],[-77.0459356,38.8984984],[-77.0459358,38.8985564],[-77.0459363,38.8986738],[-77.0459365,38.8987272],[-77.0456312,38.8987279],[-77.045631,38.8986726]]]}},{"type":"Feature","id":66409332,"properties":{"osmId":66409332,"category":"other","amenity":"shelter","bench":"no","bin":"no","building":"yes","dataset":"buildings","dcgis:captureyear":"20050405","operator":"The George Washington University","source":"dcgis"},"geometry":{"type":"Polygon","coordinates":[[[-77.0475331,38.8990111],[-77.0475386,38.8990107],[-77.0475441,38.8990111],[-77.0475494,38.8990122],[-77.0475544,38.899014],[-77.0475589,38.8990165],[-77.0475628,38.8990196],[-77.047566,38.8990231],[-77.0475683,38.899027],[-77.0475698,38.8990312],[-77.0475702,38.8990354],[-77.0475698,38.8990397],[-77.0475683,38.8990439],[-77.047566,38.8990478],[-77.0475628,38.8990513],[-77.0475589,38.8990543],[-77.0475543,38.8990568],[-77.0475493,38.8990586],[-77.047544,38.8990597],[-77.0475385,38.8990601],[-77.047533,38.8990597],[-77.0475276,38.8990586],[-77.0475226,38.8990568],[-77.0475181,38.8990543],[-77.0475142,38.8990512],[-77.047511,38.8990477],[-77.0475087,38.8990438],[-77.0475073,38.8990396],[-77.0475068,38.8990354],[-77.0475073,38.8990311],[-77.0475088,38.8990269],[-77.0475111,38.899023],[-77.0475143,38.8990195],[-77.0475182,38.8990165],[-77.0475227,38.899014],[-77.0475277,38.8990122],[-77.0475331,38.8990111]]]}},{"type":"Feature","id":66409334,"properties":{"osmId":66409334,"category":"residential","addr:city":"Washington","addr:housenumber":"607","addr:postcode":"20052","addr:state":"DC","addr:street":"22nd Street Northwest","amenity":"student_accommodation","building":"house","building:levels":"3","building:levels:underground":"1","dataset":"buildings","dcgis:captureyear":"19990331","dcgis:lot":"0045","dcgis:square":"0080","house":"terraced","operator":"The George Washington University","operator:short":"GW","operator:type":"ngo","operator:wikidata":"Q432637","source":"dcgis","website":"https://living.gwu.edu/fraternity-and-sorority-housing"},"geometry":{"type":"Polygon","coordinates":[[[-77.0485688,38.8976389],[-77.0486858,38.8976364],[-77.0486929,38.8976363],[-77.048694,38.8976659],[-77.048685,38.897666],[-77.0486854,38.8976792],[-77.0485695,38.8976816],[-77.0485073,38.8976815],[-77.0485083,38.8976491],[-77.0485691,38.8976479],[-77.0485688,38.8976389]]]}},{"type":"Feature","id":66417569,"properties":{"osmId":66417569,"category":"religious","addr:housenumber":"2300","addr:state":"DC","addr:street":"H Street Northwest","amenity":"place_of_worship","building":"yes","dataset":"buildings","dcgis:captureyear":"20050405","dcgis:lot":"0840","dcgis:square":"0042","ele":"18","gnis:feature_id":"2085545","name":"Gewirz Hillel Center","religion":"jewish","source":"dcgis;USGS Geonames"},"geometry":{"type":"Polygon","coordinates":[[[-77.0503306,38.8993349],[-77.0504853,38.8993349],[-77.0504886,38.8994499],[-77.0504621,38.8994486],[-77.0504623,38.8994609],[-77.050361,38.8994623],[-77.0503613,38.8994557],[-77.0502904,38.8994559],[-77.050288,38.8993319],[-77.0503306,38.8993349]]]}},{"type":"Feature","id":66417573,"properties":{"osmId":66417573,"category":"religious","addr:city":"Washington","addr:housenumber":"2401","addr:postcode":"20037","addr:state":"DC","addr:street":"Virginia Avenue Northwest","amenity":"place_of_worship","building":"yes","dataset":"buildings","dcgis:captureyear":"20050405","dcgis:lot":"0028","dcgis:square":"0031","denomination":"presbyterian","name":"Western Presbyterian Church","religion":"christian","source":"dcgis"},"geometry":{"type":"Polygon","coordinates":[[[-77.0515988,38.8987769],[-77.0515836,38.8987778],[-77.0515901,38.8984845],[-77.0515804,38.8984798],[-77.0515792,38.8984636],[-77.0515879,38.8984576],[-77.0515874,38.898443],[-77.0516115,38.8984382],[-77.0516275,38.8984379],[-77.0516346,38.8984466],[-77.0520386,38.8984452],[-77.0520404,38.8986132],[-77.051949,38.8986129],[-77.0519483,38.8985731],[-77.0517958,38.8985725],[-77.0517937,38.898669],[-77.0519492,38.8986682],[-77.0519487,38.8986467],[-77.05204,38.8986461],[-77.052038,38.8987779],[-77.0515988,38.8987769]]]}},{"type":"Feature","id":66417642,"properties":{"osmId":66417642,"category":"residential","addr:city":"Washington","addr:housename":"Phillip Amsterdam Hall","addr:housenumber":"2350","addr:postcode":"20052","addr:state":"DC","addr:street":"H Street Northwest","amenity":"student_accommodation","building":"dormitory","building:levels":"9","dataset":"buildings","dcgis:captureyear":"19990331","dcgis:lot":"0054","dcgis:square":"0042","ele":"18","gnis:feature_id":"2085546","name":"Philip Amsterdam Hall","old_name":"New Hall","operator":"The George Washington University","operator:short":"GW","operator:type":"ngo","operator:wikidata":"Q432637","smoking":"no","source":"dcgis;USGS Geonames","start_date":"1997","website":"https://living.gwu.edu/amsterdam-hall"},"geometry":{"type":"Polygon","coordinates":[[[-77.0510541,38.8993362],[-77.0510128,38.8993361],[-77.0510127,38.8993502],[-77.0508829,38.8993499],[-77.0508828,38.8993769],[-77.0508931,38.899377],[-77.0508929,38.8994498],[-77.0505654,38.8994491],[-77.0505662,38.8992589],[-77.050794,38.8992593],[-77.0507943,38.8992024],[-77.0508414,38.8992025],[-77.0508418,38.8991937],[-77.0512666,38.8991879],[-77.0512656,38.8994519],[-77.0510536,38.8994513],[-77.0510541,38.8993362]]]}},{"type":"Feature","id":66417670,"properties":{"osmId":66417670,"category":"residential","addr:city":"Washington","addr:housenumber":"616","addr:postcode":"20052","addr:state":"DC","addr:street":"23rd Street Northwest","amenity":"student_accommodation","building":"dormitory","building:levels":"10","dataset":"buildings","dcgis:captureyear":"20050405","dcgis:lot":"0026","dcgis:square":"0043","ele":"18","gnis:feature_id":"2102077","name":"Shenkman Hall","operator":"The George Washington University","operator:short":"GW","operator:type":"ngo","operator:wikidata":"Q432637","smoking":"no","source":"dcgis;USGS Geonames","website":"https://living.gwu.edu/residence-halls"},"geometry":{"type":"Polygon","coordinates":[[[-77.0503092,38.8976617],[-77.0503091,38.8976551],[-77.0504084,38.8976541],[-77.0504085,38.8976585],[-77.0504711,38.8976579],[-77.0505143,38.8976746],[-77.0505275,38.8976573],[-77.0505189,38.8976535],[-77.0505724,38.8975889],[-77.050583,38.8975843],[-77.050963,38.8977893],[-77.0509455,38.8978146],[-77.0509758,38.8978319],[-77.0508705,38.8979536],[-77.0505738,38.8977933],[-77.0505219,38.8977936],[-77.0505205,38.8978086],[-77.0505285,38.8978098],[-77.0505284,38.8979976],[-77.0505205,38.8979981],[-77.0505217,38.898026],[-77.0507476,38.8980278],[-77.0507485,38.8981787],[-77.0507117,38.89818],[-77.050711,38.8982042],[-77.0503534,38.8982044],[-77.0503492,38.8981943],[-77.0503159,38.8981943],[-77.0503092,38.8976617]]]}},{"type":"Feature","id":66417764,"properties":{"osmId":66417764,"category":"academic","addr:housenumber":"2300","addr:state":"DC","addr:street":"I Street Northwest","building":"university","building:levels":"7","dataset":"buildings","dcgis:captureyear":"19990331","dcgis:lot":"0040","dcgis:square":"0041","ele":"17","gnis:feature_id":"2085526","name":"Ross Hall","source":"dcgis;USGS Geonames","wheelchair":"yes"},"geometry":{"type":"Polygon","coordinates":[[[-77.0503111,38.8997084],[-77.0503429,38.8997083],[-77.0503429,38.8997024],[-77.0506011,38.899702],[-77.0506011,38.8997093],[-77.050634,38.8997116],[-77.0506324,38.8999427],[-77.0505987,38.8999432],[-77.0505987,38.8999813],[-77.0506545,38.8999809],[-77.0506543,38.8999624],[-77.0509098,38.8999617],[-77.0509099,38.8999818],[-77.0509651,38.8999823],[-77.0509644,38.8999431],[-77.050933,38.8999431],[-77.0509342,38.899769],[-77.0512474,38.899769],[-77.0512487,38.9002308],[-77.0511598,38.900231],[-77.0511599,38.9002586],[-77.0512493,38.9002584],[-77.05125,38.9004935],[-77.051212,38.9004936],[-77.051212,38.9005027],[-77.0509634,38.9005031],[-77.0509634,38.9004909],[-77.0509312,38.900491],[-77.0509306,38.9002565],[-77.0509625,38.9002564],[-77.0509625,38.9002205],[-77.0509101,38.9002206],[-77.0509101,38.9002373],[-77.050654,38.9002377],[-77.050654,38.9002206],[-77.0505933,38.9002207],[-77.0505935,38.9002973],[-77.0507536,38.900297],[-77.0507543,38.900567],[-77.0503134,38.9005678],[-77.0503111,38.8997084]]]}},{"type":"Feature","id":66417799,"properties":{"osmId":66417799,"category":"religious","amenity":"place_of_worship","building":"church","dataset":"buildings","dcgis:captureyear":"19990331","denomination":"anglican","ele":"16","gnis:feature_id":"531263","name":"Saint Paul's Episcopal Church","religion":"christian","source":"dcgis","website":"http://www.stpauls-kst.com/"},"geometry":{"type":"Polygon","coordinates":[[[-77.0522544,38.9022129],[-77.0522635,38.9022129],[-77.0522633,38.9021903],[-77.0522991,38.9021901],[-77.052299,38.9021758],[-77.0523598,38.9021755],[-77.0523595,38.9021487],[-77.052382,38.9021487],[-77.0523809,38.9019906],[-77.052478,38.9019901],[-77.052478,38.9019754],[-77.052511,38.9019752],[-77.052511,38.9019901],[-77.0527225,38.9019892],[-77.0527229,38.9020408],[-77.0527453,38.9020407],[-77.0527454,38.9020473],[-77.0528097,38.902047],[-77.0528105,38.9021491],[-77.0527513,38.9021494],[-77.0527519,38.9022521],[-77.0527662,38.9022521],[-77.0527666,38.9023179],[-77.0525992,38.9023186],[-77.0525992,38.9023063],[-77.0525658,38.9023064],[-77.0525655,38.9022567],[-77.0525804,38.9022567],[-77.0525754,38.9021363],[-77.0525068,38.9021365],[-77.0525074,38.902197],[-77.0524628,38.9021971],[-77.0524631,38.9022399],[-77.0524858,38.9022398],[-77.0524865,38.9023338],[-77.0522542,38.9023348],[-77.0522544,38.9022129]]]}},{"type":"Feature","id":66417848,"properties":{"osmId":66417848,"category":"academic","addr:housenumber":"2301","addr:state":"DC","addr:street":"G Street Northwest","building":"university","dataset":"buildings","dcgis:captureyear":"20050405","dcgis:lot":"0055","dcgis:square":"0042","ele":"18","gnis:feature_id":"2102315","leisure":"fitness_centre","name":"Lerner Health and Wellness Center","opening_hours":"Mo-Fr 06:00-22:00; Sa-Su 08:00-20:00","source":"dcgis;USGS Geonames","website":"https://students.gwu.edu/campus-rec-facilities-hours-operation"},"geometry":{"type":"Polygon","coordinates":[[[-77.0503093,38.8987768],[-77.0503095,38.8987472],[-77.0503114,38.8984476],[-77.0503993,38.898448],[-77.0510531,38.8984506],[-77.0510521,38.8986103],[-77.0510152,38.8986102],[-77.0508426,38.8986095],[-77.0507375,38.8986091],[-77.0507369,38.898704],[-77.0507364,38.8987785],[-77.0506634,38.8987778],[-77.0503093,38.8987768]]]}},{"type":"Feature","id":66420114,"properties":{"osmId":66420114,"category":"other","addr:city":"Washington","addr:housenumber":"1661","addr:postcode":"20006","addr:state":"DC","addr:street":"Pennsylvania Avenue Northwest","alt_name":"Renwick Gallery of the Smithsonian American Art Museum","building":"yes","building:levels":"2","dataset":"buildings","dcgis:captureyear":"19990331","dcgis:lot":"0800","dcgis:square":"0167","museum":"art","name":"Renwick Gallery","name:en":"Renwick Gallery","name:es":"Galería Renwick","opening_hours":"Mo-Su 10:00-17:30","operator":"Smithsonian Institute","roof:levels":"1","roof:shape":"many","source":"dcgis","tourism":"museum","website":"https://americanart.si.edu/visit/renwick","wikidata":"Q876537","wikimedia_commons":"File:Renwick_Gallery_1_(27620950381).jpg","wikipedia":"en:Renwick Gallery"},"geometry":{"type":"Polygon","coordinates":[[[-77.0389042,38.8991004],[-77.0389033,38.8990227],[-77.0388981,38.8990228],[-77.0388976,38.8989807],[-77.0388974,38.8989629],[-77.0392596,38.8989603],[-77.0392601,38.899007],[-77.0392365,38.8990072],[-77.0392394,38.8992465],[-77.0392598,38.8992464],[-77.0392604,38.8992909],[-77.0389065,38.8992934],[-77.0389042,38.8991004]]]}},{"type":"Feature","id":66680824,"properties":{"osmId":66680824,"category":"academic","addr:street":"I Street Northwest","amenity":"arts_centre","building":"university","building:levels":"4","dataset":"buildings","dcgis:captureyear":"19990331","dcgis:lot":"0846","dcgis:square":"0078","name":"Spilsbury Gallery","source":"dcgis"},"geometry":{"type":"Polygon","coordinates":[[[-77.0456022,38.9014524],[-77.0456818,38.9014501],[-77.0456862,38.9016487],[-77.0456866,38.9016682],[-77.0456046,38.9016698],[-77.0456022,38.9014524]]]}},{"type":"Feature","id":66691648,"properties":{"osmId":66691648,"category":"religious","amenity":"place_of_worship","building":"yes","dataset":"buildings","dcgis:captureyear":"19990331","dcgis:gis_id":"12010","ele":"46","gnis:feature_id":"530796","name":"Oak Hill Cemetery Chapel","religion":"christian","source":"dcgis","wikidata":"Q2008413","wikimedia_commons":"Category:Oak Hill Cemetery Chapel"},"geometry":{"type":"Polygon","coordinates":[[[-77.0582678,38.9129026],[-77.0582734,38.9128343],[-77.0584193,38.9128416],[-77.0584137,38.9129098],[-77.0582678,38.9129026]]]}},{"type":"Feature","id":66691898,"properties":{"osmId":66691898,"category":"religious","addr:housenumber":"2709","addr:street":"N Street Northwest","amenity":"place_of_worship","building":"yes","dataset":"buildings","dcgis:captureyear":"19990331","dcgis:lot":"0803","dcgis:square":"1236","denomination":"baptist","name":"Alexander Memorial Baptist Church","religion":"christian","source":"dcgis"},"geometry":{"type":"Polygon","coordinates":[[[-77.0563291,38.9070818],[-77.0563313,38.9071753],[-77.0563336,38.907251],[-77.0561961,38.9072533],[-77.0561886,38.9069915],[-77.0563262,38.9069891],[-77.0563291,38.9070818]]]}},{"type":"Feature","id":66691926,"properties":{"osmId":66691926,"category":"religious","addr:housenumber":"3115","addr:street":"P Street Northwest","amenity":"place_of_worship","building":"yes","dataset":"buildings","dcgis:captureyear":"19990331","dcgis:gis_id":"85819","dcgis:lot":"0063","dcgis:square":"1270","denomination":"presbyterian","ele":"34","gnis:feature_id":"531293","name":"Georgetown Presbyterian Church","religion":"christian","source":"dcgis"},"geometry":{"type":"Polygon","coordinates":[[[-77.0618782,38.9095855],[-77.0618753,38.90943],[-77.0620095,38.9094289],[-77.0620101,38.9094384],[-77.0620343,38.909438],[-77.0620343,38.9094283],[-77.0622443,38.9094264],[-77.0622441,38.9096352],[-77.0620374,38.9096412],[-77.0620351,38.9094912],[-77.0620118,38.9094919],[-77.0620141,38.9096418],[-77.0618617,38.9096459],[-77.0618591,38.9095859],[-77.0618782,38.9095855]]]}},{"type":"Feature","id":66692068,"properties":{"osmId":66692068,"category":"religious","addr:housenumber":"3101","addr:street":"N Street Northwest","amenity":"place_of_worship","building":"church","check_date":"2023-11-05","dataset":"buildings","dcgis:captureyear":"20050405","dcgis:gis_id":"76527","dcgis:lot":"0032","dcgis:square":"1232","denomination":"baptist","ele":"30","gnis:feature_id":"2506947","name":"Georgetown Baptist Church","religion":"christian","source":"dcgis"},"geometry":{"type":"Polygon","coordinates":[[[-77.061537,38.906918],[-77.061539,38.9070687],[-77.0615417,38.9071687],[-77.0615426,38.9071926],[-77.0614731,38.9071941],[-77.0614711,38.9071383],[-77.0613899,38.9071401],[-77.0613903,38.9071485],[-77.0613297,38.9071498],[-77.0613255,38.9069729],[-77.061314,38.9069731],[-77.0613128,38.9069188],[-77.061385,38.9069178],[-77.0613854,38.906936],[-77.061397,38.9069359],[-77.0613968,38.9069277],[-77.0614961,38.9069264],[-77.0614959,38.9069179],[-77.061537,38.906918]]]}},{"type":"Feature","id":66692307,"properties":{"osmId":66692307,"category":"religious","addr:city":"Washington","addr:housenumber":"3116","addr:postcode":"20007","addr:state":"DC","addr:street":"O Street Northwest","amenity":"place_of_worship","building":"church","check_date":"2023-11-05","dataset":"address","dcgis:captureyear":"19990331","dcgis:gis_id":"84338","dcgis:lot":"0823","dcgis:square":"1243","name":"Christ Church Georgetown","religion":"christian","source":"dcgis","website":"https://www.christchurchgeorgetown.org/","wikidata":"Q5108745"},"geometry":{"type":"Polygon","coordinates":[[[-77.061379,38.9080496],[-77.0615863,38.9080479],[-77.0616464,38.9080455],[-77.0616487,38.9081972],[-77.0615544,38.9081996],[-77.0615587,38.908374],[-77.061358,38.9083787],[-77.0613504,38.9081856],[-77.0613393,38.9081855],[-77.061338,38.9081092],[-77.0613481,38.9081089],[-77.0613473,38.9080503],[-77.061379,38.9080496]]]}},{"type":"Feature","id":66692566,"properties":{"osmId":66692566,"category":"academic","building":"school","dataset":"buildings","dcgis:captureyear":"19990331","dcgis:gis_id":"158518","ele":"51","gnis:feature_id":"528625","name":"Jackson School","source":"dcgis","wikimedia_commons":"Category:Jackson School, Washington, D.C."},"geometry":{"type":"Polygon","coordinates":[[[-77.061365,38.9127828],[-77.0613247,38.9127756],[-77.0613228,38.912784],[-77.0612568,38.912772],[-77.0612582,38.9127634],[-77.0611646,38.9127468],[-77.0611935,38.9126527],[-77.0611845,38.9126503],[-77.0611976,38.9126044],[-77.0612069,38.9126066],[-77.0612357,38.9125119],[-77.0614869,38.9125602],[-77.0614579,38.9126526],[-77.0614695,38.9126546],[-77.0614545,38.9127001],[-77.0614441,38.9126971],[-77.0614285,38.912749],[-77.0614429,38.9127717],[-77.0614423,38.9127768],[-77.0614409,38.9127818],[-77.0614386,38.9127866],[-77.061436,38.9127902],[-77.0614354,38.912791],[-77.0614315,38.9127952],[-77.0614269,38.9127987],[-77.0614216,38.9128017],[-77.0614185,38.9128031],[-77.0614159,38.9128043],[-77.0614098,38.9128061],[-77.0614034,38.9128071],[-77.0613969,38.9128075],[-77.0613903,38.9128072],[-77.061384,38.9128062],[-77.0613795,38.912805],[-77.061365,38.9127828]]]}},{"type":"Feature","id":66692728,"properties":{"osmId":66692728,"category":"religious","building":"church","dataset":"buildings","dcgis:captureyear":"19990331","dcgis:gis_id":"92252","source":"dcgis"},"geometry":{"type":"Polygon","coordinates":[[[-77.0609345,38.910394],[-77.0609324,38.9101024],[-77.0611052,38.9101025],[-77.0611089,38.9102184],[-77.061109,38.9102197],[-77.0610897,38.9102208],[-77.0610911,38.9103533],[-77.0611016,38.9103532],[-77.061102,38.9103927],[-77.0610483,38.9103927],[-77.0610479,38.9103779],[-77.0609813,38.9103783],[-77.0609814,38.9103939],[-77.0609345,38.910394]]]}},{"type":"Feature","id":66692778,"properties":{"osmId":66692778,"category":"religious","addr:housenumber":"2801","addr:street":"N Street Northwest","amenity":"place_of_worship","building":"yes","dataset":"address","dcgis:captureyear":"19990331","dcgis:lot":"0800","dcgis:square":"1235","name":"Kesher Israel Georgetown Synagogue","religion":"jewish","source":"dcgis","url":"http://kesher.org","wikidata":"Q18153119"},"geometry":{"type":"Polygon","coordinates":[[[-77.0572708,38.9070426],[-77.0572721,38.9071054],[-77.0571685,38.9071066],[-77.0571652,38.9069459],[-77.0572697,38.9069444],[-77.0572708,38.9070426]]]}},{"type":"Feature","id":66692829,"properties":{"osmId":66692829,"category":"academic","addr:housenumber":"3050","addr:street":"R Street Northwest","building":"school","building:use":"appartment","dataset":"buildings","dcgis:captureyear":"19990331","dcgis:gis_id":"12009","dcgis:lot":"0276","dcgis:square":"1282","ele":"52","gnis:feature_id":"531088","name":"The Montrose","old_name":"Henry and Anne Hurt Home","source":"dcgis","wikimedia_commons":"Category:The Montrose (Washington, D.C.)"},"geometry":{"type":"Polygon","coordinates":[[[-77.0619133,38.9128911],[-77.0619204,38.9128674],[-77.061817,38.9128486],[-77.0618211,38.9128349],[-77.0617776,38.912827],[-77.0617742,38.9128383],[-77.0616686,38.9128191],[-77.061665,38.9128184],[-77.0617388,38.9125727],[-77.0618598,38.9125948],[-77.0618198,38.9127279],[-77.0621399,38.9127861],[-77.0621053,38.9129015],[-77.062002,38.9128827],[-77.0619951,38.9129059],[-77.0619133,38.9128911]]]}},{"type":"Feature","id":66692876,"properties":{"osmId":66692876,"category":"religious","addr:housenumber":"2712","addr:street":"Dumbarton Street Northwest","amenity":"place_of_worship","building":"yes","dataset":"buildings","dcgis:captureyear":"19990331","dcgis:lot":"0163","dcgis:square":"1236","denomination":"catholic","ele":"22","gnis:feature_id":"529524","name":"Epiphany Catholic Church","religion":"christian","source":"dcgis"},"geometry":{"type":"Polygon","coordinates":[[[-77.0563636,38.9075585],[-77.0563588,38.9073467],[-77.0565038,38.9073447],[-77.0565084,38.9075563],[-77.0565168,38.9075562],[-77.0565176,38.9075917],[-77.0563552,38.9075939],[-77.0563545,38.9075585],[-77.0563636,38.9075585]]]}},{"type":"Feature","id":66693211,"properties":{"osmId":66693211,"category":"religious","addr:housenumber":"2600","addr:street":"P Street Northwest","amenity":"place_of_worship","building":"yes","dataset":"buildings","dcgis:captureyear":"20050405","dcgis:lot":"0823","dcgis:square":"1262","denomination":"baptist","ele":"21","gnis:feature_id":"531708","name":"Jerusalem Baptist Church","religion":"christian","source":"dcgis"},"geometry":{"type":"Polygon","coordinates":[[[-77.0549819,38.9089976],[-77.0550271,38.908997],[-77.0550272,38.9090065],[-77.0550643,38.9090072],[-77.0550644,38.9090318],[-77.0550692,38.9092852],[-77.0548826,38.9092875],[-77.0548777,38.9090333],[-77.0549826,38.909032],[-77.0549819,38.9089976]]]}},{"type":"Feature","id":66693316,"properties":{"osmId":66693316,"category":"religious","addr:housenumber":"1041","addr:street":"Wisconsin Avenue Northwest","amenity":"place_of_worship","building":"church","dataset":"buildings","dcgis:captureyear":"19990331","dcgis:gis_id":"15661","dcgis:lot":"0835","dcgis:square":"1189","denomination":"episcopal","name":"Grace Episcopal Church","religion":"christian","source":"dcgis","wikidata":"Q5591146"},"geometry":{"type":"Polygon","coordinates":[[[-77.0621373,38.9035155],[-77.0621401,38.9036295],[-77.0619074,38.903632],[-77.0619058,38.9035179],[-77.0621373,38.9035155]]]}},{"type":"Feature","id":66693357,"properties":{"osmId":66693357,"category":"religious","addr:housenumber":"2624","addr:street":"Dumbarton Street Northwest","amenity":"place_of_worship","building":"yes","dataset":"buildings","dcgis:captureyear":"19990331","dcgis:lot":"0805","dcgis:square":"1237","denomination":"baptist","ele":"19","gnis:feature_id":"2506940","name":"First Baptist Church of Georgetown","religion":"christian","source":"dcgis"},"geometry":{"type":"Polygon","coordinates":[[[-77.0555892,38.9074854],[-77.0557013,38.9074841],[-77.0557035,38.9075997],[-77.0557178,38.9075995],[-77.0557185,38.9076347],[-77.0556794,38.9076352],[-77.0556792,38.9076265],[-77.05561,38.9076273],[-77.0556102,38.9076349],[-77.0555772,38.9076353],[-77.0555765,38.9075995],[-77.0555915,38.9075993],[-77.0555892,38.9074854]]]}},{"type":"Feature","id":66693578,"properties":{"osmId":66693578,"category":"religious","addr:housenumber":"1238","addr:street":"31st Street Northwest","amenity":"place_of_worship","building":"church","check_date":"2023-11-05","dataset":"buildings","dcgis:captureyear":"19990331","dcgis:gis_id":"84284","dcgis:lot":"0849","dcgis:square":"1208","denomination":"christ_scientist","ele":"26","gnis:feature_id":"529528","name":"Fifth Christian Science Church","religion":"christian","source":"dcgis"},"geometry":{"type":"Polygon","coordinates":[[[-77.0615868,38.9061452],[-77.0615858,38.9062723],[-77.0613187,38.9062733],[-77.0613177,38.9061463],[-77.0615868,38.9061452]]]}},{"type":"Feature","id":66790252,"properties":{"osmId":66790252,"category":"religious","amenity":"place_of_worship","building":"yes","dataset":"buildings","dcgis:captureyear":"20050405","denomination":"presbyterian","ele":"20","gnis:feature_id":"531137","name":"Church of the Pilgrims","religion":"christian","source":"dcgis","wikidata":"Q16258320","wikipedia":"en:Church of the Pilgrims (Washington, D.C.)"},"geometry":{"type":"Polygon","coordinates":[[[-77.0495199,38.9105712],[-77.0494834,38.9105614],[-77.0493603,38.9105265],[-77.0492568,38.9107679],[-77.0491738,38.9107464],[-77.0491849,38.91072],[-77.0491176,38.9107027],[-77.0491459,38.9106356],[-77.0491504,38.9106368],[-77.0491867,38.910551],[-77.0492051,38.9105558],[-77.0492425,38.9104674],[-77.0492331,38.9104545],[-77.0492403,38.9104367],[-77.0492407,38.910436],[-77.0492584,38.9104297],[-77.0492715,38.9103988],[-77.0492128,38.9103836],[-77.0492733,38.9102408],[-77.0493608,38.9102634],[-77.0493724,38.9102359],[-77.0494139,38.9102466],[-77.0494039,38.9102708],[-77.0497165,38.9103515],[-77.0497305,38.9103435],[-77.0497567,38.9103504],[-77.0497605,38.9103629],[-77.0497689,38.9103651],[-77.0497287,38.9104605],[-77.0497641,38.9104697],[-77.0497434,38.9105193],[-77.049623,38.9104882],[-77.0496389,38.9104507],[-77.0495861,38.9104371],[-77.0495695,38.9104763],[-77.0493345,38.9104156],[-77.0493241,38.91044],[-77.0493979,38.910459],[-77.049394,38.9104682],[-77.0495075,38.9104966],[-77.0494965,38.9105284],[-77.0495336,38.9105391],[-77.0495199,38.9105712]]]}},{"type":"Feature","id":66790264,"properties":{"osmId":66790264,"category":"religious","building":"yes","dataset":"buildings","dcgis:captureyear":"20050405","source":"dcgis"},"geometry":{"type":"Polygon","coordinates":[[[-77.0495285,38.9106402],[-77.0494573,38.9106212],[-77.0494834,38.9105614],[-77.0495199,38.9105712],[-77.0495381,38.910576],[-77.0496525,38.9106066],[-77.049626,38.9106673],[-77.0495285,38.9106402]]]}},{"type":"Feature","id":66790374,"properties":{"osmId":66790374,"category":"religious","building":"yes","dataset":"buildings","dcgis:captureyear":"19990331","source":"dcgis"},"geometry":{"type":"Polygon","coordinates":[[[-77.0496015,38.9105808],[-77.0496232,38.9105311],[-77.0496902,38.910549],[-77.0496683,38.9105987],[-77.0496015,38.9105808]]]}},{"type":"Feature","id":66816533,"properties":{"osmId":66816533,"category":"religious","amenity":"place_of_worship","building":"yes","dataset":"buildings","dcgis:captureyear":"19990331","denomination":"african_methodist_episcopal_zion","ele":"30","gnis:feature_id":"529680","name":"John Wesley African Methodist Episcopal Zion Church","religion":"christian","source":"dcgis","start_date":"1847"},"geometry":{"type":"Polygon","coordinates":[[[-77.0317606,38.9114756],[-77.031761,38.9115257],[-77.0317655,38.9115257],[-77.031763,38.9117965],[-77.0315166,38.9117951],[-77.0315169,38.9117649],[-77.0314027,38.9117643],[-77.0314052,38.9114805],[-77.0314317,38.9114735],[-77.0317606,38.9114756]]]}},{"type":"Feature","id":66834114,"properties":{"osmId":66834114,"category":"residential","addr:housenumber":"1825","addr:state":"DC","addr:street":"R Street Northwest","building":"dormitory","building:levels":"5","dataset":"buildings","dcgis:captureyear":"19990331","dcgis:lot":"0176","dcgis:square":"0133","ele":"27","gnis:feature_id":"529803","name":"International Student House of Washington, D.C.","source":"dcgis;USGS Geonames","target":"US","wikidata":"Q65085150","wikipedia":"en:International Student House of Washington, D.C."},"geometry":{"type":"Polygon","coordinates":[[[-77.0425664,38.9127917],[-77.0425661,38.912832],[-77.0425363,38.9128323],[-77.0425368,38.9128703],[-77.0423621,38.9128719],[-77.0423613,38.9128171],[-77.0422288,38.9128184],[-77.0422276,38.9127312],[-77.0422847,38.9127307],[-77.0422846,38.9127246],[-77.0422846,38.9127238],[-77.0423461,38.9127234],[-77.0423462,38.9127315],[-77.0423958,38.912731],[-77.0424129,38.9127179],[-77.0424403,38.9127177],[-77.0424563,38.9127304],[-77.0425342,38.9127298],[-77.042535,38.9127919],[-77.0425664,38.9127917]]]}},{"type":"Feature","id":66834469,"properties":{"osmId":66834469,"category":"residential","addr:housenumber":"1824","addr:street":"Riggs Place Northwest","building":"dormitory","dataset":"buildings","dcgis:captureyear":"19990331","dcgis:lot":"0821","dcgis:square":"0133","name":"Marpat Hall","source":"dcgis","wikimedia_commons":"File:Marpat Hall.JPG"},"geometry":{"type":"Polygon","coordinates":[[[-77.0425911,38.9132221],[-77.0425908,38.9132101],[-77.0426314,38.9132098],[-77.0426313,38.9132011],[-77.042615,38.9132012],[-77.0426146,38.9131665],[-77.0426058,38.9131665],[-77.0426057,38.9131567],[-77.0426145,38.9131567],[-77.0426135,38.9130918],[-77.0427046,38.913091],[-77.042706,38.9131927],[-77.0427101,38.9131927],[-77.0427116,38.9133099],[-77.0425923,38.9133109],[-77.0425915,38.9132559],[-77.0425911,38.9132221]]]}},{"type":"Feature","id":66834641,"properties":{"osmId":66834641,"category":"residential","building":"dormitory","dataset":"buildings","dcgis:captureyear":"19990331","name":"Van Slyck Hall","source":"dcgis"},"geometry":{"type":"Polygon","coordinates":[[[-77.0425661,38.912832],[-77.0425664,38.9127917],[-77.0425654,38.9127321],[-77.0426715,38.9127312],[-77.0426831,38.9127222],[-77.04271,38.912722],[-77.042722,38.9127314],[-77.042732,38.9127313],[-77.0427334,38.9128247],[-77.0427338,38.9128561],[-77.0427261,38.9128562],[-77.0427119,38.9128671],[-77.0426874,38.9128673],[-77.0426739,38.9128566],[-77.0426617,38.9128567],[-77.0426486,38.9128667],[-77.0426232,38.9128669],[-77.0426101,38.9128566],[-77.0426,38.9128567],[-77.0425999,38.9128497],[-77.0425663,38.91285],[-77.0425661,38.912832]]]}},{"type":"Feature","id":66834647,"properties":{"osmId":66834647,"category":"religious","addr:housenumber":"1701","addr:street":"20th Street Northwest","building":"yes","dataset":"buildings","dcgis:captureyear":"19990331","dcgis:lot":"0060","dcgis:square":"0110","source":"dcgis","wikidata":"Q5493635","wikipedia":"en:Fraser Mansion"},"geometry":{"type":"Polygon","coordinates":[[[-77.0444615,38.9128663],[-77.0444471,38.9128665],[-77.0444492,38.9128277],[-77.044472,38.9128281],[-77.0444727,38.9128262],[-77.0444744,38.9128225],[-77.0444766,38.912819],[-77.0444794,38.9128156],[-77.0444809,38.9128141],[-77.0444841,38.9128111],[-77.0444843,38.9127282],[-77.0447163,38.9127284],[-77.0447164,38.9128052],[-77.0447505,38.9128052],[-77.0447506,38.9128494],[-77.044716,38.9128494],[-77.0447162,38.912922],[-77.0444616,38.9129223],[-77.0444615,38.9128663]]]}},{"type":"Feature","id":66834868,"properties":{"osmId":66834868,"category":"religious","building":"yes","dataset":"buildings","dcgis:captureyear":"19990331","source":"dcgis"},"geometry":{"type":"Polygon","coordinates":[[[-77.0443756,38.9127649],[-77.0443758,38.9127368],[-77.0444594,38.9127372],[-77.0444591,38.9127655],[-77.0444501,38.9127654],[-77.0443756,38.9127649]]]}},{"type":"Feature","id":67079766,"properties":{"osmId":67079766,"category":"academic","addr:housenumber":"1730","addr:street":"R Street Northwest","building":"school","dataset":"buildings","dcgis:captureyear":"19990331","dcgis:lot":"0821","dcgis:square":"0155","source":"dcgis"},"geometry":{"type":"Polygon","coordinates":[[[-77.0395759,38.9124912],[-77.0395747,38.9123923],[-77.0395451,38.9123926],[-77.0395446,38.9123447],[-77.0395797,38.9123445],[-77.0395789,38.9122768],[-77.0395785,38.9122474],[-77.0398364,38.9122455],[-77.0398375,38.9123429],[-77.0398711,38.9123427],[-77.0398717,38.9123909],[-77.039838,38.9123911],[-77.0398392,38.9124893],[-77.0395759,38.9124912]]]}},{"type":"Feature","id":67079796,"properties":{"osmId":67079796,"category":"religious","amenity":"place_of_worship","building":"church","dataset":"buildings","dcgis:captureyear":"19990331","denomination":"baptist","ele":"23","gnis:feature_id":"529737","name":"First Baptist Church of the City of Washington","religion":"christian","source":"dcgis","wikidata":"Q7734076"},"geometry":{"type":"Polygon","coordinates":[[[-77.0372948,38.9083398],[-77.0372949,38.9082973],[-77.0374716,38.9082975],[-77.0374715,38.9083466],[-77.037471,38.9086102],[-77.0371749,38.9086099],[-77.037175,38.9085448],[-77.0369572,38.9085446],[-77.0369572,38.9085593],[-77.0369482,38.9085593],[-77.0369482,38.9085691],[-77.036896,38.908569],[-77.036896,38.9085593],[-77.0368675,38.9085593],[-77.0368675,38.9085533],[-77.0368363,38.9085532],[-77.0368363,38.9085205],[-77.0368214,38.9085205],[-77.0368215,38.908413],[-77.0368358,38.908413],[-77.0368359,38.9083778],[-77.0369487,38.9083779],[-77.0369487,38.9083905],[-77.0371737,38.9083908],[-77.0371738,38.9083397],[-77.0372948,38.9083398]]]}},{"type":"Feature","id":67079845,"properties":{"osmId":67079845,"category":"religious","addr:housenumber":"1500","addr:street":"16th Street Northwest","amenity":"place_of_worship","building":"yes","dataset":"buildings","dcgis:captureyear":"19990331","dcgis:lot":"0085","dcgis:square":"0180","denomination":"methodist","name":"Foundry United Methodist Church","religion":"christian","source":"dcgis","website":"https://www.foundryumc.org/","wikidata":"Q65087446"},"geometry":{"type":"Polygon","coordinates":[[[-77.0369394,38.9099743],[-77.0371838,38.9099749],[-77.0371832,38.9101034],[-77.0371823,38.9103381],[-77.0367933,38.9103371],[-77.0367935,38.9102907],[-77.0367754,38.9102906],[-77.0367759,38.9101687],[-77.036794,38.9101687],[-77.036794,38.9101653],[-77.03677,38.9101652],[-77.0367702,38.9101024],[-77.0367937,38.9101025],[-77.0367942,38.909974],[-77.0367947,38.909856],[-77.0367951,38.909771],[-77.0370686,38.9097717],[-77.0370685,38.9097894],[-77.0370949,38.9097894],[-77.0370943,38.9099434],[-77.036924,38.909943],[-77.0369239,38.9099607],[-77.0369395,38.9099608],[-77.0369394,38.9099743]]]}},{"type":"Feature","id":67085759,"properties":{"osmId":67085759,"category":"religious","amenity":"place_of_worship","building":"church","dataset":"buildings","dcgis:captureyear":"19990331","ele":"25","gnis:feature_id":"531186","name":"Grace Reformed Church","religion":"christian","source":"dcgis","wikidata":"Q5591355"},"geometry":{"type":"Polygon","coordinates":[[[-77.0343672,38.9091346],[-77.0343673,38.9091377],[-77.0342398,38.909137],[-77.0341406,38.9091368],[-77.0341405,38.9091568],[-77.0340138,38.9091564],[-77.0340145,38.9089973],[-77.0341363,38.9089976],[-77.0341363,38.9089914],[-77.0343634,38.9089919],[-77.0343633,38.9090259],[-77.034375,38.9090259],[-77.0343745,38.9091031],[-77.0343674,38.909103],[-77.0343672,38.9091346]]]}},{"type":"Feature","id":67085797,"properties":{"osmId":67085797,"category":"religious","addr:housenumber":"1701","addr:street":"15th Street Northwest","amenity":"place_of_worship","building":"yes","dataset":"buildings","dcgis:captureyear":"19990331","dcgis:lot":"0124","dcgis:square":"0207","denomination":"presbyterian","ele":"28","gnis:feature_id":"531162","name":"Fifteenth Street Presbyterian Church","religion":"christian","source":"dcgis"},"geometry":{"type":"Polygon","coordinates":[[[-77.0343363,38.9128896],[-77.0340275,38.9128919],[-77.0340245,38.9128919],[-77.0340226,38.9127454],[-77.0342957,38.9127434],[-77.0342956,38.9127304],[-77.0343343,38.9127302],[-77.0343363,38.9128896]]]}},{"type":"Feature","id":67086537,"properties":{"osmId":67086537,"category":"religious","addr:housenumber":"5","addr:street":"Thomas Circle Northwest","amenity":"place_of_worship","building":"yes","dataset":"buildings","dcgis:captureyear":"19990331","dcgis:lot":"0852","dcgis:square":"0212","ele":"28","gnis:feature_id":"528817","name":"National City Christian Church","religion":"christian","source":"dcgis","wikidata":"Q6971505"},"geometry":{"type":"Polygon","coordinates":[[[-77.0323908,38.9067728],[-77.0326728,38.9067737],[-77.0326731,38.9067501],[-77.03282,38.9066558],[-77.0328346,38.9066778],[-77.0330227,38.9067029],[-77.0330293,38.9062729],[-77.0328101,38.9062669],[-77.0328106,38.906395],[-77.0327097,38.9064448],[-77.0325364,38.9062281],[-77.0325123,38.9062409],[-77.0324514,38.9061677],[-77.03227,38.9062588],[-77.0323289,38.906331],[-77.0323033,38.9063434],[-77.0324761,38.9065548],[-77.0323397,38.9066189],[-77.0322453,38.9066189],[-77.0321764,38.9066189],[-77.0321773,38.9067747],[-77.0323908,38.9067728]]]}},{"type":"Feature","id":67087117,"properties":{"osmId":67087117,"category":"religious","addr:city":"Washington","addr:housenumber":"1514","addr:state":"DC","addr:street":"15th Street Northwest","amenity":"place_of_worship","building":"church","building:levels":"2","dataset":"buildings","dcgis:captureyear":"19990331","dcgis:lot":"0803","dcgis:square":"0194","ele":"26","gnis:feature_id":"529620","name":"Saint Lukes Episcopal Church","religion":"christian","source":"dcgis","wikidata":"Q7589792"},"geometry":{"type":"Polygon","coordinates":[[[-77.0347517,38.9101444],[-77.0350987,38.9101449],[-77.0350967,38.9103112],[-77.0347492,38.9103083],[-77.0347517,38.9101444]]]}},{"type":"Feature","id":67087182,"properties":{"osmId":67087182,"category":"religious","addr:housenumber":"1611","addr:street":"16th Street Northwest","amenity":"place_of_worship","building":"yes","dataset":"buildings","dcgis:captureyear":"19990331","dcgis:lot":"0800","dcgis:square":"0193","denomination":"swedenborgian","name":"Church of the Holy City","phone":"+1 202-462-6734","religion":"christian","source":"dcgis","website":"http://swedenborgcenter.org/"},"geometry":{"type":"Polygon","coordinates":[[[-77.0358515,38.9116333],[-77.0358516,38.9115564],[-77.0360145,38.9115566],[-77.0360144,38.911604],[-77.0360308,38.911604],[-77.0360467,38.9115873],[-77.0360757,38.9115873],[-77.0360949,38.911602],[-77.0360949,38.9116238],[-77.0360741,38.9116403],[-77.036059,38.9116403],[-77.036059,38.911659],[-77.0362365,38.9116591],[-77.0362363,38.9117492],[-77.0362502,38.9117493],[-77.0362503,38.9117995],[-77.0358513,38.9117993],[-77.0358515,38.9117671],[-77.0358869,38.9117692],[-77.0358867,38.9117671],[-77.035872,38.9117623],[-77.0358552,38.9117488],[-77.0358482,38.911731],[-77.0358497,38.9117186],[-77.0358667,38.9116977],[-77.0358882,38.9116896],[-77.0358884,38.9116871],[-77.0358514,38.9116885],[-77.0358515,38.9116333]]]}},{"type":"Feature","id":171530225,"properties":{"osmId":171530225,"category":"residential","addr:city":"Washington","addr:housenumber":"1525","addr:state":"DC","addr:street":"H Street Northwest","alt_name":"Ashburton House","building":"house","building:levels":"3","dcgis:captureyear":"19990331","dcgis:dataset":"buildings","dcgis:featurecode":"2000","ele":"19","gnis:feature_id":"531784","historic":"house","mappingdc:gid":"6425","name":"St. John’s Church Parish House","office":"rectory","roof:levels":"1","roof:shape":"flat","source":"Bing","wikidata":"Q4804671","wikipedia":"en:Ashburton House"},"geometry":{"type":"Polygon","coordinates":[[[-77.0359116,38.900448],[-77.0359133,38.9005285],[-77.0356274,38.9005287],[-77.0356274,38.9005092],[-77.0356161,38.9005093],[-77.0356161,38.9004491],[-77.0356179,38.9004491],[-77.0356291,38.9004492],[-77.0356286,38.9003673],[-77.0358491,38.9003682],[-77.0358491,38.9004484],[-77.0359116,38.900448]]]}},{"type":"Feature","id":230585358,"properties":{"osmId":230585358,"category":"academic","addr:city":"Washington","addr:housenumber":"710","addr:postcode":"20052","addr:state":"DC","addr:street":"G Street Northwest","building":"university","building:levels":"4","name":"Hall of Government"},"geometry":{"type":"Polygon","coordinates":[[[-77.047058,38.8985064],[-77.0471531,38.8985083],[-77.0471518,38.8985945],[-77.0470591,38.8985936],[-77.0470564,38.8988004],[-77.0468354,38.8988002],[-77.0468371,38.8985945],[-77.0468388,38.8984578],[-77.0470584,38.8984576],[-77.047058,38.8985064]]]}},{"type":"Feature","id":230585359,"properties":{"osmId":230585359,"category":"academic","addr:city":"Washington","addr:housenumber":"2115","addr:postcode":"20052","addr:state":"DC","addr:street":"G Street Northwest","air_conditioning":"yes","building":"university","building:levels":"4","dcgis:lot":"0065","dcgis:square":"0079","ele":"21","gnis:feature_id":"2085541","name":"Monroe Hall","operator":"The George Washington University","operator:short":"GW","operator:type":"ngo","operator:wikidata":"Q432637","smoking":"no","source":"USGS Geonames"},"geometry":{"type":"Polygon","coordinates":[[[-77.0471513,38.8986694],[-77.0471518,38.8985945],[-77.0471531,38.8985083],[-77.0471537,38.8984509],[-77.0473006,38.8984517],[-77.04738,38.8984519],[-77.0474902,38.8984521],[-77.047533,38.8984524],[-77.0475319,38.8986712],[-77.0471513,38.8986694]]]}},{"type":"Feature","id":237886684,"properties":{"osmId":237886684,"category":"academic","addr:city":"Washington","addr:housenumber":"950","addr:postcode":"20037","addr:state":"DC","addr:street":"New Hampshire Avenue Northwest","amenity":"college","building":"school","building:levels":"7","education":"college","name":"GWU School of Public Health & Health Services","wikidata":"Q5546038"},"geometry":{"type":"Polygon","coordinates":[[[-77.0512589,38.9023281],[-77.0512628,38.9017776],[-77.0510956,38.9017784],[-77.0510963,38.9018105],[-77.0510587,38.9018106],[-77.0507907,38.9020881],[-77.0508219,38.9021213],[-77.0508698,38.9021758],[-77.0508991,38.9022233],[-77.0509262,38.9022565],[-77.0509609,38.9022802],[-77.0510033,38.9022984],[-77.051059,38.9023047],[-77.0510841,38.9023027],[-77.0510849,38.9023269],[-77.0512589,38.9023281]]]}},{"type":"Feature","id":237887734,"properties":{"osmId":237887734,"category":"medical","addr:city":"Washington","addr:housenumber":"900","addr:postcode":"20037","addr:street":"23rd Street Northwest","amenity":"hospital","building":"hospital","building:levels":"7","dataset":"buildings","dcgis:captureyear":"20050405","dcgis:lot":"0036","dcgis:square":"0040","emergency":"yes","healthcare":"hospital","name":"George Washington University Hospital","opening_hours":"24/7","phone":"+1 202-715-4000","source":"dcgis","website":"https://www.gwhospital.com/","wheelchair":"yes","wikidata":"Q5546034"},"geometry":{"type":"Polygon","coordinates":[[[-77.0502976,38.9017125],[-77.0502981,38.901438],[-77.0502983,38.9013153],[-77.0503198,38.9013146],[-77.0503201,38.9012765],[-77.0503008,38.9012767],[-77.0503017,38.9011656],[-77.0503024,38.9010931],[-77.0503137,38.901051],[-77.0503389,38.9010127],[-77.050376,38.9009809],[-77.0504102,38.9009627],[-77.0504891,38.9009441],[-77.0506798,38.9009433],[-77.0506801,38.9009601],[-77.0507097,38.9009594],[-77.0507097,38.9009484],[-77.0507232,38.9009485],[-77.0507237,38.9009276],[-77.0509255,38.9009259],[-77.0509244,38.9009505],[-77.0509395,38.90095],[-77.0509397,38.90096],[-77.0509951,38.9009596],[-77.050995,38.9009448],[-77.050968,38.9009448],[-77.0509658,38.90089],[-77.0509751,38.9008825],[-77.0509755,38.9008267],[-77.0512415,38.9008253],[-77.0512416,38.9008785],[-77.0512479,38.9008786],[-77.0512481,38.9008878],[-77.0512742,38.9008878],[-77.0512746,38.9010151],[-77.0512466,38.9010148],[-77.0512465,38.9010239],[-77.0512443,38.9010434],[-77.0512222,38.9010675],[-77.0512018,38.9010798],[-77.0511917,38.9010711],[-77.0511834,38.9010768],[-77.0511946,38.9010841],[-77.0511869,38.9010933],[-77.0512016,38.9011008],[-77.0505598,38.9017811],[-77.0504853,38.9018616],[-77.0504679,38.9018533],[-77.050435,38.9018748],[-77.0503927,38.9018804],[-77.0503547,38.9018683],[-77.050334,38.9018541],[-77.0503292,38.9018485],[-77.0503187,38.9018227],[-77.0503196,38.9017647],[-77.0502962,38.9017652],[-77.0502976,38.9017125]]]}},{"type":"Feature","id":330441010,"properties":{"osmId":330441010,"category":"academic","addr:district":"DC","addr:housenumber":"2125","addr:street":"G Street Northwest","building":"university","building:levels":"4","department":"psychology","name":"Psychology Department"},"geometry":{"type":"Polygon","coordinates":[[[-77.0478878,38.8988138],[-77.0477074,38.898814],[-77.0477067,38.8984462],[-77.0478872,38.898446],[-77.0478878,38.8988138]]]}},{"type":"Feature","id":331159440,"properties":{"osmId":331159440,"category":"academic","addr:housename":"Tompkins School of Enginering and Applied Science","addr:housenumber":"725","addr:postcode":"20052","addr:state":"DC","addr:street":"23rd Street Northwest","building":"university","building:levels":"4","faculty":"engineering","name":"Tompkins Hall","operator":"The George Washington University","operator:short":"GW","operator:type":"ngo","operator:wikidata":"Q432637","roof:shape":"flat","smoking":"no","wheelchair":"no"},"geometry":{"type":"Polygon","coordinates":[[[-77.0497879,38.8987588],[-77.0495659,38.8987598],[-77.0495558,38.8992345],[-77.0497084,38.8992361],[-77.0497085,38.8991409],[-77.0497866,38.8991407],[-77.0497889,38.8990138],[-77.049789,38.8989057],[-77.0497879,38.8987588]]]}},{"type":"Feature","id":333008920,"properties":{"osmId":333008920,"category":"residential","addr:city":"Washington","addr:housenumber":"2135","addr:postcode":"20052","addr:state":"DC","addr:street":"F Street Northwest","amenity":"student_accommodation","building":"dormitory","building:levels":"10","name":"South Hall","operator":"The George Washington University","operator:short":"GW","operator:type":"ngo","operator:wikidata":"Q432637","parking":"underground","smoking":"no","website":"https://living.gwu.edu/residence-halls"},"geometry":{"type":"Polygon","coordinates":[[[-77.0484177,38.8978522],[-77.048209,38.8978523],[-77.048209,38.897739],[-77.0482089,38.8976158],[-77.048242,38.8976158],[-77.048242,38.897599],[-77.0481864,38.897599],[-77.0481864,38.8976113],[-77.0481953,38.8976113],[-77.0481953,38.8976389],[-77.0480906,38.897639],[-77.0480905,38.8975972],[-77.0480437,38.8975973],[-77.0480438,38.8978523],[-77.048004,38.8978521],[-77.0478414,38.8978521],[-77.0478413,38.8976527],[-77.0477859,38.8976527],[-77.0477859,38.8976379],[-77.0477858,38.8974927],[-77.0484763,38.8974923],[-77.0484765,38.8976535],[-77.0484175,38.8976536],[-77.0484177,38.8978522]]]}},{"type":"Feature","id":333669027,"properties":{"osmId":333669027,"category":"residential","addr:city":"Washington","addr:housenumber":"2100","addr:postcode":"20052","addr:state":"DC","addr:street":"F Street Northwest","building":"dormitory","building:levels":"10","dcgis:lot":"0102","dcgis:square":"0081","ele":"19","gnis:feature_id":"2102334","name":"The Dakota","operator":"The George Washington University","smoking":"no","source":"USGS Geonames","website":"https://living.gwu.edu/residence-halls"},"geometry":{"type":"Polygon","coordinates":[[[-77.0470637,38.8969801],[-77.0470492,38.8969801],[-77.0470491,38.8969616],[-77.0468055,38.8969623],[-77.0468056,38.8969921],[-77.046818,38.8969921],[-77.0468181,38.8970178],[-77.046806,38.8970178],[-77.0468062,38.8970463],[-77.046819,38.8970462],[-77.0468191,38.8970501],[-77.0468656,38.8970498],[-77.0468664,38.8971289],[-77.0468049,38.8971292],[-77.0468053,38.8971615],[-77.0468158,38.8971614],[-77.0468161,38.897186],[-77.0468059,38.8971861],[-77.0468062,38.8972149],[-77.0468281,38.8972148],[-77.0468282,38.8972328],[-77.0468983,38.8972324],[-77.0468983,38.8972284],[-77.046967,38.8972282],[-77.046967,38.8972325],[-77.0470339,38.8972323],[-77.0470338,38.897215],[-77.0470648,38.8972149],[-77.0470637,38.8969801]]]}},{"type":"Feature","id":478538037,"properties":{"osmId":478538037,"category":"residential","addr:city":"Washington","addr:housenumber":"2115","addr:postcode":"20052","addr:state":"DC","addr:street":"F Street Northwest","amenity":"student_accommodation","building":"dormitory","building:levels":"8","name":"Guthridge Hall","operator":"The George Washington University","smoking":"no","website":"https://living.gwu.edu/guthridge-hall"},"geometry":{"type":"Polygon","coordinates":[[[-77.0472868,38.8975927],[-77.0472869,38.8975844],[-77.0472875,38.8975052],[-77.0476222,38.8975066],[-77.0476216,38.8976022],[-77.0475315,38.8976018],[-77.0475306,38.8977163],[-77.047582,38.8977166],[-77.0475813,38.8978098],[-77.047325,38.8978087],[-77.0473257,38.8977128],[-77.0473812,38.897713],[-77.0473821,38.8975932],[-77.0472868,38.8975927]]]}},{"type":"Feature","id":478538038,"properties":{"osmId":478538038,"category":"residential","building":"dormitory","building:levels":"4","smoking":"no"},"geometry":{"type":"Polygon","coordinates":[[[-77.0470421,38.897502],[-77.0470405,38.8975857],[-77.0470967,38.8975863],[-77.0470926,38.8978015],[-77.0472495,38.8978034],[-77.0472502,38.8977662],[-77.0472298,38.8977659],[-77.0472333,38.8975838],[-77.0472869,38.8975844],[-77.0472875,38.8975052],[-77.0470421,38.897502]]]}},{"type":"Feature","id":574589200,"properties":{"osmId":574589200,"category":"residential","addr:housenumber":"2031","addr:street":"F St. NW","building":"dormitory","description":"The Kappa Sigma House","name":"Building JJ","smoking":"no","website":"https://living.gwu.edu/residence-halls"},"geometry":{"type":"Polygon","coordinates":[[[-77.0462537,38.8975796],[-77.0462582,38.8975795],[-77.0462588,38.8975132],[-77.0462584,38.8974969],[-77.0461619,38.8974972],[-77.0461606,38.8975892],[-77.0461612,38.897665],[-77.0461607,38.8978315],[-77.0462531,38.8978319],[-77.0462536,38.8976329],[-77.046254,38.8975908],[-77.0462537,38.8975796]]]}},{"type":"Feature","id":681483857,"properties":{"osmId":681483857,"category":"academic","addr:city":"Washington","addr:housenumber":"1957","addr:postcode":"20052","addr:state":"DC","addr:street":"E Street Northwest","building":"university","building:levels":"8","name":"Elliott School of International Affairs","opening_hours":"Mo-Fr 07:00-23:00; Sa-Su off","wikidata":"Q5365722","wikipedia":"en:Elliott School of International Affairs"},"geometry":{"type":"Polygon","coordinates":[[[-77.0444609,38.8961309],[-77.0436409,38.8961358],[-77.0436515,38.8964101],[-77.0442641,38.8964181],[-77.0444584,38.8964188],[-77.044459,38.8963514],[-77.0444609,38.8961309]]]}},{"type":"Feature","id":681483858,"properties":{"osmId":681483858,"category":"residential","addr:city":"Washington","addr:housenumber":"514","addr:postcode":"20052","addr:state":"DC","addr:street":"19th Street Northwest","building":"dormitory","building:levels":"8","name":"Mitchell Hall","smoking":"no","website":"https://living.gwu.edu/residence-halls"},"geometry":{"type":"Polygon","coordinates":[[[-77.0441523,38.8967438],[-77.0441507,38.8964523],[-77.0440213,38.8964527],[-77.0440223,38.8966387],[-77.0437914,38.8966395],[-77.0437903,38.8964306],[-77.0436605,38.896431],[-77.0436621,38.8967454],[-77.0441523,38.8967438]]]}},{"type":"Feature","id":681501152,"properties":{"osmId":681501152,"category":"academic","addr:city":"Washington","addr:housenumber":"2025","addr:postcode":"20052","addr:state":"DC","addr:street":"F Street Northwest","building":"university","building:levels":"3","name":"Support Building"},"geometry":{"type":"Polygon","coordinates":[[[-77.0456334,38.8974969],[-77.0456335,38.8975485],[-77.0457115,38.8975492],[-77.0457113,38.8976619],[-77.0461612,38.897665],[-77.0461606,38.8975892],[-77.0461619,38.8974972],[-77.0461078,38.8974971],[-77.0460959,38.8974868],[-77.0460262,38.897486],[-77.0460144,38.8974969],[-77.0459768,38.8974965],[-77.0459615,38.8974869],[-77.045943,38.8974875],[-77.0459306,38.8974969],[-77.0457644,38.8974965],[-77.0457459,38.897486],[-77.0456854,38.8974874],[-77.045673,38.8974967],[-77.0456334,38.8974969]]]}},{"type":"Feature","id":879011810,"properties":{"osmId":879011810,"category":"religious","building":"church"},"geometry":{"type":"Polygon","coordinates":[[[-77.0413298,38.9103313],[-77.0414796,38.9103289],[-77.0414796,38.9102957],[-77.0415146,38.910295],[-77.0415117,38.9100697],[-77.0414045,38.9100693],[-77.0413904,38.9100834],[-77.0413341,38.9100783],[-77.0413298,38.9103313]]]}},{"type":"Feature","id":1133535745,"properties":{"osmId":1133535745,"category":"religious","amenity":"place_of_worship","building":"yes","check_date":"2023-07-21","denomination":"episcopal","ele":"19","gnis:feature_id":"531260","name":"Saint Mary's Episcopal Church","religion":"christian","website":"https://www.stmarysfoggybottom.org/"},"geometry":{"type":"Polygon","coordinates":[[[-77.0505635,38.8990882],[-77.0505635,38.8989744],[-77.0503778,38.8989734],[-77.0503785,38.8989958],[-77.050308,38.8989953],[-77.0503012,38.8992367],[-77.0504522,38.899237],[-77.0505651,38.8992358],[-77.0505645,38.8992017],[-77.0505519,38.8992016],[-77.0505525,38.8991564],[-77.0503818,38.899156],[-77.0503852,38.8990871],[-77.0505635,38.8990882]]]}},{"type":"Feature","id":1275454010,"properties":{"osmId":1275454010,"category":"academic","building":"school"},"geometry":{"type":"Polygon","coordinates":[[[-77.0650368,38.908452],[-77.0647182,38.9084587],[-77.0646308,38.9084605],[-77.0646249,38.9082902],[-77.0646238,38.9082601],[-77.0650299,38.9082515],[-77.0650368,38.908452]]]}},{"type":"Feature","id":1331399008,"properties":{"osmId":1331399008,"category":"other","addr:housename":"Fulbright Hall","addr:housenumber":"2223","addr:state":"DC","addr:street":"H Street Northwest","amenity":"student_accommodation","building":"yes","building:levels":"8","dataset":"buildings","dcgis:captureyear":"19990331","dcgis:lot":"0854","dcgis:square":"0055","ele":"18","gnis:feature_id":"2085529","name":"Fulbright Hall","operator":"The George Washington University","operator:short":"GW","operator:type":"ngo","operator:wikidata":"Q432637","smoking":"no","source":"dcgis;USGS Geonames","start_date":"1950","website":"https://living.gwu.edu/fulbright-hall","wikidata":"Q5507797","wikipedia":"en:Fulbright Hall"},"geometry":{"type":"Polygon","coordinates":[[[-77.0499562,38.8997676],[-77.0499567,38.8998942],[-77.0499699,38.8998942],[-77.0499701,38.8999316],[-77.0497365,38.8999321],[-77.0497356,38.8997092],[-77.0497599,38.8997091],[-77.0497598,38.8996946],[-77.0498275,38.8996944],[-77.0498275,38.8997055],[-77.0499687,38.8997052],[-77.0499689,38.8997676],[-77.0499562,38.8997676]]]}},{"type":"Feature","id":1492843069,"properties":{"osmId":1492843069,"category":"residential","addr:city":"Washington","addr:housenumber":"2121","addr:postcode":"20052","addr:state":"DC","addr:street":"F Street Northwest","amenity":"student_accommodation","building":"house","dataset":"buildings","dcgis:captureyear":"19990331","dcgis:lot":"0802","dcgis:square":"0080","house":"terraced","name":"Alpha Epsilon Phi","operator":"The George Washington University","operator:short":"GW","operator:type":"ngo","operator:wikidata":"Q432637","smoking":"no","source":"dcgis"},"geometry":{"type":"Polygon","coordinates":[[[-77.047729,38.897589],[-77.0477141,38.8975892],[-77.0477136,38.8976542],[-77.0476711,38.8976542],[-77.0476698,38.8974965],[-77.047684,38.8974962],[-77.0476844,38.8974817],[-77.0477264,38.8974821],[-77.0477262,38.8974955],[-77.04773,38.8974955],[-77.047729,38.897589]]]}}]}