{"type":"FeatureCollection","features":[{"type":"Feature","id":38771988,"properties":{"osmId":38771988,"category":"religious","addr:city":"Arlington","addr:housenumber":"2112","addr:postcode":"22201","addr:state":"VA","addr:street":"North Taft Street","amenity":"place_of_worship","building":"church","building:levels":"2","denomination":"nazarene","name":"First Church of the Nazarene","religion":"christian","roof:shape":"gabled","source":"esri_USDOT_Virgina","_wikiTried":true},"geometry":{"type":"Polygon","coordinates":[[[-77.0833762,38.8984591],[-77.0832371,38.8984746],[-77.083205,38.8983003],[-77.0831915,38.8983018],[-77.083182,38.8982501],[-77.0831931,38.8982489],[-77.0831917,38.8982416],[-77.0832206,38.8982384],[-77.0832164,38.8982154],[-77.0833007,38.898206],[-77.0833049,38.8982286],[-77.0833344,38.8982254],[-77.0833354,38.8982309],[-77.0833459,38.8982297],[-77.0833556,38.8982822],[-77.0833438,38.8982835],[-77.0833762,38.8984591]]]}},{"type":"Feature","id":45282933,"properties":{"osmId":45282933,"category":"religious","amenity":"place_of_worship","building":"church","building:levels":"3","building:min_level":"1","denomination":"united_methodist","name":"Arlington Temple United Methodist Church","religion":"christian","_wikiTried":true},"geometry":{"type":"Polygon","coordinates":[[[-77.0725495,38.8962495],[-77.0726676,38.8962405],[-77.0727185,38.8962488],[-77.0728363,38.8963004],[-77.0728066,38.8963515],[-77.0727981,38.8963488],[-77.0727711,38.8963882],[-77.0727615,38.8963858],[-77.0727324,38.8964298],[-77.0727205,38.8964278],[-77.0727111,38.8964426],[-77.0726945,38.8964685],[-77.0726829,38.8964659],[-77.0726619,38.8964979],[-77.0726507,38.8964962],[-77.0726458,38.8965077],[-77.0725828,38.8964953],[-77.0725861,38.8964825],[-77.0725745,38.8964802],[-77.0725731,38.8964434],[-77.0725621,38.8964428],[-77.0725617,38.8964037],[-77.0725616,38.8963939],[-77.072551,38.8963938],[-77.0725543,38.8963435],[-77.072543,38.8963433],[-77.0725491,38.8962955],[-77.0725394,38.8962958],[-77.0725495,38.8962495]]]}},{"type":"Feature","id":59247874,"properties":{"osmId":59247874,"category":"other","access":"unknown","amenity":"parking","building":"yes","dcgis:featurecode":"1070","dcgis:gis_id":"312867","operator":"Georgetown University","parking":"multi-storey"},"geometry":{"type":"Polygon","coordinates":[[[-77.075885,38.912358],[-77.0758838,38.9123912],[-77.0758807,38.9124741],[-77.0746272,38.912445],[-77.0746332,38.9122852],[-77.0746452,38.9122854],[-77.0746453,38.9122768],[-77.0746456,38.9122274],[-77.074929,38.9122343],[-77.0749265,38.9123177],[-77.0749606,38.9123183],[-77.0749619,38.9122738],[-77.0749914,38.9122745],[-77.075532,38.9122867],[-77.0755607,38.9122874],[-77.0755596,38.9123347],[-77.075595,38.9123352],[-77.075597,38.9122522],[-77.0758804,38.912258],[-77.0758777,38.9123165],[-77.0758866,38.9123168],[-77.075885,38.912358]]]}},{"type":"Feature","id":66346452,"properties":{"osmId":66346452,"category":"academic","building":"yes","dataset":"buildings","dcgis:captureyear":"20050404","dcgis:gis_id":"14783","source":"dcgis"},"geometry":{"type":"Polygon","coordinates":[[[-77.0703772,38.9063346],[-77.0705295,38.9063289],[-77.0705297,38.9063356],[-77.0705329,38.9063355],[-77.0705339,38.9063695],[-77.07039,38.9063718],[-77.0703786,38.9063726],[-77.0703772,38.9063346]]]}},{"type":"Feature","id":66346478,"properties":{"osmId":66346478,"category":"residential","addr:housenumber":"1304","addr:state":"DC","addr:street":"36th Street Northwest","building":"house","dataset":"buildings","dcgis:captureyear":"19990331","dcgis:gis_id":"85595","dcgis:square":"1226","house":"terraced","housesuffix":"1/2","source":"dcgis"},"geometry":{"type":"Polygon","coordinates":[[[-77.070409,38.9069187],[-77.0705206,38.9069154],[-77.0705212,38.906927],[-77.0705706,38.9069257],[-77.0705717,38.9069517],[-77.0704106,38.9069558],[-77.070409,38.9069187]]]}},{"type":"Feature","id":66346493,"properties":{"osmId":66346493,"category":"academic","addr:housenumber":"3618","addr:street":"N Street Northwest","building":"yes","dataset":"buildings","dcgis:captureyear":"19990331","dcgis:gis_id":"2883","dcgis:square":"1223","source":"dcgis"},"geometry":{"type":"Polygon","coordinates":[[[-77.0708162,38.9063341],[-77.0708741,38.9063338],[-77.0708753,38.9064451],[-77.0708173,38.9064455],[-77.0708162,38.9063341]]]}},{"type":"Feature","id":66346520,"properties":{"osmId":66346520,"category":"religious","addr:city":"Washington","addr:housenumber":"1315","addr:postcode":"20007","addr:state":"DC","addr:street":"36th Street Northwest","amenity":"place_of_worship","building":"yes","dataset":"buildings","dcgis:captureyear":"19990331","dcgis:gis_id":"77282","dcgis:lot":"0095","dcgis:square":"1227","denomination":"catholic","ele":"36","gnis:feature_id":"531202","name":"Holy Trinity Catholic Church","religion":"christian","source":"dcgis","website":"https://trinity.org/","wikidata":"Q5886391","_wikiTried":true},"geometry":{"type":"Polygon","coordinates":[[[-77.0695159,38.9073982],[-77.0695156,38.9073782],[-77.0694878,38.9073784],[-77.0694877,38.9073624],[-77.069484,38.9073624],[-77.0694831,38.9072978],[-77.0695009,38.9072976],[-77.0694997,38.9072119],[-77.0695239,38.9072117],[-77.069526,38.9072078],[-77.0695287,38.9072041],[-77.0695322,38.9072008],[-77.0695362,38.907198],[-77.0695408,38.9071957],[-77.0695458,38.907194],[-77.0695511,38.9071929],[-77.0695565,38.9071925],[-77.0695619,38.9071926],[-77.0695672,38.9071935],[-77.0695724,38.907195],[-77.0695771,38.907197],[-77.0695814,38.9071996],[-77.0695851,38.9072028],[-77.0695882,38.9072063],[-77.0696039,38.9072058],[-77.0695985,38.9069206],[-77.0696425,38.9069201],[-77.069642,38.9068918],[-77.0696937,38.9068912],[-77.0696942,38.9069176],[-77.0697409,38.9069171],[-77.0697449,38.907136],[-77.0697592,38.9071357],[-77.0697574,38.9070791],[-77.0698322,38.9070776],[-77.0698323,38.9070811],[-77.0700782,38.9070764],[-77.0700781,38.9070703],[-77.0701589,38.9070687],[-77.0701601,38.9071054],[-77.0701873,38.9071049],[-77.070191,38.9072194],[-77.0701634,38.9072199],[-77.0701647,38.9072578],[-77.0700839,38.9072594],[-77.0700839,38.9072579],[-77.0698438,38.9072625],[-77.0698438,38.9072661],[-77.0697634,38.9072676],[-77.0697622,38.9072298],[-77.0697516,38.9072302],[-77.0697542,38.9072812],[-77.0696168,38.9072855],[-77.0696207,38.9073974],[-77.0695159,38.9073982]]]}},{"type":"Feature","id":66346570,"properties":{"osmId":66346570,"category":"academic","building":"university","dataset":"buildings","dcgis:captureyear":"20050404","dcgis:gis_id":"14223","name":"Poulton Hall","source":"dcgis","_wikiTried":true},"geometry":{"type":"Polygon","coordinates":[[[-77.0711396,38.9085882],[-77.0711392,38.9085774],[-77.0711384,38.9085582],[-77.0709968,38.9085618],[-77.0709848,38.9082583],[-77.0714397,38.9082472],[-77.071473,38.9082464],[-77.0714755,38.9083105],[-77.0714776,38.908363],[-77.071191,38.9083704],[-77.0711602,38.9083713],[-77.0711378,38.908372],[-77.0711417,38.9084708],[-77.0712847,38.9084673],[-77.0712845,38.9084598],[-77.0713117,38.9084591],[-77.071312,38.9084666],[-77.0714822,38.9084625],[-77.0714853,38.9085408],[-77.0714869,38.9085798],[-77.0713845,38.9085823],[-77.0711396,38.9085882]]]}},{"type":"Feature","id":66346626,"properties":{"osmId":66346626,"category":"residential","addr:housenumber":"3611","addr:state":"DC","addr:street":"N Street Northwest","building":"house","dataset":"buildings","dcgis:captureyear":"19990331","dcgis:gis_id":"90021","dcgis:square":"1226","house":"terraced","source":"dcgis"},"geometry":{"type":"Polygon","coordinates":[[[-77.0707323,38.9067725],[-77.0707603,38.9067718],[-77.0707607,38.906781],[-77.0707776,38.9067807],[-77.0707815,38.9067806],[-77.0707839,38.9068658],[-77.0707684,38.9068662],[-77.0707695,38.9068971],[-77.0707356,38.9068979],[-77.0707323,38.9067725]]]}},{"type":"Feature","id":66346654,"properties":{"osmId":66346654,"category":"academic","access":"yes","addr:city":"Washington","addr:housenumber":"1819","addr:postcode":"20007","addr:state":"DC","addr:street":"35th Street Northwest","building":"school","dataset":"buildings","dcgis:captureyear":"20080530","dcgis:facuse":"Middle School","dcgis:gis_id":"54552","dcgis:square":"1297","source":"dcgis"},"geometry":{"type":"Polygon","coordinates":[[[-77.0684829,38.9156277],[-77.0684823,38.9156194],[-77.0681215,38.9156269],[-77.0681118,38.915441],[-77.0681162,38.9154405],[-77.0680998,38.9150105],[-77.0682387,38.9150072],[-77.0682391,38.9150147],[-77.0683277,38.9150116],[-77.068347,38.9154385],[-77.068477,38.9154358],[-77.0684719,38.9152237],[-77.0691154,38.9152072],[-77.0691153,38.9152183],[-77.069208,38.9152167],[-77.0692093,38.9152537],[-77.069204,38.9152537],[-77.0692087,38.9153639],[-77.0692143,38.9153639],[-77.0692172,38.9155527],[-77.069132,38.915553],[-77.0691341,38.9156007],[-77.0687761,38.9156117],[-77.0687772,38.91562],[-77.0684829,38.9156277]]]}},{"type":"Feature","id":66346657,"properties":{"osmId":66346657,"category":"residential","addr:housenumber":"1409","addr:state":"DC","addr:street":"37th Street Northwest","building":"house","dataset":"buildings","dcgis:captureyear":"19990331","dcgis:gis_id":"84148","dcgis:square":"1248","house":"terraced","source":"dcgis"},"geometry":{"type":"Polygon","coordinates":[[[-77.0713625,38.9079469],[-77.0714801,38.9079436],[-77.0714822,38.9079895],[-77.0713646,38.9079928],[-77.0713625,38.9079469]]]}},{"type":"Feature","id":66346658,"properties":{"osmId":66346658,"category":"residential","addr:housenumber":"1302","addr:state":"DC","addr:street":"36th Street Northwest","building":"house","dataset":"buildings","dcgis:captureyear":"19990331","dcgis:gis_id":"90011","dcgis:square":"1226","house":"terraced","source":"dcgis"},"geometry":{"type":"Polygon","coordinates":[[[-77.0704059,38.906843],[-77.0705171,38.90684],[-77.0705171,38.9068435],[-77.0705174,38.9068495],[-77.070567,38.9068482],[-77.0705683,38.9068784],[-77.0704075,38.9068829],[-77.0704059,38.906843]]]}},{"type":"Feature","id":66346675,"properties":{"osmId":66346675,"category":"residential","addr:housenumber":"1239","addr:state":"DC","addr:street":"37th Street Northwest","building":"house","dataset":"buildings","dcgis:captureyear":"19990331","dcgis:gis_id":"81600","dcgis:square":"1223","house":"terraced","source":"dcgis"},"geometry":{"type":"Polygon","coordinates":[[[-77.0713027,38.9062593],[-77.0714241,38.9062545],[-77.0714265,38.9063079],[-77.0713487,38.90631],[-77.0713051,38.9063112],[-77.0713027,38.9062593]]]}},{"type":"Feature","id":66346688,"properties":{"osmId":66346688,"category":"residential","addr:housenumber":"1304","addr:state":"DC","addr:street":"36th Street Northwest","building":"house","dataset":"buildings","dcgis:captureyear":"19990331","dcgis:gis_id":"2917","dcgis:square":"1226","house":"terraced","source":"dcgis"},"geometry":{"type":"Polygon","coordinates":[[[-77.0704075,38.9068829],[-77.0705683,38.9068784],[-77.0705693,38.9069027],[-77.0705202,38.906904],[-77.0705206,38.9069154],[-77.070409,38.9069187],[-77.0704075,38.9068829]]]}},{"type":"Feature","id":66346727,"properties":{"osmId":66346727,"category":"residential","addr:housenumber":"3613","addr:state":"DC","addr:street":"N Street Northwest","building":"house","dataset":"buildings","dcgis:captureyear":"19990331","dcgis:gis_id":"160466","dcgis:square":"1226","house":"terraced","source":"dcgis"},"geometry":{"type":"Polygon","coordinates":[[[-77.0707839,38.9068658],[-77.0707815,38.9067806],[-77.0707776,38.9067807],[-77.0707773,38.9067719],[-77.0708115,38.9067711],[-77.0708119,38.9067797],[-77.0708312,38.9067793],[-77.0708361,38.9068972],[-77.0708009,38.9068981],[-77.0707995,38.9068654],[-77.0707839,38.9068658]]]}},{"type":"Feature","id":66346753,"properties":{"osmId":66346753,"category":"academic","addr:housenumber":"3624","addr:street":"N Street Northwest","building":"yes","dataset":"buildings","dcgis:captureyear":"19990331","dcgis:gis_id":"15240","dcgis:square":"1223","source":"dcgis"},"geometry":{"type":"Polygon","coordinates":[[[-77.0711539,38.9065329],[-77.0711571,38.9066117],[-77.0711036,38.9066129],[-77.0711008,38.9065343],[-77.071117,38.9065339],[-77.071116,38.9065037],[-77.0711528,38.9065029],[-77.0711539,38.9065329]]]}},{"type":"Feature","id":66346763,"properties":{"osmId":66346763,"category":"religious","addr:housenumber":"2025","addr:street":"35th Street Northwest","amenity":"place_of_worship","building":"yes","dataset":"buildings","dcgis:captureyear":"19990331","dcgis:gis_id":"102127","dcgis:lot":"0803","dcgis:square":"1300","name":"Divine Science Church of the Healing Christ","religion":"christian","source":"dcgis","_wikiTried":true},"geometry":{"type":"Polygon","coordinates":[[[-77.0692086,38.9173273],[-77.0692058,38.9173224],[-77.069201,38.9173242],[-77.0691348,38.9172075],[-77.0691054,38.9172177],[-77.0691031,38.9172186],[-77.0690967,38.9172073],[-77.0690722,38.9171641],[-77.0690778,38.9171622],[-77.0690178,38.9170567],[-77.0691634,38.9170063],[-77.0692114,38.9170907],[-77.0692287,38.9170848],[-77.0692419,38.9171079],[-77.0692297,38.9171122],[-77.0692583,38.9171626],[-77.0692235,38.9171746],[-77.0692755,38.9172661],[-77.069298,38.9172583],[-77.069313,38.9172847],[-77.0692663,38.917301],[-77.0692776,38.9173209],[-77.0692648,38.9173253],[-77.0692267,38.9173386],[-77.0692169,38.9173419],[-77.0692086,38.9173273]]]}},{"type":"Feature","id":66346790,"properties":{"osmId":66346790,"category":"academic","addr:housenumber":"3612","addr:street":"O Street Northwest","building":"yes","dataset":"buildings","dcgis:captureyear":"19990331","dcgis:gis_id":"85463","dcgis:square":"1226","source":"dcgis"},"geometry":{"type":"Polygon","coordinates":[[[-77.0707993,38.9074575],[-77.0708275,38.9074572],[-77.0708278,38.90747],[-77.0708355,38.90747],[-77.0708356,38.9074775],[-77.0708578,38.9074772],[-77.0708605,38.9076116],[-77.0708031,38.9076124],[-77.0707993,38.9074575]]]}},{"type":"Feature","id":66346852,"properties":{"osmId":66346852,"category":"academic","addr:housenumber":"3621","addr:street":"O Street Northwest","building":"yes","dataset":"buildings","dcgis:captureyear":"19990331","dcgis:gis_id":"2803","dcgis:square":"1248","source":"dcgis"},"geometry":{"type":"Polygon","coordinates":[[[-77.0711508,38.9077619],[-77.0712009,38.9077604],[-77.0712076,38.9079025],[-77.0711582,38.9079049],[-77.0711508,38.9077619]]]}},{"type":"Feature","id":66346890,"properties":{"osmId":66346890,"category":"academic","addr:housenumber":"3630","addr:street":"N Street Northwest","building":"yes","dataset":"buildings","dcgis:captureyear":"19990331","dcgis:gis_id":"83858","dcgis:square":"1223","source":"dcgis"},"geometry":{"type":"Polygon","coordinates":[[[-77.0713784,38.9064971],[-77.0713838,38.9066066],[-77.0713249,38.9066081],[-77.0713206,38.9064985],[-77.0713784,38.9064971]]]}},{"type":"Feature","id":66346899,"properties":{"osmId":66346899,"category":"residential","addr:housenumber":"3617","addr:state":"DC","addr:street":"O Street Northwest","building":"house","dataset":"buildings","dcgis:captureyear":"19990331","dcgis:gis_id":"83726","dcgis:square":"1248","house":"terraced","source":"dcgis"},"geometry":{"type":"Polygon","coordinates":[[[-77.0710136,38.907768],[-77.0710133,38.9077643],[-77.0710709,38.9077627],[-77.0710756,38.9078609],[-77.0710682,38.9078612],[-77.071069,38.9078804],[-77.0710605,38.9078807],[-77.0710617,38.9079057],[-77.0710222,38.9079068],[-77.0710136,38.907768]]]}},{"type":"Feature","id":66346908,"properties":{"osmId":66346908,"category":"academic","building":"yes","dataset":"buildings","dcgis:captureyear":"20050404","dcgis:gis_id":"14067","source":"dcgis"},"geometry":{"type":"Polygon","coordinates":[[[-77.0705456,38.9074181],[-77.0705876,38.9074171],[-77.0705906,38.9074923],[-77.0705499,38.9074934],[-77.0705513,38.9075263],[-77.0706488,38.9075232],[-77.0706507,38.9075677],[-77.0706615,38.9075674],[-77.0706631,38.9076082],[-77.0706674,38.9076082],[-77.0706678,38.9076179],[-77.070438,38.9076236],[-77.0704297,38.9074212],[-77.0705456,38.9074181]]]}},{"type":"Feature","id":66346943,"properties":{"osmId":66346943,"category":"academic","building":"yes","dataset":"buildings","dcgis:captureyear":"19990331","dcgis:gis_id":"76093","source":"dcgis"},"geometry":{"type":"Polygon","coordinates":[[[-77.0714464,38.9063272],[-77.071452,38.9064415],[-77.0713534,38.9064445],[-77.0713479,38.9063302],[-77.0714464,38.9063272]]]}},{"type":"Feature","id":66346983,"properties":{"osmId":66346983,"category":"religious","addr:city":"Washington","addr:housenumber":"3240","addr:postcode":"20007","addr:state":"DC","addr:street":"O Street Northwest","amenity":"place_of_worship","building":"yes","check_date":"2025-03-08","dataset":"buildings","dcgis:captureyear":"19990331","dcgis:gis_id":"14071","dcgis:square":"1231","denomination":"episcopal","name":"Saint John's Episcopal Church","religion":"christian","source":"dcgis","website":"https://stjohnsgeorgetown.org/","wikidata":"Q63470380","_wikiTried":true},"geometry":{"type":"Polygon","coordinates":[[[-77.0649623,38.9073266],[-77.0650387,38.9073225],[-77.0650394,38.9073407],[-77.0651118,38.9073389],[-77.0651123,38.9073492],[-77.065169,38.9073479],[-77.0651708,38.9073917],[-77.0651634,38.9073918],[-77.0651714,38.9075927],[-77.0651226,38.9075939],[-77.0651242,38.9076361],[-77.0650623,38.9076376],[-77.0650608,38.9075981],[-77.0648429,38.9076033],[-77.0648365,38.9074417],[-77.0648118,38.9074424],[-77.0648078,38.907344],[-77.0649629,38.9073402],[-77.0649623,38.9073266]]]}},{"type":"Feature","id":66346986,"properties":{"osmId":66346986,"category":"religious","amenity":"place_of_worship","building":"yes","dataset":"buildings","dcgis:captureyear":"20050404","dcgis:gis_id":"94542","denomination":"lutheran","ele":"36","gnis:feature_id":"531179","name":"Georgetown Lutheran Church","religion":"christian","source":"dcgis","_wikiTried":true},"geometry":{"type":"Polygon","coordinates":[[[-77.0650299,38.9101694],[-77.0650291,38.9101373],[-77.0649981,38.9101377],[-77.0649967,38.9100827],[-77.0650203,38.9100823],[-77.0650194,38.910049],[-77.0649543,38.9100499],[-77.0649542,38.9100404],[-77.0648897,38.9100413],[-77.0648891,38.910015],[-77.0648704,38.9099956],[-77.0648706,38.9099826],[-77.0648881,38.9099693],[-77.0648877,38.9099467],[-77.0649147,38.9099464],[-77.064914,38.9099108],[-77.0649561,38.9099102],[-77.0649567,38.9099325],[-77.0650184,38.9099315],[-77.0650179,38.9099132],[-77.0650826,38.9099123],[-77.0650832,38.9099393],[-77.0651813,38.9099379],[-77.0651835,38.9100342],[-77.0651866,38.9100342],[-77.0651879,38.9100896],[-77.0651261,38.9100906],[-77.0651267,38.9101213],[-77.0651983,38.9101202],[-77.0651996,38.9101804],[-77.0652013,38.910256],[-77.0650111,38.9102586],[-77.065009,38.9101697],[-77.0650299,38.9101694]]]}},{"type":"Feature","id":66347018,"properties":{"osmId":66347018,"category":"residential","addr:housenumber":"1417","addr:state":"DC","addr:street":"37th Street Northwest","building":"house","dataset":"buildings","dcgis:captureyear":"19990331","dcgis:gis_id":"82610","dcgis:square":"1248","house":"terraced","source":"dcgis"},"geometry":{"type":"Polygon","coordinates":[[[-77.0713709,38.9081296],[-77.0714885,38.9081263],[-77.0714904,38.9081684],[-77.0714754,38.9081688],[-77.0714756,38.9081747],[-77.0713731,38.9081775],[-77.0713709,38.9081296]]]}},{"type":"Feature","id":66347019,"properties":{"osmId":66347019,"category":"residential","addr:housenumber":"1407","addr:state":"DC","addr:street":"37th Street Northwest","building":"house","dataset":"buildings","dcgis:captureyear":"19990331","dcgis:gis_id":"14823","dcgis:square":"1248","house":"terraced","source":"dcgis"},"geometry":{"type":"Polygon","coordinates":[[[-77.0713604,38.9079012],[-77.071478,38.9078979],[-77.0714801,38.9079436],[-77.0713625,38.9079469],[-77.0713604,38.9079012]]]}},{"type":"Feature","id":66347165,"properties":{"osmId":66347165,"category":"academic","addr:housenumber":"1221","addr:street":"36th Street Northwest","building":"university","dataset":"buildings","dcgis:captureyear":"19990331","dcgis:gis_id":"14904","dcgis:lot":"0062","dcgis:square":"1222","name":"Walsh Building","operator":"Georgetown University","source":"dcgis","_wikiTried":true},"geometry":{"type":"Polygon","coordinates":[[[-77.0698403,38.9063776],[-77.069726,38.9063786],[-77.0697207,38.9063426],[-77.0699508,38.9063391],[-77.0699483,38.9062726],[-77.0699369,38.9062729],[-77.0699252,38.90596],[-77.0701639,38.9059545],[-77.0701743,38.9062389],[-77.0701595,38.9062393],[-77.0701636,38.9063654],[-77.0700773,38.9063677],[-77.070078,38.9063845],[-77.0700631,38.906385],[-77.0700429,38.9063855],[-77.0700443,38.9064252],[-77.0699948,38.9064263],[-77.0699945,38.9064188],[-77.0699022,38.9064209],[-77.0699003,38.9063709],[-77.0698401,38.9063723],[-77.0698403,38.9063776]]]}},{"type":"Feature","id":66347192,"properties":{"osmId":66347192,"category":"academic","building":"yes","dataset":"buildings","dcgis:captureyear":"19990331","dcgis:gis_id":"160444","source":"dcgis"},"geometry":{"type":"Polygon","coordinates":[[[-77.0711656,38.9079165],[-77.0711917,38.9079155],[-77.071193,38.907937],[-77.0711668,38.907938],[-77.0711656,38.9079165]]]}},{"type":"Feature","id":66347265,"properties":{"osmId":66347265,"category":"residential","addr:housenumber":"3615","addr:state":"DC","addr:street":"O Street Northwest","building":"house","dataset":"buildings","dcgis:captureyear":"19990331","dcgis:gis_id":"82414","dcgis:square":"1248","house":"terraced","source":"dcgis"},"geometry":{"type":"Polygon","coordinates":[[[-77.0710136,38.907768],[-77.0710222,38.9079068],[-77.0710235,38.9079355],[-77.0709795,38.9079368],[-77.0709775,38.9078951],[-77.0709705,38.9078953],[-77.0709701,38.9078872],[-77.070978,38.907887],[-77.0709769,38.9078643],[-77.0709585,38.9078649],[-77.0709544,38.9077794],[-77.070954,38.9077698],[-77.0710136,38.907768]]]}},{"type":"Feature","id":66347313,"properties":{"osmId":66347313,"category":"academic","building":"yes","dataset":"buildings","dcgis:captureyear":"19990331","dcgis:gis_id":"84279","source":"dcgis"},"geometry":{"type":"Polygon","coordinates":[[[-77.0703782,38.9061633],[-77.0704854,38.9061617],[-77.0704865,38.9062048],[-77.070693,38.9062033],[-77.070695,38.9062495],[-77.0706463,38.9062508],[-77.0706466,38.9062582],[-77.0703827,38.9062653],[-77.0703782,38.9061633]]]}},{"type":"Feature","id":66347321,"properties":{"osmId":66347321,"category":"academic","building":"yes","dataset":"buildings","dcgis:captureyear":"19990331","dcgis:gis_id":"79554","source":"dcgis"},"geometry":{"type":"Polygon","coordinates":[[[-77.0704224,38.9072232],[-77.0704191,38.9071399],[-77.070533,38.907137],[-77.070533,38.9071384],[-77.0705755,38.9071374],[-77.0705767,38.9071645],[-77.070533,38.9071657],[-77.0705342,38.9071921],[-77.0705786,38.907191],[-77.0705797,38.9072192],[-77.0704224,38.9072232]]]}},{"type":"Feature","id":66347334,"properties":{"osmId":66347334,"category":"academic","addr:housenumber":"1316","addr:street":"36th Street Northwest","building":"yes","dataset":"buildings","dcgis:captureyear":"19990331","dcgis:gis_id":"79744","dcgis:square":"1226","source":"dcgis"},"geometry":{"type":"Polygon","coordinates":[[[-77.0704229,38.9072367],[-77.0706337,38.9072316],[-77.0706351,38.9072657],[-77.0706014,38.9072665],[-77.0706014,38.9072674],[-77.0705752,38.9072681],[-77.0705758,38.907282],[-77.0704935,38.907284],[-77.0704938,38.9072921],[-77.0704251,38.9072937],[-77.0704229,38.9072367]]]}},{"type":"Feature","id":66347417,"properties":{"osmId":66347417,"category":"academic","building":"yes","dataset":"buildings","dcgis:captureyear":"19990331","dcgis:gis_id":"83184","source":"dcgis"},"geometry":{"type":"Polygon","coordinates":[[[-77.0708748,38.9084995],[-77.0709035,38.9084983],[-77.0709058,38.9085333],[-77.0708771,38.9085344],[-77.0708748,38.9084995]]]}},{"type":"Feature","id":66347422,"properties":{"osmId":66347422,"category":"academic","building":"yes","dataset":"buildings","dcgis:captureyear":"20050404","dcgis:gis_id":"89810","source":"dcgis"},"geometry":{"type":"Polygon","coordinates":[[[-77.0694766,38.9054745],[-77.069501,38.9054744],[-77.0695183,38.9054877],[-77.0695184,38.9055067],[-77.0695013,38.9055202],[-77.069477,38.9055203],[-77.0694596,38.905507],[-77.0694595,38.905488],[-77.0694766,38.9054745]]]}},{"type":"Feature","id":66347441,"properties":{"osmId":66347441,"category":"residential","addr:housenumber":"1237","addr:state":"DC","addr:street":"37th Street Northwest","building":"house","dataset":"buildings","dcgis:captureyear":"19990331","dcgis:gis_id":"84277","dcgis:square":"1223","house":"terraced","source":"dcgis"},"geometry":{"type":"Polygon","coordinates":[[[-77.0714241,38.9062545],[-77.0713027,38.9062593],[-77.0712348,38.9062611],[-77.0712335,38.9062325],[-77.0712885,38.906231],[-77.0712877,38.9062135],[-77.0714221,38.90621],[-77.0714241,38.9062545]]]}},{"type":"Feature","id":66347496,"properties":{"osmId":66347496,"category":"academic","building":"yes","dataset":"buildings","dcgis:captureyear":"19990331","dcgis:gis_id":"83878","source":"dcgis"},"geometry":{"type":"Polygon","coordinates":[[[-77.0707329,38.9065385],[-77.0708192,38.906537],[-77.0708235,38.9065372],[-77.0708254,38.9066179],[-77.0708255,38.9066211],[-77.0707348,38.9066228],[-77.0707329,38.9065385]]]}},{"type":"Feature","id":66347513,"properties":{"osmId":66347513,"category":"residential","addr:housenumber":"1403","addr:state":"DC","addr:street":"37th Street Northwest","building":"house","dataset":"buildings","dcgis:captureyear":"19990331","dcgis:gis_id":"14795","dcgis:square":"1248","house":"terraced","source":"dcgis"},"geometry":{"type":"Polygon","coordinates":[[[-77.0713562,38.9078093],[-77.0714738,38.907806],[-77.0714759,38.9078526],[-77.0713583,38.9078559],[-77.0713562,38.9078093]]]}},{"type":"Feature","id":66347537,"properties":{"osmId":66347537,"category":"other","addr:housenumber":"1801","addr:street":"35th Street Northwest","amenity":"university","building":"yes","dataset":"buildings","dcgis:captureyear":"19990331","dcgis:gis_id":"91985","dcgis:square":"1297","education":"university","name":"Corcoran College of Art and Design","source":"dcgis","_wikiTried":true},"geometry":{"type":"Polygon","coordinates":[[[-77.0689333,38.9147768],[-77.0689328,38.9147669],[-77.0688078,38.9147705],[-77.0687996,38.9146025],[-77.0689273,38.9145988],[-77.068927,38.9145908],[-77.0690469,38.9145873],[-77.0690473,38.9145945],[-77.0691594,38.9145911],[-77.0691713,38.9145908],[-77.069174,38.9146483],[-77.0691824,38.914648],[-77.069185,38.9147007],[-77.0691773,38.9147009],[-77.0691783,38.9147195],[-77.0691831,38.9147217],[-77.0691874,38.9147245],[-77.0691912,38.9147277],[-77.0691942,38.9147314],[-77.0691965,38.9147354],[-77.069198,38.9147396],[-77.0691986,38.9147439],[-77.0691983,38.9147482],[-77.0691973,38.9147526],[-77.0691955,38.9147567],[-77.0691927,38.9147605],[-77.0691894,38.9147639],[-77.0691853,38.914767],[-77.0691807,38.9147695],[-77.0691757,38.9147714],[-77.0691704,38.9147727],[-77.0691675,38.914773],[-77.0691648,38.9147733],[-77.0691593,38.9147733],[-77.0691537,38.9147726],[-77.0691484,38.9147712],[-77.0691434,38.9147693],[-77.0691389,38.9147666],[-77.0691349,38.9147636],[-77.0691316,38.9147601],[-77.0690563,38.9147623],[-77.0690568,38.9147732],[-77.0689333,38.9147768]]]}},{"type":"Feature","id":66347548,"properties":{"osmId":66347548,"category":"residential","addr:housenumber":"1405","addr:state":"DC","addr:street":"37th Street Northwest","building":"house","dataset":"buildings","dcgis:captureyear":"19990331","dcgis:gis_id":"82395","dcgis:square":"1248","house":"terraced","source":"dcgis"},"geometry":{"type":"Polygon","coordinates":[[[-77.0713583,38.9078559],[-77.0714759,38.9078526],[-77.071478,38.9078979],[-77.0713604,38.9079012],[-77.0713583,38.9078559]]]}},{"type":"Feature","id":66347616,"properties":{"osmId":66347616,"category":"academic","building":"university","dataset":"buildings","dcgis:captureyear":"20050404","dcgis:gis_id":"84096","name":"Mortara Building","operator":"Georgetown University","source":"dcgis","_wikiTried":true},"geometry":{"type":"Polygon","coordinates":[[[-77.0706086,38.9065409],[-77.0706105,38.906625],[-77.0703978,38.906629],[-77.0703926,38.9064539],[-77.0705846,38.9064503],[-77.0705837,38.9064184],[-77.0706434,38.9064194],[-77.0706441,38.9064465],[-77.0706057,38.9064473],[-77.0706086,38.9065409]]]}},{"type":"Feature","id":66347677,"properties":{"osmId":66347677,"category":"residential","addr:housenumber":"1300","addr:state":"DC","addr:street":"36th Street Northwest","building":"house","dataset":"buildings","dcgis:captureyear":"19990331","dcgis:gis_id":"88572","dcgis:lot":"0097","dcgis:square":"1226","house":"terraced","source":"dcgis"},"geometry":{"type":"Polygon","coordinates":[[[-77.0704059,38.906843],[-77.0704035,38.9067876],[-77.0705617,38.9067835],[-77.0705618,38.9067883],[-77.0706121,38.906787],[-77.0706143,38.9068409],[-77.0705171,38.9068435],[-77.0705171,38.90684],[-77.0704059,38.906843]]]}},{"type":"Feature","id":66347757,"properties":{"osmId":66347757,"category":"residential","addr:housenumber":"3609","addr:state":"DC","addr:street":"O Street Northwest","building":"house","dataset":"buildings","dcgis:captureyear":"19990331","dcgis:gis_id":"82411","dcgis:square":"1248","house":"terraced","source":"dcgis"},"geometry":{"type":"Polygon","coordinates":[[[-77.0707311,38.9079069],[-77.0707239,38.907772],[-77.0707965,38.907773],[-77.0708016,38.9078599],[-77.0708021,38.9078693],[-77.0707908,38.9078697],[-77.0707921,38.907898],[-77.0707861,38.9078981],[-77.0707878,38.9079339],[-77.0707317,38.9079338],[-77.0707311,38.9079069]]]}},{"type":"Feature","id":66347792,"properties":{"osmId":66347792,"category":"residential","addr:housenumber":"1411","addr:state":"DC","addr:street":"37th Street Northwest","building":"house","dataset":"buildings","dcgis:captureyear":"19990331","dcgis:gis_id":"81074","dcgis:square":"1248","house":"terraced","source":"dcgis"},"geometry":{"type":"Polygon","coordinates":[[[-77.0713646,38.9079928],[-77.0714822,38.9079895],[-77.0714843,38.9080353],[-77.0713667,38.9080386],[-77.0713646,38.9079928]]]}},{"type":"Feature","id":66347804,"properties":{"osmId":66347804,"category":"academic","addr:housenumber":"3623","addr:street":"O Street Northwest","building":"yes","dataset":"buildings","dcgis:captureyear":"19990331","dcgis:gis_id":"82152","dcgis:square":"1248","source":"dcgis"},"geometry":{"type":"Polygon","coordinates":[[[-77.071223,38.9077624],[-77.0712856,38.9077608],[-77.0712893,38.9078526],[-77.071255,38.9078535],[-77.0712559,38.9078764],[-77.0712275,38.9078772],[-77.071223,38.9077624]]]}},{"type":"Feature","id":66347814,"properties":{"osmId":66347814,"category":"academic","addr:housenumber":"3626","addr:street":"N Street Northwest","building":"yes","dataset":"buildings","dcgis:captureyear":"19990331","dcgis:gis_id":"157262","dcgis:square":"1223","source":"dcgis"},"geometry":{"type":"Polygon","coordinates":[[[-77.0711539,38.9065329],[-77.0711696,38.9065325],[-77.0711684,38.9065015],[-77.0712055,38.9065007],[-77.0712081,38.9065715],[-77.0712096,38.9066105],[-77.0711571,38.9066117],[-77.0711539,38.9065329]]]}},{"type":"Feature","id":66347863,"properties":{"osmId":66347863,"category":"academic","building":"yes","dataset":"buildings","dcgis:captureyear":"19990331","dcgis:gis_id":"78889","source":"dcgis"},"geometry":{"type":"Polygon","coordinates":[[[-77.0694304,38.9056717],[-77.0694289,38.9055876],[-77.0694726,38.9055872],[-77.0694725,38.9055788],[-77.0694912,38.9055786],[-77.0694913,38.9055859],[-77.0695108,38.9055857],[-77.0695117,38.905648],[-77.0696192,38.9056469],[-77.0696204,38.90572],[-77.0695184,38.905721],[-77.0695197,38.9058065],[-77.0694058,38.9058077],[-77.0694036,38.905672],[-77.0694304,38.9056717]]]}},{"type":"Feature","id":66347867,"properties":{"osmId":66347867,"category":"academic","building":"yes","dataset":"buildings","dcgis:captureyear":"19990331","dcgis:gis_id":"87270","source":"dcgis"},"geometry":{"type":"Polygon","coordinates":[[[-77.0704146,38.9070397],[-77.0705906,38.9070358],[-77.0705904,38.9070321],[-77.0706298,38.9070313],[-77.0706308,38.9070608],[-77.0705272,38.9070631],[-77.0705283,38.9070938],[-77.0706361,38.9070914],[-77.0706372,38.9071206],[-77.0705853,38.9071217],[-77.0705854,38.907123],[-77.0704178,38.9071267],[-77.0704146,38.9070397]]]}},{"type":"Feature","id":66347923,"properties":{"osmId":66347923,"category":"academic","addr:housenumber":"3615","addr:street":"Prospect Street Northwest","building":"yes","dataset":"buildings","dcgis:captureyear":"19990331","dcgis:gis_id":"81856","dcgis:square":"1223","housesuffix":"1/2","source":"dcgis"},"geometry":{"type":"Polygon","coordinates":[[[-77.0709387,38.9063365],[-77.0709379,38.9062728],[-77.0709379,38.9062666],[-77.0709455,38.9062665],[-77.0709454,38.9062558],[-77.0709647,38.9062557],[-77.0709648,38.9062667],[-77.0710305,38.9062663],[-77.0710636,38.9062661],[-77.0710638,38.9062749],[-77.0710929,38.9062747],[-77.0710934,38.9063184],[-77.0710634,38.9063186],[-77.0710636,38.9063336],[-77.0710256,38.9063338],[-77.0710232,38.906336],[-77.0709387,38.9063365]]]}},{"type":"Feature","id":66347934,"properties":{"osmId":66347934,"category":"academic","addr:housenumber":"3613","addr:street":"O Street Northwest","building":"yes","dataset":"buildings","dcgis:captureyear":"19990331","dcgis:gis_id":"82158","dcgis:square":"1248","source":"dcgis"},"geometry":{"type":"Polygon","coordinates":[[[-77.0709489,38.9077799],[-77.0709513,38.9078565],[-77.0709378,38.9078568],[-77.0709386,38.9078843],[-77.0708847,38.9078853],[-77.0708816,38.9077812],[-77.0709489,38.9077799]]]}},{"type":"Feature","id":66347953,"properties":{"osmId":66347953,"category":"academic","addr:housenumber":"3610","addr:street":"O Street Northwest","building":"yes","dataset":"buildings","dcgis:captureyear":"20050404","dcgis:gis_id":"14065","dcgis:square":"1226","source":"dcgis"},"geometry":{"type":"Polygon","coordinates":[[[-77.0707993,38.9074575],[-77.0708031,38.9076124],[-77.070749,38.9076131],[-77.070748,38.9075641],[-77.070745,38.9075641],[-77.0707445,38.9075381],[-77.0707495,38.907538],[-77.070748,38.9074587],[-77.0707993,38.9074575]]]}},{"type":"Feature","id":66347994,"properties":{"osmId":66347994,"category":"academic","addr:housenumber":"3520","addr:street":"M Street Northwest","building":"university","dataset":"buildings","dcgis:captureyear":"19990331","dcgis:gis_id":"78885","dcgis:square":"1203","name":"Car Barn","operator":"Georgetown University","source":"dcgis","wikidata":"Q57231557","wikipedia":"en:Georgetown Car Barn","_wikiTried":true},"geometry":{"type":"Polygon","coordinates":[[[-77.069634,38.9054127],[-77.069634,38.9054101],[-77.0696292,38.9054102],[-77.0696263,38.9053178],[-77.0695098,38.9053201],[-77.0695041,38.9051415],[-77.0696046,38.9051394],[-77.0696048,38.9051455],[-77.0697707,38.9051421],[-77.0697704,38.9051351],[-77.0698587,38.9051333],[-77.069859,38.9051412],[-77.0700241,38.9051379],[-77.0700237,38.9051289],[-77.0701301,38.9051268],[-77.0701516,38.9057918],[-77.0696318,38.9058021],[-77.0696209,38.9054661],[-77.0696358,38.9054659],[-77.069634,38.9054127]]]}},{"type":"Feature","id":66348029,"properties":{"osmId":66348029,"category":"residential","addr:housenumber":"1401","addr:state":"DC","addr:street":"37th Street Northwest","building":"house","dataset":"buildings","dcgis:captureyear":"19990331","dcgis:gis_id":"14386","dcgis:square":"1248","house":"terraced","source":"dcgis"},"geometry":{"type":"Polygon","coordinates":[[[-77.0714738,38.907806],[-77.0713562,38.9078093],[-77.0713512,38.9078094],[-77.071349,38.9077632],[-77.0714716,38.9077598],[-77.0714738,38.907806]]]}},{"type":"Feature","id":66348049,"properties":{"osmId":66348049,"category":"academic","addr:housenumber":"3628","addr:street":"N Street Northwest","building":"yes","dataset":"buildings","dcgis:captureyear":"19990331","dcgis:gis_id":"83864","dcgis:square":"1223","source":"dcgis"},"geometry":{"type":"Polygon","coordinates":[[[-77.0712656,38.9064737],[-77.0713107,38.9064725],[-77.0713167,38.9066109],[-77.0712565,38.9066125],[-77.0712546,38.9065687],[-77.071252,38.906509],[-77.0712671,38.9065086],[-77.0712656,38.9064737]]]}},{"type":"Feature","id":66348080,"properties":{"osmId":66348080,"category":"academic","addr:housenumber":"3619","addr:street":"O Street Northwest","building":"yes","dataset":"buildings","dcgis:captureyear":"19990331","dcgis:gis_id":"2804","dcgis:square":"1248","source":"dcgis"},"geometry":{"type":"Polygon","coordinates":[[[-77.0711508,38.9077619],[-77.0711582,38.9079049],[-77.0710998,38.907907],[-77.0710975,38.9078571],[-77.0711008,38.907857],[-77.0710968,38.9077719],[-77.0710902,38.9077721],[-77.0710899,38.9077636],[-77.0711508,38.9077619]]]}},{"type":"Feature","id":66348139,"properties":{"osmId":66348139,"category":"residential","addr:housenumber":"1415","addr:state":"DC","addr:street":"37th Street Northwest","building":"house","dataset":"buildings","dcgis:captureyear":"19990331","dcgis:gis_id":"14508","dcgis:square":"1248","house":"terraced","source":"dcgis"},"geometry":{"type":"Polygon","coordinates":[[[-77.0713687,38.9080831],[-77.0714863,38.9080798],[-77.0714885,38.9081263],[-77.0713709,38.9081296],[-77.0713687,38.9080831]]]}},{"type":"Feature","id":66348158,"properties":{"osmId":66348158,"category":"academic","addr:housenumber":"3632","addr:street":"N Street Northwest","building":"yes","dataset":"buildings","dcgis:captureyear":"19990331","dcgis:gis_id":"83854","dcgis:square":"1223","source":"dcgis"},"geometry":{"type":"Polygon","coordinates":[[[-77.0713784,38.9064971],[-77.071378,38.9064867],[-77.071436,38.9064852],[-77.0714407,38.9066053],[-77.0713838,38.9066066],[-77.0713784,38.9064971]]]}},{"type":"Feature","id":66348262,"properties":{"osmId":66348262,"category":"residential","addr:housenumber":"3609","addr:state":"DC","addr:street":"N Street Northwest","building":"house","dataset":"buildings","dcgis:captureyear":"19990331","dcgis:gis_id":"90024","dcgis:square":"1226","house":"terraced","source":"dcgis"},"geometry":{"type":"Polygon","coordinates":[[[-77.0706849,38.9068686],[-77.0706816,38.9067831],[-77.0707059,38.9067824],[-77.0707055,38.9067731],[-77.0707323,38.9067725],[-77.0707356,38.9068979],[-77.0707006,38.9068987],[-77.0706994,38.9068683],[-77.0706849,38.9068686]]]}},{"type":"Feature","id":66348283,"properties":{"osmId":66348283,"category":"academic","addr:housenumber":"1236","addr:street":"36th Street Northwest","building":"yes","dataset":"buildings","dcgis:captureyear":"19990331","dcgis:gis_id":"156991","dcgis:lot":"0831","dcgis:square":"1223","source":"dcgis"},"geometry":{"type":"Polygon","coordinates":[[[-77.0705295,38.9063289],[-77.0703772,38.9063346],[-77.0703767,38.9063218],[-77.0703878,38.9063217],[-77.0703864,38.9062834],[-77.0705281,38.9062795],[-77.0705295,38.9063289]]]}},{"type":"Feature","id":66348349,"properties":{"osmId":66348349,"category":"academic","building":"yes","dataset":"buildings","dcgis:captureyear":"20050404","dcgis:gis_id":"84091","source":"dcgis"},"geometry":{"type":"Polygon","coordinates":[[[-77.0706086,38.9065409],[-77.0707329,38.9065385],[-77.0707348,38.9066228],[-77.0706105,38.906625],[-77.0706086,38.9065409]]]}},{"type":"Feature","id":66348362,"properties":{"osmId":66348362,"category":"residential","addr:housenumber":"1413","addr:state":"DC","addr:street":"37th Street Northwest","building":"house","dataset":"buildings","dcgis:captureyear":"19990331","dcgis:gis_id":"84383","dcgis:square":"1248","house":"terraced","source":"dcgis"},"geometry":{"type":"Polygon","coordinates":[[[-77.0713667,38.9080386],[-77.0714843,38.9080353],[-77.0714863,38.9080798],[-77.0713687,38.9080831],[-77.0713667,38.9080386]]]}},{"type":"Feature","id":66348367,"properties":{"osmId":66348367,"category":"residential","addr:housenumber":"3607","addr:state":"DC","addr:street":"N Street Northwest","building":"house","dataset":"buildings","dcgis:captureyear":"19990331","dcgis:gis_id":"90026","dcgis:square":"1226","house":"terraced","source":"dcgis"},"geometry":{"type":"Polygon","coordinates":[[[-77.0706816,38.9067831],[-77.0706849,38.9068686],[-77.0706843,38.9068686],[-77.07067,38.906869],[-77.0706713,38.9068998],[-77.0706342,38.9069007],[-77.070629,38.9067739],[-77.0706604,38.9067732],[-77.0706608,38.9067835],[-77.0706816,38.9067831]]]}},{"type":"Feature","id":66348375,"properties":{"osmId":66348375,"category":"residential","addr:housenumber":"3611","addr:state":"DC","addr:street":"O Street Northwest","building":"house","dataset":"buildings","dcgis:captureyear":"19990331","dcgis:gis_id":"14798","dcgis:square":"1248","house":"terraced","source":"dcgis"},"geometry":{"type":"Polygon","coordinates":[[[-77.0707965,38.907773],[-77.0707974,38.9077722],[-77.0708519,38.9077707],[-77.0708559,38.9078585],[-77.0708016,38.9078599],[-77.0707965,38.907773]]]}},{"type":"Feature","id":66348400,"properties":{"osmId":66348400,"category":"academic","addr:housenumber":"3616","addr:street":"N Street Northwest","building":"yes","dataset":"buildings","dcgis:captureyear":"19990331","dcgis:gis_id":"83870","dcgis:square":"1223","source":"dcgis"},"geometry":{"type":"Polygon","coordinates":[[[-77.0708192,38.906537],[-77.0708186,38.9065172],[-77.0709252,38.9065153],[-77.0709285,38.9066161],[-77.0708254,38.9066179],[-77.0708235,38.9065372],[-77.0708192,38.906537]]]}},{"type":"Feature","id":66691648,"properties":{"osmId":66691648,"category":"religious","amenity":"place_of_worship","building":"yes","dataset":"buildings","dcgis:captureyear":"19990331","dcgis:gis_id":"12010","ele":"46","gnis:feature_id":"530796","name":"Oak Hill Cemetery Chapel","religion":"christian","source":"dcgis","wikidata":"Q2008413","wikimedia_commons":"Category:Oak Hill Cemetery Chapel","_wikiTried":true},"geometry":{"type":"Polygon","coordinates":[[[-77.0582678,38.9129026],[-77.0582734,38.9128343],[-77.0584193,38.9128416],[-77.0584137,38.9129098],[-77.0582678,38.9129026]]]}},{"type":"Feature","id":66691898,"properties":{"osmId":66691898,"category":"religious","addr:housenumber":"2709","addr:street":"N Street Northwest","amenity":"place_of_worship","building":"yes","dataset":"buildings","dcgis:captureyear":"19990331","dcgis:lot":"0803","dcgis:square":"1236","denomination":"baptist","name":"Alexander Memorial Baptist Church","religion":"christian","source":"dcgis","_wikiTried":true},"geometry":{"type":"Polygon","coordinates":[[[-77.0563291,38.9070818],[-77.0563313,38.9071753],[-77.0563336,38.907251],[-77.0561961,38.9072533],[-77.0561886,38.9069915],[-77.0563262,38.9069891],[-77.0563291,38.9070818]]]}},{"type":"Feature","id":66691926,"properties":{"osmId":66691926,"category":"religious","addr:housenumber":"3115","addr:street":"P Street Northwest","amenity":"place_of_worship","building":"yes","dataset":"buildings","dcgis:captureyear":"19990331","dcgis:gis_id":"85819","dcgis:lot":"0063","dcgis:square":"1270","denomination":"presbyterian","ele":"34","gnis:feature_id":"531293","name":"Georgetown Presbyterian Church","religion":"christian","source":"dcgis","_wikiTried":true},"geometry":{"type":"Polygon","coordinates":[[[-77.0618782,38.9095855],[-77.0618753,38.90943],[-77.0620095,38.9094289],[-77.0620101,38.9094384],[-77.0620343,38.909438],[-77.0620343,38.9094283],[-77.0622443,38.9094264],[-77.0622441,38.9096352],[-77.0620374,38.9096412],[-77.0620351,38.9094912],[-77.0620118,38.9094919],[-77.0620141,38.9096418],[-77.0618617,38.9096459],[-77.0618591,38.9095859],[-77.0618782,38.9095855]]]}},{"type":"Feature","id":66692068,"properties":{"osmId":66692068,"category":"religious","addr:housenumber":"3101","addr:street":"N Street Northwest","amenity":"place_of_worship","building":"church","check_date":"2023-11-05","dataset":"buildings","dcgis:captureyear":"20050405","dcgis:gis_id":"76527","dcgis:lot":"0032","dcgis:square":"1232","denomination":"baptist","ele":"30","gnis:feature_id":"2506947","name":"Georgetown Baptist Church","religion":"christian","source":"dcgis","_wikiTried":true},"geometry":{"type":"Polygon","coordinates":[[[-77.061537,38.906918],[-77.061539,38.9070687],[-77.0615417,38.9071687],[-77.0615426,38.9071926],[-77.0614731,38.9071941],[-77.0614711,38.9071383],[-77.0613899,38.9071401],[-77.0613903,38.9071485],[-77.0613297,38.9071498],[-77.0613255,38.9069729],[-77.061314,38.9069731],[-77.0613128,38.9069188],[-77.061385,38.9069178],[-77.0613854,38.906936],[-77.061397,38.9069359],[-77.0613968,38.9069277],[-77.0614961,38.9069264],[-77.0614959,38.9069179],[-77.061537,38.906918]]]}},{"type":"Feature","id":66692166,"properties":{"osmId":66692166,"category":"library","addr:housenumber":"3205","addr:street":"S Street Northwest","amenity":"library","building":"yes","dataset":"buildings","dcgis:captureyear":"20050405","dcgis:gis_id":"15947","dcgis:lot":"0812","dcgis:square":"2155","name":"Dumbarton Oaks Research Library","source":"dcgis","_wikiTried":true},"geometry":{"type":"Polygon","coordinates":[[[-77.0640589,38.9153194],[-77.0640641,38.9152489],[-77.0640698,38.9151656],[-77.0640716,38.9151382],[-77.0640805,38.9150075],[-77.064156,38.9150106],[-77.0641565,38.9150044],[-77.064272,38.9150092],[-77.0642718,38.9150126],[-77.0643203,38.9150147],[-77.0643136,38.9151134],[-77.0642951,38.9151126],[-77.0642914,38.915167],[-77.0642747,38.9151662],[-77.0642727,38.9151965],[-77.0642586,38.915196],[-77.0642547,38.9152488],[-77.0642526,38.9152874],[-77.0642358,38.9152872],[-77.0642331,38.91532],[-77.0642256,38.91532],[-77.0642234,38.9153488],[-77.0641622,38.9153476],[-77.0641616,38.9153381],[-77.0640823,38.9153361],[-77.0640839,38.9153197],[-77.0640589,38.9153194]]]}},{"type":"Feature","id":66692307,"properties":{"osmId":66692307,"category":"religious","addr:city":"Washington","addr:housenumber":"3116","addr:postcode":"20007","addr:state":"DC","addr:street":"O Street Northwest","amenity":"place_of_worship","building":"church","check_date":"2023-11-05","dataset":"address","dcgis:captureyear":"19990331","dcgis:gis_id":"84338","dcgis:lot":"0823","dcgis:square":"1243","name":"Christ Church Georgetown","religion":"christian","source":"dcgis","website":"https://www.christchurchgeorgetown.org/","wikidata":"Q5108745","_wikiTried":true},"geometry":{"type":"Polygon","coordinates":[[[-77.061379,38.9080496],[-77.0615863,38.9080479],[-77.0616464,38.9080455],[-77.0616487,38.9081972],[-77.0615544,38.9081996],[-77.0615587,38.908374],[-77.061358,38.9083787],[-77.0613504,38.9081856],[-77.0613393,38.9081855],[-77.061338,38.9081092],[-77.0613481,38.9081089],[-77.0613473,38.9080503],[-77.061379,38.9080496]]]}},{"type":"Feature","id":66692566,"properties":{"osmId":66692566,"category":"academic","building":"school","dataset":"buildings","dcgis:captureyear":"19990331","dcgis:gis_id":"158518","ele":"51","gnis:feature_id":"528625","name":"Jackson School","source":"dcgis","wikimedia_commons":"Category:Jackson School, Washington, D.C.","_wikiTried":true},"geometry":{"type":"Polygon","coordinates":[[[-77.061365,38.9127828],[-77.0613247,38.9127756],[-77.0613228,38.912784],[-77.0612568,38.912772],[-77.0612582,38.9127634],[-77.0611646,38.9127468],[-77.0611935,38.9126527],[-77.0611845,38.9126503],[-77.0611976,38.9126044],[-77.0612069,38.9126066],[-77.0612357,38.9125119],[-77.0614869,38.9125602],[-77.0614579,38.9126526],[-77.0614695,38.9126546],[-77.0614545,38.9127001],[-77.0614441,38.9126971],[-77.0614285,38.912749],[-77.0614429,38.9127717],[-77.0614423,38.9127768],[-77.0614409,38.9127818],[-77.0614386,38.9127866],[-77.061436,38.9127902],[-77.0614354,38.912791],[-77.0614315,38.9127952],[-77.0614269,38.9127987],[-77.0614216,38.9128017],[-77.0614185,38.9128031],[-77.0614159,38.9128043],[-77.0614098,38.9128061],[-77.0614034,38.9128071],[-77.0613969,38.9128075],[-77.0613903,38.9128072],[-77.061384,38.9128062],[-77.0613795,38.912805],[-77.061365,38.9127828]]]}},{"type":"Feature","id":66692728,"properties":{"osmId":66692728,"category":"religious","building":"church","dataset":"buildings","dcgis:captureyear":"19990331","dcgis:gis_id":"92252","source":"dcgis"},"geometry":{"type":"Polygon","coordinates":[[[-77.0609345,38.910394],[-77.0609324,38.9101024],[-77.0611052,38.9101025],[-77.0611089,38.9102184],[-77.061109,38.9102197],[-77.0610897,38.9102208],[-77.0610911,38.9103533],[-77.0611016,38.9103532],[-77.061102,38.9103927],[-77.0610483,38.9103927],[-77.0610479,38.9103779],[-77.0609813,38.9103783],[-77.0609814,38.9103939],[-77.0609345,38.910394]]]}},{"type":"Feature","id":66692778,"properties":{"osmId":66692778,"category":"religious","addr:housenumber":"2801","addr:street":"N Street Northwest","amenity":"place_of_worship","building":"yes","dataset":"address","dcgis:captureyear":"19990331","dcgis:lot":"0800","dcgis:square":"1235","name":"Kesher Israel Georgetown Synagogue","religion":"jewish","source":"dcgis","url":"http://kesher.org","wikidata":"Q18153119","_wikiTried":true},"geometry":{"type":"Polygon","coordinates":[[[-77.0572708,38.9070426],[-77.0572721,38.9071054],[-77.0571685,38.9071066],[-77.0571652,38.9069459],[-77.0572697,38.9069444],[-77.0572708,38.9070426]]]}},{"type":"Feature","id":66692829,"properties":{"osmId":66692829,"category":"academic","addr:housenumber":"3050","addr:street":"R Street Northwest","building":"school","building:use":"appartment","dataset":"buildings","dcgis:captureyear":"19990331","dcgis:gis_id":"12009","dcgis:lot":"0276","dcgis:square":"1282","ele":"52","gnis:feature_id":"531088","name":"The Montrose","old_name":"Henry and Anne Hurt Home","source":"dcgis","wikimedia_commons":"Category:The Montrose (Washington, D.C.)","_wikiTried":true},"geometry":{"type":"Polygon","coordinates":[[[-77.0619133,38.9128911],[-77.0619204,38.9128674],[-77.061817,38.9128486],[-77.0618211,38.9128349],[-77.0617776,38.912827],[-77.0617742,38.9128383],[-77.0616686,38.9128191],[-77.061665,38.9128184],[-77.0617388,38.9125727],[-77.0618598,38.9125948],[-77.0618198,38.9127279],[-77.0621399,38.9127861],[-77.0621053,38.9129015],[-77.062002,38.9128827],[-77.0619951,38.9129059],[-77.0619133,38.9128911]]]}},{"type":"Feature","id":66692876,"properties":{"osmId":66692876,"category":"religious","addr:housenumber":"2712","addr:street":"Dumbarton Street Northwest","amenity":"place_of_worship","building":"yes","dataset":"buildings","dcgis:captureyear":"19990331","dcgis:lot":"0163","dcgis:square":"1236","denomination":"catholic","ele":"22","gnis:feature_id":"529524","name":"Epiphany Catholic Church","religion":"christian","source":"dcgis","_wikiTried":true},"geometry":{"type":"Polygon","coordinates":[[[-77.0563636,38.9075585],[-77.0563588,38.9073467],[-77.0565038,38.9073447],[-77.0565084,38.9075563],[-77.0565168,38.9075562],[-77.0565176,38.9075917],[-77.0563552,38.9075939],[-77.0563545,38.9075585],[-77.0563636,38.9075585]]]}},{"type":"Feature","id":66692910,"properties":{"osmId":66692910,"category":"library","access":"yes","addr:city":"Washington","addr:housenumber":"3260","addr:state":"DC","addr:street":"R Street Northwest","amenity":"library","building":"yes","dataset":"address;buildings","dcgis:lot":"0800","dcgis:square":"1280","name":"Georgetown Library","operator":"District of Columbia Public Library","operator:type":"public","source":"dcgis","website":"https://www.dclibrary.org/plan-visit/georgetown-library","wikidata":"Q63437240","wikimedia_commons":"Category:Georgetown Neighborhood Library","_wikiTried":true},"geometry":{"type":"Polygon","coordinates":[[[-77.0659253,38.9134691],[-77.0659253,38.9134759],[-77.0658024,38.9134748],[-77.0658037,38.913342],[-77.0658042,38.9133179],[-77.0659277,38.913319],[-77.0659276,38.9133239],[-77.0662375,38.9133265],[-77.0662354,38.913479],[-77.0661172,38.913478],[-77.0661173,38.9134708],[-77.0659253,38.9134691]]]}},{"type":"Feature","id":66693211,"properties":{"osmId":66693211,"category":"religious","addr:housenumber":"2600","addr:street":"P Street Northwest","amenity":"place_of_worship","building":"yes","dataset":"buildings","dcgis:captureyear":"20050405","dcgis:lot":"0823","dcgis:square":"1262","denomination":"baptist","ele":"21","gnis:feature_id":"531708","name":"Jerusalem Baptist Church","religion":"christian","source":"dcgis","_wikiTried":true},"geometry":{"type":"Polygon","coordinates":[[[-77.0549819,38.9089976],[-77.0550271,38.908997],[-77.0550272,38.9090065],[-77.0550643,38.9090072],[-77.0550644,38.9090318],[-77.0550692,38.9092852],[-77.0548826,38.9092875],[-77.0548777,38.9090333],[-77.0549826,38.909032],[-77.0549819,38.9089976]]]}},{"type":"Feature","id":66693316,"properties":{"osmId":66693316,"category":"religious","addr:housenumber":"1041","addr:street":"Wisconsin Avenue Northwest","amenity":"place_of_worship","building":"church","dataset":"buildings","dcgis:captureyear":"19990331","dcgis:gis_id":"15661","dcgis:lot":"0835","dcgis:square":"1189","denomination":"episcopal","name":"Grace Episcopal Church","religion":"christian","source":"dcgis","wikidata":"Q5591146","_wikiTried":true},"geometry":{"type":"Polygon","coordinates":[[[-77.0621373,38.9035155],[-77.0621401,38.9036295],[-77.0619074,38.903632],[-77.0619058,38.9035179],[-77.0621373,38.9035155]]]}},{"type":"Feature","id":66693357,"properties":{"osmId":66693357,"category":"religious","addr:housenumber":"2624","addr:street":"Dumbarton Street Northwest","amenity":"place_of_worship","building":"yes","dataset":"buildings","dcgis:captureyear":"19990331","dcgis:lot":"0805","dcgis:square":"1237","denomination":"baptist","ele":"19","gnis:feature_id":"2506940","name":"First Baptist Church of Georgetown","religion":"christian","source":"dcgis","_wikiTried":true},"geometry":{"type":"Polygon","coordinates":[[[-77.0555892,38.9074854],[-77.0557013,38.9074841],[-77.0557035,38.9075997],[-77.0557178,38.9075995],[-77.0557185,38.9076347],[-77.0556794,38.9076352],[-77.0556792,38.9076265],[-77.05561,38.9076273],[-77.0556102,38.9076349],[-77.0555772,38.9076353],[-77.0555765,38.9075995],[-77.0555915,38.9075993],[-77.0555892,38.9074854]]]}},{"type":"Feature","id":66693578,"properties":{"osmId":66693578,"category":"religious","addr:housenumber":"1238","addr:street":"31st Street Northwest","amenity":"place_of_worship","building":"church","check_date":"2023-11-05","dataset":"buildings","dcgis:captureyear":"19990331","dcgis:gis_id":"84284","dcgis:lot":"0849","dcgis:square":"1208","denomination":"christ_scientist","ele":"26","gnis:feature_id":"529528","name":"Fifth Christian Science Church","religion":"christian","source":"dcgis","_wikiTried":true},"geometry":{"type":"Polygon","coordinates":[[[-77.0615868,38.9061452],[-77.0615858,38.9062723],[-77.0613187,38.9062733],[-77.0613177,38.9061463],[-77.0615868,38.9061452]]]}},{"type":"Feature","id":67521359,"properties":{"osmId":67521359,"category":"academic","building":"university","dataset":"buildings","dcgis:captureyear":"20080530","dcgis:gis_id":"65247","dcgis:lot":"0827","dcgis:square":"1321","name":"Rafik B. Hariri Building","operator":"Georgetown University","source":"dcgis","_wikiTried":true},"geometry":{"type":"Polygon","coordinates":[[[-77.0752327,38.9094446],[-77.0752436,38.9092932],[-77.0752451,38.9092555],[-77.0752004,38.9092529],[-77.0751881,38.9092245],[-77.0751841,38.9091835],[-77.0751931,38.9091318],[-77.0752182,38.9090848],[-77.0752441,38.909045],[-77.0752675,38.909016],[-77.0752944,38.9089898],[-77.0753199,38.9089905],[-77.0753211,38.9089612],[-77.0753222,38.9089434],[-77.0752442,38.9089416],[-77.0752508,38.9088049],[-77.0754946,38.9088103],[-77.0758467,38.9088204],[-77.0758241,38.909457],[-77.0754661,38.9094492],[-77.0752327,38.9094446]]]}},{"type":"Feature","id":67521362,"properties":{"osmId":67521362,"category":"athletic","building":"yes","dataset":"buildings","dcgis:captureyear":"20050405","dcgis:gis_id":"65246","leisure":"sports_centre","name":"Yates Field House","source":"dcgis","_wikiTried":true},"geometry":{"type":"Polygon","coordinates":[[[-77.0762289,38.9097797],[-77.0762286,38.9097116],[-77.0762879,38.9097115],[-77.0762876,38.9096533],[-77.0761748,38.9096536],[-77.0761748,38.9096399],[-77.0761088,38.90964],[-77.0761085,38.9095606],[-77.0760842,38.9095606],[-77.0760831,38.9091687],[-77.076276,38.9091683],[-77.0762757,38.9090791],[-77.076229,38.9090792],[-77.0762288,38.9090258],[-77.0762789,38.9090258],[-77.0762791,38.9088713],[-77.0762866,38.9088713],[-77.0764636,38.9088716],[-77.0765224,38.9088237],[-77.0765225,38.9086903],[-77.0774383,38.9086905],[-77.0774383,38.9086952],[-77.0775534,38.9086952],[-77.0775533,38.9088666],[-77.0774458,38.9088666],[-77.0774489,38.9098286],[-77.0762846,38.9098317],[-77.0762844,38.9097796],[-77.0762289,38.9097797]]]}},{"type":"Feature","id":67521365,"properties":{"osmId":67521365,"category":"academic","building":"university","dataset":"buildings","dcgis:captureyear":"19990331","dcgis:gis_id":"14976","dcgis:lot":"0827","dcgis:square":"1321","ele":"48","gnis:feature_id":"2002636","man_made":"observatory","name":"Georgetown University Astronomical Observatory","source":"dcgis","wikipedia":"en:Georgetown University Astronomical Observatory","_wikiTried":true},"geometry":{"type":"Polygon","coordinates":[[[-77.0771588,38.9083724],[-77.0771587,38.9083438],[-77.0771407,38.9083438],[-77.0771407,38.9083575],[-77.0770646,38.9083577],[-77.0770645,38.9083118],[-77.0771365,38.9083117],[-77.0771365,38.908325],[-77.0771541,38.908325],[-77.0771539,38.9082968],[-77.0772518,38.9082966],[-77.0773619,38.9082964],[-77.0773622,38.9083719],[-77.0772427,38.9083722],[-77.0771588,38.9083724]]]}},{"type":"Feature","id":67521368,"properties":{"osmId":67521368,"category":"academic","building":"university","dataset":"buildings","dcgis:captureyear":"19990331","dcgis:gis_id":"88551","name":"Anne Marie Becraft Hall","operator":"Georgetown University","source":"dcgis","wikidata":"Q80749571","_wikiTried":true},"geometry":{"type":"Polygon","coordinates":[[[-77.0738984,38.9067155],[-77.0739019,38.9067494],[-77.0739032,38.9067615],[-77.0739046,38.9067751],[-77.0738324,38.9067796],[-77.0738301,38.906757],[-77.0738298,38.9067545],[-77.0738288,38.906745],[-77.0738263,38.9067201],[-77.0738984,38.9067155]]]}},{"type":"Feature","id":67521372,"properties":{"osmId":67521372,"category":"academic","building":"yes","dataset":"buildings","dcgis:captureyear":"19990331","dcgis:gis_id":"82337","dcgis:lot":"0827","dcgis:square":"1321","name":"Heating and Cooling Plant","source":"dcgis","_wikiTried":true},"geometry":{"type":"Polygon","coordinates":[[[-77.0761542,38.9078559],[-77.0762699,38.9078563],[-77.0762714,38.9076607],[-77.0767283,38.9076625],[-77.0767281,38.9076887],[-77.0769559,38.9076897],[-77.0769557,38.90771],[-77.0769535,38.9080344],[-77.0769529,38.9081296],[-77.0769295,38.9081296],[-77.0761524,38.9081264],[-77.0761542,38.9078559]]]}},{"type":"Feature","id":67521377,"properties":{"osmId":67521377,"category":"academic","building":"yes","dataset":"buildings","dcgis:captureyear":"19990331","dcgis:gis_id":"76952","source":"dcgis"},"geometry":{"type":"Polygon","coordinates":[[[-77.0774316,38.9084239],[-77.0774308,38.9083552],[-77.0774746,38.9083549],[-77.0774751,38.9083999],[-77.0775078,38.9083997],[-77.077508,38.9084233],[-77.0774316,38.9084239]]]}},{"type":"Feature","id":67521384,"properties":{"osmId":67521384,"category":"academic","building":"university","dataset":"buildings","dcgis:captureyear":"19990331","dcgis:gis_id":"16237","dcgis:lot":"0827","dcgis:square":"1321","name":"Leavey Center","operator":"Georgetown University","source":"dcgis","_wikiTried":true},"geometry":{"type":"Polygon","coordinates":[[[-77.075615,38.9103657],[-77.0756154,38.9103447],[-77.0751369,38.9103274],[-77.0751372,38.9103156],[-77.0750542,38.9103143],[-77.0750537,38.9103221],[-77.0746124,38.9103152],[-77.0746124,38.9103005],[-77.0745639,38.9102994],[-77.0745235,38.9102985],[-77.0745229,38.9103116],[-77.0740186,38.9102985],[-77.0740267,38.910108],[-77.0739988,38.9101073],[-77.0740011,38.9100531],[-77.0740269,38.9100538],[-77.0740325,38.9099224],[-77.0739969,38.9099214],[-77.0739981,38.9098936],[-77.0739995,38.9098607],[-77.074035,38.9098617],[-77.0740473,38.9095719],[-77.0741179,38.909573],[-77.0741181,38.9095646],[-77.0741189,38.9095359],[-77.0742309,38.9095376],[-77.0742299,38.9095757],[-77.0743783,38.9095811],[-77.0745417,38.909587],[-77.0745427,38.9095478],[-77.0746513,38.9095485],[-77.0746517,38.9095923],[-77.0750299,38.9095997],[-77.0750686,38.9096001],[-77.0750708,38.9095622],[-77.0751789,38.9095646],[-77.0751782,38.909604],[-77.0754593,38.9096101],[-77.0755364,38.9096118],[-77.0755375,38.9095704],[-77.0756537,38.9095724],[-77.0756527,38.9096135],[-77.0757998,38.9096158],[-77.0757988,38.9096572],[-77.0757928,38.9098919],[-77.0758489,38.9098928],[-77.0758481,38.9099227],[-77.0757845,38.9099217],[-77.0757786,38.9101568],[-77.0758216,38.9101574],[-77.0758208,38.9101864],[-77.0757758,38.9101857],[-77.0757731,38.9102966],[-77.0758146,38.9102972],[-77.0758139,38.910323],[-77.0757671,38.9103222],[-77.0757666,38.9103413],[-77.0757353,38.9103409],[-77.0757346,38.9103675],[-77.0756618,38.9103664],[-77.075615,38.9103657]]]}},{"type":"Feature","id":67521385,"properties":{"osmId":67521385,"category":"academic","building":"yes","dataset":"buildings","dcgis:captureyear":"19990331","dcgis:gis_id":"87051","name":"Little Henle","source":"dcgis","_wikiTried":true},"geometry":{"type":"Polygon","coordinates":[[[-77.073252,38.9111198],[-77.0731325,38.9111166],[-77.0731323,38.9111232],[-77.0730804,38.9111218],[-77.0730845,38.9110324],[-77.0731126,38.9110332],[-77.0731982,38.9110355],[-77.0733096,38.9110386],[-77.0733055,38.9111282],[-77.0732517,38.9111266],[-77.073252,38.9111198]]]}},{"type":"Feature","id":67521386,"properties":{"osmId":67521386,"category":"academic","building":"university","dataset":"buildings","dcgis:captureyear":"19990331","dcgis:gis_id":"98718","name":"Building D","operator":"Georgetown University","source":"dcgis","_wikiTried":true},"geometry":{"type":"Polygon","coordinates":[[[-77.0780641,38.9122678],[-77.078064,38.9122717],[-77.0780616,38.9123381],[-77.0780608,38.9123604],[-77.078165,38.9123628],[-77.0781685,38.9122702],[-77.0781032,38.9122687],[-77.0781158,38.9119293],[-77.0781387,38.9119298],[-77.0781324,38.912099],[-77.0787167,38.9121121],[-77.0787188,38.9120554],[-77.078724,38.9119161],[-77.078732,38.9116961],[-77.0782526,38.9116854],[-77.0781535,38.9116809],[-77.0781451,38.9118504],[-77.0780832,38.911849],[-77.0780677,38.9122679],[-77.0780641,38.9122678]]]}},{"type":"Feature","id":67521388,"properties":{"osmId":67521388,"category":"academic","building":"yes","dataset":"buildings","dcgis:captureyear":"19990331","dcgis:gis_id":"82665","source":"dcgis"},"geometry":{"type":"Polygon","coordinates":[[[-77.0773839,38.908186],[-77.0774325,38.9081859],[-77.0774326,38.9082214],[-77.0773841,38.9082215],[-77.0773839,38.908186]]]}},{"type":"Feature","id":67521389,"properties":{"osmId":67521389,"category":"academic","building":"yes","dataset":"buildings","dcgis:captureyear":"19990331","dcgis:gis_id":"90361","source":"dcgis"},"geometry":{"type":"Polygon","coordinates":[[[-77.0760604,38.9121579],[-77.0760614,38.9121314],[-77.0760801,38.9121318],[-77.0760876,38.912132],[-77.0760866,38.9121585],[-77.0760762,38.9121582],[-77.0760604,38.9121579]]]}},{"type":"Feature","id":67521392,"properties":{"osmId":67521392,"category":"academic","building":"university","name":"Village A","operator":"Georgetown University","_wikiTried":true},"geometry":{"type":"Polygon","coordinates":[[[-77.0734409,38.9060787],[-77.0734405,38.9060682],[-77.0733354,38.9060707],[-77.0733352,38.906062],[-77.0732759,38.9060634],[-77.0732763,38.906072],[-77.0731693,38.9060746],[-77.0731689,38.9060641],[-77.0731183,38.9060653],[-77.0731182,38.9060614],[-77.0731151,38.9059806],[-77.0731669,38.9059793],[-77.0731675,38.9059938],[-77.0731859,38.9059933],[-77.0731973,38.9059837],[-77.0732451,38.9059826],[-77.0732546,38.9059896],[-77.0732726,38.9059892],[-77.0732724,38.9059818],[-77.0733321,38.9059804],[-77.0733324,38.905989],[-77.0733506,38.9059885],[-77.0733611,38.9059798],[-77.0734104,38.9059786],[-77.0734208,38.9059861],[-77.073437,38.9059857],[-77.0734375,38.9059972],[-77.0734925,38.9059961],[-77.0734937,38.9060775],[-77.0734409,38.9060787]]]}},{"type":"Feature","id":67521398,"properties":{"osmId":67521398,"category":"academic","building":"yes","dataset":"buildings","dcgis:captureyear":"20050405","dcgis:gis_id":"90680","source":"dcgis"},"geometry":{"type":"Polygon","coordinates":[[[-77.0746612,38.9117189],[-77.0746625,38.9116993],[-77.0747021,38.9117008],[-77.074701,38.9117204],[-77.0746612,38.9117189]]]}},{"type":"Feature","id":67521399,"properties":{"osmId":67521399,"category":"academic","building":"yes","dataset":"buildings","dcgis:captureyear":"19990331","dcgis:gis_id":"17935","source":"dcgis"},"geometry":{"type":"Polygon","coordinates":[[[-77.0776214,38.9123709],[-77.0776226,38.9123177],[-77.0776564,38.9123181],[-77.0776552,38.9123714],[-77.0776214,38.9123709]]]}},{"type":"Feature","id":67521404,"properties":{"osmId":67521404,"category":"religious","amenity":"place_of_worship","building":"yes","dataset":"buildings","dcgis:captureyear":"19990331","dcgis:gis_id":"77274","dcgis:lot":"0827","dcgis:square":"1321","name":"Dahlgren Chapel of the Sacred Heart","religion":"christian","source":"dcgis","wikidata":"Q20807293","_wikiTried":true},"geometry":{"type":"Polygon","coordinates":[[[-77.073529,38.9073434],[-77.0733853,38.9073431],[-77.0733854,38.9073044],[-77.0733475,38.9073045],[-77.0733472,38.9072635],[-77.0733856,38.9072633],[-77.0733858,38.9072263],[-77.0735282,38.9072267],[-77.0735282,38.9072116],[-77.0735282,38.9071944],[-77.0736515,38.9071947],[-77.0736772,38.9071744],[-77.0736917,38.9071745],[-77.0737052,38.9071745],[-77.0737245,38.9071894],[-77.0737243,38.907228],[-77.0737284,38.907228],[-77.073728,38.9073416],[-77.0737232,38.9073416],[-77.0737232,38.9073612],[-77.0737232,38.907379],[-77.0736937,38.9073787],[-77.0735289,38.9073768],[-77.073529,38.9073434]]]}},{"type":"Feature","id":67521409,"properties":{"osmId":67521409,"category":"academic","building":"yes","dataset":"buildings","dcgis:captureyear":"19990331","dcgis:gis_id":"92980","source":"dcgis"},"geometry":{"type":"Polygon","coordinates":[[[-77.0790458,38.9120761],[-77.0790466,38.9120552],[-77.0791012,38.9120565],[-77.0791004,38.9120774],[-77.0790458,38.9120761]]]}},{"type":"Feature","id":67521410,"properties":{"osmId":67521410,"category":"academic","building":"yes","dataset":"buildings","dcgis:captureyear":"20050405","dcgis:gis_id":"90510","source":"dcgis"},"geometry":{"type":"Polygon","coordinates":[[[-77.0747613,38.9119668],[-77.0747661,38.9118934],[-77.0747936,38.9118945],[-77.0747888,38.9119679],[-77.0747613,38.9119668]]]}},{"type":"Feature","id":67521413,"properties":{"osmId":67521413,"category":"academic","building":"university","dataset":"buildings","dcgis:captureyear":"20050405","dcgis:gis_id":"79740","designation":"Dormitory","name":"Kennedy Hall","operator":"Georgetown University","source":"dcgis","_wikiTried":true},"geometry":{"type":"Polygon","coordinates":[[[-77.0753589,38.9072646],[-77.0753586,38.9072794],[-77.0752127,38.9072775],[-77.0752141,38.9072086],[-77.0752165,38.9070932],[-77.075607,38.9070981],[-77.075669,38.9070989],[-77.0756693,38.9070856],[-77.0758145,38.9070874],[-77.0758118,38.907215],[-77.0758104,38.9072841],[-77.0756633,38.9072823],[-77.0756636,38.9072684],[-77.0756042,38.9072677],[-77.0753589,38.9072646]]]}},{"type":"Feature","id":67521415,"properties":{"osmId":67521415,"category":"academic","building":"yes","dataset":"buildings","dcgis:captureyear":"19990331","dcgis:gis_id":"85436","source":"dcgis"},"geometry":{"type":"Polygon","coordinates":[[[-77.0717033,38.9075455],[-77.0717497,38.9075441],[-77.0717502,38.9075543],[-77.0717609,38.9075541],[-77.0717624,38.9075831],[-77.0717512,38.9075833],[-77.0717516,38.9075938],[-77.0717057,38.9075952],[-77.0717033,38.9075455]]]}},{"type":"Feature","id":67521416,"properties":{"osmId":67521416,"category":"academic","addr:housenumber":"3900","addr:street":"Reservoir Road Northwest","building":"university","dataset":"buildings","dcgis:captureyear":"19990331","dcgis:gis_id":"90357","dcgis:lot":"0827","dcgis:square":"1321","name":"Medical and Dental Building","operator":"Georgetown University","source":"dcgis","_wikiTried":true},"geometry":{"type":"Polygon","coordinates":[[[-77.0768411,38.9121514],[-77.0768418,38.9121326],[-77.0768326,38.9121324],[-77.0768336,38.9121055],[-77.0764286,38.9120961],[-77.0764329,38.9119828],[-77.076512,38.9119847],[-77.0765146,38.9119178],[-77.0765482,38.9119186],[-77.0765456,38.9119856],[-77.0768398,38.9119924],[-77.0768501,38.9117246],[-77.0764433,38.911715],[-77.0764476,38.9116026],[-77.0767047,38.9116086],[-77.077179,38.9116197],[-77.0774487,38.911626],[-77.0774476,38.9116536],[-77.0774443,38.9117387],[-77.0774037,38.9117377],[-77.0773704,38.9117369],[-77.0773679,38.911802],[-77.0773297,38.9118011],[-77.0773322,38.9117367],[-77.0770412,38.9117299],[-77.0770309,38.9119966],[-77.0773248,38.9120035],[-77.0773272,38.9119395],[-77.0773636,38.9119404],[-77.077361,38.9120077],[-77.0774338,38.9120094],[-77.0774295,38.9121192],[-77.0770258,38.9121098],[-77.0770248,38.9121373],[-77.0770083,38.9121369],[-77.0770076,38.9121552],[-77.0768411,38.9121514]]]}},{"type":"Feature","id":67521420,"properties":{"osmId":67521420,"category":"academic","building":"university","name":"Village C East","operator":"Georgetown University","_wikiTried":true},"geometry":{"type":"Polygon","coordinates":[[[-77.0740671,38.9069487],[-77.0742426,38.9069531],[-77.0742675,38.9069534],[-77.0742664,38.9070282],[-77.0742655,38.9070911],[-77.0738825,38.9070877],[-77.0738846,38.9069472],[-77.0739772,38.906948],[-77.0740491,38.9069486],[-77.0740671,38.9069487]]]}},{"type":"Feature","id":67521421,"properties":{"osmId":67521421,"category":"academic","addr:state":"DC","amenity":"library","building":"university","dataset":"buildings","dcgis:captureyear":"19990331","dcgis:gis_id":"86134","dcgis:lot":"0827","dcgis:square":"1321","layer":"1","name":"Dahlgren Medical Library","operator":"Georgetown University","operator:type":"university","source":"dcgis","website":"https://dml.georgetown.edu/","_wikiTried":true},"geometry":{"type":"Polygon","coordinates":[[[-77.0767855,38.9113735],[-77.0767962,38.9111007],[-77.0771458,38.911109],[-77.0771351,38.9113818],[-77.0767855,38.9113735]]]}},{"type":"Feature","id":67521422,"properties":{"osmId":67521422,"category":"academic","building":"yes","dataset":"buildings","dcgis:captureyear":"19990331","dcgis:gis_id":"85264","source":"dcgis"},"geometry":{"type":"Polygon","coordinates":[[[-77.0717144,38.907806],[-77.0717125,38.9077548],[-77.0717577,38.9077537],[-77.0717581,38.907765],[-77.0717706,38.9077647],[-77.0717717,38.9077934],[-77.0717601,38.9077936],[-77.0717606,38.9078049],[-77.0717144,38.907806]]]}},{"type":"Feature","id":67521429,"properties":{"osmId":67521429,"category":"medical","building":"hospital","dataset":"buildings","dcgis:captureyear":"19990331","dcgis:gis_id":"96429","dcgis:lot":"0824","dcgis:square":"1321","name":"Lombardi Comprehensive Cancer Center","operator":"MedStar Georgetown University Hospital","source":"dcgis","wikidata":"Q42377081","wikipedia":"en:Georgetown Lombardi Comprehensive Cancer Center","_wikiTried":true},"geometry":{"type":"Polygon","coordinates":[[[-77.0757986,38.9110711],[-77.0758003,38.9110283],[-77.0755264,38.9110218],[-77.0755352,38.9107996],[-77.0756588,38.9108025],[-77.0756572,38.9108408],[-77.075671,38.9108411],[-77.0756733,38.9107834],[-77.0757142,38.9107845],[-77.075712,38.9108412],[-77.0757701,38.9108426],[-77.0758072,38.9108189],[-77.0758076,38.9108064],[-77.076364,38.9108197],[-77.0763552,38.9110438],[-77.0759194,38.9110334],[-77.0758809,38.911073],[-77.0757986,38.9110711]]]}},{"type":"Feature","id":67521435,"properties":{"osmId":67521435,"category":"academic","building":"university","name":"Village C East","operator":"Georgetown University","_wikiTried":true},"geometry":{"type":"Polygon","coordinates":[[[-77.0740671,38.9069487],[-77.0740687,38.9068322],[-77.07407,38.9067447],[-77.0742455,38.9067462],[-77.0742426,38.9069531],[-77.0740671,38.9069487]]]}},{"type":"Feature","id":67521438,"properties":{"osmId":67521438,"category":"academic","building":"university","dataset":"buildings","dcgis:captureyear":"20050405","dcgis:gis_id":"83850","dcgis:lot":"0827","dcgis:square":"1321","name":"Leo O'Donovan Dining Hall","operator":"Georgetown University","source":"dcgis","_wikiTried":true},"geometry":{"type":"Polygon","coordinates":[[[-77.0749642,38.9066114],[-77.0749345,38.9065854],[-77.0748991,38.9065544],[-77.074908,38.9065429],[-77.0749175,38.9062147],[-77.0750054,38.9062155],[-77.0750051,38.9061712],[-77.0750544,38.9061715],[-77.0750541,38.9061771],[-77.0751368,38.9061835],[-77.0752013,38.906196],[-77.0752129,38.9061995],[-77.0752378,38.906207],[-77.0753091,38.9062439],[-77.0753719,38.9062924],[-77.0754094,38.9063361],[-77.0754372,38.9063846],[-77.075456,38.906452],[-77.075458,38.9065053],[-77.0754673,38.9065055],[-77.075467,38.9065437],[-77.0754171,38.9065436],[-77.0754172,38.9065402],[-77.0754094,38.9065405],[-77.0754095,38.9065599],[-77.0754096,38.9065952],[-77.0754096,38.9066144],[-77.0749642,38.9066114]]]}},{"type":"Feature","id":67521440,"properties":{"osmId":67521440,"category":"academic","building":"university","dataset":"buildings","dcgis:captureyear":"19990331","dcgis:gis_id":"93470","dcgis:lot":"0827","dcgis:square":"1321","name":"Medical and Dental Annex","source":"dcgis","_wikiTried":true},"geometry":{"type":"Polygon","coordinates":[[[-77.0770906,38.9119085],[-77.0770941,38.9118169],[-77.0774322,38.9118247],[-77.0774287,38.9119163],[-77.0770906,38.9119085]]]}},{"type":"Feature","id":67521443,"properties":{"osmId":67521443,"category":"academic","building":"university","dataset":"buildings","dcgis:captureyear":"19990331","dcgis:gis_id":"86370","dcgis:lot":"0827","dcgis:square":"1321","name":"Reiss Science Building","operator":"Georgetown University","source":"dcgis","_wikiTried":true},"geometry":{"type":"Polygon","coordinates":[[[-77.0735299,38.9098069],[-77.0735258,38.9098093],[-77.0735216,38.9098049],[-77.0734986,38.9097805],[-77.0734373,38.9097156],[-77.0734361,38.9097144],[-77.0733589,38.9096326],[-77.073352,38.9096365],[-77.0733613,38.9096462],[-77.0733222,38.9096689],[-77.0732922,38.9096374],[-77.0732577,38.9096012],[-77.0732985,38.9095774],[-77.0733092,38.9095886],[-77.0733145,38.9095855],[-77.073212,38.9094752],[-77.0732106,38.9094737],[-77.0731735,38.9094337],[-77.0731721,38.9094322],[-77.0731496,38.909408],[-77.0731426,38.9094005],[-77.0731184,38.9093744],[-77.0732088,38.9093248],[-77.0732467,38.9092957],[-77.073261,38.9092848],[-77.0733419,38.9092228],[-77.0733444,38.9092209],[-77.0735616,38.9093956],[-77.0736214,38.9093478],[-77.073688,38.9094069],[-77.0737392,38.909472],[-77.073669,38.9095059],[-77.0736827,38.9095258],[-77.073699,38.9095496],[-77.0737158,38.909574],[-77.0737317,38.9095971],[-77.0737482,38.9096211],[-77.0737644,38.9096446],[-77.0737819,38.9096701],[-77.0737829,38.9096716],[-77.0738148,38.909718],[-77.0737169,38.909759],[-77.0736696,38.9097789],[-77.0736484,38.9097878],[-77.0735742,38.9098323],[-77.0735593,38.9098412],[-77.0735471,38.9098269],[-77.0735299,38.9098069]]]}},{"type":"Feature","id":67521444,"properties":{"osmId":67521444,"category":"academic","building":"university","dataset":"buildings","dcgis:captureyear":"20050405","dcgis:gis_id":"79740","name":"Reynolds Hall","operator":"Georgetown University","source":"dcgis","_wikiTried":true},"geometry":{"type":"Polygon","coordinates":[[[-77.0757735,38.9067568],[-77.0758156,38.9067573],[-77.0758159,38.9067424],[-77.0758696,38.9067431],[-77.0759671,38.9067443],[-77.0759668,38.9067588],[-77.0760549,38.9067599],[-77.0760524,38.9068769],[-77.0760314,38.9068766],[-77.0760288,38.9070001],[-77.0760267,38.9071007],[-77.0760508,38.907101],[-77.0760484,38.9072179],[-77.0758813,38.9072164],[-77.0758118,38.907215],[-77.0758145,38.9070874],[-77.0758165,38.9069917],[-77.0758189,38.9068744],[-77.0757711,38.9068738],[-77.0757735,38.9067568]]]}},{"type":"Feature","id":67521448,"properties":{"osmId":67521448,"category":"academic","building":"university","dataset":"buildings","dcgis:captureyear":"20050405","dcgis:gis_id":"79740","name":"McCarthy Hall","operator":"Georgetown University","source":"dcgis","_wikiTried":true},"geometry":{"type":"Polygon","coordinates":[[[-77.0752213,38.9068662],[-77.0752187,38.9069877],[-77.0752165,38.9070932],[-77.0752141,38.9072086],[-77.0749848,38.9072057],[-77.0749872,38.9070898],[-77.0750011,38.90709],[-77.0750034,38.9069803],[-77.0750059,38.9068621],[-77.0749887,38.9068619],[-77.0749911,38.9067454],[-77.0750795,38.9067465],[-77.0750797,38.906734],[-77.0751801,38.9067353],[-77.0752312,38.9067359],[-77.0752309,38.906749],[-77.0752738,38.9067496],[-77.0752713,38.9068669],[-77.0752213,38.9068662]]]}},{"type":"Feature","id":67521458,"properties":{"osmId":67521458,"category":"academic","building":"university","dataset":"buildings","dcgis:captureyear":"19990331","dcgis:gis_id":"17697","name":"Basic Science Building","operator":"Georgetown University","source":"dcgis","_wikiTried":true},"geometry":{"type":"Polygon","coordinates":[[[-77.0776436,38.9117362],[-77.0776504,38.9115703],[-77.0776532,38.9114982],[-77.0776665,38.9111788],[-77.0779684,38.911192],[-77.0779676,38.9112054],[-77.077946,38.9117436],[-77.0776436,38.9117362]]]}},{"type":"Feature","id":67521459,"properties":{"osmId":67521459,"category":"academic","building":"yes","dataset":"buildings","dcgis:captureyear":"19990331","dcgis:gis_id":"98711","source":"dcgis"},"geometry":{"type":"Polygon","coordinates":[[[-77.0749265,38.9123177],[-77.074929,38.9122343],[-77.0749295,38.9122187],[-77.0749309,38.9122188],[-77.0749567,38.9122193],[-77.0749632,38.9122195],[-77.0749628,38.9122314],[-77.0749872,38.9122319],[-77.0749923,38.912232],[-77.0749914,38.9122745],[-77.0749619,38.9122738],[-77.0749606,38.9123183],[-77.0749265,38.9123177]]]}},{"type":"Feature","id":67521460,"properties":{"osmId":67521460,"category":"academic","addr:state":"DC","building":"university","dataset":"buildings","dcgis:captureyear":"19990331","dcgis:gis_id":"82453","dcgis:lot":"0827","dcgis:square":"1321","ele":"33","gnis:feature_id":"2082643","leisure":"sports_centre","name":"McDonough Arena","operator":"Georgetown University","source":"USGS Geonames","wikidata":"Q6800979","_wikiTried":true},"geometry":{"type":"Polygon","coordinates":[[[-77.0770645,38.9073173],[-77.0773291,38.9073184],[-77.0773293,38.9072926],[-77.0773433,38.9072927],[-77.0774272,38.907293],[-77.0775185,38.9072934],[-77.0775319,38.9072935],[-77.0775317,38.907317],[-77.0777985,38.9073181],[-77.0777941,38.9079679],[-77.0776985,38.9079675],[-77.0770602,38.9079649],[-77.0770606,38.9079095],[-77.0770636,38.9075241],[-77.0770644,38.9073347],[-77.0770645,38.9073173]]]}},{"type":"Feature","id":67521462,"properties":{"osmId":67521462,"category":"academic","building":"university","name":"Village A","operator":"Georgetown University","_wikiTried":true},"geometry":{"type":"Polygon","coordinates":[[[-77.073925,38.9061146],[-77.0738735,38.9061142],[-77.0738738,38.9061019],[-77.0737708,38.906101],[-77.0737709,38.9060926],[-77.0737109,38.9060921],[-77.0737106,38.9061],[-77.0736016,38.906099],[-77.0736017,38.906086],[-77.0735506,38.9060855],[-77.0735514,38.906024],[-77.0735336,38.9060238],[-77.0735212,38.9060236],[-77.0735217,38.9059942],[-77.0735459,38.9059945],[-77.0735545,38.9059946],[-77.0735544,38.9060029],[-77.0736062,38.9060034],[-77.073606,38.9060192],[-77.0736246,38.9060194],[-77.0736353,38.90601],[-77.0736844,38.9060105],[-77.0736953,38.9060181],[-77.0737102,38.9060183],[-77.0737103,38.9060098],[-77.0737717,38.9060104],[-77.0737716,38.9060195],[-77.0737878,38.9060197],[-77.0737965,38.906012],[-77.0738496,38.9060125],[-77.07386,38.9060198],[-77.0738746,38.9060199],[-77.0738744,38.9060294],[-77.0739262,38.9060299],[-77.073925,38.9061146]]]}},{"type":"Feature","id":67521463,"properties":{"osmId":67521463,"category":"academic","addr:housenumber":"3970","addr:street":"Reservoir Road Northwest","building":"university","dataset":"buildings","dcgis:captureyear":"19990331","dcgis:gis_id":"158254","dcgis:lot":"0827","dcgis:square":"1321","name":"New Research Building","operator":"Georgetown University","source":"dcgis","_wikiTried":true},"geometry":{"type":"Polygon","coordinates":[[[-77.0781692,38.9113534],[-77.0781733,38.911201],[-77.0781788,38.911124],[-77.0780612,38.9111188],[-77.0780625,38.9111015],[-77.0776264,38.9110825],[-77.0776273,38.9110572],[-77.0775687,38.9110558],[-77.0775722,38.9109603],[-77.0775737,38.910891],[-77.0776521,38.9108891],[-77.0776533,38.9108665],[-77.0777308,38.9108673],[-77.0777312,38.9108534],[-77.0781303,38.9108621],[-77.0781298,38.9108765],[-77.0783618,38.9108817],[-77.0783579,38.9109916],[-77.0784341,38.9109932],[-77.0784302,38.911104],[-77.0785068,38.9111057],[-77.0785001,38.9112954],[-77.0783453,38.9112921],[-77.0783427,38.9113633],[-77.078169,38.9113596],[-77.0781692,38.9113534]]]}},{"type":"Feature","id":67521464,"properties":{"osmId":67521464,"category":"academic","building":"university","dataset":"buildings","dcgis:captureyear":"19990331","dcgis:gis_id":"83186","dcgis:lot":"0827","dcgis:square":"1321","name":"Copley Hall","operator":"Georgetown University","source":"dcgis","wikidata":"Q85047469","_wikiTried":true},"geometry":{"type":"Polygon","coordinates":[[[-77.0726873,38.9085132],[-77.0726621,38.9085138],[-77.072621,38.9085147],[-77.0726117,38.9082559],[-77.072596,38.9082556],[-77.0725946,38.9082176],[-77.0725912,38.9082163],[-77.0725881,38.9082147],[-77.0725855,38.9082126],[-77.0725832,38.9082104],[-77.0725813,38.9082077],[-77.0725801,38.908205],[-77.0725795,38.9082021],[-77.0725794,38.9081992],[-77.0725798,38.9081962],[-77.0725808,38.9081934],[-77.0725825,38.9081908],[-77.0725845,38.9081884],[-77.0725872,38.9081862],[-77.0725902,38.9081844],[-77.0725934,38.9081831],[-77.0725919,38.9081403],[-77.0726069,38.9081401],[-77.0726018,38.9079974],[-77.0725961,38.9079976],[-77.072594,38.9079398],[-77.0725993,38.9079397],[-77.0725975,38.9078928],[-77.0725857,38.9078929],[-77.0725853,38.9078537],[-77.0726324,38.9078532],[-77.0726321,38.9078447],[-77.0727276,38.9078426],[-77.0727297,38.9078439],[-77.0727311,38.9078831],[-77.0727696,38.9078822],[-77.0727716,38.9079393],[-77.072778,38.9079392],[-77.0727787,38.9079596],[-77.0727798,38.9079905],[-77.0727752,38.9079906],[-77.0727777,38.9080635],[-77.0727805,38.9081434],[-77.0729488,38.9081416],[-77.0729559,38.9081415],[-77.072956,38.9081633],[-77.0729612,38.9081629],[-77.0729664,38.9081632],[-77.0729716,38.9081642],[-77.0729764,38.9081657],[-77.0729808,38.9081679],[-77.0729848,38.9081705],[-77.0729882,38.9081736],[-77.0729908,38.9081771],[-77.0729928,38.9081809],[-77.072994,38.9081849],[-77.0729943,38.9081889],[-77.0729938,38.908193],[-77.0729925,38.9081969],[-77.0729904,38.9082007],[-77.0729875,38.9082042],[-77.072984,38.9082071],[-77.07298,38.9082097],[-77.0729754,38.9082117],[-77.0729706,38.9082132],[-77.0729654,38.908214],[-77.0729602,38.9082141],[-77.0729604,38.9082392],[-77.0727842,38.9082424],[-77.07279,38.9084053],[-77.0728225,38.9084046],[-77.0729226,38.9084025],[-77.0729225,38.9083968],[-77.0730302,38.9083945],[-77.0730304,38.9084002],[-77.0730402,38.9084],[-77.0730412,38.9084319],[-77.0730934,38.9084307],[-77.0730959,38.9085002],[-77.0730479,38.9085012],[-77.0730489,38.9085311],[-77.0730358,38.9085314],[-77.0729797,38.9085411],[-77.0729525,38.9085416],[-77.0729513,38.9085416],[-77.072945,38.9085417],[-77.0729447,38.9085364],[-77.0727154,38.9085414],[-77.0726884,38.908542],[-77.0726873,38.9085132]]]}},{"type":"Feature","id":67521467,"properties":{"osmId":67521467,"category":"academic","building":"yes"},"geometry":{"type":"Polygon","coordinates":[[[-77.0780655,38.9111963],[-77.0779684,38.911192],[-77.0776665,38.9111788],[-77.0776227,38.9111769],[-77.0776264,38.9110825],[-77.0780625,38.9111015],[-77.0780612,38.9111188],[-77.0781788,38.911124],[-77.0781733,38.911201],[-77.0780655,38.9111963]]]}},{"type":"Feature","id":67521469,"properties":{"osmId":67521469,"category":"academic","building":"yes","dataset":"buildings","dcgis:captureyear":"19990331","dcgis:gis_id":"18518","source":"dcgis"},"geometry":{"type":"Polygon","coordinates":[[[-77.074658,38.9119511],[-77.0746722,38.9119117],[-77.0747214,38.9119128],[-77.0747221,38.911894],[-77.0747544,38.9118947],[-77.0747523,38.9119531],[-77.0747199,38.9119524],[-77.074658,38.9119511]]]}},{"type":"Feature","id":67521472,"properties":{"osmId":67521472,"category":"academic","building":"yes","dataset":"buildings","dcgis:captureyear":"19990331","dcgis:gis_id":"86395","source":"dcgis"},"geometry":{"type":"Polygon","coordinates":[[[-77.0767207,38.9083684],[-77.0767161,38.9083482],[-77.0767549,38.9083426],[-77.0767591,38.9083608],[-77.0767615,38.9083605],[-77.0767769,38.9084268],[-77.0767283,38.9084338],[-77.0766462,38.9084454],[-77.0766388,38.9084137],[-77.0767212,38.9084019],[-77.0767137,38.9083694],[-77.0767207,38.9083684]]]}},{"type":"Feature","id":67521475,"properties":{"osmId":67521475,"category":"academic","building":"yes","dataset":"buildings","dcgis:captureyear":"19990331","dcgis:gis_id":"82620","source":"dcgis"},"geometry":{"type":"Polygon","coordinates":[[[-77.0774371,38.9080967],[-77.0774398,38.9081752],[-77.0773386,38.9081773],[-77.0773391,38.9081928],[-77.0772874,38.9081939],[-77.0772842,38.9080999],[-77.0774371,38.9080967]]]}},{"type":"Feature","id":67521476,"properties":{"osmId":67521476,"category":"academic","building":"university","dataset":"buildings","dcgis:captureyear":"20050405","dcgis:gis_id":"82350","dcgis:lot":"0827","dcgis:square":"1321","name":"Davis Performing Arts Center","operator":"Georgetown University","source":"dcgis","wikidata":"Q66823512","_wikiTried":true},"geometry":{"type":"Polygon","coordinates":[[[-77.0733093,38.9080199],[-77.0732528,38.9080197],[-77.0732518,38.9080845],[-77.0732309,38.9080843],[-77.0730653,38.9080829],[-77.0730689,38.9078492],[-77.0730697,38.9078005],[-77.073171,38.9078015],[-77.0732557,38.9078023],[-77.0732556,38.9078133],[-77.0733102,38.9078078],[-77.0733102,38.9078155],[-77.0733642,38.9078095],[-77.0733642,38.9078175],[-77.0734185,38.9078118],[-77.0734185,38.9078201],[-77.073474,38.9078149],[-77.0734741,38.9078229],[-77.0735281,38.9078183],[-77.0735281,38.9078265],[-77.0735847,38.9078206],[-77.0735838,38.9078415],[-77.0738019,38.9078417],[-77.0737961,38.9079945],[-77.0737947,38.9080317],[-77.073551,38.908025],[-77.0735135,38.9080205],[-77.0735136,38.9080591],[-77.0735273,38.9080594],[-77.0735245,38.9081435],[-77.0733053,38.9081409],[-77.0733093,38.9080199]]]}},{"type":"Feature","id":67521480,"properties":{"osmId":67521480,"category":"academic","building":"university","dataset":"buildings","dcgis:captureyear":"19990331","dcgis:gis_id":"98718","name":"Research Resource Facility","operator":"Georgetown University","source":"dcgis","_wikiTried":true},"geometry":{"type":"Polygon","coordinates":[[[-77.0781535,38.9116809],[-77.0781527,38.9116427],[-77.0780675,38.9116408],[-77.0780751,38.9114356],[-77.0784402,38.9114437],[-77.0784421,38.9113913],[-77.0785685,38.9113942],[-77.078559,38.9116525],[-77.078254,38.9116455],[-77.0782526,38.9116854],[-77.0781535,38.9116809]]]}},{"type":"Feature","id":67521482,"properties":{"osmId":67521482,"category":"academic","amenity":"library","building":"university","dataset":"buildings","dcgis:captureyear":"19990331","dcgis:gis_id":"76281","dcgis:lot":"0827","dcgis:square":"1321","name":"Lauinger Library","operator":"Georgetown University","phone":"+1 202-687-7607","source":"dcgis","website":"https://www.library.georgetown.edu/","wikidata":"Q4499944","_wikiTried":true},"geometry":{"type":"Polygon","coordinates":[[[-77.0721149,38.9067133],[-77.0720592,38.9067143],[-77.072058,38.9066722],[-77.072018,38.9066728],[-77.0720159,38.9065933],[-77.0720154,38.9065746],[-77.0719847,38.9065751],[-77.0719842,38.906556],[-77.0719762,38.9065562],[-77.0719766,38.9065716],[-77.0719613,38.9065802],[-77.0719538,38.9065721],[-77.0719401,38.9065798],[-77.0719322,38.9065714],[-77.0719161,38.9065804],[-77.0719109,38.9065747],[-77.0718951,38.9065836],[-77.071886,38.9065776],[-77.0718857,38.9065596],[-77.071874,38.9065597],[-77.0718743,38.906574],[-77.0718539,38.9065843],[-77.0718474,38.9065765],[-77.0718333,38.9065836],[-77.0718268,38.9065758],[-77.0718118,38.9065834],[-77.0718059,38.9065764],[-77.0717899,38.9065845],[-77.0717824,38.9065798],[-77.0717814,38.9065604],[-77.0717648,38.9065609],[-77.0717639,38.9065447],[-77.0717437,38.9065454],[-77.071729,38.9065258],[-77.0717366,38.9065224],[-77.0717264,38.9065088],[-77.071735,38.9065049],[-77.0717269,38.9064941],[-77.0717378,38.9064892],[-77.0717281,38.9064762],[-77.0717367,38.9064723],[-77.0717611,38.9064724],[-77.0717613,38.9064556],[-77.0717401,38.9064555],[-77.0717248,38.9064375],[-77.0717336,38.906433],[-77.0717234,38.906421],[-77.0717324,38.9064163],[-77.0717242,38.9064066],[-77.0717353,38.9064009],[-77.0717255,38.9063893],[-77.0717317,38.9063836],[-77.0717574,38.9063834],[-77.0717573,38.9063691],[-77.0717383,38.9063692],[-77.0717242,38.9063531],[-77.0717353,38.9063473],[-77.0717244,38.9063348],[-77.0717338,38.9063298],[-77.0717226,38.906317],[-77.0717316,38.9063123],[-77.0717212,38.9063005],[-77.0717303,38.9062957],[-77.0717572,38.9062954],[-77.071757,38.9062867],[-77.0717498,38.9062867],[-77.0717485,38.9062116],[-77.0717501,38.9062116],[-77.0717499,38.9062023],[-77.0717606,38.9062022],[-77.0717603,38.9061896],[-77.0718517,38.9061885],[-77.0718519,38.9061982],[-77.0718649,38.906198],[-77.0718647,38.9061893],[-77.0719544,38.9061882],[-77.0719546,38.9061974],[-77.0719704,38.9061972],[-77.0719702,38.9061886],[-77.0720548,38.906187],[-77.0720557,38.9061971],[-77.0720766,38.9061967],[-77.0720762,38.9061864],[-77.0721746,38.9061856],[-77.0721754,38.9062176],[-77.0721968,38.9062173],[-77.07222,38.906217],[-77.0722194,38.9061936],[-77.0722711,38.9061929],[-77.0722726,38.9062681],[-77.072294,38.9062678],[-77.0722937,38.9062494],[-77.0723086,38.9062401],[-77.0723179,38.906249],[-77.0723301,38.9062414],[-77.0723398,38.9062508],[-77.072354,38.9062419],[-77.0723614,38.906249],[-77.0723752,38.9062404],[-77.0723817,38.9062433],[-77.0723813,38.9062644],[-77.072393,38.9062646],[-77.0723933,38.9062509],[-77.072416,38.9062372],[-77.0724241,38.9062454],[-77.0724364,38.906238],[-77.0724433,38.906245],[-77.0724549,38.906238],[-77.0724655,38.9062485],[-77.0724818,38.9062386],[-77.0724867,38.9062435],[-77.0724869,38.9062706],[-77.0725023,38.9062705],[-77.0725023,38.9062773],[-77.0725274,38.9062772],[-77.0725347,38.9062798],[-77.0725272,38.9062927],[-77.0725363,38.9062959],[-77.072528,38.9063102],[-77.0725359,38.906313],[-77.0725284,38.9063259],[-77.0725398,38.9063299],[-77.0725302,38.9063464],[-77.0725051,38.9063468],[-77.0725055,38.9063643],[-77.0725361,38.9063639],[-77.0725415,38.9063693],[-77.0725339,38.90638],[-77.0725464,38.9063854],[-77.072538,38.9063972],[-77.0725478,38.9064015],[-77.0725385,38.9064145],[-77.0725485,38.9064188],[-77.0725362,38.906436],[-77.0725109,38.9064363],[-77.0725113,38.906455],[-77.0725447,38.9064546],[-77.0725464,38.9064593],[-77.0725402,38.906469],[-77.0725505,38.906473],[-77.0725418,38.9064866],[-77.0725506,38.9064921],[-77.0725431,38.906507],[-77.0725522,38.906507],[-77.0725448,38.9065243],[-77.0725114,38.9065247],[-77.0725119,38.9065482],[-77.0725233,38.9065481],[-77.0725245,38.9066117],[-77.0725186,38.9066118],[-77.0725189,38.906625],[-77.072516,38.906625],[-77.0725164,38.9066421],[-77.0724246,38.9066434],[-77.0724244,38.9066313],[-77.072409,38.9066315],[-77.0724093,38.9066435],[-77.0723178,38.9066448],[-77.0723175,38.9066338],[-77.0723014,38.906634],[-77.0723017,38.906646],[-77.072215,38.9066473],[-77.0722148,38.9066365],[-77.0722095,38.9066366],[-77.0722121,38.9067327],[-77.0721662,38.9067335],[-77.0721155,38.9067343],[-77.0721149,38.9067133]]]}},{"type":"Feature","id":67521495,"properties":{"osmId":67521495,"category":"academic","addr:housenumber":"3700","addr:street":"O Street Northwest","building":"university","dataset":"buildings","dcgis:captureyear":"20050405","dcgis:gis_id":"19524","dcgis:lot":"0827","dcgis:square":"1321","name":"Bunn Intercultural Center","operator":"Georgetown University","source":"dcgis","_wikiTried":true},"geometry":{"type":"Polygon","coordinates":[[[-77.0736949,38.909283],[-77.0736372,38.9092401],[-77.0736551,38.9092249],[-77.073662,38.9091378],[-77.0737091,38.9090975],[-77.0728218,38.9091197],[-77.0728162,38.9089825],[-77.0731414,38.9089744],[-77.0731404,38.9089499],[-77.0731394,38.9089267],[-77.073118,38.9089273],[-77.0731135,38.9088162],[-77.0731965,38.9088142],[-77.0731969,38.9088233],[-77.0732342,38.9088224],[-77.0732318,38.9087645],[-77.0732503,38.9087641],[-77.0732468,38.9086792],[-77.0732604,38.9086789],[-77.0732578,38.9086151],[-77.0732457,38.9086154],[-77.073244,38.9085708],[-77.0739151,38.908554],[-77.0739169,38.9085954],[-77.0739057,38.9085957],[-77.0739084,38.9086621],[-77.0739173,38.9086619],[-77.0739189,38.9087025],[-77.0739105,38.9087027],[-77.0739111,38.9087172],[-77.0739268,38.9087169],[-77.073928,38.9087464],[-77.0739476,38.9087459],[-77.0739537,38.9088958],[-77.0739152,38.9088968],[-77.0739176,38.9089542],[-77.0739547,38.9089533],[-77.0739602,38.9090912],[-77.0739223,38.9090922],[-77.0738701,38.9091368],[-77.0738752,38.9092208],[-77.0738235,38.9092663],[-77.0737154,38.9092659],[-77.0736949,38.909283]]]}},{"type":"Feature","id":67521496,"properties":{"osmId":67521496,"category":"medical","building":"hospital","dataset":"buildings","dcgis:captureyear":"19990331","dcgis:gis_id":"93201","dcgis:lot":"0824","dcgis:square":"1321","emergency":"yes","name":"Concentrated Care Center","operator":"MedStar Georgetown University Hospital","source":"dcgis","_wikiTried":true},"geometry":{"type":"Polygon","coordinates":[[[-77.0759969,38.9118145],[-77.0760014,38.9117035],[-77.0760303,38.9117043],[-77.0760315,38.9116729],[-77.0760039,38.9116722],[-77.0760096,38.9115303],[-77.0757686,38.9115243],[-77.0757725,38.9114271],[-77.0756929,38.9114251],[-77.075689,38.9115193],[-77.0754826,38.9115141],[-77.0754995,38.9111008],[-77.0755101,38.9110921],[-77.075826,38.9111],[-77.0758203,38.9112414],[-77.0759552,38.9112448],[-77.0760227,38.9112465],[-77.0760285,38.9111049],[-77.0763532,38.9111131],[-77.0763441,38.9113341],[-77.0760577,38.9113269],[-77.0760526,38.9114527],[-77.0763367,38.9114598],[-77.0763278,38.9116802],[-77.0762995,38.9116795],[-77.0762983,38.9117085],[-77.0763295,38.9117093],[-77.0763249,38.9118227],[-77.0759969,38.9118145]]]}},{"type":"Feature","id":67521502,"properties":{"osmId":67521502,"category":"academic","building":"university","dataset":"buildings","dcgis:captureyear":"19990331","dcgis:gis_id":"82676","dcgis:lot":"0827","dcgis:square":"1321","name":"Harbin Hall","operator":"Georgetown University","source":"dcgis","_wikiTried":true},"geometry":{"type":"Polygon","coordinates":[[[-77.074307,38.9082322],[-77.0743069,38.9082279],[-77.0742911,38.908228],[-77.0742911,38.9082318],[-77.0742625,38.9082305],[-77.0742624,38.9082242],[-77.0742522,38.9082242],[-77.0742545,38.9081954],[-77.074198,38.9081944],[-77.0741981,38.9081866],[-77.0741899,38.9081866],[-77.0741904,38.9081656],[-77.0741956,38.9081657],[-77.0741956,38.9081521],[-77.0741916,38.9081521],[-77.0741927,38.9081317],[-77.0742021,38.9081319],[-77.074202,38.9081248],[-77.0742091,38.9081249],[-77.0742091,38.9081175],[-77.0742041,38.9081175],[-77.0742052,38.9080965],[-77.0742154,38.9080965],[-77.0742154,38.9080895],[-77.0742412,38.90809],[-77.0742421,38.908046],[-77.0742291,38.9080457],[-77.0742291,38.9080501],[-77.0742014,38.9080499],[-77.0742014,38.9080464],[-77.0741951,38.9080464],[-77.0741949,38.9080522],[-77.074185,38.9080523],[-77.074185,38.9080597],[-77.0741576,38.9080584],[-77.0741576,38.9080551],[-77.0741425,38.9080546],[-77.0741424,38.9080596],[-77.0741148,38.9080572],[-77.0741147,38.9080517],[-77.0741057,38.9080509],[-77.0741058,38.9080363],[-77.074106,38.9080063],[-77.0740707,38.9080041],[-77.0740707,38.9079984],[-77.074064,38.9079973],[-77.0740646,38.9079781],[-77.0740693,38.9079781],[-77.0740692,38.9079644],[-77.0740661,38.9079643],[-77.0740669,38.9079443],[-77.0740748,38.9079443],[-77.0740752,38.9079371],[-77.0741106,38.9079371],[-77.0741115,38.9078912],[-77.0741204,38.9078913],[-77.0741204,38.9078854],[-77.0741481,38.9078856],[-77.0741482,38.9078906],[-77.0741661,38.9078905],[-77.074166,38.9078874],[-77.074192,38.9078879],[-77.0741919,38.907893],[-77.074201,38.9078932],[-77.0742014,38.9079006],[-77.0742078,38.9079006],[-77.0742078,38.9078968],[-77.0742364,38.907898],[-77.0742365,38.9079037],[-77.0742441,38.9079037],[-77.0742432,38.9079292],[-77.0742514,38.9079291],[-77.0742514,38.9079224],[-77.0742868,38.9079223],[-77.0742868,38.9079165],[-77.0742969,38.9079164],[-77.0742969,38.9079141],[-77.0743093,38.9079141],[-77.0743226,38.9079141],[-77.0743229,38.9079168],[-77.0743333,38.9079169],[-77.0743334,38.9079309],[-77.0743403,38.9079309],[-77.0743402,38.9079243],[-77.0743775,38.907925],[-77.074378,38.9079073],[-77.0743859,38.9079073],[-77.0743857,38.907903],[-77.0744142,38.9079031],[-77.0744142,38.9079067],[-77.0744238,38.9079062],[-77.0744238,38.9078998],[-77.0744324,38.9078998],[-77.0744324,38.9078939],[-77.0744579,38.9078943],[-77.0744579,38.9078986],[-77.0744773,38.9078989],[-77.0744777,38.9078953],[-77.0745022,38.9078957],[-77.0745023,38.9079022],[-77.0745104,38.9079022],[-77.0745108,38.9079463],[-77.0745456,38.9079481],[-77.0745456,38.9079546],[-77.074553,38.9079545],[-77.0745515,38.9079769],[-77.0745494,38.907977],[-77.0745494,38.907989],[-77.0745515,38.907989],[-77.074551,38.9080118],[-77.0745454,38.9080118],[-77.0745452,38.9080178],[-77.0745073,38.9080178],[-77.0745062,38.908036],[-77.0745049,38.9080618],[-77.0744965,38.9080618],[-77.0744963,38.9080674],[-77.0744695,38.9080674],[-77.0744694,38.9080637],[-77.0744517,38.9080638],[-77.0744517,38.9080677],[-77.0744241,38.9080666],[-77.0744241,38.9080612],[-77.0744164,38.9080609],[-77.0744163,38.9080531],[-77.07438,38.9080533],[-77.07438,38.9080494],[-77.0743711,38.9080495],[-77.0743694,38.9080937],[-77.074393,38.9080936],[-77.074393,38.9081014],[-77.0743988,38.9081014],[-77.074399,38.9081238],[-77.0743961,38.9081238],[-77.0743961,38.9081289],[-77.0744035,38.908129],[-77.0744035,38.9081356],[-77.0744117,38.9081356],[-77.0744111,38.9081592],[-77.0744076,38.9081591],[-77.0744072,38.9081707],[-77.0744094,38.9081707],[-77.0744092,38.9081927],[-77.074403,38.9081925],[-77.0744027,38.9081994],[-77.0743454,38.908198],[-77.0743435,38.9082174],[-77.0743426,38.908227],[-77.0743348,38.908227],[-77.0743348,38.9082335],[-77.074307,38.9082322]]]}},{"type":"Feature","id":67521503,"properties":{"osmId":67521503,"category":"academic","building":"yes","dataset":"buildings","dcgis:captureyear":"19990331","dcgis:gis_id":"76539","source":"dcgis"},"geometry":{"type":"Polygon","coordinates":[[[-77.0732297,38.9071716],[-77.0732706,38.9071714],[-77.0732708,38.9072042],[-77.0732299,38.9072043],[-77.0732297,38.9071716]]]}},{"type":"Feature","id":67521507,"properties":{"osmId":67521507,"category":"academic","addr:state":"DC","building":"university","dataset":"buildings","dcgis:captureyear":"20050405","dcgis:gis_id":"83860","dcgis:lot":"0827","dcgis:square":"1321","ele":"30","gnis:feature_id":"2082670","name":"Wolfington Hall","operator":"Georgetown University","source":"USGS Geonames","_wikiTried":true},"geometry":{"type":"Polygon","coordinates":[[[-77.0758257,38.9066047],[-77.0758264,38.9065889],[-77.0758177,38.9065889],[-77.0758189,38.9065454],[-77.0757988,38.9065321],[-77.0757926,38.9065213],[-77.0757924,38.9065142],[-77.0757922,38.9065064],[-77.0758038,38.9064858],[-77.0758208,38.9064774],[-77.0758219,38.9064341],[-77.0758382,38.9064345],[-77.0758384,38.9064281],[-77.0758303,38.9064282],[-77.0758319,38.9063717],[-77.0759571,38.9063739],[-77.075957,38.9063962],[-77.076216,38.9063972],[-77.0762162,38.9064409],[-77.0762857,38.9064414],[-77.0762874,38.9063536],[-77.0764211,38.906355],[-77.0764197,38.9064427],[-77.0764372,38.906443],[-77.0764359,38.9065076],[-77.0764464,38.9065136],[-77.0764466,38.9065308],[-77.0764353,38.906537],[-77.0764342,38.9065983],[-77.0764094,38.9065979],[-77.0763967,38.9066061],[-77.0763778,38.9066061],[-77.076366,38.9065972],[-77.0759707,38.9065917],[-77.0759699,38.9066071],[-77.0758257,38.9066047]]]}},{"type":"Feature","id":67521509,"properties":{"osmId":67521509,"category":"academic","building":"university","dataset":"buildings","dcgis:captureyear":"19990331","dcgis:gis_id":"96126","dcgis:lot":"0827","dcgis:square":"1321","name":"White-Gravenor Hall","operator":"Georgetown University","source":"dcgis","wikidata":"Q85047940","_wikiTried":true},"geometry":{"type":"Polygon","coordinates":[[[-77.0722707,38.909099],[-77.0722692,38.9090436],[-77.0722299,38.9090442],[-77.0722294,38.9090312],[-77.071962,38.9090371],[-77.0719612,38.9089911],[-77.0719555,38.9089912],[-77.0719541,38.9089386],[-77.0719539,38.908933],[-77.0719611,38.9089257],[-77.071959,38.9088509],[-77.0719755,38.9088506],[-77.0719753,38.9088442],[-77.0719872,38.908844],[-77.0720208,38.9088434],[-77.0720211,38.9088498],[-77.0720354,38.9088496],[-77.0720356,38.9088546],[-77.0722293,38.9088513],[-77.0722289,38.9088423],[-77.0722609,38.9088419],[-77.0722605,38.9088292],[-77.0723234,38.908828],[-77.0723237,38.9088407],[-77.0723548,38.9088402],[-77.0723551,38.9088455],[-77.0725533,38.9088421],[-77.072553,38.9088348],[-77.0725598,38.9088279],[-77.0725786,38.9088276],[-77.0725785,38.9088223],[-77.0725945,38.908822],[-77.0726011,38.9088219],[-77.0726012,38.9088272],[-77.07262,38.9088269],[-77.072625,38.9088299],[-77.0726265,38.9088852],[-77.0726275,38.9089216],[-77.0726283,38.9089482],[-77.0726233,38.9089533],[-77.0726151,38.9089534],[-77.0726183,38.909059],[-77.0726196,38.9090964],[-77.0725258,38.9090984],[-77.0725249,38.9090713],[-77.0723763,38.9090746],[-77.0723771,38.9090967],[-77.0722707,38.909099]]]}},{"type":"Feature","id":67521514,"properties":{"osmId":67521514,"category":"academic","building":"university","name":"Village A","operator":"Georgetown University","_wikiTried":true},"geometry":{"type":"Polygon","coordinates":[[[-77.0727311,38.9066543],[-77.072731,38.9066341],[-77.0726634,38.9066359],[-77.072659,38.9065876],[-77.0726716,38.9065868],[-77.0726713,38.9065502],[-77.0726796,38.90655],[-77.0726784,38.9064879],[-77.0726673,38.9064879],[-77.072667,38.9064458],[-77.0726776,38.9064458],[-77.0726774,38.9064039],[-77.0726632,38.906404],[-77.0726624,38.9062973],[-77.0726737,38.9062969],[-77.0726732,38.9062537],[-77.0726592,38.9062535],[-77.0726591,38.9062358],[-77.0726807,38.9062354],[-77.0726799,38.9062058],[-77.0726693,38.9062059],[-77.0726691,38.9061884],[-77.0726563,38.906188],[-77.072656,38.9061539],[-77.072667,38.9061537],[-77.0726667,38.9061056],[-77.0726745,38.9061056],[-77.0726743,38.906062],[-77.0727698,38.9060609],[-77.0727708,38.9061028],[-77.0727821,38.9061028],[-77.072784,38.9061597],[-77.0727955,38.9061598],[-77.0727956,38.906182],[-77.0727883,38.906182],[-77.0727884,38.9062021],[-77.0727769,38.9062022],[-77.0727772,38.9062332],[-77.0727986,38.9062332],[-77.0727987,38.9062508],[-77.0727897,38.9062508],[-77.07279,38.9062947],[-77.0727991,38.9062947],[-77.0727993,38.9063223],[-77.0727941,38.9063223],[-77.0727942,38.906331],[-77.0728033,38.9063308],[-77.072805,38.9064012],[-77.0727967,38.9064013],[-77.0727976,38.9064734],[-77.0728088,38.9064733],[-77.0728094,38.9065553],[-77.0728469,38.9065551],[-77.0728464,38.9064836],[-77.0728337,38.9064835],[-77.0728334,38.9064419],[-77.0728435,38.9064415],[-77.0728433,38.9064027],[-77.0728317,38.9064026],[-77.0728312,38.9063307],[-77.0728387,38.9063305],[-77.0728386,38.9063254],[-77.0728299,38.9063254],[-77.0728297,38.9062939],[-77.0728372,38.9062938],[-77.0728368,38.9062453],[-77.0728245,38.9062454],[-77.0728247,38.9062303],[-77.0728463,38.9062302],[-77.072846,38.9062015],[-77.072833,38.9062015],[-77.0728329,38.9061847],[-77.0728243,38.9061843],[-77.0728241,38.9061544],[-77.0728329,38.9061542],[-77.0728324,38.9061022],[-77.0728403,38.9061022],[-77.0728397,38.906058],[-77.0729357,38.9060568],[-77.072936,38.9060988],[-77.072948,38.9060988],[-77.0729484,38.9061538],[-77.0729585,38.9061538],[-77.0729588,38.9061798],[-77.0729525,38.9061798],[-77.0729526,38.9061983],[-77.0729421,38.9061984],[-77.0729427,38.9062285],[-77.0729647,38.9062286],[-77.0729649,38.9062456],[-77.0729554,38.9062456],[-77.0729557,38.9062909],[-77.0729644,38.9062909],[-77.0729646,38.9063189],[-77.0729584,38.9063189],[-77.0729585,38.9063269],[-77.0729695,38.9063266],[-77.07297,38.9063972],[-77.0729621,38.9063973],[-77.0729629,38.90644],[-77.0729716,38.9064402],[-77.0729719,38.9064638],[-77.0729658,38.9064638],[-77.0729658,38.9064683],[-77.0729742,38.9064683],[-77.0729749,38.9065512],[-77.07301,38.9065498],[-77.0730094,38.9064682],[-77.0729981,38.9064681],[-77.0729978,38.9064372],[-77.0730069,38.9064365],[-77.0730064,38.9063963],[-77.0729945,38.9063963],[-77.072994,38.9063259],[-77.0730028,38.9063258],[-77.0730028,38.9063193],[-77.0729943,38.906319],[-77.0729941,38.9062884],[-77.0730014,38.9062881],[-77.0730005,38.9062431],[-77.0729896,38.9062431],[-77.0729895,38.9062272],[-77.0730103,38.9062265],[-77.0730099,38.9061973],[-77.0729909,38.906197],[-77.0729903,38.906124],[-77.072996,38.9061239],[-77.0729959,38.9061167],[-77.0731131,38.906115],[-77.0731131,38.9061217],[-77.0731227,38.9061219],[-77.0731235,38.9061963],[-77.0731067,38.9061964],[-77.0731072,38.9062246],[-77.0731297,38.9062245],[-77.0731298,38.9062416],[-77.0731211,38.9062417],[-77.0731215,38.9062887],[-77.07313,38.9062886],[-77.0731301,38.9063155],[-77.0731252,38.9063155],[-77.0731253,38.9063222],[-77.0731351,38.9063222],[-77.0731356,38.9063922],[-77.0731268,38.9063925],[-77.073127,38.9064378],[-77.0731365,38.9064378],[-77.0731367,38.9064632],[-77.0731403,38.9064632],[-77.0731417,38.9065457],[-77.0731747,38.9065453],[-77.073174,38.9064664],[-77.0731642,38.9064664],[-77.0731641,38.9064347],[-77.0731745,38.9064343],[-77.0731742,38.9063927],[-77.0731601,38.9063925],[-77.0731596,38.9063212],[-77.0731694,38.9063208],[-77.0731693,38.9063161],[-77.0731575,38.9063154],[-77.0731573,38.9062846],[-77.0731671,38.9062843],[-77.0731667,38.9062419],[-77.0731559,38.9062418],[-77.0731557,38.9062241],[-77.0731756,38.9062238],[-77.0731754,38.9061938],[-77.0731638,38.9061937],[-77.0731637,38.9061778],[-77.0731547,38.9061775],[-77.0731544,38.9061467],[-77.0731622,38.9061466],[-77.0731619,38.9061207],[-77.0732779,38.9061182],[-77.0732781,38.9061467],[-77.0732903,38.9061467],[-77.0732905,38.9061739],[-77.0732822,38.9061739],[-77.0732822,38.9061897],[-77.0732724,38.9061898],[-77.0732727,38.9062191],[-77.0732947,38.9062191],[-77.0732947,38.9062386],[-77.0732851,38.9062386],[-77.0732856,38.9062826],[-77.0732956,38.9062825],[-77.0732958,38.9063109],[-77.0732889,38.9063109],[-77.073289,38.9063188],[-77.0732991,38.9063186],[-77.0733012,38.9063877],[-77.0732906,38.9063878],[-77.0732918,38.9064318],[-77.0733013,38.9064317],[-77.0733066,38.9065417],[-77.0733316,38.9065423],[-77.0733302,38.9064607],[-77.0733372,38.9064605],[-77.0733372,38.9064502],[-77.0734598,38.906448],[-77.0734599,38.9064537],[-77.0734701,38.9064538],[-77.0734711,38.9065692],[-77.0734881,38.9065691],[-77.0734906,38.9066132],[-77.0734223,38.9066152],[-77.0734226,38.9066377],[-77.0733911,38.906638],[-77.0733907,38.906616],[-77.0732572,38.9066197],[-77.0732574,38.9066418],[-77.0732272,38.906642],[-77.073227,38.9066205],[-77.0730924,38.9066242],[-77.0730927,38.906647],[-77.0730629,38.9066472],[-77.0730627,38.9066249],[-77.0729281,38.9066286],[-77.0729283,38.9066513],[-77.0728969,38.9066514],[-77.0728968,38.9066296],[-77.0728062,38.906632],[-77.0727621,38.9066332],[-77.0727623,38.9066541],[-77.0727311,38.9066543]]]}},{"type":"Feature","id":67521516,"properties":{"osmId":67521516,"category":"academic","building":"yes","dataset":"buildings","dcgis:captureyear":"19990331","dcgis:gis_id":"17673","source":"dcgis"},"geometry":{"type":"Polygon","coordinates":[[[-77.0755326,38.9122494],[-77.0755328,38.9122453],[-77.0755603,38.9122465],[-77.0755612,38.9122353],[-77.0755649,38.9122354],[-77.0755765,38.9122357],[-77.0755973,38.9122361],[-77.075597,38.9122522],[-77.075595,38.9123352],[-77.0755596,38.9123347],[-77.0755607,38.9122874],[-77.075532,38.9122867],[-77.0755328,38.9122515],[-77.0755326,38.9122494]]]}},{"type":"Feature","id":67521519,"properties":{"osmId":67521519,"category":"medical","building":"hospital","dataset":"buildings","dcgis:captureyear":"20050405","dcgis:gis_id":"90300","source":"dcgis"},"geometry":{"type":"Polygon","coordinates":[[[-77.0750171,38.9110569],[-77.0750193,38.911002],[-77.0750326,38.9106739],[-77.074979,38.9106322],[-77.0748119,38.9106281],[-77.0748142,38.9105735],[-77.0748068,38.9105734],[-77.0748093,38.9105116],[-77.0748154,38.9105117],[-77.0748185,38.9104346],[-77.0748207,38.9103801],[-77.0755252,38.9103975],[-77.0755237,38.9104502],[-77.0755199,38.9105287],[-77.075528,38.9105289],[-77.0755255,38.9105895],[-77.075518,38.9105892],[-77.0754924,38.911136],[-77.0753915,38.911135],[-77.0753739,38.9115794],[-77.0754804,38.9115821],[-77.0754819,38.9115538],[-77.0756881,38.9115589],[-77.0756869,38.9115871],[-77.0758412,38.9115909],[-77.0758406,38.9116047],[-77.0759104,38.9116065],[-77.0759061,38.9117127],[-77.0758363,38.9117109],[-77.0758358,38.9117228],[-77.0756534,38.9117183],[-77.0756529,38.9117335],[-77.0756841,38.9117343],[-77.0756818,38.9117904],[-77.0756769,38.9119101],[-77.0756753,38.9119498],[-77.0756374,38.911949],[-77.0756367,38.911964],[-77.075645,38.9119643],[-77.0756428,38.9120198],[-77.0756759,38.9120206],[-77.0756733,38.9120864],[-77.0756425,38.9120857],[-77.0756418,38.9121024],[-77.0753646,38.9120955],[-77.0753635,38.9121241],[-77.0751712,38.9121193],[-77.0751717,38.9121033],[-77.0751723,38.9120916],[-77.0748966,38.9120848],[-77.0748976,38.9120576],[-77.0748653,38.9120568],[-77.074868,38.9119922],[-77.0749004,38.911993],[-77.0749023,38.9119456],[-77.0750339,38.9119489],[-77.0750345,38.9119347],[-77.0750426,38.9117347],[-77.074732,38.9117237],[-77.0747352,38.9116853],[-77.0746561,38.9116834],[-77.0746605,38.9115744],[-77.0747382,38.9115762],[-77.0747387,38.9115645],[-77.0747478,38.9115647],[-77.0747506,38.9114939],[-77.0747033,38.9114926],[-77.0747075,38.9113911],[-77.0747554,38.9113923],[-77.0747561,38.9113761],[-77.0746699,38.9113739],[-77.074671,38.9113468],[-77.0747567,38.9113489],[-77.0747581,38.9113112],[-77.0747404,38.9113107],[-77.0747487,38.9111186],[-77.0748451,38.911121],[-77.0748457,38.9111085],[-77.074865,38.911109],[-77.0748884,38.9111096],[-77.074888,38.9111216],[-77.0749173,38.9111223],[-77.0749177,38.9111118],[-77.0749616,38.9111129],[-77.0749612,38.9111236],[-77.0749892,38.9111243],[-77.0749898,38.9111126],[-77.0750314,38.9111136],[-77.075031,38.9111245],[-77.0750621,38.9111253],[-77.0750625,38.9111148],[-77.0751049,38.9111158],[-77.0751045,38.9111261],[-77.0751332,38.9111268],[-77.0751337,38.9111171],[-77.0751764,38.9111181],[-77.0751759,38.9111289],[-77.0752631,38.911131],[-77.0752625,38.9111445],[-77.0752906,38.9111451],[-77.0752939,38.9110637],[-77.0750171,38.9110569]]]}},{"type":"Feature","id":67521524,"properties":{"osmId":67521524,"category":"academic","building":"university","name":"Village A","operator":"Georgetown University","_wikiTried":true},"geometry":{"type":"Polygon","coordinates":[[[-77.0734343,38.9063476],[-77.0734341,38.9063285],[-77.0733367,38.9063292],[-77.0733364,38.9063089],[-77.0733226,38.906309],[-77.0733223,38.9062799],[-77.0733331,38.9062798],[-77.0733326,38.906235],[-77.0733204,38.9062351],[-77.0733202,38.9062189],[-77.0733395,38.9062188],[-77.0733407,38.9062188],[-77.0733403,38.9061879],[-77.0733293,38.906188],[-77.073329,38.9061736],[-77.0733215,38.9061736],[-77.0733211,38.9061427],[-77.0733274,38.9061427],[-77.0733272,38.9061341],[-77.0733271,38.9061161],[-77.0733578,38.9061159],[-77.0733887,38.9061157],[-77.0734299,38.9061154],[-77.0734441,38.9061153],[-77.0734445,38.9061406],[-77.0734557,38.9061405],[-77.0734559,38.9061641],[-77.0734484,38.9061642],[-77.0734487,38.9061854],[-77.0734367,38.9061855],[-77.0734371,38.9062157],[-77.0734604,38.9062155],[-77.0734606,38.9062346],[-77.0734506,38.9062347],[-77.0734511,38.9062796],[-77.0734609,38.9062795],[-77.0734613,38.9063079],[-77.0734549,38.9063079],[-77.0734561,38.9064094],[-77.0734163,38.9064097],[-77.0733855,38.9064099],[-77.0733848,38.9063479],[-77.0734343,38.9063476]]]}},{"type":"Feature","id":67521529,"properties":{"osmId":67521529,"category":"academic","building":"university","dataset":"buildings","dcgis:captureyear":"19990331","dcgis:gis_id":"92552","name":"St. Mary's Hall","operator":"Georgetown University","source":"dcgis","_wikiTried":true},"geometry":{"type":"Polygon","coordinates":[[[-77.0734751,38.9117373],[-77.073619,38.9117404],[-77.0736172,38.9117895],[-77.0736626,38.91179],[-77.0737356,38.9117909],[-77.0737936,38.9117925],[-77.0738481,38.9117941],[-77.0738555,38.9116327],[-77.073856,38.9116227],[-77.0739768,38.9116261],[-77.0739696,38.911782],[-77.0739822,38.9117824],[-77.0739765,38.9119037],[-77.0739649,38.9119034],[-77.0739577,38.9120579],[-77.0738374,38.9120545],[-77.0738383,38.9120352],[-77.0738389,38.9120225],[-77.0738445,38.9118997],[-77.0736452,38.9118942],[-77.0736447,38.911905],[-77.0736036,38.9119039],[-77.0736024,38.9119245],[-77.0736012,38.9119449],[-77.0735726,38.9119439],[-77.0735378,38.9119426],[-77.0735401,38.9119021],[-77.0734975,38.9119009],[-77.0734979,38.9118914],[-77.0733003,38.9118859],[-77.0732929,38.9120422],[-77.0731683,38.9120386],[-77.0731755,38.9118829],[-77.0731648,38.9118826],[-77.0731675,38.9118254],[-77.0731704,38.911762],[-77.0731815,38.9117622],[-77.0731869,38.911646],[-77.0732632,38.9116482],[-77.073311,38.9116495],[-77.0733096,38.9116792],[-77.073305,38.9117795],[-77.073363,38.9117816],[-77.0734736,38.9117855],[-77.0734751,38.9117373]]]}},{"type":"Feature","id":67521533,"properties":{"osmId":67521533,"category":"academic","building":"university","name":"Village A","operator":"Georgetown University","_wikiTried":true},"geometry":{"type":"Polygon","coordinates":[[[-77.0729416,38.9060171],[-77.0729413,38.9060069],[-77.0728358,38.9060091],[-77.0728354,38.906001],[-77.0727764,38.9060022],[-77.0727768,38.9060131],[-77.072669,38.9060153],[-77.0726686,38.9060047],[-77.0726186,38.9060057],[-77.0726157,38.905921],[-77.0726674,38.90592],[-77.0726682,38.9059354],[-77.0726857,38.9059351],[-77.0726973,38.9059252],[-77.0727469,38.9059242],[-77.072756,38.9059308],[-77.0727739,38.9059304],[-77.0727737,38.9059229],[-77.0728319,38.9059217],[-77.0728321,38.9059295],[-77.0728501,38.9059291],[-77.072861,38.9059199],[-77.0729096,38.9059189],[-77.0729211,38.9059271],[-77.0729365,38.9059268],[-77.0729368,38.9059368],[-77.072991,38.9059357],[-77.0729939,38.9060177],[-77.0729416,38.9060171]]]}},{"type":"Feature","id":67527701,"properties":{"osmId":67527701,"category":"academic","building":"school","dataset":"buildings","dcgis:captureyear":"19990331","dcgis:gis_id":"17844","source":"dcgis"},"geometry":{"type":"Polygon","coordinates":[[[-77.0714988,38.913344],[-77.0714979,38.9133163],[-77.0714735,38.9133168],[-77.0714737,38.9133257],[-77.0714477,38.9133262],[-77.0714471,38.9133023],[-77.0714561,38.9133022],[-77.0714557,38.91329],[-77.0714445,38.9132901],[-77.0714438,38.9132621],[-77.0714525,38.9132619],[-77.0714256,38.9131645],[-77.0714069,38.9130477],[-77.0714026,38.9128908],[-77.0714313,38.9128904],[-77.0714309,38.9128733],[-77.0714425,38.9128731],[-77.0714423,38.912865],[-77.0714319,38.9128652],[-77.0714314,38.9128507],[-77.0714421,38.9128505],[-77.071442,38.9128453],[-77.0714306,38.9128455],[-77.0714301,38.9128296],[-77.0714433,38.9128295],[-77.0714427,38.9128067],[-77.0714289,38.9128069],[-77.071427,38.912739],[-77.0715029,38.9127377],[-77.0715033,38.9127483],[-77.0715298,38.912748],[-77.0715294,38.9127386],[-77.0715494,38.9127382],[-77.0715497,38.9127479],[-77.0715984,38.912747],[-77.0715981,38.9127368],[-77.0716183,38.9127364],[-77.0716186,38.9127455],[-77.0716578,38.9127448],[-77.0716575,38.9127363],[-77.0716746,38.912736],[-77.0716761,38.9127451],[-77.0716934,38.9127448],[-77.0716932,38.912736],[-77.0717134,38.9127357],[-77.0717137,38.912745],[-77.0717238,38.9127447],[-77.0717277,38.9128855],[-77.0716261,38.9128872],[-77.0716277,38.9129466],[-77.0716509,38.9129463],[-77.071661,38.9133132],[-77.0715796,38.9133146],[-77.0715804,38.9133426],[-77.0714988,38.913344]]]}},{"type":"Feature","id":67598859,"properties":{"osmId":67598859,"category":"academic","addr:city":"Washington","addr:housenumber":"4530","addr:postcode":"20007","addr:street":"MacArthur Boulevard Northwest","building":"school","dataset":"buildings","dcgis:captureyear":"19990331","dcgis:gis_id":"84085","dcgis:lot":"0899","dcgis:square":"1356","name":"Georgetown Day School","website":"https://www.gds.org/","wikidata":"Q5546988","wikipedia":"en:Georgetown Day School","_wikiTried":true},"geometry":{"type":"Polygon","coordinates":[[[-77.0866105,38.9082945],[-77.0866095,38.9082943],[-77.0866028,38.9082973],[-77.0865767,38.9082617],[-77.0865842,38.9082583],[-77.0865997,38.9082152],[-77.086579,38.9081869],[-77.0865723,38.9081898],[-77.0865257,38.9081265],[-77.0865745,38.9081047],[-77.0865675,38.9080953],[-77.0865602,38.9080986],[-77.0865222,38.9080469],[-77.0864831,38.9080645],[-77.0864633,38.9080374],[-77.0865497,38.9079987],[-77.0863972,38.9077913],[-77.0863609,38.9078445],[-77.0863696,38.9078564],[-77.0863386,38.9078703],[-77.0863135,38.907836],[-77.0863388,38.9078246],[-77.0863682,38.9077816],[-77.0862678,38.9077926],[-77.0862684,38.9077984],[-77.0861189,38.9078124],[-77.0861165,38.9078006],[-77.086055,38.9078055],[-77.0860493,38.9078139],[-77.0860582,38.9078168],[-77.0859437,38.9079845],[-77.0859327,38.9079854],[-77.0859119,38.908015],[-77.085894,38.9080297],[-77.0858711,38.9080395],[-77.0858456,38.9080432],[-77.0858076,38.908037],[-77.0857963,38.908032],[-77.0858026,38.9080228],[-77.0857818,38.9080161],[-77.0858055,38.9079814],[-77.085799,38.9079799],[-77.0857677,38.9080258],[-77.0856804,38.9079893],[-77.0856859,38.9079792],[-77.0856514,38.9079716],[-77.085636,38.9079941],[-77.0852964,38.9078526],[-77.085331,38.9078018],[-77.0852828,38.9077817],[-77.0854025,38.9076063],[-77.0857915,38.9077685],[-77.08577,38.9077997],[-77.0858009,38.9078127],[-77.0859433,38.9076041],[-77.0859482,38.9076057],[-77.085972,38.907571],[-77.0860481,38.9075626],[-77.0860513,38.9075534],[-77.0862349,38.9075334],[-77.0862204,38.907452],[-77.0862298,38.907451],[-77.0862112,38.9073471],[-77.0860482,38.9072949],[-77.0860614,38.9072697],[-77.0860356,38.9072614],[-77.0861376,38.9070672],[-77.0863527,38.9071361],[-77.0862517,38.9073285],[-77.0862726,38.9074453],[-77.0863624,38.9074355],[-77.0863778,38.907521],[-77.0864413,38.9075159],[-77.0864422,38.9075228],[-77.0864964,38.9075169],[-77.0865233,38.9075535],[-77.0865358,38.9075479],[-77.0866315,38.9076784],[-77.0865962,38.9076942],[-77.0867543,38.9079096],[-77.0867259,38.9079224],[-77.0869203,38.9081871],[-77.086885,38.908203],[-77.0869202,38.9082508],[-77.0868606,38.9082775],[-77.0868263,38.9082308],[-77.0867953,38.9082447],[-77.0867914,38.9082394],[-77.0867188,38.908272],[-77.0867119,38.9082912],[-77.0866736,38.9083083],[-77.0866105,38.9082945]]]}},{"type":"Feature","id":91600559,"properties":{"osmId":91600559,"category":"library","addr:city":"Washington","addr:housenumber":"2130","addr:state":"DC","addr:street":"Foxhall Road Northwest","amenity":"library","building":"yes","dataset":"buildings","ele":"83","gnis:feature_id":"2102050","name":"Eckles Memorial Library","operator":"George Washington University","operator:type":"private","source":"USGS Geonames","website":"https://library.gwu.edu/eckles-library","_wikiTried":true},"geometry":{"type":"Polygon","coordinates":[[[-77.0890523,38.9184009],[-77.0890523,38.9183045],[-77.0889732,38.9183045],[-77.0889732,38.9181698],[-77.0890088,38.9181698],[-77.0890087,38.9180212],[-77.0891728,38.9180212],[-77.0891728,38.9180051],[-77.0892088,38.9180023],[-77.0892626,38.9180069],[-77.0892625,38.9180176],[-77.0894275,38.9180176],[-77.0894276,38.9181678],[-77.0894666,38.9181677],[-77.0894666,38.9182407],[-77.0894267,38.9182406],[-77.0894267,38.918304],[-77.0892556,38.9183039],[-77.0892557,38.918336],[-77.0892557,38.9183476],[-77.0891806,38.9183476],[-77.0891805,38.9183914],[-77.0890523,38.9184009]]]}},{"type":"Feature","id":91600602,"properties":{"osmId":91600602,"category":"academic","addr:street":"Foxhall Road Northwest","building":"university","building:levels":"2","building:levels:underground":"2","dataset":"buildings","dcgis:captureyear":"19990331","dcgis:gis_id":"101916","dcgis:lot":"0850","dcgis:square":"1374","name":"Ames Hall","source":"dcgis","_wikiTried":true},"geometry":{"type":"Polygon","coordinates":[[[-77.0896612,38.9175814],[-77.0896616,38.9175161],[-77.0896618,38.9174818],[-77.0896216,38.9174816],[-77.0896219,38.9174341],[-77.0896611,38.9174342],[-77.0896612,38.9174216],[-77.0896613,38.9174126],[-77.0896981,38.917407],[-77.0896968,38.9173975],[-77.0896785,38.9173975],[-77.089587,38.9173965],[-77.0895915,38.9172764],[-77.0898164,38.9172712],[-77.0898145,38.9171455],[-77.0900346,38.9171379],[-77.0900315,38.9172484],[-77.0900309,38.9172701],[-77.090074,38.9172729],[-77.0900728,38.9173926],[-77.0899751,38.9173927],[-77.0899751,38.9174155],[-77.0900592,38.9174166],[-77.0900575,38.9174828],[-77.0900188,38.9174828],[-77.0900183,38.9175815],[-77.0899221,38.9175812],[-77.0899225,38.9175242],[-77.089778,38.9175237],[-77.089758,38.9175237],[-77.0897577,38.9175817],[-77.0896612,38.9175814]]]}},{"type":"Feature","id":91600608,"properties":{"osmId":91600608,"category":"academic","building":"yes","dataset":"buildings","dcgis:captureyear":"20050404","dcgis:gis_id":"158745","source":"dcgis"},"geometry":{"type":"Polygon","coordinates":[[[-77.0891083,38.9166932],[-77.0891358,38.9166694],[-77.0891544,38.9166826],[-77.0891269,38.9167064],[-77.0891083,38.9166932]]]}},{"type":"Feature","id":91600667,"properties":{"osmId":91600667,"category":"residential","addr:street":"W Street Northwest","building":"dormitory","dataset":"buildings","dcgis:captureyear":"19990331","dcgis:gis_id":"100870","dcgis:lot":"0850","dcgis:square":"1374","name":"Hensley Residence Hall","source":"dcgis","_wikiTried":true},"geometry":{"type":"Polygon","coordinates":[[[-77.0897029,38.918906],[-77.089599,38.9188653],[-77.0895888,38.9188813],[-77.0895417,38.9188628],[-77.0895522,38.9188464],[-77.0894541,38.918808],[-77.0895156,38.9187124],[-77.0895777,38.9187368],[-77.0895808,38.9187318],[-77.0896225,38.9187482],[-77.0896484,38.9187584],[-77.089702,38.9187795],[-77.0896991,38.918784],[-77.0897648,38.9188098],[-77.0897591,38.9188187],[-77.0897029,38.918906]]]}},{"type":"Feature","id":91600810,"properties":{"osmId":91600810,"category":"academic","building":"yes","dataset":"buildings","dcgis:captureyear":"20050404","dcgis:gis_id":"16635","source":"dcgis"},"geometry":{"type":"Polygon","coordinates":[[[-77.0890787,38.9167904],[-77.089111,38.9167894],[-77.0891155,38.9168733],[-77.0890832,38.9168743],[-77.0890787,38.9167904]]]}},{"type":"Feature","id":91600817,"properties":{"osmId":91600817,"category":"residential","addr:street":"Foxhall Road Northwest","building":"dormitory","dataset":"buildings","dcgis:captureyear":"19990331","dcgis:gis_id":"103818","dcgis:lot":"0850","dcgis:square":"1374","name":"Cole Residence Hall","source":"dcgis","_wikiTried":true},"geometry":{"type":"Polygon","coordinates":[[[-77.0894146,38.918535],[-77.0894694,38.9185033],[-77.0895484,38.9185866],[-77.0893203,38.9187185],[-77.0892413,38.9186353],[-77.0894146,38.918535]]]}},{"type":"Feature","id":91600830,"properties":{"osmId":91600830,"category":"academic","building":"yes","dataset":"buildings","dcgis:captureyear":"20050404","dcgis:gis_id":"17975","source":"dcgis"},"geometry":{"type":"Polygon","coordinates":[[[-77.0892568,38.9166726],[-77.089257,38.9166486],[-77.0893678,38.9166491],[-77.0893676,38.916673],[-77.0892568,38.9166726]]]}},{"type":"Feature","id":91600873,"properties":{"osmId":91600873,"category":"residential","addr:city":"Washington","addr:housenumber":"2100","addr:postcode":"20007","addr:state":"DC","addr:street":"Foxhall Road Northwest","building":"dormitory","dataset":"buildings","dcgis:captureyear":"20050404","dcgis:gis_id":"21810","gnis:feature_id":"2102058","name":"Somers Residence Hall","_wikiTried":true},"geometry":{"type":"Polygon","coordinates":[[[-77.0890095,38.9179584],[-77.0890082,38.917917],[-77.0890012,38.917917],[-77.0890001,38.9178491],[-77.0890069,38.9178491],[-77.0890079,38.9177079],[-77.0889943,38.9177079],[-77.0889948,38.9176306],[-77.0889744,38.9176305],[-77.0889738,38.9175985],[-77.088966,38.9175985],[-77.0889665,38.9175265],[-77.0889734,38.9175253],[-77.0889744,38.9173854],[-77.0889659,38.9173854],[-77.0889681,38.9173147],[-77.0890362,38.9173137],[-77.0890381,38.9172885],[-77.0890791,38.91729],[-77.0890809,38.9172673],[-77.0890878,38.917262],[-77.0890997,38.9172594],[-77.089115,38.9172648],[-77.0891201,38.9172715],[-77.0891198,38.9173141],[-77.0891777,38.9173157],[-77.0891772,38.9173863],[-77.0891687,38.9173862],[-77.0891694,38.9175248],[-77.0891762,38.9175248],[-77.0891775,38.9175981],[-77.0891707,38.9175981],[-77.0891704,38.9176313],[-77.0892364,38.9176316],[-77.089272,38.9176318],[-77.0892718,38.9176249],[-77.0892822,38.9176248],[-77.0892814,38.9174305],[-77.0895408,38.91743],[-77.089541,38.9174847],[-77.0895529,38.9174847],[-77.089553,38.9175002],[-77.0894844,38.9175004],[-77.0894846,38.9175319],[-77.0894147,38.917532],[-77.0894151,38.9176322],[-77.0893902,38.9176322],[-77.0893903,38.9176576],[-77.0893903,38.9176822],[-77.0894154,38.9176821],[-77.0894154,38.9177033],[-77.0894662,38.9177032],[-77.0894664,38.9177549],[-77.0894604,38.9177549],[-77.0894609,38.9178596],[-77.0894668,38.9178596],[-77.089467,38.9179118],[-77.0894071,38.9179119],[-77.0894072,38.9179378],[-77.0893747,38.9179379],[-77.0893746,38.9179109],[-77.0893179,38.917911],[-77.0893177,38.9178587],[-77.0893232,38.9178587],[-77.0893229,38.9177557],[-77.0893167,38.9177557],[-77.0893166,38.9177063],[-77.0892722,38.9177064],[-77.0892702,38.917733],[-77.0892617,38.917741],[-77.089248,38.9177436],[-77.0892328,38.9177382],[-77.0892277,38.9177315],[-77.0892262,38.9177088],[-77.0892056,38.9177088],[-77.0892047,38.9178486],[-77.0892097,38.9178487],[-77.089211,38.9179206],[-77.0892025,38.9179206],[-77.0892034,38.9179272],[-77.0892143,38.9179272],[-77.0892228,38.917934],[-77.0892261,38.9179486],[-77.089209,38.9179592],[-77.0890095,38.9179584]]]}},{"type":"Feature","id":105823168,"properties":{"osmId":105823168,"category":"academic","addr:state":"DC","building":"university","dataset":"buildings","dcgis:captureyear":"19990331","dcgis:gis_id":"92552","ele":"4","gnis:feature_id":"2082683","name":"Darnall Hall","operator":"Georgetown University","source":"dcgis;USGS Geonames","_wikiTried":true},"geometry":{"type":"Polygon","coordinates":[[[-77.0734751,38.9117373],[-77.073476,38.9117105],[-77.0734379,38.9117095],[-77.0734472,38.9114885],[-77.0734992,38.91149],[-77.0734996,38.9114795],[-77.0735001,38.9114685],[-77.0734916,38.9114684],[-77.0734939,38.9114211],[-77.0734828,38.9114208],[-77.0734825,38.9114269],[-77.0734172,38.9114251],[-77.0734229,38.9112994],[-77.0734354,38.9112998],[-77.0734394,38.9112129],[-77.0734261,38.9112126],[-77.0734318,38.9110882],[-77.0734963,38.91109],[-77.0734961,38.9110951],[-77.0735081,38.9110954],[-77.0735102,38.9110473],[-77.0735862,38.9110494],[-77.0735903,38.9109612],[-77.0735925,38.910913],[-77.0736528,38.9109147],[-77.0736538,38.9108916],[-77.0737074,38.9108931],[-77.0737066,38.9109094],[-77.073748,38.9109105],[-77.0737498,38.9109214],[-77.07376,38.9109835],[-77.0737424,38.910983],[-77.073742,38.9109936],[-77.0738312,38.910996],[-77.0738309,38.9110032],[-77.0738786,38.9110047],[-77.0738759,38.9110645],[-77.073896,38.9110651],[-77.0738773,38.911471],[-77.0738596,38.9114705],[-77.0738569,38.9115304],[-77.0738092,38.9115291],[-77.0738087,38.9115374],[-77.0737142,38.9115348],[-77.0737146,38.9115268],[-77.0736673,38.9115255],[-77.0736679,38.9115111],[-77.0736584,38.9115108],[-77.0736058,38.9115094],[-77.0736041,38.911546],[-77.073599,38.9116551],[-77.0736647,38.9116569],[-77.0736636,38.9117008],[-77.0736627,38.9117379],[-77.0736626,38.9117414],[-77.073619,38.9117404],[-77.0734751,38.9117373]]]}},{"type":"Feature","id":203390217,"properties":{"osmId":203390217,"category":"academic","building":"university","designation":"Science Building","name":"Regents Hall","operator":"Georgetown University","_wikiTried":true},"geometry":{"type":"Polygon","coordinates":[[[-77.074424,38.9088377],[-77.0743911,38.9093356],[-77.0743791,38.9095524],[-77.0743783,38.9095811],[-77.0742299,38.9095757],[-77.0742309,38.9095376],[-77.0741189,38.9095359],[-77.0741199,38.9094652],[-77.0741293,38.9088329],[-77.0743972,38.9088373],[-77.074424,38.9088377]]]}},{"type":"Feature","id":372739055,"properties":{"osmId":372739055,"category":"residential","addr:city":"Washington","addr:housenumber":"3605-3607","addr:state":"DC","addr:street":"O Street Northwest","building":"house","house":"terraced","name":"Georgetown University Center for Language Education & Development - Special Programs","website":"http://cledsp.georgetown.edu","_wikiTried":true},"geometry":{"type":"Polygon","coordinates":[[[-77.0706828,38.9079041],[-77.0706806,38.9078723],[-77.0706896,38.9078719],[-77.070692,38.9079065],[-77.0707311,38.9079069],[-77.0707239,38.907772],[-77.0706232,38.9077762],[-77.0706298,38.9078711],[-77.0706423,38.9078706],[-77.0706448,38.9079057],[-77.0706828,38.9079041]]]}},{"type":"Feature","id":438735171,"properties":{"osmId":438735171,"category":"academic","building":"university","dataset":"buildings","name":"Pedro Arrupe, S.J. Residence Hall","operator":"Georgetown University","_wikiTried":true},"geometry":{"type":"Polygon","coordinates":[[[-77.0730555,38.9099626],[-77.073017,38.9096744],[-77.073051,38.9096536],[-77.0730139,38.9096093],[-77.0730708,38.9095776],[-77.0730847,38.9095699],[-77.0733692,38.9098725],[-77.0734209,38.9098726],[-77.0734191,38.9099251],[-77.0733975,38.9099239],[-77.0733963,38.9099728],[-77.0730555,38.9099626]]]}},{"type":"Feature","id":438873573,"properties":{"osmId":438873573,"category":"academic","building":"university","leisure":"sports_centre","name":"John R. Thompson Jr. Intercollegiate Athletic Center","operator":"Georgetown University","_wikiTried":true},"geometry":{"type":"Polygon","coordinates":[[[-77.0769251,38.9075515],[-77.0763186,38.9075449],[-77.0763168,38.9073175],[-77.0762799,38.9073175],[-77.0762801,38.9072891],[-77.0762804,38.9072583],[-77.0763168,38.9072591],[-77.0763311,38.9068407],[-77.0763628,38.9068412],[-77.0763802,38.9068289],[-77.0764402,38.9068296],[-77.0764612,38.9068405],[-77.0767792,38.9068417],[-77.0767933,38.9068331],[-77.0768675,38.9068334],[-77.0768814,38.9068429],[-77.0769363,38.9068435],[-77.0769215,38.9071355],[-77.0769234,38.9072179],[-77.0770018,38.9072183],[-77.0770022,38.9073349],[-77.0770322,38.9073349],[-77.0770644,38.9073347],[-77.0770636,38.9075241],[-77.0770111,38.9075237],[-77.0769251,38.907523],[-77.0769251,38.9075515]]]}},{"type":"Feature","id":442492553,"properties":{"osmId":442492553,"category":"academic","building":"university","layer":"1","name":"Gervase Building","operator":"Georgetown University","wikidata":"Q85046559","_wikiTried":true},"geometry":{"type":"Polygon","coordinates":[[[-77.0737027,38.9069071],[-77.073703,38.9067258],[-77.0736349,38.906726],[-77.0736347,38.9066977],[-77.0735316,38.9066983],[-77.0735319,38.9067261],[-77.0734881,38.906726],[-77.0734885,38.9068657],[-77.0734886,38.9069056],[-77.0735751,38.9069062],[-77.0737027,38.9069071]]]}},{"type":"Feature","id":444583708,"properties":{"osmId":444583708,"category":"academic","building":"university","name":"Isaac Hawkins Hall","operator":"Georgetown University","wikidata":"Q80748831","_wikiTried":true},"geometry":{"type":"Polygon","coordinates":[[[-77.0733005,38.9069401],[-77.0733029,38.9070767],[-77.0734661,38.9070774],[-77.0736387,38.9070782],[-77.0736389,38.9070196],[-77.0736581,38.9070196],[-77.0736582,38.9069993],[-77.07364,38.9069993],[-77.0736401,38.9069614],[-77.0737016,38.9069615],[-77.0737027,38.9069071],[-77.0735751,38.9069062],[-77.0735751,38.9069404],[-77.0733005,38.9069401]]]}},{"type":"Feature","id":444583709,"properties":{"osmId":444583709,"category":"academic","building":"university","height":"61","name":"Healy Hall","operator":"Georgetown University","wikidata":"Q4269513","_wikiTried":true},"geometry":{"type":"Polygon","coordinates":[[[-77.072819,38.9069103],[-77.0728187,38.9069383],[-77.0728172,38.9070761],[-77.0728171,38.9070888],[-77.0728169,38.9071401],[-77.0728254,38.9071402],[-77.0728248,38.9071757],[-77.0728169,38.9071757],[-77.0728167,38.9072568],[-77.0728248,38.9072568],[-77.0728247,38.907288],[-77.0728247,38.9073012],[-77.0728131,38.9073012],[-77.0728129,38.9073838],[-77.0728204,38.9073838],[-77.0728207,38.9074207],[-77.0728128,38.9074208],[-77.072813,38.9074872],[-77.0729042,38.9074859],[-77.0729066,38.9075951],[-77.0729073,38.9076279],[-77.0729182,38.9076279],[-77.0729182,38.9076307],[-77.072959,38.9076302],[-77.0729593,38.9076767],[-77.07292,38.9076776],[-77.07292,38.9077005],[-77.0725831,38.9077],[-77.0725831,38.9076743],[-77.0725972,38.9076743],[-77.0725971,38.9076422],[-77.0725597,38.9076424],[-77.0725594,38.9076149],[-77.072559,38.9075656],[-77.0725973,38.9075655],[-77.0725974,38.9075353],[-77.072584,38.9075354],[-77.072584,38.9075105],[-77.0726384,38.9075106],[-77.0726384,38.9074939],[-77.0726389,38.9072965],[-77.0726134,38.9072966],[-77.0726105,38.9072966],[-77.0726104,38.9072851],[-77.0726101,38.9072552],[-77.0726389,38.9072551],[-77.0726393,38.9070447],[-77.0725894,38.9070447],[-77.0725895,38.9070204],[-77.0726036,38.9070204],[-77.072604,38.9068819],[-77.0725914,38.9068819],[-77.0725914,38.9068587],[-77.0726796,38.9068589],[-77.0726793,38.9068179],[-77.0727257,38.9068193],[-77.0727258,38.9068366],[-77.0727516,38.9068365],[-77.0727516,38.9068331],[-77.0728465,38.9068333],[-77.0728464,38.9068751],[-77.0728463,38.9069103],[-77.072819,38.9069103]]]}},{"type":"Feature","id":444583710,"properties":{"osmId":444583710,"category":"academic","building":"university","name":"Maguire Hall","operator":"Georgetown University","wikidata":"Q85045947","_wikiTried":true},"geometry":{"type":"Polygon","coordinates":[[[-77.0730799,38.9070775],[-77.0730799,38.906951],[-77.0730799,38.9069404],[-77.073059,38.9069402],[-77.0729023,38.906939],[-77.0728187,38.9069383],[-77.0728172,38.9070761],[-77.0730541,38.9070774],[-77.0730799,38.9070775]]]}},{"type":"Feature","id":444583711,"properties":{"osmId":444583711,"category":"academic","building":"university","name":"New North","operator":"Georgetown University","wikidata":"Q85047259","_wikiTried":true},"geometry":{"type":"Polygon","coordinates":[[[-77.0742597,38.9074625],[-77.0742626,38.9075893],[-77.0742767,38.9075967],[-77.074277,38.9076093],[-77.0742676,38.9076165],[-77.0742554,38.9076166],[-77.0742452,38.9076069],[-77.0739758,38.9076107],[-77.0739764,38.9076375],[-77.0738926,38.9076373],[-77.0737638,38.9076369],[-77.0737639,38.9076431],[-77.0737416,38.9076434],[-77.0737411,38.9076151],[-77.0735459,38.9076178],[-77.0735467,38.9076525],[-77.0735376,38.9076594],[-77.0734782,38.9076603],[-77.0734719,38.9076552],[-77.0734714,38.907631],[-77.0734796,38.907625],[-77.0734793,38.9076058],[-77.0734782,38.9075404],[-77.0735479,38.9075394],[-77.0735472,38.9074741],[-77.0742597,38.9074625]]]}},{"type":"Feature","id":444583712,"properties":{"osmId":444583712,"category":"academic","building":"university","name":"Old North","operator":"Georgetown University","wikidata":"Q55443496","_wikiTried":true},"geometry":{"type":"Polygon","coordinates":[[[-77.0734789,38.9075858],[-77.0734192,38.9075865],[-77.0734194,38.9076119],[-77.0734023,38.9076302],[-77.0733661,38.9076309],[-77.0733431,38.9076144],[-77.0733429,38.9075879],[-77.0732595,38.9075892],[-77.0732597,38.9076166],[-77.0731993,38.9076169],[-77.0731359,38.9076172],[-77.0731356,38.9075912],[-77.0730506,38.9075925],[-77.0730508,38.9076193],[-77.073034,38.907637],[-77.0730036,38.9076377],[-77.072981,38.9076221],[-77.0729808,38.9075938],[-77.0729066,38.9075951],[-77.0729042,38.9074859],[-77.0731296,38.9074822],[-77.0731294,38.9074443],[-77.0731972,38.9074435],[-77.073261,38.9074427],[-77.0732613,38.9074801],[-77.0734723,38.9074767],[-77.0734723,38.9074801],[-77.0735472,38.9074789],[-77.0735479,38.9075394],[-77.0734782,38.9075404],[-77.0734789,38.9075858]]]}},{"type":"Feature","id":444583713,"properties":{"osmId":444583713,"category":"academic","building":"university","name":"Ryan Hall","operator":"Georgetown University","wikidata":"Q67401246","_wikiTried":true},"geometry":{"type":"Polygon","coordinates":[[[-77.0730799,38.906951],[-77.0730799,38.9070775],[-77.0731785,38.9070776],[-77.0731788,38.9071014],[-77.0731971,38.9071013],[-77.0732209,38.9071012],[-77.0732206,38.9070777],[-77.0733029,38.9070767],[-77.0733004,38.9069488],[-77.0732692,38.9069488],[-77.0732695,38.9067599],[-77.073257,38.9067599],[-77.073257,38.9067281],[-77.0731335,38.9067282],[-77.0731334,38.906758],[-77.0731193,38.906758],[-77.0731188,38.9069514],[-77.0730799,38.906951]]]}},{"type":"Feature","id":690510564,"properties":{"osmId":690510564,"category":"academic","building":"yes","dataset":"buildings","dcgis:captureyear":"20050404","dcgis:gis_id":"14067","source":"dcgis"},"geometry":{"type":"Polygon","coordinates":[[[-77.0704297,38.9074212],[-77.0704291,38.9074057],[-77.0704254,38.9073138],[-77.0704249,38.9073024],[-77.0705985,38.907298],[-77.0706,38.907336],[-77.0705448,38.9073373],[-77.0705462,38.9073727],[-77.0706021,38.9073714],[-77.0706037,38.9074081],[-77.0705452,38.9074095],[-77.0705456,38.9074181],[-77.0704297,38.9074212]]]}},{"type":"Feature","id":778884304,"properties":{"osmId":778884304,"category":"academic","addr:city":"Arlington","addr:housenumber":"1601","addr:postcode":"22209","addr:state":"VA","addr:street":"Wilson Boulevard","building":"school","building:levels":"5","building:levels:underground":"2","image":"https://hbwoodlawn.apsva.us/wp-content/uploads/sites/40/2015/05/Wilsonexterior.png","loc_name":"The Heights"},"geometry":{"type":"Polygon","coordinates":[[[-77.0771459,38.8950091],[-77.0776913,38.8949576],[-77.0776913,38.8949373],[-77.0781628,38.894903],[-77.0781375,38.8947224],[-77.0778316,38.8947442],[-77.0779999,38.8946692],[-77.0778923,38.8945097],[-77.0777096,38.8945832],[-77.0778173,38.8944846],[-77.0776355,38.8943654],[-77.0775852,38.8944114],[-77.0775314,38.8944606],[-77.077309,38.8944071],[-77.0772989,38.8944418],[-77.0770836,38.8944598],[-77.077119,38.8947765],[-77.0771075,38.8947995],[-77.0771247,38.8948151],[-77.0771459,38.8950091]]]}},{"type":"Feature","id":1101804789,"properties":{"osmId":1101804789,"category":"academic","building":"yes","building:levels":"2","name":"Cooper Field Locker Room","_wikiTried":true},"geometry":{"type":"Polygon","coordinates":[[[-77.0759646,38.9084581],[-77.075717,38.9084541],[-77.0757297,38.9075847],[-77.0757598,38.9075842],[-77.0757609,38.9076155],[-77.0759652,38.907616],[-77.0759646,38.9084581]]]}},{"type":"Feature","id":1102932682,"properties":{"osmId":1102932682,"category":"academic","building":"yes"},"geometry":{"type":"Polygon","coordinates":[[[-77.0743184,38.910494],[-77.0742601,38.9116409],[-77.0742559,38.9117084],[-77.0742343,38.9120548],[-77.0745169,38.9120611],[-77.0745178,38.9119956],[-77.0746288,38.9119956],[-77.0746289,38.9118913],[-77.0746358,38.9117165],[-77.0746586,38.9117191],[-77.0746561,38.9116834],[-77.0746605,38.9115744],[-77.0747382,38.9115762],[-77.0747387,38.9115645],[-77.0747478,38.9115647],[-77.0747506,38.9114939],[-77.0747033,38.9114926],[-77.0747075,38.9113911],[-77.0747554,38.9113923],[-77.0747561,38.9113761],[-77.0746699,38.9113739],[-77.074671,38.9113468],[-77.0747567,38.9113489],[-77.0747581,38.9113112],[-77.0747404,38.9113107],[-77.0747487,38.9111186],[-77.0748451,38.911121],[-77.0748457,38.9111085],[-77.074865,38.911109],[-77.0748645,38.9110001],[-77.0750193,38.911002],[-77.0750326,38.9106739],[-77.074979,38.9106322],[-77.0748119,38.9106281],[-77.0748142,38.9105735],[-77.0748068,38.9105734],[-77.0746058,38.9105507],[-77.074609,38.910495],[-77.0743184,38.910494]]]}},{"type":"Feature","id":1275454010,"properties":{"osmId":1275454010,"category":"academic","building":"school"},"geometry":{"type":"Polygon","coordinates":[[[-77.0650368,38.908452],[-77.0647182,38.9084587],[-77.0646308,38.9084605],[-77.0646249,38.9082902],[-77.0646238,38.9082601],[-77.0650299,38.9082515],[-77.0650368,38.908452]]]}},{"type":"Feature","id":1355070952,"properties":{"osmId":1355070952,"category":"academic","building":"yes"},"geometry":{"type":"Polygon","coordinates":[[[-77.0770885,38.9081426],[-77.0770907,38.9080262],[-77.0770073,38.9080252],[-77.0770051,38.9081416],[-77.0770885,38.9081426]]]}},{"type":"Feature","id":1355070953,"properties":{"osmId":1355070953,"category":"academic","building":"yes"},"geometry":{"type":"Polygon","coordinates":[[[-77.0769868,38.9082653],[-77.0769836,38.9081781],[-77.0766686,38.9081851],[-77.0766718,38.9082723],[-77.0769868,38.9082653]]]}},{"type":"Feature","id":1355070954,"properties":{"osmId":1355070954,"category":"academic","building":"yes"},"geometry":{"type":"Polygon","coordinates":[[[-77.076634,38.9082441],[-77.0766344,38.9081775],[-77.0764918,38.908177],[-77.0764915,38.9082436],[-77.076634,38.9082441]]]}},{"type":"Feature","id":1355070955,"properties":{"osmId":1355070955,"category":"academic","building":"yes"},"geometry":{"type":"Polygon","coordinates":[[[-77.0764733,38.9082416],[-77.0764705,38.9081761],[-77.0763282,38.9081797],[-77.076331,38.9082452],[-77.0764733,38.9082416]]]}},{"type":"Feature","id":1355070956,"properties":{"osmId":1355070956,"category":"academic","building":"yes"},"geometry":{"type":"Polygon","coordinates":[[[-77.07631,38.9082406],[-77.0763097,38.9081785],[-77.0761679,38.9081789],[-77.0761682,38.9082411],[-77.07631,38.9082406]]]}},{"type":"Feature","id":1446991003,"properties":{"osmId":1446991003,"category":"academic","building":"yes","building:levels":"8","name":"Byrne Hall","_wikiTried":true},"geometry":{"type":"Polygon","coordinates":[[[-77.0737789,38.9108447],[-77.0737978,38.9103976],[-77.073545,38.9103946],[-77.0735345,38.910491],[-77.0736216,38.9104905],[-77.0736226,38.9106709],[-77.073471,38.9106667],[-77.0734619,38.9108395],[-77.0737789,38.9108447]]]}},{"type":"Feature","id":1446994135,"properties":{"osmId":1446994135,"category":"academic","building":"university","building:levels":"8","name":"Hayden Hall","_wikiTried":true},"geometry":{"type":"Polygon","coordinates":[[[-77.0733081,38.9108298],[-77.0730928,38.9108162],[-77.0730889,38.9100504],[-77.073495,38.9100461],[-77.0734741,38.9103321],[-77.0733416,38.910352],[-77.0733081,38.9108298]]]}}]}