{"type":"FeatureCollection","features":[{"type":"Feature","id":29513581,"properties":{"osmId":29513581,"category":"religious","addr:housenumber":"31;37","addr:street":"Bishop Allen Drive","amenity":"place_of_worship","building":"yes","check_date":"2023-07-23","denomination":"methodist","name":"Saint Paul African Methodist Episcopal Church","religion":"christian","_wikiTried":true},"geometry":{"type":"Polygon","coordinates":[[[-71.0995016,42.3643196],[-71.0997116,42.3643833],[-71.0996755,42.3644483],[-71.0996937,42.3644538],[-71.0996317,42.3645654],[-71.0996118,42.3645594],[-71.099591,42.3645967],[-71.0993735,42.3645308],[-71.0993977,42.3644872],[-71.0994644,42.3643672],[-71.0995068,42.36438],[-71.0995132,42.3643685],[-71.09948,42.3643584],[-71.0995016,42.3643196]]]}},{"type":"Feature","id":29513588,"properties":{"osmId":29513588,"category":"library","addr:city":"Cambridge","addr:housenumber":"28","addr:postcode":"02138","addr:state":"MA","addr:street":"DeWolfe Street","amenity":"library","building":"yes","name":"Leverett House Library","operator:type":"university","website":"https://www.leverett.harvard.edu/room-facilities","_wikiTried":true},"geometry":{"type":"Polygon","coordinates":[[[-71.1167699,42.3692662],[-71.116923,42.3693047],[-71.116831,42.3695062],[-71.1167792,42.3694955],[-71.1167487,42.369487],[-71.1166779,42.3694678],[-71.1167699,42.3692662]]]}},{"type":"Feature","id":29514961,"properties":{"osmId":29514961,"category":"residential","addr:housenumber":"1705","addr:street":"Massachusetts Avenue","building":"dormitory","building:levels":"2","roof:levels":"1","roof:shape":"hipped"},"geometry":{"type":"Polygon","coordinates":[[[-71.1190768,42.3832618],[-71.1192573,42.3832709],[-71.1192565,42.3832795],[-71.1192754,42.3832804],[-71.1192713,42.3833246],[-71.1192934,42.3833257],[-71.1192888,42.3833752],[-71.1190525,42.3833633],[-71.1190551,42.3833349],[-71.11907,42.3833356],[-71.1190768,42.3832618]]]}},{"type":"Feature","id":29515027,"properties":{"osmId":29515027,"category":"academic","addr:city":"Cambridge","addr:housenumber":"124","addr:postcode":"02138","addr:street":"Walker Street","architect":"Edward F. Heenan","building":"university","construction_date":"1938","name":"Wolbach Hall","name:etymology":"Anna Wellington Wolbach","start_date":"1962","_wikiTried":true},"geometry":{"type":"Polygon","coordinates":[[[-71.1243309,42.3820753],[-71.1243757,42.3821299],[-71.124451,42.3820711],[-71.1244945,42.3821177],[-71.1243964,42.3821625],[-71.124449,42.3822219],[-71.1243732,42.382258],[-71.1243618,42.382256],[-71.1242459,42.38231],[-71.1242449,42.3823172],[-71.1241708,42.3823529],[-71.1241206,42.3822902],[-71.1241271,42.3822874],[-71.1241031,42.3822586],[-71.1240959,42.382261],[-71.1240442,42.3822003],[-71.1241152,42.382165],[-71.12413,42.382168],[-71.1242153,42.3821273],[-71.1242419,42.3821147],[-71.1242444,42.3821036],[-71.1243185,42.3820701],[-71.1243243,42.3820675],[-71.1243309,42.3820753]]]}},{"type":"Feature","id":29515100,"properties":{"osmId":29515100,"category":"academic","addr:housenumber":"9","addr:street":"Mellen Street","building":"yes"},"geometry":{"type":"Polygon","coordinates":[[[-71.1187513,42.3809275],[-71.1188446,42.3809302],[-71.1188374,42.3810698],[-71.118744,42.3810672],[-71.1187513,42.3809275]]]}},{"type":"Feature","id":29515105,"properties":{"osmId":29515105,"category":"academic","addr:housenumber":"13","addr:street":"Mellen Street","building":"yes"},"geometry":{"type":"Polygon","coordinates":[[[-71.1183717,42.3809045],[-71.1184633,42.3809071],[-71.1184556,42.3810535],[-71.1183642,42.381051],[-71.1183717,42.3809045]]]}},{"type":"Feature","id":29515135,"properties":{"osmId":29515135,"category":"residential","addr:housenumber":"10","addr:street":"Mellen Street","building":"dormitory"},"geometry":{"type":"Polygon","coordinates":[[[-71.1186991,42.3805949],[-71.1187322,42.3805967],[-71.1187378,42.3805399],[-71.1188041,42.3805435],[-71.1188003,42.3805824],[-71.1188461,42.3805849],[-71.1188349,42.3806992],[-71.1188178,42.3807029],[-71.1187942,42.3807018],[-71.1187783,42.3806962],[-71.1187798,42.3806813],[-71.1187468,42.3806795],[-71.1187462,42.3806849],[-71.1186905,42.3806819],[-71.1186991,42.3805949]]]}},{"type":"Feature","id":29515155,"properties":{"osmId":29515155,"category":"academic","addr:city":"Cambridge","addr:housenumber":"29;31","addr:street":"Everett Street","building":"university","building:levels":"4","name":"Stebbins Hall","roof:levels":"0","_wikiTried":true},"geometry":{"type":"Polygon","coordinates":[[[-71.1172961,42.3800314],[-71.1174115,42.3800406],[-71.1174031,42.380148],[-71.1173838,42.3801475],[-71.1173829,42.3801687],[-71.1173987,42.3801696],[-71.1174004,42.3801888],[-71.1173928,42.3802161],[-71.1173967,42.3802367],[-71.1174006,42.3802751],[-71.1173967,42.3803297],[-71.1173937,42.3803653],[-71.1171093,42.3803536],[-71.1171138,42.3802747],[-71.1170658,42.3802717],[-71.1170679,42.3802341],[-71.1172407,42.3802425],[-71.1172452,42.3801947],[-71.1171937,42.3801911],[-71.1171979,42.3801211],[-71.117216,42.3801217],[-71.1172217,42.3800613],[-71.1172937,42.3800648],[-71.1172961,42.3800314]]]}},{"type":"Feature","id":29515182,"properties":{"osmId":29515182,"category":"residential","addr:housenumber":"35-39","addr:postcode":"02138-1901","addr:street":"Oxford Street","building":"dormitory","building:colour":"red","building:levels":"4","building:material":"brick","building:prefabricated":"no","ele":"6","gnis:feature_id":"1971645","name":"Perkins Hall","roof:colour":"black","roof:levels":"1","roof:material":"roof_tiles","roof:orientation":"along","roof:shape":"hipped","smoking":"no","source":"USGS Geonames;survey","wikidata":"Q5676413","_wikiTried":true},"geometry":{"type":"Polygon","coordinates":[[[-71.1168056,42.3789255],[-71.1169357,42.3789334],[-71.1169878,42.3789365],[-71.1169594,42.3791934],[-71.1169279,42.3794789],[-71.1169238,42.3795158],[-71.1168991,42.3797393],[-71.1167169,42.3797283],[-71.1167392,42.3795264],[-71.1167411,42.379509],[-71.1167438,42.3794844],[-71.1167786,42.3791696],[-71.1167807,42.3791512],[-71.1167831,42.3791292],[-71.1168056,42.3789255]]]}},{"type":"Feature","id":29515188,"properties":{"osmId":29515188,"category":"academic","addr:housenumber":"36","addr:street":"Oxford Street","building":"university","name":"Conant Hall","wikidata":"Q37846165","_wikiTried":true},"geometry":{"type":"Polygon","coordinates":[[[-71.1161812,42.3792486],[-71.1163942,42.3792615],[-71.1163704,42.3794797],[-71.1163436,42.3797247],[-71.116145,42.3797128],[-71.1161305,42.3797119],[-71.1161812,42.3792486]]]}},{"type":"Feature","id":29515209,"properties":{"osmId":29515209,"category":"academic","addr:housenumber":"2","addr:street":"Buckingham Place","building":"school","building:levels":"2","name":"Markham House","_wikiTried":true},"geometry":{"type":"Polygon","coordinates":[[[-71.1292947,42.3789611],[-71.1293077,42.3789826],[-71.1293477,42.3789692],[-71.1294277,42.3791009],[-71.1293829,42.3791159],[-71.1294068,42.3791554],[-71.1292704,42.379201],[-71.1291828,42.3790568],[-71.1292386,42.3790381],[-71.1292092,42.3789896],[-71.1292947,42.3789611]]]}},{"type":"Feature","id":29515210,"properties":{"osmId":29515210,"category":"academic","addr:city":"Cambridge","addr:housenumber":"26","addr:postcode":"02138","addr:state":"MA","addr:street":"Oxford Street","building":"university","building:levels":"1","year_of_construction":"1887"},"geometry":{"type":"Polygon","coordinates":[[[-71.1157093,42.378382],[-71.1157355,42.3784521],[-71.1157605,42.3785188],[-71.1157271,42.3785257],[-71.1157964,42.378711],[-71.1158307,42.378704],[-71.1159189,42.3789396],[-71.1156446,42.3789956],[-71.1156314,42.3789602],[-71.1152276,42.3790427],[-71.1151917,42.37905],[-71.1148864,42.3791124],[-71.1148462,42.3790047],[-71.1148216,42.3789391],[-71.1150922,42.3788838],[-71.1150721,42.3788299],[-71.1151593,42.3788121],[-71.1152054,42.3788027],[-71.1152701,42.3787895],[-71.1152931,42.3788509],[-71.1154261,42.3788237],[-71.1155632,42.3787957],[-71.1155408,42.3787358],[-71.1154782,42.3785687],[-71.1154373,42.3785771],[-71.1153935,42.3784601],[-71.1153888,42.3784475],[-71.1154297,42.3784391],[-71.1156675,42.3783905],[-71.1157093,42.378382]]]}},{"type":"Feature","id":29515223,"properties":{"osmId":29515223,"category":"academic","addr:housenumber":"4","addr:street":"Buckingham Place","building":"school","name":"Kelsey House","_wikiTried":true},"geometry":{"type":"Polygon","coordinates":[[[-71.1290805,42.3790473],[-71.1291245,42.3791227],[-71.1290014,42.3791622],[-71.1289574,42.3790868],[-71.1290805,42.3790473]]]}},{"type":"Feature","id":29515230,"properties":{"osmId":29515230,"category":"academic","addr:city":"Cambridge","addr:housenumber":"21","addr:postcode":"02138","addr:state":"MA","addr:street":"Divinity Avenue","architect":"Johnson Hotvedt & Associates, Inc.","building":"university","building:levels":"4","name":"Tozzer Anthropology Building","name:etymology":"Alfred Marston Tozzer","name:etymology:wikidata":"Q4723536","name:etymology:wikipedia":"en:Alfred Tozzer","short_name":"Tozzer Building","start_date":"1974","_wikiTried":true},"geometry":{"type":"Polygon","coordinates":[[[-71.1148,42.3784613],[-71.1149134,42.378438],[-71.1150064,42.3786859],[-71.114916,42.3787044],[-71.1149251,42.3787286],[-71.1148572,42.3787425],[-71.1148483,42.3787189],[-71.1147559,42.3787378],[-71.1146754,42.3785232],[-71.11466,42.3784821],[-71.1146448,42.3784853],[-71.1146252,42.3784331],[-71.1146326,42.3784315],[-71.1147126,42.3784152],[-71.1146946,42.3783672],[-71.1147215,42.3783617],[-71.114729,42.3783816],[-71.114731,42.3783869],[-71.1147692,42.3783791],[-71.1147745,42.3783932],[-71.1148,42.3784613]]]}},{"type":"Feature","id":29515251,"properties":{"osmId":29515251,"category":"religious","building":"yes"},"geometry":{"type":"Polygon","coordinates":[[[-71.1314708,42.3782633],[-71.13152,42.3783828],[-71.1314353,42.3784018],[-71.1314101,42.3783407],[-71.13136,42.378352],[-71.1313361,42.3782938],[-71.1314708,42.3782633]]]}},{"type":"Feature","id":29515339,"properties":{"osmId":29515339,"category":"academic","addr:housenumber":"99-1","addr:street":"Brattle Street","building":"yes","name":"Wright Hall","_wikiTried":true},"geometry":{"type":"Polygon","coordinates":[[[-71.1245062,42.3764672],[-71.124613,42.3764949],[-71.1245386,42.3766527],[-71.1244317,42.376625],[-71.1244483,42.3765898],[-71.1243228,42.3765573],[-71.1243651,42.3764676],[-71.1244906,42.3765002],[-71.1245062,42.3764672]]]}},{"type":"Feature","id":29515362,"properties":{"osmId":29515362,"category":"religious","amenity":"place_of_worship","building":"yes","denomination":"quaker","name":"Friends Meeting House","religion":"christian","source":"local_knowledge","_wikiTried":true},"geometry":{"type":"Polygon","coordinates":[[[-71.1272364,42.3757613],[-71.1274521,42.3758151],[-71.1274638,42.3757893],[-71.1275662,42.3758148],[-71.1275079,42.3759435],[-71.1273993,42.3759165],[-71.1273847,42.3759487],[-71.1273669,42.3759879],[-71.1274048,42.3759973],[-71.1273366,42.3761476],[-71.1272202,42.3761186],[-71.1272891,42.3759668],[-71.1273158,42.3759734],[-71.1273332,42.375935],[-71.12736,42.3758759],[-71.1272023,42.3758366],[-71.1272364,42.3757613]]]}},{"type":"Feature","id":29515377,"properties":{"osmId":29515377,"category":"academic","addr:housenumber":"13","addr:state":"MA","addr:street":"Appian Way","building":"university","ele":"8","gnis:feature_id":"1971469","name":"Longfellow Building","source":"MassGIS Buildings (http://www.mass.gov/mgis/lidarbuildingfp2d.htm); USGS Geonames","_wikiTried":true},"geometry":{"type":"Polygon","coordinates":[[[-71.1220184,42.3752267],[-71.1221095,42.3752893],[-71.1221254,42.3752766],[-71.1221514,42.3752943],[-71.1221651,42.3752834],[-71.122306,42.3753803],[-71.1218957,42.3757084],[-71.1217618,42.3756163],[-71.1217744,42.3756063],[-71.1217549,42.3755929],[-71.1217719,42.3755794],[-71.1216674,42.3755074],[-71.1217685,42.3754266],[-71.1217793,42.3754339],[-71.1219253,42.3753172],[-71.1219146,42.3753097],[-71.1220184,42.3752267]]]}},{"type":"Feature","id":29515394,"properties":{"osmId":29515394,"category":"academic","addr:state":"MA","building":"university","check_date":"2024-03-06","ele":"8","gnis:feature_id":"1971670","name":"Putnam Building","source":"MassGIS Buildings (http://www.mass.gov/mgis/lidarbuildingfp2d.htm); USGS Geonames","_wikiTried":true},"geometry":{"type":"Polygon","coordinates":[[[-71.122545,42.3751609],[-71.122653,42.3752474],[-71.1225043,42.3753487],[-71.1225109,42.375354],[-71.1224672,42.3753837],[-71.1224148,42.3753417],[-71.12252,42.3752701],[-71.1224577,42.3752202],[-71.122545,42.3751609]]]}},{"type":"Feature","id":29515411,"properties":{"osmId":29515411,"category":"academic","building":"school","name":"Rindge Building","_wikiTried":true},"geometry":{"type":"Polygon","coordinates":[[[-71.1115724,42.3742824],[-71.1115958,42.3742371],[-71.1116234,42.3741885],[-71.1116514,42.3741467],[-71.1116814,42.3741064],[-71.1115207,42.3740452],[-71.1116273,42.3738913],[-71.1117047,42.3739216],[-71.1116969,42.3739333],[-71.1117566,42.3739578],[-71.1118664,42.3738119],[-71.1118875,42.3738201],[-71.1118916,42.373818],[-71.1118959,42.373816],[-71.1119001,42.3738141],[-71.1119045,42.3738123],[-71.111909,42.3738106],[-71.1119136,42.3738091],[-71.1119183,42.3738077],[-71.1119229,42.3738063],[-71.1119276,42.3738051],[-71.1119325,42.373804],[-71.1119374,42.3738031],[-71.1119422,42.3738023],[-71.1119471,42.3738016],[-71.1119521,42.373801],[-71.111957,42.3738006],[-71.111962,42.3738003],[-71.1119671,42.3738001],[-71.1119721,42.3738],[-71.1119771,42.3738001],[-71.1119822,42.3738003],[-71.1119872,42.3738007],[-71.1119921,42.3738012],[-71.1119971,42.3738017],[-71.112002,42.3738025],[-71.1120068,42.3738033],[-71.1120117,42.3738043],[-71.1120165,42.3738054],[-71.1120212,42.3738067],[-71.1120258,42.3738079],[-71.1120304,42.3738095],[-71.1120351,42.373811],[-71.1120395,42.3738128],[-71.1120439,42.3738146],[-71.1120481,42.3738165],[-71.1120524,42.3738186],[-71.1120565,42.3738207],[-71.1120605,42.3738229],[-71.1120643,42.3738253],[-71.1120681,42.3738277],[-71.1120717,42.3738302],[-71.1120752,42.373833],[-71.1120787,42.3738357],[-71.112082,42.3738385],[-71.1120851,42.3738414],[-71.1120882,42.3738443],[-71.1120909,42.3738474],[-71.1120937,42.3738506],[-71.1120962,42.3738537],[-71.1120986,42.373857],[-71.1121009,42.3738603],[-71.112103,42.3738637],[-71.1121049,42.3738671],[-71.1121067,42.3738706],[-71.1121084,42.3738741],[-71.1121098,42.3738777],[-71.112111,42.3738813],[-71.1121122,42.3738849],[-71.1121131,42.3738885],[-71.1121138,42.3738922],[-71.1121144,42.3738959],[-71.1121149,42.3738996],[-71.1121151,42.3739034],[-71.1121151,42.3739101],[-71.1121353,42.3739182],[-71.1120339,42.3740613],[-71.112236,42.3741398],[-71.1123625,42.3739506],[-71.1126079,42.3740428],[-71.1123904,42.3743548],[-71.1122038,42.3747604],[-71.1121379,42.3750673],[-71.1118652,42.3750308],[-71.1118876,42.3749268],[-71.1116707,42.3748973],[-71.1116574,42.3749569],[-71.1116318,42.3749531],[-71.11163,42.374955],[-71.1116268,42.374958],[-71.1116234,42.3749608],[-71.1116199,42.3749636],[-71.1116161,42.3749663],[-71.1116123,42.3749688],[-71.1116084,42.3749713],[-71.1116044,42.3749736],[-71.1116003,42.374976],[-71.111596,42.3749781],[-71.1115917,42.3749802],[-71.1115872,42.3749821],[-71.1115827,42.3749839],[-71.1115781,42.3749856],[-71.1115735,42.3749871],[-71.1115687,42.3749887],[-71.1115639,42.37499],[-71.111559,42.3749911],[-71.1115542,42.3749922],[-71.1115492,42.3749932],[-71.1115441,42.374994],[-71.1115391,42.3749947],[-71.111534,42.3749953],[-71.1115289,42.3749957],[-71.1115238,42.374996],[-71.1115186,42.3749961],[-71.1115135,42.3749962],[-71.1115084,42.3749961],[-71.1115031,42.3749958],[-71.111498,42.3749954],[-71.1114929,42.374995],[-71.1114878,42.3749943],[-71.1114829,42.3749936],[-71.1114779,42.3749927],[-71.1114729,42.3749917],[-71.111468,42.3749905],[-71.1114631,42.3749892],[-71.1114584,42.3749878],[-71.1114537,42.3749863],[-71.111449,42.3749846],[-71.1114444,42.3749829],[-71.11144,42.374981],[-71.1114356,42.374979],[-71.1114314,42.3749769],[-71.1114271,42.3749747],[-71.111423,42.3749723],[-71.1114191,42.37497],[-71.1114153,42.3749674],[-71.1114115,42.3749648],[-71.1114079,42.374962],[-71.1114045,42.3749592],[-71.1114011,42.3749563],[-71.1113979,42.3749533],[-71.1113949,42.3749503],[-71.111392,42.3749471],[-71.1113892,42.3749439],[-71.1113867,42.3749406],[-71.1113841,42.3749373],[-71.1113819,42.3749338],[-71.1113797,42.3749304],[-71.1113778,42.3749269],[-71.111376,42.3749233],[-71.1113746,42.3749203],[-71.1113738,42.3749185],[-71.1113546,42.3749172],[-71.1113676,42.3748416],[-71.111338,42.3748381],[-71.111082,42.3748073],[-71.1109349,42.3746521],[-71.1109143,42.3746304],[-71.1109188,42.374608],[-71.1109245,42.3745785],[-71.1109297,42.3745544],[-71.1109367,42.3745213],[-71.1109425,42.3745164],[-71.1109492,42.3745133],[-71.1109552,42.3745114],[-71.1109629,42.3745109],[-71.1109724,42.3745126],[-71.1109801,42.374516],[-71.1109841,42.3745226],[-71.1109851,42.3745287],[-71.1109801,42.3745546],[-71.1110355,42.3745601],[-71.1111078,42.374521],[-71.1112644,42.374541],[-71.1112573,42.3745696],[-71.1114621,42.3745922],[-71.1114832,42.3745021],[-71.1115164,42.3744102],[-71.1115429,42.3743412],[-71.1115724,42.3742824]]]}},{"type":"Feature","id":29515507,"properties":{"osmId":29515507,"category":"academic","addr:housenumber":"60","addr:street":"John F. Kennedy Street","building":"university"},"geometry":{"type":"Polygon","coordinates":[[[-71.1205692,42.3715352],[-71.1207415,42.3716012],[-71.1206759,42.3716955],[-71.1205773,42.3716577],[-71.1205698,42.3716685],[-71.120518,42.3716486],[-71.1205525,42.3715991],[-71.1205305,42.3715906],[-71.1205692,42.3715352]]]}},{"type":"Feature","id":29515509,"properties":{"osmId":29515509,"category":"academic","addr:city":"Cambridge","addr:housenumber":"44","addr:postcode":"02138","addr:state":"MA","addr:street":"Bow Street","building":"university","building:levels":"3","gnis:feature_id":"1971434","name":"Harvard Lampoon Building","other_source":"USGS Geonames","source":"http://harvardlampoon.com/","website":"https://harvardlampoon.com/","wheelchair":"limited","wikidata":"Q5676473","wikipedia":"en:Harvard Lampoon Building","_wikiTried":true},"geometry":{"type":"Polygon","coordinates":[[[-71.117081,42.3715048],[-71.1171093,42.3715149],[-71.1174304,42.3716296],[-71.1174205,42.3716465],[-71.1174096,42.3716645],[-71.1170457,42.3715732],[-71.117081,42.3715048]]]}},{"type":"Feature","id":29515512,"properties":{"osmId":29515512,"category":"academic","addr:housenumber":"21","addr:street":"South Street","building":"university","building:levels":"2","name":"Advocate Building","_wikiTried":true},"geometry":{"type":"Polygon","coordinates":[[[-71.1204644,42.3715072],[-71.1205382,42.3715358],[-71.1204814,42.3716158],[-71.1204076,42.3715873],[-71.1204644,42.3715072]]]}},{"type":"Feature","id":29515539,"properties":{"osmId":29515539,"category":"academic","addr:housenumber":"8-10","addr:street":"Mount Auburn Street","building":"university"},"geometry":{"type":"Polygon","coordinates":[[[-71.1139931,42.3700631],[-71.1143669,42.3701385],[-71.1143359,42.3701875],[-71.11443,42.3702091],[-71.1144042,42.3703799],[-71.1143975,42.3703847],[-71.11439,42.370385],[-71.114383,42.3703842],[-71.1139218,42.3702157],[-71.1139476,42.3701746],[-71.1139275,42.3701671],[-71.1139931,42.3700631]]]}},{"type":"Feature","id":29515553,"properties":{"osmId":29515553,"category":"academic","addr:city":"Cambridge","addr:housenumber":"8","addr:postcode":"02138","addr:state":"MA","addr:street":"Mill Street","architect":"Coolidge, Shepley, Bulfinch, and Abbott","building":"university","building:levels":"4","ele":"4","gnis:feature_id":"1971530","name":"McKinlock Hall","name:etymology":"George Alexander McKinlock Jr.","source":"USGS Geonames","start_date":"1926","university":"residential","_wikiTried":true},"geometry":{"type":"Polygon","coordinates":[[[-71.1172638,42.3696314],[-71.1173905,42.3696522],[-71.1173863,42.3696655],[-71.117296,42.3699501],[-71.117637,42.3700406],[-71.117798,42.3697655],[-71.117806,42.3697518],[-71.1179234,42.3697895],[-71.1177019,42.370168],[-71.1176022,42.3701417],[-71.1175968,42.3701529],[-71.1172035,42.3700486],[-71.1172084,42.3700385],[-71.117105,42.3700112],[-71.1171525,42.3699128],[-71.1171696,42.3699173],[-71.1172638,42.3696314]]]}},{"type":"Feature","id":29516564,"properties":{"osmId":29516564,"category":"academic","addr:housenumber":"80;88","addr:street":"Trowbridge Street","building":"school","building:levels":"2","name":"Cambridge-Ellis School","roof:levels":"0","roof:shape":"flat","_wikiTried":true},"geometry":{"type":"Polygon","coordinates":[[[-71.1096005,42.3753252],[-71.109675,42.3753338],[-71.109634,42.3755297],[-71.1093967,42.3755023],[-71.1094378,42.3753064],[-71.1094506,42.3753079],[-71.1096005,42.3753252]]]}},{"type":"Feature","id":29516631,"properties":{"osmId":29516631,"category":"academic","addr:housenumber":"353;359","addr:street":"Broadway","building":"school","old_name":"Longfellow School","website":"https://crls.cpsd.us/academics/hsep"},"geometry":{"type":"Polygon","coordinates":[[[-71.1037829,42.370571],[-71.1039759,42.3706478],[-71.1037915,42.3709036],[-71.1040943,42.3710227],[-71.1042792,42.3707663],[-71.1044114,42.3708183],[-71.1044961,42.3708516],[-71.1043085,42.3711118],[-71.1042068,42.3712529],[-71.1034918,42.3709697],[-71.1037829,42.370571]]]}},{"type":"Feature","id":29529825,"properties":{"osmId":29529825,"category":"residential","architect":"Harrison & Abramovitz","architect:wikidata":"Q5665458","architect:wikipedia":"en:Harrison & Abramovitz","building":"dormitory","building:levels":"4","name":"Bingham Hall","name:etymology":"Mary Caperton Bingham","nohousenumber":"yes","roof:levels":"1","roof:shape":"flat","start_date":"1970","_wikiTried":true},"geometry":{"type":"Polygon","coordinates":[[[-71.1260738,42.381658],[-71.1261906,42.3817966],[-71.1262565,42.3817663],[-71.1263352,42.3818598],[-71.1262731,42.3818883],[-71.1262826,42.3818997],[-71.1262252,42.3819261],[-71.1262144,42.3819133],[-71.1261234,42.3819551],[-71.1261008,42.3819283],[-71.1260899,42.3819333],[-71.1260633,42.3819016],[-71.1260731,42.3818971],[-71.1260443,42.3818628],[-71.126026,42.3818712],[-71.1260349,42.3818817],[-71.1259819,42.381906],[-71.1259752,42.381898],[-71.1259665,42.381902],[-71.1259475,42.3818794],[-71.1259353,42.3818851],[-71.1259093,42.3818541],[-71.125896,42.3818602],[-71.1258653,42.3818237],[-71.1258751,42.3818192],[-71.125847,42.3817858],[-71.1258579,42.3817808],[-71.125843,42.3817631],[-71.1258559,42.3817572],[-71.1258486,42.3817485],[-71.1259051,42.3817226],[-71.1259132,42.3817323],[-71.1259338,42.3817228],[-71.1259195,42.3817059],[-71.1259822,42.3816771],[-71.1259956,42.3816929],[-71.1260097,42.3816865],[-71.1260025,42.381678],[-71.1260508,42.3816558],[-71.1260586,42.381665],[-71.1260738,42.381658]]]}},{"type":"Feature","id":29529862,"properties":{"osmId":29529862,"category":"academic","addr:city":"Cambridge","addr:housenumber":"66","addr:postcode":"02138","addr:state":"MA","addr:street":"Garden Street","alt_name":"Quadrangle Athletic Facility","architect":"Hoskins Scott Taylor & Partners, Inc.","building":"university","building:levels":"3","name":"Quadrangle Recreational Athletic Center","short_name":"QRAC","start_date":"1980","_wikiTried":true},"geometry":{"type":"Polygon","coordinates":[[[-71.1268457,42.3812051],[-71.1270759,42.3814786],[-71.1267535,42.3816291],[-71.126691,42.3816579],[-71.1265485,42.3814861],[-71.1264551,42.3814673],[-71.1264068,42.3814203],[-71.1268457,42.3812051]]]}},{"type":"Feature","id":29529866,"properties":{"osmId":29529866,"category":"academic","addr:city":"Cambridge","addr:housenumber":"62","addr:postcode":"02138","addr:state":"MA","addr:street":"Linnaean Street","architect":"Elwell & Blackall","building":"university","full_name":"LeBaron R. Briggs Hall","name":"Briggs Hall","name:etymology":"LeBaron Russell Briggs","name:etymology:wikidata":"Q15515140","name:etymology:wikipedia":"en:LeBaron Russell Briggs","start_date":"1923","_wikiTried":true},"geometry":{"type":"Polygon","coordinates":[[[-71.1247201,42.3811431],[-71.1247389,42.3811692],[-71.1247335,42.3811805],[-71.1247315,42.3811915],[-71.1247392,42.3812069],[-71.1247482,42.3812151],[-71.1247672,42.3812249],[-71.124786,42.3812262],[-71.1248025,42.3812243],[-71.1248837,42.381317],[-71.1248737,42.3813212],[-71.1249123,42.3813662],[-71.1249291,42.3813587],[-71.1250282,42.3814831],[-71.1250163,42.3814892],[-71.1250515,42.3815341],[-71.1250619,42.3815301],[-71.1251314,42.3816072],[-71.1249718,42.381681],[-71.124905,42.3816018],[-71.1249152,42.3815958],[-71.1247404,42.3813866],[-71.1247307,42.3813904],[-71.124657,42.381295],[-71.1246489,42.3812983],[-71.1245895,42.3812272],[-71.1245974,42.3812231],[-71.1245822,42.3812037],[-71.1245942,42.3811992],[-71.1247201,42.3811431]]]}},{"type":"Feature","id":29529878,"properties":{"osmId":29529878,"category":"academic","addr:housenumber":"16;18","addr:street":"Wendell Street","building":"yes"},"geometry":{"type":"Polygon","coordinates":[[[-71.1182553,42.3813118],[-71.1184093,42.3813186],[-71.1184008,42.3814241],[-71.1184224,42.3814251],[-71.1184144,42.3815256],[-71.1183203,42.3815215],[-71.1183266,42.3814423],[-71.1183195,42.381442],[-71.1183131,42.3815219],[-71.118212,42.3815175],[-71.1182203,42.3814131],[-71.1182471,42.3814143],[-71.1182553,42.3813118]]]}},{"type":"Feature","id":29529882,"properties":{"osmId":29529882,"category":"academic","addr:housenumber":"34","addr:street":"Wendell Street","building":"yes"},"geometry":{"type":"Polygon","coordinates":[[[-71.1168181,42.3813607],[-71.1169071,42.3813644],[-71.1169045,42.3813993],[-71.1169508,42.3814011],[-71.116946,42.3814669],[-71.1168105,42.3814614],[-71.1168181,42.3813607]]]}},{"type":"Feature","id":29529930,"properties":{"osmId":29529930,"category":"academic","addr:city":"Cambridge","addr:housenumber":"53","addr:postcode":"02138","addr:state":"MA","addr:street":"Shepard Street","architect":"Alexander Wadsworth Longfellow, Jr","building":"university","heritage":"2","heritage:operator":"nrhp","heritage:website":"https://npgallery.nps.gov/AssetDetail/NRIS/86001270","historic":"heritage","name":"Bertram Hall","name:etymology":"John Bertram Kimball","nhrp:criteria":"(A),(C)","nrhp:inscription_date":"1986-05-19","operator":"Harvard University","ref:nrhp":"86001270","start_date":"1901","university":"residential","wikidata":"Q4895779","wikipedia":"en:Bertram Hall (Radcliffe College)","_wikiTried":true},"geometry":{"type":"Polygon","coordinates":[[[-71.1242366,42.3806215],[-71.1243398,42.3807444],[-71.1242471,42.3807868],[-71.1242242,42.3807595],[-71.1240759,42.3808274],[-71.1240967,42.3808522],[-71.1240102,42.3808918],[-71.1239077,42.3807697],[-71.1239953,42.3807296],[-71.1240037,42.3807397],[-71.1241568,42.3806696],[-71.1241498,42.3806613],[-71.1242366,42.3806215]]]}},{"type":"Feature","id":29529983,"properties":{"osmId":29529983,"category":"academic","addr:housenumber":"42","addr:state":"MA","addr:street":"Francis Avenue","building":"university","ele":"5","gnis:feature_id":"1971877","name":"World Religions Center","source":"USGS Geonames","wikidata":"Q121436445","_wikiTried":true},"geometry":{"type":"Polygon","coordinates":[[[-71.1122351,42.379981],[-71.1123066,42.3801674],[-71.1121228,42.3802059],[-71.1121359,42.38024],[-71.1118822,42.380293],[-71.1118743,42.3802725],[-71.1118388,42.3802799],[-71.1118466,42.3803004],[-71.1117094,42.3803291],[-71.1116149,42.3800823],[-71.1117789,42.3800481],[-71.111829,42.380179],[-71.1121238,42.3801173],[-71.1120837,42.3800127],[-71.1122351,42.379981]]]}},{"type":"Feature","id":29529995,"properties":{"osmId":29529995,"category":"academic","addr:housenumber":"33","addr:state":"MA","addr:street":"Everett Street","building":"college","building:levels":"3","ele":"6","gnis:feature_id":"1971492","name":"Maloch Building","roof:shape":"flat","source":"USGS Geonames","_wikiTried":true},"geometry":{"type":"Polygon","coordinates":[[[-71.1166111,42.3799198],[-71.1171322,42.379944],[-71.1171256,42.3800697],[-71.1167611,42.380053],[-71.1167592,42.3800883],[-71.1167936,42.3800902],[-71.1167877,42.3801671],[-71.1167516,42.3801656],[-71.1167509,42.3801739],[-71.116698,42.3801707],[-71.1166959,42.3801729],[-71.1166558,42.3801724],[-71.1166557,42.380168],[-71.1165957,42.3801675],[-71.1166111,42.3799198]]]}},{"type":"Feature","id":29529997,"properties":{"osmId":29529997,"category":"academic","addr:housenumber":"40;42;46R;58","addr:street":"Oxford Street","building":"university","name":"Engineering Sciences Lab","_wikiTried":true},"geometry":{"type":"Polygon","coordinates":[[[-71.1159731,42.3798743],[-71.1163416,42.3798971],[-71.1163332,42.3799911],[-71.1163266,42.3800547],[-71.1163161,42.3801548],[-71.1159459,42.3801273],[-71.1159731,42.3798743]]]}},{"type":"Feature","id":29530068,"properties":{"osmId":29530068,"category":"academic","addr:housenumber":"33","addr:street":"Garden Street","building":"university","building:levels":"2","historic":"building","name":"Rey-Waldstein Building","operator":"Longy School of Music of Bard College","roof:levels":"1","roof:shape":"mansard","_wikiTried":true},"geometry":{"type":"Polygon","coordinates":[[[-71.1240757,42.3792042],[-71.1241886,42.3793548],[-71.1240494,42.3794122],[-71.1239365,42.3792615],[-71.1240757,42.3792042]]]}},{"type":"Feature","id":29530091,"properties":{"osmId":29530091,"category":"academic","addr:city":"Cambridge","addr:housenumber":"26","addr:postcode":"02138-2701","addr:state":"MA","addr:street":"Everett Street","architect":"Walter Adolph Georg Gropius;The Architects Collaborative, Inc.","architect:wikidata":"Q984149","architect:wikipedia":"en:The Architects Collaborative","building":"university","building:levels":"5","ele":"6","gnis:feature_id":"1971110","height":"15","name":"Child Hall","name:etymology":"Francis James Child","name:etymology:wikidata":"Q2344992","name:etymology:wikipedia":"en:Francis James Child","old_name":"William James Hall","roof:levels":"0","roof:shape":"flat","source":"MassGIS Buildings (http://www.mass.gov/mgis/lidarbuildingfp2d.htm);USGS Geonames","start_date":"1950","university":"residential","wikidata":"Q5676413","_wikiTried":true},"geometry":{"type":"Polygon","coordinates":[[[-71.1176291,42.379115],[-71.1176083,42.3790646],[-71.1176014,42.3790479],[-71.1175944,42.3790292],[-71.1179713,42.3789524],[-71.1180173,42.378943],[-71.1180122,42.3789293],[-71.118086,42.3789143],[-71.1180905,42.3789261],[-71.1181444,42.3789151],[-71.1181579,42.3789124],[-71.1181779,42.3789672],[-71.1181913,42.379002],[-71.1181202,42.3790166],[-71.1181243,42.3790306],[-71.1179952,42.3790692],[-71.1179869,42.3790459],[-71.1176291,42.379115]]]}},{"type":"Feature","id":29530126,"properties":{"osmId":29530126,"category":"other","alt_name":"Zabriskie House","building":"yes","historic":"building","name":"Edwin Abbot House","operator":"Longy School of Music of Bard College","wikidata":"Q5346190","wikipedia":"en:Edwin Abbot House","_wikiTried":true},"geometry":{"type":"Polygon","coordinates":[[[-71.1234342,42.3783968],[-71.1234642,42.3784389],[-71.1235113,42.3784206],[-71.1236396,42.3786015],[-71.1236224,42.3786083],[-71.1236511,42.3786488],[-71.1236868,42.3786348],[-71.1237271,42.3786918],[-71.123653,42.3787207],[-71.1236418,42.378705],[-71.1236262,42.3787111],[-71.1236158,42.3786963],[-71.1235368,42.3787271],[-71.1235594,42.378759],[-71.1233786,42.3788296],[-71.1233161,42.3787415],[-71.1233643,42.3787226],[-71.1233825,42.3787156],[-71.1232665,42.3785523],[-71.1232814,42.3785465],[-71.1232424,42.3784914],[-71.1232056,42.3785058],[-71.1231654,42.3784492],[-71.1232607,42.378412],[-71.1232898,42.3784531],[-71.1234342,42.3783968]]]}},{"type":"Feature","id":29530149,"properties":{"osmId":29530149,"category":"academic","addr:housenumber":"1545","addr:postcode":"02138-2903","addr:street":"Massachusetts Avenue","building":"university","building:levels":"4","name":"Langdell Hall","roof:levels":"0","wikidata":"Q6485777","wikipedia":"en:Langdell Hall","_wikiTried":true},"geometry":{"type":"Polygon","coordinates":[[[-71.1183598,42.3773139],[-71.1184144,42.3774602],[-71.118457,42.3774515],[-71.1184745,42.3774983],[-71.1185007,42.377493],[-71.1185645,42.377664],[-71.1185411,42.3776688],[-71.1186105,42.3778583],[-71.1186723,42.3780244],[-71.1187459,42.3782177],[-71.118769,42.3782129],[-71.1188079,42.3783169],[-71.1188231,42.3783573],[-71.1188331,42.3783842],[-71.1188123,42.3783885],[-71.1188192,42.3784069],[-71.1188309,42.378438],[-71.1187838,42.3784476],[-71.1188213,42.3785472],[-71.1188386,42.3785932],[-71.1186428,42.3786334],[-71.1186088,42.378543],[-71.1185882,42.3784883],[-71.1185542,42.3784953],[-71.118542,42.3784628],[-71.118535,42.3784443],[-71.1185094,42.3784496],[-71.1184458,42.3782813],[-71.1184721,42.3782758],[-71.1183953,42.3780728],[-71.1183853,42.3780749],[-71.1183579,42.3780022],[-71.1183303,42.377929],[-71.1183437,42.3779262],[-71.1182665,42.3777209],[-71.1182438,42.3777256],[-71.1181827,42.3775624],[-71.1182072,42.3775574],[-71.1181884,42.3775072],[-71.1182316,42.3774984],[-71.1181766,42.3773512],[-71.1183598,42.3773139]]]}},{"type":"Feature","id":29530364,"properties":{"osmId":29530364,"category":"academic","addr:housenumber":"99-2","addr:street":"Brattle Street","building":"yes","name":"Burnham Hall","_wikiTried":true},"geometry":{"type":"Polygon","coordinates":[[[-71.1246136,42.3766799],[-71.1247146,42.3767063],[-71.1245908,42.3769676],[-71.1245206,42.3769494],[-71.1245619,42.3768621],[-71.1244839,42.3768417],[-71.1245202,42.3767653],[-71.1245672,42.3767776],[-71.1246136,42.3766799]]]}},{"type":"Feature","id":29530373,"properties":{"osmId":29530373,"category":"academic","addr:housenumber":"5","addr:street":"Phillips Place","building":"yes","name":"Lesley University Graduate School of Arts & Social Sciences","_wikiTried":true},"geometry":{"type":"Polygon","coordinates":[[[-71.1237038,42.3766572],[-71.1238095,42.3767418],[-71.1236743,42.3768348],[-71.1236392,42.3768067],[-71.1236039,42.3768308],[-71.1235685,42.3768024],[-71.1236552,42.3767428],[-71.1236201,42.3767147],[-71.1237038,42.3766572]]]}},{"type":"Feature","id":29530374,"properties":{"osmId":29530374,"category":"academic","addr:housenumber":"17","addr:state":"MA","addr:street":"Kirkland Street","building":"university","ele":"7","gnis:feature_id":"1971475","name":"Lowell Lecture Hall","source":"USGS Geonames","_wikiTried":true},"geometry":{"type":"Polygon","coordinates":[[[-71.1156044,42.3765389],[-71.1156822,42.3767455],[-71.1153243,42.3768185],[-71.1152473,42.3766126],[-71.1156044,42.3765389]]]}},{"type":"Feature","id":29530404,"properties":{"osmId":29530404,"category":"academic","addr:housenumber":"1805","addr:state":"MA","addr:street":"Cambridge Street","building":"university","ele":"7","gnis:feature_id":"1971459","name":"Littauer Center","official_name":"Littauer Center for Public Administration","source":"USGS Geonames","_wikiTried":true},"geometry":{"type":"Polygon","coordinates":[[[-71.1178033,42.3762789],[-71.1179698,42.3763012],[-71.1179668,42.37632],[-71.1181619,42.376346],[-71.1181703,42.3763143],[-71.118403,42.3763476],[-71.1183954,42.376379],[-71.1185938,42.3764078],[-71.1185974,42.376395],[-71.1187531,42.376414],[-71.1187116,42.3765749],[-71.1186132,42.3765629],[-71.1178474,42.3764526],[-71.1177627,42.3764417],[-71.1177986,42.3762979],[-71.1178033,42.3762789]]]}},{"type":"Feature","id":29530473,"properties":{"osmId":29530473,"category":"academic","addr:city":"Cambridge","addr:housenumber":"45","addr:postcode":"02138-3003","addr:state":"MA","addr:street":"Quincy Street","building":"university","building:architecture":"victorian;gothic","contact:email":"memhall@fas.harvard.edu","contact:phone":"+1 617-496-4595","gnis:feature_id":"1971541","height":"24","inscription:url":"https://websites.harvard.edu/memhall/home-2/buildings/memorial-transept/names-listed-in-the-memorial-hall-transept/","memorial":"war_memorial","memorial:conflict":"American_Civil_War","name":"Memorial Hall","source":"USGS Geonames","start_date":"1877","wheelchair":"yes","wikidata":"Q6815427","wikipedia":"en:Memorial Hall (Harvard University)","_wikiTried":true},"geometry":{"type":"Polygon","coordinates":[[[-71.1147916,42.3757382],[-71.1148388,42.3757443],[-71.1149287,42.3757559],[-71.1149981,42.375765],[-71.1150385,42.3757698],[-71.115084,42.3757752],[-71.1150792,42.3757972],[-71.1150737,42.3758221],[-71.1150686,42.3758454],[-71.1155755,42.3759059],[-71.115584,42.375867],[-71.1155927,42.3758681],[-71.1156624,42.3758764],[-71.1156054,42.3761373],[-71.115566,42.3761327],[-71.115563,42.3761323],[-71.1154786,42.3761222],[-71.115469,42.3761659],[-71.1154805,42.3761604],[-71.1154666,42.3762295],[-71.1154433,42.3762298],[-71.1154214,42.3762428],[-71.1153949,42.3762566],[-71.1153625,42.3762686],[-71.1153282,42.3762782],[-71.1152899,42.3762863],[-71.1152847,42.3762912],[-71.1152048,42.3763086],[-71.1152018,42.3762999],[-71.1151958,42.3763004],[-71.115167,42.3762074],[-71.1152052,42.3762122],[-71.1152239,42.3761367],[-71.1150509,42.376116],[-71.1150575,42.3760857],[-71.1150157,42.3760807],[-71.1150141,42.3760881],[-71.1149649,42.376083],[-71.1149566,42.3760813],[-71.1149296,42.3760781],[-71.1148593,42.3760674],[-71.1147474,42.3760545],[-71.1147218,42.3760516],[-71.1147226,42.3760422],[-71.1146741,42.3760383],[-71.1146752,42.3760269],[-71.1145434,42.3759858],[-71.1144899,42.3759073],[-71.114496,42.3758735],[-71.1144978,42.3758639],[-71.1145008,42.3758535],[-71.1145124,42.3758137],[-71.1145398,42.3757928],[-71.1146012,42.375753],[-71.1146115,42.3757508],[-71.114715,42.375741],[-71.1147895,42.3757451],[-71.1147916,42.3757382]]]}},{"type":"Feature","id":29530618,"properties":{"osmId":29530618,"category":"academic","addr:city":"Cambridge","addr:housenumber":"1","addr:place":"Harvard Yard","addr:postcode":"02138","addr:state":"MA","architect":"Charles Bulfinch","architect:wikidata":"Q1063849","architect:wikipedia":"en:Charles Bulfinch","building":"university","building:architecture":"colonial_revival","building:levels":"3","building:levels:underground":"1","building:material":"granite","ele":"9","gnis:feature_id":"1971831","heritage":"2","heritage:operator":"nrhp","heritage:website":"https://npgallery.nps.gov/AssetDetail/NRIS/70000736","historic":"heritage","name":"University Hall","nrhp:criteria":"(C)","nrhp:inscription_date":"1970-12-30","nrhp:nhl":"yes","ref:nrhp":"70000736","roof:shape":"hipped","source":"USGS Geonames","start_date":"1815","university":"administrative","wikidata":"Q7894712","_wikiTried":true},"geometry":{"type":"Polygon","coordinates":[[[-71.1170441,42.3742425],[-71.117118,42.3742552],[-71.1172425,42.3742766],[-71.1172178,42.3743598],[-71.1172116,42.3743814],[-71.1172029,42.3744056],[-71.1171617,42.3745406],[-71.1171521,42.3745648],[-71.1171453,42.3745906],[-71.1171203,42.3746657],[-71.1169208,42.3746315],[-71.116943,42.3745578],[-71.1169446,42.3745526],[-71.1169509,42.3745304],[-71.1169575,42.3745081],[-71.1169613,42.3744968],[-71.1170035,42.3743709],[-71.1170092,42.3743485],[-71.1170166,42.3743261],[-71.1170441,42.3742425]]]}},{"type":"Feature","id":29530656,"properties":{"osmId":29530656,"category":"academic","access":"private","addr:city":"Cambridge","addr:housenumber":"25","addr:place":"Harvard Yard","addr:postcode":"02138","addr:state":"MA","architect":"Henry Hobson Richardson","architect:wikidata":"Q723234","architect:wikipedia":"en:Henry Hobson Richardson","building":"university","building:levels":"3","building:levels:roof":"1","building:levels:underground":"1","building:material":"brick","ele":"7","gnis:feature_id":"1971744","heritage:operator":"nrhp","heritage:website":"https://npgallery.nps.gov/AssetDetail/NRIS/70000732","max_level":"3","name":"Sever Hall","name:etymology":"James Warren Sever","nrhp:criteria":"(C)","nrhp:inscription_date":"1970-12-30","private":"students","ref:nrhp":"70000732","roof:shape":"hipped","source":"USGS Geonames","start_date":"1880","wheelchair":"yes","wikidata":"Q7457805","wikipedia":"en:Sever Hall","_wikiTried":true},"geometry":{"type":"Polygon","coordinates":[[[-71.1154226,42.3740986],[-71.1157025,42.3741473],[-71.115621,42.374403],[-71.1155489,42.374629],[-71.115269,42.3745803],[-71.1153201,42.3744202],[-71.1153445,42.3743438],[-71.1153651,42.3742792],[-71.1154226,42.3740986]]]}},{"type":"Feature","id":29530699,"properties":{"osmId":29530699,"category":"academic","access":"private","addr:city":"Cambridge","addr:housenumber":"5","addr:place":"Harvard Yard","addr:postcode":"02138","addr:state":"MA","architect":"Schulze and Schoen","building":"university","building:levels":"4","building:levels:underground":"1","building:material":"granite","name":"Boylston Hall","name:etymology":"Ward Nicholas Boylston","name:etymology:wikidata":"Q7969055","name:etymology:wikipedia":"en:Ward Nicholas Boylston","private":"students","roof:shape":"mansard","start_date":"1858","wheelchair":"yes","wikidata":"Q16953306","wikipedia":"en:Boylston Hall (Harvard University)","_wikiTried":true},"geometry":{"type":"Polygon","coordinates":[[[-71.1171275,42.3731857],[-71.1173464,42.3732229],[-71.117566,42.373264],[-71.1175027,42.373466],[-71.1173296,42.3734364],[-71.1173056,42.3734315],[-71.1172746,42.373427],[-71.1172443,42.3734215],[-71.1170655,42.3733913],[-71.1171275,42.3731857]]]}},{"type":"Feature","id":29530710,"properties":{"osmId":29530710,"category":"academic","addr:housenumber":"20-20A","addr:street":"Prescott Street","building":"university"},"geometry":{"type":"Polygon","coordinates":[[[-71.1132841,42.3734034],[-71.113413,42.3734287],[-71.1133939,42.373497],[-71.113371,42.3734935],[-71.1133608,42.3735298],[-71.11343,42.3735405],[-71.1134328,42.3735304],[-71.1134915,42.3735394],[-71.1134862,42.3735584],[-71.1135525,42.3735748],[-71.1135618,42.3735416],[-71.1135487,42.3735396],[-71.1135632,42.3734877],[-71.1135777,42.37349],[-71.1135993,42.3734128],[-71.1137396,42.3734345],[-71.113665,42.3737001],[-71.1136127,42.373692],[-71.113617,42.3736774],[-71.1136002,42.3736748],[-71.1135932,42.3736996],[-71.1135194,42.3736882],[-71.1135267,42.3736624],[-71.1132129,42.3735798],[-71.1132841,42.3734034]]]}},{"type":"Feature","id":29530712,"properties":{"osmId":29530712,"category":"residential","addr:city":"Cambridge","addr:housenumber":"6","addr:place":"Harvard Yard","addr:postcode":"02138","addr:state":"MA","building":"dormitory","building:levels":"2","name":"Wigglesworth Hall J–K","roof:levels":"1","_wikiTried":true},"geometry":{"type":"Polygon","coordinates":[[[-71.1177564,42.3731884],[-71.1179985,42.3732526],[-71.1179563,42.3733482],[-71.1177033,42.3732829],[-71.1177564,42.3731884]]]}},{"type":"Feature","id":29530754,"properties":{"osmId":29530754,"category":"residential","addr:city":"Cambridge","addr:housenumber":"6","addr:place":"Harvard Yard","addr:postcode":"02138","addr:state":"MA","building":"dormitory","name":"Wigglesworth Hall A–D","_wikiTried":true},"geometry":{"type":"Polygon","coordinates":[[[-71.1159409,42.3727017],[-71.1162695,42.3727925],[-71.1165655,42.3728743],[-71.1165195,42.3729652],[-71.1164389,42.3729429],[-71.1162824,42.3728997],[-71.1162492,42.3728905],[-71.1162276,42.3728846],[-71.1161689,42.3728683],[-71.1159946,42.3728202],[-71.1158948,42.3727926],[-71.1159409,42.3727017]]]}},{"type":"Feature","id":29530799,"properties":{"osmId":29530799,"category":"academic","addr:housenumber":"6;8","addr:street":"Linden Street","building":"university","name":"Art Studios","_wikiTried":true},"geometry":{"type":"Polygon","coordinates":[[[-71.1172308,42.3721288],[-71.1173589,42.3721622],[-71.1172727,42.3723543],[-71.1171943,42.3723333],[-71.1171705,42.3723847],[-71.1172481,42.3724039],[-71.1172206,42.3724661],[-71.117042,42.3724269],[-71.1170461,42.3724175],[-71.1166696,42.3723176],[-71.1167189,42.3722062],[-71.1171121,42.3723002],[-71.1171198,42.3722835],[-71.1171596,42.3722921],[-71.1172308,42.3721288]]]}},{"type":"Feature","id":29530805,"properties":{"osmId":29530805,"category":"academic","addr:housenumber":"10","addr:street":"Linden Street","building":"university","name":"Apthorp House","_wikiTried":true},"geometry":{"type":"Polygon","coordinates":[[[-71.1169095,42.3721166],[-71.1169504,42.3721242],[-71.1169626,42.3721012],[-71.1171503,42.3721491],[-71.1171217,42.3722111],[-71.1171542,42.3722195],[-71.1171447,42.3722351],[-71.117114,42.3722265],[-71.1170926,42.3722699],[-71.1168582,42.3722158],[-71.1168731,42.3721748],[-71.1168774,42.3721756],[-71.1168927,42.3721415],[-71.1168982,42.3721423],[-71.1169095,42.3721166]]]}},{"type":"Feature","id":29530807,"properties":{"osmId":29530807,"category":"residential","addr:housenumber":"2","addr:street":"Prescott Street","building":"dormitory","name":"Hurlbut Hall","_wikiTried":true},"geometry":{"type":"Polygon","coordinates":[[[-71.1138088,42.3720227],[-71.1138695,42.3720385],[-71.1138713,42.3720498],[-71.1139597,42.3720719],[-71.1139885,42.3720704],[-71.114072,42.3720972],[-71.1140718,42.3721031],[-71.1141246,42.3721165],[-71.1141222,42.372124],[-71.1141336,42.3721267],[-71.1140911,42.3722732],[-71.1140416,42.3722672],[-71.1140163,42.3722342],[-71.1140016,42.3722382],[-71.1139174,42.3722139],[-71.1139055,42.3721869],[-71.1138659,42.372177],[-71.1138744,42.3721586],[-71.1138386,42.3721483],[-71.1138351,42.3721553],[-71.1137399,42.3721305],[-71.1137551,42.3720991],[-71.1137594,42.3720976],[-71.1137714,42.3720693],[-71.1137877,42.3720708],[-71.1137896,42.3720663],[-71.1137939,42.3720656],[-71.1138025,42.372054],[-71.113808,42.3720413],[-71.1138019,42.3720359],[-71.1138016,42.3720293],[-71.1138074,42.3720277],[-71.1138088,42.3720227]]]}},{"type":"Feature","id":29530809,"properties":{"osmId":29530809,"category":"residential","addr:housenumber":"387;389","addr:street":"Harvard Street","building":"dormitory","name":"Pennypacker Hall","_wikiTried":true},"geometry":{"type":"Polygon","coordinates":[[[-71.1134757,42.3719291],[-71.1135874,42.3719599],[-71.1135837,42.3719672],[-71.1136556,42.3719864],[-71.1136595,42.3719796],[-71.1137682,42.3720086],[-71.1137397,42.3720843],[-71.1136934,42.3720727],[-71.1136625,42.3721489],[-71.1136998,42.3721572],[-71.1136953,42.372168],[-71.1136705,42.3722254],[-71.1134492,42.3721679],[-71.1134391,42.3721869],[-71.1133596,42.3721678],[-71.1133986,42.3720869],[-71.1134039,42.3720873],[-71.1134616,42.3719718],[-71.1134571,42.3719705],[-71.1134757,42.3719291]]]}},{"type":"Feature","id":29530877,"properties":{"osmId":29530877,"category":"academic","addr:housenumber":"34","addr:street":"Mount Auburn Street","building":"university"},"geometry":{"type":"Polygon","coordinates":[[[-71.1158915,42.370707],[-71.1159915,42.3707422],[-71.1159711,42.3707742],[-71.1160631,42.3708064],[-71.116087,42.3707691],[-71.116145,42.3707894],[-71.1160644,42.3709156],[-71.1159272,42.3708675],[-71.1159172,42.3708833],[-71.1158043,42.3708437],[-71.1158915,42.370707]]]}},{"type":"Feature","id":29530908,"properties":{"osmId":29530908,"category":"academic","access":"private","addr:housenumber":"32","addr:state":"MA","addr:street":"Mill Street","building":"university","building:levels":"4","ele":"4","gnis:feature_id":"1971292","name":"Gore Hall","private":"students","roof:levels":"1","source":"USGS Geonames","university":"residential","wikidata":"Q16972655","wikipedia":"en:Gore Hall","_wikiTried":true},"geometry":{"type":"Polygon","coordinates":[[[-71.1183891,42.3698996],[-71.1185317,42.3699351],[-71.1185284,42.3699423],[-71.1184009,42.3702218],[-71.1189463,42.3703576],[-71.1190742,42.3700771],[-71.1190823,42.37006],[-71.1192318,42.3700972],[-71.1192253,42.3701115],[-71.1190431,42.3705103],[-71.1189098,42.3704771],[-71.1189178,42.3704596],[-71.1183687,42.370323],[-71.118359,42.3703444],[-71.118204,42.3703058],[-71.1183891,42.3698996]]]}},{"type":"Feature","id":29530910,"properties":{"osmId":29530910,"category":"academic","addr:city":"Cambridge","addr:housenumber":"111","addr:postcode":"02138","addr:state":"MA","addr:street":"Plympton Street","alt_name":"Winthrop Faculty Dean's Residence;Blyth House","architect":"Eugene T. Harrington","building":"university","building:levels":"2","construction_date":"1899","name":"Blyth Building","name:etymology":"Stephen James Blyth","name:etymology:wikidata":"Q102235281","name:etymology:wikipedia":"en:Stephen Blyth","old_addr:city":"Cambridge","old_addr:housenumber":"11","old_addr:street":"Riverview Avenue","old_name":"11 Riverview","roof:levels":"1","start_date":"1932","university":"residential","_wikiTried":true},"geometry":{"type":"Polygon","coordinates":[[[-71.1180873,42.369829],[-71.118177,42.3698519],[-71.1181646,42.3698787],[-71.1182165,42.3698919],[-71.1181715,42.3699886],[-71.11803,42.3699525],[-71.1180873,42.369829]]]}},{"type":"Feature","id":29532204,"properties":{"osmId":29532204,"category":"religious","addr:housenumber":"179","addr:street":"Summer Street","building":"yes"},"geometry":{"type":"Polygon","coordinates":[[[-71.1073252,42.3872404],[-71.1074497,42.3872894],[-71.1073173,42.3874727],[-71.1071928,42.3874237],[-71.1073252,42.3872404]]]}},{"type":"Feature","id":29532318,"properties":{"osmId":29532318,"category":"medical","addr:housenumber":"26","addr:street":"Central Street","building":"hospital"},"geometry":{"type":"Polygon","coordinates":[[[-71.1059888,42.384832],[-71.1061022,42.3848721],[-71.1060943,42.3848843],[-71.1063341,42.3849691],[-71.106251,42.3850973],[-71.1060493,42.385026],[-71.1059486,42.3851813],[-71.1060346,42.3852118],[-71.1059789,42.3852977],[-71.1057519,42.3852174],[-71.1058793,42.3850207],[-71.1058688,42.385017],[-71.1059888,42.384832]]]}},{"type":"Feature","id":29532905,"properties":{"osmId":29532905,"category":"residential","addr:city":"Cambridge","addr:housenumber":"7","addr:postcode":"02138","addr:state":"MA","addr:street":"Sumner Road","architect":"Hamilton Harlow","architect:wikidata":"Q114458302","architect:wikipedia":"en:Hamilton Harlow","building":"apartments","construction_date":"1917","name":"7 Sumner Road","operator":"Harvard Graduate School of Design","start_date":"1976","university":"office","_wikiTried":true},"geometry":{"type":"Polygon","coordinates":[[[-71.1127737,42.3758225],[-71.1128486,42.375832],[-71.1128585,42.3758496],[-71.1129358,42.3758598],[-71.1129431,42.3758284],[-71.1129528,42.3758271],[-71.1130402,42.3758388],[-71.1130087,42.3759799],[-71.1128815,42.3759637],[-71.1128846,42.3759433],[-71.1127971,42.375932],[-71.1127924,42.3759522],[-71.1126609,42.3759364],[-71.1126898,42.3758212],[-71.112758,42.3758304],[-71.1127737,42.3758225]]]}},{"type":"Feature","id":29533491,"properties":{"osmId":29533491,"category":"religious","addr:city":"Cambridge","addr:housenumber":"114","addr:postcode":"02139","addr:state":"MA","addr:street":"Inman Street","building":"church","ele":"5","gnis:feature_id":"1971662","old_name":"Portuguese Baptist Church","religion":"christian","roof:colour":"black"},"geometry":{"type":"Polygon","coordinates":[[[-71.1005562,42.3724837],[-71.1007945,42.3725747],[-71.1007291,42.3726683],[-71.1004907,42.3725773],[-71.1005562,42.3724837]]]}},{"type":"Feature","id":29537595,"properties":{"osmId":29537595,"category":"athletic","addr:housenumber":"101","addr:street":"Highland Avenue","brand":"YMCA","building":"yes","building:levels":"4","leisure":"sports_centre","name":"YMCA","wikidata":"Q133133809","_wikiTried":true},"geometry":{"type":"Polygon","coordinates":[[[-71.0992228,42.3871313],[-71.0994273,42.3872068],[-71.0992752,42.3874315],[-71.0992995,42.3874405],[-71.0992259,42.3875492],[-71.0989737,42.3874561],[-71.09911,42.3872546],[-71.099146,42.3872679],[-71.0991799,42.3872178],[-71.0991674,42.3872132],[-71.0992228,42.3871313]]]}},{"type":"Feature","id":29538253,"properties":{"osmId":29538253,"category":"religious","addr:housenumber":"8","addr:street":"Tremont Street","alt_name":"Tremon Street Shul","amenity":"place_of_worship","building":"yes","check_date":"2025-01-17","denomination":"conservative","name":"Temple Beth Shalom","religion":"jewish","website":"https://www.tremontstreetshul.org/","_wikiTried":true},"geometry":{"type":"Polygon","coordinates":[[[-71.0992352,42.3692178],[-71.0994735,42.3693004],[-71.0994066,42.3694057],[-71.0991683,42.369323],[-71.0992352,42.3692178]]]}},{"type":"Feature","id":29579219,"properties":{"osmId":29579219,"category":"academic","addr:city":"Boston","addr:postcode":"02163","addr:state":"MA","addr:street":"Soldiers Field","building":"university","ele":"3","gnis:feature_id":"1971539","name":"Mellon Hall","source":"MassGIS Buildings (http://www.mass.gov/mgis/lidarbuildingfp2d.htm);USGS Geonames","website":"https://www.hbs.edu/about/campus-and-culture/campus-built-on-philanthropy/Pages/mellon-hall.aspx","_wikiTried":true},"geometry":{"type":"Polygon","coordinates":[[[-71.1210441,42.3673879],[-71.1210485,42.3674192],[-71.1211641,42.3674156],[-71.1212773,42.3674114],[-71.1212774,42.3674046],[-71.1213941,42.3674052],[-71.1215108,42.3674076],[-71.1216264,42.3674112],[-71.1217378,42.3674162],[-71.121737,42.3674227],[-71.1218534,42.367433],[-71.1219607,42.3674429],[-71.1219691,42.3674093],[-71.1220758,42.3674238],[-71.1220477,42.3675402],[-71.1219455,42.3675282],[-71.121831,42.367518],[-71.1217288,42.3675093],[-71.1217278,42.3675134],[-71.1216287,42.3675089],[-71.121505,42.3675058],[-71.1213908,42.3675049],[-71.1212759,42.3675045],[-71.1212755,42.3674983],[-71.1211711,42.3675024],[-71.1209566,42.3675154],[-71.1209381,42.3673962],[-71.1210441,42.3673879]]]}},{"type":"Feature","id":29580900,"properties":{"osmId":29580900,"category":"athletic","addr:city":"Boston","addr:housenumber":"780","addr:postcode":"02163","addr:state":"MA","addr:street":"Soldiers Field Road","building":"yes","ele":"2","gnis:feature_id":"1971631","leisure":"sports_centre","name":"Palmer Dixon Indoor Tennis Courts","source":"USGS Geonames","sport":"tennis","website":"https://gocrimson.com/sports/2020/5/5/information-facilities-palmerdixon.aspx","_wikiTried":true},"geometry":{"type":"Polygon","coordinates":[[[-71.1267067,42.3686942],[-71.1267428,42.3687136],[-71.1268051,42.3687471],[-71.1268456,42.3687057],[-71.127108,42.3688467],[-71.1270675,42.3688882],[-71.12715,42.3689326],[-71.1270023,42.3690836],[-71.1270228,42.3690947],[-71.1269826,42.3691357],[-71.1269622,42.3691247],[-71.1267999,42.3692905],[-71.1263927,42.3690715],[-71.1265536,42.368907],[-71.1265208,42.3688894],[-71.1265617,42.3688475],[-71.1265945,42.3688652],[-71.1266979,42.3687594],[-71.1266619,42.36874],[-71.1267067,42.3686942]]]}},{"type":"Feature","id":29582488,"properties":{"osmId":29582488,"category":"academic","addr:housenumber":"12-12.5","addr:street":"Grant Street","building":"university"},"geometry":{"type":"Polygon","coordinates":[[[-71.1154047,42.3693183],[-71.1155131,42.3693464],[-71.1154695,42.3694382],[-71.1154515,42.3694335],[-71.1154375,42.369463],[-71.1153941,42.3694518],[-71.1153812,42.3694548],[-71.1153619,42.3694505],[-71.1153564,42.3694414],[-71.1153473,42.369439],[-71.1154047,42.3693183]]]}},{"type":"Feature","id":29583816,"properties":{"osmId":29583816,"category":"academic","addr:city":"Cambridge","addr:housenumber":"28","addr:postcode":"02138","addr:state":"MA","addr:street":"DeWolfe Street","building":"university","building:levels":"11","name":"Leverett G Tower","_wikiTried":true},"geometry":{"type":"Polygon","coordinates":[[[-71.1160544,42.3691382],[-71.1160748,42.3691354],[-71.1162296,42.3691823],[-71.1161054,42.3694486],[-71.1159203,42.3694075],[-71.1159904,42.369273],[-71.1160544,42.3691382]]]}},{"type":"Feature","id":29584776,"properties":{"osmId":29584776,"category":"academic","addr:housenumber":"78","addr:street":"Oxford Street","building":"yes"},"geometry":{"type":"Polygon","coordinates":[[[-71.1159864,42.3820288],[-71.1161052,42.3820355],[-71.1160928,42.3821568],[-71.1159734,42.3821501],[-71.1159756,42.3821287],[-71.1158392,42.3821211],[-71.1158477,42.3820384],[-71.1159846,42.382046],[-71.1159864,42.3820288]]]}},{"type":"Feature","id":29586785,"properties":{"osmId":29586785,"category":"academic","addr:housenumber":"82","addr:street":"Oxford Street","building":"yes"},"geometry":{"type":"Polygon","coordinates":[[[-71.1159251,42.3822328],[-71.1160508,42.3822343],[-71.1160488,42.3823257],[-71.1159231,42.3823242],[-71.1159251,42.3822328]]]}},{"type":"Feature","id":29588302,"properties":{"osmId":29588302,"category":"religious","addr:city":"Cambridge","addr:housenumber":"8","addr:postcode":"02139","addr:state":"MA","addr:street":"Inman Street","amenity":"place_of_worship","building":"yes","denomination":"antiochian_orthodox","ele":"8","gnis:feature_id":"1971726","name":"Saint Mary Orthodox Church","phone":"+1 617 547 1234","religion":"christian","website":"https://www.stmaryorthodoxchurch.org/","wikidata":"Q133251704","_wikiTried":true},"geometry":{"type":"Polygon","coordinates":[[[-71.1048585,42.3666441],[-71.1049256,42.3666834],[-71.1051997,42.3668435],[-71.1050719,42.3669629],[-71.1047975,42.3668025],[-71.1048196,42.3667818],[-71.1047667,42.3667509],[-71.1048071,42.3667132],[-71.1047771,42.3666957],[-71.1048107,42.3666642],[-71.1048269,42.3666737],[-71.1048585,42.3666441]]]}},{"type":"Feature","id":29591215,"properties":{"osmId":29591215,"category":"religious","addr:housenumber":"22","addr:street":"Rev Nazareno Properzi Way","building":"church"},"geometry":{"type":"Polygon","coordinates":[[[-71.1052395,42.3820349],[-71.1053485,42.3820613],[-71.1053216,42.3821224],[-71.1052383,42.3821022],[-71.1052321,42.3821167],[-71.1051798,42.382104],[-71.1051965,42.3820659],[-71.105223,42.3820723],[-71.1052395,42.3820349]]]}},{"type":"Feature","id":29628661,"properties":{"osmId":29628661,"category":"academic","building":"school"},"geometry":{"type":"Polygon","coordinates":[[[-71.1328197,42.3899723],[-71.1335319,42.3900948],[-71.1334755,42.3902749],[-71.1332336,42.3902332],[-71.1332559,42.3901621],[-71.133188,42.3901504],[-71.1331838,42.3901639],[-71.1330834,42.3901467],[-71.1328345,42.3901041],[-71.1328197,42.3899723]]]}},{"type":"Feature","id":29628700,"properties":{"osmId":29628700,"category":"academic","addr:housenumber":"101","addr:street":"Brattle Street","building":"yes","wikidata":"Q7087589"},"geometry":{"type":"Polygon","coordinates":[[[-71.1257575,42.3767109],[-71.1259076,42.376746],[-71.1258832,42.3768034],[-71.1259287,42.376814],[-71.1258985,42.3768851],[-71.1256464,42.3768261],[-71.1256775,42.376753],[-71.1257339,42.3767661],[-71.1257575,42.3767109]]]}},{"type":"Feature","id":29629077,"properties":{"osmId":29629077,"category":"residential","addr:housenumber":"15","addr:postcode":"02138-2742","addr:street":"Everett Street","building":"dormitory","building:levels":"4","name":"Terry Terrace","_wikiTried":true},"geometry":{"type":"Polygon","coordinates":[[[-71.1185836,42.3802549],[-71.1185866,42.3802147],[-71.1185917,42.3801473],[-71.1185363,42.3801451],[-71.1185437,42.3800475],[-71.1187997,42.380058],[-71.1187923,42.3801555],[-71.1187538,42.3801539],[-71.1187468,42.3802465],[-71.118767,42.3802473],[-71.1187644,42.3802809],[-71.1187803,42.3802815],[-71.1187739,42.3803664],[-71.1185862,42.3803586],[-71.118594,42.3802554],[-71.1185836,42.3802549]]]}},{"type":"Feature","id":29629986,"properties":{"osmId":29629986,"category":"residential","addr:housenumber":"1173;1201","addr:street":"Massachusetts Avenue","building":"dormitory","building:levels":"4","roof:levels":"0","roof:shape":"hipped"},"geometry":{"type":"Polygon","coordinates":[[[-71.11469,42.3716848],[-71.1147926,42.3717404],[-71.1147864,42.3717465],[-71.1150137,42.3719235],[-71.1150199,42.3719205],[-71.11511,42.3719968],[-71.1150315,42.3720791],[-71.1149492,42.3721711],[-71.1148337,42.3721392],[-71.1148443,42.3721166],[-71.114421,42.3720018],[-71.1144021,42.3720239],[-71.1142973,42.3719705],[-71.1142989,42.3719686],[-71.1143003,42.3719661],[-71.1142987,42.3719633],[-71.1143003,42.3719603],[-71.114383,42.3718676],[-71.1144978,42.3719268],[-71.1146349,42.3717812],[-71.1146174,42.3717726],[-71.11469,42.3716848]]]}},{"type":"Feature","id":29630148,"properties":{"osmId":29630148,"category":"religious","addr:city":"Cambridge","addr:housenumber":"234","addr:postcode":"02139","addr:street":"Franklin Street","amenity":"place_of_worship","building":"yes","check_date":"2025-10-30","denomination":"nazarene","ele":"5","name":"Cambridge First Church of the Nazarene","phone":"+16173545065","religion":"christian","website":"https://www.cambridgenazarene.org/","_wikiTried":true},"geometry":{"type":"Polygon","coordinates":[[[-71.1044489,42.3636839],[-71.1046102,42.3637795],[-71.104505,42.3638764],[-71.1044895,42.3638673],[-71.1043925,42.3639566],[-71.1042663,42.3638818],[-71.1043682,42.3637879],[-71.1043486,42.3637763],[-71.1044489,42.3636839]]]}},{"type":"Feature","id":29630167,"properties":{"osmId":29630167,"category":"academic","access":"private","addr:city":"Cambridge","addr:housenumber":"58","addr:postcode":"02138","addr:state":"MA","addr:street":"Plympton Street","alt_addr:housenumber":"7;9;9A;17;19","alt_addr:street":"DeWolfe Street","architect":"Shepley, Bulfinch, Richardson, and Abbott","architect:wikidata":"Q17061092","architect:wikipedia":"en:Shepley Bulfinch","building":"university","building:levels":"8","building:levels:underground":"1","construction_date":"1958","ele":"5","gnis:feature_id":"1971671","layer":"1","max_level":"7","min_level":"-1","name":"New Quincy","operator":"Harvard University","private":"students","source":"USGS Geonames","start_date":"1959","university":"residential","_wikiTried":true},"geometry":{"type":"Polygon","coordinates":[[[-71.1165687,42.3705797],[-71.116708,42.3703466],[-71.1167741,42.3702345],[-71.1168232,42.3701513],[-71.1169796,42.3702035],[-71.1169686,42.3702225],[-71.1168866,42.3703624],[-71.1169333,42.3703783],[-71.1169556,42.3703424],[-71.1170196,42.3703621],[-71.1170803,42.3703818],[-71.1170145,42.3704924],[-71.1168903,42.3704509],[-71.1169117,42.3704146],[-71.1168648,42.3703986],[-71.1167986,42.3705107],[-71.1167889,42.3705081],[-71.1167206,42.3706231],[-71.1167243,42.3706241],[-71.1166401,42.3707656],[-71.1166246,42.3707545],[-71.1165936,42.370806],[-71.1165602,42.3708633],[-71.1165782,42.370869],[-71.1165343,42.3709431],[-71.1166514,42.370981],[-71.1166565,42.3709721],[-71.1167532,42.3710045],[-71.1169005,42.3710516],[-71.1169166,42.3710535],[-71.1170912,42.3711146],[-71.1171273,42.3711268],[-71.1170411,42.3712726],[-71.1164562,42.3711287],[-71.1165723,42.3711184],[-71.1165822,42.3711055],[-71.116466,42.3710704],[-71.1164622,42.3710765],[-71.1164407,42.3710687],[-71.116322,42.3710295],[-71.1163051,42.3710189],[-71.1163219,42.3709916],[-71.116314,42.3709888],[-71.1163473,42.3709354],[-71.1163543,42.3709374],[-71.1163802,42.370897],[-71.1163754,42.3708952],[-71.1165687,42.3705797]]]}},{"type":"Feature","id":29630204,"properties":{"osmId":29630204,"category":"residential","addr:housenumber":"3","addr:street":"Sacramento Street","building":"dormitory","building:levels":"2","roof:levels":"1","roof:shape":"hipped","wikidata":"Q6104541"},"geometry":{"type":"Polygon","coordinates":[[[-71.1189829,42.3827179],[-71.119189,42.382719],[-71.1191886,42.3827539],[-71.1192421,42.3827542],[-71.1192416,42.3828106],[-71.1192299,42.3828106],[-71.1192296,42.3828371],[-71.1191567,42.3828367],[-71.1191568,42.3828246],[-71.1191325,42.3828244],[-71.1191321,42.3828723],[-71.1190757,42.382872],[-71.1190762,42.3828182],[-71.1189816,42.3828177],[-71.1189817,42.3828034],[-71.1189656,42.3827931],[-71.1189648,42.3827687],[-71.1189825,42.3827602],[-71.1189829,42.3827179]]]}},{"type":"Feature","id":29630925,"properties":{"osmId":29630925,"category":"residential","addr:city":"Cambridge","addr:housenumber":"13","addr:place":"Harvard Yard","addr:postcode":"02138","addr:state":"MA","building":"dormitory","ele":"9","gnis:feature_id":"1971362","name":"Hollis Hall","source":"USGS Geonames","_wikiTried":true},"geometry":{"type":"Polygon","coordinates":[[[-71.1178232,42.374868],[-71.118001,42.3748992],[-71.1179101,42.3751909],[-71.1177325,42.3751613],[-71.1178232,42.374868]]]}},{"type":"Feature","id":29631212,"properties":{"osmId":29631212,"category":"academic","addr:housenumber":"15","addr:state":"MA","addr:street":"Eliot Street","building":"university","ele":"6","gnis:feature_id":"1971800","name":"Taubman Building","other_source":"USGS Geonames","_wikiTried":true},"geometry":{"type":"Polygon","coordinates":[[[-71.1222249,42.371621],[-71.1223776,42.3716882],[-71.1224164,42.3717052],[-71.1224195,42.3717154],[-71.122166,42.3720193],[-71.1221305,42.3720052],[-71.122095,42.3719963],[-71.122051,42.3719906],[-71.1220058,42.3719886],[-71.1219689,42.3719938],[-71.1219267,42.3720044],[-71.1219002,42.3720136],[-71.121876,42.3720245],[-71.121703,42.3718402],[-71.1217446,42.3718184],[-71.1218727,42.3717508],[-71.1218939,42.3717404],[-71.1219475,42.3718036],[-71.1219653,42.3718245],[-71.1219825,42.3718174],[-71.1220087,42.3718136],[-71.1220296,42.3718135],[-71.122053,42.3718199],[-71.1220588,42.3718116],[-71.1221092,42.3717519],[-71.1222036,42.3716399],[-71.1222079,42.3716416],[-71.1222249,42.371621]]]}},{"type":"Feature","id":29631529,"properties":{"osmId":29631529,"category":"religious","addr:housenumber":"38;40","addr:street":"Banks Street","amenity":"place_of_worship","building":"yes","name":"Harvard Chabad","religion":"jewish","website":"https://www.harvardchabad.org/","_wikiTried":true},"geometry":{"type":"Polygon","coordinates":[[[-71.1143615,42.369571],[-71.1144923,42.3695824],[-71.1144813,42.3696509],[-71.1143503,42.3696394],[-71.114352,42.3696293],[-71.1142835,42.3696233],[-71.1142912,42.3695751],[-71.1143599,42.369581],[-71.1143615,42.369571]]]}},{"type":"Feature","id":29631713,"properties":{"osmId":29631713,"category":"academic","addr:housenumber":"1515","addr:postcode":"02138-2903","addr:street":"Massachusetts Avenue","building":"university","check_date":"2025-07-27","ele":"7","gnis:feature_id":"1971352","leisure":"sports_centre","name":"Hemenway Gym","source":"USGS Geonames","_wikiTried":true},"geometry":{"type":"Polygon","coordinates":[[[-71.1195561,42.3768169],[-71.1195662,42.376843],[-71.1196276,42.37683],[-71.1197406,42.3771219],[-71.1194863,42.3771756],[-71.1193742,42.376886],[-71.1194344,42.3768732],[-71.1194234,42.3768449],[-71.1195561,42.3768169]]]}},{"type":"Feature","id":29631733,"properties":{"osmId":29631733,"category":"academic","addr:housenumber":"45","addr:state":"MA","addr:street":"North Harvard Street","building":"university","ele":"3","gnis:feature_id":"1971036","name":"Lavietes Basketball Pavillion","source":"USGS Geonames","_wikiTried":true},"geometry":{"type":"Polygon","coordinates":[[[-71.1252511,42.3679014],[-71.1257406,42.3681637],[-71.1253843,42.3685266],[-71.1248948,42.3682643],[-71.1252511,42.3679014]]]}},{"type":"Feature","id":29631876,"properties":{"osmId":29631876,"category":"religious","addr:city":"Cambridge","addr:housenumber":"35;37","addr:postcode":"02139","addr:state":"MA","addr:street":"Magazine Street","amenity":"place_of_worship","building":"church","check_date":"2025-05-17","denomination":"methodist","ele":"6","gnis:feature_id":"1971245","name":"First Korean Church","religion":"christian","website":"http://firstkoreanchurch.org/","wikidata":"Q133250738","_wikiTried":true},"geometry":{"type":"Polygon","coordinates":[[[-71.1067491,42.3632005],[-71.1070429,42.363377],[-71.1068965,42.36351],[-71.1066027,42.3633335],[-71.1067491,42.3632005]]]}},{"type":"Feature","id":29632062,"properties":{"osmId":29632062,"category":"academic","addr:housenumber":"53","addr:street":"Bow Street","building":"university","name":"Randolph Hall","_wikiTried":true},"geometry":{"type":"Polygon","coordinates":[[[-71.1169437,42.3716799],[-71.1174935,42.371813],[-71.1173709,42.3720894],[-71.1172721,42.3720655],[-71.1173602,42.3718669],[-71.1172219,42.3718334],[-71.1172099,42.3718605],[-71.1170987,42.3718336],[-71.1171092,42.3718099],[-71.1169955,42.3717824],[-71.1168283,42.3721593],[-71.1167404,42.372138],[-71.1169437,42.3716799]]]}},{"type":"Feature","id":29632124,"properties":{"osmId":29632124,"category":"academic","addr:housenumber":"37","addr:state":"MA","addr:street":"Mellen Street","building":"university","ele":"6","gnis:feature_id":"1971284","name":"Glennon Building","source":"USGS Geonames","_wikiTried":true},"geometry":{"type":"Polygon","coordinates":[[[-71.1165394,42.3808398],[-71.1167236,42.3808451],[-71.1167175,42.3809613],[-71.1165871,42.3809575],[-71.1165882,42.3809368],[-71.1165344,42.3809353],[-71.1165394,42.3808398]]]}},{"type":"Feature","id":29632316,"properties":{"osmId":29632316,"category":"religious","addr:city":"Somerville","addr:housenumber":"12","addr:postcode":"02143","addr:state":"MA","addr:street":"Properzi Way","amenity":"place_of_worship","building":"church","check_date":"2025-08-05","denomination":"roman_catholic","ele":"4","gnis:feature_id":"1971711","name":"Saint Anthony of Padua Parish","religion":"christian","_wikiTried":true},"geometry":{"type":"Polygon","coordinates":[[[-71.1046528,42.3824271],[-71.1047256,42.3822632],[-71.1048949,42.3823045],[-71.1048707,42.3823589],[-71.1051686,42.3824316],[-71.10512,42.3825411],[-71.1046528,42.3824271]]]}},{"type":"Feature","id":29632690,"properties":{"osmId":29632690,"category":"academic","access":"private","addr:city":"Cambridge","addr:housenumber":"58","addr:postcode":"02138","addr:state":"MA","addr:street":"Plympton Street","architect":"Coolidge, Shepley, Bulfinch, and Abbott","architect:renovation":"KieranTimberlake","architect:renovation:wikidata":"Q6405334","architect:renovation:wikipedia":"en:KieranTimberlake","architect:wikidata":"Q17061092","architect:wikipedia":"en:Shepley Bulfinch","building":"university","building:architecture":"neo-georgian","building:levels":"4","building:levels:underground":"1","ele":"5","gnis:feature_id":"1971516","max_level":"3","min_level":"-1","name":"Stone Hall","name:etymology":"Robert G. Stone Jr.","name:etymology:url":"https://www.thecrimson.com/article/2006/4/20/robert-g-stone-jr-45-47-who/","old_name":"Old Quincy;Mather Hall","private":"students","renovation_date":"2013","source":"USGS Geonames;local knowledge","start_date":"1930","university":"residential","wheelchair":"yes","_wikiTried":true},"geometry":{"type":"Polygon","coordinates":[[[-71.117263,42.3701843],[-71.1175164,42.370246],[-71.1175268,42.3702458],[-71.1176419,42.3702794],[-71.1175356,42.3704779],[-71.1175306,42.3704814],[-71.1174073,42.3706874],[-71.1174006,42.3706857],[-71.1172885,42.3708649],[-71.1172822,42.3708751],[-71.1172588,42.3708684],[-71.1172478,42.3708651],[-71.1172361,42.3708615],[-71.1171768,42.370842],[-71.1171634,42.3708315],[-71.1169617,42.3707661],[-71.1170257,42.3706637],[-71.1170729,42.3706809],[-71.1171836,42.3707173],[-71.117194,42.3707207],[-71.1172126,42.3707268],[-71.1172361,42.3706827],[-71.1172894,42.3706044],[-71.1173324,42.3705363],[-71.1173736,42.3704686],[-71.1174338,42.3703633],[-71.1174469,42.3703377],[-71.1173202,42.3703095],[-71.1172512,42.3702907],[-71.1172553,42.3702826],[-71.1172113,42.3702728],[-71.117263,42.3701843]]]}},{"type":"Feature","id":29632867,"properties":{"osmId":29632867,"category":"academic","addr:housenumber":"99-4","addr:street":"Brattle Street","building":"yes","name":"Lawrence Hall","_wikiTried":true},"geometry":{"type":"Polygon","coordinates":[[[-71.125182,42.3764989],[-71.125317,42.3765341],[-71.1251102,42.3769704],[-71.1249751,42.3769352],[-71.125182,42.3764989]]]}},{"type":"Feature","id":29633051,"properties":{"osmId":29633051,"category":"academic","addr:city":"Cambridge","addr:housenumber":"107","addr:postcode":"02138","addr:state":"MA","addr:street":"Walker Street","building":"university","name":"Cabot Faculty Dean's Residence","old_name":"Cabot Master's Residence","_wikiTried":true},"geometry":{"type":"Polygon","coordinates":[[[-71.1233979,42.381804],[-71.1234694,42.3818933],[-71.123309,42.3819638],[-71.1232574,42.3818994],[-71.1233137,42.3818746],[-71.1232938,42.3818497],[-71.1233979,42.381804]]]}},{"type":"Feature","id":29633416,"properties":{"osmId":29633416,"category":"academic","addr:city":"Boston","addr:housenumber":"660","addr:postcode":"02163","addr:state":"MA","addr:street":"Soldiers Field","building":"university","ele":"3","gnis:feature_id":"1971283","name":"Glass Hall","source":"USGS Geonames","_wikiTried":true},"geometry":{"type":"Polygon","coordinates":[[[-71.1210143,42.3671725],[-71.1210401,42.3673523],[-71.1209345,42.3673606],[-71.120923,42.3672809],[-71.1209086,42.3671808],[-71.1210143,42.3671725]]]}},{"type":"Feature","id":29633562,"properties":{"osmId":29633562,"category":"academic","addr:city":"Cambridge","addr:housenumber":"8","addr:place":"Harvard Yard","addr:postcode":"02138","addr:state":"MA","building":"university","name":"Lehman Hall","old_name":"Dudley House","_wikiTried":true},"geometry":{"type":"Polygon","coordinates":[[[-71.1184424,42.3734165],[-71.1184949,42.3734793],[-71.1185096,42.3734725],[-71.1186592,42.3736514],[-71.1186444,42.3736582],[-71.1186997,42.3737243],[-71.1185267,42.3738032],[-71.1183994,42.3736509],[-71.11836,42.3736037],[-71.1182695,42.3734953],[-71.1184424,42.3734165]]]}},{"type":"Feature","id":29633581,"properties":{"osmId":29633581,"category":"academic","access":"permit","addr:city":"Cambridge","addr:housenumber":"29","addr:place":"Harvard Yard","addr:postcode":"02138","addr:state":"MA","amenity":"library","architect":"Perry, Shaw & Hepburn","architect:wikidata":"Q7169766","architect:wikipedia":"en:Perry Dean Rogers Architects","building":"university","contact:email":"houghton_library@harvard.edu","contact:phone":"+1 617-495-2440","ele":"11","gnis:feature_id":"1971375","name":"Houghton Library","name:etymology":"Arthur Amory Houghton Jr.","name:etymology:wikidata":"Q21553668","name:etymology:wikipedia":"en:Arthur A. Houghton Jr.","operator":"Harvard University","operator:type":"university","source":"USGS Geonames","start_date":"1942","website":"https://library.harvard.edu/libraries/houghton","wikidata":"Q3719374","wikipedia":"en:Houghton Library","_wikiTried":true},"geometry":{"type":"Polygon","coordinates":[[[-71.1158861,42.3730078],[-71.1161036,42.373045],[-71.1159977,42.3733783],[-71.1157796,42.37334],[-71.1158103,42.3732452],[-71.1158067,42.3732411],[-71.1158033,42.3732367],[-71.1158005,42.3732322],[-71.1157977,42.3732276],[-71.1157954,42.3732229],[-71.1157934,42.3732183],[-71.1157917,42.3732134],[-71.1157904,42.3732085],[-71.1157893,42.3732036],[-71.1157888,42.3731986],[-71.1157884,42.3731937],[-71.1157886,42.3731886],[-71.115789,42.3731837],[-71.1157897,42.3731787],[-71.1157909,42.3731738],[-71.1157923,42.3731689],[-71.1157942,42.3731641],[-71.1157963,42.3731594],[-71.1157987,42.3731548],[-71.1158016,42.3731502],[-71.1158046,42.3731458],[-71.1158081,42.3731415],[-71.1158118,42.3731374],[-71.1158159,42.3731333],[-71.1158201,42.3731295],[-71.1158247,42.3731258],[-71.1158295,42.3731223],[-71.1158345,42.3731191],[-71.1158446,42.3731117],[-71.1158566,42.3731044],[-71.1158861,42.3730078]]]}},{"type":"Feature","id":29633886,"properties":{"osmId":29633886,"category":"academic","addr:city":"Cambridge","addr:housenumber":"33","addr:postcode":"02138","addr:state":"MA","addr:street":"Kirkland Street","architect":"Minoru Yamasaki","architect:wikidata":"Q347215","architect:wikipedia":"en:Minoru Yamasaki","building":"university","building:architecture":"new_formalism","building:levels":"15","building:levels:underground":"2","ele":"65","faculty":"psychology;sociology;social_studies","gnis:feature_id":"1971869","height":"65.5","min_level":"-2","name":"William James Hall","name:etymology":"William James","name:etymology:wikidata":"Q125249","name:etymology:wikipedia":"en:William James","source":"USGS Geonames","source:height":"https://buildingops.wjh.harvard.edu/about","start_date":"1963","wikidata":"Q105393793","_wikiTried":true},"geometry":{"type":"Polygon","coordinates":[[[-71.1136942,42.3770064],[-71.1137695,42.3771997],[-71.1134852,42.3772602],[-71.1135082,42.3773193],[-71.1133795,42.3773467],[-71.1133567,42.3772881],[-71.1132118,42.3773189],[-71.1131362,42.3771251],[-71.1136942,42.3770064]]]}},{"type":"Feature","id":29634309,"properties":{"osmId":29634309,"category":"religious","addr:city":"Cambridge","addr:housenumber":"11","addr:postcode":"02138","addr:state":"MA","addr:street":"Garden Street","amenity":"place_of_worship","building":"church","check_date":"2025-06-26","denomination":"united_church_of_christ","ele":"8","email":"parishadmin@firstchurchcambridge.org","fax":"+1 617 354 4185","gnis:feature_id":"1971243","name":"First Church Cambridge","phone":"+1 617 547 2724","religion":"christian","website":"https://www.firstchurchcambridge.org/","wikidata":"Q133250733","_wikiTried":true},"geometry":{"type":"Polygon","coordinates":[[[-71.1231975,42.3763973],[-71.1232995,42.3765742],[-71.1233357,42.3765629],[-71.123351,42.3765895],[-71.1233831,42.3765794],[-71.1234168,42.3766379],[-71.1232505,42.3766902],[-71.1232609,42.3767082],[-71.1232066,42.3767253],[-71.1232012,42.3767158],[-71.1231138,42.3767433],[-71.1231288,42.3767695],[-71.123049,42.3767946],[-71.1230275,42.3767574],[-71.1229269,42.376789],[-71.1229009,42.376744],[-71.1227067,42.3768051],[-71.1226324,42.3766763],[-71.1226144,42.3766819],[-71.1225774,42.3766178],[-71.1226608,42.3765915],[-71.1226778,42.376621],[-71.1228045,42.3765811],[-71.1227807,42.3765398],[-71.1229194,42.3764961],[-71.1229139,42.3764866],[-71.1231975,42.3763973]]]}},{"type":"Feature","id":29634503,"properties":{"osmId":29634503,"category":"academic","access":"permit","addr:city":"Cambridge","addr:housenumber":"11","addr:postcode":"02138","addr:state":"MA","addr:street":"Quincy Street","amenity":"library","architect":"Coolidge, Shepley, Bulfinch, and Abbott","architect:wikidata":"Q17061092","architect:wikipedia":"en:Shepley Bulfinch","building":"university","check_date":"2025-09-07","contact:email":"lamcirc@fas.harvard.edu","contact:phone":"+1 617-495-2452","ele":"12","gnis:feature_id":"1971433","internet_access":"yes","name":"Lamont Library","name:etymology":"Thomas W. Lamont Jr.","name:etymology:wikidata":"Q3073519","name:etymology:wikipedia":"en:Thomas W. Lamont","opening_hours":"24/7","operator":"Harvard University","operator:type":"university","ref:isil":"US-mhlm","short_name":"Lamont","source":"USGS Geonames","start_date":"1948","website":"https://library.harvard.edu/libraries/lamont","wikidata":"Q6482212","wikipedia":"en:Lamont Library","_wikiTried":true},"geometry":{"type":"Polygon","coordinates":[[[-71.1152911,42.3725641],[-71.1157809,42.3726487],[-71.1157541,42.3727333],[-71.1158246,42.3727455],[-71.1158173,42.3727685],[-71.1157873,42.3728635],[-71.1157524,42.3729734],[-71.1153994,42.3729124],[-71.1153907,42.3729397],[-71.1153018,42.3729243],[-71.1152326,42.3729123],[-71.115242,42.3728825],[-71.1151316,42.3728634],[-71.1152031,42.3726374],[-71.1152645,42.372648],[-71.1152911,42.3725641]]]}},{"type":"Feature","id":29634530,"properties":{"osmId":29634530,"category":"academic","addr:housenumber":"1511","addr:postcode":"02138-2903","addr:state":"MA","addr:street":"Massachusetts Avenue","building":"university","building:levels":"2","ele":"7","gnis:feature_id":"1971273","name":"Gannett House","roof:levels":"1","source":"MassGIS Buildings (http://www.mass.gov/mgis/lidarbuildingfp2d.htm);USGS Geonames","_wikiTried":true},"geometry":{"type":"Polygon","coordinates":[[[-71.1193581,42.3766189],[-71.1193687,42.3766786],[-71.119382,42.3767536],[-71.1191581,42.3767752],[-71.1191498,42.3767283],[-71.1191428,42.3766888],[-71.1191343,42.3766406],[-71.1193581,42.3766189]]]}},{"type":"Feature","id":29634749,"properties":{"osmId":29634749,"category":"academic","addr:housenumber":"36","addr:street":"Concord Avenue","building":"university","building:levels":"2","operator":"Harvard University","roof:levels":"1"},"geometry":{"type":"Polygon","coordinates":[[[-71.1270778,42.3795119],[-71.1271411,42.3795485],[-71.1270957,42.3795916],[-71.1271368,42.3796155],[-71.1270698,42.3796791],[-71.1269416,42.3796049],[-71.1270098,42.3795404],[-71.1270332,42.379554],[-71.1270778,42.3795119]]]}},{"type":"Feature","id":29634754,"properties":{"osmId":29634754,"category":"academic","addr:housenumber":"33","addr:postcode":"02138-2933","addr:street":"Oxford Street","building":"university","building:levels":"4","building:material":"brick","height":"17","name":"Maxwell-Dworkin Building","roof:levels":"0","roof:shape":"flat","_wikiTried":true},"geometry":{"type":"Polygon","coordinates":[[[-71.1175687,42.3786268],[-71.1175877,42.3786829],[-71.1175647,42.3786871],[-71.1175733,42.3787126],[-71.1177486,42.3786804],[-71.1177858,42.3787906],[-71.1178139,42.3788741],[-71.1173905,42.3789519],[-71.1167967,42.3788714],[-71.1167899,42.3788513],[-71.1168467,42.3788408],[-71.1168288,42.3787876],[-71.116821,42.3787646],[-71.1173016,42.378676],[-71.1173443,42.3786682],[-71.1175687,42.3786268]]]}},{"type":"Feature","id":29635261,"properties":{"osmId":29635261,"category":"academic","addr:housenumber":"71-77","addr:street":"Dunster Street","building":"university"},"geometry":{"type":"Polygon","coordinates":[[[-71.1199752,42.3713144],[-71.1200998,42.3713621],[-71.120077,42.3713949],[-71.1201069,42.3714064],[-71.1200735,42.3714543],[-71.1200405,42.3714416],[-71.1200191,42.3714724],[-71.119937,42.3714409],[-71.1199306,42.3714503],[-71.1198911,42.3714352],[-71.1199002,42.3714224],[-71.1198881,42.3714178],[-71.1199033,42.371396],[-71.119915,42.3714003],[-71.1199486,42.3713522],[-71.1199322,42.3713459],[-71.1199463,42.3713257],[-71.1199629,42.371332],[-71.1199752,42.3713144]]]}},{"type":"Feature","id":29635639,"properties":{"osmId":29635639,"category":"residential","addr:housenumber":"37;41","addr:street":"Wendell Street","building":"apartments"},"geometry":{"type":"Polygon","coordinates":[[[-71.1164663,42.3816906],[-71.1169213,42.381713],[-71.1169086,42.381856],[-71.1167079,42.3818462],[-71.1167148,42.3817693],[-71.1166318,42.3817651],[-71.1166247,42.3818438],[-71.1164534,42.3818353],[-71.1164663,42.3816906]]]}},{"type":"Feature","id":29635775,"properties":{"osmId":29635775,"category":"academic","addr:city":"Cambridge","addr:housenumber":"48;50;52;54;56","addr:postcode":"02138","addr:state":"MA","addr:street":"Linnaean Street","architect":"Gourley & Richmond","building":"university","name":"Faculty Row","start_date":"1971","_wikiTried":true},"geometry":{"type":"Polygon","coordinates":[[[-71.1254141,42.3823466],[-71.1254774,42.3824206],[-71.125434,42.382441],[-71.1254693,42.3824822],[-71.1254026,42.3825135],[-71.1253608,42.3824645],[-71.1253038,42.3824913],[-71.1253317,42.3825239],[-71.1252651,42.3825553],[-71.1252294,42.3825136],[-71.1251809,42.3825364],[-71.1252189,42.3825808],[-71.1251512,42.3826127],[-71.1251207,42.382577],[-71.1250799,42.3825961],[-71.1251035,42.3826238],[-71.1249668,42.3826882],[-71.1248867,42.3825945],[-71.1254141,42.3823466]]]}},{"type":"Feature","id":29635778,"properties":{"osmId":29635778,"category":"religious","addr:city":"Cambridge","addr:housenumber":"24","addr:postcode":"02138","addr:state":"MA","addr:street":"Arrow Street","amenity":"place_of_worship","building":"yes","check_date":"2025-09-07","contact:facebook":"https://www.facebook.com/stpaulsharvardsquare","contact:youtube":"https://www.youtube.com/channel/UCK_T6HD2_ECYVVE3gjd9vdA","denomination":"roman_catholic","ele":"7","gnis:feature_id":"1971728","name":"Saint Paul Catholic Church","religion":"christian","website":"https://www.stpaulsharvardsquare.org/","wikidata":"Q7591236","wikipedia":"en:St. Paul Church (Cambridge, Massachusetts)","_wikiTried":true},"geometry":{"type":"Polygon","coordinates":[[[-71.115668,42.3710019],[-71.1160153,42.3711255],[-71.1159822,42.3711648],[-71.1159901,42.3711667],[-71.1159291,42.3712524],[-71.1159391,42.3712555],[-71.1159014,42.3713108],[-71.1158461,42.3712913],[-71.1157701,42.3714092],[-71.1157959,42.3714183],[-71.1157885,42.3714298],[-71.1157804,42.3714424],[-71.1157555,42.3714337],[-71.1157292,42.3714745],[-71.1157022,42.3714647],[-71.1156912,42.3714831],[-71.1155169,42.3714202],[-71.1155275,42.3714015],[-71.1154752,42.3713896],[-71.1155955,42.3712007],[-71.1156218,42.3711602],[-71.1155744,42.3711434],[-71.1155947,42.3711119],[-71.1155853,42.3711062],[-71.1155782,42.3710988],[-71.1155776,42.3710907],[-71.1155815,42.3710825],[-71.1155891,42.371076],[-71.1155993,42.3710727],[-71.1156087,42.3710728],[-71.1156193,42.3710736],[-71.115668,42.3710019]]]}},{"type":"Feature","id":29635883,"properties":{"osmId":29635883,"category":"academic","building":"university","name":"Wilder House","_wikiTried":true},"geometry":{"type":"Polygon","coordinates":[[[-71.1220197,42.3671988],[-71.1221235,42.3672114],[-71.1221025,42.3673056],[-71.1220834,42.3673913],[-71.1219796,42.3673786],[-71.1220197,42.3671988]]]}},{"type":"Feature","id":29636051,"properties":{"osmId":29636051,"category":"academic","addr:housenumber":"54","addr:street":"Essex Street","building":"school"},"geometry":{"type":"Polygon","coordinates":[[[-71.1004866,42.3675921],[-71.1008566,42.3677262],[-71.1007532,42.367883],[-71.1003833,42.367749],[-71.1004866,42.3675921]]]}},{"type":"Feature","id":29636343,"properties":{"osmId":29636343,"category":"academic","addr:housenumber":"6; 8","addr:state":"MA","addr:street":"Garden Street","building":"university","check_date":"2025-06-26","ele":"8","gnis:feature_id":"1971063","name":"Byerly Hall","source":"MassGIS Buildings (http://www.mass.gov/mgis/lidarbuildingfp2d.htm); USGS Geonames","_wikiTried":true},"geometry":{"type":"Polygon","coordinates":[[[-71.1218494,42.3757739],[-71.122142,42.3759752],[-71.1220119,42.376079],[-71.1219186,42.3761866],[-71.1215855,42.3760278],[-71.1216531,42.3759498],[-71.1217611,42.3760013],[-71.1218126,42.3759419],[-71.1217194,42.3758778],[-71.1218494,42.3757739]]]}},{"type":"Feature","id":29636534,"properties":{"osmId":29636534,"category":"academic","addr:city":"Cambridge","addr:housenumber":"34","addr:postcode":"02138","addr:state":"MA","addr:street":"Kirkland Street","alt_name":"Luther Brooks House","architect":"Oliver Hastings","building":"university","building:architecture":"greek_revival","construction_date":"1840","email":"huri@fas.harvard.edu","fax":"+1 617-495-8097","heritage":"2","heritage:operator":"nrhp","heritage:website":"https://npgallery.nps.gov/AssetDetail/NRIS/86002068","historic":"heritage","name":"Harvard Ukrainian Research Institute","nrhp:criteria":"(C)","nrhp:inscription_date":"1986-09-12","phone":"+1 617-495-4053","ref:nrhp":"86002068","short_name":"HURI","start_date":"1969","website":"https://www.huri.harvard.edu/","wikidata":"Q6705500","_wikiTried":true},"geometry":{"type":"Polygon","coordinates":[[[-71.1130815,42.3764339],[-71.113092,42.3765149],[-71.1131476,42.376511],[-71.1131641,42.3766389],[-71.1130366,42.3766479],[-71.1130318,42.3766108],[-71.1130141,42.3766121],[-71.1130102,42.3765814],[-71.1130273,42.3765802],[-71.113009,42.376439],[-71.1130815,42.3764339]]]}},{"type":"Feature","id":29636942,"properties":{"osmId":29636942,"category":"academic","addr:city":"Cambridge","addr:housenumber":"27","addr:postcode":"02138","addr:state":"MA","addr:street":"Kirkland Street","architect":"German Bestelmeyer","architect:wikidata":"Q91823","architect:wikipedia":"en:German Bestelmeyer","building":"university","construction_date":"1916","ele":"6","gnis:feature_id":"1971059","name":"Adolphus Busch Hall","name:etymology":"Adolphus Busch","name:etymology:wikidata":"Q214501","name:etymology:wikipedia":"en:Adolphus Busch","old_name":"Busch Reisinger Building","short_name":"Busch Hall","source":"USGS Geonames","start_date":"1989","wikidata":"Q4684454","_wikiTried":true},"geometry":{"type":"Polygon","coordinates":[[[-71.1144708,42.3766865],[-71.1144884,42.3767343],[-71.1144201,42.3767481],[-71.1142102,42.3767905],[-71.1142801,42.376977],[-71.1145457,42.3769201],[-71.1145591,42.3769172],[-71.1146359,42.3771228],[-71.1145285,42.3771445],[-71.1145056,42.377136],[-71.1144998,42.3771146],[-71.1143463,42.3771466],[-71.1143555,42.3771739],[-71.1143319,42.3771779],[-71.1143385,42.377203],[-71.1143337,42.3772106],[-71.1143174,42.3772366],[-71.1142647,42.3772469],[-71.1142193,42.3772289],[-71.1142055,42.3771906],[-71.1142008,42.3771756],[-71.1141733,42.3771787],[-71.1141704,42.3771626],[-71.1141572,42.3771642],[-71.1141555,42.3771554],[-71.1141345,42.3771595],[-71.114105,42.3770773],[-71.1141331,42.3770724],[-71.114068,42.3768976],[-71.1140695,42.3768885],[-71.114028,42.3767776],[-71.1144708,42.3766865]]]}},{"type":"Feature","id":29637344,"properties":{"osmId":29637344,"category":"athletic","addr:city":"Boston","addr:housenumber":"65","addr:postcode":"02134","addr:state":"MA","addr:street":"North Harvard Street","building":"yes","leisure":"sports_centre","name":"Murr Center","phone":"+1 617 495 3454","sport":"tennis;squash","website":"https://calendar.college.harvard.edu/murr_center","_wikiTried":true},"geometry":{"type":"Polygon","coordinates":[[[-71.1255046,42.367015],[-71.1256186,42.3670757],[-71.1255915,42.3671034],[-71.1256263,42.3671219],[-71.1256544,42.3670931],[-71.1266216,42.3676078],[-71.1266092,42.3676206],[-71.1266354,42.3676346],[-71.1265729,42.3676987],[-71.126546,42.3676844],[-71.1261614,42.3680789],[-71.1252271,42.3675816],[-71.1252083,42.367601],[-71.12509,42.367538],[-71.1254623,42.3671564],[-71.12535,42.3670966],[-71.1253709,42.3670751],[-71.1253915,42.3670861],[-71.1254304,42.3670463],[-71.1254131,42.3670371],[-71.1254283,42.3670215],[-71.1254744,42.367046],[-71.1255046,42.367015]]]}},{"type":"Feature","id":29637437,"properties":{"osmId":29637437,"category":"religious","addr:city":"Somerville","addr:housenumber":"29","addr:state":"MA","addr:street":"Central Street","amenity":"place_of_worship","building":"yes","check_date":"2023-12-07","denomination":"greek_orthodox","name":"Dormition of the Virgin Mary Greek Orthodox Church","phone":"+1-617-625-2222","religion":"christian","website":"https://www.dormitionchurch.org/","_wikiTried":true},"geometry":{"type":"Polygon","coordinates":[[[-71.1049231,42.3848601],[-71.1051195,42.3849334],[-71.1051162,42.3849384],[-71.1051518,42.3849511],[-71.1051307,42.3849837],[-71.1050943,42.3849707],[-71.105001,42.3851082],[-71.1050413,42.3851233],[-71.1050608,42.3850945],[-71.1054183,42.3852278],[-71.1053225,42.3853691],[-71.1049246,42.3852208],[-71.1049033,42.3852522],[-71.1047068,42.385179],[-71.104645,42.3851569],[-71.1046955,42.3850791],[-71.1047591,42.3851018],[-71.1049231,42.3848601]]]}},{"type":"Feature","id":29637441,"properties":{"osmId":29637441,"category":"other","addr:housenumber":"12;14","addr:state":"MA","addr:street":"Divinity Avenue","amenity":"university","building":"yes","education":"university","ele":"6","gnis:feature_id":"1971177","name":"Divinity Hall","source":"USGS Geonames","wikidata":"Q5284393","_wikiTried":true},"geometry":{"type":"Polygon","coordinates":[[[-71.114306,42.3784098],[-71.1143232,42.3784546],[-71.114335,42.3784855],[-71.1143643,42.378562],[-71.114388,42.3785571],[-71.1144315,42.3786707],[-71.1144078,42.3786756],[-71.1144389,42.3787568],[-71.1144514,42.3787892],[-71.1144668,42.3788294],[-71.1143109,42.3788619],[-71.1142926,42.3788142],[-71.1142841,42.378792],[-71.1142792,42.3787792],[-71.1142544,42.3787145],[-71.1142359,42.3786661],[-71.11423,42.3786507],[-71.114224,42.3786351],[-71.1142064,42.3785891],[-71.1141812,42.3785233],[-71.1141762,42.3785104],[-71.1141501,42.3784424],[-71.114306,42.3784098]]]}},{"type":"Feature","id":29638366,"properties":{"osmId":29638366,"category":"academic","addr:city":"Cambridge","addr:housenumber":"46","addr:postcode":"02138","addr:state":"MA","addr:street":"Linnaean Street","building":"university","name":"Pfohorzeimer Faculty Dean's Residence","old_name":"Pfohorzeimer Master's Residence","_wikiTried":true},"geometry":{"type":"Polygon","coordinates":[[[-71.1247199,42.3826804],[-71.1247789,42.3827519],[-71.1247457,42.3827675],[-71.124771,42.3827979],[-71.1246413,42.3828569],[-71.1245467,42.3827436],[-71.1246343,42.3827037],[-71.1246438,42.382715],[-71.1247199,42.3826804]]]}},{"type":"Feature","id":29638367,"properties":{"osmId":29638367,"category":"academic","addr:state":"MA","building":"university","ele":"5","gnis:feature_id":"1971782","name":"Standish Hall","source":"USGS Geonames","_wikiTried":true},"geometry":{"type":"Polygon","coordinates":[[[-71.1201697,42.3700291],[-71.1202205,42.3702692],[-71.12026,42.3704562],[-71.1200805,42.370477],[-71.1200766,42.3704587],[-71.1197291,42.3704991],[-71.119733,42.3705177],[-71.1195977,42.3705334],[-71.1195826,42.3705351],[-71.1194955,42.3701231],[-71.1194935,42.3701138],[-71.119631,42.3700978],[-71.119698,42.3704146],[-71.1200922,42.3703689],[-71.1200258,42.3700548],[-71.1200239,42.370046],[-71.1201697,42.3700291]]]}},{"type":"Feature","id":29638559,"properties":{"osmId":29638559,"category":"academic","addr:housenumber":"2","addr:street":"Gray Gardens East","building":"university","building:levels":"2"},"geometry":{"type":"Polygon","coordinates":[[[-71.1261648,42.3842149],[-71.1262279,42.384321],[-71.1259725,42.3844047],[-71.1259093,42.3842987],[-71.1261648,42.3842149]]]}},{"type":"Feature","id":29638780,"properties":{"osmId":29638780,"category":"academic","addr:housenumber":"33","addr:street":"Mellen Street","building":"yes"},"geometry":{"type":"Polygon","coordinates":[[[-71.1170701,42.3808442],[-71.1171815,42.3808474],[-71.1171772,42.3809296],[-71.1171419,42.3809286],[-71.1171386,42.3809921],[-71.1170626,42.38099],[-71.1170701,42.3808442]]]}},{"type":"Feature","id":29639218,"properties":{"osmId":29639218,"category":"academic","addr:city":"Cambridge","addr:housenumber":"1350","addr:postcode":"02138","addr:state":"MA","addr:street":"Massachusetts Avenue","architect":"Josep Lluis Sert","architect:wikidata":"Q467712","architect:wikipedia":"en:Josep Lluis Sert","building":"university","building:levels":"10","check_date":"2025-05-10","ele":"6","full_name":"Richard A. and Susan F. Smith Campus Center","gnis:feature_id":"1971370","name":"Smith Campus Center","name:etymology":"Richard Alan Smith;Susan Flax Smith","name:etymology:wikidata":"Q41634479","name:etymology:wikipedia":"en:Richard A. Smith (businessman)","old_name":"Holyoke Center","old_name:etymology":"Edward Holyoke","old_name:etymology:wikidata":"Q5343494","old_name:etymology:wikipedia":"en:Edward Holyoke","source":"MassGIS Buildings (http://www.mass.gov/mgis/lidarbuildingfp2d.htm);USGS Geonames","start_date":"1963","university":"student_centre","website":"https://commonspaces.harvard.edu/smith-campus-center/about","wikidata":"Q18749200","wikipedia":"en:Smith Campus Center","_wikiTried":true},"geometry":{"type":"Polygon","coordinates":[[[-71.1186126,42.3721162],[-71.1189017,42.3722244],[-71.1188573,42.3723041],[-71.1191545,42.3723944],[-71.1191489,42.3724045],[-71.1191697,42.3724109],[-71.1191101,42.3725182],[-71.1190883,42.3725116],[-71.1190827,42.3725218],[-71.1189986,42.3724964],[-71.1189959,42.3725013],[-71.1189838,42.3725232],[-71.1189743,42.3725405],[-71.1190566,42.3725653],[-71.1188743,42.3728955],[-71.11885,42.3728881],[-71.1187846,42.3728684],[-71.1187729,42.3728896],[-71.1187624,42.3729086],[-71.1188516,42.3729354],[-71.1187795,42.3730662],[-71.1184309,42.3729614],[-71.118349,42.3731102],[-71.1180484,42.3730198],[-71.1181266,42.3728779],[-71.1181746,42.3728924],[-71.1181931,42.3728587],[-71.1181732,42.3728528],[-71.1182276,42.3727539],[-71.1183291,42.3727843],[-71.1183462,42.3727534],[-71.1183599,42.3727283],[-71.1182786,42.3727039],[-71.118271,42.3727017],[-71.1184406,42.3723933],[-71.1184485,42.3723957],[-71.1185363,42.372422],[-71.1185517,42.3723939],[-71.118566,42.372368],[-71.1185729,42.3723555],[-71.1185593,42.3723514],[-71.1184902,42.3723307],[-71.1184986,42.3723156],[-71.1184796,42.3723099],[-71.1185351,42.3722096],[-71.1185539,42.3722153],[-71.1186126,42.3721162]]]}},{"type":"Feature","id":29639385,"properties":{"osmId":29639385,"category":"religious","addr:city":"Cambridge","addr:housenumber":"50","addr:postcode":"02138","addr:state":"MA","addr:street":"Quincy Street","alt_name":"Church of the New Jerusalem","amenity":"place_of_worship","architect":"Herbert Langford Warren","architect:wikidata":"Q19997535","architect:wikipedia":"en:Herbert Langford Warren","building":"church","building:architecture":"gothic_revival","denomination":"swedenborgian","heritage":"2","heritage:operator":"nrhp","heritage:website":"https://npgallery.nps.gov/AssetDetail/NRIS/83000792","historic":"heritage","name":"Swedenborg Chapel","nrhp:criteria":"(C)","nrhp:inscription_date":"1983-06-30","phone":"+1 617-864-4552","ref:nrhp":"83000792","religion":"christian","rental":"room","start_date":"1901","website":"https://swedenborgchapel.org/","wikidata":"Q5118016","_wikiTried":true},"geometry":{"type":"Polygon","coordinates":[[[-71.1133866,42.3763925],[-71.1137222,42.3764322],[-71.1136994,42.3765377],[-71.1134747,42.3765111],[-71.1134543,42.3766054],[-71.1133434,42.3765923],[-71.1133866,42.3763925]]]}},{"type":"Feature","id":29639454,"properties":{"osmId":29639454,"category":"academic","building":"school"},"geometry":{"type":"Polygon","coordinates":[[[-71.1096005,42.3753252],[-71.1094506,42.3753079],[-71.1094838,42.3751496],[-71.1095508,42.3751573],[-71.1096115,42.3751642],[-71.1095948,42.375244],[-71.109617,42.3752465],[-71.1096005,42.3753252]]]}},{"type":"Feature","id":29639460,"properties":{"osmId":29639460,"category":"academic","addr:city":"Cambridge","addr:housenumber":"1730","addr:postcode":"02138","addr:state":"MA","addr:street":"Cambridge Street","architect":"Pei Cobb Freed & Partners","architect:wikidata":"Q6623279","architect:wikipedia":"en:Pei Cobb Freed & Partners","building":"university","full_name":"Center for Government and International Studies South Building","name":"CGIS South Building","short_name":"CGIS South","start_date":"2005","wheelchair":"limited","_wikiTried":true},"geometry":{"type":"Polygon","coordinates":[[[-71.1131599,42.3748324],[-71.1134283,42.374868],[-71.1133814,42.3750356],[-71.1133417,42.3752328],[-71.1128455,42.3751695],[-71.1128789,42.3750416],[-71.1128831,42.3749874],[-71.1128955,42.3749535],[-71.1129174,42.3749212],[-71.1129529,42.374888],[-71.1129955,42.3748616],[-71.11303,42.3748475],[-71.1130852,42.3748342],[-71.1131599,42.3748324]]]}},{"type":"Feature","id":29680202,"properties":{"osmId":29680202,"category":"athletic","addr:housenumber":"79","addr:street":"North Harvard Street","building":"stadium"},"geometry":{"type":"Polygon","coordinates":[[[-71.1270951,42.3657907],[-71.1271087,42.3657908],[-71.1271224,42.3657912],[-71.127136,42.3657917],[-71.1271497,42.3657924],[-71.1271633,42.3657933],[-71.1271769,42.3657944],[-71.1271905,42.3657956],[-71.1272039,42.365797],[-71.1272175,42.3657986],[-71.1272309,42.3658003],[-71.1272443,42.3658022],[-71.1272577,42.3658044],[-71.127271,42.3658067],[-71.1272842,42.365809],[-71.1272975,42.3658117],[-71.1273107,42.3658144],[-71.1273238,42.3658174],[-71.1273367,42.3658205],[-71.1273496,42.3658238],[-71.1273624,42.3658273],[-71.1273753,42.3658309],[-71.1273879,42.3658348],[-71.1274005,42.3658387],[-71.127413,42.3658428],[-71.1274253,42.365847],[-71.1274377,42.3658515],[-71.1274498,42.3658561],[-71.1274619,42.3658608],[-71.1274739,42.3658657],[-71.1274858,42.3658708],[-71.1274974,42.3658761],[-71.127509,42.3658814],[-71.1275205,42.365887],[-71.1275319,42.3658926],[-71.127543,42.3658984],[-71.127549,42.3659016],[-71.127554,42.3659043],[-71.127565,42.3659104],[-71.1275758,42.3659167],[-71.1275865,42.3659231],[-71.1275969,42.3659295],[-71.1276073,42.3659362],[-71.1276174,42.365943],[-71.1276273,42.3659499],[-71.1276373,42.3659569],[-71.1276469,42.3659641],[-71.1276563,42.3659714],[-71.1276657,42.3659788],[-71.1276748,42.3659863],[-71.1276838,42.365994],[-71.1276926,42.3660017],[-71.1277013,42.3660096],[-71.1277096,42.3660176],[-71.1277178,42.3660256],[-71.1277259,42.3660338],[-71.1277338,42.3660421],[-71.1277415,42.3660505],[-71.1277488,42.366059],[-71.1277561,42.3660676],[-71.1277632,42.3660764],[-71.12777,42.3660851],[-71.1277767,42.366094],[-71.127783,42.3661029],[-71.1277893,42.3661119],[-71.1277953,42.366121],[-71.1278011,42.3661302],[-71.1278066,42.3661394],[-71.1278119,42.3661488],[-71.1278171,42.3661582],[-71.127822,42.3661677],[-71.1278267,42.3661772],[-71.1278311,42.3661868],[-71.1278354,42.3661964],[-71.1278394,42.3662061],[-71.1278432,42.3662158],[-71.1278467,42.3662256],[-71.12785,42.3662354],[-71.1278531,42.3662453],[-71.127856,42.3662552],[-71.1278586,42.3662652],[-71.1278609,42.3662752],[-71.1278631,42.3662852],[-71.127865,42.3662952],[-71.1278667,42.3663053],[-71.1278681,42.3663154],[-71.1278693,42.3663254],[-71.1278703,42.3663355],[-71.127871,42.3663456],[-71.1278715,42.3663558],[-71.1278717,42.3663659],[-71.1278718,42.366376],[-71.1278715,42.3663862],[-71.127871,42.3663963],[-71.1278704,42.3664065],[-71.1278693,42.3664166],[-71.1278682,42.3664266],[-71.1278668,42.3664367],[-71.1278652,42.3664468],[-71.1278633,42.3664568],[-71.1278612,42.3664669],[-71.1278588,42.3664768],[-71.1278562,42.3664867],[-71.1278533,42.3664967],[-71.1278502,42.3665065],[-71.1278469,42.3665164],[-71.1278434,42.3665262],[-71.1278396,42.3665359],[-71.1278357,42.3665456],[-71.1278315,42.3665553],[-71.1278271,42.3665649],[-71.1278224,42.3665744],[-71.1278175,42.3665838],[-71.1278123,42.3665932],[-71.1278071,42.3666025],[-71.1278014,42.3666118],[-71.1277957,42.366621],[-71.1277898,42.3666301],[-71.1277835,42.3666392],[-71.1277772,42.3666481],[-71.1277706,42.366657],[-71.1277637,42.3666658],[-71.1277551,42.3666763],[-71.1269488,42.3675008],[-71.1269932,42.3675247],[-71.1269303,42.3675948],[-71.1268032,42.3675295],[-71.1268304,42.3675006],[-71.1266169,42.3673939],[-71.1274386,42.3665448],[-71.1274418,42.3665398],[-71.1274447,42.3665347],[-71.1274475,42.3665297],[-71.1274503,42.3665246],[-71.1274529,42.3665194],[-71.1274554,42.3665142],[-71.1274577,42.366509],[-71.1274601,42.3665037],[-71.1274622,42.3664985],[-71.1274641,42.3664932],[-71.127466,42.3664878],[-71.1274678,42.3664825],[-71.1274694,42.3664771],[-71.1274709,42.3664717],[-71.1274723,42.3664663],[-71.1274735,42.3664609],[-71.1274747,42.3664554],[-71.1274757,42.36645],[-71.1274764,42.3664445],[-71.1274772,42.3664391],[-71.1274778,42.3664336],[-71.1274782,42.3664281],[-71.1274786,42.3664226],[-71.1274788,42.3664171],[-71.1274789,42.3664115],[-71.1274788,42.366406],[-71.1274786,42.3664005],[-71.1274784,42.366395],[-71.127478,42.3663895],[-71.1274774,42.366384],[-71.1274767,42.3663785],[-71.1274759,42.3663731],[-71.1274749,42.3663677],[-71.1274739,42.3663622],[-71.1274726,42.3663567],[-71.1274713,42.3663513],[-71.1274699,42.3663459],[-71.1274682,42.3663405],[-71.1274665,42.3663352],[-71.1274647,42.3663299],[-71.1274627,42.3663246],[-71.1274607,42.3663193],[-71.1274584,42.366314],[-71.1274561,42.3663088],[-71.1274536,42.3663036],[-71.1274511,42.3662984],[-71.1274483,42.3662933],[-71.1274456,42.3662882],[-71.1274425,42.3662832],[-71.1274395,42.3662781],[-71.1274363,42.3662732],[-71.127433,42.3662682],[-71.1274296,42.3662633],[-71.1274261,42.3662585],[-71.1274224,42.3662537],[-71.1274187,42.3662489],[-71.1274149,42.3662442],[-71.1274109,42.3662396],[-71.1274068,42.366235],[-71.1274025,42.3662305],[-71.1273982,42.366226],[-71.1273939,42.3662215],[-71.1273894,42.3662171],[-71.1273847,42.3662129],[-71.12738,42.3662085],[-71.1273753,42.3662044],[-71.1273703,42.3662002],[-71.1273654,42.3661962],[-71.1273602,42.3661922],[-71.1273551,42.3661882],[-71.1273498,42.3661844],[-71.1273443,42.3661806],[-71.1273389,42.3661768],[-71.1273333,42.3661732],[-71.1273278,42.3661696],[-71.127322,42.3661661],[-71.1273161,42.3661627],[-71.1273103,42.3661592],[-71.1273044,42.366156],[-71.1272984,42.3661528],[-71.1272922,42.3661496],[-71.127286,42.3661466],[-71.1272798,42.3661437],[-71.1272734,42.3661408],[-71.1272671,42.3661379],[-71.1272606,42.3661352],[-71.127254,42.3661326],[-71.1272475,42.36613],[-71.1272408,42.3661276],[-71.1272342,42.3661251],[-71.1272274,42.3661229],[-71.1272206,42.3661207],[-71.1272138,42.3661185],[-71.1272069,42.3661165],[-71.1271999,42.3661146],[-71.127193,42.3661128],[-71.1271859,42.3661109],[-71.1271788,42.3661093],[-71.1271718,42.3661077],[-71.1271646,42.3661062],[-71.1271573,42.3661048],[-71.1271502,42.3661035],[-71.1271429,42.3661023],[-71.1271356,42.3661012],[-71.1271283,42.3661002],[-71.1271211,42.3660993],[-71.1271137,42.3660985],[-71.1271064,42.3660977],[-71.127099,42.3660971],[-71.1270916,42.3660966],[-71.1270842,42.3660961],[-71.1270768,42.3660957],[-71.1270694,42.3660955],[-71.127062,42.3660953],[-71.1270544,42.3660953],[-71.127047,42.3660954],[-71.1270396,42.3660954],[-71.1270322,42.3660957],[-71.1270248,42.366096],[-71.1270174,42.3660964],[-71.12701,42.366097],[-71.1270026,42.3660976],[-71.1269953,42.3660983],[-71.1269879,42.366099],[-71.1269806,42.3660999],[-71.1269733,42.366101],[-71.126966,42.366102],[-71.1269587,42.3661032],[-71.1269516,42.3661045],[-71.1269444,42.3661058],[-71.1269372,42.3661073],[-71.12693,42.3661089],[-71.126923,42.3661105],[-71.1269159,42.3661122],[-71.1269089,42.3661141],[-71.126902,42.366116],[-71.126895,42.366118],[-71.1268882,42.3661201],[-71.1268814,42.3661223],[-71.1268746,42.3661245],[-71.1268679,42.3661269],[-71.1268612,42.3661293],[-71.1268546,42.3661318],[-71.1268481,42.3661345],[-71.1268416,42.3661372],[-71.1268352,42.36614],[-71.1268288,42.3661428],[-71.1268226,42.3661458],[-71.1268164,42.3661488],[-71.1268103,42.3661519],[-71.1268042,42.3661551],[-71.1267983,42.3661584],[-71.1267923,42.3661617],[-71.1267866,42.3661651],[-71.1267759,42.3661717],[-71.125939,42.3670311],[-71.1259198,42.3670208],[-71.1257179,42.3669122],[-71.1256953,42.3669354],[-71.1255787,42.3668704],[-71.1256449,42.3667957],[-71.1256892,42.3668163],[-71.1265204,42.3659719],[-71.1265299,42.3659646],[-71.1265395,42.3659574],[-71.1265494,42.3659504],[-71.1265593,42.3659434],[-71.1265695,42.3659367],[-71.1265798,42.36593],[-71.1265902,42.3659236],[-71.1266008,42.3659171],[-71.1266117,42.3659109],[-71.1266225,42.3659048],[-71.1266336,42.3658988],[-71.1266448,42.365893],[-71.1266561,42.3658873],[-71.1266676,42.3658818],[-71.1266791,42.3658764],[-71.1266908,42.3658712],[-71.1267028,42.3658661],[-71.1267147,42.3658612],[-71.1267267,42.3658565],[-71.1267389,42.3658518],[-71.1267512,42.3658474],[-71.1267636,42.3658431],[-71.126776,42.365839],[-71.1267886,42.365835],[-71.1268013,42.3658312],[-71.1268141,42.3658276],[-71.1268268,42.3658241],[-71.1268398,42.3658208],[-71.1268527,42.3658176],[-71.1268659,42.3658147],[-71.126879,42.3658119],[-71.1268922,42.3658093],[-71.1269055,42.3658068],[-71.1269187,42.3658045],[-71.1269321,42.3658024],[-71.1269456,42.3658005],[-71.1269589,42.3657987],[-71.1269725,42.3657971],[-71.126986,42.3657956],[-71.1269996,42.3657944],[-71.1270131,42.3657934],[-71.1270268,42.3657924],[-71.1270404,42.3657918],[-71.127054,42.3657913],[-71.1270678,42.3657909],[-71.1270814,42.3657907],[-71.1270951,42.3657907]]]}},{"type":"Feature","id":29680207,"properties":{"osmId":29680207,"category":"academic","addr:housenumber":"50","addr:state":"MA","addr:street":"North Harvard Street","building":"university","ele":"3","gnis:feature_id":"1971154","name":"Cotting House","source":"MassGIS Buildings (http://www.mass.gov/mgis/lidarbuildingfp2d.htm);USGS Geonames","_wikiTried":true},"geometry":{"type":"Polygon","coordinates":[[[-71.1245594,42.3668988],[-71.1246976,42.3669733],[-71.1245908,42.3670812],[-71.1244674,42.3672063],[-71.1243299,42.3671321],[-71.1243929,42.3670683],[-71.1244405,42.3670939],[-71.1244969,42.3670368],[-71.1245454,42.3669877],[-71.1244972,42.3669617],[-71.1245594,42.3668988]]]}},{"type":"Feature","id":29680211,"properties":{"osmId":29680211,"category":"academic","addr:housenumber":"15","addr:state":"MA","addr:street":"Harvard Way","building":"university","ele":"3","gnis:feature_id":"1971550","name":"Morgan Hall","source":"MassGIS Buildings (http://www.mass.gov/mgis/lidarbuildingfp2d.htm);USGS Geonames","_wikiTried":true},"geometry":{"type":"Polygon","coordinates":[[[-71.123663,42.366529],[-71.1240352,42.3666733],[-71.1243889,42.3668107],[-71.1243045,42.3669258],[-71.1241971,42.3670706],[-71.1238522,42.3669357],[-71.1234774,42.3667905],[-71.1235735,42.3666551],[-71.123663,42.366529]]]}},{"type":"Feature","id":29680215,"properties":{"osmId":29680215,"category":"academic","addr:housenumber":"44","addr:state":"MA","addr:street":"Harvard Way","building":"university","ele":"3","gnis:feature_id":"1971523","name":"McCulloch Hall","source":"USGS Geonames","_wikiTried":true},"geometry":{"type":"Polygon","coordinates":[[[-71.1213777,42.3667171],[-71.1213804,42.3670977],[-71.1212837,42.3670986],[-71.1210828,42.3671064],[-71.1209985,42.3671112],[-71.1210041,42.3671472],[-71.1209022,42.3671552],[-71.1208355,42.3667382],[-71.1209429,42.3667313],[-71.1209855,42.367016],[-71.1212794,42.3670008],[-71.121273,42.3667188],[-71.1213777,42.3667171]]]}},{"type":"Feature","id":29680216,"properties":{"osmId":29680216,"category":"academic","addr:housenumber":"40","addr:state":"MA","addr:street":"Harvard Way","building":"university","ele":"3","gnis:feature_id":"1971377","name":"Greenhill House","source":"MassGIS Buildings (http://www.mass.gov/mgis/lidarbuildingfp2d.htm);USGS Geonames","_wikiTried":true},"geometry":{"type":"Polygon","coordinates":[[[-71.121196,42.3667138],[-71.1212032,42.3668039],[-71.1210222,42.3668118],[-71.1210149,42.3667217],[-71.1211027,42.3667179],[-71.121196,42.3667138]]]}},{"type":"Feature","id":29680226,"properties":{"osmId":29680226,"category":"academic","building":"university","name":"Dean's House","_wikiTried":true},"geometry":{"type":"Polygon","coordinates":[[[-71.1209993,42.3662441],[-71.1210698,42.3662419],[-71.1210722,42.3662828],[-71.121145,42.3662805],[-71.1211473,42.366319],[-71.1211992,42.3663173],[-71.121202,42.3663657],[-71.1211334,42.3663678],[-71.1211337,42.3663742],[-71.121007,42.3663782],[-71.1210061,42.3663627],[-71.120963,42.3663641],[-71.1209621,42.3663477],[-71.1209322,42.3663487],[-71.1209307,42.3663241],[-71.1210037,42.3663219],[-71.1209993,42.3662441]]]}},{"type":"Feature","id":29680229,"properties":{"osmId":29680229,"category":"religious","addr:housenumber":"85","addr:street":"Bishop Allen Drive","amenity":"place_of_worship","building":"yes","ele":"4","gnis:feature_id":"1971118","name":"Aletheia Church","religion":"christian","_wikiTried":true},"geometry":{"type":"Polygon","coordinates":[[[-71.1016404,42.3655357],[-71.1019295,42.3657049],[-71.1016669,42.3659516],[-71.1013779,42.3657824],[-71.1016404,42.3655357]]]}},{"type":"Feature","id":29680236,"properties":{"osmId":29680236,"category":"academic","addr:housenumber":"33","addr:state":"MA","addr:street":"Harvard Way","building":"university","ele":"3","gnis:feature_id":"1971159","name":"Cumnock Hall","source":"MassGIS Buildings (http://www.mass.gov/mgis/lidarbuildingfp2d.htm);USGS Geonames","_wikiTried":true},"geometry":{"type":"Polygon","coordinates":[[[-71.1226699,42.3654567],[-71.1229251,42.365498],[-71.1228576,42.3657271],[-71.1229065,42.3657349],[-71.1228779,42.3658321],[-71.122663,42.3657973],[-71.1226794,42.3657414],[-71.1226048,42.3657293],[-71.1226262,42.365657],[-71.1226472,42.3655853],[-71.122591,42.3655762],[-71.1226167,42.3654889],[-71.1226585,42.3654956],[-71.1226699,42.3654567]]]}},{"type":"Feature","id":29680266,"properties":{"osmId":29680266,"category":"academic","addr:housenumber":"46","addr:street":"Blackstone Street","building":"university","building:levels":"2","name":"Blackstone Steam Plant","roof:shape":"flat","_wikiTried":true},"geometry":{"type":"Polygon","coordinates":[[[-71.1158465,42.363349],[-71.1158677,42.3634952],[-71.1159227,42.3634909],[-71.1159604,42.36375],[-71.1158299,42.3637604],[-71.1158347,42.3637935],[-71.115892,42.3637889],[-71.115953,42.364209],[-71.1154926,42.3642457],[-71.1154857,42.3641976],[-71.1153653,42.3642072],[-71.1153734,42.3642636],[-71.1148909,42.3643091],[-71.1148676,42.3641585],[-71.1152499,42.364121],[-71.1152242,42.3639439],[-71.1153289,42.3639356],[-71.1153207,42.3638782],[-71.1155001,42.363864],[-71.1154937,42.3638198],[-71.1155606,42.3638157],[-71.1156298,42.3638108],[-71.1156565,42.3638077],[-71.1157593,42.3637996],[-71.1157545,42.3637664],[-71.1157187,42.3637693],[-71.1156926,42.3635889],[-71.1155808,42.3635978],[-71.1155483,42.3633729],[-71.1158465,42.363349]]]}},{"type":"Feature","id":29681499,"properties":{"osmId":29681499,"category":"academic","addr:housenumber":"50","addr:street":"Essex Street","building":"school"},"geometry":{"type":"Polygon","coordinates":[[[-71.1008682,42.3673233],[-71.1010962,42.3674099],[-71.1009347,42.367642],[-71.1007067,42.3675554],[-71.1008682,42.3673233]]]}},{"type":"Feature","id":29681544,"properties":{"osmId":29681544,"category":"academic","addr:state":"MA","building":"university","ele":"4","gnis:feature_id":"1971517","name":"Mather House","source":"Bing","wikipedia":"en:Mather House (Harvard College)","_wikiTried":true},"geometry":{"type":"Polygon","coordinates":[[[-71.1148376,42.3680806],[-71.1150567,42.368082],[-71.1150555,42.3681889],[-71.11499,42.3681885],[-71.1149862,42.3685306],[-71.1150094,42.3685308],[-71.115107,42.3685409],[-71.1153857,42.3686125],[-71.1155348,42.368296],[-71.115227,42.3682168],[-71.1152769,42.3681108],[-71.1156447,42.3682058],[-71.1156856,42.3682156],[-71.1157276,42.3682267],[-71.115477,42.3687586],[-71.1150555,42.3686503],[-71.1150082,42.3686429],[-71.1148314,42.3686419],[-71.1148376,42.3680806]]]}},{"type":"Feature","id":29683192,"properties":{"osmId":29683192,"category":"religious","addr:city":"Cambridge","addr:housenumber":"1991","addr:state":"MA","addr:street":"Massachusetts Avenue","amenity":"place_of_worship","building":"yes","denomination":"episcopal","ele":"8","gnis:feature_id":"1971720","name":"Saint James Episcopal Church","religion":"christian","wikidata":"Q14715862","_wikiTried":true},"geometry":{"type":"Polygon","coordinates":[[[-71.1208617,42.3905061],[-71.1210107,42.3905092],[-71.1210088,42.3905587],[-71.1211873,42.3905623],[-71.1211805,42.3907449],[-71.1210024,42.3907413],[-71.1210006,42.3907897],[-71.1209821,42.3907893],[-71.1208979,42.3907876],[-71.1208989,42.3907628],[-71.1208714,42.3907623],[-71.1208723,42.390738],[-71.1208123,42.390737],[-71.1207941,42.3907365],[-71.1207958,42.3906886],[-71.1207543,42.3906877],[-71.1207556,42.390655],[-71.1207108,42.390654],[-71.120713,42.3905974],[-71.1207578,42.3905983],[-71.1207596,42.3905509],[-71.12086,42.390553],[-71.1208617,42.3905061]]]}},{"type":"Feature","id":29683301,"properties":{"osmId":29683301,"category":"academic","addr:housenumber":"20","addr:street":"Sartwell Avenue","building":"school","building:levels":"3","roof:levels":"0"},"geometry":{"type":"Polygon","coordinates":[[[-71.1158489,42.388735],[-71.1159208,42.3887617],[-71.1158983,42.3887947],[-71.1160285,42.3888447],[-71.1157576,42.3892342],[-71.1158042,42.3892493],[-71.1155244,42.3896666],[-71.1153259,42.3895918],[-71.1153128,42.3896108],[-71.1151189,42.3895377],[-71.1151381,42.3895099],[-71.1149615,42.3894433],[-71.1152253,42.3890586],[-71.1153002,42.3890868],[-71.115451,42.3891437],[-71.1157417,42.3887362],[-71.1158249,42.3887658],[-71.1158489,42.388735]]]}},{"type":"Feature","id":29683439,"properties":{"osmId":29683439,"category":"religious","building":"yes"},"geometry":{"type":"Polygon","coordinates":[[[-71.107321,42.3875379],[-71.1075708,42.3876364],[-71.1075141,42.3877148],[-71.1074959,42.3877077],[-71.1073725,42.3878785],[-71.1074106,42.3878935],[-71.1073544,42.3879713],[-71.1070959,42.3878694],[-71.1071515,42.3877924],[-71.1071859,42.3878059],[-71.1073091,42.3876355],[-71.1072635,42.3876175],[-71.107321,42.3875379]]]}},{"type":"Feature","id":29683515,"properties":{"osmId":29683515,"category":"residential","addr:housenumber":"49","addr:street":"Roseland Street","building":"apartments","building:levels":"2","roof:levels":"1"},"geometry":{"type":"Polygon","coordinates":[[[-71.1170824,42.3868338],[-71.1172023,42.3868391],[-71.1171916,42.3869719],[-71.1170718,42.3869666],[-71.1170824,42.3868338]]]}},{"type":"Feature","id":29683951,"properties":{"osmId":29683951,"category":"residential","addr:housenumber":"5","addr:street":"Sacramento Street","building":"dormitory","building:levels":"2","roof:levels":"1","roof:shape":"gabled"},"geometry":{"type":"Polygon","coordinates":[[[-71.1187078,42.3827028],[-71.1188262,42.3827041],[-71.1188259,42.3827156],[-71.1188806,42.3827162],[-71.1188794,42.3827733],[-71.1188902,42.3827823],[-71.1188902,42.3828085],[-71.1188787,42.3828193],[-71.1188777,42.3828589],[-71.1188393,42.3828584],[-71.1188377,42.3829254],[-71.1187731,42.3829246],[-71.1187735,42.3829072],[-71.1187395,42.3829068],[-71.118741,42.3828443],[-71.1187287,42.3828346],[-71.1187294,42.3828102],[-71.118741,42.3828],[-71.1187058,42.3827996],[-71.1187078,42.3827028]]]}},{"type":"Feature","id":29684026,"properties":{"osmId":29684026,"category":"residential","addr:housenumber":"79;81","addr:street":"Oxford Street","building":"semidetached_house"},"geometry":{"type":"Polygon","coordinates":[[[-71.1164824,42.3819578],[-71.11666,42.3819695],[-71.1166539,42.382021],[-71.116588,42.3820166],[-71.116585,42.3820421],[-71.1166493,42.3820463],[-71.1166433,42.3820971],[-71.116467,42.3820856],[-71.1164824,42.3819578]]]}},{"type":"Feature","id":29684062,"properties":{"osmId":29684062,"category":"academic","addr:city":"Cambridge","addr:housenumber":"103","addr:postcode":"02138","addr:state":"MA","addr:street":"Walker Street","building":"university","name":"Cabot Resident Dean's Residence","_wikiTried":true},"geometry":{"type":"Polygon","coordinates":[[[-71.1232404,42.3816373],[-71.1233145,42.38173],[-71.1231968,42.3817817],[-71.1231227,42.381689],[-71.1232404,42.3816373]]]}},{"type":"Feature","id":29684095,"properties":{"osmId":29684095,"category":"academic","addr:housenumber":"63","addr:street":"Oxford Street","building":"yes"},"geometry":{"type":"Polygon","coordinates":[[[-71.1165069,42.381229],[-71.1166331,42.3812367],[-71.1166301,42.3812641],[-71.1167057,42.3812687],[-71.1166979,42.3813388],[-71.1166232,42.3813343],[-71.1166184,42.3813772],[-71.116691,42.3813816],[-71.1166833,42.3814509],[-71.1166126,42.3814466],[-71.1166095,42.3814745],[-71.1164803,42.3814666],[-71.1165069,42.381229]]]}},{"type":"Feature","id":29684143,"properties":{"osmId":29684143,"category":"academic","addr:housenumber":"35","addr:street":"Mellen Street","building":"yes"},"geometry":{"type":"Polygon","coordinates":[[[-71.1168225,42.3808502],[-71.1169678,42.3808543],[-71.116961,42.3809854],[-71.1168879,42.3809833],[-71.1168865,42.3810089],[-71.1168144,42.3810068],[-71.1168225,42.3808502]]]}},{"type":"Feature","id":29684178,"properties":{"osmId":29684178,"category":"academic","addr:housenumber":"60","addr:street":"Oxford Street","building":"university"},"geometry":{"type":"Polygon","coordinates":[[[-71.116228,42.3804745],[-71.1163015,42.3804779],[-71.1163105,42.3804783],[-71.1162993,42.3806081],[-71.1162583,42.3806061],[-71.1162476,42.3807296],[-71.1160786,42.3807216],[-71.1160894,42.3805972],[-71.1161025,42.3805978],[-71.1161051,42.3805667],[-71.1160523,42.3805636],[-71.1160537,42.3805422],[-71.1158798,42.3805329],[-71.1158863,42.3804664],[-71.1158338,42.3804635],[-71.1158603,42.3801935],[-71.1160328,42.3802028],[-71.1160365,42.3801654],[-71.1160974,42.3801687],[-71.1160985,42.3801574],[-71.1162584,42.380166],[-71.1162375,42.3803782],[-71.116228,42.3804745]]]}},{"type":"Feature","id":29684237,"properties":{"osmId":29684237,"category":"residential","addr:housenumber":"27","addr:postcode":"02138-2724","addr:street":"Everett Street","building":"dormitory","building:levels":"3","roof:levels":"1","roof:shape":"gabled"},"geometry":{"type":"Polygon","coordinates":[[[-71.1174967,42.3800136],[-71.1175759,42.3800174],[-71.1176396,42.3800204],[-71.1176459,42.3800129],[-71.1176569,42.3800076],[-71.117672,42.380006],[-71.117688,42.3800097],[-71.1176973,42.380016],[-71.1177023,42.3800235],[-71.1177519,42.3800255],[-71.1177407,42.3801565],[-71.117654,42.3801525],[-71.1176567,42.3801213],[-71.1175967,42.3801185],[-71.1175941,42.3801433],[-71.1176049,42.3801439],[-71.1176013,42.3801729],[-71.1175925,42.3801726],[-71.117592,42.3801803],[-71.1176005,42.3801854],[-71.1175969,42.3802175],[-71.1175884,42.3802238],[-71.1175849,42.380256],[-71.1175328,42.3802535],[-71.1175354,42.3802232],[-71.117479,42.3802205],[-71.1174967,42.3800136]]]}},{"type":"Feature","id":29684251,"properties":{"osmId":29684251,"category":"academic","addr:housenumber":"38","addr:street":"Oxford Street","building":"university","name":"38 Oxford","_wikiTried":true},"geometry":{"type":"Polygon","coordinates":[[[-71.1147963,42.379556],[-71.114853,42.3796913],[-71.1149188,42.3796974],[-71.1150253,42.3797074],[-71.1149962,42.3798149],[-71.1150603,42.379818],[-71.1150575,42.3798433],[-71.1150193,42.3798411],[-71.1149603,42.3800742],[-71.1148892,42.3800652],[-71.1148647,42.380065],[-71.1148188,42.3800645],[-71.1147591,42.3800709],[-71.1147004,42.3800816],[-71.1146421,42.3801061],[-71.1145911,42.3801319],[-71.1145442,42.3801643],[-71.1145083,42.3801987],[-71.1144617,42.3801742],[-71.1144201,42.3802218],[-71.1143913,42.3802086],[-71.1143789,42.3802282],[-71.1143136,42.380208],[-71.1140014,42.3801113],[-71.1140281,42.380061],[-71.1140929,42.3799779],[-71.1142092,42.3798795],[-71.1142617,42.3798441],[-71.1143656,42.3797928],[-71.1144983,42.3797445],[-71.1144315,42.379615],[-71.1146415,42.3795704],[-71.1147963,42.379556]]]}},{"type":"Feature","id":29684363,"properties":{"osmId":29684363,"category":"academic","addr:city":"Cambridge","addr:housenumber":"6","addr:street":"Buckingham Place","building":"school","name":"Morrison House","_wikiTried":true},"geometry":{"type":"Polygon","coordinates":[[[-71.1288994,42.3791123],[-71.1289377,42.3791677],[-71.1288593,42.3791973],[-71.1288951,42.379249],[-71.1288401,42.3792697],[-71.128766,42.3791626],[-71.1288994,42.3791123]]]}},{"type":"Feature","id":29684374,"properties":{"osmId":29684374,"category":"academic","addr:housenumber":"20","addr:street":"Divinity Avenue","building":"university","name":"Farlow Herbarium","short_name":"Farlow","wikidata":"Q18354774","_wikiTried":true},"geometry":{"type":"Polygon","coordinates":[[[-71.114298,42.3790644],[-71.1143347,42.3791601],[-71.1143093,42.3791654],[-71.1143525,42.3792781],[-71.1141302,42.3793246],[-71.1140877,42.3792139],[-71.1141409,42.3792028],[-71.1141149,42.3791351],[-71.1141034,42.3791052],[-71.114298,42.3790644]]]}},{"type":"Feature","id":29684391,"properties":{"osmId":29684391,"category":"academic","addr:housenumber":"1563","addr:postcode":"02138-2903","addr:street":"Massachusetts Avenue","building":"university","building:levels":"5","ele":"7","gnis:feature_id":"1971664","name":"Pound Hall","roof:levels":"0","source":"USGS Geonames","_wikiTried":true},"geometry":{"type":"Polygon","coordinates":[[[-71.1196878,42.3783769],[-71.1198854,42.3783878],[-71.1198756,42.3784843],[-71.1198259,42.3784815],[-71.1198213,42.3785271],[-71.1198917,42.3785309],[-71.1198768,42.3786788],[-71.1197553,42.3786721],[-71.1197497,42.3787274],[-71.1197459,42.3787648],[-71.1196162,42.3787576],[-71.1196072,42.378847],[-71.1195906,42.3788461],[-71.1194147,42.3788363],[-71.1194197,42.378787],[-71.1193883,42.3787857],[-71.1193539,42.3787834],[-71.1193565,42.3787577],[-71.1193691,42.3786323],[-71.1195631,42.378643],[-71.1195589,42.3786852],[-71.1196121,42.3786881],[-71.1196606,42.3786908],[-71.119668,42.3786171],[-71.119608,42.3786138],[-71.1196106,42.3785883],[-71.1196146,42.378549],[-71.119623,42.3784655],[-71.1196785,42.3784686],[-71.1196796,42.3784574],[-71.1196854,42.3784005],[-71.1196878,42.3783769]]]}},{"type":"Feature","id":29684442,"properties":{"osmId":29684442,"category":"library","addr:city":"Cambridge","addr:housenumber":"2","addr:postcode":"02138","addr:state":"MA","addr:street":"Divinity Avenue","amenity":"library","building":"yes","ele":"6","gnis:feature_id":"1971342","name":"Harvard-Yenching Library","opening_hours":"Mo-Th 09:00-20:00; Fr 09:00-17:00; Sa-Su 12:00-17:00","operator:type":"university","ref:isil":"US-mhhy","source":"USGS Geonames","website":"https://library.harvard.edu/libraries/yenching","wikidata":"Q5676691","wikipedia":"en:Harvard–Yenching Library","_wikiTried":true},"geometry":{"type":"Polygon","coordinates":[[[-71.1138269,42.3773399],[-71.1138587,42.3774299],[-71.113849,42.3774317],[-71.1138773,42.3775043],[-71.1138856,42.3775032],[-71.1139055,42.3775582],[-71.1139252,42.377615],[-71.1139182,42.3776162],[-71.1139478,42.3776897],[-71.1139597,42.377688],[-71.1139908,42.3777795],[-71.1137663,42.3778243],[-71.1137605,42.3778096],[-71.1137356,42.3778144],[-71.1138097,42.3780194],[-71.1136462,42.3780547],[-71.1135222,42.377733],[-71.1135543,42.3777267],[-71.113549,42.3777115],[-71.113529,42.3777034],[-71.1134809,42.3775875],[-71.1135005,42.377561],[-71.11352,42.3775578],[-71.1135113,42.3775364],[-71.1136249,42.3775128],[-71.1136317,42.377534],[-71.1136613,42.3775292],[-71.1136417,42.3774767],[-71.1136342,42.3774781],[-71.1136009,42.3773871],[-71.1138269,42.3773399]]]}},{"type":"Feature","id":29684462,"properties":{"osmId":29684462,"category":"academic","addr:housenumber":"1","addr:street":"Hastings Avenue","building":"yes"},"geometry":{"type":"Polygon","coordinates":[[[-71.1253699,42.377446],[-71.125525,42.377536],[-71.1254303,42.3776258],[-71.1252596,42.3775269],[-71.1253101,42.377479],[-71.1253256,42.3774881],[-71.1253699,42.377446]]]}},{"type":"Feature","id":29684466,"properties":{"osmId":29684466,"category":"academic","addr:city":"Cambridge","addr:housenumber":"1","addr:postcode":"02138","addr:state":"MA","addr:street":"Francis Avenue","building":"university","ele":"6","gnis:feature_id":"1971457","name":"Lippman House","source":"USGS Geonames","_wikiTried":true},"geometry":{"type":"Polygon","coordinates":[[[-71.1121622,42.3773201],[-71.1121775,42.3773666],[-71.1122225,42.3773585],[-71.1122656,42.377489],[-71.1122317,42.3774951],[-71.1122366,42.37751],[-71.1122523,42.3775072],[-71.1122739,42.3775726],[-71.1122109,42.3775839],[-71.1120911,42.3776055],[-71.1120694,42.3775397],[-71.1121277,42.3775292],[-71.1121614,42.3775232],[-71.1121361,42.3774463],[-71.1120745,42.3774574],[-71.1120367,42.3773427],[-71.1121622,42.3773201]]]}},{"type":"Feature","id":29684480,"properties":{"osmId":29684480,"category":"academic","addr:housenumber":"1515","addr:postcode":"02138-2903","addr:street":"Massachusetts Avenue","building":"university","ele":"7","gnis:feature_id":"1970965","name":"Austin Hall","source":"USGS Geonames","wikidata":"Q4823114","_wikiTried":true},"geometry":{"type":"Polygon","coordinates":[[[-71.1191807,42.3769349],[-71.119203,42.3770605],[-71.1191765,42.3770635],[-71.1191501,42.3770666],[-71.1191453,42.3770671],[-71.118992,42.3770847],[-71.1189903,42.3770993],[-71.1189817,42.3771116],[-71.1189676,42.377121],[-71.1189467,42.3771255],[-71.1189644,42.3772278],[-71.1186762,42.3772557],[-71.1186574,42.3771577],[-71.1186373,42.377158],[-71.1186185,42.3771526],[-71.118607,42.3771419],[-71.1184758,42.3771555],[-71.1184711,42.3771327],[-71.1184309,42.3771365],[-71.1183953,42.3771399],[-71.1183728,42.3770131],[-71.118631,42.3769869],[-71.1186356,42.3769758],[-71.1186463,42.3769676],[-71.1186629,42.376966],[-71.1186766,42.3769705],[-71.1186856,42.3769809],[-71.1188894,42.376962],[-71.1191807,42.3769349]]]}},{"type":"Feature","id":29684485,"properties":{"osmId":29684485,"category":"academic","addr:housenumber":"2;4","addr:street":"Saint Johns Road","building":"yes","name":"Kidder House","_wikiTried":true},"geometry":{"type":"Polygon","coordinates":[[[-71.1251837,42.3770438],[-71.125534,42.3771347],[-71.1254985,42.3772098],[-71.1251483,42.3771189],[-71.1251837,42.3770438]]]}},{"type":"Feature","id":29684486,"properties":{"osmId":29684486,"category":"academic","addr:state":"MA","building":"university","ele":"6","gnis:feature_id":"1971628","name":"Paine Building","source":"USGS Geonames","_wikiTried":true},"geometry":{"type":"Polygon","coordinates":[[[-71.1175683,42.3766166],[-71.1176264,42.376773],[-71.1171939,42.3768606],[-71.1171903,42.3768509],[-71.1171705,42.3768549],[-71.1172384,42.3770379],[-71.1171234,42.3770612],[-71.1171264,42.3770692],[-71.1171466,42.3770651],[-71.117175,42.3771416],[-71.1169791,42.3771813],[-71.1168878,42.3769339],[-71.1168354,42.3767917],[-71.1170313,42.3767511],[-71.1170348,42.3767606],[-71.117143,42.3767387],[-71.1171306,42.3767053],[-71.1175683,42.3766166]]]}},{"type":"Feature","id":29684487,"properties":{"osmId":29684487,"category":"academic","addr:housenumber":"6","addr:street":"Saint Johns Road","building":"yes","name":"Rousemaniere House","_wikiTried":true},"geometry":{"type":"Polygon","coordinates":[[[-71.1256842,42.3770404],[-71.1258186,42.3770718],[-71.1257735,42.3771777],[-71.1256392,42.3771463],[-71.1256842,42.3770404]]]}},{"type":"Feature","id":29684501,"properties":{"osmId":29684501,"category":"academic","addr:housenumber":"10","addr:street":"Phillips Place","building":"yes","name":"Washburn Commons","_wikiTried":true},"geometry":{"type":"Polygon","coordinates":[[[-71.123909,42.3764654],[-71.1239452,42.3764979],[-71.1239696,42.3764828],[-71.1239915,42.3765025],[-71.1240123,42.3764897],[-71.1240528,42.376526],[-71.1240785,42.3765103],[-71.1240635,42.3764969],[-71.1240929,42.376479],[-71.1244278,42.3767799],[-71.1244117,42.3767898],[-71.1244283,42.3768046],[-71.124387,42.37683],[-71.1243697,42.3768144],[-71.1243501,42.3768265],[-71.1243096,42.3767902],[-71.1241817,42.3768686],[-71.1238428,42.3765641],[-71.1238729,42.3765456],[-71.1238345,42.3765111],[-71.123909,42.3764654]]]}},{"type":"Feature","id":29684526,"properties":{"osmId":29684526,"category":"academic","addr:housename":"Fay House","addr:housenumber":"10","addr:state":"MA","addr:street":"Garden Street","building":"university","ele":"8","gnis:feature_id":"1971231","name":"Fay House","source":"MassGIS Buildings (http://www.mass.gov/mgis/lidarbuildingfp2d.htm); USGS Geonames","wikidata":"Q16972038","wikipedia":"en:Fay House","_wikiTried":true},"geometry":{"type":"Polygon","coordinates":[[[-71.1223556,42.3760792],[-71.1225291,42.3761886],[-71.1224546,42.376252],[-71.1225667,42.376327],[-71.1224879,42.3763902],[-71.1223467,42.3762946],[-71.1223269,42.3763127],[-71.122276,42.3762793],[-71.1222668,42.3762873],[-71.1222616,42.3762883],[-71.122256,42.3762886],[-71.1222506,42.3762882],[-71.1222452,42.3762871],[-71.1222404,42.3762853],[-71.1222359,42.3762829],[-71.122232,42.37628],[-71.1222289,42.3762766],[-71.1222267,42.3762729],[-71.1222253,42.3762689],[-71.1222252,42.3762618],[-71.122234,42.3762542],[-71.1221802,42.3762205],[-71.1221774,42.3762173],[-71.122175,42.3762139],[-71.1221732,42.3762103],[-71.1221721,42.3762066],[-71.1221715,42.3762028],[-71.1221716,42.3761991],[-71.1221723,42.3761953],[-71.1221737,42.3761916],[-71.1221756,42.376188],[-71.1221781,42.3761847],[-71.1221811,42.3761816],[-71.1221846,42.3761787],[-71.1221886,42.3761763],[-71.1221928,42.3761743],[-71.1221975,42.3761726],[-71.1222023,42.3761713],[-71.1222074,42.3761705],[-71.1222125,42.3761702],[-71.1222176,42.3761703],[-71.1222227,42.376171],[-71.1222277,42.376172],[-71.1222324,42.3761735],[-71.1222383,42.376176],[-71.1223556,42.3760792]]]}},{"type":"Feature","id":29684548,"properties":{"osmId":29684548,"category":"academic","addr:housenumber":"84;86","addr:street":"Brattle Street","building":"university","name":"Cronkhite Center","_wikiTried":true},"geometry":{"type":"Polygon","coordinates":[[[-71.1240025,42.3750211],[-71.1246909,42.3751719],[-71.1246517,42.3752703],[-71.1246235,42.3752641],[-71.1245602,42.3754228],[-71.1245842,42.3754294],[-71.1245374,42.3755223],[-71.1245221,42.3755181],[-71.1244316,42.375668],[-71.1244808,42.375684],[-71.1244208,42.375783],[-71.123833,42.3755867],[-71.1238923,42.3754891],[-71.1243057,42.3756272],[-71.1243938,42.3754825],[-71.1243496,42.3754702],[-71.1243966,42.3753774],[-71.1244382,42.3753889],[-71.1244989,42.3752363],[-71.1239635,42.3751191],[-71.1240025,42.3750211]]]}},{"type":"Feature","id":29684550,"properties":{"osmId":29684550,"category":"academic","addr:city":"Cambridge","addr:housenumber":"1737","addr:postcode":"02138","addr:state":"MA","addr:street":"Cambridge Street","architect":"Pei Cobb Freed & Partners","architect:wikidata":"Q6623279","architect:wikipedia":"en:Pei Cobb Freed & Partners","building":"university","full_name":"Center for Government and International Studies North Knafel Building","name":"CGIS North Knafel Building","name:etymology":"Sidney Knafel","short_name":"CGIS Knafel;CGIS North;Knafel Building;Knafel","start_date":"2005","_wikiTried":true},"geometry":{"type":"Polygon","coordinates":[[[-71.1130273,42.3754319],[-71.1135256,42.3754955],[-71.113439,42.3758605],[-71.1132314,42.375834],[-71.1131799,42.3758301],[-71.1131319,42.3758184],[-71.113098,42.3758054],[-71.1130584,42.3757827],[-71.1130295,42.3757578],[-71.113005,42.3757274],[-71.1129895,42.3756942],[-71.1129808,42.375662],[-71.1129835,42.3756201],[-71.1130273,42.3754319]]]}},{"type":"Feature","id":29684554,"properties":{"osmId":29684554,"category":"academic","addr:city":"Cambridge","addr:housenumber":"18","addr:place":"Harvard Yard","addr:postcode":"02138","addr:state":"MA","architect":"Alexander Wadsworth Longfellow Jr.","architect:wikidata":"Q4720315","architect:wikipedia":"en:Alexander Wadsworth Longfellow Jr.","building":"university","building:levels":"3","name":"Phillips Brooks House","operator":"Phillips Brooks House Association","roof:levels":"1","roof:shape":"gabled","short_name":"PBHA","start_date":"1900-01-23","website":"https://publicservice.fas.harvard.edu/pbha","wheelchair":"limited","_wikiTried":true},"geometry":{"type":"Polygon","coordinates":[[[-71.1178033,42.3755675],[-71.1179086,42.3755859],[-71.1179432,42.3755914],[-71.1180011,42.3756007],[-71.1181063,42.3756206],[-71.1180675,42.3757402],[-71.1177607,42.3756874],[-71.1177813,42.3756213],[-71.1177969,42.3755712],[-71.1178011,42.3755713],[-71.1178033,42.3755675]]]}},{"type":"Feature","id":29684572,"properties":{"osmId":29684572,"category":"academic","addr:city":"Cambridge","addr:housenumber":"15","addr:place":"Harvard Yard","addr:postcode":"02138","addr:state":"MA","building":"university","name":"Holden Chapel","start_date":"1744","wikidata":"Q5879456","wikipedia":"en:Holden Chapel","_wikiTried":true},"geometry":{"type":"Polygon","coordinates":[[[-71.1182474,42.3752387],[-71.1182166,42.3753374],[-71.1180266,42.3753055],[-71.1180573,42.3752062],[-71.1182474,42.3752387]]]}},{"type":"Feature","id":29684576,"properties":{"osmId":29684576,"category":"residential","addr:city":"Cambridge","addr:housenumber":"14","addr:place":"Harvard Yard","addr:postcode":"02138","addr:state":"MA","building":"dormitory","building:levels":"2","name":"Lionel Hall","roof:levels":"1","roof:shape":"quadruple_saltbox","_wikiTried":true},"geometry":{"type":"Polygon","coordinates":[[[-71.1183562,42.3749707],[-71.1184542,42.374988],[-71.1183668,42.3752587],[-71.1182689,42.3752415],[-71.1183562,42.3749707]]]}},{"type":"Feature","id":29684617,"properties":{"osmId":29684617,"category":"academic","addr:city":"Cambridge","addr:housenumber":"1341","addr:postcode":"02138","addr:state":"MA","addr:street":"Massachusetts Avenue","alt_name":"President's House","building":"university","building:levels":"2","name":"Wadsworth House","name:etymology":"Benjamin Wadsworth","name:etymology:wikidata":"Q4889349","name:etymology:wikipedia":"en:Benjamin Wadsworth","roof:levels":"1","start_date":"1726","university":"administrative","_wikiTried":true},"geometry":{"type":"Polygon","coordinates":[[[-71.1180559,42.3732554],[-71.1182204,42.3732942],[-71.1182182,42.3732993],[-71.1182529,42.3733078],[-71.1182009,42.3734139],[-71.1181829,42.3734086],[-71.1181132,42.3735492],[-71.1179891,42.3735186],[-71.1180256,42.3734456],[-71.1180314,42.3734466],[-71.1180667,42.3733782],[-71.1180028,42.3733623],[-71.1180559,42.3732554]]]}},{"type":"Feature","id":29684624,"properties":{"osmId":29684624,"category":"academic","addr:city":"Cambridge","addr:housenumber":"20","addr:postcode":"02138","addr:state":"MA","addr:street":"Quincy Street","building":"university","name":"Harvard Faculty Club","website":"https://www.hfc.harvard.edu/","_wikiTried":true},"geometry":{"type":"Polygon","coordinates":[[[-71.1142399,42.3731032],[-71.1143421,42.3731184],[-71.1143389,42.373149],[-71.1144087,42.3731607],[-71.1144075,42.3731669],[-71.1144439,42.3731736],[-71.1144464,42.3731667],[-71.1145107,42.3731769],[-71.114513,42.3731679],[-71.1145376,42.3731723],[-71.1145565,42.3731629],[-71.1145865,42.3731675],[-71.1145975,42.3731811],[-71.1146226,42.3731838],[-71.1145799,42.3733327],[-71.1144738,42.3733181],[-71.1144697,42.3733304],[-71.1143497,42.3733122],[-71.114327,42.3733903],[-71.1141036,42.3733553],[-71.1141172,42.3733093],[-71.1139844,42.3732873],[-71.1140088,42.3732003],[-71.1140045,42.3731928],[-71.114024,42.3731941],[-71.1140332,42.3731601],[-71.1140134,42.3731577],[-71.1140069,42.3731608],[-71.1139993,42.3731619],[-71.1140101,42.3731201],[-71.1140263,42.373121],[-71.1140268,42.373116],[-71.1141247,42.3731373],[-71.1142278,42.3731512],[-71.1142399,42.3731032]]]}},{"type":"Feature","id":29684632,"properties":{"osmId":29684632,"category":"residential","addr:city":"Cambridge","addr:housenumber":"6","addr:place":"Harvard Yard","addr:postcode":"02138","addr:state":"MA","building":"dormitory","name":"Wigglesworth Hall E–I","_wikiTried":true},"geometry":{"type":"Polygon","coordinates":[[[-71.1168,42.3729238],[-71.1175832,42.3731268],[-71.1175311,42.3732256],[-71.1169249,42.3730648],[-71.1167969,42.3730302],[-71.1167477,42.3730177],[-71.1168,42.3729238]]]}},{"type":"Feature","id":29684648,"properties":{"osmId":29684648,"category":"academic","addr:city":"Cambridge","addr:housenumber":"12","addr:postcode":"02138","addr:state":"MA","addr:street":"Quincy Street","architect":"McKim, Mead & White","architect:wikidata":"Q1915267","architect:wikipedia":"en:McKim, Mead & White","building":"university","full_name":"Barker Center for the Humanities","name":"Barker Center","name:etymology":"Robert R. Barker","name:etymology:url":"https://www.thecrimson.com/article/2002/11/25/barker-center-benefactor-top-overseer-dies/","old_name":"Harvard Union;Varsity Club;Freshman Union","start_date":"1901","wikidata":"Q14715521","_wikiTried":true},"geometry":{"type":"Polygon","coordinates":[[[-71.1142924,42.3724024],[-71.1143386,42.3724059],[-71.1143414,42.3723965],[-71.1144288,42.3724096],[-71.1144243,42.3724225],[-71.114449,42.3724257],[-71.1144471,42.3724339],[-71.1144941,42.3724415],[-71.1147413,42.3724816],[-71.1147774,42.3724874],[-71.1147801,42.3724798],[-71.1149337,42.3725047],[-71.1149163,42.3725695],[-71.1149302,42.3725714],[-71.114907,42.3726477],[-71.1148976,42.3726788],[-71.1148802,42.3727359],[-71.1148667,42.3727347],[-71.114846,42.372804],[-71.1146897,42.3727819],[-71.1147099,42.372713],[-71.1146425,42.3727014],[-71.114634,42.3727295],[-71.1144393,42.3726973],[-71.1144455,42.3726636],[-71.1143848,42.3726567],[-71.1143602,42.3727387],[-71.1143918,42.3727437],[-71.1143838,42.3727668],[-71.1144056,42.3727698],[-71.1143995,42.3727987],[-71.1144082,42.3727993],[-71.1144056,42.3728174],[-71.1143927,42.3728169],[-71.114386,42.372842],[-71.1141009,42.3727988],[-71.1141328,42.3727025],[-71.1142049,42.3727129],[-71.1142924,42.3724024]]]}},{"type":"Feature","id":29684658,"properties":{"osmId":29684658,"category":"religious","addr:city":"Cambridge","addr:housenumber":"980","addr:postcode":"02138","addr:state":"MA","addr:street":"Memorial Drive","amenity":"place_of_worship","building":"yes","denomination":"episcopal","name":"Society of St. John the Evangelist","religion":"christian","website":"https://www.ssje.org/","wikidata":"Q5166343","_wikiTried":true},"geometry":{"type":"Polygon","coordinates":[[[-71.1244302,42.3720357],[-71.1244876,42.3720988],[-71.1245354,42.372078],[-71.1245799,42.3721217],[-71.1245341,42.3721444],[-71.1246635,42.3722756],[-71.1248526,42.3721741],[-71.1248787,42.3722009],[-71.1248513,42.3722172],[-71.1248821,42.3722509],[-71.1249019,42.3722417],[-71.1249629,42.3722976],[-71.1249441,42.3723092],[-71.1249767,42.3723396],[-71.1248439,42.3724099],[-71.1248345,42.3724025],[-71.1247855,42.3724295],[-71.1248692,42.3725165],[-71.1249516,42.3724535],[-71.1250135,42.3725001],[-71.1248747,42.3726007],[-71.1248251,42.3725615],[-71.1248144,42.3725695],[-71.124697,42.3724404],[-71.1246792,42.3724518],[-71.1243493,42.3721138],[-71.1243849,42.3720972],[-71.1243638,42.3720742],[-71.1244302,42.3720357]]]}},{"type":"Feature","id":29684691,"properties":{"osmId":29684691,"category":"academic","addr:city":"Cambridge","addr:housenumber":"25","addr:postcode":"02138","addr:state":"MA","addr:street":"Mount Auburn Street","building":"university","building:levels":"4"},"geometry":{"type":"Polygon","coordinates":[[[-71.1148362,42.3707083],[-71.1150615,42.3707909],[-71.1149281,42.3709837],[-71.1150689,42.3710324],[-71.1150725,42.3710246],[-71.1152094,42.3710856],[-71.1151374,42.371183],[-71.1150825,42.3712724],[-71.1146101,42.3710816],[-71.1146614,42.3710054],[-71.1146902,42.371016],[-71.1147176,42.3709752],[-71.1146719,42.3709592],[-71.1148362,42.3707083]]]}},{"type":"Feature","id":29684694,"properties":{"osmId":29684694,"category":"other","addr:housenumber":"30","addr:street":"Holyoke Street","building":"yes","ele":"5","gnis:feature_id":"1971489","leisure":"fitness_centre","name":"Malkin Athletic Center","operator":"Harvard University","short_name":"MAC","source":"MassGIS Buildings (http://www.mass.gov/mgis/lidarbuildingfp2d.htm); USGS Geonames","website":"https://www.gocrimson.com/information/facilities/malkin","wikidata":"Q6743907","wikipedia":"en:Malkin Athletic Center","_wikiTried":true},"geometry":{"type":"Polygon","coordinates":[[[-71.119232,42.3710841],[-71.1197489,42.3712503],[-71.1195346,42.371617],[-71.1194187,42.3715797],[-71.1190175,42.3714508],[-71.119232,42.3710841]]]}},{"type":"Feature","id":29684697,"properties":{"osmId":29684697,"category":"academic","addr:housenumber":"85","addr:street":"Dunster Street","building":"university","name":"Kirkland Annex","_wikiTried":true},"geometry":{"type":"Polygon","coordinates":[[[-71.1201029,42.3710861],[-71.1201659,42.3711106],[-71.1202041,42.3711255],[-71.1201636,42.3711821],[-71.1207323,42.3714039],[-71.120729,42.3714085],[-71.1207561,42.3714191],[-71.1208284,42.3713193],[-71.1208679,42.3713377],[-71.1208016,42.3714201],[-71.1208147,42.3714252],[-71.1208231,42.3714134],[-71.1208899,42.3714395],[-71.1208239,42.371532],[-71.1207502,42.3715032],[-71.1207571,42.3714936],[-71.120681,42.371464],[-71.1206623,42.3714901],[-71.120448,42.371414],[-71.1199991,42.3712315],[-71.1201029,42.3710861]]]}},{"type":"Feature","id":29684708,"properties":{"osmId":29684708,"category":"academic","addr:housenumber":"30","addr:street":"Mount Auburn Street","building":"university"},"geometry":{"type":"Polygon","coordinates":[[[-71.1157386,42.3706934],[-71.1158342,42.3707271],[-71.1157601,42.3708431],[-71.1156646,42.3708095],[-71.1157386,42.3706934]]]}},{"type":"Feature","id":29684723,"properties":{"osmId":29684723,"category":"academic","addr:housenumber":"101","addr:street":"Plympton Street","building":"university"},"geometry":{"type":"Polygon","coordinates":[[[-71.1179915,42.3700079],[-71.1181088,42.3700393],[-71.1180783,42.3701013],[-71.1179611,42.3700699],[-71.1179915,42.3700079]]]}},{"type":"Feature","id":29685365,"properties":{"osmId":29685365,"category":"academic","addr:housenumber":"141","addr:street":"Highland Avenue","amenity":"kindergarten","building":"school","building:levels":"1","education":"kindergarten","name":"The Learning Circle","_wikiTried":true},"geometry":{"type":"Polygon","coordinates":[[[-71.1022714,42.3881746],[-71.1024661,42.3882462],[-71.102428,42.3883031],[-71.1024579,42.3883141],[-71.1023471,42.3884796],[-71.102256,42.3884461],[-71.1022825,42.3884064],[-71.1022325,42.3883882],[-71.1022063,42.3884275],[-71.1021228,42.3883968],[-71.1022259,42.3882428],[-71.1023118,42.3882744],[-71.1022795,42.3883227],[-71.102333,42.3883424],[-71.1023652,42.3882943],[-71.1023504,42.3882888],[-71.1023722,42.3882561],[-71.1022475,42.3882103],[-71.1022714,42.3881746]]]}},{"type":"Feature","id":29685383,"properties":{"osmId":29685383,"category":"religious","building":"yes"},"geometry":{"type":"Polygon","coordinates":[[[-71.1076914,42.3876399],[-71.1077724,42.3876697],[-71.1077391,42.3877195],[-71.1076582,42.3876897],[-71.1076914,42.3876399]]]}},{"type":"Feature","id":29685581,"properties":{"osmId":29685581,"category":"academic","addr:housenumber":"25","addr:state":"MA","addr:street":"Francis Avenue","building":"university","ele":"6","gnis:feature_id":"1971835","name":"Vanserg Building","source":"USGS Geonames","_wikiTried":true},"geometry":{"type":"Polygon","coordinates":[[[-71.1130725,42.3786879],[-71.1132816,42.3792546],[-71.1134038,42.3792301],[-71.1134662,42.3793993],[-71.1131231,42.3794683],[-71.1130327,42.3792232],[-71.1130252,42.3792028],[-71.1128516,42.3787323],[-71.1130725,42.3786879]]]}},{"type":"Feature","id":29685700,"properties":{"osmId":29685700,"category":"academic","addr:city":"Cambridge","addr:housenumber":"20","addr:postcode":"02138","addr:state":"MA","addr:street":"Sumner Road","alt_name":"HouseZero","building":"university","full_name":"Harvard Center for Green Buildings and Cities","name":"Center for Green Buildings and Cities","phone":"+1 617-495-8807","short_name":"CGBC","_wikiTried":true},"geometry":{"type":"Polygon","coordinates":[[[-71.1121524,42.3765124],[-71.1122986,42.3765316],[-71.1122724,42.3766409],[-71.1121264,42.3766217],[-71.1121524,42.3765124]]]}},{"type":"Feature","id":29685733,"properties":{"osmId":29685733,"category":"medical","addr:housenumber":"1611","addr:postcode":"02138","addr:street":"Cambridge Street","building":"hospital","building:levels":"2","roof:levels":"0","roof:shape":"flat"},"geometry":{"type":"Polygon","coordinates":[[[-71.1083988,42.3748116],[-71.1086469,42.3748443],[-71.1086835,42.3748885],[-71.1086041,42.3752204],[-71.1085627,42.375215],[-71.1085492,42.375271],[-71.1085907,42.3752765],[-71.1085765,42.3753355],[-71.1085103,42.3753678],[-71.1083951,42.3753527],[-71.1083933,42.3753608],[-71.1082323,42.3753396],[-71.1082004,42.3752975],[-71.1082152,42.3752354],[-71.1082627,42.3752417],[-71.1082725,42.3752007],[-71.108243,42.3751969],[-71.1082145,42.3751491],[-71.1082726,42.3749064],[-71.1083365,42.3748676],[-71.1083431,42.3748403],[-71.1083988,42.3748116]]]}},{"type":"Feature","id":29685756,"properties":{"osmId":29685756,"category":"library","addr:city":"Cambridge","addr:housenumber":"449","addr:postcode":"02138","addr:state":"MA","addr:street":"Broadway","air_conditioning":"yes","amenity":"library","building":"civic","building:levels":"3","check_date:opening_hours":"2025-07-06","internet_access":"wlan","internet_access:fee":"no","internet_access:ssid":"Cambridge Public Internet","name":"Cambridge Public Library","opening_hours":"Mo-Th 09:00-21:00; Fr,Sa 09:00-17:00; Su 13:00-17:00","phone":"+1 617-349-4040","ref:isil":"US-mc","roof:levels":"0","website":"https://www.cambridgema.gov/cpl/hoursandlocations/mainlibrary","wheelchair":"yes","wikidata":"Q5025501","wikipedia":"en:Cambridge Public Library","_wikiTried":true},"geometry":{"type":"Polygon","coordinates":[[[-71.1099941,42.3736469],[-71.1103731,42.3737985],[-71.1103983,42.3738086],[-71.1104362,42.3738233],[-71.1105792,42.3738788],[-71.1105405,42.3739375],[-71.1105719,42.3739492],[-71.110638,42.3739737],[-71.1106432,42.3739588],[-71.1106559,42.3739449],[-71.1106827,42.3739343],[-71.110717,42.3739334],[-71.1109546,42.3740229],[-71.1109579,42.3740145],[-71.1109663,42.3740071],[-71.110978,42.3740005],[-71.110997,42.3740007],[-71.1110109,42.3740041],[-71.111021,42.3740104],[-71.1110298,42.3740271],[-71.1111227,42.3740693],[-71.1110135,42.374204],[-71.1109012,42.3741581],[-71.1107637,42.3743406],[-71.1107362,42.3743308],[-71.1107295,42.3743347],[-71.1107249,42.3743367],[-71.11072,42.3743383],[-71.1107148,42.3743394],[-71.1107096,42.37434],[-71.1107042,42.37434],[-71.1106989,42.3743397],[-71.1106937,42.3743388],[-71.1106886,42.3743376],[-71.1106839,42.3743358],[-71.1106794,42.3743337],[-71.1106753,42.374331],[-71.1106716,42.3743281],[-71.1106685,42.374325],[-71.110666,42.3743215],[-71.1106639,42.3743178],[-71.1106626,42.374314],[-71.1106618,42.37431],[-71.1106618,42.3743061],[-71.1106623,42.3743021],[-71.1106347,42.3742914],[-71.1107269,42.3741746],[-71.110684,42.3741542],[-71.1106474,42.37421],[-71.1105286,42.3741607],[-71.1105979,42.3740611],[-71.1105206,42.3740306],[-71.1104514,42.3741288],[-71.1099254,42.3739283],[-71.1099434,42.3738544],[-71.1099941,42.3736469]]]}},{"type":"Feature","id":29685998,"properties":{"osmId":29685998,"category":"religious","addr:housenumber":"239;241","addr:street":"Harvard Street","amenity":"place_of_worship","building":"church","contact:facebook":"https://www.facebook.com/SaintBartsMA","denomination":"episcopal","name":"Saint Bartholomew's Episcopal Church","phone":"+1-617-354-8582","religion":"christian","website":"https://www.stbartscambridge.org/","_wikiTried":true},"geometry":{"type":"Polygon","coordinates":[[[-71.1005428,42.3679758],[-71.1007648,42.3680538],[-71.1006359,42.3682495],[-71.1006824,42.3682673],[-71.100657,42.3683025],[-71.1005944,42.36828],[-71.1005922,42.3682837],[-71.1004041,42.368217],[-71.1004072,42.3682123],[-71.1003279,42.3681851],[-71.1003784,42.3681088],[-71.1003901,42.3681127],[-71.1003998,42.3681103],[-71.1004123,42.3681111],[-71.1004256,42.3681139],[-71.1004346,42.3681187],[-71.1004398,42.3681241],[-71.1004419,42.36813],[-71.1005428,42.3679758]]]}},{"type":"Feature","id":29708790,"properties":{"osmId":29708790,"category":"other","addr:city":"Boston","addr:housenumber":"65","addr:postcode":"02163","addr:state":"MA","addr:street":"North Harvard Street","building":"yes","leisure":"ice_rink","name":"Bright-Landry Hockey Center","operator":"Harvard University","source":"USGS Geonames","sport":"ice_hockey","website":"https://gocrimson.com/sports/2020/5/8/the-bright-landry-hockey-center.aspx?id=3584","wikipedia":"en:Bright-Landry Hockey Center","_wikiTried":true},"geometry":{"type":"Polygon","coordinates":[[[-71.1269,42.3679348],[-71.126959,42.367955],[-71.1269732,42.3679394],[-71.1278049,42.3683827],[-71.1278968,42.3684392],[-71.1275576,42.3687898],[-71.1274871,42.368751],[-71.1274566,42.3687795],[-71.1267007,42.3683734],[-71.1267189,42.3683578],[-71.1265843,42.3682851],[-71.1269,42.3679348]]]}},{"type":"Feature","id":29724935,"properties":{"osmId":29724935,"category":"academic","addr:housenumber":"28","amenity":"school","building":"school","education":"school","name":"Maria L. Baldwin School","name:etymology:wikidata":"Q6761375","_wikiTried":true},"geometry":{"type":"Polygon","coordinates":[[[-71.1167071,42.382134],[-71.1169828,42.3821389],[-71.1169722,42.3824628],[-71.1163812,42.3824523],[-71.1163896,42.3821956],[-71.1167049,42.3822012],[-71.1167071,42.382134]]]}},{"type":"Feature","id":29724981,"properties":{"osmId":29724981,"category":"residential","addr:housenumber":"64","addr:postcode":"02138","addr:state":"MA","addr:street":"Linnaean Street","architect":"Harrison & Abramovitz","building":"dormitory","name":"Tuchman Hall","name:etymology":"Barbara Wertheim Tuchman","name:etymology:wikidata":"Q59112","name:etymology:wikipedia":"en:Barbara W. Tuchman","start_date":"1970","_wikiTried":true},"geometry":{"type":"Polygon","coordinates":[[[-71.1257421,42.3820451],[-71.125737,42.3820391],[-71.1257786,42.3820201],[-71.1257846,42.3820272],[-71.1258231,42.3820097],[-71.1258293,42.3820171],[-71.12584,42.3820122],[-71.1258837,42.3820646],[-71.1259168,42.3820495],[-71.1259102,42.3820416],[-71.1259507,42.3820232],[-71.1259556,42.382029],[-71.1259937,42.3820117],[-71.1260003,42.3820197],[-71.1260086,42.382016],[-71.1260443,42.3820588],[-71.1260302,42.3820652],[-71.1260352,42.3820712],[-71.1260713,42.3820548],[-71.1261162,42.3821087],[-71.1260856,42.3821226],[-71.1261248,42.3821695],[-71.1261155,42.3821737],[-71.126125,42.382185],[-71.1260911,42.3822005],[-71.1260959,42.3822063],[-71.1260473,42.3822285],[-71.1260429,42.3822233],[-71.1260042,42.3822411],[-71.1259958,42.3822312],[-71.1259864,42.3822355],[-71.1259533,42.3821963],[-71.1259744,42.3821866],[-71.1259593,42.3821687],[-71.1258344,42.3822262],[-71.12579,42.3821735],[-71.1257762,42.3821798],[-71.1257374,42.3821339],[-71.1257576,42.3821246],[-71.1257415,42.3821056],[-71.1257329,42.3821095],[-71.1257025,42.3820734],[-71.1257136,42.3820683],[-71.1257075,42.382061],[-71.1257421,42.3820451]]]}},{"type":"Feature","id":29725038,"properties":{"osmId":29725038,"category":"religious","addr:city":"Cambridge","addr:housenumber":"100","addr:postcode":"02138","addr:state":"MA","addr:street":"Concord Avenue","amenity":"place_of_worship","building":"church","check_date":"2025-06-23","name":"Saint Peter Parish","religion":"christian","website":"https://saintpetercambridge.org/","_wikiTried":true},"geometry":{"type":"Polygon","coordinates":[[[-71.1298726,42.3813393],[-71.1300485,42.3814461],[-71.1301111,42.3813894],[-71.1301384,42.3814059],[-71.1301575,42.3813885],[-71.130207,42.3814187],[-71.1301787,42.3814443],[-71.1302542,42.3814902],[-71.1302122,42.3815283],[-71.1302153,42.3815313],[-71.1302181,42.3815345],[-71.1302208,42.3815377],[-71.1302232,42.3815412],[-71.1302253,42.3815446],[-71.1302273,42.3815482],[-71.1302289,42.3815518],[-71.1302303,42.3815555],[-71.1302315,42.3815592],[-71.1302323,42.381563],[-71.1302329,42.3815668],[-71.1302332,42.3815706],[-71.1302333,42.3815744],[-71.130233,42.3815782],[-71.1302327,42.3815821],[-71.1302319,42.3815859],[-71.1302309,42.3815895],[-71.1302296,42.3815933],[-71.1302281,42.3815969],[-71.1302262,42.3816005],[-71.1302243,42.381604],[-71.1302219,42.3816074],[-71.1302194,42.3816108],[-71.1302167,42.3816141],[-71.1302136,42.3816171],[-71.1302105,42.3816202],[-71.130207,42.381623],[-71.1302035,42.3816257],[-71.1301997,42.3816283],[-71.1301957,42.3816308],[-71.1301916,42.3816331],[-71.1301873,42.3816352],[-71.1301829,42.3816372],[-71.1301783,42.381639],[-71.1301737,42.3816405],[-71.1301688,42.3816419],[-71.1301639,42.3816432],[-71.1301589,42.3816442],[-71.130154,42.381645],[-71.1301489,42.3816457],[-71.1301438,42.3816462],[-71.1301342,42.3816464],[-71.1300748,42.3817001],[-71.1298938,42.3815901],[-71.1299456,42.3815432],[-71.1297671,42.3814348],[-71.1298726,42.3813393]]]}},{"type":"Feature","id":29725048,"properties":{"osmId":29725048,"category":"academic","addr:housenumber":"20","addr:street":"Wendell Street","building":"yes"},"geometry":{"type":"Polygon","coordinates":[[[-71.1179881,42.3813318],[-71.1180572,42.3813346],[-71.1180515,42.3814132],[-71.118091,42.3814147],[-71.1180839,42.3815095],[-71.117982,42.3815053],[-71.1179861,42.3814495],[-71.1179385,42.3814476],[-71.1179432,42.3813846],[-71.1179841,42.3813863],[-71.1179881,42.3813318]]]}},{"type":"Feature","id":29725052,"properties":{"osmId":29725052,"category":"academic","addr:housenumber":"24","addr:street":"Wendell Street","building":"yes"},"geometry":{"type":"Polygon","coordinates":[[[-71.1177504,42.3813447],[-71.1178748,42.3813498],[-71.1178645,42.3814892],[-71.1176895,42.3814821],[-71.1176959,42.3813946],[-71.1177466,42.3813967],[-71.1177504,42.3813447]]]}},{"type":"Feature","id":29725053,"properties":{"osmId":29725053,"category":"academic","addr:housenumber":"68","addr:street":"Oxford Street","building":"yes"},"geometry":{"type":"Polygon","coordinates":[[[-71.1160351,42.3812989],[-71.1161509,42.3813058],[-71.1161362,42.3814407],[-71.1159762,42.3814312],[-71.1159782,42.3814128],[-71.1159245,42.3814095],[-71.1159343,42.3813193],[-71.1160321,42.3813251],[-71.1160351,42.3812989]]]}},{"type":"Feature","id":29725064,"properties":{"osmId":29725064,"category":"academic","addr:housenumber":"22","addr:street":"Wendell Street","building":"yes"},"geometry":{"type":"Polygon","coordinates":[[[-71.1177898,42.3812136],[-71.1179587,42.3812184],[-71.1179555,42.3812784],[-71.1177867,42.3812735],[-71.1177898,42.3812136]]]}},{"type":"Feature","id":29725081,"properties":{"osmId":29725081,"category":"academic","addr:housenumber":"11","addr:street":"Mellen Street","building":"yes"},"geometry":{"type":"Polygon","coordinates":[[[-71.1185763,42.3809121],[-71.1186733,42.3809149],[-71.1186658,42.3810604],[-71.1185688,42.3810577],[-71.1185763,42.3809121]]]}},{"type":"Feature","id":29725086,"properties":{"osmId":29725086,"category":"academic","addr:housenumber":"27","addr:street":"Mellen Street","building":"yes"},"geometry":{"type":"Polygon","coordinates":[[[-71.1176645,42.3808652],[-71.1177413,42.3808673],[-71.1177375,42.38094],[-71.1177577,42.3809406],[-71.117753,42.3810291],[-71.1176286,42.3810256],[-71.1176334,42.3809328],[-71.117661,42.3809336],[-71.1176645,42.3808652]]]}},{"type":"Feature","id":29725087,"properties":{"osmId":29725087,"category":"academic","addr:housenumber":"31","addr:street":"Mellen Street","building":"yes"},"geometry":{"type":"Polygon","coordinates":[[[-71.117243,42.3808487],[-71.1173635,42.3808521],[-71.1173552,42.3810088],[-71.1172348,42.3810053],[-71.117243,42.3808487]]]}},{"type":"Feature","id":29725118,"properties":{"osmId":29725118,"category":"residential","addr:housenumber":"12","addr:street":"Mellen Street","building":"dormitory"},"geometry":{"type":"Polygon","coordinates":[[[-71.1185742,42.3805335],[-71.118633,42.3805359],[-71.1186343,42.3805184],[-71.1186899,42.3805206],[-71.1186781,42.3806839],[-71.1185819,42.3806801],[-71.1185858,42.3806255],[-71.1185676,42.3806248],[-71.1185742,42.3805335]]]}},{"type":"Feature","id":29725198,"properties":{"osmId":29725198,"category":"academic","addr:housenumber":"34","addr:street":"Concord Avenue","building":"university","building:levels":"2","roof:levels":"1","roof:shape":"hipped"},"geometry":{"type":"Polygon","coordinates":[[[-71.1264962,42.3795234],[-71.1267663,42.3796783],[-71.1266526,42.3797865],[-71.1263824,42.3796316],[-71.1264962,42.3795234]]]}},{"type":"Feature","id":29725228,"properties":{"osmId":29725228,"category":"academic","addr:housenumber":"16","addr:street":"Divinity Avenue","building":"university","name":"Biological Laboratories","_wikiTried":true},"geometry":{"type":"Polygon","coordinates":[[[-71.1142687,42.3782466],[-71.1143183,42.378381],[-71.1137707,42.3784901],[-71.113654,42.3785156],[-71.1135925,42.3785269],[-71.113442,42.3785572],[-71.1135469,42.3788419],[-71.1135632,42.378886],[-71.1136862,42.3792197],[-71.114024,42.3791517],[-71.114048,42.3791469],[-71.1140665,42.3791972],[-71.1140377,42.3792029],[-71.1140686,42.3792867],[-71.1135549,42.37939],[-71.1132119,42.3784591],[-71.1142687,42.3782466]]]}},{"type":"Feature","id":29725282,"properties":{"osmId":29725282,"category":"academic","addr:housenumber":"1575","addr:postcode":"02138-2801","addr:street":"Massachusetts Avenue","alt_name":"Holmes Field Building","architect":"Kallmann McKinnell & Wood","architect:wikidata":"Q6353893","architect:wikipedia":"en:Kallmann McKinnell & Wood","building":"university","ele":"6","gnis:feature_id":"1970936;1971346","name":"Hauser Hall","name:etymology":"Gustave Hauser;Rita Hauser","name:etymology:url":"https://www.law.nyu.edu/global/abouthauser/hausers","source":"USGS Geonames","start_date":"1994","wikidata":"Q121436316","_wikiTried":true},"geometry":{"type":"Polygon","coordinates":[[[-71.1182942,42.3785024],[-71.118319,42.3785728],[-71.1182962,42.3785777],[-71.1183036,42.3785985],[-71.1183498,42.3785901],[-71.1183585,42.3786307],[-71.1183565,42.3786619],[-71.1183465,42.3786926],[-71.1183311,42.3787194],[-71.1183069,42.3787471],[-71.1182757,42.3787713],[-71.1182432,42.3787882],[-71.1182032,42.3788013],[-71.118167,42.3788077],[-71.1181342,42.37881],[-71.1180937,42.3788075],[-71.118051,42.3788001],[-71.1180102,42.3787857],[-71.1179771,42.3787676],[-71.1179488,42.3787437],[-71.1179261,42.3787184],[-71.1179066,42.3786807],[-71.1179549,42.3786698],[-71.1179468,42.37865],[-71.1179234,42.378655],[-71.1178939,42.3785827],[-71.117912,42.3785782],[-71.1178997,42.3785474],[-71.117972,42.3785338],[-71.1182645,42.3784762],[-71.1182754,42.3785069],[-71.1182942,42.3785024]]]}},{"type":"Feature","id":29725465,"properties":{"osmId":29725465,"category":"academic","building":"yes","name":"Lesley University Graduate School of Arts & Social Sciences","_wikiTried":true},"geometry":{"type":"Polygon","coordinates":[[[-71.1234874,42.3763595],[-71.1235494,42.3764654],[-71.1235133,42.3764771],[-71.1235428,42.3765276],[-71.1236023,42.3765085],[-71.1236349,42.376564],[-71.1234967,42.3766086],[-71.1234782,42.376577],[-71.123448,42.3765867],[-71.12343,42.3765558],[-71.1234475,42.3765502],[-71.1233599,42.3764005],[-71.1234874,42.3763595]]]}},{"type":"Feature","id":29725477,"properties":{"osmId":29725477,"category":"academic","addr:city":"Cambridge","addr:housenumber":"17","addr:postcode":"02138","addr:state":"MA","addr:street":"Sumner Road","architect":"Oliver Hastings","building":"university","building:colour":"#D2B48C","construction_date":"1844","name":"17 Sumner Road","old_addr:housenumber":"15","old_addr:street":"Sumner Road","start_date":"1961","_wikiTried":true},"geometry":{"type":"Polygon","coordinates":[[[-71.1126415,42.376279],[-71.1127621,42.3762959],[-71.1127645,42.3762863],[-71.1128037,42.3762917],[-71.1127987,42.3763114],[-71.1129523,42.3763328],[-71.1129388,42.3763857],[-71.1128955,42.3763797],[-71.1128926,42.3763907],[-71.1128699,42.3763876],[-71.1128728,42.3763763],[-71.1126254,42.3763419],[-71.1126415,42.376279]]]}},{"type":"Feature","id":29725567,"properties":{"osmId":29725567,"category":"other","addr:city":"Cambridge","addr:housenumber":"14","addr:postcode":"02138","addr:state":"MA","addr:street":"Appian Way","amenity":"university","building":"yes","education":"university","ele":"8","gnis:feature_id":"1971437","name":"Larsen Building","operator":"Harvard University","source":"USGS Geonames","_wikiTried":true},"geometry":{"type":"Polygon","coordinates":[[[-71.1213034,42.3752839],[-71.1214754,42.3754076],[-71.1213765,42.3754833],[-71.1213913,42.3754941],[-71.1213324,42.3755391],[-71.1213185,42.375529],[-71.1212805,42.3755581],[-71.1211075,42.3754336],[-71.1213034,42.3752839]]]}},{"type":"Feature","id":29725571,"properties":{"osmId":29725571,"category":"academic","addr:housenumber":"77","addr:state":"MA","addr:street":"Brattle Street","building":"university","gnis:feature_id":"971047","name":"Wallach House","source":"MassGIS Buildings (http://www.mass.gov/mgis/lidarbuildingfp2d.htm);USGS Geonames","_wikiTried":true},"geometry":{"type":"Polygon","coordinates":[[[-71.1229466,42.3754402],[-71.1230098,42.3754838],[-71.1227875,42.3756597],[-71.1227373,42.375625],[-71.1228107,42.3755669],[-71.1227977,42.3755579],[-71.1229466,42.3754402]]]}},{"type":"Feature","id":29725585,"properties":{"osmId":29725585,"category":"religious","alt_name":"Christ Episcopal Church","amenity":"place_of_worship","building":"church","check_date":"2025-06-26","denomination":"episcopal","ele":"8","gnis:feature_id":"1971115","name":"Christ Church","religion":"christian","wikidata":"Q5108740","wikipedia":"en:Christ Church (Cambridge, Massachusetts)","_wikiTried":true},"geometry":{"type":"Polygon","coordinates":[[[-71.1209631,42.3750025],[-71.12106,42.3750978],[-71.1210445,42.3751162],[-71.1211626,42.3751709],[-71.1211266,42.3752136],[-71.1210994,42.375201],[-71.1209918,42.3753289],[-71.120972,42.3753198],[-71.1209235,42.3753775],[-71.1206915,42.3752702],[-71.1205543,42.3754332],[-71.1205125,42.3754139],[-71.1204846,42.375447],[-71.1204037,42.3754096],[-71.1204317,42.3753764],[-71.1203898,42.375357],[-71.120565,42.3751489],[-71.1205815,42.3751566],[-71.1206525,42.3750723],[-71.1207898,42.3751358],[-71.1208075,42.3751147],[-71.1208718,42.3751445],[-71.1208993,42.3751117],[-71.1208525,42.3750648],[-71.1209631,42.3750025]]]}},{"type":"Feature","id":29725600,"properties":{"osmId":29725600,"category":"academic","addr:housenumber":"6","addr:street":"Appian Way","building":"university","name":"Gutman Library","wikidata":"Q48977184","_wikiTried":true},"geometry":{"type":"Polygon","coordinates":[[[-71.1219574,42.3746984],[-71.1221126,42.3748318],[-71.1220764,42.3748617],[-71.1221328,42.3748993],[-71.1219161,42.3750778],[-71.121832,42.3750216],[-71.1217621,42.3750792],[-71.1216823,42.3750258],[-71.1215998,42.3750937],[-71.1213528,42.3749287],[-71.1214049,42.3748858],[-71.1213491,42.3748485],[-71.1215186,42.3747398],[-71.1215367,42.374752],[-71.1215508,42.3747405],[-71.1215739,42.374756],[-71.1216216,42.3747167],[-71.1217366,42.3747934],[-71.121845,42.3747042],[-71.1218953,42.3747378],[-71.1219136,42.3747227],[-71.1219214,42.3747279],[-71.1219574,42.3746984]]]}},{"type":"Feature","id":29725610,"properties":{"osmId":29725610,"category":"academic","addr:housenumber":"85-95","addr:street":"Prescott Street","building":"university"},"geometry":{"type":"Polygon","coordinates":[[[-71.1137722,42.3745674],[-71.1137721,42.3745705],[-71.1137773,42.3745706],[-71.1137776,42.374582],[-71.1139958,42.3747075],[-71.1139908,42.3747095],[-71.1139902,42.3747128],[-71.1139917,42.3747169],[-71.1139929,42.3747228],[-71.1139878,42.3747293],[-71.113979,42.3747336],[-71.1139607,42.3747335],[-71.1139603,42.3747458],[-71.1139823,42.3747466],[-71.1139819,42.3747506],[-71.1139862,42.3747508],[-71.1139707,42.3748323],[-71.1137569,42.374805],[-71.1137469,42.3748571],[-71.1139331,42.3748793],[-71.1138861,42.3750722],[-71.1137,42.3750502],[-71.1136957,42.3750781],[-71.1135868,42.3750652],[-71.1136003,42.3750002],[-71.1135904,42.3749998],[-71.1135962,42.3749685],[-71.1136081,42.3749689],[-71.1136179,42.3749214],[-71.1136087,42.3749211],[-71.1136127,42.3748895],[-71.1136254,42.3748897],[-71.1136564,42.3747535],[-71.1136468,42.3747533],[-71.113647,42.3747449],[-71.1136462,42.3747376],[-71.1136487,42.3747294],[-71.1136535,42.3747212],[-71.1136645,42.3747213],[-71.1136793,42.3746536],[-71.1136682,42.374653],[-71.1136745,42.3746211],[-71.1136864,42.3746218],[-71.1137016,42.3745586],[-71.1137722,42.3745674]]]}},{"type":"Feature","id":29725638,"properties":{"osmId":29725638,"category":"academic","access":"permit","addr:city":"Cambridge","addr:housenumber":"31","addr:place":"Harvard Yard","addr:postcode":"02138","addr:state":"MA","architect":"Horace Trumbauer;Julian Abele","building":"university","ele":"9","full_name":"Harry Elkins Widener Memorial Library;Widener Memorial Library","gnis:feature_id":"1971320","internet_access":"yes","name":"Widener Library","name:en":"Widener Library","name:etymology":"Harry Elkins Widener","name:etymology:wikidata":"Q511212","name:etymology:wikipedia":"en:Harry Elkins Widener","name:zh":"图书馆","operator":"Harvard University","operator:type":"university","short_name":"Widener","source":"USGS Geonames","start_date":"1915","wikidata":"Q1060854","wikipedia":"en:Widener Library","_wikiTried":true},"geometry":{"type":"Polygon","coordinates":[[[-71.1163347,42.3730581],[-71.1165436,42.3730941],[-71.1166161,42.3731066],[-71.1166813,42.3731179],[-71.1168703,42.3731505],[-71.1168693,42.3731536],[-71.1168839,42.3731561],[-71.1168781,42.3731746],[-71.116968,42.37319],[-71.1169648,42.3732],[-71.1169745,42.3732016],[-71.1169338,42.3733305],[-71.1169104,42.3733265],[-71.1167901,42.3737073],[-71.1168013,42.3737092],[-71.1167979,42.37372],[-71.116816,42.3737231],[-71.1167767,42.3738473],[-71.1167656,42.3738454],[-71.1167628,42.3738541],[-71.1167505,42.3738519],[-71.1167445,42.3738709],[-71.1166446,42.3738535],[-71.1166436,42.3738568],[-71.1166284,42.3738542],[-71.1166253,42.3738639],[-71.1165547,42.3738516],[-71.1163829,42.3738218],[-71.1162015,42.3737903],[-71.1161348,42.3737787],[-71.1161243,42.3737769],[-71.11613,42.3737587],[-71.116021,42.3737398],[-71.1160269,42.3737209],[-71.1160152,42.3737189],[-71.116018,42.3737101],[-71.116006,42.373708],[-71.1160446,42.3735857],[-71.1160557,42.3735876],[-71.1160581,42.3735801],[-71.1160712,42.3735823],[-71.1161906,42.3732022],[-71.1161791,42.3732003],[-71.1161823,42.3731901],[-71.1161725,42.3731884],[-71.1162101,42.3730688],[-71.11622,42.3730705],[-71.1162229,42.3730611],[-71.116313,42.3730765],[-71.1163187,42.3730582],[-71.1163339,42.3730608],[-71.1163347,42.3730581]]]}},{"type":"Feature","id":29725683,"properties":{"osmId":29725683,"category":"academic","addr:housenumber":"16","addr:street":"Quincy Street","building":"university","name":"Dana-Palmer House","wikidata":"Q5214648","_wikiTried":true},"geometry":{"type":"Polygon","coordinates":[[[-71.1146215,42.3729309],[-71.1146941,42.3729417],[-71.1147863,42.3729566],[-71.1147848,42.3729612],[-71.1148125,42.372964],[-71.1147816,42.3730771],[-71.1147569,42.3730747],[-71.1147468,42.3730755],[-71.1147245,42.3730732],[-71.1146717,42.3730637],[-71.1146633,42.3730622],[-71.1145863,42.3730519],[-71.1146215,42.3729309]]]}},{"type":"Feature","id":29725686,"properties":{"osmId":29725686,"category":"academic","addr:housenumber":"11","addr:street":"Prescott Street","building":"university","name":"Warren House","wikidata":"Q4878591","_wikiTried":true},"geometry":{"type":"Polygon","coordinates":[[[-71.1140951,42.3728805],[-71.1141512,42.3728887],[-71.1141514,42.372885],[-71.1143044,42.3729085],[-71.1143065,42.3729024],[-71.1143885,42.3729168],[-71.1143542,42.3730379],[-71.11414,42.3730015],[-71.114125,42.3730475],[-71.1140448,42.3730348],[-71.1140618,42.3729756],[-71.1140665,42.3729762],[-71.1140951,42.3728805]]]}},{"type":"Feature","id":29725741,"properties":{"osmId":29725741,"category":"academic","addr:city":"Cambridge","addr:housenumber":"13;15;21","addr:postcode":"02138","addr:state":"MA","addr:street":"Bow Street","building":"university","building:levels":"2","name":"Library Commons","_wikiTried":true},"geometry":{"type":"Polygon","coordinates":[[[-71.1165836,42.3715805],[-71.1165102,42.3717602],[-71.1165513,42.3717688],[-71.1165616,42.3717711],[-71.1165905,42.3717782],[-71.1165627,42.3718502],[-71.1166062,42.3718613],[-71.1166365,42.3717896],[-71.1167566,42.3718197],[-71.1166885,42.3719681],[-71.1162788,42.3718554],[-71.1163957,42.371557],[-71.116434,42.3715661],[-71.116443,42.3715492],[-71.1165836,42.3715805]]]}},{"type":"Feature","id":29725811,"properties":{"osmId":29725811,"category":"academic","addr:city":"Cambridge","addr:housenumber":"20","addr:postcode":"02138","addr:state":"MA","addr:street":"DeWolfe Street","building":"university","material":"brick","name":"20 DeWolfe Street","roof:shape":"mansard","start_date":"1991","university":"residential","_wikiTried":true},"geometry":{"type":"Polygon","coordinates":[[[-71.1164518,42.3698787],[-71.1166544,42.3699418],[-71.1166352,42.3699699],[-71.1166858,42.3699856],[-71.1166179,42.3700944],[-71.1165711,42.3700785],[-71.1164498,42.3702642],[-71.1163485,42.3702321],[-71.1163421,42.3702422],[-71.1162491,42.3702148],[-71.1163742,42.3700091],[-71.1163328,42.3699973],[-71.1163896,42.369896],[-71.1164329,42.3699077],[-71.1164518,42.3698787]]]}},{"type":"Feature","id":29727432,"properties":{"osmId":29727432,"category":"religious","addr:housenumber":"125","addr:street":"Highland Avenue","amenity":"place_of_worship","building":"church","ele":"33","gnis:feature_id":"1974423","name":"Centro Apostólico y Profético","religion":"christian","start_date":"1894","wikidata":"Q5454037","wikipedia":"en:First Universalist Church (Somerville, Massachusetts)","_wikiTried":true},"geometry":{"type":"Polygon","coordinates":[[[-71.100696,42.3877116],[-71.100729,42.3877236],[-71.1007535,42.3876868],[-71.1008056,42.3877057],[-71.1007816,42.3877418],[-71.1009335,42.3877969],[-71.1009547,42.387765],[-71.1010238,42.3877901],[-71.1007913,42.3881394],[-71.1006217,42.3880778],[-71.1007631,42.3878653],[-71.1006266,42.3878158],[-71.100696,42.3877116]]]}},{"type":"Feature","id":29785730,"properties":{"osmId":29785730,"category":"academic","addr:city":"Cambridge","addr:housenumber":"44","addr:postcode":"02138","addr:state":"MA","addr:street":"Francis Avenue","building":"university","ele":"5","gnis:feature_id":"1971394","name":"Jewett House","source":"USGS Geonames","_wikiTried":true},"geometry":{"type":"Polygon","coordinates":[[[-71.112316,42.3802913],[-71.1123847,42.3804706],[-71.1123653,42.3804746],[-71.1123931,42.3805471],[-71.1123039,42.3805658],[-71.1122763,42.3804938],[-71.1122492,42.3804994],[-71.1122286,42.3804457],[-71.112185,42.3804549],[-71.1121651,42.3804029],[-71.1122061,42.3803943],[-71.1121781,42.3803211],[-71.1121933,42.3803179],[-71.1121846,42.3802953],[-71.1122918,42.3802729],[-71.1123001,42.3802946],[-71.112316,42.3802913]]]}},{"type":"Feature","id":29787688,"properties":{"osmId":29787688,"category":"academic","addr:city":"Cambridge","addr:housenumber":"80","addr:postcode":"02138","addr:state":"MA","addr:street":"Sparks Street","building":"school"},"geometry":{"type":"Polygon","coordinates":[[[-71.1310331,42.3806065],[-71.1310842,42.3807606],[-71.1310661,42.3807639],[-71.1310799,42.3808056],[-71.1312082,42.3807823],[-71.1312385,42.3808737],[-71.1309714,42.3809224],[-71.1308762,42.3806351],[-71.1310331,42.3806065]]]}},{"type":"Feature","id":29787821,"properties":{"osmId":29787821,"category":"religious","addr:city":"Cambridge","addr:housenumber":"53","addr:postcode":"02139","addr:state":"MA","addr:street":"Antrim Street","amenity":"place_of_worship","building":"church","denomination":"reformed","email":"session@reformedprescambridge.com","name":"First Reformed Presbyterian Church","phone":"+1-617-864-3185","religion":"christian","service_times":"Su 11:00, 18:00","website":"http://www.reformedprescambridge.com","wikidata":"Q133250748","_wikiTried":true},"geometry":{"type":"Polygon","coordinates":[[[-71.1030658,42.3715765],[-71.1032774,42.3716627],[-71.1032656,42.3716785],[-71.1033121,42.3716974],[-71.1032534,42.3717761],[-71.1029953,42.3716709],[-71.1030658,42.3715765]]]}},{"type":"Feature","id":29788731,"properties":{"osmId":29788731,"category":"academic","access":"private","addr:city":"Cambridge","addr:housenumber":"21","addr:place":"Harvard Yard","addr:postcode":"02138","addr:state":"MA","building":"university","ele":"8","gnis:feature_id":"1971806","name":"Thayer Hall","private":"students","source":"USGS Geonames;survey","university":"residential","_wikiTried":true},"geometry":{"type":"Polygon","coordinates":[[[-71.1167475,42.3747283],[-71.1168405,42.3747441],[-71.1169421,42.3747615],[-71.1169138,42.3748521],[-71.1169012,42.3748926],[-71.1168856,42.3748899],[-71.1168642,42.3749585],[-71.1168764,42.3749605],[-71.1168523,42.3750377],[-71.1168209,42.3751381],[-71.1168041,42.3751352],[-71.1167817,42.3752068],[-71.1167996,42.3752099],[-71.1167591,42.3753392],[-71.1166519,42.3753209],[-71.1165657,42.3753062],[-71.1166057,42.3751782],[-71.1166251,42.3751815],[-71.1166475,42.3751099],[-71.1166349,42.3751078],[-71.116662,42.375021],[-71.1166907,42.3749291],[-71.116701,42.3749308],[-71.116723,42.3748605],[-71.1167071,42.3748578],[-71.1167475,42.3747283]]]}},{"type":"Feature","id":29788961,"properties":{"osmId":29788961,"category":"academic","addr:housenumber":"91","addr:street":"Brattle Street","building":"yes"},"geometry":{"type":"Polygon","coordinates":[[[-71.124663,42.3762319],[-71.1247407,42.3762354],[-71.1247375,42.3762752],[-71.1247649,42.3762764],[-71.1247622,42.3763087],[-71.1248444,42.3763124],[-71.1248422,42.3763394],[-71.1248714,42.3763407],[-71.1248691,42.3763704],[-71.124838,42.3763691],[-71.1248367,42.3763851],[-71.1247152,42.3763797],[-71.124713,42.3764076],[-71.1247053,42.3764073],[-71.1246999,42.3764722],[-71.1246416,42.3764696],[-71.1246315,42.3764691],[-71.1246347,42.3764295],[-71.1245526,42.3764259],[-71.1245541,42.3764077],[-71.1244984,42.3764051],[-71.1245027,42.3763525],[-71.1244734,42.3763512],[-71.1244774,42.3763015],[-71.1245131,42.3763031],[-71.1245173,42.376253],[-71.1245854,42.3762561],[-71.1245866,42.376241],[-71.124662,42.3762444],[-71.124663,42.3762319]]]}},{"type":"Feature","id":29789125,"properties":{"osmId":29789125,"category":"religious","addr:housenumber":"1418;1420","addr:street":"Cambridge Street","amenity":"place_of_worship","building":"yes","check_date":"2025-03-23","denomination":"presbyterian","name":"First United","phone":"+16173543151","religion":"christian","website":"https://www.fupc-cambridge.org/","_wikiTried":true},"geometry":{"type":"Polygon","coordinates":[[[-71.1019198,42.3734366],[-71.1020479,42.373491],[-71.1019772,42.3735823],[-71.1020172,42.3735992],[-71.1019854,42.3736404],[-71.1019471,42.3736241],[-71.1019029,42.3736814],[-71.1018206,42.3736464],[-71.1018116,42.373658],[-71.1017328,42.3736245],[-71.1018574,42.3734635],[-71.1018887,42.3734768],[-71.1019198,42.3734366]]]}},{"type":"Feature","id":29789621,"properties":{"osmId":29789621,"category":"residential","addr:city":"Cambridge","addr:housenumber":"10","addr:place":"Harvard Yard","addr:postcode":"02138","addr:state":"MA","building":"dormitory","building:levels":"3","name":"Straus Hall","roof:levels":"1","roof:shape":"gabled","_wikiTried":true},"geometry":{"type":"Polygon","coordinates":[[[-71.1186028,42.3738913],[-71.1187286,42.3739085],[-71.1186072,42.3743926],[-71.1184813,42.3743753],[-71.1185425,42.3741315],[-71.1186028,42.3738913]]]}},{"type":"Feature","id":29789681,"properties":{"osmId":29789681,"category":"academic","addr:city":"Cambridge","addr:housenumber":"12","addr:postcode":"02138","addr:state":"MA","addr:street":"Holyoke Street","building":"university","building:levels":"4","name":"Farkas Hall","name:etymology":"Robin L. Farkas","old_name":"New College Theatre","start_date":"2007","_wikiTried":true},"geometry":{"type":"Polygon","coordinates":[[[-71.1178257,42.3723239],[-71.1179363,42.3723577],[-71.1179895,42.3723739],[-71.1179754,42.3723991],[-71.1180777,42.3724304],[-71.1180741,42.3724369],[-71.1180711,42.3724422],[-71.1181955,42.3724802],[-71.1181035,42.3726416],[-71.1180993,42.3726489],[-71.1177005,42.3725347],[-71.1178257,42.3723239]]]}},{"type":"Feature","id":29789985,"properties":{"osmId":29789985,"category":"religious","addr:city":"Cambridge","addr:housenumber":"23","addr:place":"Harvard Yard","addr:postcode":"02138","addr:state":"MA","amenity":"place_of_worship","building":"yes","denomination":"nondenominational","ele":"8","full_name":"Memorial Church of Havard University","gnis:feature_id":"1971540","name":"Memorial Church","religion":"christian","wikidata":"Q3459140","wikipedia":"en:Memorial Church of Harvard University","_wikiTried":true},"geometry":{"type":"Polygon","coordinates":[[[-71.1160953,42.3748106],[-71.1161503,42.3748203],[-71.1161885,42.3748275],[-71.116365,42.3748567],[-71.1163556,42.3748902],[-71.1164392,42.3749036],[-71.1163941,42.3750476],[-71.1163116,42.3750336],[-71.1163006,42.375067],[-71.116166,42.375044],[-71.1160773,42.3750289],[-71.1157998,42.3749813],[-71.1157483,42.3749727],[-71.1157544,42.3749513],[-71.1156289,42.3749306],[-71.1156818,42.3747575],[-71.1158069,42.3747801],[-71.1158125,42.3747616],[-71.1160384,42.3748011],[-71.1160953,42.3748106]]]}},{"type":"Feature","id":29791098,"properties":{"osmId":29791098,"category":"academic","addr:city":"Cambridge","addr:housenumber":"17","addr:postcode":"02138","addr:state":"MA","addr:street":"Quincy Street","building":"university","building:levels":"3","name":"Loeb House","roof:levels":"1","roof:shape":"gabled","wikidata":"Q7241160","_wikiTried":true},"geometry":{"type":"Polygon","coordinates":[[[-71.1152665,42.3733355],[-71.1154378,42.3733655],[-71.1153832,42.3735357],[-71.1153621,42.373532],[-71.1153528,42.3735609],[-71.1153685,42.3735636],[-71.1153641,42.3735774],[-71.1153889,42.3735817],[-71.1153596,42.3736731],[-71.1151294,42.3736328],[-71.1151719,42.3735002],[-71.1152115,42.3735071],[-71.1152665,42.3733355]]]}},{"type":"Feature","id":29791189,"properties":{"osmId":29791189,"category":"residential","addr:housenumber":"69","addr:street":"Norfolk Street","amenity":"place_of_worship","building":"house","building:use":"place_of_worship","denomination":"gospel_hall","name":"Gospel Room","official_name":"Christians Gathered Unto The Name Of The Lord Jesus Christ","religion":"christian","website":"https://www.cambridgechristians.org","_wikiTried":true},"geometry":{"type":"Polygon","coordinates":[[[-71.10096,42.3659033],[-71.1009864,42.3659147],[-71.1009933,42.3659059],[-71.1011208,42.365961],[-71.1010866,42.3660047],[-71.1010295,42.3659801],[-71.1010116,42.366003],[-71.1009146,42.3659611],[-71.10096,42.3659033]]]}},{"type":"Feature","id":29791196,"properties":{"osmId":29791196,"category":"residential","addr:city":"Cambridge","addr:housenumber":"19","addr:place":"Harvard Yard","addr:postcode":"02138","addr:state":"MA","building":"dormitory","building:levels":"4","ele":"8","gnis:feature_id":"1971366","name":"Holworthy Hall","roof:levels":"0","source":"USGS Geonames","wikidata":"Q5884869","wikipedia":"en:Holworthy Hall","_wikiTried":true},"geometry":{"type":"Polygon","coordinates":[[[-71.1169926,42.3754275],[-71.1170782,42.3754424],[-71.1172415,42.3754709],[-71.1174041,42.3754992],[-71.117509,42.3755175],[-71.1174763,42.37562],[-71.1169599,42.3755301],[-71.1169926,42.3754275]]]}},{"type":"Feature","id":29791548,"properties":{"osmId":29791548,"category":"medical","building":"hospital","building:levels":"4","roof:levels":"0"},"geometry":{"type":"Polygon","coordinates":[[[-71.1064695,42.3751772],[-71.1064617,42.3752179],[-71.1064946,42.3755774],[-71.1067406,42.375605],[-71.1069648,42.3756381],[-71.1073005,42.3756805],[-71.1075152,42.3757094],[-71.1074393,42.3760805],[-71.1071068,42.376043],[-71.1071468,42.3758474],[-71.1069338,42.3758235],[-71.106937,42.3758087],[-71.106868,42.3758009],[-71.1068645,42.375818],[-71.1068477,42.3758161],[-71.1068129,42.3759868],[-71.1068433,42.3759902],[-71.1068158,42.3761251],[-71.1066024,42.3761012],[-71.1066152,42.3760388],[-71.1061841,42.3759904],[-71.1062238,42.375796],[-71.1063785,42.3758134],[-71.1063939,42.3757429],[-71.1062603,42.3757286],[-71.1062888,42.3755887],[-71.1063296,42.3755933],[-71.1063358,42.3755629],[-71.1063088,42.3752248],[-71.1063493,42.375223],[-71.106361,42.3751637],[-71.1064695,42.3751772]]]}},{"type":"Feature","id":29791560,"properties":{"osmId":29791560,"category":"academic","addr:city":"Cambridge","addr:housenumber":"19","addr:postcode":"02138","addr:state":"MA","addr:street":"Craigie Street","building":"kindergarten","building:levels":"2","name":"Morse Building","roof:shape":"flat","_wikiTried":true},"geometry":{"type":"Polygon","coordinates":[[[-71.1283638,42.3786502],[-71.1284002,42.378704],[-71.1284574,42.3786828],[-71.1285646,42.3788418],[-71.1284037,42.3789015],[-71.1283621,42.3788398],[-71.1282819,42.3788696],[-71.1282546,42.378829],[-71.1281863,42.3788543],[-71.1281117,42.3787438],[-71.1283638,42.3786502]]]}},{"type":"Feature","id":29791682,"properties":{"osmId":29791682,"category":"academic","addr:housenumber":"33 1/2","addr:street":"Mellen Street","building":"yes"},"geometry":{"type":"Polygon","coordinates":[[[-71.1170227,42.3810545],[-71.1171083,42.381058],[-71.1171013,42.3811533],[-71.1170156,42.3811498],[-71.1170227,42.3810545]]]}},{"type":"Feature","id":29791913,"properties":{"osmId":29791913,"category":"religious","addr:city":"Somerville","addr:housenumber":"185","addr:postcode":"02143","addr:state":"MA","addr:street":"Summer Street","amenity":"place_of_worship","building":"yes","check_date":"2023-12-07","denomination":"catholic","name":"St Catherine Of Genoa","religion":"christian","_wikiTried":true},"geometry":{"type":"Polygon","coordinates":[[[-71.107865,42.3872216],[-71.1080895,42.3873035],[-71.1079675,42.387486],[-71.1079849,42.3874924],[-71.1078721,42.3876609],[-71.1077061,42.3876003],[-71.1076823,42.3876359],[-71.1075974,42.3876049],[-71.107685,42.387474],[-71.1076623,42.3874658],[-71.1077183,42.3873821],[-71.1077499,42.3873936],[-71.107865,42.3872216]]]}},{"type":"Feature","id":29792526,"properties":{"osmId":29792526,"category":"other","addr:housenumber":"46","addr:street":"Blackstone Street","amenity":"university","building":"yes","check_date":"2025-11-02","education":"university","name":"Blackstone South","_wikiTried":true},"geometry":{"type":"Polygon","coordinates":[[[-71.1150652,42.3634079],[-71.1150865,42.3635551],[-71.115183,42.3635474],[-71.1152096,42.3637318],[-71.1152461,42.363729],[-71.115252,42.3637701],[-71.115158,42.3637776],[-71.1151602,42.3637933],[-71.1148342,42.3638193],[-71.1148242,42.3637501],[-71.1147986,42.3637522],[-71.1147523,42.3634329],[-71.1150652,42.3634079]]]}},{"type":"Feature","id":29792580,"properties":{"osmId":29792580,"category":"academic","building":"yes","name":"Winthrop Hall","_wikiTried":true},"geometry":{"type":"Polygon","coordinates":[[[-71.1250241,42.3772538],[-71.1255294,42.3773849],[-71.1254882,42.3774721],[-71.1249829,42.377341],[-71.1250241,42.3772538]]]}},{"type":"Feature","id":29793101,"properties":{"osmId":29793101,"category":"residential","addr:city":"Cambridge","addr:housenumber":"64","addr:postcode":"02138","addr:state":"MA","addr:street":"Linnaean Street","architect":"Harrison & Abramovitz","building":"dormitory","building:levels":"5","name":"Gilbert Hall","name:etymology":"Helen Homans Gilbert","roof:levels":"0","roof:shape":"flat","start_date":"1970","_wikiTried":true},"geometry":{"type":"Polygon","coordinates":[[[-71.1257943,42.3812789],[-71.125869,42.3812438],[-71.1259371,42.3813229],[-71.1258597,42.3813593],[-71.1259751,42.3814934],[-71.1258926,42.3815322],[-71.1259139,42.3815569],[-71.1258576,42.3815834],[-71.1258426,42.3815661],[-71.1258146,42.3815792],[-71.1258209,42.3815866],[-71.1257711,42.3816099],[-71.1257651,42.3816029],[-71.1256987,42.3816341],[-71.1255454,42.381456],[-71.1255924,42.3814339],[-71.1255321,42.381364],[-71.125771,42.3812518],[-71.1257943,42.3812789]]]}},{"type":"Feature","id":29793116,"properties":{"osmId":29793116,"category":"academic","addr:city":"Cambridge","addr:housenumber":"91","addr:postcode":"02138","addr:state":"MA","addr:street":"Walker Street","architect":"Edwin Carleton Granbery","building":"university","name":"Jordan South","name:etymology":"Wilbur Kitchener Jordan","name:etymology:wikidata":"Q8000212","name:etymology:wikipedia":"en:Wilbur Kitchener Jordan","old_name":"Jordan J","start_date":"1960","_wikiTried":true},"geometry":{"type":"Polygon","coordinates":[[[-71.1229224,42.3811093],[-71.1230602,42.3812754],[-71.1227976,42.3813952],[-71.1226599,42.381229],[-71.1229224,42.3811093]]]}},{"type":"Feature","id":29793245,"properties":{"osmId":29793245,"category":"religious","addr:city":"Cambridge","addr:housenumber":"14","addr:postcode":"02139","addr:state":"MA","addr:street":"Magazine Street","amenity":"place_of_worship","building":"church","check_date":"2025-05-17","denomination":"greek_orthodox","email":"info@stsconstantineandhelen-cambridge.org","name":"Saints Constantine and Helen Church","name:el":"Εκκλησία Αγίου Κωνσταντίνου και Ελένης","phone":"+1-617-876-3601","religion":"christian","website":"https://www.stsconstantineandhelen-cambridge.org/","wikidata":"Q133250857","_wikiTried":true},"geometry":{"type":"Polygon","coordinates":[[[-71.1051346,42.3640313],[-71.1053447,42.3641569],[-71.1052122,42.3642779],[-71.1052455,42.3642978],[-71.105217,42.3643239],[-71.1052031,42.3643156],[-71.1051387,42.3643743],[-71.1051526,42.3643826],[-71.1051179,42.3644143],[-71.1048491,42.3642535],[-71.1049609,42.3641515],[-71.1049863,42.3641667],[-71.1051346,42.3640313]]]}},{"type":"Feature","id":29793400,"properties":{"osmId":29793400,"category":"academic","addr:housenumber":"472-474","addr:street":"Broadway","building":"university","name":"Prescott Hall","_wikiTried":true},"geometry":{"type":"Polygon","coordinates":[[[-71.1132854,42.3739218],[-71.1135631,42.374032],[-71.113555,42.3740418],[-71.1135556,42.3740461],[-71.1135022,42.3741165],[-71.1134905,42.37412],[-71.1132231,42.3740139],[-71.1132195,42.3740083],[-71.1132513,42.3739677],[-71.1132582,42.3739505],[-71.1132646,42.3739484],[-71.1132747,42.3739305],[-71.113279,42.3739307],[-71.1132854,42.3739218]]]}},{"type":"Feature","id":29793717,"properties":{"osmId":29793717,"category":"academic","addr:city":"Cambridge","addr:housenumber":"96","addr:postcode":"02138","addr:state":"MA","addr:street":"Concord Avenue","attribution":"Office of Geographic and Environmental Information (MassGIS)","building":"school","grades":"PK,K,1,2,3,4,5,6,7,8","massgis:school_id":"00490917","name":"Saint Peter School","phone":"+1 617 547 0101","source_url":"http://mass.gov/mgis/schools.htm","type":"Private","_wikiTried":true},"geometry":{"type":"Polygon","coordinates":[[[-71.1296547,42.3808999],[-71.1298278,42.3809974],[-71.1294862,42.3813305],[-71.1293133,42.3812329],[-71.1296547,42.3808999]]]}},{"type":"Feature","id":29793818,"properties":{"osmId":29793818,"category":"residential","addr:city":"Cambridge","addr:housenumber":"7","addr:place":"Harvard Yard","addr:postcode":"02138","addr:state":"MA","building":"dormitory","name":"Grays Hall","_wikiTried":true},"geometry":{"type":"Polygon","coordinates":[[[-71.1175872,42.3735526],[-71.1177433,42.3735791],[-71.117745,42.3735735],[-71.117891,42.3735984],[-71.1178893,42.373604],[-71.1180681,42.3736345],[-71.1180266,42.3737675],[-71.1178494,42.3737372],[-71.1178473,42.3737439],[-71.1176964,42.3737182],[-71.1176988,42.3737106],[-71.117546,42.3736847],[-71.1175872,42.3735526]]]}},{"type":"Feature","id":29794320,"properties":{"osmId":29794320,"category":"academic","building":"yes"},"geometry":{"type":"Polygon","coordinates":[[[-71.1180377,42.3808959],[-71.1183465,42.3809048],[-71.1183425,42.380981],[-71.1181289,42.3809749],[-71.1181244,42.381063],[-71.1180292,42.3810603],[-71.1180377,42.3808959]]]}},{"type":"Feature","id":29794383,"properties":{"osmId":29794383,"category":"residential","addr:housenumber":"1;2;3","addr:street":"Peabody Terrace","building":"dormitory","building:levels":"22"},"geometry":{"type":"Polygon","coordinates":[[[-71.1154543,42.3669328],[-71.1154607,42.3669485],[-71.1155588,42.3669342],[-71.1156081,42.3671355],[-71.1154586,42.3671583],[-71.1154116,42.3669822],[-71.1153773,42.3669872],[-71.1153648,42.3669462],[-71.1154543,42.3669328]]]}},{"type":"Feature","id":29794545,"properties":{"osmId":29794545,"category":"academic","addr:housenumber":"125","addr:street":"Western Avenue","building":"university","name":"Harvard Innovation Lab, Batten Hall","_wikiTried":true},"geometry":{"type":"Polygon","coordinates":[[[-71.1244008,42.3637827],[-71.1244207,42.3639138],[-71.1242756,42.3639259],[-71.1243022,42.3641011],[-71.1244439,42.3640893],[-71.1244646,42.3642257],[-71.1243189,42.3642379],[-71.1243323,42.3643265],[-71.1238886,42.3643635],[-71.1238709,42.3642464],[-71.1238926,42.3642446],[-71.1238686,42.3640862],[-71.1238493,42.3640879],[-71.123839,42.3640198],[-71.1238106,42.3638319],[-71.1240742,42.3638099],[-71.1244008,42.3637827]]]}},{"type":"Feature","id":29795118,"properties":{"osmId":29795118,"category":"academic","addr:housenumber":"24","addr:street":"Mellen Street","building":"yes"},"geometry":{"type":"Polygon","coordinates":[[[-71.1177623,42.3804915],[-71.1178592,42.3804974],[-71.1178533,42.3805503],[-71.117873,42.3805515],[-71.1178617,42.3806529],[-71.1178067,42.3806496],[-71.1178055,42.3806605],[-71.1177632,42.380658],[-71.1177702,42.3805941],[-71.117751,42.380593],[-71.1177623,42.3804915]]]}},{"type":"Feature","id":29795195,"properties":{"osmId":29795195,"category":"academic","addr:city":"Cambridge","addr:housenumber":"64","addr:postcode":"02138","addr:state":"MA","addr:street":"Linnaean Street","architect":"Harrison & Abramovitz","building":"university","name":"Daniels Hall","name:etymology":"Mabel Wheeler Daniels","name:etymology:wikidata":"Q6721537","name:etymology:wikipedia":"en:Mabel Daniels","start_date":"1966","_wikiTried":true},"geometry":{"type":"Polygon","coordinates":[[[-71.1253567,42.3812334],[-71.1253639,42.381242],[-71.1253797,42.3812348],[-71.1254028,42.3812622],[-71.1254144,42.3812569],[-71.1254217,42.3812656],[-71.1254369,42.3812586],[-71.1254752,42.3813043],[-71.1254601,42.3813113],[-71.125467,42.3813194],[-71.1254547,42.381325],[-71.1254827,42.3813583],[-71.125474,42.3813623],[-71.125482,42.3813717],[-71.1253604,42.3814275],[-71.1253701,42.381439],[-71.1253844,42.3814325],[-71.1254125,42.3814659],[-71.1254005,42.3814714],[-71.1254093,42.3814819],[-71.1252746,42.3815436],[-71.1252326,42.3814937],[-71.1251959,42.3815105],[-71.1251479,42.3814534],[-71.125175,42.381441],[-71.1251502,42.3814115],[-71.1251637,42.3814054],[-71.1251562,42.3813965],[-71.1252898,42.3813353],[-71.1252804,42.381324],[-71.1252691,42.3813292],[-71.1252425,42.3812975],[-71.1252527,42.3812928],[-71.1252456,42.3812844],[-71.1253567,42.3812334]]]}},{"type":"Feature","id":29795309,"properties":{"osmId":29795309,"category":"residential","addr:city":"Cambridge","addr:housenumber":"17","addr:place":"Harvard Yard","addr:postcode":"02138","addr:state":"MA","building":"dormitory","building:levels":"4","ele":"9","gnis:feature_id":"1971787","name":"Stoughton Hall","roof:levels":"1","roof:shape":"gabled","source":"USGS Geonames","_wikiTried":true},"geometry":{"type":"Polygon","coordinates":[[[-71.1177058,42.3752392],[-71.1178855,42.3752704],[-71.1177896,42.3755603],[-71.11771,42.3755475],[-71.1176166,42.3755325],[-71.1176403,42.3754546],[-71.1176807,42.3753175],[-71.1177058,42.3752392]]]}},{"type":"Feature","id":29795740,"properties":{"osmId":29795740,"category":"religious","addr:city":"Cambridge","addr:housenumber":"204","addr:postcode":"02139","addr:state":"MA","addr:street":"Prospect Street","alt_name":"ISB Cambridge","amenity":"place_of_worship","building":"yes","check_date":"2025-06-26","contact:facebook":"https://www.facebook.com/Isboston","ele":"5","gnis:feature_id":"1971387","name":"Islamic Society of Boston","phone":"+1 617 876-3546","religion":"muslim","website":"https://isbcc.org/getting-here/#x-section-2","wheelchair":"yes","wikidata":"Q14715618","wikipedia":"en:Islamic Society of Boston","_wikiTried":true},"geometry":{"type":"Polygon","coordinates":[[[-71.1000242,42.3701714],[-71.1002093,42.3702357],[-71.100121,42.3703752],[-71.099936,42.3703109],[-71.1000242,42.3701714]]]}},{"type":"Feature","id":29796006,"properties":{"osmId":29796006,"category":"religious","addr:housenumber":"17","addr:street":"Sellers Street","building":"yes"},"geometry":{"type":"Polygon","coordinates":[[[-71.1073158,42.3667313],[-71.1074775,42.3668334],[-71.1073017,42.3669855],[-71.1072868,42.3669761],[-71.1072565,42.3670023],[-71.1071097,42.3669096],[-71.1072153,42.3668182],[-71.1072735,42.3667679],[-71.1073158,42.3667313]]]}},{"type":"Feature","id":29796667,"properties":{"osmId":29796667,"category":"religious","building":"church"},"geometry":{"type":"Polygon","coordinates":[[[-71.1312443,42.3782995],[-71.1312612,42.3783347],[-71.1312783,42.3783301],[-71.1313719,42.3785246],[-71.130948,42.3786368],[-71.1309203,42.3785789],[-71.1308976,42.3785849],[-71.1308714,42.3785304],[-71.1308918,42.3785251],[-71.1308483,42.3784344],[-71.1308714,42.3784283],[-71.1308465,42.3783766],[-71.1309295,42.3783547],[-71.1309413,42.3783796],[-71.1312443,42.3782995]]]}},{"type":"Feature","id":29797042,"properties":{"osmId":29797042,"category":"academic","addr:city":"Cambridge","addr:housenumber":"54","addr:postcode":"02138","addr:street":"Linnaean Street","architect":"Maginnis & Walsh","architect:wikidata":"Q6731116","architect:wikipedia":"en:Maginnis & Walsh","building":"university","full_name":"Mary Buckminster Moors Hall","name":"Moors Hall","name:etymology":"Mary Buckminster Moors","start_date":"1948","_wikiTried":true},"geometry":{"type":"Polygon","coordinates":[[[-71.1249221,42.3818106],[-71.1249865,42.3818921],[-71.1249927,42.3819],[-71.1248079,42.3819871],[-71.1249483,42.3821496],[-71.1249971,42.3821261],[-71.1250243,42.3821589],[-71.125091,42.3822506],[-71.124874,42.3823495],[-71.124804,42.3822657],[-71.124774,42.3822273],[-71.124822,42.3822043],[-71.1246876,42.3820431],[-71.1245013,42.3821274],[-71.1244945,42.3821177],[-71.124451,42.3820711],[-71.1244246,42.3820351],[-71.124609,42.3819501],[-71.1245958,42.3819338],[-71.1247216,42.3818776],[-71.1247328,42.3818909],[-71.1249221,42.3818106]]]}},{"type":"Feature","id":29805656,"properties":{"osmId":29805656,"category":"religious","addr:city":"Cambridge","addr:housenumber":"77","addr:postcode":"02139","addr:state":"MA","addr:street":"Columbia Street","amenity":"place_of_worship","building":"church","check_date":"2023-07-23","denomination":"pentecostal","ele":"4","name":"Pentecostal Tabernacle","religion":"christian","website":"https://www.ptspice.org/","_wikiTried":true},"geometry":{"type":"Polygon","coordinates":[[[-71.0989251,42.3652962],[-71.0991444,42.3653638],[-71.0990913,42.3654578],[-71.098872,42.3653901],[-71.0989251,42.3652962]]]}},{"type":"Feature","id":29819649,"properties":{"osmId":29819649,"category":"religious","addr:city":"Cambridge","addr:housenumber":"145","addr:postcode":"02138","addr:state":"MA","addr:street":"Brattle Street","amenity":"place_of_worship","building":"church","ele":"8","gnis:feature_id":"1971369","name":"Holy Trinity Armenian Apostolic Church","religion":"christian","wikidata":"Q133250998","_wikiTried":true},"geometry":{"type":"Polygon","coordinates":[[[-71.1307779,42.3780361],[-71.1308367,42.3781578],[-71.1308487,42.3781546],[-71.1308919,42.378244],[-71.1308769,42.378248],[-71.1309158,42.3783285],[-71.1308295,42.3783512],[-71.1308484,42.3783904],[-71.1307361,42.37842],[-71.1306794,42.3783029],[-71.1306198,42.3783187],[-71.1305804,42.3782372],[-71.1306388,42.3782218],[-71.1305749,42.3780897],[-71.1307779,42.3780361]]]}},{"type":"Feature","id":29819658,"properties":{"osmId":29819658,"category":"academic","addr:housenumber":"16","addr:street":"Buckingham Street","building":"school","building:levels":"2"},"geometry":{"type":"Polygon","coordinates":[[[-71.1296069,42.3791783],[-71.1297098,42.3793309],[-71.1296065,42.3793692],[-71.1295893,42.3793438],[-71.1291734,42.379498],[-71.129193,42.3795271],[-71.1290861,42.3795667],[-71.1290477,42.3795097],[-71.1290145,42.3795219],[-71.1288861,42.3793315],[-71.1291661,42.3792277],[-71.1292276,42.379319],[-71.1296069,42.3791783]]]}},{"type":"Feature","id":29819772,"properties":{"osmId":29819772,"category":"residential","addr:housenumber":"5A","addr:street":"Sacramento Street","building":"dormitory","building:levels":"1","roof:levels":"1"},"geometry":{"type":"Polygon","coordinates":[[[-71.1186756,42.3830366],[-71.1188361,42.3830422],[-71.1188287,42.3831581],[-71.1186682,42.3831525],[-71.1186756,42.3830366]]]}},{"type":"Feature","id":29820089,"properties":{"osmId":29820089,"category":"academic","addr:city":"Cambridge","addr:housenumber":"10","addr:postcode":"02138","addr:state":"MA","addr:street":"DeWolfe Street","building":"university","name":"10 DeWolfe Street","university":"residential","_wikiTried":true},"geometry":{"type":"Polygon","coordinates":[[[-71.1162159,42.3702659],[-71.1163085,42.3703002],[-71.1163025,42.3703094],[-71.1163213,42.370315],[-71.1163182,42.3703204],[-71.1163721,42.3703394],[-71.1163616,42.3703692],[-71.1163889,42.3703778],[-71.1162901,42.3705342],[-71.1163398,42.3705486],[-71.1162729,42.3706322],[-71.1162151,42.3706135],[-71.1161876,42.3706578],[-71.1160165,42.370603],[-71.1160328,42.3705719],[-71.1159916,42.3705568],[-71.1160468,42.3704535],[-71.1160872,42.3704647],[-71.1162159,42.3702659]]]}},{"type":"Feature","id":29820207,"properties":{"osmId":29820207,"category":"academic","addr:city":"Cambridge","addr:housenumber":"51","addr:postcode":"02138","addr:state":"MA","addr:street":"Shepard Street","architect":"Alexander Wadsworth Longfellow, Jr","building":"university","full_name":"Grace Hopkinson Eliot Hall","heritage":"2","heritage:operator":"nrhp","heritage:website":"https://npgallery.nps.gov/AssetDetail/NRIS/86001280","historic":"heritage","name":"Eliot Hall","name:etymology":"Grace Hopkinson Eliot","nrhp:criteria":"(C)","nrhp:inscription_date":"1986-05-19","ref:nrhp":"86001280","university":"residential","wikidata":"Q12057051","_wikiTried":true},"geometry":{"type":"Polygon","coordinates":[[[-71.1235745,42.3809254],[-71.123589,42.3809427],[-71.1236755,42.3810459],[-71.1235474,42.3811046],[-71.1233474,42.3811961],[-71.1232755,42.3811104],[-71.1232655,42.3810985],[-71.1232462,42.3810755],[-71.1233358,42.3810345],[-71.1233411,42.3810409],[-71.123385,42.3810208],[-71.1234141,42.3810075],[-71.1234888,42.3809733],[-71.1234835,42.380967],[-71.1235745,42.3809254]]]}},{"type":"Feature","id":29820208,"properties":{"osmId":29820208,"category":"academic","addr:housenumber":"1585","addr:postcode":"02138-2801","addr:street":"Massachusetts Avenue","building":"university","building:levels":"5","ele":"6","gnis:feature_id":"1971316","height":"11","name":"Caspersen Student Center","roof:levels":"0","roof:shape":"flat","source":"USGS Geonames","_wikiTried":true},"geometry":{"type":"Polygon","coordinates":[[[-71.1187928,42.3788398],[-71.1188149,42.3788953],[-71.1188525,42.3788868],[-71.1188627,42.3789189],[-71.1188934,42.3790156],[-71.1190463,42.3790211],[-71.119053,42.3790151],[-71.1190302,42.3789914],[-71.1190803,42.378967],[-71.1190919,42.3789676],[-71.1191214,42.3789552],[-71.1191764,42.3789398],[-71.1192247,42.378927],[-71.1192703,42.3789195],[-71.1193239,42.3789156],[-71.1193474,42.3789141],[-71.1193682,42.3789116],[-71.1194218,42.3789126],[-71.1194144,42.3789592],[-71.1195422,42.3789555],[-71.1197235,42.3789686],[-71.1197108,42.3790458],[-71.119578,42.3790369],[-71.1195768,42.3790679],[-71.1195031,42.3790625],[-71.1194949,42.3790706],[-71.1194848,42.3791474],[-71.1193896,42.3791405],[-71.1193802,42.3792222],[-71.1190362,42.3791999],[-71.1190309,42.3792554],[-71.1188552,42.379246],[-71.1188498,42.3793203],[-71.1187298,42.3793141],[-71.1187318,42.3792955],[-71.1186131,42.37929],[-71.1186171,42.3792044],[-71.1186191,42.3791677],[-71.1186151,42.3791286],[-71.1186098,42.3790875],[-71.118599,42.3790518],[-71.1185937,42.3790146],[-71.1185789,42.3789765],[-71.1185715,42.3789473],[-71.1185642,42.3789255],[-71.1185491,42.3788894],[-71.1186818,42.3788627],[-71.1187928,42.3788398]]]}},{"type":"Feature","id":29820282,"properties":{"osmId":29820282,"category":"academic","addr:city":"Cambridge","addr:housenumber":"38","addr:postcode":"02138","addr:state":"MA","addr:street":"Kirkland Street","alt_name":"Joseph Lovering House;Lovering House","alt_name:etymology":"Joseph Lovering","alt_name:etymology:wikidata":"Q6285034","alt_name:etymology:wikipedia":"en:Joseph Lovering","architect":"Oliver Hastings","building":"university","building:architecture":"greek_revival","construction_date":"1842","email":"cmes@fas.harvard.edu","fax":"+1 617-496-8584","fixme":"The website says there's a Tunisia CMES office, so maybe that should be represented with a relation. Address: Third Floor, Immeuble Slim, Rue de l’Euro, Les Berges du Lac II, Tunis","heritage":"2","heritage:operator":"nrhp","heritage:website":"https://npgallery.nps.gov/AssetDetail/NRIS/86002076","historic":"heritage","name":"Center for Middle Eastern Studies","nrhp:criteria":"(B),(C)","nrhp:inscription_date":"1986-09-12","opening_hours":"Mo-Fr 09:00-17:00","phone":"+1 617-495-4055","ref:nrhp":"86002076","short_name":"CMES","start_date":"1961","website":"https://cmes.fas.harvard.edu/home","wikidata":"Q6285037","_wikiTried":true},"geometry":{"type":"Polygon","coordinates":[[[-71.1126072,42.3764792],[-71.1126898,42.3764895],[-71.1126668,42.3765902],[-71.1126637,42.3766039],[-71.1127212,42.376611],[-71.1126918,42.3767399],[-71.1125379,42.3767207],[-71.1125672,42.3765923],[-71.112581,42.376594],[-71.1126072,42.3764792]]]}},{"type":"Feature","id":29820373,"properties":{"osmId":29820373,"category":"academic","addr:city":"Cambridge","addr:housenumber":"61","addr:postcode":"02138","addr:state":"MA","addr:street":"Kirkland Street","alt_name":"Charles W. Eliot House","architect":"Charles William Eliot","architect:wikidata":"Q1066447","architect:wikipedia":"en:Charles William Eliot","building":"university","construction_date":"1858","name":"61 Kirkland Street","start_date":"1958","wheelchair":"no","_wikiTried":true},"geometry":{"type":"Polygon","coordinates":[[[-71.1102808,42.3778648],[-71.1102964,42.3779107],[-71.1103326,42.3779039],[-71.1103584,42.3779796],[-71.1101805,42.3780129],[-71.110139,42.3778913],[-71.1102808,42.3778648]]]}},{"type":"Feature","id":29820755,"properties":{"osmId":29820755,"category":"academic","addr:housenumber":"28","addr:street":"Holyoke Street","building":"university","building:levels":"2","name":"Harvard Office for the Arts / The Pheonix Club","_wikiTried":true},"geometry":{"type":"Polygon","coordinates":[[[-71.1182865,42.3716154],[-71.1184145,42.3716592],[-71.1184256,42.3716412],[-71.1185449,42.3716819],[-71.1185631,42.3716526],[-71.1186731,42.3716902],[-71.1185694,42.3718572],[-71.1182121,42.3717353],[-71.1182865,42.3716154]]]}},{"type":"Feature","id":29820799,"properties":{"osmId":29820799,"category":"religious","addr:housenumber":"130","addr:street":"Highland Avenue","amenity":"place_of_worship","building":"yes","name":"Mission Church of Our Lord Jesus Christ of Apostolic Faith, Inc.","religion":"christian","wheelchair":"limited","wikidata":"Q5453944","wikipedia":"en:First Unitarian Church (Somerville, Massachusetts)","_wikiTried":true},"geometry":{"type":"Polygon","coordinates":[[[-71.1014105,42.3872565],[-71.1017156,42.3873648],[-71.1016281,42.3874992],[-71.1015845,42.3874837],[-71.1015243,42.3875763],[-71.1016151,42.3876085],[-71.1015821,42.3876592],[-71.1014828,42.3876239],[-71.1014728,42.3876392],[-71.101281,42.3875711],[-71.1013823,42.3874155],[-71.1013211,42.3873938],[-71.1014105,42.3872565]]]}},{"type":"Feature","id":29821070,"properties":{"osmId":29821070,"category":"academic","access":"private","addr:city":"Cambridge","addr:housenumber":"19","addr:postcode":"02138","addr:state":"MA","addr:street":"Quincy Street","building":"university","ele":"8","gnis:feature_id":"1971207","name":"Emerson Hall","source":"USGS Geonames","wheelchair":"yes","_wikiTried":true},"geometry":{"type":"Polygon","coordinates":[[[-71.1149672,42.3737238],[-71.1152867,42.3737784],[-71.115519,42.3738181],[-71.1154871,42.3739199],[-71.1154551,42.374022],[-71.1151573,42.3739711],[-71.1149034,42.3739277],[-71.1149672,42.3737238]]]}},{"type":"Feature","id":29821282,"properties":{"osmId":29821282,"category":"academic","addr:housenumber":"14","addr:state":"MA","addr:street":"Harvard Way","building":"university","ele":"3","gnis:feature_id":"1971552","name":"Morris Hall","source":"MassGIS Buildings (http://www.mass.gov/mgis/lidarbuildingfp2d.htm);USGS Geonames","_wikiTried":true},"geometry":{"type":"Polygon","coordinates":[[[-71.1238244,42.3671872],[-71.1239192,42.3672275],[-71.1237239,42.3674745],[-71.1239803,42.3675908],[-71.1242027,42.3673631],[-71.1242875,42.3674059],[-71.1239569,42.3677435],[-71.1238754,42.3677046],[-71.1239027,42.3676736],[-71.1236758,42.3675653],[-71.1235754,42.3675192],[-71.1238244,42.3671872]]]}},{"type":"Feature","id":29821408,"properties":{"osmId":29821408,"category":"academic","addr:city":"Boston","addr:housenumber":"117","addr:postcode":"02163","addr:state":"MA","addr:street":"Western Avenue","building":"university","name":"Spangler Center","source":"esri/Boston_MA_Addresses","wikidata":"Q42377653","_wikiTried":true},"geometry":{"type":"Polygon","coordinates":[[[-71.1215506,42.3648061],[-71.1219729,42.3648216],[-71.1219674,42.3649468],[-71.121932,42.3649454],[-71.1219274,42.3650388],[-71.1219218,42.3651193],[-71.1220402,42.3651267],[-71.1220407,42.36512],[-71.1223931,42.3651507],[-71.1223922,42.3651574],[-71.1224984,42.3651675],[-71.1225169,42.3650882],[-71.1225355,42.3649997],[-71.1225136,42.3649964],[-71.1225158,42.3649872],[-71.1225019,42.3649853],[-71.1225246,42.3648788],[-71.1225406,42.3648811],[-71.1225437,42.3648679],[-71.1229618,42.3649231],[-71.1229341,42.3650489],[-71.1228079,42.3650338],[-71.1227671,42.3652031],[-71.1228058,42.3652084],[-71.1227873,42.3652768],[-71.1227723,42.3653305],[-71.1227015,42.3653211],[-71.1226969,42.3653418],[-71.1226262,42.3653332],[-71.122539,42.3653222],[-71.122545,42.365298],[-71.1223842,42.365281],[-71.1223833,42.3652856],[-71.1220014,42.3652537],[-71.1220022,42.3652475],[-71.1218379,42.3652399],[-71.1218365,42.3652617],[-71.1217628,42.36526],[-71.1216831,42.3652566],[-71.1216851,42.3652316],[-71.1216143,42.3652298],[-71.1216181,42.3651061],[-71.1216575,42.3651067],[-71.1216601,42.365048],[-71.121663,42.364974],[-71.1215665,42.3649706],[-71.1215685,42.3649327],[-71.1215391,42.3649311],[-71.1215506,42.3648061]]]}},{"type":"Feature","id":29821510,"properties":{"osmId":29821510,"category":"religious","addr:city":"Cambridge","addr:housenumber":"1555","addr:postcode":"02138","addr:state":"MA","addr:street":"Massachusetts Avenue","amenity":"place_of_worship","building":"church","denomination":"methodist","ele":"7","gnis:feature_id":"1971324","lgbtq":"welcome","name":"Harvard-Epworth United Methodist Church","phone":"+1 617 354 0837","religion":"christian","service_times":"Su 10:00","website":"https://www.harvardepworthchurch.org/","wheelchair":"yes","wikidata":"Q16991413","wikipedia":"en:Harvard-Epworth United Methodist Church","_wikiTried":true},"geometry":{"type":"Polygon","coordinates":[[[-71.1195667,42.3778747],[-71.1195996,42.3778716],[-71.1196532,42.377873],[-71.1196746,42.3778767],[-71.1196924,42.3778567],[-71.1199034,42.3778215],[-71.1199276,42.3778293],[-71.1199444,42.3778434],[-71.1199446,42.3778633],[-71.1199265,42.3778747],[-71.1199232,42.3779556],[-71.1199353,42.3779628],[-71.1199438,42.3779725],[-71.1199478,42.3779837],[-71.1199468,42.3779953],[-71.119941,42.378006],[-71.1199309,42.3780149],[-71.1199176,42.3780209],[-71.119916,42.3780456],[-71.1196394,42.3780355],[-71.1194393,42.3780282],[-71.1194449,42.3779815],[-71.1194504,42.3779349],[-71.1194553,42.3778935],[-71.1194997,42.3778946],[-71.1195667,42.3778747]]]}},{"type":"Feature","id":29821974,"properties":{"osmId":29821974,"category":"academic","addr:housenumber":"7","addr:street":"Mellen Street","building":"yes"},"geometry":{"type":"Polygon","coordinates":[[[-71.1188945,42.3809257],[-71.1189969,42.3809285],[-71.1189922,42.3810179],[-71.118972,42.3810174],[-71.1189694,42.3810679],[-71.1188872,42.3810656],[-71.1188945,42.3809257]]]}},{"type":"Feature","id":29822042,"properties":{"osmId":29822042,"category":"religious","addr:housenumber":"2","addr:street":"Longfellow Park","amenity":"place_of_worship","building":"yes","denomination":"mormon","gnis:feature_id":"1971551","name":"The Church of Jesus Christ of Latter-day Saints","religion":"christian","website":"https://www.lds.org/","_wikiTried":true},"geometry":{"type":"Polygon","coordinates":[[[-71.1262995,42.3759185],[-71.126447,42.375953],[-71.1264429,42.3759626],[-71.1264978,42.3759755],[-71.1264725,42.376035],[-71.1264401,42.3760274],[-71.1264215,42.3760712],[-71.1264516,42.3760782],[-71.1264225,42.3761464],[-71.1263818,42.3761369],[-71.1263296,42.3762594],[-71.1258318,42.376143],[-71.1259003,42.375982],[-71.1262388,42.3760611],[-71.1262995,42.3759185]]]}},{"type":"Feature","id":29822067,"properties":{"osmId":29822067,"category":"other","addr:housenumber":"1815","addr:state":"MA","addr:street":"Massachusetts Avenue","alt_name":"Porter Exchange Building","amenity":"university","building":"yes","building:levels":"3","education":"university","ele":"9","gnis:feature_id":"1971658","name":"University Hall","old_name":"Sears","operator":"Lesley University","source":"USGS Geonames","_wikiTried":true},"geometry":{"type":"Polygon","coordinates":[[[-71.118331,42.3868478],[-71.119003,42.3868875],[-71.1189988,42.3874163],[-71.1190422,42.3876051],[-71.1190127,42.3876294],[-71.1184367,42.3877016],[-71.1184196,42.387621],[-71.1182731,42.3876446],[-71.1182442,42.3875208],[-71.1183345,42.3875094],[-71.1182952,42.387307],[-71.118179,42.3873097],[-71.1181519,42.3869642],[-71.1183319,42.3869642],[-71.118331,42.3868478]]]}},{"type":"Feature","id":29822228,"properties":{"osmId":29822228,"category":"residential","addr:housenumber":"14-16","addr:street":"Mellen Street","building":"dormitory"},"geometry":{"type":"Polygon","coordinates":[[[-71.1183559,42.3805112],[-71.1184767,42.3805155],[-71.1184721,42.3805866],[-71.1185001,42.3805875],[-71.1184943,42.3806767],[-71.1184817,42.3806763],[-71.1184813,42.3806824],[-71.1184381,42.3806809],[-71.1184384,42.3806755],[-71.1183716,42.3806732],[-71.1183713,42.3806784],[-71.1183302,42.3806769],[-71.1183306,42.3806705],[-71.1183177,42.38067],[-71.1183235,42.3805801],[-71.1183514,42.3805811],[-71.1183559,42.3805112]]]}},{"type":"Feature","id":29822255,"properties":{"osmId":29822255,"category":"religious","addr:city":"Cambridge","addr:housenumber":"1151","addr:postcode":"02138","addr:state":"MA","addr:street":"Massachusetts Avenue","amenity":"place_of_worship","building":"church","check_date":"2023-06-08","denomination":"baptist","name":"Old Cambridge Baptist Church","religion":"christian","wheelchair":"limited","wikidata":"Q7083577","wikipedia":"en:Old Cambridge Baptist Church","_wikiTried":true},"geometry":{"type":"Polygon","coordinates":[[[-71.1142228,42.3714457],[-71.1143111,42.37149],[-71.1143416,42.3714565],[-71.1144442,42.371508],[-71.1144183,42.3715364],[-71.1145042,42.3715795],[-71.1141948,42.3719179],[-71.1139742,42.371807],[-71.1141981,42.3715622],[-71.1141421,42.371534],[-71.1142228,42.3714457]]]}},{"type":"Feature","id":29822578,"properties":{"osmId":29822578,"category":"residential","addr:housenumber":"145","addr:street":"Brattle Street","building":"detached","building:levels":"3"},"geometry":{"type":"Polygon","coordinates":[[[-71.1311617,42.3779593],[-71.1312386,42.3781187],[-71.1311654,42.3781381],[-71.1311344,42.3780737],[-71.1310275,42.3781021],[-71.1309816,42.378007],[-71.1311617,42.3779593]]]}},{"type":"Feature","id":29822662,"properties":{"osmId":29822662,"category":"academic","addr:housenumber":"381-383","addr:street":"Western Avenue","building":"university","building:levels":"2","roof:levels":"1"},"geometry":{"type":"Polygon","coordinates":[[[-71.1149101,42.3644961],[-71.1150221,42.3645087],[-71.1149932,42.3646491],[-71.1149038,42.364639],[-71.114909,42.3646136],[-71.1148865,42.3646111],[-71.1149101,42.3644961]]]}},{"type":"Feature","id":29822710,"properties":{"osmId":29822710,"category":"academic","addr:city":"Cambridge","addr:housenumber":"161","addr:postcode":"02140","addr:state":"MA","addr:street":"Garden Street","building":"school","fee":"yes","isced:level":"0","name":"Cambridge Montessori School Toddler / Primary","operator":"Cambridge Montessori School","wikidata":"Q5025480","_wikiTried":true},"geometry":{"type":"Polygon","coordinates":[[[-71.1322239,42.3856479],[-71.1325688,42.3858255],[-71.1324824,42.3859176],[-71.1324364,42.3858938],[-71.1322366,42.3861072],[-71.1321349,42.3860548],[-71.1322313,42.385952],[-71.1322489,42.385961],[-71.1323495,42.3858537],[-71.1321348,42.3857432],[-71.1322239,42.3856479]]]}},{"type":"Feature","id":29822739,"properties":{"osmId":29822739,"category":"academic","addr:city":"Cambridge","addr:housenumber":"28","addr:postcode":"02138","addr:state":"MA","addr:street":"DeWolfe Street","architect":"Shepley, Rutan & Coolidge","building":"university","ele":"4","gnis:feature_id":"1971448","name":"Leverett House","name:etymology":"John Leverett","name:etymology:wikidata":"Q6244702","name:etymology:wikipedia":"en:John Leverett the Younger","source":"USGS Geonames","start_date":"1931","wikidata":"Q14715665","_wikiTried":true},"geometry":{"type":"Polygon","coordinates":[[[-71.1170929,42.3696031],[-71.1172221,42.3696282],[-71.117085,42.369999],[-71.1168852,42.369949],[-71.1169296,42.3698535],[-71.1169549,42.3698082],[-71.1169771,42.3698145],[-71.1170929,42.3696031]]]}},{"type":"Feature","id":29822807,"properties":{"osmId":29822807,"category":"academic","addr:housenumber":"29","addr:postcode":"02138","addr:street":"Garden Street","building":"university","building:levels":"5","building:material":"cement_block","roof:levels":"0"},"geometry":{"type":"Polygon","coordinates":[[[-71.1237869,42.3786808],[-71.1239931,42.3789589],[-71.1233175,42.379234],[-71.1232285,42.3791139],[-71.1237431,42.3789043],[-71.1236261,42.3787464],[-71.1237869,42.3786808]]]}},{"type":"Feature","id":29822998,"properties":{"osmId":29822998,"category":"residential","addr:housenumber":"10;12","addr:street":"Prescott Street","building":"dormitory","building:levels":"5","name":"Greenough Hall","roof:levels":"0","_wikiTried":true},"geometry":{"type":"Polygon","coordinates":[[[-71.1138244,42.3726774],[-71.1139465,42.372697],[-71.11393,42.3727532],[-71.1139387,42.3727607],[-71.1139306,42.3727919],[-71.1139105,42.3727954],[-71.1139052,42.3728221],[-71.1139192,42.37283],[-71.1139119,42.3728598],[-71.1138971,42.3728603],[-71.1138683,42.3729702],[-71.1138777,42.3729777],[-71.113871,42.3730039],[-71.1138495,42.3730074],[-71.1138435,42.3730361],[-71.1138602,42.3730455],[-71.1138495,42.3730743],[-71.1138341,42.3730738],[-71.113816,42.373133],[-71.1137047,42.3731145],[-71.1138244,42.3726774]]]}},{"type":"Feature","id":29823538,"properties":{"osmId":29823538,"category":"academic","addr:city":"Cambridge","addr:housenumber":"1727","addr:postcode":"02138","addr:state":"MA","addr:street":"Cambridge Street","building":"university"},"geometry":{"type":"Polygon","coordinates":[[[-71.1129633,42.3754246],[-71.1129342,42.3755336],[-71.1129215,42.3755865],[-71.1128637,42.375581],[-71.1128646,42.3755751],[-71.112777,42.375564],[-71.1127908,42.3754964],[-71.1127681,42.3754947],[-71.1127814,42.3754011],[-71.1127951,42.375403],[-71.1128072,42.375397],[-71.1129241,42.3754119],[-71.1129348,42.3754213],[-71.1129633,42.3754246]]]}},{"type":"Feature","id":29823855,"properties":{"osmId":29823855,"category":"academic","addr:housenumber":"3","addr:street":"Garden Street","building":"university","name":"Westengard House","_wikiTried":true},"geometry":{"type":"Polygon","coordinates":[[[-71.1209621,42.3757275],[-71.1210232,42.3757549],[-71.1210452,42.375728],[-71.1210994,42.3757522],[-71.1210768,42.3757798],[-71.1211053,42.3757925],[-71.1210507,42.3758594],[-71.120907,42.375795],[-71.1209621,42.3757275]]]}},{"type":"Feature","id":29824006,"properties":{"osmId":29824006,"category":"academic","addr:housenumber":"65;67","addr:street":"Banks Street","building":"school"},"geometry":{"type":"Polygon","coordinates":[[[-71.1147769,42.3690306],[-71.1147934,42.3690324],[-71.1147947,42.3690266],[-71.1148661,42.3690329],[-71.1148713,42.3690375],[-71.1148823,42.3690406],[-71.1148947,42.3690428],[-71.1149187,42.3690441],[-71.1149182,42.3690572],[-71.1149853,42.3690599],[-71.1149768,42.3690921],[-71.1149514,42.3690897],[-71.1149401,42.36914],[-71.1147628,42.3691262],[-71.1147769,42.3690306]]]}},{"type":"Feature","id":29824107,"properties":{"osmId":29824107,"category":"residential","addr:city":"Cambridge","addr:housenumber":"9","addr:place":"Harvard Yard","addr:postcode":"02138","addr:state":"MA","building":"dormitory","building:levels":"5","building:levels:underground":"1","name":"Matthews Hall","_wikiTried":true},"geometry":{"type":"Polygon","coordinates":[[[-71.1181445,42.3738242],[-71.1183394,42.373856],[-71.1183115,42.3739496],[-71.1183041,42.3739484],[-71.1182887,42.3740005],[-71.1182921,42.374001],[-71.11829,42.3740081],[-71.1182785,42.3740474],[-71.1182629,42.3740449],[-71.1182577,42.3740624],[-71.118272,42.3740647],[-71.1182451,42.3741563],[-71.1182353,42.3741547],[-71.1182295,42.3741745],[-71.1182172,42.3742159],[-71.1182232,42.3742169],[-71.118195,42.3743112],[-71.1180081,42.3742807],[-71.1180253,42.3742232],[-71.1180746,42.374058],[-71.1181056,42.3739544],[-71.1181445,42.3738242]]]}},{"type":"Feature","id":29824132,"properties":{"osmId":29824132,"category":"residential","addr:city":"Cambridge","addr:housenumber":"25;26;27;28;29;30;31;32;33;34","addr:postcode":"02139","addr:state":"MA","addr:street":"Peabody Terrace","building":"dormitory","building:levels":"5","ele":"4","gnis:feature_id":"1971640","name":"Peabody Terrace","roof:levels":"0","roof:shape":"flat","source":"USGS Geonames","wikidata":"Q18755127","_wikiTried":true},"geometry":{"type":"Polygon","coordinates":[[[-71.1152004,42.3658804],[-71.1157355,42.365886],[-71.1157332,42.3660066],[-71.1153614,42.3660023],[-71.1153613,42.3660259],[-71.1153575,42.3666524],[-71.1151877,42.3666511],[-71.115197,42.3660244],[-71.1152004,42.3658804]]]}},{"type":"Feature","id":29824393,"properties":{"osmId":29824393,"category":"library","addr:housenumber":"245","addr:postcode":"02138","addr:street":"Concord Avenue","amenity":"library","building":"yes","description":"book drop open 24/7","name":"Cambridge Library Boudreau Branch","opening_hours":"Mo-We 10:00-20:00; Th,Fr 10:00-18:00","operator":"Cambridge Public Library","operator:type":"government","website":"https://www.cambridgema.gov/Departments/cambridgepubliclibrary/Locations/boudreaubranch","_wikiTried":true},"geometry":{"type":"Polygon","coordinates":[[[-71.1325821,42.3832504],[-71.1327241,42.3833167],[-71.1325706,42.3834974],[-71.1324287,42.3834311],[-71.1325821,42.3832504]]]}},{"type":"Feature","id":29824449,"properties":{"osmId":29824449,"category":"residential","addr:city":"Cambridge","addr:housenumber":"3","addr:place":"Harvard Yard","addr:postcode":"02138","addr:state":"MA","building":"dormitory","name":"Weld Hall","_wikiTried":true},"geometry":{"type":"Polygon","coordinates":[[[-71.1170887,42.3737139],[-71.1172842,42.373742],[-71.1172674,42.3738048],[-71.1172786,42.3738061],[-71.117256,42.3738821],[-71.1172346,42.3738797],[-71.1172016,42.3739852],[-71.1172212,42.3739891],[-71.1171989,42.3740636],[-71.1171841,42.3740621],[-71.1171622,42.3741292],[-71.1169732,42.3740978],[-71.1169936,42.3740339],[-71.116974,42.37403],[-71.1169992,42.3739506],[-71.1170218,42.3739545],[-71.1170526,42.3738543],[-71.1170234,42.3738496],[-71.1170467,42.3737683],[-71.1170703,42.3737707],[-71.1170887,42.3737139]]]}},{"type":"Feature","id":29824485,"properties":{"osmId":29824485,"category":"academic","addr:housenumber":"23","addr:street":"Mellen Street","building":"yes"},"geometry":{"type":"Polygon","coordinates":[[[-71.1178477,42.3808487],[-71.1179687,42.3808522],[-71.1179564,42.3810891],[-71.1178355,42.3810857],[-71.1178477,42.3808487]]]}},{"type":"Feature","id":29825034,"properties":{"osmId":29825034,"category":"academic","addr:housenumber":"61","addr:street":"Oxford Street","building":"university"},"geometry":{"type":"Polygon","coordinates":[[[-71.1164961,42.3810847],[-71.1166422,42.3810906],[-71.1166411,42.3811048],[-71.1168106,42.3811117],[-71.1168064,42.38117],[-71.1164907,42.3811572],[-71.1164961,42.3810847]]]}},{"type":"Feature","id":29825268,"properties":{"osmId":29825268,"category":"religious","addr:city":"Cambridge","addr:housenumber":"5","addr:postcode":"02139","addr:state":"MA","addr:street":"Magazine Street","building":"church","check_date":"2023-05-12","ele":"5","name":"First Baptist Church","wikidata":"Q5452364","wikipedia":"en:First Baptist Church (Cambridge, Massachusetts)","_wikiTried":true},"geometry":{"type":"Polygon","coordinates":[[[-71.1051782,42.3646273],[-71.1054869,42.3648093],[-71.1053685,42.3649189],[-71.1053266,42.3648942],[-71.1053058,42.3649134],[-71.1052235,42.364865],[-71.10501,42.3650629],[-71.1048783,42.3649853],[-71.1048681,42.3649947],[-71.1048152,42.3649635],[-71.1051782,42.3646273]]]}},{"type":"Feature","id":29825347,"properties":{"osmId":29825347,"category":"academic","addr:housenumber":"38","addr:street":"Concord Avenue","building":"university","building:levels":"2","roof:levels":"1"},"geometry":{"type":"Polygon","coordinates":[[[-71.1272604,42.379635],[-71.1273683,42.3796975],[-71.1272795,42.3797816],[-71.1271717,42.3797191],[-71.1272604,42.379635]]]}},{"type":"Feature","id":29825463,"properties":{"osmId":29825463,"category":"academic","building":"university","name":"Museum of Comparative Zoology Laboratories","short_name":"MCZ Building","wikidata":"Q1420782","_wikiTried":true},"geometry":{"type":"Polygon","coordinates":[[[-71.1152576,42.3791105],[-71.1153884,42.3794667],[-71.1153658,42.3794714],[-71.1153639,42.3795006],[-71.1153627,42.379529],[-71.1152057,42.379556],[-71.1151924,42.3795292],[-71.1151896,42.3795222],[-71.1151759,42.3794881],[-71.1151669,42.3794657],[-71.1151272,42.3793668],[-71.1150766,42.3792298],[-71.1150074,42.3792438],[-71.1149834,42.379179],[-71.1150527,42.379165],[-71.1150437,42.3791407],[-71.1152173,42.3791086],[-71.1152067,42.3790791],[-71.1151917,42.37905],[-71.1152276,42.3790427],[-71.1152417,42.3790722],[-71.1152576,42.3791105]]]}},{"type":"Feature","id":29825567,"properties":{"osmId":29825567,"category":"academic","addr:housenumber":"175","addr:street":"North Harvard Street","building":"university","name":"175 North Harvard","_wikiTried":true},"geometry":{"type":"Polygon","coordinates":[[[-71.1292887,42.3637679],[-71.1298613,42.3641954],[-71.1293814,42.3645463],[-71.1288088,42.3641188],[-71.1292887,42.3637679]]]}},{"type":"Feature","id":29826208,"properties":{"osmId":29826208,"category":"religious","addr:housenumber":"171","addr:street":"Hampshire Street","amenity":"place_of_worship","building":"yes","check_date":"2023-07-23","name":"Immanual Adventist","religion":"christian","service_times":"Su 11:00-13:00","_wikiTried":true},"geometry":{"type":"Polygon","coordinates":[[[-71.0985169,42.3720038],[-71.0985952,42.3720689],[-71.0984852,42.372141],[-71.0985113,42.3721627],[-71.0984551,42.3721996],[-71.0983508,42.3721128],[-71.0985169,42.3720038]]]}},{"type":"Feature","id":29826295,"properties":{"osmId":29826295,"category":"academic","addr:city":"Boston","addr:housenumber":"34","addr:postcode":"02163","addr:state":"MA","addr:street":"Harvard Way","building":"university","ele":"3","gnis:feature_id":"1971108","name":"Chase Hall","source":"USGS Geonames","website":"https://harvardplanning.emuseum.com/sites/250/chase-hall","_wikiTried":true},"geometry":{"type":"Polygon","coordinates":[[[-71.1216847,42.3667241],[-71.121788,42.3667298],[-71.1217615,42.3670116],[-71.1220569,42.3670364],[-71.1221223,42.3667543],[-71.1222245,42.366768],[-71.1221307,42.367182],[-71.1220257,42.3671706],[-71.1220332,42.3671341],[-71.1217424,42.3671086],[-71.1216529,42.3671044],[-71.1216565,42.367046],[-71.1216847,42.3667241]]]}},{"type":"Feature","id":29826403,"properties":{"osmId":29826403,"category":"academic","addr:housenumber":"28","addr:street":"Wendell Street","building":"yes"},"geometry":{"type":"Polygon","coordinates":[[[-71.1173394,42.3814158],[-71.1175116,42.3814228],[-71.1175043,42.3815206],[-71.1173321,42.3815135],[-71.1173394,42.3814158]]]}},{"type":"Feature","id":29826842,"properties":{"osmId":29826842,"category":"academic","addr:city":"Cambridge","addr:housenumber":"48","addr:postcode":"02138","addr:state":"MA","addr:street":"Quincy Street","architect:wikidata":"Q436649","building":"university","building:levels":"5","ele":"6","gnis:feature_id":"1971307","name":"Gund Hall","name:etymology":"George Gund II","name:etymology:wikidata":"Q5539970","name:etymology:wikipedia":"en:George Gund II","opening_hours":"unknown \"ID access only after 6pm\"","source":"USGS Geonames","wheelchair":"limited","wikidata":"Q118289144","_wikiTried":true},"geometry":{"type":"Polygon","coordinates":[[[-71.1138258,42.3755119],[-71.1141321,42.3755585],[-71.1141254,42.3755935],[-71.1142187,42.3756045],[-71.1140782,42.3762728],[-71.114014,42.376267],[-71.1139656,42.3762665],[-71.113963,42.3762765],[-71.1138733,42.376267],[-71.1138711,42.3762758],[-71.1135776,42.376244],[-71.1135787,42.3762154],[-71.1135755,42.3762153],[-71.1135843,42.3761764],[-71.1135008,42.3761673],[-71.1135107,42.3761271],[-71.1135223,42.3761214],[-71.1135246,42.3761119],[-71.1136039,42.3761218],[-71.1136079,42.3761012],[-71.1136116,42.3760822],[-71.1135103,42.3760683],[-71.1136245,42.3755357],[-71.1137246,42.3755461],[-71.1137335,42.375511],[-71.1138223,42.3755249],[-71.1138258,42.3755119]]]}},{"type":"Feature","id":29827012,"properties":{"osmId":29827012,"category":"religious","addr:housenumber":"47","addr:street":"Howard Street","amenity":"place_of_worship","building":"yes","building:levels":"3","denomination":"pentecostal","name":"Abundant Life Church","phone":"+18006302521","religion":"christian","website":"https://alccambridge.org/","wheelchair":"no","_wikiTried":true},"geometry":{"type":"Polygon","coordinates":[[[-71.1111859,42.3651986],[-71.1112014,42.3653097],[-71.1109581,42.3653282],[-71.1109426,42.3652171],[-71.1111859,42.3651986]]]}},{"type":"Feature","id":29828063,"properties":{"osmId":29828063,"category":"residential","addr:housenumber":"20","addr:street":"Mellen Street","building":"dormitory"},"geometry":{"type":"Polygon","coordinates":[[[-71.1179839,42.3805014],[-71.1180566,42.3805048],[-71.1180517,42.3805614],[-71.1180636,42.3805619],[-71.1180608,42.3805944],[-71.1180491,42.3805939],[-71.1180437,42.3806557],[-71.1179505,42.3806512],[-71.1179588,42.3805552],[-71.1179792,42.3805562],[-71.1179839,42.3805014]]]}},{"type":"Feature","id":29828912,"properties":{"osmId":29828912,"category":"religious","addr:housenumber":"299","addr:street":"Western Avenue","amenity":"place_of_worship","building":"yes","denomination":"baptist","ele":"4","gnis:feature_id":"1971856","name":"Western Avenue Baptist Church","phone":"+16176610433","religion":"christian","website":"https://www.westernavenuechurch.com/","wheelchair":"limited","_wikiTried":true},"geometry":{"type":"Polygon","coordinates":[[[-71.1126388,42.3646891],[-71.1127866,42.3647133],[-71.1127355,42.3648851],[-71.1126447,42.3648703],[-71.1126541,42.3648384],[-71.1125971,42.364829],[-71.1126388,42.3646891]]]}},{"type":"Feature","id":29828978,"properties":{"osmId":29828978,"category":"medical","addr:city":"Cambridge","addr:housenumber":"76","addr:postcode":"02139","addr:state":"MA","addr:street":"Prospect Street","amenity":"clinic","building":"yes","healthcare":"clinic","healthcare:speciality":"emergency","name":"Mass General Brigham Urgent Care","opening_hours":"Mo-Su 09:00-20:30","operator":"Mass General Brigham","_wikiTried":true},"geometry":{"type":"Polygon","coordinates":[[[-71.1021875,42.3668937],[-71.1022592,42.3667913],[-71.1022584,42.3667868],[-71.1022579,42.3667824],[-71.1022581,42.366778],[-71.1022588,42.3667737],[-71.10226,42.3667694],[-71.1022617,42.3667652],[-71.1022639,42.366761],[-71.1022665,42.3667571],[-71.1022697,42.3667533],[-71.1022732,42.3667497],[-71.1022771,42.3667465],[-71.1022815,42.3667434],[-71.1022861,42.3667407],[-71.1022911,42.3667382],[-71.1022964,42.3667361],[-71.1023017,42.3667344],[-71.1023074,42.366733],[-71.1023131,42.3667319],[-71.1023191,42.3667313],[-71.102325,42.366731],[-71.102331,42.3667312],[-71.1023368,42.3667316],[-71.1023428,42.3667325],[-71.1023485,42.3667338],[-71.1023539,42.3667354],[-71.1023592,42.3667374],[-71.1023643,42.3667397],[-71.1023692,42.3667423],[-71.1023756,42.3667467],[-71.1025735,42.3668229],[-71.10254,42.3668706],[-71.1023826,42.36681],[-71.102379,42.3668135],[-71.102375,42.3668169],[-71.1023707,42.3668199],[-71.102366,42.3668226],[-71.1023611,42.3668251],[-71.1023559,42.3668271],[-71.1023504,42.3668289],[-71.1023447,42.3668303],[-71.1023389,42.3668313],[-71.102333,42.3668319],[-71.1023271,42.3668322],[-71.1023175,42.3668318],[-71.1022581,42.3669167],[-71.1021875,42.3668937]]]}},{"type":"Feature","id":29829059,"properties":{"osmId":29829059,"category":"academic","building":"university","building:levels":"2","name":"Currier House","name:etymology":"Audrey Bruce Currier","roof:levels":"0","wikidata":"Q3699650","wikipedia":"en:Currier House (Harvard College)","_wikiTried":true},"geometry":{"type":"Polygon","coordinates":[[[-71.1257671,42.3816127],[-71.1258535,42.3817171],[-71.1256393,42.3818146],[-71.1256616,42.3818415],[-71.1255494,42.3818926],[-71.1255143,42.3818503],[-71.1254747,42.3818683],[-71.1254159,42.3817972],[-71.125453,42.3817803],[-71.1254195,42.3817399],[-71.1255315,42.3816889],[-71.1255502,42.3817115],[-71.1257671,42.3816127]]]}},{"type":"Feature","id":29829305,"properties":{"osmId":29829305,"category":"residential","addr:housenumber":"4;5;6;7;8;9","addr:street":"Peabody Terrace","building":"dormitory","building:levels":"7"},"geometry":{"type":"Polygon","coordinates":[[[-71.1148368,42.3667527],[-71.1153839,42.3667573],[-71.1157434,42.3667603],[-71.1157416,42.3668753],[-71.115382,42.3668722],[-71.114835,42.3668676],[-71.1148368,42.3667527]]]}},{"type":"Feature","id":29829549,"properties":{"osmId":29829549,"category":"religious","addr:city":"Cambridge","addr:housenumber":"44","addr:postcode":"02139","addr:state":"MA","addr:street":"William Street","amenity":"place_of_worship","building":"church","denomination":"pentecostal","name":"Antioch Temple","phone":"+1 617 491 0843","religion":"christian","_wikiTried":true},"geometry":{"type":"Polygon","coordinates":[[[-71.1071755,42.3637921],[-71.1073311,42.3638857],[-71.1071812,42.3640225],[-71.107039,42.3639368],[-71.1071438,42.3638412],[-71.1071305,42.3638332],[-71.1071755,42.3637921]]]}},{"type":"Feature","id":29885258,"properties":{"osmId":29885258,"category":"athletic","addr:state":"MA","building":"yes","ele":"3","gnis:feature_id":"1971746","leisure":"sports_centre","name":"Shad Hall","source":"MassGIS Buildings (http://www.mass.gov/mgis/lidarbuildingfp2d.htm);USGS Geonames","_wikiTried":true},"geometry":{"type":"Polygon","coordinates":[[[-71.1246207,42.3660174],[-71.1252639,42.366336],[-71.1252448,42.3663571],[-71.125293,42.366381],[-71.1250589,42.3666409],[-71.1250215,42.3666224],[-71.1248345,42.3668301],[-71.1246832,42.3667551],[-71.1247239,42.3667099],[-71.1246146,42.3666536],[-71.1243671,42.3665332],[-71.124326,42.366579],[-71.124182,42.3665078],[-71.1243675,42.3663018],[-71.124333,42.3662847],[-71.124571,42.3660205],[-71.1246034,42.3660365],[-71.1246207,42.3660174]]]}},{"type":"Feature","id":29891070,"properties":{"osmId":29891070,"category":"academic","addr:housenumber":"10","addr:street":"Harvard Way","building":"university","name":"Loeb House","_wikiTried":true},"geometry":{"type":"Polygon","coordinates":[[[-71.123991,42.3672573],[-71.124051,42.3672847],[-71.1241314,42.3673214],[-71.1240686,42.3673965],[-71.1239282,42.3673324],[-71.123991,42.3672573]]]}},{"type":"Feature","id":29905683,"properties":{"osmId":29905683,"category":"athletic","addr:city":"Cambridge","addr:housenumber":"7","addr:state":"MA","addr:street":"Temple Street","building":"yes","ele":"8","gnis:feature_id":"1971886","leisure":"sports_centre","name":"YWCA","source":"Bing;MassGIS Buildings (http://www.mass.gov/mgis/lidarbuildingfp2d.htm);USGS Geonames","wheelchair":"limited","_wikiTried":true},"geometry":{"type":"Polygon","coordinates":[[[-71.1043393,42.3668914],[-71.1043052,42.3669226],[-71.1042902,42.3669137],[-71.1041778,42.3668469],[-71.1042089,42.3668184],[-71.104189,42.3668065],[-71.1041776,42.3668169],[-71.1041752,42.3668187],[-71.1041725,42.3668204],[-71.1041698,42.3668217],[-71.1041668,42.3668229],[-71.1041636,42.3668239],[-71.1041604,42.3668246],[-71.1041571,42.3668251],[-71.1041537,42.3668253],[-71.1041503,42.3668253],[-71.104147,42.366825],[-71.1041437,42.3668245],[-71.1041405,42.3668237],[-71.1041374,42.3668227],[-71.1041344,42.3668214],[-71.1041317,42.36682],[-71.1041292,42.3668184],[-71.1041269,42.3668166],[-71.1041249,42.3668146],[-71.1041231,42.3668124],[-71.1041216,42.3668102],[-71.1041205,42.3668078],[-71.1041197,42.3668054],[-71.1041192,42.366803],[-71.1041191,42.3668004],[-71.1041193,42.3667979],[-71.1041198,42.3667954],[-71.1041206,42.366793],[-71.1041218,42.3667907],[-71.1041233,42.3667883],[-71.104125,42.3667862],[-71.1041354,42.3667757],[-71.1041154,42.3667649],[-71.1040971,42.3667832],[-71.1040867,42.3667931],[-71.1039688,42.3667248],[-71.104149,42.3665583],[-71.1043483,42.3666762],[-71.1044818,42.3667553],[-71.1043616,42.3668661],[-71.1043928,42.3668846],[-71.1044805,42.3668039],[-71.1046755,42.3669194],[-71.1045172,42.3670652],[-71.1043195,42.366948],[-71.1043647,42.3669065],[-71.1043393,42.3668914]]]}},{"type":"Feature","id":29905812,"properties":{"osmId":29905812,"category":"medical","addr:city":"Allston","addr:housenumber":"287","addr:postcode":"02134","addr:state":"MA","addr:street":"Western Avenue","amenity":"clinic","building":"yes","healthcare":"clinic","name":"Joseph M. Smith Community Health Center","website":"http://www.jmschc.org/","_wikiTried":true},"geometry":{"type":"Polygon","coordinates":[[[-71.1345098,42.3635811],[-71.1345346,42.3640147],[-71.1340799,42.364029],[-71.1340677,42.3638147],[-71.1343027,42.3638074],[-71.1342902,42.3635881],[-71.1345098,42.3635811]]]}},{"type":"Feature","id":29924956,"properties":{"osmId":29924956,"category":"religious","addr:city":"Cambridge","addr:housenumber":"199","addr:postcode":"02139","addr:state":"MA","addr:street":"Auburn Street","amenity":"place_of_worship","building":"yes","denomination":"zen","name":"Cambridge Zen Center","phone":"+1 617 576 3229","religion":"buddhist","website":"https://www.cambridgezen.com/","wikidata":"Q5025624","_wikiTried":true},"geometry":{"type":"Polygon","coordinates":[[[-71.1059518,42.3642655],[-71.1061942,42.3644071],[-71.1060978,42.3644972],[-71.1059764,42.3644262],[-71.1059546,42.3644465],[-71.1058802,42.364403],[-71.1059021,42.3643825],[-71.1058556,42.3643554],[-71.1059518,42.3642655]]]}},{"type":"Feature","id":29925018,"properties":{"osmId":29925018,"category":"academic","addr:city":"Boston","addr:housenumber":"45","addr:postcode":"02163","addr:state":"MA","addr:street":"Harvard Way","building":"university","building:levels":"6","name":"Esteves Hall","website":"https://www.hbs.edu/about/campus-and-culture/campus-built-on-philanthropy/Pages/esteves-hall.aspx","_wikiTried":true},"geometry":{"type":"Polygon","coordinates":[[[-71.1204822,42.3669101],[-71.1204847,42.3669269],[-71.1205097,42.3669249],[-71.1205336,42.3670864],[-71.1206374,42.367078],[-71.1206484,42.3671524],[-71.1205498,42.3671604],[-71.1206045,42.3675311],[-71.1205349,42.3675367],[-71.1205157,42.3675244],[-71.1204217,42.367532],[-71.120404,42.367549],[-71.1201957,42.3675663],[-71.1201934,42.3675509],[-71.1201557,42.3675541],[-71.1201479,42.3675031],[-71.1201777,42.3675006],[-71.1201701,42.367451],[-71.1203967,42.3674322],[-71.1204173,42.3674432],[-71.120431,42.3674292],[-71.120387,42.3671549],[-71.1204011,42.3671465],[-71.1203982,42.3671384],[-71.1203974,42.3671301],[-71.1203962,42.3671214],[-71.1203971,42.3671132],[-71.120379,42.3671033],[-71.1203552,42.3669428],[-71.1204252,42.3669371],[-71.1204219,42.3669149],[-71.1204822,42.3669101]]]}},{"type":"Feature","id":29931793,"properties":{"osmId":29931793,"category":"academic","addr:housenumber":"60","addr:state":"MA","addr:street":"North Harvard Street","building":"university","ele":"3","name":"Rock Center","_wikiTried":true},"geometry":{"type":"Polygon","coordinates":[[[-71.1232728,42.3657764],[-71.1233261,42.3657868],[-71.1233223,42.3657973],[-71.123358,42.3658043],[-71.1233726,42.3657637],[-71.1234054,42.3657701],[-71.1233911,42.3658099],[-71.1234678,42.365825],[-71.1234106,42.3659843],[-71.1233613,42.3661214],[-71.1233494,42.366119],[-71.1233387,42.3661489],[-71.1232064,42.366123],[-71.1232158,42.3660968],[-71.1231605,42.3660859],[-71.1231674,42.3660667],[-71.1231155,42.3660566],[-71.123173,42.3658962],[-71.1232261,42.3659066],[-71.1232323,42.3658894],[-71.1232728,42.3657764]]]}},{"type":"Feature","id":29932104,"properties":{"osmId":29932104,"category":"library","amenity":"library","building":"yes","check_date":"2025-10-21","ele":"5","gnis:feature_id":"1971095","internet_access":"yes","internet_access:fee":"no","name":"Cambridge Library Central Square Branch","opening_hours":"Mo,We,Fr 10:00-18:00; Tu,Th 10:00-21:00; Sep-Jun: Sa 10:00-14:00","operator":"Cambridge Public Library","operator:type":"public","source":"USGS Geonames","website":"https://www.cambridgema.gov/Departments/cambridgepubliclibrary/Locations/centralsquarebranch","_wikiTried":true},"geometry":{"type":"Polygon","coordinates":[[[-71.1037508,42.3637275],[-71.1040326,42.363883],[-71.1039068,42.3640044],[-71.1038898,42.3640208],[-71.1039234,42.3640399],[-71.1038955,42.3640666],[-71.1035774,42.3638864],[-71.1037508,42.3637275]]]}},{"type":"Feature","id":29932256,"properties":{"osmId":29932256,"category":"other","addr:housenumber":"1541","addr:state":"MA","addr:street":"Massachusetts Avenue","amenity":"university","building":"yes","check_date":"2025-06-26","education":"university","ele":"7","gnis:feature_id":"1971344","name":"Hastings Building","operator":"Harvard University","source":"USGS Geonames","wheelchair":"designated","_wikiTried":true},"geometry":{"type":"Polygon","coordinates":[[[-71.119469,42.3772312],[-71.1194853,42.3772794],[-71.1194619,42.3772837],[-71.1195151,42.3774405],[-71.1195522,42.3775467],[-71.1195804,42.3776302],[-71.1196164,42.3776244],[-71.1197377,42.3776027],[-71.1197468,42.3775953],[-71.1197597,42.3775849],[-71.1197469,42.3775498],[-71.1198476,42.3775332],[-71.1198957,42.3776927],[-71.1197421,42.3777179],[-71.1197369,42.3777005],[-71.1194893,42.3777412],[-71.1193609,42.3773148],[-71.1192862,42.3773271],[-71.1192673,42.3772644],[-71.1193422,42.3772521],[-71.119469,42.3772312]]]}},{"type":"Feature","id":29932272,"properties":{"osmId":29932272,"category":"academic","addr:housenumber":"1797","addr:street":"Massachusetts Avenue","building":"university","description":"Former church, bought by Lesley University and transported to the next lot over","wikidata":"Q7054026"},"geometry":{"type":"Polygon","coordinates":[[[-71.1185262,42.3863256],[-71.1187875,42.3863403],[-71.1187845,42.3863694],[-71.118956,42.3863789],[-71.1189417,42.3865192],[-71.1187721,42.3865096],[-71.1186711,42.3865039],[-71.1186679,42.3865354],[-71.1185684,42.3865299],[-71.1185723,42.3864926],[-71.1185094,42.3864891],[-71.1185234,42.3863531],[-71.1185262,42.3863256]]]}},{"type":"Feature","id":29932593,"properties":{"osmId":29932593,"category":"academic","addr:city":"Cambridge","addr:housenumber":"35","addr:postcode":"02138","addr:state":"MA","addr:street":"Quincy Street","building":"university","ele":"7","gnis:feature_id":"1971691","name":"Robinson Hall","source":"USGS Geonames","_wikiTried":true},"geometry":{"type":"Polygon","coordinates":[[[-71.114721,42.3745641],[-71.1149918,42.3746112],[-71.1152674,42.3746592],[-71.1151978,42.3748817],[-71.114649,42.3747872],[-71.114721,42.3745641]]]}},{"type":"Feature","id":29932716,"properties":{"osmId":29932716,"category":"medical","addr:housenumber":"230;236","addr:street":"Highland Avenue","building":"hospital"},"geometry":{"type":"Polygon","coordinates":[[[-71.1098226,42.3892376],[-71.1101738,42.3894311],[-71.1102095,42.3894452],[-71.1101915,42.389472],[-71.1102519,42.3894941],[-71.1099337,42.3899635],[-71.1099113,42.3899567],[-71.1096988,42.390278],[-71.1096155,42.3902488],[-71.1095564,42.3903441],[-71.1093522,42.390269],[-71.1093116,42.3903313],[-71.1092423,42.3903063],[-71.1092142,42.3903512],[-71.1092969,42.3903815],[-71.1092508,42.3904505],[-71.109137,42.3904092],[-71.1090463,42.3905451],[-71.1088635,42.390478],[-71.1092924,42.3898247],[-71.1093759,42.3898545],[-71.1094308,42.3897701],[-71.1095069,42.3897973],[-71.1095359,42.3897527],[-71.1096685,42.3898002],[-71.1099183,42.3894484],[-71.1097272,42.3893311],[-71.1098226,42.3892376]]]}},{"type":"Feature","id":29932966,"properties":{"osmId":29932966,"category":"academic","addr:housenumber":"22","addr:street":"Divinity Avenue","building":"university","name":"University Herbaria","wikidata":"Q3731149","_wikiTried":true},"geometry":{"type":"Polygon","coordinates":[[[-71.1147805,42.3789031],[-71.1148048,42.3789675],[-71.1147917,42.3789702],[-71.1148018,42.3789971],[-71.1148145,42.3789945],[-71.1148204,42.3790101],[-71.1148462,42.3790047],[-71.1148864,42.3791124],[-71.1148606,42.3791223],[-71.1148751,42.3791608],[-71.1144809,42.3792419],[-71.114485,42.3792528],[-71.1144088,42.3792684],[-71.1143077,42.3790004],[-71.1145765,42.3789451],[-71.1147354,42.3789124],[-71.1147805,42.3789031]]]}},{"type":"Feature","id":29933605,"properties":{"osmId":29933605,"category":"religious","addr:city":"Cambridge","addr:housenumber":"134","addr:postcode":"02139","addr:state":"MA","addr:street":"Norfolk Street","amenity":"place_of_worship","building":"church","check_date":"2025-10-31","denomination":"roman_catholic","ele":"5","name":"Saint Mary of the Annunciation","phone":"+1 617 547 0120","religion":"christian","website":"http://stmaryoftheannunciation.com/","_wikiTried":true},"geometry":{"type":"Polygon","coordinates":[[[-71.0999856,42.3673384],[-71.1001504,42.3673981],[-71.100171,42.367367],[-71.100317,42.3674199],[-71.1003315,42.367398],[-71.1004359,42.3674358],[-71.1004127,42.3674711],[-71.1005073,42.3675055],[-71.1003766,42.367704],[-71.100275,42.3676672],[-71.1002549,42.3676977],[-71.1001258,42.3676509],[-71.1001365,42.3676348],[-71.0999915,42.3675822],[-71.1000169,42.3675437],[-71.0998882,42.3674971],[-71.0999119,42.3674614],[-71.0998757,42.3674482],[-71.0999303,42.3673653],[-71.0999607,42.3673763],[-71.0999856,42.3673384]]]}},{"type":"Feature","id":29934296,"properties":{"osmId":29934296,"category":"academic","addr:city":"Cambridge","addr:housenumber":"12","addr:place":"Harvard Yard","addr:postcode":"02138","addr:state":"MA","building":"university","ele":"9","gnis:feature_id":"1971325","name":"Harvard Hall","source":"USGS Geonames","wikidata":"Q16972823","wikipedia":"en:Harvard Hall","_wikiTried":true},"geometry":{"type":"Polygon","coordinates":[[[-71.1180388,42.3747356],[-71.1181649,42.374758],[-71.1181674,42.3747524],[-71.1182357,42.3747636],[-71.1182929,42.3747713],[-71.1182899,42.3747809],[-71.1184303,42.3748053],[-71.118418,42.3748435],[-71.1184269,42.3748448],[-71.1184099,42.3749027],[-71.1183898,42.3749605],[-71.118172,42.3749225],[-71.1179839,42.3748889],[-71.1180388,42.3747356]]]}},{"type":"Feature","id":29934321,"properties":{"osmId":29934321,"category":"religious","addr:city":"Cambridge","addr:housenumber":"99","addr:postcode":"02139","addr:state":"MA","addr:street":"Prospect Street","amenity":"place_of_worship","building":"church","check_date":"2025-12-01","denomination":"presbyterian","ele":"6","name":"Christ the King Presbyterian Church","religion":"christian","website":"https://www.ctkcambridge.org/","wikidata":"Q5108986","_wikiTried":true},"geometry":{"type":"Polygon","coordinates":[[[-71.1026053,42.3676727],[-71.1031069,42.3678673],[-71.1029931,42.3680286],[-71.102492,42.3678343],[-71.1025316,42.3677781],[-71.1024706,42.3677545],[-71.1025092,42.3676997],[-71.1025697,42.3677231],[-71.1026053,42.3676727]]]}},{"type":"Feature","id":29934603,"properties":{"osmId":29934603,"category":"academic","addr:city":"Cambridge","addr:housenumber":"28","addr:postcode":"02138","addr:state":"MA","addr:street":"DeWolfe Street","building":"university","building:levels":"11","name":"Leverett F Tower","_wikiTried":true},"geometry":{"type":"Polygon","coordinates":[[[-71.1162637,42.3694818],[-71.1163796,42.3695112],[-71.1166259,42.3695816],[-71.1165713,42.3696975],[-71.1161901,42.3696005],[-71.1162437,42.369482],[-71.1162637,42.3694818]]]}},{"type":"Feature","id":29934895,"properties":{"osmId":29934895,"category":"residential","addr:housenumber":"10","addr:street":"Akron Street","building":"dormitory","building:levels":"7","roof:levels":"0","roof:shape":"flat"},"geometry":{"type":"Polygon","coordinates":[[[-71.1156371,42.3652901],[-71.1158111,42.3653032],[-71.1157665,42.3657164],[-71.1149977,42.3656736],[-71.1151013,42.3653264],[-71.1151697,42.365333],[-71.1151719,42.365315],[-71.1152888,42.3653232],[-71.1152403,42.3655041],[-71.1152072,42.3655074],[-71.115205,42.36554],[-71.1155826,42.3655519],[-71.115594,42.3654008],[-71.1156268,42.3654067],[-71.1156371,42.3652901]]]}},{"type":"Feature","id":29935534,"properties":{"osmId":29935534,"category":"academic","addr:housenumber":"76","addr:state":"MA","addr:street":"John F. Kennedy Street","building":"university","ele":"3","gnis:feature_id":"1971458","name":"Littauer Center","other_source":"USGS Geonames","_wikiTried":true},"geometry":{"type":"Polygon","coordinates":[[[-71.1226349,42.3711168],[-71.1225684,42.371198],[-71.1223535,42.3710912],[-71.1223702,42.3710758],[-71.1223353,42.3710595],[-71.1223052,42.371064],[-71.1222857,42.3710897],[-71.1223099,42.3711011],[-71.1222502,42.3711724],[-71.1221965,42.3711497],[-71.1221744,42.3711759],[-71.1220953,42.3711383],[-71.1220081,42.3711526],[-71.1219592,42.3712116],[-71.1219263,42.3711982],[-71.1218888,42.3712354],[-71.1217915,42.3711913],[-71.1218063,42.3711734],[-71.1217573,42.3711502],[-71.1217225,42.3711898],[-71.1217479,42.3712007],[-71.1216875,42.3712716],[-71.1216272,42.3712448],[-71.1216099,42.3712665],[-71.1215285,42.371229],[-71.1215468,42.3712091],[-71.1215213,42.3711997],[-71.1215857,42.3711249],[-71.1216078,42.3711348],[-71.1216252,42.371117],[-71.1215957,42.3711031],[-71.1216628,42.3710298],[-71.1216098,42.3710095],[-71.1217057,42.3708955],[-71.121756,42.3709183],[-71.1218177,42.3708425],[-71.1218414,42.3708535],[-71.1218599,42.3708296],[-71.1219437,42.3708653],[-71.1219762,42.3708602],[-71.1220078,42.3708244],[-71.1220269,42.3708014],[-71.1220577,42.3708158],[-71.1220725,42.3707969],[-71.1221764,42.370844],[-71.1221369,42.3708876],[-71.1221623,42.370899],[-71.1221838,42.3708722],[-71.1222383,42.3708968],[-71.1222871,42.3709188],[-71.1222629,42.370946],[-71.1222884,42.3709584],[-71.1223246,42.3709124],[-71.1224292,42.3709599],[-71.1223897,42.3710055],[-71.1224138,42.3710149],[-71.122452,42.3709713],[-71.1225533,42.3710179],[-71.1225151,42.3710625],[-71.1225419,42.3710744],[-71.1225788,42.3710288],[-71.1226734,42.3710716],[-71.1226412,42.3711103],[-71.1226349,42.3711168]]]}},{"type":"Feature","id":29935638,"properties":{"osmId":29935638,"category":"academic","addr:housenumber":"9","addr:postcode":"02138-2901","addr:street":"Oxford Street","building":"university","ele":"6","gnis:feature_id":"1971290","name":"McKay Laboratory","source":"USGS Geonames","_wikiTried":true},"geometry":{"type":"Polygon","coordinates":[[[-71.1163885,42.3768908],[-71.1165643,42.3774065],[-71.1164665,42.3774266],[-71.1164696,42.3774338],[-71.1164549,42.377437],[-71.1164964,42.3775448],[-71.1163802,42.3775688],[-71.1161421,42.3769344],[-71.1163885,42.3768908]]]}},{"type":"Feature","id":29935840,"properties":{"osmId":29935840,"category":"academic","addr:housenumber":"14","addr:street":"Wendell Street","building":"yes"},"geometry":{"type":"Polygon","coordinates":[[[-71.118497,42.3813523],[-71.1186035,42.3813566],[-71.1185916,42.3815181],[-71.1184851,42.3815137],[-71.118497,42.3813523]]]}},{"type":"Feature","id":29936120,"properties":{"osmId":29936120,"category":"religious","addr:city":"Cambridge","addr:housenumber":"838","addr:postcode":"02139","addr:state":"MA","addr:street":"Massachusetts Avenue","amenity":"place_of_worship","building":"church","check_date":"2025-05-22","contact:facebook":"https://www.facebook.com/SaintPetersEpiscopalCambridge/","contact:housenumber":"15","contact:street":"Sellers Street","contact:youtube":"https://www.youtube.com/@st.petersepiscopalchurchca7400","denomination":"episcopal","ele":"7","email":"parish@saintpeterscambridge.org","gnis:feature_id":"1971730","name":"Saint Peter's Episcopal Church","phone":"+1 617 547 7788","religion":"christian","service_times":"Su 10:30; Mo-Fr 08:00","source:service_times":"sign","website":"https://saintpeterscambridge.org/","wheelchair":"limited","wheelchair:description":"The 13 Sellers Street entrance to the church is equipped with a ramp and a handrail. The elevator is immediately inside of this entrance. Ring the doorbell.","wikidata":"Q133251666","_wikiTried":true},"geometry":{"type":"Polygon","coordinates":[[[-71.1071097,42.3669096],[-71.1072565,42.3670023],[-71.1072692,42.3670103],[-71.1069686,42.3672704],[-71.1068323,42.3671844],[-71.106809,42.3671697],[-71.1069223,42.3670717],[-71.107058,42.3669543],[-71.1071097,42.3669096]]]}},{"type":"Feature","id":29937078,"properties":{"osmId":29937078,"category":"academic","addr:housenumber":"28R","addr:street":"Wendell Street","building":"yes"},"geometry":{"type":"Polygon","coordinates":[[[-71.1173698,42.3812256],[-71.1175309,42.3812322],[-71.1175244,42.3813211],[-71.1173632,42.3813146],[-71.1173698,42.3812256]]]}},{"type":"Feature","id":29937220,"properties":{"osmId":29937220,"category":"residential","addr:housenumber":"24","addr:postcode":"02138-2701","addr:street":"Everett Street","architect":"Walter Gropius","building":"dormitory","building:colour":"#BCB896","building:levels":"3","building:levels:underground":"1","building:material":"brick","colour":"#FFF1CC","ele":"6","gnis:feature_id":"1971683","height":"12","name":"Richards Hall","roof:levels":"0","roof:shape":"flat","source":"USGS Geonames","wikidata":"Q5676413","_wikiTried":true},"geometry":{"type":"Polygon","coordinates":[[[-71.1172804,42.3790318],[-71.1174003,42.379039],[-71.1174001,42.3790637],[-71.1173973,42.3790998],[-71.1173914,42.3791767],[-71.117382,42.3792905],[-71.1174034,42.3792925],[-71.1174001,42.3793366],[-71.117378,42.3793371],[-71.1173659,42.3794375],[-71.1173233,42.379437],[-71.1173225,42.3794435],[-71.1173212,42.3794603],[-71.1172444,42.3794589],[-71.11726,42.3792756],[-71.1172613,42.3792603],[-71.1172684,42.3791695],[-71.1172695,42.3791557],[-71.1172356,42.3791551],[-71.1172564,42.3790582],[-71.1172788,42.3790583],[-71.1172804,42.3790318]]]}},{"type":"Feature","id":29937459,"properties":{"osmId":29937459,"category":"academic","addr:housenumber":"29","addr:street":"Mellen Street","building":"yes"},"geometry":{"type":"Polygon","coordinates":[[[-71.1174322,42.3808582],[-71.1175293,42.3808609],[-71.1175216,42.3810094],[-71.1174561,42.3810076],[-71.1174592,42.3809502],[-71.1174274,42.3809493],[-71.1174322,42.3808582]]]}},{"type":"Feature","id":29938145,"properties":{"osmId":29938145,"category":"academic","addr:housenumber":"30","addr:street":"Mellen Street","building":"university","name":"Doble Hall","_wikiTried":true},"geometry":{"type":"Polygon","coordinates":[[[-71.1173675,42.3803761],[-71.1173662,42.3804133],[-71.1173814,42.3804141],[-71.1173751,42.380467],[-71.1173661,42.3805531],[-71.1173705,42.3805534],[-71.1173669,42.3805932],[-71.1173416,42.3805922],[-71.1173306,42.3807114],[-71.1173273,42.3807526],[-71.1172596,42.3807488],[-71.117256,42.3807866],[-71.1172052,42.3807833],[-71.1172066,42.3807475],[-71.1171461,42.3807446],[-71.1171504,42.3806907],[-71.1171786,42.3806908],[-71.117195,42.3805787],[-71.1171469,42.3805754],[-71.1171462,42.3805467],[-71.1171291,42.3805459],[-71.1171288,42.3805304],[-71.1170818,42.3805291],[-71.1170956,42.3803861],[-71.1171613,42.380389],[-71.1171632,42.3803653],[-71.1173675,42.3803761]]]}},{"type":"Feature","id":29938351,"properties":{"osmId":29938351,"category":"academic","addr:housenumber":"9","addr:street":"Ash Street","alt_name":"Philip Johnson Thesis House","building":"university"},"geometry":{"type":"Polygon","coordinates":[[[-71.1249132,42.3752553],[-71.1249942,42.3752716],[-71.1249333,42.375437],[-71.1248524,42.3754207],[-71.1249132,42.3752553]]]}},{"type":"Feature","id":29938509,"properties":{"osmId":29938509,"category":"residential","addr:city":"Cambridge","addr:housenumber":"11","addr:place":"Harvard Yard","addr:postcode":"02138","addr:state":"MA","building":"dormitory","ele":"8","gnis:feature_id":"1971506","name":"Massachusetts Hall","source":"USGS Geonames","wikidata":"Q6784282","wikipedia":"en:Massachusetts Hall (Harvard University)","_wikiTried":true},"geometry":{"type":"Polygon","coordinates":[[[-71.1181224,42.3743588],[-71.1184896,42.3744206],[-71.1184527,42.3745402],[-71.1180855,42.3744784],[-71.1181224,42.3743588]]]}},{"type":"Feature","id":29939070,"properties":{"osmId":29939070,"category":"academic","addr:housenumber":"40","addr:street":"Concord Avenue","building":"university","building:levels":"2","roof:levels":"1"},"geometry":{"type":"Polygon","coordinates":[[[-71.1271053,42.3798704],[-71.1272315,42.3799436],[-71.1271451,42.3800255],[-71.1270189,42.3799524],[-71.1271053,42.3798704]]]}},{"type":"Feature","id":29939321,"properties":{"osmId":29939321,"category":"academic","access":"private","building":"university","name":"Beren Hall","private":"students","university":"residential","_wikiTried":true},"geometry":{"type":"Polygon","coordinates":[[[-71.1179447,42.3700858],[-71.1182528,42.3701699],[-71.1181909,42.3702938],[-71.1178827,42.3702098],[-71.1179447,42.3700858]]]}},{"type":"Feature","id":29939600,"properties":{"osmId":29939600,"category":"academic","addr:housenumber":"34;36;38","addr:street":"Mellen Street","building":"university","building:levels":"5","name":"McKenzie Building","roof:levels":"0","roof:shape":"flat","_wikiTried":true},"geometry":{"type":"Polygon","coordinates":[[[-71.1167045,42.3801793],[-71.1168315,42.3801834],[-71.1168281,42.3802222],[-71.1168074,42.3802211],[-71.1167922,42.3803505],[-71.1168866,42.3803566],[-71.1168821,42.3803982],[-71.1168313,42.3803959],[-71.116831,42.3803996],[-71.1168109,42.3803982],[-71.1167974,42.3805158],[-71.1168365,42.3805182],[-71.1168312,42.380557],[-71.1167714,42.3805539],[-71.1167579,42.3806758],[-71.1167806,42.3806775],[-71.116775,42.3807193],[-71.1167148,42.3807156],[-71.1167101,42.3807554],[-71.1166651,42.380752],[-71.1166677,42.3807153],[-71.1165963,42.3807107],[-71.1166045,42.3806533],[-71.1165699,42.3806515],[-71.1165827,42.3805125],[-71.1166195,42.3805137],[-71.1166222,42.380492],[-71.1166425,42.3804932],[-71.1166518,42.3803892],[-71.1166337,42.3803878],[-71.1166517,42.380189],[-71.116704,42.3801915],[-71.1167045,42.3801793]]]}},{"type":"Feature","id":29939705,"properties":{"osmId":29939705,"category":"academic","addr:housenumber":"4-6","addr:street":"Mount Auburn Street","building":"university"},"geometry":{"type":"Polygon","coordinates":[[[-71.1138104,42.3699987],[-71.1139243,42.3700387],[-71.1138439,42.3701644],[-71.1137301,42.3701244],[-71.1138104,42.3699987]]]}},{"type":"Feature","id":29940162,"properties":{"osmId":29940162,"category":"academic","addr:housenumber":"99-3","addr:street":"Brattle Street","building":"yes","name":"Reed Hall","_wikiTried":true},"geometry":{"type":"Polygon","coordinates":[[[-71.1246974,42.3768352],[-71.1247052,42.3768372],[-71.1247727,42.3768548],[-71.1247803,42.3768387],[-71.1248264,42.3768507],[-71.124875,42.3768634],[-71.1248672,42.37688],[-71.1249369,42.3768981],[-71.124892,42.3769929],[-71.124808,42.376971],[-71.124798,42.3769918],[-71.1247304,42.3769741],[-71.1247401,42.3769535],[-71.1246522,42.3769306],[-71.1246974,42.3768352]]]}},{"type":"Feature","id":29940322,"properties":{"osmId":29940322,"category":"academic","addr:city":"Cambridge","addr:housenumber":"95","addr:postcode":"02138","addr:state":"MA","addr:street":"Walker Street","architect":"Edwin Carleton Granbery","building":"university","name":"Jordan North","name:etymology":"Wilbur Kitchener Jordan","name:etymology:wikidata":"Q8000212","name:etymology:wikipedia":"en:Wilbur Kitchener Jordan","old_name":"Jordan W","start_date":"1960","_wikiTried":true},"geometry":{"type":"Polygon","coordinates":[[[-71.12315,42.3813934],[-71.1232284,42.3814879],[-71.1229753,42.3816033],[-71.1228969,42.3815087],[-71.12315,42.3813934]]]}},{"type":"Feature","id":29940386,"properties":{"osmId":29940386,"category":"residential","addr:housenumber":"10,11","addr:street":"Peabody Terrace","building":"dormitory","building:levels":"22"},"geometry":{"type":"Polygon","coordinates":[[[-71.1145112,42.366682],[-71.1146873,42.366683],[-71.1146852,42.3668776],[-71.1145636,42.3668769],[-71.1145633,42.3668991],[-71.114472,42.3668986],[-71.1144725,42.3668555],[-71.1145093,42.3668557],[-71.1145112,42.366682]]]}},{"type":"Feature","id":29940870,"properties":{"osmId":29940870,"category":"residential","addr:city":"Cambridge","addr:housenumber":"16","addr:place":"Harvard Yard","addr:postcode":"02138","addr:state":"MA","building":"dormitory","building:levels":"2","ele":"9","gnis:feature_id":"1971557","name":"Mower Hall","roof:levels":"1","roof:shape":"quadruple_saltbox","source":"USGS Geonames","_wikiTried":true},"geometry":{"type":"Polygon","coordinates":[[[-71.1182401,42.3753452],[-71.1183432,42.3753632],[-71.1182555,42.3756378],[-71.118153,42.3756202],[-71.1181748,42.3755512],[-71.1182401,42.3753452]]]}},{"type":"Feature","id":29941310,"properties":{"osmId":29941310,"category":"academic","addr:housenumber":"80","addr:street":"Oxford Street","building":"yes"},"geometry":{"type":"Polygon","coordinates":[[[-71.1158325,42.3821823],[-71.115837,42.382299],[-71.1157486,42.3823008],[-71.1157442,42.3821841],[-71.1158325,42.3821823]]]}},{"type":"Feature","id":32965954,"properties":{"osmId":32965954,"category":"academic","addr:city":"Cambridge","addr:housenumber":"101","addr:postcode":"02138","addr:state":"MA","addr:street":"Dunster Street","building":"university","building:levels":"4","ele":"3","gnis:feature_id":"1971203","name":"Eliot House","source":"USGS Geonames","wikidata":"Q3017750","wikipedia":"en:Eliot House","_wikiTried":true},"geometry":{"type":"Polygon","coordinates":[[[-71.1209474,42.3704839],[-71.1208893,42.370419],[-71.1208462,42.3703697],[-71.1208454,42.3703659],[-71.1208453,42.3703621],[-71.1208458,42.3703582],[-71.1208471,42.3703545],[-71.1208491,42.3703509],[-71.1208544,42.3703451],[-71.1209193,42.3703152],[-71.120879,42.370267],[-71.1208662,42.3702721],[-71.1207916,42.3701746],[-71.1206036,42.3701906],[-71.1206222,42.3702801],[-71.1204601,42.3702957],[-71.1204505,42.3702484],[-71.1204067,42.3700328],[-71.1203755,42.3700367],[-71.1203595,42.3699377],[-71.1205554,42.3699195],[-71.1205925,42.3700864],[-71.1207868,42.3700704],[-71.1207644,42.3699027],[-71.1211767,42.3698827],[-71.1211878,42.3699769],[-71.1210292,42.3699862],[-71.1210296,42.3699939],[-71.1209294,42.3699981],[-71.1209474,42.3701196],[-71.1212283,42.3704444],[-71.1212352,42.3704526],[-71.1212658,42.3704891],[-71.1213002,42.3705304],[-71.1212914,42.3705407],[-71.1214281,42.3706045],[-71.1214934,42.3705276],[-71.1215062,42.3705337],[-71.1215441,42.3704891],[-71.1215288,42.370482],[-71.121778,42.3701884],[-71.1217924,42.3701952],[-71.121835,42.3701451],[-71.1218185,42.3701374],[-71.121885,42.370059],[-71.1217829,42.3699367],[-71.1216634,42.3699436],[-71.1214685,42.3699558],[-71.1214557,42.3698633],[-71.1216972,42.3698503],[-71.1216949,42.3698409],[-71.1218757,42.3698304],[-71.1220658,42.3700588],[-71.1219394,42.3702061],[-71.1219236,42.3701996],[-71.121876,42.3702559],[-71.1218942,42.3702634],[-71.1216574,42.3705397],[-71.1216448,42.3705339],[-71.1216035,42.3705826],[-71.1216154,42.3705881],[-71.1214832,42.3707438],[-71.1211524,42.3705922],[-71.1210704,42.3705156],[-71.1210821,42.3705102],[-71.121073,42.3704992],[-71.1210204,42.3705233],[-71.1210157,42.3705251],[-71.1210109,42.3705264],[-71.1210059,42.3705271],[-71.1210007,42.3705273],[-71.1209956,42.3705269],[-71.1209905,42.3705261],[-71.1209858,42.3705248],[-71.1209811,42.3705229],[-71.1209756,42.3705196],[-71.1209474,42.3704839]]]}},{"type":"Feature","id":33529076,"properties":{"osmId":33529076,"category":"academic","addr:city":"Boston","addr:housenumber":"37","addr:postcode":"02163","addr:state":"MA","addr:street":"Harvard Way","building":"university","name":"Hawes Hall","website":"https://www.hbs.edu/about/campus-and-culture/campus-built-on-philanthropy/Pages/hawes-hall.aspx","_wikiTried":true},"geometry":{"type":"Polygon","coordinates":[[[-71.1217289,42.3659796],[-71.1217262,42.3660306],[-71.1217201,42.3662862],[-71.1217339,42.3662864],[-71.1217299,42.3664509],[-71.1216558,42.3664499],[-71.1216556,42.3664589],[-71.1214655,42.3664564],[-71.1214656,42.3664502],[-71.1214142,42.3664495],[-71.1213829,42.3664491],[-71.121387,42.3662769],[-71.1214183,42.3662773],[-71.1214432,42.3662777],[-71.121449,42.3660332],[-71.1214501,42.3659734],[-71.1217289,42.3659796]]]}},{"type":"Feature","id":33529082,"properties":{"osmId":33529082,"category":"academic","addr:city":"Boston","addr:housenumber":"35","addr:postcode":"02163","addr:state":"MA","addr:street":"Soldiers Field","building":"university","ele":"3","gnis:feature_id":"1970939","name":"Aldrich Hall","source":"MassGIS Buildings (http://www.mass.gov/mgis/lidarbuildingfp2d.htm);USGS Geonames","website":"https://www.hbs.edu/about/campus-and-culture/campus-built-on-philanthropy/Pages/aldrich-hall.aspx","_wikiTried":true},"geometry":{"type":"Polygon","coordinates":[[[-71.1217289,42.3659796],[-71.1214501,42.3659734],[-71.1214528,42.3657803],[-71.1216498,42.3657825],[-71.1216551,42.3657068],[-71.1217105,42.3657098],[-71.1217918,42.3657135],[-71.1217878,42.3657766],[-71.1219886,42.3657876],[-71.1222409,42.3658092],[-71.1224147,42.3658333],[-71.122429,42.3657703],[-71.1225012,42.3657803],[-71.1225754,42.3657904],[-71.1225588,42.365858],[-71.1227512,42.3658891],[-71.1226978,42.3660737],[-71.1226326,42.3660652],[-71.1226276,42.3660803],[-71.1224722,42.3660593],[-71.1224771,42.366045],[-71.1221478,42.3660046],[-71.1221354,42.3660674],[-71.1220606,42.36606],[-71.1219956,42.3660547],[-71.1220069,42.3659939],[-71.1217289,42.3659796]]]}},{"type":"Feature","id":33529303,"properties":{"osmId":33529303,"category":"library","addr:city":"Boston","addr:postcode":"02163","addr:state":"MA","addr:street":"Soldiers Field","amenity":"library","building":"yes","ele":"3","email":"infoservices@hbs.edu","gnis:feature_id":"1970976","name":"Baker Library / Bloomberg Center","opening_hours":"Mo-Th 09:00-19:00; Fr 09:00-17:00; Su 12:00-19:00","operator:type":"college","phone":"+1 617 495 6040","source":"MassGIS Buildings (http://www.mass.gov/mgis/lidarbuildingfp2d.htm);USGS Geonames","website":"https://www.library.hbs.edu/","_wikiTried":true},"geometry":{"type":"Polygon","coordinates":[[[-71.1227247,42.3662277],[-71.1227297,42.3662132],[-71.1227878,42.3662241],[-71.1227934,42.366208],[-71.1228904,42.3662264],[-71.1229371,42.3662352],[-71.1229311,42.3662527],[-71.1229862,42.3662631],[-71.1229804,42.3662799],[-71.1231064,42.3663037],[-71.1231084,42.3662981],[-71.1232829,42.3663311],[-71.1232377,42.3664618],[-71.1232098,42.3665426],[-71.123216,42.3665438],[-71.123174,42.3666653],[-71.1228671,42.3666073],[-71.1228535,42.3666467],[-71.1227468,42.3666266],[-71.1225923,42.3665974],[-71.1226068,42.3665555],[-71.1223028,42.3664981],[-71.1223464,42.3663719],[-71.1223528,42.3663731],[-71.1223772,42.3663026],[-71.1224252,42.366164],[-71.1226031,42.3661976],[-71.1226008,42.3662043],[-71.1227247,42.3662277]]]}},{"type":"Feature","id":40001273,"properties":{"osmId":40001273,"category":"academic","addr:state":"MA","building":"university","ele":"4","gnis:feature_id":"1970985","name":"Belfer Building","other_source":"USGS Geonames","_wikiTried":true},"geometry":{"type":"Polygon","coordinates":[[[-71.1215285,42.371229],[-71.1216099,42.3712665],[-71.1216679,42.3712933],[-71.1216048,42.371367],[-71.1216111,42.3713964],[-71.1216871,42.3714301],[-71.1216838,42.371434],[-71.1217109,42.3714464],[-71.1216766,42.371487],[-71.1217124,42.3715036],[-71.1216873,42.3715333],[-71.1216439,42.3715847],[-71.1216113,42.3715696],[-71.1215704,42.3716179],[-71.1214743,42.3715736],[-71.1215387,42.3714974],[-71.1215083,42.3714834],[-71.12148,42.371517],[-71.1213854,42.3714733],[-71.1214116,42.3714424],[-71.1213719,42.3714241],[-71.121398,42.3713933],[-71.1213593,42.3713754],[-71.1213763,42.3713553],[-71.121367,42.3713511],[-71.121409,42.3713015],[-71.1214272,42.3713099],[-71.1214971,42.3712272],[-71.1215048,42.3712181],[-71.1215285,42.371229]]]}},{"type":"Feature","id":40001310,"properties":{"osmId":40001310,"category":"academic","building":"university","name":"David Rubenstein Building","_wikiTried":true},"geometry":{"type":"Polygon","coordinates":[[[-71.1225684,42.371198],[-71.1226349,42.3711168],[-71.1226669,42.3711311],[-71.1227036,42.3710864],[-71.1228064,42.3711323],[-71.1227873,42.3711555],[-71.1228576,42.3711869],[-71.1227608,42.3713052],[-71.1227875,42.3713171],[-71.1227311,42.3713859],[-71.1227029,42.3713733],[-71.1226789,42.3714026],[-71.1226335,42.3713824],[-71.1224633,42.3713063],[-71.1224874,42.3712768],[-71.1225207,42.3712917],[-71.1225927,42.3712097],[-71.1225684,42.371198]]]}},{"type":"Feature","id":40037965,"properties":{"osmId":40037965,"category":"academic","addr:housename":"Knafel Center","addr:housenumber":"18","addr:street":"Mason Street","building":"university","name":"Radcliffe Gym","_wikiTried":true},"geometry":{"type":"Polygon","coordinates":[[[-71.1229628,42.3762128],[-71.122988,42.3762773],[-71.1226292,42.3763536],[-71.1225748,42.3762143],[-71.1227195,42.3761835],[-71.1227123,42.3761651],[-71.1227838,42.3761499],[-71.12279,42.376166],[-71.1229328,42.3761356],[-71.1229523,42.3761858],[-71.1229628,42.3762128]]]}},{"type":"Feature","id":40038032,"properties":{"osmId":40038032,"category":"library","addr:housenumber":"3","addr:state":"MA","addr:street":"James Street","amenity":"library","building":"yes","check_date":"2024-03-06","ele":"8","full_name":"Arthur and Elizabeth Schlesinger Library on the History of Women in America","gnis:feature_id":"1970961","name":"Schlesinger Library","operator:type":"university","source":"MassGIS Buildings (http://www.mass.gov/mgis/lidarbuildingfp2d.htm);USGS Geonames","website":"https://www.radcliffe.harvard.edu/schlesinger-library","wikidata":"Q7431696","wikipedia":"en:Schlesinger Library","_wikiTried":true},"geometry":{"type":"Polygon","coordinates":[[[-71.1231666,42.3758876],[-71.1230877,42.3759071],[-71.123038,42.3757977],[-71.1230282,42.3758002],[-71.123005,42.3757492],[-71.1230171,42.3757462],[-71.1229689,42.37564],[-71.1231708,42.37559],[-71.1232918,42.3758566],[-71.1232045,42.3758782],[-71.1231666,42.3758876]]]}},{"type":"Feature","id":40038107,"properties":{"osmId":40038107,"category":"academic","addr:city":"Cambridge","addr:housenumber":"5","addr:state":"MA","addr:street":"James Street","architect":"Alexander Wadsworth Longfellow Jr.","architect:wikidata":"Q4720315","architect:wikipedia":"en:Alexander Wadsworth Longfellow Jr.","building":"university","ele":"8","full_name":"Elizabeth Cary Agassiz House","gnis:feature_id":"1970935","name":"Agassiz House","name:etymology":"Elizabeth Cary Agassiz","name:etymology:wikidata":"Q272750","name:etymology:wikipedia":"en:Elizabeth Cabot Agassiz","other_source":"USGS Geonames","start_date":"1904","_wikiTried":true},"geometry":{"type":"Polygon","coordinates":[[[-71.1231666,42.3758876],[-71.1232045,42.3758782],[-71.1232103,42.375897],[-71.1232129,42.3759066],[-71.1232138,42.3759175],[-71.1232124,42.3759308],[-71.12321,42.3759415],[-71.1232086,42.3759458],[-71.1232058,42.3759531],[-71.1233136,42.3759962],[-71.1233006,42.3760183],[-71.1233472,42.3760369],[-71.1233851,42.3760785],[-71.1233884,42.3761312],[-71.1233561,42.3761779],[-71.1232943,42.3762075],[-71.1232245,42.3762065],[-71.1231707,42.3761862],[-71.1231582,42.376206],[-71.1230525,42.376169],[-71.1230494,42.3761722],[-71.1230461,42.3761752],[-71.1230427,42.3761782],[-71.1230391,42.376181],[-71.1230355,42.3761837],[-71.1230317,42.3761864],[-71.1230278,42.376189],[-71.1230238,42.3761914],[-71.1230196,42.3761938],[-71.1230154,42.376196],[-71.123011,42.3761981],[-71.1230065,42.3762002],[-71.123002,42.3762021],[-71.1229974,42.3762039],[-71.1229926,42.3762056],[-71.1229878,42.3762071],[-71.1229829,42.3762085],[-71.122978,42.3762097],[-71.122973,42.376211],[-71.1229679,42.376212],[-71.1229628,42.3762128],[-71.1229523,42.3761858],[-71.1229568,42.3761828],[-71.1229637,42.3761809],[-71.1229706,42.3761787],[-71.1229772,42.3761763],[-71.1229838,42.3761737],[-71.1229902,42.3761707],[-71.1229962,42.3761676],[-71.1230021,42.3761642],[-71.1230077,42.3761606],[-71.1230131,42.3761567],[-71.1230181,42.3761527],[-71.1230229,42.3761485],[-71.1230273,42.3761441],[-71.1230315,42.3761395],[-71.1230344,42.3761359],[-71.1229551,42.3761044],[-71.1229793,42.3760696],[-71.1229477,42.3760555],[-71.1230235,42.375953],[-71.1230523,42.3759639],[-71.1230805,42.3759256],[-71.1231556,42.3759564],[-71.1231585,42.3759532],[-71.1231611,42.37595],[-71.1231635,42.3759467],[-71.1231657,42.3759432],[-71.1231677,42.3759397],[-71.1231694,42.3759361],[-71.1231709,42.3759325],[-71.1231721,42.3759289],[-71.123173,42.3759251],[-71.1231738,42.3759213],[-71.1231742,42.3759175],[-71.1231743,42.3759137],[-71.1231666,42.3758876]]]}},{"type":"Feature","id":86296466,"properties":{"osmId":86296466,"category":"academic","addr:city":"Boston","addr:housenumber":"47","addr:postcode":"02163","addr:state":"MA","addr:street":"Harvard Way","building":"university","ele":"3","gnis:feature_id":"1971520","name":"McCollum Center","source":"MassGIS Buildings (http://www.mass.gov/mgis/lidarbuildingfp2d.htm);USGS Geonames","_wikiTried":true},"geometry":{"type":"Polygon","coordinates":[[[-71.1200981,42.3671022],[-71.1200139,42.3671089],[-71.1200217,42.367163],[-71.1198377,42.3671777],[-71.1198648,42.3673641],[-71.1198789,42.367363],[-71.1198975,42.3674914],[-71.1199332,42.3674893],[-71.1199353,42.3675033],[-71.1201166,42.3674885],[-71.1201,42.3673773],[-71.1201599,42.3673724],[-71.120152,42.3673194],[-71.1201414,42.3673203],[-71.1201339,42.3672703],[-71.1202292,42.3671813],[-71.1202931,42.3671758],[-71.120284,42.3671177],[-71.1202435,42.3671212],[-71.1202389,42.3670911],[-71.1200981,42.3671022]]]}},{"type":"Feature","id":89181676,"properties":{"osmId":89181676,"category":"academic","addr:city":"Somerville","addr:housenumber":"290","addr:postcode":"02143","addr:state":"MA","addr:street":"Washington Street","building":"school","check_date":"2025-06-06"},"geometry":{"type":"Polygon","coordinates":[[[-71.0987473,42.3793057],[-71.0987393,42.3793015],[-71.0987428,42.379298],[-71.098042,42.3789155],[-71.0981578,42.3787998],[-71.0980367,42.3787337],[-71.0982249,42.3785456],[-71.0982947,42.3785837],[-71.0983065,42.378572],[-71.0983774,42.3786107],[-71.0983868,42.3786158],[-71.0983668,42.3786358],[-71.0983772,42.3786415],[-71.0983977,42.378621],[-71.0985159,42.3786855],[-71.0983598,42.3788433],[-71.098397,42.3788601],[-71.0984142,42.3788696],[-71.0984872,42.37891],[-71.0985041,42.3789193],[-71.0985389,42.3789374],[-71.0986954,42.3787813],[-71.0988202,42.3788494],[-71.0987986,42.378871],[-71.0988071,42.3788757],[-71.0988156,42.3788673],[-71.098822,42.3788708],[-71.0988328,42.37886],[-71.098907,42.3789004],[-71.0988956,42.3789118],[-71.0989608,42.3789474],[-71.0988105,42.3790977],[-71.0988424,42.3791155],[-71.09889,42.3791101],[-71.0992579,42.3790682],[-71.0992613,42.3790846],[-71.0992732,42.3790832],[-71.0992849,42.3791397],[-71.0993055,42.3791371],[-71.0993094,42.3791545],[-71.0993143,42.3791758],[-71.0993177,42.3791699],[-71.0993386,42.379164],[-71.0993554,42.3791637],[-71.0993685,42.3791669],[-71.0993765,42.3791688],[-71.0993942,42.37918],[-71.0994032,42.3791923],[-71.099406,42.3792113],[-71.099399,42.3792272],[-71.0993876,42.3792379],[-71.0993704,42.3792459],[-71.0993569,42.3792487],[-71.099337,42.3792483],[-71.099319,42.3792432],[-71.0993038,42.3792338],[-71.0993055,42.3792438],[-71.0992744,42.3792473],[-71.0992759,42.3792544],[-71.0987883,42.3793099],[-71.0987865,42.3793012],[-71.0987473,42.3793057]]]}},{"type":"Feature","id":89185420,"properties":{"osmId":89185420,"category":"medical","addr:housenumber":"1398;1400","addr:street":"Cambridge Street","building":"hospital","roof:colour":"black"},"geometry":{"type":"Polygon","coordinates":[[[-71.1009361,42.3735617],[-71.1008763,42.3736496],[-71.1009008,42.3736576],[-71.1012235,42.3736957],[-71.1012827,42.3736045],[-71.1009361,42.3735617]]]}},{"type":"Feature","id":161130625,"properties":{"osmId":161130625,"category":"academic","addr:housenumber":"52","addr:street":"Oxford Street","building":"university","name":"Northwest Building","_wikiTried":true},"geometry":{"type":"Polygon","coordinates":[[[-71.1151866,42.3805392],[-71.1151881,42.3805252],[-71.1151212,42.3805223],[-71.1148164,42.3805076],[-71.1147439,42.3805175],[-71.1145869,42.3803426],[-71.1147816,42.3803123],[-71.1150699,42.3802673],[-71.1150679,42.3802599],[-71.1151784,42.3802416],[-71.1151779,42.3802743],[-71.1152073,42.3802753],[-71.1152391,42.3799187],[-71.1152218,42.3799183],[-71.1152216,42.3799011],[-71.1152246,42.379862],[-71.1152419,42.3798625],[-71.1152479,42.379748],[-71.1152495,42.3797131],[-71.1152506,42.3796884],[-71.1152057,42.379556],[-71.1153627,42.379529],[-71.1154337,42.3795102],[-71.1154364,42.379479],[-71.1154283,42.3794785],[-71.1154316,42.3794025],[-71.115905,42.3794208],[-71.1159817,42.3794243],[-71.115954,42.3797344],[-71.1155574,42.3797188],[-71.1155577,42.3797299],[-71.1155551,42.3797671],[-71.1155554,42.3798201],[-71.1155708,42.3798207],[-71.115571,42.3798097],[-71.1156736,42.3798125],[-71.1156218,42.3804596],[-71.115619,42.3804951],[-71.1156184,42.3805021],[-71.1155168,42.3804974],[-71.1155185,42.3804873],[-71.1155017,42.3804848],[-71.1155007,42.3804967],[-71.1153033,42.3804873],[-71.1152986,42.3805452],[-71.1152006,42.38054],[-71.1151866,42.3805392]]]}},{"type":"Feature","id":167022743,"properties":{"osmId":167022743,"category":"academic","addr:housenumber":"1585","addr:postcode":"02138-2801","addr:street":"Massachusetts Avenue","building":"university","building:levels":"4","material":"concrete","name":"Wasserstein Hall","source":"http://www.law.harvard.edu/about/map.html","_wikiTried":true},"geometry":{"type":"Polygon","coordinates":[[[-71.1190953,42.379509],[-71.1194524,42.3795305],[-71.1194351,42.3796898],[-71.1197337,42.3797074],[-71.1197951,42.3791456],[-71.1197566,42.3791433],[-71.119767,42.379048],[-71.1197108,42.3790458],[-71.119578,42.3790369],[-71.1195768,42.3790679],[-71.1195031,42.3790625],[-71.1194949,42.3790706],[-71.1194848,42.3791474],[-71.1193896,42.3791405],[-71.1193802,42.3792222],[-71.1190362,42.3791999],[-71.1190309,42.3792554],[-71.1190855,42.3792566],[-71.1190546,42.3795424],[-71.1190914,42.3795446],[-71.1190953,42.379509]]]}},{"type":"Feature","id":212292234,"properties":{"osmId":212292234,"category":"academic","building":"yes"},"geometry":{"type":"Polygon","coordinates":[[[-71.1179241,42.3804154],[-71.1179185,42.3804736],[-71.117844,42.3804697],[-71.1178497,42.3804114],[-71.1179241,42.3804154]]]}},{"type":"Feature","id":212292424,"properties":{"osmId":212292424,"category":"academic","building":"school"},"geometry":{"type":"Polygon","coordinates":[[[-71.1309352,42.380921],[-71.1307899,42.3809481],[-71.1307359,42.3807889],[-71.1308811,42.3807618],[-71.1309352,42.380921]]]}},{"type":"Feature","id":212292804,"properties":{"osmId":212292804,"category":"residential","addr:housenumber":"1637","addr:postcode":"02138-2706","addr:street":"Massachusetts Avenue","building":"dormitory","building:levels":"2","roof:levels":"1"},"geometry":{"type":"Polygon","coordinates":[[[-71.1195336,42.3809593],[-71.1195325,42.3809737],[-71.1195431,42.380982],[-71.1195411,42.3809982],[-71.1195292,42.3810046],[-71.1195238,42.381062],[-71.1195351,42.3810703],[-71.1195318,42.3810895],[-71.1195199,42.3810949],[-71.119519,42.3811036],[-71.1194448,42.3810998],[-71.1194362,42.3811086],[-71.1194236,42.3811076],[-71.1194163,42.3810983],[-71.1193169,42.3810925],[-71.1193323,42.3809486],[-71.1194256,42.3809541],[-71.1194362,42.3809487],[-71.1194621,42.3809497],[-71.1194701,42.3809565],[-71.1195336,42.3809593]]]}},{"type":"Feature","id":212292916,"properties":{"osmId":212292916,"category":"academic","addr:housenumber":"69","addr:street":"Banks Street","building":"university"},"geometry":{"type":"Polygon","coordinates":[[[-71.1147737,42.3689316],[-71.1147732,42.3688803],[-71.1148379,42.36888],[-71.1148373,42.3688239],[-71.1148982,42.3688235],[-71.1148983,42.3688307],[-71.1149345,42.3688305],[-71.1149355,42.3689347],[-71.1149218,42.3689348],[-71.1149221,42.3689673],[-71.1148271,42.3689678],[-71.1148268,42.3689313],[-71.1147737,42.3689316]]]}},{"type":"Feature","id":257638924,"properties":{"osmId":257638924,"category":"academic","addr:housenumber":"65-67","addr:street":"Winthrop Street","building":"university"},"geometry":{"type":"Polygon","coordinates":[[[-71.1198482,42.3720937],[-71.1200242,42.3721708],[-71.1200466,42.3721426],[-71.1200295,42.3721327],[-71.1201115,42.3720344],[-71.1199626,42.3719645],[-71.1198482,42.3720937]]]}},{"type":"Feature","id":297444536,"properties":{"osmId":297444536,"category":"academic","addr:city":"Boston","addr:housenumber":"53","addr:postcode":"02163","addr:state":"MA","addr:street":"Harvard Way","building":"university","building:levels":"6","name":"Tata Hall","website":"https://www.hbs.edu/about/campus-and-culture/campus-built-on-philanthropy/Pages/tata-hall.aspx","_wikiTried":true},"geometry":{"type":"Polygon","coordinates":[[[-71.1186725,42.3662251],[-71.1187338,42.3662371],[-71.1187875,42.3662559],[-71.1188272,42.3662698],[-71.1192137,42.3662385],[-71.119544,42.3662118],[-71.1195635,42.3663456],[-71.1191885,42.3663745],[-71.1189812,42.3663976],[-71.1190256,42.3664418],[-71.1190753,42.3665072],[-71.1191221,42.3666032],[-71.119141,42.3666622],[-71.1191563,42.3667181],[-71.1191638,42.3667821],[-71.1191616,42.3668678],[-71.1191477,42.3669372],[-71.1191254,42.3670139],[-71.11908,42.3670878],[-71.118915,42.3670333],[-71.1189571,42.3669505],[-71.118972,42.3668976],[-71.1189833,42.3668182],[-71.118972,42.3667454],[-71.1189584,42.3666939],[-71.1189444,42.3666523],[-71.1189158,42.3665932],[-71.118886,42.3665502],[-71.1188491,42.3665011],[-71.1187707,42.3664239],[-71.1186681,42.366359],[-71.1185919,42.3663239],[-71.1186725,42.3662251]]]}},{"type":"Feature","id":305490725,"properties":{"osmId":305490725,"category":"academic","addr:city":"Cambridge","addr:housenumber":"29","addr:postcode":"02138-2933","addr:state":"MA","addr:street":"Oxford Street","alt_addr:housenumber":"19","architect":"Shaw & Hunnewell Architects","architect:wikidata":"Q16720867","architect:wikipedia":"en:George R. Shaw","building":"university","name":"Pierce Hall","name:etymology":"Henry Lillie Pierce","name:etymology:wikidata":"Q584364","name:etymology:wikipedia":"en:Henry L. Pierce","start_date":"1901","_wikiTried":true},"geometry":{"type":"Polygon","coordinates":[[[-71.1174516,42.3785032],[-71.1172755,42.3785388],[-71.1172253,42.378549],[-71.117027,42.378589],[-71.1169755,42.3784498],[-71.1170852,42.3784277],[-71.117073,42.3783947],[-71.1170506,42.3783342],[-71.1170362,42.3783371],[-71.116979,42.3781826],[-71.1169934,42.3781797],[-71.1169777,42.3781372],[-71.1169557,42.3780776],[-71.116842,42.3781006],[-71.1167937,42.37797],[-71.116802,42.3779683],[-71.1167951,42.3779612],[-71.1169567,42.3779287],[-71.1170384,42.3779123],[-71.1170356,42.3779049],[-71.1172069,42.3778702],[-71.1172584,42.3780093],[-71.1171451,42.3780322],[-71.1171877,42.3781472],[-71.1172358,42.3781375],[-71.1172895,42.3782821],[-71.1172461,42.3782909],[-71.1172823,42.3783886],[-71.1173938,42.3783661],[-71.117397,42.3783747],[-71.1174035,42.3783734],[-71.1174516,42.3785032]]]}},{"type":"Feature","id":305490726,"properties":{"osmId":305490726,"category":"academic","addr:housenumber":"17","addr:postcode":"02138-2933","addr:street":"Oxford Street","building":"university","building:levels":"4","name":"Jefferson Physical Laboratory","roof:levels":"1","roof:shape":"hipped","_wikiTried":true},"geometry":{"type":"Polygon","coordinates":[[[-71.1171446,42.3772428],[-71.117383,42.3771972],[-71.1173895,42.3772146],[-71.1174088,42.3772106],[-71.1174299,42.377207],[-71.1174993,42.3771939],[-71.1176031,42.3771743],[-71.1176263,42.3771699],[-71.1176473,42.3771659],[-71.1176669,42.3771622],[-71.1176577,42.3771332],[-71.1178975,42.3770828],[-71.1179241,42.3771476],[-71.117939,42.3771838],[-71.1179768,42.3772757],[-71.1177357,42.3773269],[-71.1177266,42.377303],[-71.1174506,42.3773594],[-71.1174606,42.3773833],[-71.1172183,42.3774335],[-71.1171595,42.3772994],[-71.1171446,42.3772428]]]}},{"type":"Feature","id":316152897,"properties":{"osmId":316152897,"category":"academic","building":"school","name:etymology:wikidata":"Q8027"},"geometry":{"type":"Polygon","coordinates":[[[-71.1131135,42.3665412],[-71.1131111,42.366506],[-71.1133818,42.3664802],[-71.1133841,42.3664989],[-71.1133886,42.3665361],[-71.1134253,42.3665336],[-71.1134465,42.3666952],[-71.1134288,42.3666967],[-71.1134312,42.366721],[-71.1131182,42.3667436],[-71.1131077,42.3666758],[-71.1130573,42.3666753],[-71.1130591,42.3669428],[-71.1131154,42.3669437],[-71.1131168,42.3668978],[-71.1133851,42.3669022],[-71.113382,42.3670061],[-71.1134165,42.3670067],[-71.1134139,42.3670944],[-71.1133821,42.3670939],[-71.1133807,42.3671431],[-71.1129975,42.3671443],[-71.1129981,42.3671225],[-71.1129762,42.3671209],[-71.1128573,42.3671192],[-71.1128526,42.3672707],[-71.1128864,42.3672712],[-71.1128829,42.3673955],[-71.1126988,42.3673917],[-71.1126942,42.3674361],[-71.1126126,42.36743],[-71.1126249,42.3672845],[-71.1123468,42.3672704],[-71.1123722,42.3669893],[-71.112409,42.3669888],[-71.1124081,42.3667675],[-71.1124232,42.3667677],[-71.1124324,42.3666815],[-71.1124466,42.366682],[-71.11253,42.3664307],[-71.1126975,42.3664581],[-71.1127003,42.3664524],[-71.1127862,42.3664599],[-71.1127808,42.3665209],[-71.113072,42.3665253],[-71.1130725,42.3665414],[-71.1131135,42.3665412]]]}},{"type":"Feature","id":318900032,"properties":{"osmId":318900032,"category":"academic","addr:housenumber":"11","addr:postcode":"02138-2901","addr:street":"Oxford Street","building":"university","building:levels":"3","name":"Lyman Laboratory","roof:levels":"1","roof:shape":"quadruple_saltbox","_wikiTried":true},"geometry":{"type":"Polygon","coordinates":[[[-71.1173415,42.3777287],[-71.1171328,42.3777727],[-71.117049,42.3775505],[-71.1169877,42.3773837],[-71.1169803,42.377385],[-71.1169628,42.3773387],[-71.1170446,42.3773214],[-71.1170628,42.3773176],[-71.1171595,42.3772994],[-71.1172183,42.3774335],[-71.1172361,42.377481],[-71.1172464,42.3774799],[-71.1173415,42.3777287]]]}},{"type":"Feature","id":318900033,"properties":{"osmId":318900033,"category":"academic","addr:housenumber":"15","addr:postcode":"02138-2901","addr:street":"Oxford Street","building":"university","name":"Cruft Laboratory","_wikiTried":true},"geometry":{"type":"Polygon","coordinates":[[[-71.1171328,42.3777727],[-71.1170217,42.3777956],[-71.1169281,42.3778149],[-71.1168708,42.3778267],[-71.1168122,42.3778387],[-71.1167869,42.3777717],[-71.1167606,42.3777021],[-71.1167916,42.3776957],[-71.1168189,42.3776901],[-71.1168931,42.3776748],[-71.1169474,42.3776637],[-71.1170098,42.3776495],[-71.1169957,42.3776326],[-71.116981,42.3776113],[-71.1169729,42.3775885],[-71.1169729,42.3775663],[-71.117049,42.3775505],[-71.1171328,42.3777727]]]}},{"type":"Feature","id":322772621,"properties":{"osmId":322772621,"category":"academic","addr:housenumber":"15","addr:postcode":"02138-2901","addr:street":"Oxford Street","building":"university","building:levels":"6","name":"Lab for Integrated Science and Engineering","roof:levels":"0","_wikiTried":true},"geometry":{"type":"Polygon","coordinates":[[[-71.1167559,42.3773672],[-71.1168563,42.3776134],[-71.1167914,42.3776253],[-71.1167643,42.3776316],[-71.1166653,42.3776517],[-71.1165521,42.377699],[-71.1164964,42.3775448],[-71.1164549,42.377437],[-71.1164696,42.3774338],[-71.1164665,42.3774266],[-71.1165643,42.3774065],[-71.1167559,42.3773672]]]}},{"type":"Feature","id":322819316,"properties":{"osmId":322819316,"category":"academic","addr:housenumber":"1557","addr:postcode":"02138-2903","addr:street":"Massachusetts Avenue","building":"university","name":"Lewis International Law Center","_wikiTried":true},"geometry":{"type":"Polygon","coordinates":[[[-71.1191869,42.3780642],[-71.119323,42.3784175],[-71.1191167,42.3784609],[-71.1190902,42.378392],[-71.1190679,42.3783343],[-71.1190631,42.3783216],[-71.1189806,42.3781076],[-71.1190601,42.3780899],[-71.1191178,42.3780785],[-71.1191869,42.3780642]]]}},{"type":"Feature","id":322819318,"properties":{"osmId":322819318,"category":"academic","addr:housenumber":"1525","addr:postcode":"02138-2903","addr:street":"Massachusetts Avenue","building":"university","building:levels":"5","name":"Griswold Hall","_wikiTried":true},"geometry":{"type":"Polygon","coordinates":[[[-71.1186478,42.3774713],[-71.1187056,42.3776271],[-71.1188671,42.3775944],[-71.1188617,42.37758],[-71.1189111,42.37757],[-71.1189224,42.3776003],[-71.1189014,42.3776046],[-71.1189495,42.3777323],[-71.1189943,42.3777232],[-71.1191651,42.3776881],[-71.1191123,42.3775456],[-71.1190133,42.3775656],[-71.1189889,42.3774999],[-71.1189826,42.3774828],[-71.1188638,42.3775069],[-71.1188364,42.3774332],[-71.1186478,42.3774713]]]}},{"type":"Feature","id":322819319,"properties":{"osmId":322819319,"category":"academic","addr:housenumber":"1545","addr:postcode":"02138-2903","addr:street":"Massachusetts Avenue","building":"university","name":"Areeda Hall","_wikiTried":true},"geometry":{"type":"Polygon","coordinates":[[[-71.1186105,42.3778583],[-71.1189468,42.3777899],[-71.1189338,42.3777552],[-71.1189564,42.3777506],[-71.1189495,42.3777323],[-71.1189943,42.3777232],[-71.1190137,42.3777752],[-71.1190774,42.3777623],[-71.1191397,42.3779297],[-71.1190689,42.3779436],[-71.1190112,42.377955],[-71.1188984,42.3779781],[-71.1187467,42.3780101],[-71.1186723,42.3780244],[-71.1186105,42.3778583]]]}},{"type":"Feature","id":323174913,"properties":{"osmId":323174913,"category":"academic","building":"university","layer":"1"},"geometry":{"type":"Polygon","coordinates":[[[-71.1190689,42.3779436],[-71.1190985,42.3780252],[-71.1191178,42.3780785],[-71.1190601,42.3780899],[-71.119046,42.378051],[-71.1190397,42.3780336],[-71.1190338,42.3780174],[-71.1190112,42.377955],[-71.1190689,42.3779436]]]}},{"type":"Feature","id":323368917,"properties":{"osmId":323368917,"category":"residential","addr:housenumber":"22","addr:postcode":"02138-2701","addr:street":"Everett Street","building":"dormitory","building:levels":"3","height":"11","name":"Dane Hall","roof:shape":"flat","wikidata":"Q5676413","_wikiTried":true},"geometry":{"type":"Polygon","coordinates":[[[-71.1171259,42.3796971],[-71.1171387,42.3796976],[-71.1171583,42.3796985],[-71.1171601,42.3796649],[-71.1175899,42.3796838],[-71.117598,42.3796828],[-71.1175955,42.3797157],[-71.1176086,42.3797163],[-71.1176705,42.3797189],[-71.1176867,42.3797196],[-71.1176844,42.3797493],[-71.1176301,42.379747],[-71.1176063,42.379746],[-71.1175887,42.3797452],[-71.1175863,42.3797771],[-71.1172546,42.3797631],[-71.1172529,42.3797737],[-71.1172534,42.379785],[-71.1171557,42.3797716],[-71.1171569,42.3797568],[-71.1171214,42.3797553],[-71.1171259,42.3796971]]]}},{"type":"Feature","id":323368921,"properties":{"osmId":323368921,"category":"residential","addr:housenumber":"20","addr:postcode":"02138-2701","addr:street":"Everett Street","building":"dormitory","building:colour":"#A69B8C","building:levels":"4","building:levels:underground":"1","building:material":"brick","height":"13.5","max_level":"4","min_level":"-1","name":"Ames Hall","roof:shape":"flat","wikidata":"Q5676413","_wikiTried":true},"geometry":{"type":"Polygon","coordinates":[[[-71.1178049,42.3798024],[-71.1178064,42.3797871],[-71.1178151,42.3796969],[-71.1178327,42.3796971],[-71.1178362,42.3796553],[-71.1178175,42.3796535],[-71.1178336,42.3794272],[-71.1178363,42.3793986],[-71.1178403,42.3793494],[-71.1177126,42.3793438],[-71.1177082,42.379419],[-71.1176896,42.3794188],[-71.1176833,42.3794462],[-71.1176663,42.3795195],[-71.1176959,42.3795202],[-71.1176867,42.3797196],[-71.1176844,42.3797493],[-71.1176804,42.3797984],[-71.1177856,42.3798018],[-71.1178049,42.3798024]]]}},{"type":"Feature","id":323368922,"properties":{"osmId":323368922,"category":"residential","addr:housenumber":"18","addr:postcode":"02138-2701","addr:street":"Everett Street","building":"dormitory","name":"Holmes Hall","wikidata":"Q5676413","_wikiTried":true},"geometry":{"type":"Polygon","coordinates":[[[-71.1183397,42.379386],[-71.1183368,42.3794218],[-71.1183348,42.3794447],[-71.1183301,42.3794812],[-71.1182975,42.3794794],[-71.1182944,42.3794926],[-71.118188,42.3794966],[-71.1181911,42.3794754],[-71.1181773,42.3794742],[-71.118144,42.3794731],[-71.1179243,42.3794634],[-71.1179262,42.3794302],[-71.1179282,42.3794016],[-71.1179294,42.3793684],[-71.1183397,42.379386]]]}},{"type":"Feature","id":323368925,"properties":{"osmId":323368925,"category":"residential","addr:housenumber":"16","addr:postcode":"02138-2701","addr:street":"Everett Street","building":"dormitory","building:levels":"3","height":"11","name":"Shaw Hall","roof:shape":"flat","wikidata":"Q5676413","_wikiTried":true},"geometry":{"type":"Polygon","coordinates":[[[-71.1186941,42.3797668],[-71.1186918,42.3797932],[-71.1186315,42.3797898],[-71.1186133,42.3797888],[-71.1185909,42.3797875],[-71.1185883,42.3798201],[-71.1184132,42.3798119],[-71.1182579,42.3798047],[-71.1182555,42.3798254],[-71.1181522,42.3798145],[-71.1181546,42.3798002],[-71.1181164,42.3797995],[-71.1181213,42.3797383],[-71.1181279,42.3797385],[-71.1181612,42.3797396],[-71.1181632,42.3797063],[-71.1185946,42.3797251],[-71.1185918,42.3797611],[-71.1186108,42.3797622],[-71.1186232,42.3797629],[-71.1186941,42.3797668]]]}},{"type":"Feature","id":323368926,"properties":{"osmId":323368926,"category":"residential","addr:housenumber":"12","addr:postcode":"02138-2701","addr:street":"Everett Street","building":"dormitory","building:levels":"4","height":"13.5","name":"Story Hall","wikidata":"Q5676413","_wikiTried":true},"geometry":{"type":"Polygon","coordinates":[[[-71.1188128,42.3798473],[-71.1187962,42.3798465],[-71.1186875,42.3798411],[-71.1186881,42.3798343],[-71.1186918,42.3797932],[-71.1186941,42.3797668],[-71.1187086,42.3795908],[-71.11869,42.3795894],[-71.1186932,42.3795424],[-71.118711,42.3795432],[-71.1187175,42.3794637],[-71.1187195,42.3794408],[-71.1187241,42.3793812],[-71.1187728,42.3793834],[-71.118805,42.3793847],[-71.1188545,42.379387],[-71.118849,42.3794694],[-71.1188633,42.3794702],[-71.1188701,42.379573],[-71.1188394,42.3795709],[-71.1188128,42.3798473]]]}},{"type":"Feature","id":323561131,"properties":{"osmId":323561131,"category":"academic","addr:housenumber":"1585","addr:postcode":"02138-2801","addr:street":"Massachusetts Avenue","building":"university","building:levels":"3","material":"concrete","name":"Clinical Wing","roof:levels":"0","roof:shape":"flat","_wikiTried":true},"geometry":{"type":"Polygon","coordinates":[[[-71.1197337,42.3797074],[-71.1197254,42.3797839],[-71.1195751,42.3797751],[-71.1195687,42.3798361],[-71.1190515,42.3798067],[-71.1190614,42.3797123],[-71.1190368,42.3797109],[-71.119055,42.3795429],[-71.119092,42.3795451],[-71.1190958,42.3795095],[-71.1194524,42.3795305],[-71.1194351,42.3796898],[-71.1197337,42.3797074]]]}},{"type":"Feature","id":323749032,"properties":{"osmId":323749032,"category":"residential","addr:housenumber":"17","addr:postcode":"02138-2762","addr:street":"Everett Street","building":"dormitory","building:levels":"4","name":"Terry Terrace","_wikiTried":true},"geometry":{"type":"Polygon","coordinates":[[[-71.1183163,42.3802416],[-71.1183731,42.3802441],[-71.1183736,42.3802309],[-71.1184494,42.3802344],[-71.1185193,42.3802377],[-71.1185175,42.3802513],[-71.1185836,42.3802549],[-71.118594,42.3802554],[-71.1185862,42.3803586],[-71.118297,42.3803468],[-71.1183054,42.3802411],[-71.1183163,42.3802416]]]}},{"type":"Feature","id":323749033,"properties":{"osmId":323749033,"category":"residential","addr:housenumber":"19","addr:postcode":"02138-2763","addr:street":"Everett Street","building":"dormitory","building:levels":"4","name":"Terry Terrace","_wikiTried":true},"geometry":{"type":"Polygon","coordinates":[[[-71.1183163,42.3802416],[-71.1183054,42.3802411],[-71.118297,42.3803468],[-71.1181125,42.3803386],[-71.1181193,42.3802543],[-71.1181426,42.3802553],[-71.1181452,42.3802231],[-71.1181624,42.3802239],[-71.1181702,42.3801272],[-71.1181308,42.3801255],[-71.1181389,42.3800246],[-71.1184013,42.3800361],[-71.1183931,42.3801383],[-71.1183248,42.3801353],[-71.1183193,42.3802039],[-71.1183163,42.3802416]]]}},{"type":"Feature","id":323749068,"properties":{"osmId":323749068,"category":"academic","addr:city":"Cambridge","addr:housenumber":"23","addr:postcode":"02138-2735","addr:state":"MA","addr:street":"Everett Street","alt_name":"Berkman Center for Internet & Society","building":"university","building:levels":"2","check_date":"2024-07-28","contact:email":"hello@cyber.harvard.edu","contact:facebook":"https://www.facebook.com/BKCHarvard/","contact:fax":"+1-617-495-7641","contact:phone":"+1-617-495-7547","contact:twitter":"https://twitter.com/bkcharvard","contact:youtube":"https://www.youtube.com/user/BerkmanCenter","email":"hello@cyber.harvard.edu","facebook":"https://www.facebook.com/BKCHarvard/","name":"Berkman Klein Center for Internet & Society","roof:levels":"1","roof:shape":"gabled","twitter":"https://twitter.com/bkcharvard","website":"https://cyber.harvard.edu/","wikidata":"Q2801605","wikipedia":"en:Berkman Klein Center for Internet & Society","_wikiTried":true},"geometry":{"type":"Polygon","coordinates":[[[-71.1178851,42.3800062],[-71.1178765,42.3801176],[-71.117886,42.380118],[-71.1178777,42.3802252],[-71.1178506,42.3802241],[-71.1178433,42.3803183],[-71.1180567,42.3803274],[-71.1180639,42.3802349],[-71.1180425,42.380234],[-71.1180509,42.3801263],[-71.1180565,42.3801265],[-71.1180633,42.3800385],[-71.1180321,42.3800372],[-71.118034,42.3800125],[-71.1178851,42.3800062]]]}},{"type":"Feature","id":323920750,"properties":{"osmId":323920750,"category":"residential","addr:housenumber":"3","addr:postcode":"02138-2736","addr:street":"Mellen Street","building":"dormitory","building:levels":"1","roof:levels":"1"},"geometry":{"type":"Polygon","coordinates":[[[-71.119283,42.3811452],[-71.1191596,42.3811374],[-71.1191686,42.3810596],[-71.1192921,42.3810674],[-71.119283,42.3811452]]]}},{"type":"Feature","id":323920751,"properties":{"osmId":323920751,"category":"residential","addr:housenumber":"5","addr:postcode":"02138-2736","addr:street":"Mellen Street","building":"dormitory","building:levels":"2","name":"Baker Hall","roof:levels":"1","_wikiTried":true},"geometry":{"type":"Polygon","coordinates":[[[-71.1191989,42.381049],[-71.1191583,42.3810466],[-71.1191558,42.3810696],[-71.1190763,42.3810651],[-71.1190791,42.3810399],[-71.1190712,42.3810329],[-71.1190727,42.3810177],[-71.1190821,42.3810119],[-71.1190889,42.3809452],[-71.11916,42.3809493],[-71.1191607,42.380942],[-71.1192099,42.3809448],[-71.1191989,42.381049]]]}},{"type":"Feature","id":378978139,"properties":{"osmId":378978139,"category":"academic","addr:housenumber":"97","addr:street":"Banks Street","building":"university","building:levels":"1","roof:levels":"0","source":"Bing"},"geometry":{"type":"Polygon","coordinates":[[[-71.1148034,42.3680008],[-71.1148048,42.3678296],[-71.115007,42.3678306],[-71.1150069,42.3678464],[-71.1150055,42.3680017],[-71.1148034,42.3680008]]]}},{"type":"Feature","id":378978152,"properties":{"osmId":378978152,"category":"academic","addr:housenumber":"45","addr:street":"Flagg Street","building":"university","building:levels":"20","name":"Mather House Tower","roof:shape":"flat","source":"Bing","wikidata":"Q6786940","_wikiTried":true},"geometry":{"type":"Polygon","coordinates":[[[-71.1153113,42.3680564],[-71.1150414,42.36802],[-71.1150703,42.3679033],[-71.1153401,42.3679397],[-71.1153113,42.3680564]]]}},{"type":"Feature","id":427504027,"properties":{"osmId":427504027,"category":"academic","addr:housenumber":"35;53","addr:street":"Church Street","building":"university"},"geometry":{"type":"Polygon","coordinates":[[[-71.1212372,42.3744702],[-71.1212322,42.3744711],[-71.1211679,42.3745072],[-71.121091,42.3744066],[-71.1210273,42.3744326],[-71.1210053,42.374405],[-71.120957,42.3744244],[-71.1209394,42.3744033],[-71.1208911,42.3744228],[-71.120823,42.3743336],[-71.1209745,42.3742719],[-71.1210229,42.3743336],[-71.1211175,42.3742969],[-71.1212372,42.3744702]]]}},{"type":"Feature","id":427504028,"properties":{"osmId":427504028,"category":"academic","addr:housenumber":"51","addr:street":"Brattle Street","building":"university","name":"Harvard Extension School","wikidata":"Q14715514","wikipedia":"en:Harvard Extension School","_wikiTried":true},"geometry":{"type":"Polygon","coordinates":[[[-71.1213496,42.3744091],[-71.1213881,42.3744489],[-71.121381,42.3744528],[-71.1214088,42.3744805],[-71.1214224,42.3744731],[-71.1214503,42.3744771],[-71.121457,42.3744836],[-71.1215232,42.3744464],[-71.121528,42.3744243],[-71.1215029,42.3743988],[-71.1215078,42.3743826],[-71.121528,42.3743722],[-71.1215564,42.3743747],[-71.121626,42.3743367],[-71.121755,42.3744654],[-71.1216641,42.3745151],[-71.1216533,42.3745043],[-71.1214935,42.3745917],[-71.1215073,42.3746055],[-71.1214182,42.3746543],[-71.1212372,42.3744702],[-71.1213496,42.3744091]]]}},{"type":"Feature","id":427504032,"properties":{"osmId":427504032,"category":"religious","addr:city":"Cambridge","addr:housenumber":"3","addr:postcode":"02138","addr:street":"Church Street","amenity":"place_of_worship","building":"church","check_date":"2025-06-18","denomination":"unitarian","name":"The First Parish in Cambridge","phone":"+1 617 876 7772","religion":"christian","website":"https://firstparishcambridge.org/","wikidata":"Q7734170","wikipedia":"en:First Parish in Cambridge","_wikiTried":true},"geometry":{"type":"Polygon","coordinates":[[[-71.1197251,42.3744415],[-71.1196206,42.3744453],[-71.1196068,42.3744405],[-71.1191452,42.3744884],[-71.1191604,42.3745433],[-71.1190983,42.3745511],[-71.1191202,42.3746339],[-71.1191715,42.3746278],[-71.1191874,42.374688],[-71.1195072,42.3746493],[-71.1195106,42.3746601],[-71.1197675,42.3746308],[-71.1197523,42.3745629],[-71.1197488,42.3745496],[-71.1197479,42.3745475],[-71.1197453,42.3745378],[-71.1197373,42.3745378],[-71.1197293,42.3745058],[-71.119735,42.3745055],[-71.1197251,42.3744415]]]}},{"type":"Feature","id":451611965,"properties":{"osmId":451611965,"category":"medical","building":"hospital","building:levels":"7","roof:levels":"0"},"geometry":{"type":"Polygon","coordinates":[[[-71.1346703,42.3741913],[-71.1350492,42.3742148],[-71.1350615,42.3741088],[-71.1350994,42.3740743],[-71.1351438,42.3740985],[-71.1352449,42.373993],[-71.1349212,42.3738235],[-71.1349121,42.3738325],[-71.1348312,42.3737913],[-71.1347763,42.373848],[-71.134759,42.3738398],[-71.1347691,42.373813],[-71.1347709,42.3737913],[-71.1347612,42.3737648],[-71.1347484,42.3737401],[-71.134728,42.3737184],[-71.1346996,42.373704],[-71.1346662,42.3736921],[-71.1346262,42.373686],[-71.1345877,42.3736877],[-71.1345599,42.3736941],[-71.1345311,42.3737032],[-71.1345035,42.3737175],[-71.1344867,42.3737299],[-71.1344227,42.3736966],[-71.1345041,42.3736083],[-71.1340246,42.3733517],[-71.1337285,42.3733863],[-71.1336484,42.3734184],[-71.1336642,42.3735026],[-71.13346,42.3735296],[-71.1334668,42.3735754],[-71.1334282,42.3735941],[-71.1333824,42.3736218],[-71.1333437,42.3736534],[-71.1333119,42.3736901],[-71.13329,42.373724],[-71.1332788,42.3737522],[-71.133267,42.37382],[-71.1336257,42.3738442],[-71.1336725,42.3740375],[-71.1336422,42.374325],[-71.1336105,42.3743231],[-71.1335541,42.3743196],[-71.1330177,42.3742864],[-71.1329993,42.3744929],[-71.133482,42.3745218],[-71.133528,42.3745246],[-71.1335809,42.3745232],[-71.1339176,42.3745482],[-71.1339235,42.3744922],[-71.1339306,42.3744342],[-71.1340192,42.3744391],[-71.1340382,42.3743233],[-71.1344766,42.3743469],[-71.1344827,42.3742985],[-71.1345496,42.3743019],[-71.1345535,42.3742693],[-71.1346601,42.3742764],[-71.1346703,42.3741913]]]}},{"type":"Feature","id":610233463,"properties":{"osmId":610233463,"category":"residential","addr:city":"Cambridge","addr:housenumber":"16","addr:postcode":"02138","addr:state":"MA","addr:street":"Holyoke Street","building":"dormitory","building:levels":"5","name":"Apley Court","_wikiTried":true},"geometry":{"type":"Polygon","coordinates":[[[-71.1183087,42.3723219],[-71.1182847,42.3723639],[-71.118268,42.3723587],[-71.1182375,42.3724119],[-71.118258,42.3724183],[-71.1182327,42.3724625],[-71.1180154,42.3723946],[-71.1180774,42.3722863],[-71.1180952,42.3722552],[-71.1181146,42.3722613],[-71.1183087,42.3723219]]]}},{"type":"Feature","id":644451323,"properties":{"osmId":644451323,"category":"academic","addr:city":"Boston","addr:housenumber":"49","addr:postcode":"02163","addr:state":"MA","addr:street":"Harvard Way","building":"university","name":"Chao Center","website":"https://www.hbs.edu/about/campus-and-culture/campus-built-on-philanthropy/Pages/chao-center.aspx","wikidata":"Q48839938","_wikiTried":true},"geometry":{"type":"Polygon","coordinates":[[[-71.1203673,42.3667826],[-71.1201416,42.3668046],[-71.12014,42.3667967],[-71.1199737,42.3668098],[-71.1199535,42.3667479],[-71.119857,42.3667558],[-71.1198361,42.3666984],[-71.1197061,42.3663401],[-71.1198248,42.3663183],[-71.1198255,42.3663049],[-71.1201601,42.3662732],[-71.1201614,42.3662832],[-71.1202801,42.3662703],[-71.120327,42.3665839],[-71.1203646,42.3665973],[-71.1203867,42.3666205],[-71.1204008,42.3666503],[-71.1203988,42.3666825],[-71.1203767,42.3667112],[-71.1203572,42.3667236],[-71.1203673,42.3667826]]]}},{"type":"Feature","id":649267889,"properties":{"osmId":649267889,"category":"academic","addr:housenumber":"1801;1803","addr:street":"Massachusetts Avenue","building":"university","building:levels":"4","name":"Lunder Arts Center","operator":"Lesley University","roof:levels":"0","wikidata":"Q123689395","_wikiTried":true},"geometry":{"type":"Polygon","coordinates":[[[-71.1189521,42.3867598],[-71.1185348,42.3867379],[-71.1185348,42.3867113],[-71.1184247,42.3867019],[-71.1184331,42.3865861],[-71.1186386,42.3865939],[-71.1187736,42.3866121],[-71.1189521,42.3866362],[-71.1189521,42.3867598]]]}},{"type":"Feature","id":652081723,"properties":{"osmId":652081723,"category":"medical","addr:housenumber":"1493","addr:street":"Cambridge Street","building":"hospital","name":"Cambridge Hospital","_wikiTried":true},"geometry":{"type":"Polygon","coordinates":[[[-71.1038794,42.374658],[-71.1038317,42.3746526],[-71.1038266,42.3746774],[-71.1037327,42.3746667],[-71.1037718,42.3744772],[-71.1037384,42.3744734],[-71.1037418,42.3744573],[-71.1034594,42.3744253],[-71.1034729,42.3743597],[-71.1035068,42.3743636],[-71.1035174,42.3743121],[-71.1039545,42.3743616],[-71.1039367,42.3744479],[-71.1040875,42.3744651],[-71.1041062,42.3743744],[-71.1043401,42.3744009],[-71.1043469,42.374368],[-71.104353,42.3743381],[-71.10451,42.3743559],[-71.1045035,42.3743872],[-71.1044963,42.3744224],[-71.104822,42.3744631],[-71.1048036,42.3745463],[-71.1048367,42.3745503],[-71.1048305,42.3745781],[-71.1047269,42.3745655],[-71.1046846,42.3747571],[-71.1046874,42.3747794],[-71.1046933,42.3748269],[-71.104679,42.3748277],[-71.1047252,42.3749014],[-71.104708,42.3749056],[-71.1047983,42.3749983],[-71.1047337,42.3750303],[-71.1048678,42.3751686],[-71.1048544,42.3751745],[-71.104892,42.3752124],[-71.1045913,42.3753691],[-71.1043041,42.375067],[-71.1043506,42.3750427],[-71.1042843,42.3749729],[-71.104082,42.374954],[-71.1040887,42.374915],[-71.1039126,42.3748986],[-71.1039239,42.3748339],[-71.1038449,42.374825],[-71.1038794,42.374658]]]}},{"type":"Feature","id":670428522,"properties":{"osmId":670428522,"category":"academic","addr:housenumber":"113","addr:street":"Western Avenue","building":"university","name":"Klarman Hall","_wikiTried":true},"geometry":{"type":"Polygon","coordinates":[[[-71.1211984,42.3652366],[-71.1211743,42.3652367],[-71.1211777,42.3652819],[-71.1209375,42.3652901],[-71.1209351,42.3652432],[-71.1209188,42.3652435],[-71.1209121,42.3652395],[-71.1208347,42.3652408],[-71.1207628,42.3652421],[-71.120762,42.365231],[-71.1206802,42.3652333],[-71.1206736,42.3651169],[-71.1206887,42.3651165],[-71.1206761,42.3649485],[-71.1206621,42.3649491],[-71.1206548,42.3648306],[-71.1207384,42.3648289],[-71.1207372,42.3648161],[-71.1208803,42.3648116],[-71.1208888,42.3647944],[-71.1211724,42.3647841],[-71.1211835,42.3648012],[-71.121271,42.3647982],[-71.1213241,42.3647969],[-71.1213313,42.3649246],[-71.1213176,42.3649248],[-71.1213275,42.3650949],[-71.1213437,42.3650945],[-71.1213492,42.3652218],[-71.1212707,42.3652251],[-71.1212032,42.3652262],[-71.1211984,42.3652366]]]}},{"type":"Feature","id":712133795,"properties":{"osmId":712133795,"category":"academic","addr:housenumber":"7","addr:street":"Grant Street","building":"university"},"geometry":{"type":"Polygon","coordinates":[[[-71.1151173,42.3697614],[-71.115199,42.3697881],[-71.1151058,42.3699379],[-71.1151001,42.3699368],[-71.1150944,42.3699389],[-71.1150867,42.3699404],[-71.1150772,42.3699387],[-71.1150701,42.369936],[-71.1150638,42.3699334],[-71.1150564,42.3699317],[-71.115051,42.3699205],[-71.1150289,42.3699125],[-71.1150463,42.3698896],[-71.1150124,42.3698804],[-71.1150741,42.3697812],[-71.1150834,42.3697792],[-71.1151038,42.3697832],[-71.1151173,42.3697614]]]}},{"type":"Feature","id":758199086,"properties":{"osmId":758199086,"category":"medical","building":"hospital"},"geometry":{"type":"Polygon","coordinates":[[[-71.135365,42.374668],[-71.1353017,42.3746642],[-71.1352996,42.3746838],[-71.1351426,42.3746745],[-71.1351314,42.3747776],[-71.1350641,42.3747736],[-71.1349941,42.3747694],[-71.1349272,42.3747655],[-71.1349384,42.3746624],[-71.1346584,42.3746458],[-71.1346495,42.3747284],[-71.1346128,42.3747262],[-71.1346105,42.3747468],[-71.1345364,42.3747424],[-71.1345387,42.3747218],[-71.1345033,42.3747197],[-71.1345122,42.3746372],[-71.1344708,42.3746347],[-71.1344783,42.3745653],[-71.1345996,42.3745725],[-71.1345954,42.3746114],[-71.1347226,42.3746189],[-71.1347293,42.3745574],[-71.1348971,42.3745673],[-71.1348923,42.3746119],[-71.1352011,42.3746302],[-71.1352059,42.3745856],[-71.1353728,42.3745955],[-71.135365,42.374668]]]}},{"type":"Feature","id":819258322,"properties":{"osmId":819258322,"category":"academic","building":"yes"},"geometry":{"type":"Polygon","coordinates":[[[-71.1187741,42.3865452],[-71.1187721,42.3865096],[-71.1186711,42.3865039],[-71.1186679,42.3865354],[-71.1185684,42.3865299],[-71.1185723,42.3864926],[-71.1185094,42.3864891],[-71.1185234,42.3863531],[-71.1184576,42.3863502],[-71.1184457,42.3864976],[-71.1184673,42.3864999],[-71.1184647,42.3865256],[-71.1184453,42.3865254],[-71.1184331,42.3865861],[-71.1186386,42.3865939],[-71.1187736,42.3866121],[-71.1187741,42.3865452]]]}},{"type":"Feature","id":823535148,"properties":{"osmId":823535148,"category":"academic","addr:housenumber":"93","addr:street":"School Street","building":"school"},"geometry":{"type":"Polygon","coordinates":[[[-71.0991646,42.3853354],[-71.0991495,42.385357],[-71.0991901,42.3853725],[-71.0994472,42.3854717],[-71.0993515,42.3856109],[-71.099065,42.3855025],[-71.0990329,42.3855489],[-71.0989481,42.3855169],[-71.0987002,42.3854245],[-71.0987698,42.3853227],[-71.0988433,42.3852143],[-71.0989121,42.3851144],[-71.0991011,42.3851854],[-71.0991838,42.3850655],[-71.099219,42.3850787],[-71.0992374,42.385052],[-71.0993348,42.3850886],[-71.0991646,42.3853354]]]}},{"type":"Feature","id":898209214,"properties":{"osmId":898209214,"category":"residential","addr:city":"Cambridge","addr:postcode":"02138","addr:state":"MA","addr:street":"Peabody Terrace","building":"dormitory","building:levels":"22","wikidata":"Q18755127","wikipedia":"en:Peabody Terrace"},"geometry":{"type":"Polygon","coordinates":[[[-71.1151195,42.3661793],[-71.1148474,42.3661772],[-71.1148458,42.3662897],[-71.1149408,42.3662901],[-71.1150625,42.3662907],[-71.1150951,42.3662908],[-71.1150951,42.3663169],[-71.1151468,42.3663178],[-71.1151452,42.3662662],[-71.1151185,42.3662651],[-71.1151195,42.3661793]]]}},{"type":"Feature","id":934497071,"properties":{"osmId":934497071,"category":"academic","building":"school","name":"Arts Building","_wikiTried":true},"geometry":{"type":"Polygon","coordinates":[[[-71.1099208,42.374761],[-71.1099431,42.3746578],[-71.1099836,42.3746625],[-71.1100209,42.3745096],[-71.1099847,42.3745052],[-71.1100109,42.3744048],[-71.1100261,42.3743421],[-71.1101192,42.3743543],[-71.1101341,42.3742917],[-71.1104763,42.3743357],[-71.110468,42.3743723],[-71.1105165,42.3743796],[-71.1105076,42.3744196],[-71.1105545,42.3744266],[-71.1105411,42.3744729],[-71.110586,42.3744808],[-71.1105775,42.3745211],[-71.1106629,42.3745304],[-71.11066,42.3745451],[-71.1106542,42.3745737],[-71.1106869,42.374578],[-71.110678,42.374622],[-71.1106736,42.3746524],[-71.1106694,42.3746597],[-71.1106636,42.3746645],[-71.1106549,42.3746669],[-71.1106461,42.3746668],[-71.1106345,42.3746635],[-71.1106258,42.3746578],[-71.1106215,42.3746522],[-71.1106196,42.3746453],[-71.1106253,42.3746119],[-71.1106087,42.3746104],[-71.1106013,42.3746549],[-71.110548,42.3746501],[-71.1105372,42.3746981],[-71.1104836,42.3746922],[-71.1104742,42.3747336],[-71.1104339,42.3747284],[-71.1104225,42.3747781],[-71.1103867,42.3747748],[-71.110363,42.3748917],[-71.1100169,42.3748494],[-71.1100241,42.3748174],[-71.1100154,42.3748202],[-71.1100067,42.3748226],[-71.109998,42.3748251],[-71.1099893,42.3748258],[-71.109979,42.3748233],[-71.109971,42.3748191],[-71.1099657,42.3748153],[-71.1099614,42.3748109],[-71.1099715,42.3747671],[-71.1099208,42.374761]]]}},{"type":"Feature","id":934497072,"properties":{"osmId":934497072,"category":"academic","addr:housenumber":"445;449","addr:street":"Broadway","building":"school","building:levels":"1","layer":"1","roof:levels":"0"},"geometry":{"type":"Polygon","coordinates":[[[-71.1106542,42.3745737],[-71.11066,42.3745451],[-71.110783,42.374561],[-71.1108376,42.374568],[-71.1109245,42.3745785],[-71.1109188,42.374608],[-71.1108169,42.3745951],[-71.1107932,42.3745919],[-71.1106869,42.374578],[-71.1106542,42.3745737]]]}},{"type":"Feature","id":941705120,"properties":{"osmId":941705120,"category":"academic","addr:housenumber":"16","addr:street":"Grant Street","building":"university"},"geometry":{"type":"Polygon","coordinates":[[[-71.1156337,42.3693672],[-71.1155716,42.3694973],[-71.1155192,42.3694836],[-71.1155095,42.3694889],[-71.1154792,42.3694817],[-71.1154715,42.3694726],[-71.1154658,42.3694669],[-71.1155285,42.3693364],[-71.1156337,42.3693672]]]}},{"type":"Feature","id":941705121,"properties":{"osmId":941705121,"category":"academic","addr:housenumber":"2","addr:street":"Holyoke Street","building":"university","building:levels":"4","name":"Manter Hall","roof:shape":"flat","_wikiTried":true},"geometry":{"type":"Polygon","coordinates":[[[-71.1179076,42.3730047],[-71.1178504,42.3729896],[-71.1178241,42.372983],[-71.1178985,42.3728389],[-71.1179297,42.3727715],[-71.1179702,42.3727841],[-71.117961,42.3728008],[-71.117993,42.3728098],[-71.1179998,42.3728165],[-71.1180018,42.3728212],[-71.1180048,42.3728283],[-71.1179763,42.3728875],[-71.1179659,42.3728921],[-71.1179381,42.3729459],[-71.1179076,42.3730047]]]}},{"type":"Feature","id":1052049399,"properties":{"osmId":1052049399,"category":"academic","addr:city":"Cambridge","addr:housenumber":"19","addr:postcode":"02138","addr:state":"MA","addr:street":"Prescott Street","amenity":"arts_centre","building":"university","ele":"9","gnis:feature_id":"1971091","name":"Carpenter Center","operator":"Harvard University","source":"USGS Geonames","wikidata":"Q2940137","wikipedia":"en:Carpenter Center for the Visual Arts","_wikiTried":true},"geometry":{"type":"Polygon","coordinates":[[[-71.1142027,42.3738129],[-71.1145062,42.37378],[-71.114552,42.3737732],[-71.1145746,42.3737633],[-71.1145957,42.3737495],[-71.1146163,42.3737314],[-71.1146287,42.3737095],[-71.1146393,42.3736804],[-71.1146417,42.3736567],[-71.1146415,42.3736422],[-71.114636,42.3736286],[-71.1146296,42.3736203],[-71.1146216,42.3736128],[-71.1146046,42.3735988],[-71.1145857,42.3735929],[-71.1145702,42.3735915],[-71.1145523,42.3735915],[-71.1145246,42.3735912],[-71.1144954,42.3735937],[-71.1144611,42.3736007],[-71.1144545,42.3735907],[-71.1144477,42.3735656],[-71.1145214,42.3735502],[-71.1144876,42.3734539],[-71.1143494,42.3734813],[-71.1143474,42.3734769],[-71.1143443,42.3734703],[-71.1143381,42.3734601],[-71.1143272,42.3734536],[-71.1143078,42.3734476],[-71.1142838,42.3734423],[-71.1142341,42.3734382],[-71.1141816,42.3734338],[-71.1140719,42.3734229],[-71.1140408,42.3734224],[-71.1140099,42.3734248],[-71.113984,42.3734309],[-71.1139744,42.3734352],[-71.1139647,42.3734392],[-71.1139559,42.3734437],[-71.1139485,42.373449],[-71.1139362,42.37346],[-71.1139266,42.3734745],[-71.1139189,42.3734905],[-71.1139136,42.3735056],[-71.1139092,42.3735224],[-71.113906,42.3735396],[-71.1139049,42.3735564],[-71.1139052,42.3735677],[-71.1139072,42.3735771],[-71.1139113,42.3735877],[-71.1139211,42.3735986],[-71.1139316,42.3736057],[-71.1139489,42.3736103],[-71.1139681,42.3736142],[-71.1139858,42.3736156],[-71.1140069,42.3736138],[-71.1140442,42.3736089],[-71.1140355,42.3735782],[-71.1140859,42.3735693],[-71.1141218,42.3736591],[-71.1141696,42.3737928],[-71.1141948,42.3737895],[-71.1142027,42.3738129]]]}},{"type":"Feature","id":1064085013,"properties":{"osmId":1064085013,"category":"residential","addr:city":"Cambridge","addr:housenumber":"1246-1256","addr:postcode":"02138","addr:state":"MA","addr:street":"Massachusetts Avenue","building":"dormitory","building:levels":"6","name":"Hampden Hall","roof:levels":"1","_wikiTried":true},"geometry":{"type":"Polygon","coordinates":[[[-71.1160471,42.372439],[-71.1160666,42.372412],[-71.1160733,42.3724123],[-71.1160972,42.3723776],[-71.1160954,42.372372],[-71.1161581,42.3723219],[-71.1163062,42.3723891],[-71.1163167,42.3723842],[-71.1163522,42.3723105],[-71.1163708,42.3723145],[-71.1163668,42.3723257],[-71.1164633,42.3723397],[-71.1165117,42.3723495],[-71.116411,42.3725603],[-71.1163955,42.3725636],[-71.1162893,42.3725435],[-71.1160471,42.372439]]]}},{"type":"Feature","id":1064361906,"properties":{"osmId":1064361906,"category":"residential","addr:city":"Cambridge","addr:housenumber":"100","addr:postcode":"02138","addr:state":"MA","addr:street":"Walker Street","building":"dormitory","name":"Cabot Hall","name:etymology":"Ella Lyman Cabot","start_date":"1937","_wikiTried":true},"geometry":{"type":"Polygon","coordinates":[[[-71.124044,42.3821393],[-71.123954,42.3820288],[-71.1239457,42.3820325],[-71.1238054,42.3818603],[-71.1238121,42.3818573],[-71.1236302,42.3816335],[-71.1237413,42.3815842],[-71.1237157,42.3815527],[-71.1237597,42.3815332],[-71.1238383,42.3814983],[-71.1238563,42.3814903],[-71.1238806,42.3815201],[-71.123909,42.3815075],[-71.1239996,42.3816189],[-71.1239788,42.3816281],[-71.1240063,42.381662],[-71.1238987,42.3817097],[-71.1238855,42.3817155],[-71.1240204,42.3818814],[-71.1240605,42.3819307],[-71.1241618,42.3820553],[-71.1241564,42.3820577],[-71.1241753,42.3820809],[-71.124044,42.3821393]]]}},{"type":"Feature","id":1064361907,"properties":{"osmId":1064361907,"category":"academic","addr:city":"Cambridge","addr:housenumber":"90","addr:postcode":"02138","addr:state":"MA","addr:street":"Walker Street","building":"university","name":"Whitman Hall","name:etymology":"Sarah Wyman Whitman","name:etymology:wikidata":"Q2224527","name:etymology:wikipedia":"en:Sarah W. Whitman","start_date":"1911","university":"residential","wikimedia_commons":"File:Whitman Hall, Radcliffe Quadrangle - IMG 1676.jpg","_wikiTried":true},"geometry":{"type":"Polygon","coordinates":[[[-71.1236302,42.3816335],[-71.1235489,42.3815358],[-71.1235346,42.3815422],[-71.1234707,42.3814648],[-71.1234789,42.3814611],[-71.1233958,42.3813604],[-71.123513,42.3813076],[-71.1235942,42.381406],[-71.1236103,42.3813987],[-71.1236758,42.3814782],[-71.1236587,42.3814859],[-71.1237157,42.3815527],[-71.1237413,42.3815842],[-71.1236302,42.3816335]]]}},{"type":"Feature","id":1073700622,"properties":{"osmId":1073700622,"category":"academic","building":"university","name":"Batia and Idan Ofer Building","_wikiTried":true},"geometry":{"type":"Polygon","coordinates":[[[-71.1218727,42.3717508],[-71.1218629,42.3717384],[-71.1218717,42.3717334],[-71.1218434,42.3717035],[-71.121766,42.3716218],[-71.1216873,42.3715333],[-71.1216439,42.3715847],[-71.1216113,42.3715696],[-71.1215704,42.3716179],[-71.1215843,42.3716242],[-71.1215761,42.3716365],[-71.1217446,42.3718184],[-71.1218727,42.3717508]]]}},{"type":"Feature","id":1073705327,"properties":{"osmId":1073705327,"category":"academic","building":"university","name":"Leslie H. Wexner Building","_wikiTried":true},"geometry":{"type":"Polygon","coordinates":[[[-71.1226335,42.3713824],[-71.1223776,42.3716882],[-71.1222249,42.371621],[-71.1222163,42.3716166],[-71.1223257,42.3714857],[-71.1223648,42.371438],[-71.1220336,42.3712819],[-71.122045,42.3712671],[-71.1219969,42.3712434],[-71.1219706,42.371276],[-71.1218888,42.3712354],[-71.1219263,42.3711982],[-71.1219592,42.3712116],[-71.1220081,42.3711526],[-71.1220953,42.3711383],[-71.1221744,42.3711759],[-71.1221965,42.3711497],[-71.1222502,42.3711724],[-71.1223099,42.3711011],[-71.1222857,42.3710897],[-71.1223052,42.371064],[-71.1223353,42.3710595],[-71.1223702,42.3710758],[-71.1223535,42.3710912],[-71.1225684,42.371198],[-71.1225927,42.3712097],[-71.1225207,42.3712917],[-71.1224874,42.3712768],[-71.1224633,42.3713063],[-71.1226335,42.3713824]]]}},{"type":"Feature","id":1143072432,"properties":{"osmId":1143072432,"category":"religious","addr:city":"Cambridge","addr:housenumber":"13","addr:postcode":"02138","addr:state":"MA","addr:street":"Waterhouse Street","amenity":"place_of_worship","building":"yes","ele":"7","gnis:feature_id":"1971242","name":"First Church of Christ Scientist","religion":"christian","wikidata":"Q5452670","_wikiTried":true},"geometry":{"type":"Polygon","coordinates":[[[-71.1208996,42.3783222],[-71.1209098,42.3782324],[-71.1209139,42.3782276],[-71.120917,42.3782233],[-71.1209199,42.3782189],[-71.1209224,42.3782144],[-71.1209247,42.3782098],[-71.1209266,42.378205],[-71.1209281,42.3782002],[-71.1209294,42.3781955],[-71.1209302,42.3781906],[-71.1209307,42.3781857],[-71.120931,42.3781808],[-71.1209308,42.3781758],[-71.1209303,42.378171],[-71.1209295,42.378166],[-71.1209282,42.3781613],[-71.1209268,42.3781565],[-71.1209249,42.3781517],[-71.1209202,42.3781426],[-71.1209307,42.3780512],[-71.1209024,42.3780494],[-71.1209066,42.3780124],[-71.1207407,42.3780018],[-71.120736,42.3780427],[-71.1207099,42.3780411],[-71.1207,42.3781275],[-71.120694,42.3781346],[-71.1206908,42.378139],[-71.1206881,42.3781434],[-71.1206857,42.3781479],[-71.1206835,42.3781526],[-71.1206818,42.3781573],[-71.1206803,42.3781621],[-71.1206791,42.3781669],[-71.1206783,42.3781719],[-71.1206779,42.3781767],[-71.1206778,42.3781817],[-71.1206781,42.3781865],[-71.1206786,42.3781915],[-71.1206796,42.3781964],[-71.1206809,42.3782011],[-71.1206826,42.3782059],[-71.1206845,42.3782106],[-71.1206867,42.3782152],[-71.1206894,42.3782197],[-71.1206793,42.3783072],[-71.1208996,42.3783222]]]}},{"type":"Feature","id":1168339793,"properties":{"osmId":1168339793,"category":"academic","addr:housenumber":"63","addr:street":"Mount Auburn Street","building":"university","name":"Claverly Hall","_wikiTried":true},"geometry":{"type":"Polygon","coordinates":[[[-71.1176822,42.3723192],[-71.1176093,42.3723006],[-71.117604,42.3722993],[-71.1175933,42.3722846],[-71.1175289,42.3722689],[-71.1175175,42.3722736],[-71.1175046,42.3722754],[-71.1174916,42.372274],[-71.1174799,42.3722695],[-71.1174708,42.3722626],[-71.1174653,42.3722538],[-71.1174639,42.3722441],[-71.1174667,42.3722347],[-71.1174736,42.3722264],[-71.1174837,42.3722202],[-71.117496,42.3722168],[-71.1176504,42.3718828],[-71.1176452,42.3718761],[-71.1176432,42.3718685],[-71.1176446,42.3718609],[-71.1176491,42.371854],[-71.1176568,42.3718483],[-71.1176667,42.3718449],[-71.1176775,42.371844],[-71.117688,42.3718459],[-71.1176972,42.3718503],[-71.1177038,42.3718566],[-71.1177073,42.3718642],[-71.1179126,42.3719149],[-71.1179224,42.3719115],[-71.1179333,42.3719106],[-71.1179438,42.3719125],[-71.117953,42.3719169],[-71.1179596,42.3719232],[-71.1179631,42.3719308],[-71.1179628,42.3719389],[-71.1179593,42.3719461],[-71.1179528,42.3719521],[-71.117944,42.3719563],[-71.1178872,42.3720816],[-71.1178182,42.3720644],[-71.1177984,42.37207],[-71.1177203,42.3722374],[-71.1176941,42.3722936],[-71.1176822,42.3723192]]]}},{"type":"Feature","id":1188763599,"properties":{"osmId":1188763599,"category":"residential","addr:city":"Cambridge","addr:housenumber":"22","addr:place":"Harvard Yard","addr:postcode":"02138","addr:state":"MA","building":"dormitory","name":"Canaday Hall AB","_wikiTried":true},"geometry":{"type":"Polygon","coordinates":[[[-71.1163494,42.3754502],[-71.1163775,42.3753613],[-71.1164066,42.3752693],[-71.1163604,42.3752613],[-71.1163844,42.3751855],[-71.1162412,42.3751607],[-71.1161385,42.3751429],[-71.1161135,42.3752217],[-71.1163014,42.3752542],[-71.1162727,42.3753447],[-71.116245,42.3754322],[-71.1163494,42.3754502]]]}},{"type":"Feature","id":1188763600,"properties":{"osmId":1188763600,"category":"residential","addr:city":"Cambridge","addr:housenumber":"22","addr:place":"Harvard Yard","addr:postcode":"02138","addr:state":"MA","building":"dormitory","name":"Canaday Hall CD","_wikiTried":true},"geometry":{"type":"Polygon","coordinates":[[[-71.1162441,42.3754465],[-71.1162197,42.3755256],[-71.1157379,42.3754436],[-71.115763,42.3753635],[-71.1158691,42.3753834],[-71.1160007,42.3754055],[-71.1161342,42.3754281],[-71.1162441,42.3754465]]]}},{"type":"Feature","id":1188763601,"properties":{"osmId":1188763601,"category":"residential","addr:city":"Cambridge","addr:housenumber":"22","addr:place":"Harvard Yard","addr:postcode":"02138","addr:state":"MA","building":"dormitory","name":"Canaday Hall EFG","_wikiTried":true},"geometry":{"type":"Polygon","coordinates":[[[-71.115771,42.3753503],[-71.1157995,42.3752595],[-71.1158281,42.3751685],[-71.1157813,42.3751597],[-71.1158058,42.3750846],[-71.115696,42.3750656],[-71.1155596,42.3750419],[-71.1155492,42.375074],[-71.1154885,42.3750635],[-71.1153094,42.3750323],[-71.1152836,42.3751131],[-71.1154639,42.3751438],[-71.1155301,42.3751557],[-71.1155402,42.3751242],[-71.1157192,42.3751532],[-71.1156923,42.3752417],[-71.1156648,42.3753328],[-71.115771,42.3753503]]]}},{"type":"Feature","id":1189178506,"properties":{"osmId":1189178506,"category":"academic","addr:city":"Cambridge","addr:housenumber":"7","addr:postcode":"02138","addr:state":"MA","addr:street":"Divinity Avenue","building":"university","ele":"6","gnis:feature_id":"1971753","name":"Sherman Fairchild Biochemistry Building","source":"USGS Geonames","year_of_construction":"1980","_wikiTried":true},"geometry":{"type":"Polygon","coordinates":[[[-71.1149414,42.3771994],[-71.1148583,42.3772143],[-71.1145552,42.377396],[-71.114571,42.3774454],[-71.1145966,42.3774396],[-71.1146024,42.3774552],[-71.1147324,42.377806],[-71.1147046,42.37784],[-71.1146811,42.3778687],[-71.1146694,42.377883],[-71.1144411,42.377931],[-71.114262,42.377457],[-71.1148963,42.3770779],[-71.1149414,42.3771994]]]}},{"type":"Feature","id":1209115058,"properties":{"osmId":1209115058,"category":"academic","building":"university","layer":"-1","location":"surface","name":"Widener Gate Lodge","_wikiTried":true},"geometry":{"type":"Polygon","coordinates":[[[-71.116728,42.3729689],[-71.1167643,42.3729791],[-71.1168008,42.3729158],[-71.1167623,42.3729049],[-71.116728,42.3729689]]]}},{"type":"Feature","id":1227045827,"properties":{"osmId":1227045827,"category":"academic","addr:city":"Cambridge","addr:housenumber":"60","addr:postcode":"02138","addr:state":"MA","addr:street":"Linnaean Street","building":"university","name":"Barnard Hall","name:etymology":"Augusta Barnard","operator":"Harvard University","start_date":"1912","university":"residential","_wikiTried":true},"geometry":{"type":"Polygon","coordinates":[[[-71.1247201,42.3811431],[-71.1246566,42.3810649],[-71.1246624,42.3810623],[-71.1245593,42.3809353],[-71.1245497,42.3809396],[-71.1244904,42.3808666],[-71.1243697,42.38092],[-71.1244112,42.3809711],[-71.1243987,42.3809767],[-71.1245395,42.3811502],[-71.1245421,42.3811534],[-71.1245539,42.3811482],[-71.1245942,42.3811992],[-71.1247201,42.3811431]]]}},{"type":"Feature","id":1241978379,"properties":{"osmId":1241978379,"category":"academic","addr:city":"Cambridge","addr:housenumber":"12","addr:state":"MA","addr:street":"Oxford Street","building":"university","ele":"6","gnis:feature_id":"1971491","name":"Mallinckrodt Hall","source":"USGS Geonames","year_of_construction":"1928","_wikiTried":true},"geometry":{"type":"Polygon","coordinates":[[[-71.1154772,42.3777222],[-71.1154256,42.3775811],[-71.1157482,42.3775151],[-71.1156929,42.3773686],[-71.1155077,42.3774111],[-71.1154799,42.3773815],[-71.1154641,42.3773538],[-71.1154508,42.3773216],[-71.1154459,42.3772866],[-71.1154447,42.377249],[-71.1156341,42.3772063],[-71.1155734,42.377042],[-71.1155274,42.376918],[-71.1156415,42.3768961],[-71.1157113,42.3768827],[-71.1158146,42.3771579],[-71.1158307,42.3772009],[-71.1159086,42.377185],[-71.1159709,42.3773511],[-71.1159766,42.3773662],[-71.115903,42.3773812],[-71.1160227,42.3777006],[-71.1158416,42.3777372],[-71.1156278,42.3777806],[-71.1155976,42.3776975],[-71.1154772,42.3777222]]]}},{"type":"Feature","id":1241978380,"properties":{"osmId":1241978380,"category":"academic","building":"university","name":"Conant Chemistry Lab","year_of_construction":"1957","_wikiTried":true},"geometry":{"type":"Polygon","coordinates":[[[-71.1154825,42.3771059],[-71.1154703,42.3771307],[-71.1154486,42.3771546],[-71.1154188,42.3771777],[-71.1153788,42.3772002],[-71.1153341,42.3772111],[-71.1153554,42.3772679],[-71.1152011,42.3772985],[-71.1151695,42.3772115],[-71.114989,42.3772472],[-71.1149741,42.3772419],[-71.1149612,42.3772344],[-71.1149535,42.3772237],[-71.1149504,42.3772091],[-71.1149414,42.3771994],[-71.1148963,42.3770779],[-71.1148785,42.3770299],[-71.1154528,42.3769136],[-71.1154595,42.3769317],[-71.1155274,42.376918],[-71.1155734,42.377042],[-71.1154668,42.3770636],[-71.1154825,42.3771059]]]}},{"type":"Feature","id":1241978381,"properties":{"osmId":1241978381,"category":"academic","addr:city":"Cambridge","addr:housenumber":"13","addr:postcode":"02138","addr:state":"MA","addr:street":"Frisbie Place","building":"university","name":"Bauer Chemistry Laboratory","_wikiTried":true},"geometry":{"type":"Polygon","coordinates":[[[-71.1154256,42.3775811],[-71.1154209,42.3775683],[-71.115444,42.3775637],[-71.1154226,42.3775052],[-71.1152995,42.3775297],[-71.1153044,42.3775432],[-71.1152887,42.3775463],[-71.1150942,42.3775849],[-71.1148952,42.3776245],[-71.1149026,42.3776449],[-71.1148598,42.3776534],[-71.1148683,42.3776767],[-71.1148328,42.3776837],[-71.1148417,42.3777081],[-71.1148021,42.377716],[-71.1148261,42.3777818],[-71.1147946,42.3778231],[-71.114773,42.3778516],[-71.1147446,42.3778889],[-71.114765,42.3779434],[-71.1150411,42.377887],[-71.1150741,42.3778466],[-71.115125,42.3778364],[-71.1154922,42.3777632],[-71.1154772,42.3777222],[-71.1154256,42.3775811]]]}},{"type":"Feature","id":1241978383,"properties":{"osmId":1241978383,"category":"academic","addr:state":"MA","building":"university","ele":"6","gnis:feature_id":"1971149","name":"Converse Chemistry Lab","source":"USGS Geonames","year_of_construction":"1927","_wikiTried":true},"geometry":{"type":"Polygon","coordinates":[[[-71.1152887,42.3775463],[-71.1152568,42.377463],[-71.1155077,42.3774111],[-71.1154799,42.3773815],[-71.1154641,42.3773538],[-71.1154508,42.3773216],[-71.1154459,42.3772866],[-71.1154447,42.377249],[-71.1153554,42.3772679],[-71.1152011,42.3772985],[-71.1151695,42.3772115],[-71.114989,42.3772472],[-71.1149684,42.3772517],[-71.1150942,42.3775849],[-71.1152887,42.3775463]]]}},{"type":"Feature","id":1241978384,"properties":{"osmId":1241978384,"category":"academic","addr:city":"Cambridge","addr:housenumber":"18","addr:postcode":"02138","addr:state":"MA","addr:street":"Oxford Street","building":"university","name":"Mallinckrodt-Hoffman Link","_wikiTried":true},"geometry":{"type":"Polygon","coordinates":[[[-71.1159079,42.3779054],[-71.115863,42.3777915],[-71.1158416,42.3777372],[-71.1156278,42.3777806],[-71.1156938,42.3779483],[-71.1159079,42.3779054]]]}},{"type":"Feature","id":1241978385,"properties":{"osmId":1241978385,"category":"academic","addr:city":"Cambridge","addr:housenumber":"24","addr:postcode":"02138","addr:state":"MA","addr:street":"Oxford Street","building":"university","year_of_construction":"1890"},"geometry":{"type":"Polygon","coordinates":[[[-71.1156675,42.3783905],[-71.1155909,42.3781885],[-71.1156291,42.3781806],[-71.1155921,42.3780833],[-71.1155822,42.3780571],[-71.1155394,42.3779442],[-71.1152635,42.3780014],[-71.1152751,42.3780319],[-71.1153408,42.378205],[-71.1153618,42.3782603],[-71.1154297,42.3784391],[-71.1156675,42.3783905]]]}},{"type":"Feature","id":1241978386,"properties":{"osmId":1241978386,"category":"academic","addr:city":"Cambridge","addr:housenumber":"11","addr:postcode":"02138","addr:state":"MA","addr:street":"Divinity Avenue","building":"university","source":"USGS Geonames","year_of_construction":"1875"},"geometry":{"type":"Polygon","coordinates":[[[-71.1152751,42.3780319],[-71.1147031,42.3781483],[-71.1146911,42.378116],[-71.1145236,42.37815],[-71.1145541,42.3782318],[-71.1145451,42.3782336],[-71.1145655,42.3782883],[-71.11457,42.3782874],[-71.1145771,42.3783062],[-71.1145841,42.3783048],[-71.1146115,42.3783784],[-71.1146138,42.3783845],[-71.1146946,42.3783672],[-71.1147215,42.3783617],[-71.1147693,42.3783529],[-71.1147573,42.3783207],[-71.1149402,42.3782835],[-71.1149628,42.3783442],[-71.115021,42.3783324],[-71.1150412,42.3783283],[-71.1150651,42.3783234],[-71.1151015,42.378316],[-71.1150799,42.3782581],[-71.1152408,42.3782253],[-71.1153408,42.378205],[-71.1152751,42.3780319]]]}},{"type":"Feature","id":1250551645,"properties":{"osmId":1250551645,"category":"residential","addr:city":"Cambridge","addr:housenumber":"58","addr:postcode":"02138","addr:street":"Linnaean Street","architect":"Maginnis & Walsh","building":"dormitory","full_name":"Daniel Henry Holmes Hall","name":"Holmes Hall","name:etymology:wikidata":"Q5217468","name:etymology:wikipedia":"en:Daniel Henry Holmes","start_date":"1952","_wikiTried":true},"geometry":{"type":"Polygon","coordinates":[[[-71.1250243,42.3821589],[-71.1252465,42.3820578],[-71.1252217,42.3820278],[-71.1253269,42.3819804],[-71.1254326,42.3821082],[-71.1254511,42.3820998],[-71.1255174,42.3821801],[-71.1255054,42.3821855],[-71.1256253,42.3823303],[-71.1255007,42.3823866],[-71.1253062,42.3821515],[-71.125091,42.3822506],[-71.1250243,42.3821589]]]}},{"type":"Feature","id":1250551646,"properties":{"osmId":1250551646,"category":"residential","addr:city":"Cambridge","addr:housenumber":"130","addr:postcode":"02138","addr:street":"Walker Street","architect":"Maginnis & Walsh and Kennedy","building":"dormitory","full_name":"Ada Louise Comstock Hall","name":"Comstock Hall","name:etymology":"Ada Louise Comstock","start_date":"1958","_wikiTried":true},"geometry":{"type":"Polygon","coordinates":[[[-71.124804,42.3822657],[-71.1245995,42.3823579],[-71.1245755,42.3823289],[-71.1244646,42.3823789],[-71.1245661,42.3825017],[-71.1245557,42.3825063],[-71.1246272,42.3825929],[-71.1246421,42.3825862],[-71.1247199,42.3826804],[-71.1247789,42.3827519],[-71.1248994,42.3826976],[-71.1246807,42.3824329],[-71.124874,42.3823495],[-71.124804,42.3822657]]]}},{"type":"Feature","id":1254061002,"properties":{"osmId":1254061002,"category":"medical","building":"hospital"},"geometry":{"type":"Polygon","coordinates":[[[-71.1073005,42.3756805],[-71.1073355,42.3755291],[-71.1073704,42.3755335],[-71.1074717,42.3750954],[-71.1072326,42.3750652],[-71.1071906,42.3750196],[-71.1070699,42.3750802],[-71.1070585,42.3751285],[-71.1066596,42.3750769],[-71.1066363,42.3751753],[-71.1065889,42.3752004],[-71.1065714,42.3752708],[-71.1067633,42.3752967],[-71.1069856,42.3755483],[-71.1069648,42.3756381],[-71.1073005,42.3756805]]]}},{"type":"Feature","id":1258727658,"properties":{"osmId":1258727658,"category":"academic","addr:city":"Cambridge","addr:housenumber":"45","addr:postcode":"02138","addr:state":"MA","addr:street":"Francis Avenue","building":"university","name":"Swartz Hall","old_name":"Andover Hall","_wikiTried":true},"geometry":{"type":"Polygon","coordinates":[[[-71.1132726,42.3798384],[-71.1132385,42.3797443],[-71.1132491,42.3797422],[-71.1131937,42.3795968],[-71.1131879,42.3795832],[-71.1131445,42.3795924],[-71.1131431,42.3795887],[-71.1127455,42.3796725],[-71.1127855,42.3797759],[-71.1127931,42.3797743],[-71.1128424,42.3799023],[-71.1128272,42.3799055],[-71.112983,42.3803101],[-71.113019,42.3803025],[-71.1130668,42.3804268],[-71.1131859,42.3804017],[-71.1131361,42.3802723],[-71.1131564,42.380268],[-71.113146,42.3802412],[-71.1131383,42.3802212],[-71.1131089,42.3802274],[-71.1130745,42.3801382],[-71.1130399,42.3800484],[-71.1129904,42.379921],[-71.1130197,42.3799148],[-71.1130114,42.3798934],[-71.1131355,42.3798671],[-71.1132243,42.3798485],[-71.1132726,42.3798384]]]}},{"type":"Feature","id":1258727659,"properties":{"osmId":1258727659,"category":"academic","building":"university"},"geometry":{"type":"Polygon","coordinates":[[[-71.1131937,42.3795968],[-71.1132522,42.3795846],[-71.1132459,42.3795681],[-71.1133979,42.3795365],[-71.1135107,42.3798328],[-71.1133002,42.3798765],[-71.1132491,42.3797422],[-71.1131937,42.3795968]]]}},{"type":"Feature","id":1258727660,"properties":{"osmId":1258727660,"category":"academic","addr:state":"MA","building":"university","ele":"6","gnis:feature_id":"1971748","name":"Shannon Building","source":"USGS Geonames","_wikiTried":true},"geometry":{"type":"Polygon","coordinates":[[[-71.1130327,42.3792232],[-71.1129922,42.3792311],[-71.1130004,42.3792539],[-71.1129341,42.3792669],[-71.1129399,42.3792829],[-71.1127924,42.3793119],[-71.1127355,42.3791537],[-71.1127084,42.379159],[-71.1126975,42.3791288],[-71.1127232,42.3791237],[-71.1127144,42.3790993],[-71.1128647,42.3790698],[-71.1129199,42.3792235],[-71.1130252,42.3792028],[-71.1130327,42.3792232]]]}},{"type":"Feature","id":1258727668,"properties":{"osmId":1258727668,"category":"academic","addr:city":"Cambridge","addr:housenumber":"47","addr:postcode":"02138","addr:state":"MA","addr:street":"Francis Avenue","building":"university","ele":"5","gnis:feature_id":"1971692","name":"Rockefeller Building","source":"USGS Geonames","_wikiTried":true},"geometry":{"type":"Polygon","coordinates":[[[-71.1131502,42.3807489],[-71.1131142,42.3806577],[-71.113156,42.3806487],[-71.1131651,42.3806719],[-71.1132008,42.3806642],[-71.1132112,42.3806904],[-71.1132802,42.3806755],[-71.1132697,42.3806491],[-71.1133073,42.380641],[-71.1132914,42.3806009],[-71.113357,42.3805867],[-71.1133681,42.3806147],[-71.1134433,42.3805985],[-71.1134323,42.3805706],[-71.1134752,42.3805614],[-71.113464,42.380533],[-71.1134492,42.3805362],[-71.1134265,42.3804787],[-71.1133267,42.3805002],[-71.113314,42.3804681],[-71.1132577,42.3804803],[-71.1132632,42.3804943],[-71.1132148,42.3805048],[-71.1132417,42.3805727],[-71.113175,42.3805871],[-71.1131679,42.380569],[-71.1131279,42.3805776],[-71.1130844,42.3804674],[-71.1130322,42.3804786],[-71.1130492,42.3805217],[-71.112995,42.3805333],[-71.1130098,42.3805708],[-71.1129545,42.3805827],[-71.1129707,42.3806238],[-71.1129202,42.3806347],[-71.1129702,42.3807615],[-71.1130244,42.3807498],[-71.1130339,42.380774],[-71.1131502,42.3807489]]]}},{"type":"Feature","id":1267132899,"properties":{"osmId":1267132899,"category":"residential","addr:city":"Cambridge","addr:housenumber":"26","addr:postcode":"02138","addr:state":"MA","addr:street":"Plympton Street","building":"dormitory","building:levels":"5","name":"Russell Hall","_wikiTried":true},"geometry":{"type":"Polygon","coordinates":[[[-71.1165616,42.3717711],[-71.1165513,42.3717688],[-71.1166358,42.3715884],[-71.1168359,42.3716377],[-71.1167566,42.3718197],[-71.1166365,42.3717896],[-71.1165905,42.3717782],[-71.1165616,42.3717711]]]}},{"type":"Feature","id":1313059972,"properties":{"osmId":1313059972,"category":"academic","building":"university"},"geometry":{"type":"Polygon","coordinates":[[[-71.1157417,42.3681976],[-71.1157968,42.3680725],[-71.11584,42.3679743],[-71.1157913,42.3679626],[-71.1158036,42.3679348],[-71.1154562,42.3678513],[-71.1154337,42.3679025],[-71.1153492,42.3680945],[-71.1153737,42.3681004],[-71.1153664,42.368117],[-71.1154351,42.3681335],[-71.1154752,42.3680427],[-71.1156647,42.3680882],[-71.1156263,42.3681754],[-71.1156551,42.3681823],[-71.1156447,42.3682058],[-71.1156856,42.3682156],[-71.1156982,42.3681871],[-71.1157417,42.3681976]]]}},{"type":"Feature","id":1331159304,"properties":{"osmId":1331159304,"category":"academic","building":"university","nohousenumber":"yes"},"geometry":{"type":"Polygon","coordinates":[[[-71.1145515,42.3723873],[-71.1145624,42.3723618],[-71.114587,42.3723422],[-71.1146205,42.3723322],[-71.1146566,42.3723336],[-71.1146885,42.3723462],[-71.1147101,42.3723676],[-71.1147173,42.3723938],[-71.1147125,42.3724134],[-71.1146995,42.3724307],[-71.1146796,42.3724441],[-71.114655,42.3724521],[-71.1146282,42.3724539],[-71.1145967,42.3724475],[-71.114571,42.3724325],[-71.1145551,42.3724113],[-71.1145515,42.3723873]]]}},{"type":"Feature","id":1417234297,"properties":{"osmId":1417234297,"category":"religious","addr:housenumber":"66","addr:state":"MA","addr:street":"North Havard Street","amenity":"place_of_worship","building":"yes","building:levels":"2","ele":"3","gnis:feature_id":"1971802","name":"The Class of 1959 Chapel","source":"MassGIS Buildings (http://www.mass.gov/mgis/lidarbuildingfp2d.htm);USGS Geonames","wikidata":"Q7723285","_wikiTried":true},"geometry":{"type":"Polygon","coordinates":[[[-71.123843,42.365934],[-71.1238804,42.3659469],[-71.1238994,42.3659534],[-71.1239746,42.3658279],[-71.1238141,42.3657771],[-71.1238009,42.365806],[-71.1237808,42.3658077],[-71.1237623,42.3658118],[-71.1237459,42.3658169],[-71.1237311,42.3658224],[-71.1237181,42.3658301],[-71.123707,42.3658403],[-71.1236987,42.3658497],[-71.1236925,42.3658598],[-71.1236904,42.3658709],[-71.1236892,42.3658842],[-71.1236925,42.3658977],[-71.1236955,42.3659073],[-71.1237024,42.3659165],[-71.1237107,42.3659259],[-71.1237214,42.3659338],[-71.1237322,42.3659403],[-71.1237454,42.3659447],[-71.1237579,42.3659476],[-71.1237725,42.3659504],[-71.1237893,42.3659502],[-71.1238147,42.3659462],[-71.1238333,42.3659392],[-71.123843,42.365934]]]}}]}