{"type":"FeatureCollection","features":[{"type":"Feature","id":51724692,"properties":{"osmId":51724692,"category":"academic","building":"university","building:levels":"1","roof:levels":"0"},"geometry":{"type":"Polygon","coordinates":[[[-76.6229099,39.3320049],[-76.6220053,39.33268],[-76.6218722,39.3325732],[-76.6227767,39.3318981],[-76.6229099,39.3320049]]]}},{"type":"Feature","id":51724694,"properties":{"osmId":51724694,"category":"academic","addr:city":"Baltimore","addr:housenumber":"3701","addr:postcode":"21218","addr:state":"MD","addr:street":"San Martin Drive","building":"university","building:levels":"6","description":"Home of the Johns Hopkins University Department of Physics & Astronomy","name":"Bloomberg Center","roof:levels":"0","_wikiTried":true},"geometry":{"type":"Polygon","coordinates":[[[-76.6228883,39.3318047],[-76.6228425,39.3317678],[-76.6227997,39.3318189],[-76.6225431,39.3316902],[-76.6226844,39.3315217],[-76.622941,39.3316504],[-76.6228967,39.3317031],[-76.6229733,39.331741],[-76.6236041,39.3312681],[-76.6237076,39.3313507],[-76.6236633,39.3313839],[-76.623936,39.3316015],[-76.6235812,39.3318675],[-76.6236654,39.3319347],[-76.6236174,39.3319707],[-76.6234941,39.3318723],[-76.6233894,39.3319507],[-76.6234953,39.3320352],[-76.6233312,39.3321582],[-76.6228883,39.3318047]]]}},{"type":"Feature","id":51724697,"properties":{"osmId":51724697,"category":"academic","addr:city":"Baltimore","addr:housenumber":"3520","addr:postcode":"21218","addr:state":"MD","addr:street":"San Martin Drive","building":"university","building:levels":"4","name":"Maxine F. Singer Building","roof:levels":"0","_wikiTried":true},"geometry":{"type":"Polygon","coordinates":[[[-76.6249555,39.3308129],[-76.6249534,39.3307828],[-76.6248852,39.3307857],[-76.6247556,39.3307373],[-76.6247547,39.3307388],[-76.6246922,39.3308388],[-76.6247504,39.3308606],[-76.6247518,39.3308803],[-76.6247625,39.3308798],[-76.6248324,39.3308769],[-76.6248331,39.3308871],[-76.6248773,39.3308852],[-76.6248786,39.330904],[-76.62488,39.3309235],[-76.6245581,39.3309373],[-76.6245643,39.3310227],[-76.6245656,39.3310428],[-76.6245786,39.3310423],[-76.6245827,39.331099],[-76.6245844,39.3311234],[-76.6248776,39.3311109],[-76.6248885,39.3312641],[-76.6251207,39.3312542],[-76.625101,39.3309759],[-76.6255149,39.3309583],[-76.6255029,39.3307896],[-76.6254317,39.3307926],[-76.6249555,39.3308129]]]}},{"type":"Feature","id":51724698,"properties":{"osmId":51724698,"category":"academic","addr:city":"Baltimore","addr:housenumber":"3500","addr:postcode":"21218","addr:state":"MD","addr:street":"San Martin Drive","building":"university","building:levels":"4","name":"San Martin Center","roof:levels":"0","roof:shape":"flat","_wikiTried":true},"geometry":{"type":"Polygon","coordinates":[[[-76.6246393,39.3305678],[-76.6246191,39.3305326],[-76.624683,39.3305107],[-76.6245994,39.3303646],[-76.6245759,39.3303234],[-76.6245542,39.3302855],[-76.6244931,39.3303064],[-76.6244687,39.3302638],[-76.6240658,39.3304016],[-76.6240138,39.3304194],[-76.6239249,39.3304498],[-76.6239471,39.3304886],[-76.6238839,39.3305103],[-76.6240135,39.330737],[-76.6240735,39.3307165],[-76.624095,39.330754],[-76.6242114,39.3307141],[-76.6242299,39.3307078],[-76.6242509,39.3307006],[-76.6246393,39.3305678]]]}},{"type":"Feature","id":51724699,"properties":{"osmId":51724699,"category":"academic","building":"university","building:levels":"2","name":"O'Connor Recreation Center","nohousenumber":"yes","official_name":"Ralph S. O'Connor Recreation Center","roof:levels":"0","_wikiTried":true},"geometry":{"type":"Polygon","coordinates":[[[-76.6210516,39.3322328],[-76.6212317,39.3323484],[-76.621257,39.3323276],[-76.6214536,39.3324536],[-76.6215137,39.3324011],[-76.6215943,39.3324712],[-76.621833,39.3323021],[-76.6217201,39.3322047],[-76.6217288,39.3321995],[-76.6212065,39.3317648],[-76.6211806,39.3317829],[-76.6211215,39.3317321],[-76.6207257,39.3320236],[-76.620829,39.3320899],[-76.620937,39.3321592],[-76.6209567,39.3321719],[-76.6210516,39.3322328]]]}},{"type":"Feature","id":51724700,"properties":{"osmId":51724700,"category":"academic","building":"university","building:levels":"2","name":"ROTC Building","roof:levels":"0","_wikiTried":true},"geometry":{"type":"Polygon","coordinates":[[[-76.622085,39.333442],[-76.6218641,39.3332996],[-76.6217867,39.3333715],[-76.6216897,39.333309],[-76.6217765,39.3332284],[-76.6216334,39.3331362],[-76.6216646,39.3331072],[-76.6216849,39.3330884],[-76.6217195,39.3330562],[-76.6219338,39.3331943],[-76.6220051,39.3332403],[-76.6221805,39.3333533],[-76.622085,39.333442]]]}},{"type":"Feature","id":114735739,"properties":{"osmId":114735739,"category":"medical","addr:city":"Baltimore","addr:country":"US","addr:housenumber":"3303","addr:postcode":"21211","addr:state":"MD","addr:street":"Chestnut Avenue","amenity":"clinic","building":"yes","check_date":"2026-02-06","healthcare":"clinic","healthcare:speciality":"general","name":"IDF Chestnut Square Dialysis Center","_wikiTried":true},"geometry":{"type":"Polygon","coordinates":[[[-76.6289748,39.3271315],[-76.6286283,39.3271469],[-76.6286475,39.3273286],[-76.6288987,39.3273156],[-76.6289026,39.3273641],[-76.6289679,39.3273631],[-76.628964,39.3273096],[-76.6289862,39.3273096],[-76.6289748,39.3271315]]]}},{"type":"Feature","id":117438624,"properties":{"osmId":117438624,"category":"religious","addr:city":"Baltimore","addr:country":"US","addr:housenumber":"3800","addr:postcode":"21218","addr:street":"North Charles Street","building":"temple","name":"Scottish Rite Temple Freemasonry","_wikiTried":true},"geometry":{"type":"Polygon","coordinates":[[[-76.6190463,39.3354615],[-76.6190414,39.3354081],[-76.6191769,39.3354005],[-76.6191695,39.335309],[-76.6192484,39.3353052],[-76.6192311,39.3350708],[-76.6191498,39.3350727],[-76.6191449,39.3349869],[-76.6189995,39.3349907],[-76.618997,39.334945],[-76.6187703,39.3349507],[-76.6187777,39.3350003],[-76.6186101,39.3350079],[-76.6186175,39.3351241],[-76.6185312,39.3351299],[-76.6185436,39.3353109],[-76.6186126,39.335309],[-76.618615,39.3354272],[-76.6187925,39.3354215],[-76.6187925,39.3354691],[-76.6190463,39.3354615]]]}},{"type":"Feature","id":134680371,"properties":{"osmId":134680371,"category":"academic","building":"university","building:levels":"2","building:material":"brick","name":"Shriver Hall","roof:colour":"gray","roof:levels":"1","roof:material":"slate","roof:shape":"hipped","_wikiTried":true},"geometry":{"type":"Polygon","coordinates":[[[-76.6203159,39.3263066],[-76.6203856,39.3263039],[-76.6203862,39.3263129],[-76.6203876,39.3263353],[-76.6204067,39.326335],[-76.6204084,39.3263631],[-76.6204099,39.3263861],[-76.6204193,39.3265313],[-76.62042,39.3265425],[-76.6204222,39.3265762],[-76.6204485,39.3265752],[-76.6204493,39.3265871],[-76.6205307,39.3265839],[-76.6205392,39.3267166],[-76.6204584,39.3267197],[-76.6204594,39.3267347],[-76.6203714,39.3267381],[-76.6203727,39.3267581],[-76.6202855,39.3267615],[-76.6201989,39.3267648],[-76.6201976,39.3267453],[-76.6201077,39.3267488],[-76.6201068,39.3267342],[-76.6200285,39.3267373],[-76.6200278,39.3267268],[-76.6200207,39.3266159],[-76.62002,39.3266046],[-76.6200696,39.3266027],[-76.6200977,39.3266016],[-76.6200969,39.3265895],[-76.6201029,39.3265892],[-76.6201017,39.3265712],[-76.6201141,39.3265707],[-76.6201265,39.3265702],[-76.6201246,39.3265406],[-76.6201153,39.3263964],[-76.6201026,39.3263969],[-76.6201018,39.3263854],[-76.6201011,39.3263739],[-76.6201138,39.3263734],[-76.620112,39.326346],[-76.6201283,39.3263453],[-76.6201263,39.3263139],[-76.6202225,39.3263102],[-76.6202203,39.3262766],[-76.6203137,39.326273],[-76.6203159,39.3263066]]]}},{"type":"Feature","id":134680644,"properties":{"osmId":134680644,"category":"academic","building":"university","building:levels":"3","building:material":"brick","name":"Barton Hall","nohousenumber":"yes","roof:colour":"gray","roof:levels":"1","roof:material":"slate","roof:shape":"hipped","_wikiTried":true},"geometry":{"type":"Polygon","coordinates":[[[-76.6205906,39.3269551],[-76.6206017,39.3271041],[-76.6206042,39.3271371],[-76.6206067,39.3271698],[-76.6206184,39.3273224],[-76.6206805,39.3273196],[-76.6207606,39.327316],[-76.6208325,39.3273129],[-76.620824,39.3271965],[-76.620844,39.3271962],[-76.6208267,39.3269447],[-76.6206964,39.3269504],[-76.6205906,39.3269551]]]}},{"type":"Feature","id":134681110,"properties":{"osmId":134681110,"category":"academic","building":"university","building:levels":"4","building:material":"brick","name":"Shaffer Hall","roof:colour":"gray","roof:material":"slate","roof:shape":"hipped","_wikiTried":true},"geometry":{"type":"Polygon","coordinates":[[[-76.6197822,39.3269707],[-76.6200034,39.3269623],[-76.6200156,39.327156],[-76.6200281,39.3273521],[-76.6198069,39.3273605],[-76.6198042,39.3273184],[-76.6197822,39.3269707]]]}},{"type":"Feature","id":134681371,"properties":{"osmId":134681371,"category":"academic","building":"university","building:levels":"3","building:material":"brick","name":"Croft Hall","nohousenumber":"yes","old_name":"New Engineering Building (NEB)","_wikiTried":true},"geometry":{"type":"Polygon","coordinates":[[[-76.6194328,39.326956],[-76.6197336,39.3269446],[-76.6197563,39.3269437],[-76.6197804,39.3269428],[-76.6197822,39.3269707],[-76.6198042,39.3273184],[-76.619778,39.3273194],[-76.6195349,39.3273286],[-76.6194566,39.3273315],[-76.619455,39.3273057],[-76.6194328,39.326956]]]}},{"type":"Feature","id":134681897,"properties":{"osmId":134681897,"category":"academic","building":"university","building:levels":"3","building:material":"brick","name":"Hackerman Hall","nohousenumber":"yes","roof:colour":"gray","roof:levels":"0","roof:material":"slate","roof:shape":"hipped","_wikiTried":true},"geometry":{"type":"Polygon","coordinates":[[[-76.6210384,39.3265328],[-76.6208995,39.3265385],[-76.6208677,39.3265398],[-76.6208363,39.326541],[-76.6207992,39.3265426],[-76.6208018,39.3265801],[-76.6206838,39.326585],[-76.6206993,39.3268114],[-76.6208173,39.3268066],[-76.6208184,39.3268239],[-76.6208216,39.3268685],[-76.6208248,39.3269141],[-76.6208267,39.3269447],[-76.620844,39.3271962],[-76.6209544,39.3271917],[-76.6210831,39.3271864],[-76.6210639,39.3269039],[-76.6210608,39.3268601],[-76.6210575,39.3268137],[-76.6210529,39.3267445],[-76.6210384,39.3265328]]]}},{"type":"Feature","id":134682012,"properties":{"osmId":134682012,"category":"academic","building":"university","building:levels":"3","building:material":"brick","name":"Garland Hall","nohousenumber":"yes","roof:levels":"0","roof:material":"metal","roof:shape":"quadruple_saltbox","_wikiTried":true},"geometry":{"type":"Polygon","coordinates":[[[-76.6213392,39.3271914],[-76.6215979,39.3271805],[-76.621872,39.327169],[-76.6218951,39.327497],[-76.6216245,39.3275084],[-76.6213623,39.3275195],[-76.6213392,39.3271914]]]}},{"type":"Feature","id":167364633,"properties":{"osmId":167364633,"category":"academic","building":"university","building:levels":"3","building:material":"brick","name":"Brody Learning Commons","roof:levels":"0","_wikiTried":true},"geometry":{"type":"Polygon","coordinates":[[[-76.6192606,39.3284351],[-76.6192871,39.3284868],[-76.6192946,39.3285686],[-76.6192973,39.3286104],[-76.6193652,39.3286078],[-76.6195002,39.3286026],[-76.6195008,39.3286118],[-76.619551,39.3286099],[-76.6196017,39.328608],[-76.6196012,39.3286003],[-76.6196194,39.3285997],[-76.6196134,39.3285119],[-76.6195895,39.3284123],[-76.6194933,39.3282278],[-76.6194101,39.3282569],[-76.6193679,39.3282716],[-76.619324,39.3282861],[-76.619115,39.3283553],[-76.6191733,39.3284639],[-76.6192606,39.3284351]]]}},{"type":"Feature","id":180508452,"properties":{"osmId":180508452,"category":"other","addr:city":"Baltimore","addr:state":"MD","building":"yes","building:levels":"1","building:material":"brick","charge":"12 USD","fee":"yes","name":"Homewood Museum","opening_hours":"Tu-Fr 11:00-16:00; Sa-Su 12:00-16:00; PH closed","operator":"Johns Hopkins University Museums","phone":"+1 410-516-5589","roof:levels":"1","roof:material":"metal","roof:shape":"hipped","source":"USGS Ortho;USGS Geonames","tourism":"museum","website":"https://museums.jhu.edu/homewood-museum/","wheelchair":"no","wikidata":"Q5890698","wikipedia":"en:Homewood Museum","_wikiTried":true},"geometry":{"type":"Polygon","coordinates":[[[-76.6191921,39.3296855],[-76.6191598,39.3297044],[-76.6191274,39.3297233],[-76.6191014,39.3296967],[-76.6190612,39.3297202],[-76.6190675,39.3297266],[-76.6190755,39.3297348],[-76.6190273,39.3297629],[-76.6190487,39.3297848],[-76.6190334,39.3297937],[-76.6190148,39.3298046],[-76.6189963,39.3298154],[-76.6189839,39.3298227],[-76.6189625,39.3298008],[-76.6189132,39.3298296],[-76.618899,39.329815],[-76.6188575,39.3298393],[-76.6188835,39.329866],[-76.6188176,39.3299045],[-76.6187348,39.3298198],[-76.6188007,39.3297813],[-76.6188083,39.329789],[-76.618817,39.3297839],[-76.618827,39.3297781],[-76.6188368,39.3297723],[-76.6188498,39.3297647],[-76.6187992,39.329713],[-76.6188485,39.3296842],[-76.6188301,39.3296654],[-76.6188353,39.3296623],[-76.6188627,39.3296463],[-76.6188902,39.3296302],[-76.6188949,39.3296275],[-76.6189133,39.3296463],[-76.6189614,39.3296181],[-76.619012,39.3296699],[-76.6190233,39.3296633],[-76.6190334,39.3296573],[-76.6190522,39.3296464],[-76.6190446,39.3296386],[-76.6191093,39.3296008],[-76.6191921,39.3296855]]]}},{"type":"Feature","id":180508453,"properties":{"osmId":180508453,"category":"academic","addr:city":"Baltimore","addr:housenumber":"113","addr:postcode":"21211","addr:state":"MD","addr:street":"West University Parkway","building":"university","building:levels":"1","check_date":"2022-07-24","name":"Imagine Center for Integrative Learning","roof:levels":"0","_wikiTried":true},"geometry":{"type":"Polygon","coordinates":[[[-76.6220502,39.3345034],[-76.6220356,39.334494],[-76.6218322,39.3343623],[-76.6218044,39.3343443],[-76.6217208,39.3344215],[-76.6218323,39.3344937],[-76.62184,39.3344987],[-76.6217744,39.3345594],[-76.6217666,39.3345544],[-76.6217457,39.3345409],[-76.6217298,39.3345556],[-76.6217138,39.3345704],[-76.6217345,39.3345838],[-76.6217422,39.3345888],[-76.6216734,39.3346524],[-76.6217514,39.3347029],[-76.6217325,39.3347205],[-76.6217819,39.3347525],[-76.6218007,39.3347351],[-76.6218741,39.3347827],[-76.6218786,39.3347855],[-76.6219379,39.3347307],[-76.6219474,39.3347219],[-76.6220496,39.3346275],[-76.621971,39.3345766],[-76.6220502,39.3345034]]]}},{"type":"Feature","id":180508454,"properties":{"osmId":180508454,"category":"library","addr:city":"Baltimore","addr:housenumber":"3400","addr:postcode":"21218","addr:state":"MD","addr:street":"North Charles Street","amenity":"library","building":"library","building:levels":"2","building:material":"brick","contact:facebook":"https://www.facebook.com/mselibrary","contact:foursquare":"https://www.foursquare.com/v/4b5fbc3cf964a52091ca29e3","contact:twitter":"https://twitter.com/mselibrary","ele":"73","internet_access":"wlan","name":"Milton S. Eisenhower Library","official_name":"Milton S. Eisenhower Library","opening_hours":"24/7","operator":"Sheridan Libraries","operator:type":"private","operator:wikidata":"Q73787865","phone":"+1 410-516-8335","ref:isil":"US-MDBJ","roof:shape":"flat","short_name":"MSE Library","source":"USGS Geonames","start_date":"1964","website":"https://www.library.jhu.edu/library-hours/milton-s-eisenhower-library/","wikidata":"Q58241774","wikimedia_commons":"Category:Milton S. Eisenhower Library","_wikiTried":true},"geometry":{"type":"Polygon","coordinates":[[[-76.6195154,39.3287725],[-76.619497,39.3287732],[-76.6194967,39.3287688],[-76.619496,39.3287569],[-76.6194949,39.32874],[-76.6192817,39.328748],[-76.6192822,39.3287557],[-76.6192827,39.3287649],[-76.6192835,39.3287763],[-76.6192838,39.3287812],[-76.6192673,39.3287818],[-76.6192803,39.3289895],[-76.619266,39.32899],[-76.6192707,39.3290649],[-76.6192753,39.3291382],[-76.6192895,39.3291377],[-76.6193025,39.3293463],[-76.6193189,39.3293456],[-76.6193198,39.3293594],[-76.6193208,39.3293765],[-76.6195348,39.3293685],[-76.6195344,39.3293627],[-76.6195336,39.3293499],[-76.6195328,39.3293377],[-76.6195507,39.329337],[-76.6195376,39.3291285],[-76.6195521,39.3291279],[-76.6195473,39.3290522],[-76.6195428,39.3289797],[-76.6195284,39.3289802],[-76.6195154,39.3287725]]]}},{"type":"Feature","id":180508455,"properties":{"osmId":180508455,"category":"academic","addr:city":"Baltimore","addr:housenumber":"3700","addr:postcode":"21218","addr:state":"MD","addr:street":"San Martin Drive","building":"university","building:levels":"5","name":"Muller Building","official_name":"Steven Muller Building","wikidata":"Q1540619","_wikiTried":true},"geometry":{"type":"Polygon","coordinates":[[[-76.6236484,39.3326363],[-76.6236699,39.3326547],[-76.6236159,39.3326925],[-76.6236371,39.3327107],[-76.6236396,39.3327141],[-76.6236389,39.3327216],[-76.6236362,39.3327246],[-76.6236126,39.3327411],[-76.6236084,39.3327427],[-76.6236036,39.3327431],[-76.6235987,39.3327423],[-76.6235947,39.3327404],[-76.6235735,39.3327222],[-76.6232564,39.332944],[-76.6232788,39.3329631],[-76.6232813,39.3329666],[-76.6232814,39.3329703],[-76.6232806,39.332974],[-76.6232779,39.332977],[-76.6232543,39.3329935],[-76.6232501,39.3329952],[-76.6232453,39.3329955],[-76.6232403,39.3329947],[-76.6232363,39.3329928],[-76.6232139,39.3329736],[-76.62316,39.3330113],[-76.6231385,39.3329929],[-76.6229262,39.3331414],[-76.6228765,39.3330988],[-76.6228587,39.3331113],[-76.62285,39.3331039],[-76.622722,39.3329944],[-76.6227755,39.332957],[-76.6227596,39.3329434],[-76.6229255,39.3328274],[-76.6229668,39.3328627],[-76.6234967,39.3324921],[-76.6234452,39.3324481],[-76.6236065,39.3323353],[-76.623623,39.3323494],[-76.6236796,39.3323098],[-76.6238235,39.3324329],[-76.6238078,39.3324439],[-76.6238598,39.3324884],[-76.6236484,39.3326363]]]}},{"type":"Feature","id":180508457,"properties":{"osmId":180508457,"category":"academic","building":"university","building:levels":"3","building:material":"brick","name":"Chemistry Building","roof:levels":"0","roof:shape":"gabled","_wikiTried":true},"geometry":{"type":"Polygon","coordinates":[[[-76.6214889,39.3305604],[-76.6214872,39.3305342],[-76.62155,39.3305318],[-76.621524,39.3301394],[-76.6214885,39.3301408],[-76.6214272,39.3301432],[-76.6212637,39.3301497],[-76.6212897,39.3305421],[-76.6213554,39.3305395],[-76.6213583,39.3305832],[-76.62132,39.3305899],[-76.6213645,39.330742],[-76.6215664,39.3307067],[-76.621522,39.3305546],[-76.6214889,39.3305604]]]}},{"type":"Feature","id":180508458,"properties":{"osmId":180508458,"category":"academic","building":"university","building:levels":"2","building:material":"brick","name":"Levering Hall","nohousenumber":"yes","roof:colour":"gray","roof:levels":"0","roof:material":"slate","roof:shape":"hipped","_wikiTried":true},"geometry":{"type":"Polygon","coordinates":[[[-76.6215522,39.3283461],[-76.621892,39.3283323],[-76.6218597,39.3278553],[-76.6218517,39.3278556],[-76.6216797,39.3278626],[-76.6216565,39.3278635],[-76.6216597,39.3279119],[-76.6216494,39.3279123],[-76.6214411,39.3279208],[-76.6214462,39.327996],[-76.6214925,39.3279941],[-76.6215011,39.3281224],[-76.6215106,39.3282633],[-76.6214581,39.3282655],[-76.6214625,39.3283318],[-76.621551,39.3283283],[-76.6215522,39.3283461]]]}},{"type":"Feature","id":180508459,"properties":{"osmId":180508459,"category":"academic","building":"university","building:levels":"3","building:material":"brick","name":"Mudd Hall","roof:colour":"gray","roof:levels":"0","roof:material":"slate","roof:shape":"gabled","_wikiTried":true},"geometry":{"type":"Polygon","coordinates":[[[-76.6207347,39.3308684],[-76.6206428,39.3307948],[-76.6206391,39.3307579],[-76.6207972,39.3307501],[-76.6207859,39.3306192],[-76.6207819,39.3305468],[-76.6205756,39.3305551],[-76.6205307,39.3305569],[-76.6205255,39.3305571],[-76.6204864,39.3305587],[-76.6202993,39.3305663],[-76.6202993,39.3306393],[-76.6203095,39.3307691],[-76.6204718,39.3307624],[-76.6204728,39.3308027],[-76.6203862,39.3308817],[-76.6205484,39.3309959],[-76.6205491,39.3310344],[-76.620591,39.3310326],[-76.6205874,39.3309938],[-76.6207347,39.3308684]]]}},{"type":"Feature","id":180508460,"properties":{"osmId":180508460,"category":"academic","addr:city":"Baltimore","addr:housenumber":"3101","addr:postcode":"21218","addr:state":"MD","addr:street":"Wyman Park Drive","building":"university","building:levels":"2","building:material":"brick","name":"Mason Hall","roof:colour":"gray","roof:levels":"1","roof:material":"slate","roof:shape":"hipped","_wikiTried":true},"geometry":{"type":"Polygon","coordinates":[[[-76.6217019,39.3259761],[-76.6217016,39.3259719],[-76.6217003,39.3259524],[-76.621699,39.325933],[-76.6217572,39.3259307],[-76.6217566,39.3259212],[-76.6217506,39.3258297],[-76.6216924,39.325832],[-76.6216893,39.3257853],[-76.6215455,39.3257909],[-76.6215447,39.325778],[-76.6215438,39.325765],[-76.6215012,39.3257667],[-76.6214586,39.3257683],[-76.6214595,39.3257813],[-76.6214603,39.3257943],[-76.6213664,39.325798],[-76.6213178,39.3257999],[-76.6213193,39.3258233],[-76.6213208,39.3258466],[-76.6212993,39.3258474],[-76.6212649,39.3258487],[-76.6212716,39.3259497],[-76.6213275,39.3259475],[-76.6213287,39.325967],[-76.62133,39.3259865],[-76.6213303,39.3259907],[-76.6214654,39.3259854],[-76.6215164,39.3259834],[-76.6215677,39.3259814],[-76.6217019,39.3259761]]]}},{"type":"Feature","id":180508461,"properties":{"osmId":180508461,"category":"residential","building":"dormitory","building:levels":"3","building:material":"brick","name":"AMR II","official_name":"Alumni Memorial Residence Hall II","roof:levels":"0","roof:material":"slate","roof:shape":"gabled","_wikiTried":true},"geometry":{"type":"Polygon","coordinates":[[[-76.6189497,39.3312247],[-76.6189491,39.3312166],[-76.6189435,39.3311314],[-76.618891,39.3311334],[-76.6188906,39.3311275],[-76.6186808,39.3311358],[-76.6186843,39.3311892],[-76.6186849,39.3311974],[-76.6187002,39.3314298],[-76.6187041,39.3314889],[-76.6187066,39.3315258],[-76.6187121,39.3315256],[-76.6187199,39.3316444],[-76.6187682,39.3316425],[-76.618784,39.3316419],[-76.6187986,39.3316413],[-76.6188504,39.3316393],[-76.6188427,39.3315235],[-76.6190157,39.3315167],[-76.6190235,39.3316347],[-76.6191452,39.3316299],[-76.6192624,39.3316253],[-76.6192547,39.3315087],[-76.6194336,39.3315017],[-76.6194412,39.331617],[-76.6194919,39.331615],[-76.6195071,39.3316144],[-76.6195225,39.3316138],[-76.6195759,39.3316117],[-76.619564,39.3314312],[-76.6195616,39.3313952],[-76.6195521,39.3312515],[-76.619543,39.3311124],[-76.6195423,39.3311023],[-76.6193295,39.3311107],[-76.6193303,39.3311217],[-76.6192826,39.3311236],[-76.6192878,39.3312033],[-76.6192884,39.3312118],[-76.6193348,39.33121],[-76.6193353,39.331219],[-76.6194153,39.3312159],[-76.6194274,39.3313978],[-76.619203,39.3314066],[-76.6192026,39.3314016],[-76.6191295,39.3314045],[-76.6190563,39.3314073],[-76.6190567,39.3314128],[-76.618835,39.3314216],[-76.6188227,39.3312354],[-76.6188959,39.3312325],[-76.6188955,39.3312268],[-76.6189497,39.3312247]]]}},{"type":"Feature","id":180508462,"properties":{"osmId":180508462,"category":"residential","building":"dormitory","building:levels":"2","name":"AMR I","official_name":"Alumni Memorial Residence Hall I","roof:levels":"1","_wikiTried":true},"geometry":{"type":"Polygon","coordinates":[[[-76.6188606,39.3304858],[-76.6188512,39.3303352],[-76.6183757,39.3303531],[-76.6183799,39.3304205],[-76.6183807,39.3304325],[-76.6183865,39.330525],[-76.6183707,39.3305256],[-76.6183774,39.330633],[-76.6183776,39.3306358],[-76.6183783,39.3306466],[-76.6183196,39.3306489],[-76.618319,39.3306404],[-76.6182318,39.3306436],[-76.6182388,39.330755],[-76.6183271,39.3307517],[-76.6183267,39.3307444],[-76.618357,39.3307433],[-76.618386,39.3307422],[-76.6183874,39.3307651],[-76.6183944,39.3308751],[-76.61841,39.3308745],[-76.6184113,39.3308954],[-76.6184206,39.331042],[-76.6187632,39.3310292],[-76.6188023,39.3310277],[-76.6188882,39.3310244],[-76.6188788,39.3308756],[-76.6187666,39.3308799],[-76.6187644,39.3308799],[-76.6187684,39.330945],[-76.6187526,39.3309456],[-76.6186852,39.3309481],[-76.6186043,39.3309512],[-76.6185822,39.330952],[-76.6185265,39.3309541],[-76.6185209,39.3308651],[-76.6185382,39.3308644],[-76.6185379,39.3308597],[-76.6185302,39.3307384],[-76.6185374,39.3307382],[-76.6185343,39.3306892],[-76.6185312,39.3306402],[-76.6185241,39.3306404],[-76.6185163,39.3305172],[-76.6185159,39.3305102],[-76.6184982,39.3305109],[-76.6184928,39.3304252],[-76.6185466,39.3304232],[-76.6185697,39.3304223],[-76.6186507,39.3304192],[-76.618717,39.3304168],[-76.6187317,39.3304162],[-76.6187364,39.3304905],[-76.6187405,39.3304903],[-76.6188474,39.3304863],[-76.6188606,39.3304858]]]}},{"type":"Feature","id":180508464,"properties":{"osmId":180508464,"category":"academic","building":"university","building:levels":"2","building:material":"brick","name":"Johns Hopkins Club","roof:colour":"gray","roof:levels":"0","roof:material":"slate","roof:shape":"hipped","wikidata":"Q16958585","wikipedia":"en:Johns Hopkins Club","_wikiTried":true},"geometry":{"type":"Polygon","coordinates":[[[-76.6224703,39.3301474],[-76.6225624,39.3301654],[-76.6225262,39.330276],[-76.6225049,39.3302718],[-76.6224842,39.3303351],[-76.6225054,39.3303393],[-76.6224805,39.3304153],[-76.6223885,39.3303972],[-76.6223923,39.3303854],[-76.6223297,39.3303732],[-76.6223259,39.3303849],[-76.622231,39.3303663],[-76.6222559,39.3302904],[-76.6222647,39.3302921],[-76.6222703,39.3302751],[-76.6222366,39.3302685],[-76.6222344,39.3302752],[-76.6221449,39.3302577],[-76.6221535,39.3302313],[-76.6221446,39.3302296],[-76.6221539,39.330201],[-76.6221216,39.3301947],[-76.6221051,39.3302451],[-76.621989,39.3302223],[-76.6220058,39.330171],[-76.6219804,39.330166],[-76.621979,39.3301704],[-76.6218795,39.330151],[-76.6219151,39.3300424],[-76.6220145,39.3300619],[-76.6220118,39.3300702],[-76.6220396,39.3300757],[-76.6220753,39.3300827],[-76.6220981,39.330013],[-76.6221752,39.3300281],[-76.6221719,39.3300381],[-76.622172,39.3300439],[-76.6221786,39.3300467],[-76.622204,39.3300517],[-76.6222153,39.3300173],[-76.6223144,39.3300367],[-76.6223031,39.3300711],[-76.6223296,39.3300763],[-76.6223372,39.3300757],[-76.6223405,39.3300712],[-76.6223438,39.3300612],[-76.6224195,39.330076],[-76.6224075,39.3301126],[-76.6224147,39.330114],[-76.6224042,39.330146],[-76.6224667,39.3301583],[-76.6224703,39.3301474]]]}},{"type":"Feature","id":180508465,"properties":{"osmId":180508465,"category":"academic","building":"university","building:levels":"3","building:material":"brick","name":"Clark Hall","roof:colour":"gray","roof:levels":"0","roof:material":"slate","roof:shape":"hipped","_wikiTried":true},"geometry":{"type":"Polygon","coordinates":[[[-76.6223814,39.3271234],[-76.6223774,39.3270674],[-76.6223768,39.3270594],[-76.6223599,39.3268226],[-76.6223592,39.326813],[-76.6223574,39.3267875],[-76.6223361,39.3264896],[-76.622231,39.3264941],[-76.6222169,39.3264947],[-76.6221996,39.3264954],[-76.6220904,39.3265001],[-76.62211,39.3267754],[-76.6221127,39.3268135],[-76.6221159,39.3268578],[-76.6221356,39.3271339],[-76.6222369,39.3271296],[-76.6223814,39.3271234]]]}},{"type":"Feature","id":180508468,"properties":{"osmId":180508468,"category":"academic","building":"university","building:levels":"2","building:material":"brick","name":"Merrick Barn","roof:colour":"gray","roof:levels":"1","roof:material":"slate","roof:shape":"gabled","_wikiTried":true},"geometry":{"type":"Polygon","coordinates":[[[-76.6191427,39.3281526],[-76.6189624,39.3280132],[-76.6188782,39.3280784],[-76.6189622,39.3281434],[-76.6190585,39.3282178],[-76.6191427,39.3281526]]]}},{"type":"Feature","id":180508471,"properties":{"osmId":180508471,"category":"residential","building":"dormitory","building:levels":"4","name":"AMR III Building A","official_name":"Alumni Memorial Residence Hall III Building A","roof:levels":"0","_wikiTried":true},"geometry":{"type":"Polygon","coordinates":[[[-76.619986,39.331739],[-76.6199613,39.3313589],[-76.6199558,39.3312727],[-76.619807,39.331278],[-76.6198151,39.3313857],[-76.6198356,39.3316565],[-76.6198423,39.3317454],[-76.6199532,39.3317405],[-76.619986,39.331739]]]}},{"type":"Feature","id":180508472,"properties":{"osmId":180508472,"category":"academic","building":"university","building:levels":"3","building:material":"brick","name":"Dunning Hall","roof:colour":"gray","roof:levels":"1","roof:material":"slate","roof:shape":"hipped","_wikiTried":true},"geometry":{"type":"Polygon","coordinates":[[[-76.620384,39.330295],[-76.6203792,39.3302151],[-76.6203737,39.3301249],[-76.6203566,39.3301256],[-76.6199088,39.3301417],[-76.6199136,39.3302204],[-76.6199142,39.3302305],[-76.6199158,39.3302564],[-76.6199191,39.3303118],[-76.6203779,39.3302952],[-76.620384,39.330295]]]}},{"type":"Feature","id":180508473,"properties":{"osmId":180508473,"category":"academic","building":"university","building:levels":"3","building:material":"brick","name":"Macaulay Hall","roof:colour":"gray","roof:levels":"1","roof:material":"slate","roof:shape":"hipped","_wikiTried":true},"geometry":{"type":"Polygon","coordinates":[[[-76.6211064,39.3301008],[-76.6210912,39.3301014],[-76.6207666,39.3301131],[-76.6207548,39.3301135],[-76.6206422,39.3301176],[-76.6206473,39.3302007],[-76.620652,39.3302788],[-76.6209424,39.3302684],[-76.6209926,39.3302665],[-76.6211161,39.3302621],[-76.6211111,39.3301799],[-76.6211064,39.3301008]]]}},{"type":"Feature","id":180508477,"properties":{"osmId":180508477,"category":"residential","building":"dormitory","building:levels":"3","name":"AMR III Building B","official_name":"Alumni Memorial Residence Hall III Building B","roof:levels":"0","_wikiTried":true},"geometry":{"type":"Polygon","coordinates":[[[-76.6200258,39.3320387],[-76.6200908,39.3319425],[-76.619963,39.3318904],[-76.6196632,39.3317681],[-76.6195854,39.3317364],[-76.6195397,39.3317177],[-76.6194717,39.3318147],[-76.6195046,39.331828],[-76.6199091,39.3319915],[-76.619921,39.3319963],[-76.6200258,39.3320387]]]}},{"type":"Feature","id":180508479,"properties":{"osmId":180508479,"category":"academic","building":"university","building:levels":"2","building:material":"glass","name":"Glass Pavilion","nohousenumber":"yes","roof:levels":"0","roof:shape":"flat","source":"USGS Ortho","_wikiTried":true},"geometry":{"type":"Polygon","coordinates":[[[-76.6219097,39.3285581],[-76.621892,39.3283323],[-76.6215879,39.3283465],[-76.6216053,39.3285721],[-76.6219097,39.3285581]]]}},{"type":"Feature","id":180508489,"properties":{"osmId":180508489,"category":"academic","addr:city":"Baltimore","addr:housenumber":"3400","addr:postcode":"21218","addr:state":"MD","addr:street":"North Charles Street","building":"university","building:levels":"3","building:material":"brick","name":"Biology East","source":"USGS Ortho","_wikiTried":true},"geometry":{"type":"Polygon","coordinates":[[[-76.6203348,39.3311112],[-76.6203295,39.3310439],[-76.6203095,39.3307691],[-76.6202993,39.3306393],[-76.620273,39.330641],[-76.6202567,39.3306421],[-76.6202255,39.3306441],[-76.620043,39.330656],[-76.6200769,39.3310911],[-76.6201488,39.3310909],[-76.6201506,39.3311076],[-76.6201519,39.3311196],[-76.6201621,39.3311192],[-76.6203348,39.3311112]]]}},{"type":"Feature","id":180508490,"properties":{"osmId":180508490,"category":"academic","building":"university","building:levels":"3","building:material":"brick","name":"Levi Hall","roof:levels":"0","roof:shape":"gabled","_wikiTried":true},"geometry":{"type":"Polygon","coordinates":[[[-76.6208145,39.3310924],[-76.6208107,39.3310245],[-76.6207972,39.3307501],[-76.6207859,39.3306192],[-76.6208057,39.3306186],[-76.6208525,39.3306171],[-76.6210439,39.3306113],[-76.6210444,39.3306176],[-76.6210557,39.3307745],[-76.6210758,39.3310528],[-76.6210678,39.3310533],[-76.62099,39.3310579],[-76.6209909,39.3310872],[-76.6209342,39.3310877],[-76.6208145,39.3310924]]]}},{"type":"Feature","id":180508492,"properties":{"osmId":180508492,"category":"academic","building":"university","building:levels":"4","building:material":"brick","name":"Gilman Hall","roof:colour":"gray","roof:levels":"1","roof:material":"slate","roof:shape":"hipped","_wikiTried":true},"geometry":{"type":"Polygon","coordinates":[[[-76.6217772,39.3292498],[-76.6217738,39.3291963],[-76.6218845,39.3291922],[-76.6218756,39.3290523],[-76.6219037,39.3290478],[-76.6219356,39.3290336],[-76.6219604,39.3290125],[-76.6219755,39.3289866],[-76.6219794,39.3289583],[-76.6219719,39.3289304],[-76.6219536,39.3289057],[-76.6219264,39.3288866],[-76.6218928,39.3288749],[-76.6218646,39.3288725],[-76.6218561,39.328737],[-76.6217429,39.3287409],[-76.6217393,39.3286849],[-76.6213425,39.3287],[-76.6213427,39.328703],[-76.6213185,39.328704],[-76.6212946,39.3287049],[-76.6212827,39.3287053],[-76.6212839,39.3287235],[-76.6212845,39.3287338],[-76.6212861,39.3287586],[-76.6212768,39.3287589],[-76.6212863,39.3289091],[-76.6212878,39.3289322],[-76.6212365,39.3289342],[-76.6212057,39.3289353],[-76.621209,39.3289866],[-76.6212122,39.3290376],[-76.6212429,39.3290364],[-76.6212943,39.3290345],[-76.6212958,39.3290584],[-76.6213056,39.3292141],[-76.6213139,39.3292138],[-76.6213151,39.3292334],[-76.6213157,39.3292428],[-76.621317,39.3292627],[-76.62133,39.3292622],[-76.6213542,39.3292613],[-76.6213787,39.3292604],[-76.6213788,39.329265],[-76.6213813,39.3292649],[-76.6214384,39.3292627],[-76.6217772,39.3292498]]]}},{"type":"Feature","id":180508501,"properties":{"osmId":180508501,"category":"academic","building":"university","building:levels":"5","building:material":"brick","name":"Ames Hall","roof:colour":"gray","roof:material":"slate","_wikiTried":true},"geometry":{"type":"Polygon","coordinates":[[[-76.6210715,39.3286522],[-76.6210705,39.328637],[-76.621069,39.3286129],[-76.6210643,39.3285388],[-76.6210602,39.3284745],[-76.6210536,39.3284747],[-76.6210408,39.3282734],[-76.6208817,39.3282795],[-76.6208824,39.3282909],[-76.620886,39.328347],[-76.6208874,39.3283694],[-76.6208882,39.3283821],[-76.6206884,39.3283897],[-76.6206876,39.328377],[-76.6206862,39.3283546],[-76.6206826,39.3282984],[-76.6206819,39.3282869],[-76.6205225,39.328293],[-76.6205233,39.328306],[-76.6205354,39.3284962],[-76.6205285,39.3284965],[-76.6205291,39.3285055],[-76.6205326,39.3285612],[-76.6205368,39.3286271],[-76.6205389,39.3286591],[-76.6205397,39.3286724],[-76.6205544,39.3286719],[-76.6209722,39.328656],[-76.6210715,39.3286522]]]}},{"type":"Feature","id":180508503,"properties":{"osmId":180508503,"category":"academic","building":"university","building:levels":"3","building:material":"brick","name":"Krieger Hall","nohousenumber":"yes","roof:colour":"gray","roof:material":"slate","_wikiTried":true},"geometry":{"type":"Polygon","coordinates":[[[-76.6196504,39.3280466],[-76.6196658,39.3282891],[-76.6196703,39.3283589],[-76.6196731,39.3284034],[-76.6197357,39.328401],[-76.6197441,39.3285325],[-76.6197373,39.3285327],[-76.6197415,39.3285994],[-76.6197429,39.3286213],[-76.6197481,39.3287033],[-76.6199023,39.3286974],[-76.6199278,39.3286964],[-76.6202663,39.3286835],[-76.6202826,39.3286829],[-76.6202817,39.3286689],[-76.6202796,39.3286363],[-76.6202757,39.3285737],[-76.6202719,39.3285136],[-76.6202717,39.3285105],[-76.6202606,39.3285109],[-76.6202562,39.3284425],[-76.6202473,39.3283024],[-76.6200861,39.3283086],[-76.6200869,39.328321],[-76.6198923,39.3283284],[-76.6198894,39.3282823],[-76.6198867,39.3282396],[-76.6198981,39.3282391],[-76.6198909,39.3281258],[-76.6198785,39.3281263],[-76.6198729,39.3280382],[-76.6196504,39.3280466]]]}},{"type":"Feature","id":180508504,"properties":{"osmId":180508504,"category":"academic","building":"university","building:levels":"3","building:material":"brick","name":"Remsen Hall","roof:colour":"gray","roof:levels":"1","roof:material":"slate","roof:shape":"gabled","source":"USGS Ortho","_wikiTried":true},"geometry":{"type":"Polygon","coordinates":[[[-76.6203533,39.3298253],[-76.620332,39.3295257],[-76.6203284,39.3294826],[-76.6203284,39.3294824],[-76.6203264,39.3294522],[-76.6203251,39.3294323],[-76.6203216,39.3293799],[-76.620321,39.3293759],[-76.6197951,39.3293963],[-76.6197995,39.3294525],[-76.6198142,39.3296391],[-76.6198303,39.3298426],[-76.6199164,39.3298389],[-76.6200024,39.3298352],[-76.6199987,39.3297843],[-76.6200372,39.3297824],[-76.620039,39.3298088],[-76.6200456,39.3298247],[-76.6200613,39.3298376],[-76.6200752,39.3298404],[-76.6200863,39.3298426],[-76.620092,39.3298422],[-76.6201038,39.3298412],[-76.6201213,39.3298362],[-76.6201358,39.3298225],[-76.6201382,39.3298065],[-76.6201361,39.3297784],[-76.620175,39.3297767],[-76.6201791,39.3298328],[-76.6202662,39.3298291],[-76.6203533,39.3298253]]]}},{"type":"Feature","id":180508505,"properties":{"osmId":180508505,"category":"academic","building":"university","building:levels":"2","building:material":"brick","name":"Latrobe Hall","nohousenumber":"yes","roof:colour":"gray","roof:levels":"1","roof:material":"slate","roof:shape":"gabled","source":"USGS Ortho","_wikiTried":true},"geometry":{"type":"Polygon","coordinates":[[[-76.6208606,39.3280025],[-76.6208599,39.3279907],[-76.6208553,39.3279123],[-76.6208662,39.3279119],[-76.6208593,39.327793],[-76.6208585,39.3277802],[-76.6210184,39.3277746],[-76.6210112,39.3276517],[-76.6208512,39.3276572],[-76.6208503,39.3276418],[-76.6208435,39.327525],[-76.6208325,39.3275254],[-76.6208276,39.3274422],[-76.6208272,39.3274349],[-76.6207294,39.3274383],[-76.6206316,39.3274418],[-76.6206369,39.3275323],[-76.6206265,39.3275327],[-76.6206378,39.3277261],[-76.6206491,39.3279196],[-76.6206597,39.3279192],[-76.620665,39.3280093],[-76.6207675,39.3280057],[-76.6208606,39.3280025]]]}},{"type":"Feature","id":180508506,"properties":{"osmId":180508506,"category":"athletic","building":"yes","building:levels":"3","leisure":"sports_centre","name":"White Athletic Center","official_name":"Newton H. White Jr. Athletic Center","roof:levels":"0","sport":"multi","_wikiTried":true},"geometry":{"type":"Polygon","coordinates":[[[-76.6207823,39.3324776],[-76.620773,39.3324716],[-76.620727,39.3325138],[-76.620681,39.332556],[-76.6206902,39.3325621],[-76.6205614,39.3326803],[-76.6207322,39.3327871],[-76.6217751,39.3334719],[-76.6218173,39.3334623],[-76.6218598,39.3334527],[-76.6218523,39.3334348],[-76.6218368,39.3334142],[-76.621818,39.3333991],[-76.6217827,39.333375],[-76.6216872,39.3333124],[-76.6216438,39.3332841],[-76.6216188,39.333266],[-76.621606,39.3332498],[-76.6215971,39.3332339],[-76.6215903,39.3332168],[-76.6215817,39.3332049],[-76.6215605,39.3331893],[-76.6215424,39.3331801],[-76.6215176,39.333202],[-76.6214884,39.3331823],[-76.6218106,39.3328934],[-76.621559,39.3327239],[-76.6215136,39.3326932],[-76.6216423,39.3325739],[-76.6214536,39.3324536],[-76.621257,39.3323276],[-76.6212317,39.3323484],[-76.6210516,39.3322328],[-76.6209194,39.3323512],[-76.6207823,39.3324776]]]}},{"type":"Feature","id":180508507,"properties":{"osmId":180508507,"category":"academic","addr:housenumber":"3300","addr:street":"San Martin Drive","building":"university","building:levels":"2","name":"Olin Hall","roof:levels":"0","_wikiTried":true},"geometry":{"type":"Polygon","coordinates":[[[-76.6239776,39.3282474],[-76.6239754,39.3280533],[-76.6239191,39.3280537],[-76.6239181,39.3279651],[-76.6239173,39.3278942],[-76.6234833,39.3278973],[-76.6234843,39.3279839],[-76.6235372,39.3280217],[-76.6235888,39.3280213],[-76.6235889,39.328044],[-76.6235889,39.3280667],[-76.6233896,39.3280681],[-76.6233905,39.3281455],[-76.6233617,39.3281662],[-76.6233619,39.3281834],[-76.6233911,39.3281994],[-76.6233917,39.3282515],[-76.6239776,39.3282474]]]}},{"type":"Feature","id":180563675,"properties":{"osmId":180563675,"category":"other","addr:city":"Baltimore","addr:housenumber":"3125","addr:postcode":"21211","addr:state":"MD","addr:street":"Remington Avenue","building":"industrial","building:levels":"2","operator":"Johns Hopkins University","operator:short":"JHU","operator:wikidata":"Q193727","operator:wikipedia":"en:Johns Hopkins University","source":"USGS Ortho"},"geometry":{"type":"Polygon","coordinates":[[[-76.6242008,39.3249358],[-76.6241913,39.3249238],[-76.6241486,39.3248701],[-76.6240779,39.3247812],[-76.624028,39.3247185],[-76.6239329,39.3245931],[-76.6238652,39.3245039],[-76.6237109,39.3245764],[-76.6238444,39.3247523],[-76.6238667,39.3247816],[-76.6238901,39.3248125],[-76.6239419,39.3248807],[-76.6239263,39.3248878],[-76.6239359,39.3249002],[-76.6239454,39.3249126],[-76.6239605,39.3249052],[-76.6239726,39.3249212],[-76.6239842,39.3249354],[-76.6239689,39.3249429],[-76.6240138,39.324997],[-76.6240239,39.3250093],[-76.6240389,39.3250022],[-76.6240433,39.3250076],[-76.6242008,39.3249358]]]}},{"type":"Feature","id":193901020,"properties":{"osmId":193901020,"category":"academic","alt_name":"News-Letter Office","building":"university","building:colour":"cadetblue","building:levels":"2","building:material":"stone","name":"Gatehouse","roof:levels":"0","roof:shape":"pyramidal","_wikiTried":true},"geometry":{"type":"Polygon","coordinates":[[[-76.6180594,39.326567],[-76.6180571,39.3265359],[-76.6180531,39.3264814],[-76.6179974,39.3264839],[-76.6179418,39.3264863],[-76.6179481,39.3265719],[-76.6180594,39.326567]]]}},{"type":"Feature","id":193901021,"properties":{"osmId":193901021,"category":"other","building":"service","operator":"Johns Hopkins University","service":"elevator"},"geometry":{"type":"Polygon","coordinates":[[[-76.6235857,39.3306624],[-76.6235692,39.3306446],[-76.6235601,39.3306348],[-76.6235449,39.3306184],[-76.6235274,39.3305995],[-76.6234908,39.3306197],[-76.6235492,39.3306827],[-76.6235732,39.3306694],[-76.6235857,39.3306624]]]}},{"type":"Feature","id":271583785,"properties":{"osmId":271583785,"category":"academic","building":"university","building:levels":"4","building:use":"education","name":"Bascom Undergraduate Teaching Labs","roof:levels":"0","roof:shape":"flat","_wikiTried":true},"geometry":{"type":"Polygon","coordinates":[[[-76.620994,39.3313231],[-76.6209201,39.3313105],[-76.6208246,39.3312991],[-76.6207395,39.3312949],[-76.6206435,39.3312922],[-76.6205308,39.3312975],[-76.6204006,39.331311],[-76.6203251,39.3313216],[-76.6202495,39.3313382],[-76.6201874,39.3313518],[-76.6201774,39.331172],[-76.6201629,39.3311681],[-76.6201624,39.3311395],[-76.6201621,39.3311192],[-76.6203348,39.3311112],[-76.6203295,39.3310439],[-76.6205491,39.3310344],[-76.620591,39.3310326],[-76.6208107,39.3310245],[-76.6208145,39.3310924],[-76.6209342,39.3310877],[-76.6209374,39.3311245],[-76.6209819,39.331131],[-76.620989,39.3312433],[-76.620993,39.3313069],[-76.620994,39.3313231]]]}},{"type":"Feature","id":298618895,"properties":{"osmId":298618895,"category":"academic","building":"university","building:levels":"3","building:material":"brick","name":"Malone Hall","nohousenumber":"yes","roof:colour":"gray","roof:levels":"1","roof:material":"slate","roof:shape":"hipped","_wikiTried":true},"geometry":{"type":"Polygon","coordinates":[[[-76.6206895,39.3260138],[-76.6206681,39.3260679],[-76.6206444,39.3261643],[-76.6206382,39.3262161],[-76.6206378,39.3262711],[-76.6206444,39.3263279],[-76.6206558,39.3263752],[-76.6206752,39.3264308],[-76.6206766,39.3264349],[-76.6207855,39.3264304],[-76.620786,39.3264372],[-76.6208291,39.3264354],[-76.62086,39.3264341],[-76.6208923,39.3264328],[-76.6210301,39.3264272],[-76.6210007,39.3259994],[-76.6209995,39.3259799],[-76.6209982,39.3259605],[-76.6209971,39.3259448],[-76.6209648,39.3259461],[-76.620753,39.3259548],[-76.6207568,39.326011],[-76.6206895,39.3260138]]]}},{"type":"Feature","id":316611911,"properties":{"osmId":316611911,"category":"academic","addr:city":"Baltimore","addr:housenumber":"3910","addr:postcode":"21211","addr:state":"MD","addr:street":"Keswick Road","building":"university","building:levels":"5","name":"Johns Hopkins at Keswick - South Building","_wikiTried":true},"geometry":{"type":"Polygon","coordinates":[[[-76.6293678,39.3357773],[-76.6293392,39.3353322],[-76.6293048,39.3348655],[-76.6291869,39.3347825],[-76.6291279,39.3347853],[-76.6289251,39.3347951],[-76.6287073,39.3348056],[-76.6285606,39.3348127],[-76.6285914,39.3352318],[-76.6288877,39.3352234],[-76.6288957,39.3353022],[-76.6288386,39.3353476],[-76.6287476,39.3354252],[-76.6286973,39.3354682],[-76.6287146,39.3358031],[-76.6290944,39.3357881],[-76.6291661,39.3357853],[-76.6293559,39.3357778],[-76.6293678,39.3357773]]]}},{"type":"Feature","id":336328902,"properties":{"osmId":336328902,"category":"academic","addr:city":"Baltimore","addr:country":"US","addr:housenumber":"1400","addr:postcode":"21218","addr:state":"MD","addr:street":"Exeter Hall Avenue","building":"school","name":"The Stadium School","operator":"Baltimore City Public Schools","operator:type":"public","operator:wikidata":"Q4852821","_wikiTried":true},"geometry":{"type":"Polygon","coordinates":[[[-76.601905,39.3222195],[-76.6020101,39.322117],[-76.6020243,39.3221257],[-76.6020709,39.3220803],[-76.6019127,39.3219831],[-76.6020553,39.3218441],[-76.6022197,39.321945],[-76.6023159,39.3218513],[-76.602153,39.3217514],[-76.6022967,39.3216113],[-76.6023709,39.3216569],[-76.6024173,39.3216116],[-76.6023131,39.3215476],[-76.602543,39.3213236],[-76.6025936,39.3213547],[-76.6026059,39.3213427],[-76.6027907,39.3214562],[-76.6027796,39.321467],[-76.6028822,39.3215301],[-76.6028951,39.3215176],[-76.6030968,39.3216414],[-76.6028487,39.3218833],[-76.6026928,39.3217875],[-76.6026481,39.3218311],[-76.6028033,39.3219263],[-76.6026585,39.3220674],[-76.6024607,39.321946],[-76.6023662,39.3220381],[-76.6025617,39.322158],[-76.6024165,39.3222996],[-76.6022788,39.3222151],[-76.602236,39.3222569],[-76.6022655,39.322275],[-76.6021612,39.3223767],[-76.601905,39.3222195]]]}},{"type":"Feature","id":336329249,"properties":{"osmId":336329249,"category":"academic","addr:city":"Baltimore","addr:country":"US","addr:housenumber":"801","addr:postcode":"21218","addr:state":"MD","addr:street":"Argonne Drive","building":"school","ele":"89","name":"Saint Elizabeths School for Special Education","_wikiTried":true},"geometry":{"type":"Polygon","coordinates":[[[-76.6029828,39.3373034],[-76.6028367,39.3371238],[-76.6029025,39.3370915],[-76.6028329,39.3370058],[-76.6029706,39.3369383],[-76.6029338,39.336893],[-76.6029898,39.3368655],[-76.6029025,39.3367582],[-76.6030639,39.3366791],[-76.6032749,39.3369384],[-76.6039552,39.3366046],[-76.6039673,39.3366195],[-76.6039936,39.3366066],[-76.6041142,39.3367548],[-76.603843,39.3368879],[-76.6038212,39.3368611],[-76.6032762,39.3371285],[-76.603319,39.3371811],[-76.6030702,39.3373031],[-76.6030592,39.3372896],[-76.6030454,39.3372727],[-76.6029828,39.3373034]]]}},{"type":"Feature","id":336330513,"properties":{"osmId":336330513,"category":"athletic","addr:city":"Baltimore","addr:country":"US","addr:housenumber":"900","addr:postcode":"21218","addr:state":"MD","addr:street":"East 33rd Street","brand":"YMCA","brand:wikidata":"Q157169","building":"commercial","leisure":"sports_centre","name":"Harry and Jeanette Weinberg Y","opening_hours":"Mo-Fr 05:00-22:00; Sa-Su 07:00-19:00","phone":"+1-410-889-9622","website":"https://ymaryland.org/locations/weinbergy","_wikiTried":true},"geometry":{"type":"Polygon","coordinates":[[[-76.602001,39.3288285],[-76.6019857,39.3288286],[-76.6019828,39.3288202],[-76.6019724,39.3287776],[-76.601969,39.3287342],[-76.6019726,39.3286909],[-76.6019806,39.3286568],[-76.6019856,39.3286417],[-76.6020012,39.3286416],[-76.6020013,39.3286276],[-76.6023522,39.3286278],[-76.6023522,39.3286354],[-76.6024461,39.3286355],[-76.6024461,39.3286282],[-76.6027977,39.3286284],[-76.6027977,39.3286469],[-76.602892,39.3286469],[-76.6028921,39.3286281],[-76.6032433,39.3286283],[-76.6032433,39.3286521],[-76.6032614,39.328652],[-76.6032616,39.3286425],[-76.6033525,39.3286428],[-76.6033723,39.3286446],[-76.6033957,39.3286515],[-76.603412,39.3286605],[-76.6034253,39.3286722],[-76.6034349,39.3286858],[-76.6034393,39.3286969],[-76.6034413,39.3287085],[-76.6034411,39.3289801],[-76.6032033,39.3289804],[-76.6032027,39.3288295],[-76.6028921,39.3288293],[-76.6028921,39.3288113],[-76.6027981,39.3288113],[-76.6027979,39.3289806],[-76.6024466,39.3289804],[-76.6024468,39.3288266],[-76.6023522,39.3288265],[-76.6023522,39.3288422],[-76.602001,39.328842],[-76.602001,39.3288285]]]}},{"type":"Feature","id":336330937,"properties":{"osmId":336330937,"category":"religious","addr:city":"Baltimore","addr:country":"US","addr:housenumber":"3008","addr:postcode":"21218","addr:state":"MD","addr:street":"Independence Street","amenity":"place_of_worship","building":"yes","ele":"54","gnis:feature_id":"1708463","name":"Saint Stephens Church of God","religion":"christian","_wikiTried":true},"geometry":{"type":"Polygon","coordinates":[[[-76.6036163,39.3244336],[-76.6034692,39.3243761],[-76.603488,39.3243471],[-76.6034687,39.3243395],[-76.6034851,39.3243143],[-76.6035046,39.3243219],[-76.6035224,39.3242943],[-76.6036688,39.3243516],[-76.603653,39.324376],[-76.6036647,39.3243805],[-76.6036445,39.3244118],[-76.6036333,39.3244074],[-76.6036163,39.3244336]]]}},{"type":"Feature","id":336332242,"properties":{"osmId":336332242,"category":"medical","addr:city":"Baltimore","addr:country":"US","addr:housenumber":"727","addr:postcode":"21218","addr:state":"MD","addr:street":"East 25th Street","amenity":"clinic","building":"yes","name":"Total Health Care Johnson Medical Center","_wikiTried":true},"geometry":{"type":"Polygon","coordinates":[[[-76.603252,39.3177188],[-76.6033925,39.3178031],[-76.6031427,39.3180491],[-76.6029726,39.3182166],[-76.6029669,39.3182167],[-76.6027549,39.3182058],[-76.6030857,39.3178815],[-76.6030496,39.3178593],[-76.6030852,39.3178243],[-76.6031216,39.3178467],[-76.603252,39.3177188]]]}},{"type":"Feature","id":336334676,"properties":{"osmId":336334676,"category":"academic","addr:city":"Baltimore","addr:country":"US","addr:housenumber":"3400","addr:postcode":"21218","addr:state":"MD","addr:street":"Ellerslie Avenue","amenity":"school","building":"school","building:levels":"3","ele":"68","name":"Waverly Elementary School","roof:levels":"0","_wikiTried":true},"geometry":{"type":"Polygon","coordinates":[[[-76.6060231,39.330348],[-76.6059617,39.3303482],[-76.6059619,39.3304214],[-76.6055901,39.3304221],[-76.60559,39.3303994],[-76.6055682,39.3303995],[-76.6055683,39.3304158],[-76.6053777,39.3304162],[-76.6053777,39.3304228],[-76.60495,39.3304237],[-76.60495,39.3304146],[-76.6046136,39.3304153],[-76.6046132,39.330321],[-76.6044196,39.3303213],[-76.6044189,39.3301194],[-76.6045251,39.3301192],[-76.6045703,39.3301191],[-76.6045702,39.3300877],[-76.6045527,39.3300877],[-76.6045525,39.3300237],[-76.6049376,39.330023],[-76.6049376,39.3300034],[-76.6056242,39.330002],[-76.6056242,39.3300216],[-76.6056622,39.3300215],[-76.6056621,39.3299962],[-76.605849,39.3299958],[-76.6058491,39.3300255],[-76.606022,39.3300252],[-76.6060231,39.330348]]]}},{"type":"Feature","id":336337710,"properties":{"osmId":336337710,"category":"academic","addr:city":"Baltimore","addr:country":"US","addr:housenumber":"829","addr:postcode":"21218","addr:state":"MD","addr:street":"Montpelier Street","building":"school","building:levels":"2","roof:levels":"0"},"geometry":{"type":"Polygon","coordinates":[[[-76.6054753,39.3251474],[-76.605379,39.3251089],[-76.6053755,39.3251135],[-76.6053702,39.325116],[-76.6053653,39.325118],[-76.6053594,39.3251181],[-76.6053533,39.3251167],[-76.6053479,39.3251143],[-76.6053442,39.3251106],[-76.6053434,39.325107],[-76.6053427,39.3251015],[-76.6053456,39.325097],[-76.6052621,39.3250636],[-76.6053107,39.32499],[-76.6054221,39.3250345],[-76.6054343,39.3250142],[-76.605482,39.3250339],[-76.6054699,39.3250536],[-76.6055233,39.3250749],[-76.6054753,39.3251474]]]}},{"type":"Feature","id":336338154,"properties":{"osmId":336338154,"category":"academic","addr:city":"Baltimore","addr:country":"US","addr:housenumber":"713","addr:postcode":"21218","addr:state":"MD","addr:street":"East 34th Street","building":"school","building:levels":"1","roof:levels":"0"},"geometry":{"type":"Polygon","coordinates":[[[-76.6055416,39.3292984],[-76.6057681,39.3292985],[-76.6057678,39.329669],[-76.6055412,39.3296689],[-76.6055416,39.3292984]]]}},{"type":"Feature","id":336340362,"properties":{"osmId":336340362,"category":"academic","addr:city":"Baltimore","addr:country":"US","addr:housenumber":"707","addr:postcode":"21218","addr:state":"MD","addr:street":"East 34th Street","building":"school","building:levels":"2","roof:levels":"0"},"geometry":{"type":"Polygon","coordinates":[[[-76.6059068,39.3293806],[-76.605907,39.3293469],[-76.605894,39.3293468],[-76.6058944,39.3292584],[-76.6061377,39.3292591],[-76.6061356,39.3297064],[-76.6058932,39.3297057],[-76.6058948,39.3293805],[-76.6059068,39.3293806]]]}},{"type":"Feature","id":336342053,"properties":{"osmId":336342053,"category":"religious","addr:city":"Baltimore","addr:country":"US","addr:housenumber":"644","addr:postcode":"21218","addr:state":"MD","addr:street":"East 33rd Street","amenity":"place_of_worship","building":"church","denomination":"methodist","ele":"65","gnis:feature_id":"1708476","name":"New Waverly United Methodist Church","phone":"+1 410 243 2481","religion":"christian","website":"http://newwaverlyumc.com","_wikiTried":true},"geometry":{"type":"Polygon","coordinates":[[[-76.6066333,39.3288814],[-76.6065784,39.3288813],[-76.6065783,39.3289302],[-76.6064366,39.3289301],[-76.6064367,39.3289061],[-76.606437,39.328719],[-76.6064472,39.328719],[-76.6064473,39.3286241],[-76.6065787,39.3286242],[-76.6065786,39.3287032],[-76.606621,39.3287032],[-76.606621,39.3287165],[-76.606633,39.3287165],[-76.6066483,39.328729],[-76.6066479,39.3287478],[-76.6066358,39.3287564],[-76.6068632,39.3287567],[-76.6068631,39.3287887],[-76.6068876,39.3287887],[-76.6068875,39.3288504],[-76.6068621,39.3288504],[-76.6068621,39.3288816],[-76.6066333,39.3288814]]]}},{"type":"Feature","id":336344477,"properties":{"osmId":336344477,"category":"religious","addr:city":"Baltimore","addr:country":"US","addr:housenumber":"4009","addr:postcode":"21218","addr:state":"MD","addr:street":"Old York Road","amenity":"place_of_worship","building":"yes","name":"Unity Fellowship Church","religion":"christian","_wikiTried":true},"geometry":{"type":"Polygon","coordinates":[[[-76.6075148,39.3383134],[-76.6075194,39.3384214],[-76.6073594,39.3384256],[-76.6073547,39.3383175],[-76.6073725,39.3383171],[-76.6075148,39.3383134]]]}},{"type":"Feature","id":336345679,"properties":{"osmId":336345679,"category":"religious","addr:city":"Baltimore","addr:country":"US","addr:housenumber":"3916","addr:postcode":"21218","addr:state":"MD","addr:street":"Old York Road","amenity":"place_of_worship","building":"yes","denomination":"baptist","gnis:feature_id":"2503623","name":"Saint James Free Baptist Church","religion":"christian","_wikiTried":true},"geometry":{"type":"Polygon","coordinates":[[[-76.6077216,39.3379299],[-76.6077206,39.3379125],[-76.6076717,39.3379138],[-76.6076719,39.3378905],[-76.6077167,39.3378884],[-76.6077165,39.337885],[-76.6077235,39.3378847],[-76.6077233,39.3378809],[-76.6077655,39.33788],[-76.6077626,39.3378017],[-76.6079933,39.3377964],[-76.6079964,39.3378759],[-76.6080121,39.3378756],[-76.6080139,39.3379232],[-76.6077252,39.3379299],[-76.6077216,39.3379299]]]}},{"type":"Feature","id":336345785,"properties":{"osmId":336345785,"category":"religious","amenity":"place_of_worship","building":"yes","ele":"94","fixme":"Update when aerial comes out","gnis:feature_id":"1708412","name":"Refuge of the Cross Church","religion":"christian","_wikiTried":true},"geometry":{"type":"Polygon","coordinates":[[[-76.6075579,39.3415588],[-76.6076025,39.341557],[-76.6076039,39.3415874],[-76.6076239,39.3415868],[-76.6076219,39.3415565],[-76.6075929,39.3415391],[-76.6075938,39.341491],[-76.6075869,39.3414769],[-76.6076036,39.3414431],[-76.6075902,39.3414391],[-76.607622,39.3413751],[-76.6076359,39.3413793],[-76.6076557,39.3413394],[-76.6076706,39.3413095],[-76.6077073,39.3413205],[-76.607725,39.3412848],[-76.6077802,39.3413014],[-76.607763,39.3413361],[-76.6077751,39.3413398],[-76.6077982,39.3413467],[-76.6077623,39.341419],[-76.6077772,39.3414235],[-76.6077334,39.3415118],[-76.6077699,39.3415107],[-76.6077709,39.341534],[-76.6077753,39.3416465],[-76.607628,39.3416522],[-76.6076277,39.3416472],[-76.6076117,39.3416476],[-76.6075904,39.3416487],[-76.6075947,39.3416892],[-76.6075459,39.3416926],[-76.6075438,39.3416733],[-76.6075526,39.3416728],[-76.607551,39.3416505],[-76.6075574,39.3416503],[-76.6075579,39.3415588]]]}},{"type":"Feature","id":336346408,"properties":{"osmId":336346408,"category":"religious","addr:city":"Baltimore","addr:country":"US","addr:housenumber":"3538","addr:postcode":"21218","addr:state":"MD","addr:street":"Old York Road","amenity":"place_of_worship","building":"yes","ele":"79","gnis:feature_id":"2503241","name":"Deliverance Church of God","religion":"christian","_wikiTried":true},"geometry":{"type":"Polygon","coordinates":[[[-76.6080022,39.3320375],[-76.6080027,39.3320232],[-76.6081903,39.3320278],[-76.6081901,39.3320323],[-76.6081886,39.3321023],[-76.6081884,39.3321074],[-76.6079995,39.3321027],[-76.6080022,39.3320375]]]}},{"type":"Feature","id":336346766,"properties":{"osmId":336346766,"category":"religious","addr:city":"Baltimore","addr:country":"US","addr:housenumber":"3401","addr:postcode":"21218","addr:state":"MD","addr:street":"Old York Road","amenity":"place_of_worship","building":"church","check_date":"2022-08-20","denomination":"presbyterian","ele":"72","gnis:feature_id":"1708474","name":"United in Christ Seventh-Day Adventist Church","phone":"+1 410-886-6126","religion":"christian","_wikiTried":true},"geometry":{"type":"Polygon","coordinates":[[[-76.6079829,39.3300376],[-76.607984,39.3300377],[-76.6080038,39.3298823],[-76.6081021,39.3298899],[-76.608105,39.3298671],[-76.608188,39.3298735],[-76.6081813,39.3299259],[-76.608153,39.3299237],[-76.6081398,39.3300277],[-76.608171,39.33003],[-76.6081463,39.3302415],[-76.6079455,39.3302565],[-76.6079829,39.3300376]]]}},{"type":"Feature","id":336346818,"properties":{"osmId":336346818,"category":"religious","addr:city":"Baltimore","addr:country":"US","addr:housenumber":"2401","addr:postcode":"21218","addr:state":"MD","addr:street":"Loch Raven Road","amenity":"place_of_worship","building":"yes","denomination":"baptist","ele":"49","gnis:feature_id":"2503402","name":"Jerusalem Baptist Church","religion":"christian","_wikiTried":true},"geometry":{"type":"Polygon","coordinates":[[[-76.6081021,39.3168862],[-76.6079808,39.3168047],[-76.6080124,39.3167764],[-76.608006,39.3167721],[-76.608104,39.3166841],[-76.6081427,39.3167101],[-76.6082015,39.3166573],[-76.6082908,39.3167172],[-76.6082326,39.3167696],[-76.6082709,39.3167953],[-76.6082301,39.3168319],[-76.6081722,39.316884],[-76.608168,39.3168811],[-76.6081366,39.3169094],[-76.6081021,39.3168862]]]}},{"type":"Feature","id":336347054,"properties":{"osmId":336347054,"category":"religious","addr:city":"Baltimore","addr:country":"US","addr:housenumber":"3426","addr:postcode":"21218","addr:state":"MD","addr:street":"Old York Road","amenity":"place_of_worship","building":"yes","ele":"73","gnis:feature_id":"1708429","name":"Church of God","religion":"christian","_wikiTried":true},"geometry":{"type":"Polygon","coordinates":[[[-76.6082538,39.3306501],[-76.6084593,39.3306708],[-76.6084536,39.3307098],[-76.6082477,39.3306915],[-76.6082538,39.3306501]]]}},{"type":"Feature","id":336347568,"properties":{"osmId":336347568,"category":"religious","building":"garage"},"geometry":{"type":"Polygon","coordinates":[[[-76.608486,39.3257124],[-76.6084861,39.3257121],[-76.6085615,39.3257213],[-76.6085494,39.3257811],[-76.6084739,39.3257718],[-76.608486,39.3257124]]]}},{"type":"Feature","id":336348034,"properties":{"osmId":336348034,"category":"religious","addr:city":"Baltimore","addr:country":"US","addr:housenumber":"3009 H","addr:postcode":"21218","addr:state":"MD","addr:street":"Greenmount Avenue","amenity":"place_of_worship","building":"yes","check_date":"2023-02-28","denomination":"episcopal","ele":"67","gnis:feature_id":"1708460","name":"Saint John's Episcopal Church","religion":"christian","wikidata":"Q7588668","_wikiTried":true},"geometry":{"type":"Polygon","coordinates":[[[-76.6086513,39.3254645],[-76.6086513,39.3254624],[-76.6086046,39.3254623],[-76.6086047,39.3254146],[-76.6085971,39.3254146],[-76.6085972,39.325401],[-76.6085478,39.3254009],[-76.608548,39.3253361],[-76.6085973,39.3253362],[-76.6085975,39.3252889],[-76.6086508,39.325289],[-76.6086509,39.3252729],[-76.6087598,39.3252731],[-76.6087596,39.3253294],[-76.6088864,39.3253297],[-76.6088865,39.3252931],[-76.6089441,39.3252932],[-76.608944,39.3253257],[-76.6089981,39.3253258],[-76.6089977,39.3254504],[-76.6088335,39.3254501],[-76.6088335,39.3254426],[-76.6087621,39.3254425],[-76.608762,39.3254731],[-76.6086513,39.3254729],[-76.6086513,39.3254645]]]}},{"type":"Feature","id":336348230,"properties":{"osmId":336348230,"category":"religious","addr:city":"Baltimore","addr:country":"US","addr:housenumber":"3009","addr:postcode":"21218","addr:state":"MD","addr:street":"Greenmount Avenue","building":"church"},"geometry":{"type":"Polygon","coordinates":[[[-76.6089217,39.3249009],[-76.6089214,39.3248863],[-76.6086338,39.3248901],[-76.6086337,39.3248849],[-76.6085699,39.3248857],[-76.6085677,39.3247853],[-76.6086315,39.3247845],[-76.6086312,39.3247699],[-76.6089189,39.3247662],[-76.6089185,39.324748],[-76.6089837,39.3247472],[-76.6089841,39.3247654],[-76.6089949,39.3247653],[-76.6089965,39.3248418],[-76.6090264,39.3248414],[-76.6090273,39.3248835],[-76.6089843,39.3248841],[-76.6089847,39.3249057],[-76.6089218,39.3249065],[-76.6089217,39.3249009]]]}},{"type":"Feature","id":336348237,"properties":{"osmId":336348237,"category":"religious","building":"church"},"geometry":{"type":"Polygon","coordinates":[[[-76.6083509,39.3324173],[-76.6086387,39.3324233],[-76.60864,39.3325111],[-76.6083304,39.3325056],[-76.6083509,39.3324173]]]}},{"type":"Feature","id":336348256,"properties":{"osmId":336348256,"category":"religious","addr:city":"Baltimore","addr:country":"US","addr:housenumber":"505","addr:postcode":"21218","addr:state":"MD","addr:street":"East 42nd Street","amenity":"place_of_worship","building":"yes","name":"Faith Christian Fellowship","religion":"christian","_wikiTried":true},"geometry":{"type":"Polygon","coordinates":[[[-76.6086512,39.3400856],[-76.6086512,39.3400706],[-76.6085317,39.3400706],[-76.6085316,39.3398209],[-76.608851,39.3398208],[-76.6088511,39.3400473],[-76.6087197,39.3400473],[-76.6087197,39.3400887],[-76.6086512,39.3400887],[-76.6086512,39.3400856]]]}},{"type":"Feature","id":336348475,"properties":{"osmId":336348475,"category":"residential","addr:city":"Baltimore","addr:country":"US","addr:housenumber":"3001","addr:postcode":"21218","addr:state":"MD","addr:street":"Old York Road","building":"detached","building:levels":"2","roof:levels":"1"},"geometry":{"type":"Polygon","coordinates":[[[-76.6087554,39.325638],[-76.6087397,39.3256377],[-76.6087393,39.3256514],[-76.6087177,39.3256509],[-76.608718,39.3256437],[-76.6086631,39.3256425],[-76.608664,39.3256176],[-76.6086815,39.325618],[-76.6086828,39.3255814],[-76.6087282,39.3255824],[-76.6087292,39.3255552],[-76.608765,39.325556],[-76.6087663,39.3255183],[-76.6088666,39.3255204],[-76.6088656,39.3255508],[-76.6088838,39.3255512],[-76.6088833,39.3255655],[-76.6088882,39.3255655],[-76.6088981,39.3255736],[-76.6088981,39.3255922],[-76.6088876,39.3256005],[-76.6088821,39.3256005],[-76.6088818,39.3256103],[-76.608849,39.3256096],[-76.6088465,39.3256792],[-76.608754,39.3256772],[-76.6087554,39.325638]]]}},{"type":"Feature","id":336348795,"properties":{"osmId":336348795,"category":"religious","addr:city":"Baltimore","addr:country":"US","addr:housenumber":"3627","addr:postcode":"21218","addr:state":"MD","addr:street":"Greenmount Avenue","building":"church"},"geometry":{"type":"Polygon","coordinates":[[[-76.6088891,39.333082],[-76.6088889,39.3330715],[-76.6088702,39.3330717],[-76.6088698,39.3330508],[-76.609196,39.333047],[-76.6091967,39.3330782],[-76.6092139,39.333078],[-76.6092147,39.3331157],[-76.6091962,39.3331159],[-76.6091969,39.333149],[-76.6088905,39.3331525],[-76.6088891,39.333082]]]}},{"type":"Feature","id":336349403,"properties":{"osmId":336349403,"category":"academic","addr:city":"Baltimore","addr:country":"US","addr:housenumber":"3915","addr:postcode":"21218","addr:state":"MD","addr:street":"Greenmount Avenue","building":"kindergarten"},"geometry":{"type":"Polygon","coordinates":[[[-76.6093231,39.3373518],[-76.6093294,39.3373517],[-76.609331,39.3374256],[-76.6091479,39.337428],[-76.6091462,39.3373541],[-76.6093231,39.3373518]]]}},{"type":"Feature","id":336349698,"properties":{"osmId":336349698,"category":"religious","addr:city":"Baltimore","addr:country":"US","addr:housenumber":"2415","addr:postcode":"21218","addr:state":"MD","addr:street":"Greenmount Avenue","amenity":"place_of_worship","building":"yes","ele":"51","gnis:feature_id":"2357791","name":"Burning Light Church","religion":"christian","_wikiTried":true},"geometry":{"type":"Polygon","coordinates":[[[-76.6092061,39.3171955],[-76.6092061,39.3172007],[-76.6093422,39.3171996],[-76.6093431,39.3172697],[-76.6092004,39.3172708],[-76.6091999,39.3172373],[-76.6089706,39.317239],[-76.6089705,39.3172301],[-76.6089542,39.3172302],[-76.6089538,39.3171965],[-76.6089735,39.3171963],[-76.6089734,39.317191],[-76.6092061,39.3171955]]]}},{"type":"Feature","id":336350041,"properties":{"osmId":336350041,"category":"religious","addr:housenumber":"500","addr:street":"East 39th Street","amenity":"place_of_worship","building":"church","check_date":"2022-07-17","ele":"80","gnis:feature_id":"1708469","name":"Winston Avenue Baptist Church","religion":"christian","_wikiTried":true},"geometry":{"type":"Polygon","coordinates":[[[-76.6091296,39.3367259],[-76.6091279,39.3366522],[-76.6091505,39.3366519],[-76.6091514,39.3366911],[-76.6093613,39.3366882],[-76.6093633,39.3367736],[-76.6091308,39.3367768],[-76.6091296,39.3367259]]]}},{"type":"Feature","id":336350143,"properties":{"osmId":336350143,"category":"religious","addr:city":"Baltimore","addr:country":"US","addr:housenumber":"4231","addr:postcode":"21212","addr:state":"MD","addr:street":"York Road","amenity":"place_of_worship","building":"yes","check_date":"2025-11-07","name":"Faith & Love Christian Ministries","religion":"christian","_wikiTried":true},"geometry":{"type":"Polygon","coordinates":[[[-76.6094422,39.3409212],[-76.609445,39.3409213],[-76.609445,39.3409818],[-76.6093285,39.3409817],[-76.6093285,39.3409865],[-76.609169,39.3409863],[-76.6091691,39.3409222],[-76.6093341,39.3409223],[-76.6094422,39.3409212]]]}},{"type":"Feature","id":336350563,"properties":{"osmId":336350563,"category":"religious","addr:city":"Baltimore","addr:country":"US","addr:housenumber":"2552","addr:postcode":"21218","addr:state":"MD","addr:street":"Greenmount Avenue","amenity":"place_of_worship","building":"yes","check_date":"2022-07-28","name":"Haven of Rest, Sanctuary of Praise","religion":"christian","_wikiTried":true},"geometry":{"type":"Polygon","coordinates":[[[-76.6102661,39.3196333],[-76.6102781,39.3196328],[-76.6102736,39.3197636],[-76.6095838,39.3197489],[-76.6095859,39.3196588],[-76.6102661,39.3196333]]]}},{"type":"Feature","id":336351511,"properties":{"osmId":336351511,"category":"religious","addr:city":"Baltimore","addr:country":"US","addr:housenumber":"2406","addr:postcode":"21218","addr:state":"MD","addr:street":"Greenmount Avenue","amenity":"place_of_worship","building":"church","denomination":"baptist","ele":"49","gnis:feature_id":"2503706","name":"The New Good Samaritan Baptist Church","religion":"christian","_wikiTried":true},"geometry":{"type":"Polygon","coordinates":[[[-76.609588,39.3165785],[-76.6095911,39.3164438],[-76.6099249,39.3164484],[-76.6099218,39.3165818],[-76.609588,39.3165785]]]}},{"type":"Feature","id":336351937,"properties":{"osmId":336351937,"category":"religious","addr:city":"Baltimore","addr:country":"US","addr:housenumber":"2450","addr:postcode":"21218","addr:state":"MD","addr:street":"Greenmount Avenue","amenity":"place_of_worship","building":"yes","ele":"51","gnis:feature_id":"2503599","name":"Regeneration Christian Life Fellowship Church","religion":"christian","_wikiTried":true},"geometry":{"type":"Polygon","coordinates":[[[-76.6096929,39.3172689],[-76.6098464,39.3172695],[-76.6098461,39.3173128],[-76.6097348,39.3173124],[-76.6097347,39.3173232],[-76.6095805,39.3173257],[-76.6095809,39.3172707],[-76.6096929,39.3172689]]]}},{"type":"Feature","id":336354244,"properties":{"osmId":336354244,"category":"medical","addr:city":"Baltimore","addr:country":"US","addr:housenumber":"428","addr:postcode":"21218","addr:state":"MD","addr:street":"East 25th Street","amenity":"clinic","building":"yes","healthcare":"clinic","name":"Concerted Care Group","_wikiTried":true},"geometry":{"type":"Polygon","coordinates":[[[-76.6102837,39.3184465],[-76.6102874,39.3185848],[-76.61011,39.3185877],[-76.6101074,39.3184903],[-76.6101008,39.3182444],[-76.6102782,39.3182415],[-76.6102837,39.3184465]]]}},{"type":"Feature","id":336354468,"properties":{"osmId":336354468,"category":"religious","addr:city":"Baltimore","addr:country":"US","addr:housenumber":"400","addr:postcode":"21218","addr:state":"MD","addr:street":"East 31st Street","amenity":"place_of_worship","building":"church","check_date":"2023-03-23","denomination":"baptist","ele":"61","name":"Saint Moses Church","religion":"christian","website":"https://saintmos.org/","wheelchair":"yes","_wikiTried":true},"geometry":{"type":"Polygon","coordinates":[[[-76.6107778,39.3264358],[-76.6107762,39.3264035],[-76.6107662,39.3264038],[-76.6107667,39.3264138],[-76.6106871,39.3264162],[-76.6106785,39.3262464],[-76.6107289,39.3262448],[-76.6107239,39.3261469],[-76.6108755,39.3261423],[-76.6108803,39.3262384],[-76.6109327,39.3262368],[-76.6109382,39.3263462],[-76.6108827,39.3263479],[-76.6108869,39.3264325],[-76.6107778,39.3264358]]]}},{"type":"Feature","id":336354500,"properties":{"osmId":336354500,"category":"religious","addr:city":"Baltimore","addr:country":"US","addr:housenumber":"3123","addr:postcode":"21218","addr:state":"MD","addr:street":"Barclay Street","building":"church"},"geometry":{"type":"Polygon","coordinates":[[[-76.6106993,39.3269644],[-76.6108927,39.3269611],[-76.6108928,39.3269635],[-76.6109257,39.3269629],[-76.6109272,39.3270148],[-76.6109278,39.3270335],[-76.6108923,39.3270341],[-76.6108926,39.3270426],[-76.6107017,39.3270459],[-76.6106993,39.3269644]]]}},{"type":"Feature","id":336354501,"properties":{"osmId":336354501,"category":"residential","building":"semidetached_house","building:levels":"2","roof:levels":"0","roof:shape":"gabled"},"geometry":{"type":"Polygon","coordinates":[[[-76.6106993,39.3269644],[-76.6107017,39.3270459],[-76.6107018,39.3270505],[-76.6106298,39.3270517],[-76.6105789,39.3270526],[-76.6105768,39.3269777],[-76.6106409,39.3269766],[-76.6106406,39.3269654],[-76.6106993,39.3269644]]]}},{"type":"Feature","id":336354682,"properties":{"osmId":336354682,"category":"library","access":"yes","addr:city":"Baltimore","addr:country":"US","addr:housenumber":"400","addr:postcode":"21218","addr:state":"MD","addr:street":"East 33rd Street","air_conditioning":"yes","amenity":"library","building":"library","check_date":"2022-07-30","ele":"65","email":"wvr@prattlibrary.org","internet_access":"wlan","internet_access:fee":"no","lgbtq":"welcome","name":"Enoch Pratt Free Library Waverly Branch","opening_hours":"Mo,Th 10:00-20:00; Tu,We 10:00-17:30; Fr,Sa 10:00-17:00; Su, PH off","operator":"Enoch Pratt Free Library","operator:type":"public","operator:wikidata":"Q69478541","phone":"+1 410-396-6053","ref:isil":"US-mdbe","source:lgbtq":"https://www.prattlibrary.org/about-us/diversity-equity-inclusion/the-pratt-stands-with-our-community/lgbtq-pride","website":"https://www.prattlibrary.org/locations/waverly/","wheelchair":"yes","_wikiTried":true},"geometry":{"type":"Polygon","coordinates":[[[-76.6107608,39.3287839],[-76.6107611,39.3288314],[-76.6108696,39.328831],[-76.6108783,39.3288309],[-76.6108854,39.3288309],[-76.6108892,39.3288309],[-76.6108891,39.3288159],[-76.6108884,39.3287093],[-76.6108883,39.3286922],[-76.6109237,39.3286921],[-76.6109229,39.3285544],[-76.6106271,39.3285555],[-76.6106193,39.3285404],[-76.6106032,39.3285301],[-76.6105826,39.3285271],[-76.6105642,39.3285315],[-76.6105503,39.3285418],[-76.6105437,39.3285558],[-76.6105439,39.3285809],[-76.610325,39.3285817],[-76.6103263,39.3287855],[-76.6107608,39.3287839]]]}},{"type":"Feature","id":336359851,"properties":{"osmId":336359851,"category":"academic","addr:city":"Baltimore","addr:country":"US","addr:housenumber":"2900","addr:postcode":"21218","addr:state":"MD","addr:street":"Barclay Street","building":"school","building:levels":"3","name":"Barclay Elementary/Middle School","operator":"Baltimore City Public Schools","operator:type":"public","operator:wikidata":"Q4852821","roof:levels":"0","_wikiTried":true},"geometry":{"type":"Polygon","coordinates":[[[-76.6114427,39.3242755],[-76.6114423,39.3242691],[-76.6113491,39.3242724],[-76.6113412,39.3241374],[-76.6113218,39.3238036],[-76.6113181,39.3237405],[-76.6113054,39.3237409],[-76.6113035,39.3237082],[-76.6113016,39.3236754],[-76.611312,39.3236751],[-76.6113062,39.3235753],[-76.6115391,39.3235671],[-76.6115385,39.3235502],[-76.6115601,39.3235497],[-76.6115816,39.3235492],[-76.6115824,39.3235656],[-76.61177,39.323559],[-76.611769,39.3235425],[-76.6117975,39.3235413],[-76.611826,39.3235401],[-76.6118265,39.3235514],[-76.6121737,39.3235392],[-76.6121782,39.3236176],[-76.6121848,39.3236242],[-76.612187,39.3236512],[-76.6120362,39.3236559],[-76.6120372,39.3237564],[-76.6119714,39.3237587],[-76.6119704,39.3237417],[-76.6117957,39.3237478],[-76.6117927,39.3236955],[-76.6117001,39.3236988],[-76.6117021,39.3237332],[-76.611556,39.3237383],[-76.611587,39.3242704],[-76.6114427,39.3242755]]]}},{"type":"Feature","id":336365013,"properties":{"osmId":336365013,"category":"religious","amenity":"place_of_worship","building":"church","check_date":"2022-07-28","denomination":"baptist","ele":"48","name":"Antioch The Apostolic Church","religion":"christian","service_times":"Su 10:00,18:00; Th 19:00","_wikiTried":true},"geometry":{"type":"Polygon","coordinates":[[[-76.6137643,39.3183314],[-76.6137681,39.318389],[-76.6137758,39.3183887],[-76.613784,39.3185144],[-76.6136069,39.3185214],[-76.6135958,39.318352],[-76.6136016,39.3183518],[-76.6135863,39.3181183],[-76.6137572,39.3181115],[-76.6137586,39.3181318],[-76.6137643,39.3183314]]]}},{"type":"Feature","id":336368471,"properties":{"osmId":336368471,"category":"library","addr:city":"Baltimore","addr:country":"US","addr:housenumber":"2521","addr:postcode":"21218","addr:state":"MD","addr:street":"Saint Paul Street","alt_name":"Saint Paul Street Branch Enoch Pratt Free Library","amenity":"library","building":"yes","check_date":"2022-10-10","internet_access":"yes","internet_access:fee":"no","name":"Village Learning Place","opening_hours":"Mo 10:00-19:00; Tu,Th 10:00-18:00; We 12:00-19:00; Fr,Su,PH off; Sa 10:00-14:00","website":"https://www.villagelearningplace.org/","wheelchair":"no","_wikiTried":true},"geometry":{"type":"Polygon","coordinates":[[[-76.6149816,39.3186279],[-76.6150505,39.3186253],[-76.6150464,39.3185598],[-76.6152957,39.3185504],[-76.6152992,39.3186075],[-76.6152876,39.3186079],[-76.6152883,39.3186187],[-76.6152994,39.3186183],[-76.6153017,39.3186556],[-76.6152982,39.3186557],[-76.6152797,39.3186564],[-76.6152805,39.3186697],[-76.6150561,39.3186781],[-76.6150552,39.3186628],[-76.6149839,39.3186655],[-76.6149816,39.3186279]]]}},{"type":"Feature","id":336368476,"properties":{"osmId":336368476,"category":"medical","addr:city":"Baltimore","addr:country":"US","addr:housenumber":"3300","addr:postcode":"21218","addr:state":"MD","addr:street":"North Calvert Street","building":"hospital","building:levels":"2","roof:levels":"0","roof:shape":"flat"},"geometry":{"type":"Polygon","coordinates":[[[-76.6150186,39.3285621],[-76.6150199,39.3285608],[-76.6150276,39.3285543],[-76.6150364,39.3285486],[-76.615046,39.328544],[-76.6150532,39.3285415],[-76.6150524,39.3285145],[-76.6150753,39.3285138],[-76.6150745,39.3284973],[-76.6150687,39.3283807],[-76.6151092,39.3283795],[-76.615109,39.3283753],[-76.6151819,39.3283729],[-76.6152012,39.3283669],[-76.6152251,39.3283637],[-76.6152486,39.328364],[-76.6152743,39.328367],[-76.6153552,39.3283646],[-76.6153554,39.3283691],[-76.6153964,39.3283679],[-76.615403,39.3285016],[-76.6154273,39.3285008],[-76.6154286,39.3285276],[-76.6154235,39.3285278],[-76.6153668,39.3285302],[-76.6153671,39.3285081],[-76.6151199,39.3285161],[-76.6151197,39.32856],[-76.6150198,39.3285626],[-76.6150186,39.3285621]]]}},{"type":"Feature","id":336368546,"properties":{"osmId":336368546,"category":"medical","building":"hospital","building:levels":"1","roof:levels":"0","roof:shape":"flat"},"geometry":{"type":"Polygon","coordinates":[[[-76.6150856,39.3294482],[-76.6150799,39.3293467],[-76.6150785,39.3293216],[-76.6153693,39.3293118],[-76.6153764,39.3294384],[-76.6150856,39.3294482]]]}},{"type":"Feature","id":336368562,"properties":{"osmId":336368562,"category":"academic","addr:city":"Baltimore","addr:country":"US","addr:housenumber":"2601","addr:postcode":"21218","addr:state":"MD","addr:street":"Saint Paul Street","building":"school","building:levels":"2","roof:levels":"0"},"geometry":{"type":"Polygon","coordinates":[[[-76.6150458,39.3200394],[-76.6150244,39.3200384],[-76.6150183,39.3200373],[-76.6150042,39.320033],[-76.6149958,39.3200281],[-76.6149892,39.3200225],[-76.6149832,39.3200155],[-76.6149779,39.3200075],[-76.6149734,39.3199915],[-76.6149416,39.3194927],[-76.6151462,39.3194848],[-76.6152034,39.3194355],[-76.615266,39.3194788],[-76.6153736,39.3194746],[-76.6153907,39.3197426],[-76.6153704,39.3197425],[-76.6153802,39.3198818],[-76.6153989,39.319881],[-76.615412,39.3200681],[-76.6152827,39.3200736],[-76.6152796,39.32003],[-76.6150458,39.3200394]]]}},{"type":"Feature","id":336368876,"properties":{"osmId":336368876,"category":"medical","addr:city":"Baltimore","addr:country":"US","addr:housenumber":"105","addr:postcode":"21218","addr:state":"MD","addr:street":"East 25th Street","amenity":"clinic","building":"yes","healthcare":"clinic","name":"Empowering Minds Resource Center","phone":"+1 410 467 5550","website":"https://www.emrcgroup.org/","_wikiTried":true},"geometry":{"type":"Polygon","coordinates":[[[-76.6150308,39.3176628],[-76.6150374,39.3177813],[-76.6149657,39.3177834],[-76.6149589,39.3176591],[-76.6149782,39.3176585],[-76.6149736,39.3175722],[-76.6150225,39.3175707],[-76.6150274,39.3176628],[-76.6150308,39.3176628]]]}},{"type":"Feature","id":336368893,"properties":{"osmId":336368893,"category":"religious","addr:city":"Baltimore","addr:country":"US","addr:housenumber":"2401","addr:postcode":"21218","addr:state":"MD","addr:street":"Saint Paul Street","amenity":"place_of_worship","building":"yes","check_date":"2022-10-10","denomination":"baptist","name":"New Antioch Baptist Church","old_name":"Catherine Hooper Hall, Goucher College","religion":"christian","_wikiTried":true},"geometry":{"type":"Polygon","coordinates":[[[-76.6147647,39.3168081],[-76.6147646,39.3168064],[-76.6147526,39.3168068],[-76.6147337,39.3165139],[-76.6149033,39.3165074],[-76.6149026,39.316496],[-76.6149588,39.3164939],[-76.6149609,39.3165253],[-76.6151832,39.3165168],[-76.615185,39.3165443],[-76.6151913,39.3165441],[-76.6152007,39.3166911],[-76.615195,39.3166913],[-76.6151967,39.316718],[-76.6149701,39.3167268],[-76.6149766,39.3168269],[-76.6149772,39.3168371],[-76.6147671,39.3168452],[-76.6147647,39.3168081]]]}},{"type":"Feature","id":336369430,"properties":{"osmId":336369430,"category":"residential","addr:city":"Baltimore","addr:country":"US","addr:housenumber":"3015","addr:postcode":"21218","addr:state":"MD","addr:street":"Saint Paul Street","building":"house","building:levels":"3","building:material":"brick","operator":"University Haven Management Company","roof:levels":"0","roof:material":"tar_paper","roof:shape":"flat"},"geometry":{"type":"Polygon","coordinates":[[[-76.6156553,39.324956],[-76.6156557,39.324963],[-76.6156586,39.3250066],[-76.6154989,39.3250129],[-76.615498,39.3249997],[-76.6154771,39.3250005],[-76.6154774,39.3250048],[-76.6154156,39.3250073],[-76.6154129,39.3249667],[-76.6156553,39.324956]]]}},{"type":"Feature","id":336370300,"properties":{"osmId":336370300,"category":"residential","addr:city":"Baltimore","addr:country":"US","addr:housenumber":"3301","addr:postcode":"21218","addr:state":"MD","addr:street":"Saint Paul Street","building":"dormitory","building:levels":"9","name":"Bradford Apartments","_wikiTried":true},"geometry":{"type":"Polygon","coordinates":[[[-76.6154977,39.3285142],[-76.615487,39.328354],[-76.6154985,39.3283536],[-76.6155882,39.32835],[-76.6155916,39.3283997],[-76.6157096,39.3283949],[-76.6157062,39.3283441],[-76.6158062,39.32834],[-76.6158065,39.3283448],[-76.6158209,39.3285593],[-76.6157199,39.3285633],[-76.6157165,39.3285123],[-76.6155986,39.328517],[-76.6156019,39.3285664],[-76.6155014,39.3285704],[-76.6154977,39.3285142]]]}},{"type":"Feature","id":336371132,"properties":{"osmId":336371132,"category":"religious","addr:city":"Baltimore","addr:country":"US","addr:housenumber":"2640","addr:postcode":"21218","addr:state":"MD","addr:street":"Saint Paul Street","amenity":"place_of_worship","building":"church","check_date":"2022-10-10","denomination":"methodist","ele":"54","lgbtq":"welcome","name":"Saint Johns of Baltimore City United Methodist Church","religion":"christian","service_times":"Su 11:00","source:lgbtq":"https://stjohnsbaltimore.org/home/about/mission-statement/","website":"https://stjohnsbaltimore.org/","_wikiTried":true},"geometry":{"type":"Polygon","coordinates":[[[-76.6159635,39.3205582],[-76.6157139,39.3205678],[-76.6157027,39.3203915],[-76.6157048,39.3203866],[-76.6157101,39.3203799],[-76.6157156,39.3203754],[-76.6157323,39.3203714],[-76.6157377,39.3203712],[-76.6157438,39.3203722],[-76.6157489,39.320375],[-76.6157554,39.32038],[-76.6157574,39.3203846],[-76.6157571,39.3203908],[-76.6159714,39.3203826],[-76.615968,39.3203287],[-76.6161694,39.320321],[-76.6161749,39.3204087],[-76.6161846,39.320417],[-76.6161919,39.3204266],[-76.6161959,39.3204354],[-76.616198,39.3204465],[-76.6161975,39.3204558],[-76.6161949,39.3204649],[-76.6161892,39.3204751],[-76.6161816,39.3204835],[-76.6161833,39.3205095],[-76.6162228,39.3205086],[-76.6162265,39.3205694],[-76.6159648,39.320579],[-76.6159635,39.3205582]]]}},{"type":"Feature","id":336371811,"properties":{"osmId":336371811,"category":"academic","addr:city":"Baltimore","addr:country":"US","addr:housenumber":"3404","addr:postcode":"21218","addr:state":"MD","addr:street":"Saint Paul Street","building":"university","building:levels":"5","name":"Hopkins Inn","roof:levels":"0","roof:shape":"flat","_wikiTried":true},"geometry":{"type":"Polygon","coordinates":[[[-76.6165348,39.32981],[-76.6163568,39.329814],[-76.6163474,39.3295663],[-76.6166457,39.3295595],[-76.616655,39.3298047],[-76.6166015,39.3298059],[-76.6166035,39.3298609],[-76.6165368,39.3298624],[-76.6165348,39.32981]]]}},{"type":"Feature","id":336371893,"properties":{"osmId":336371893,"category":"residential","addr:city":"Baltimore","addr:country":"US","addr:housenumber":"3506","addr:postcode":"21218","addr:state":"MD","addr:street":"Greenway","building":"dormitory","building:levels":"3","name":"Rogers House","roof:levels":"1","_wikiTried":true},"geometry":{"type":"Polygon","coordinates":[[[-76.6165613,39.331125],[-76.6166348,39.3311228],[-76.6166334,39.3310952],[-76.6166915,39.3310934],[-76.6166927,39.3311183],[-76.6168168,39.3311144],[-76.6168181,39.3311383],[-76.6168379,39.3311377],[-76.6168397,39.3311721],[-76.616821,39.3311726],[-76.6168223,39.3311978],[-76.6165655,39.3312058],[-76.6165613,39.331125]]]}},{"type":"Feature","id":336371956,"properties":{"osmId":336371956,"category":"religious","addr:city":"Baltimore","addr:country":"US","addr:housenumber":"2801","addr:postcode":"21218","addr:state":"MD","addr:street":"North Charles Street","building":"chapel"},"geometry":{"type":"Polygon","coordinates":[[[-76.6168005,39.3221106],[-76.6168063,39.3222101],[-76.6168123,39.3223128],[-76.6166072,39.32232],[-76.616606,39.3223],[-76.6166035,39.322256],[-76.6166414,39.3222547],[-76.6166366,39.3221732],[-76.6166351,39.3221469],[-76.6166335,39.3221202],[-76.6166333,39.3221165],[-76.6168005,39.3221106]]]}},{"type":"Feature","id":336372051,"properties":{"osmId":336372051,"category":"religious","building":"yes"},"geometry":{"type":"Polygon","coordinates":[[[-76.6165287,39.3333608],[-76.6165374,39.3333428],[-76.6166232,39.3333678],[-76.6165894,39.333438],[-76.6165035,39.333413],[-76.6165287,39.3333608]]]}},{"type":"Feature","id":336372306,"properties":{"osmId":336372306,"category":"residential","building":"detached"},"geometry":{"type":"Polygon","coordinates":[[[-76.6165798,39.3333339],[-76.6165825,39.3333285],[-76.6165922,39.3333315],[-76.6166057,39.3333054],[-76.6165895,39.3332997],[-76.6165909,39.3332977],[-76.6165547,39.3332864],[-76.6166242,39.3331509],[-76.6167339,39.3331809],[-76.6167209,39.3332083],[-76.6167372,39.3332133],[-76.616754,39.3332035],[-76.6167813,39.3332109],[-76.6167823,39.3332263],[-76.616814,39.3332361],[-76.616791,39.3332819],[-76.6168074,39.333287],[-76.6167951,39.3333109],[-76.616779,39.333306],[-76.6167563,39.3333511],[-76.6167001,39.333334],[-76.6166826,39.333368],[-76.6165787,39.3333359],[-76.6165798,39.3333339]]]}},{"type":"Feature","id":336372998,"properties":{"osmId":336372998,"category":"religious","addr:city":"Baltimore","addr:country":"US","addr:housenumber":"2","addr:postcode":"21218","addr:state":"MD","addr:street":"East University Parkway","amenity":"place_of_worship","building":"church","check_date":"2022-07-24","denomination":"episcopal","ele":"77","lgbtq":"welcome","name":"Cathedral of the Incarnation","religion":"christian","website":"https://incarnationbmore.org/","wikidata":"Q16847071","_wikiTried":true},"geometry":{"type":"Polygon","coordinates":[[[-76.6168269,39.3326875],[-76.6169563,39.3326814],[-76.6169496,39.3325961],[-76.6169434,39.3325172],[-76.6167979,39.3325219],[-76.6167944,39.3324722],[-76.6167284,39.3324747],[-76.6167322,39.3325239],[-76.6166233,39.3325291],[-76.6166127,39.3323934],[-76.6165811,39.3323948],[-76.616561,39.3321393],[-76.6166093,39.332137],[-76.6166079,39.3321194],[-76.6166601,39.3321169],[-76.6167124,39.3321144],[-76.6167138,39.3321325],[-76.6167457,39.332131],[-76.6167461,39.3321355],[-76.616787,39.3321335],[-76.6167889,39.3321581],[-76.6167899,39.3321712],[-76.6167336,39.3321739],[-76.6167468,39.332342],[-76.6168183,39.3323386],[-76.6168211,39.3323932],[-76.6169356,39.3323888],[-76.6169343,39.3323663],[-76.6170781,39.3323595],[-76.6170796,39.3323788],[-76.6171084,39.3323774],[-76.6171147,39.3324572],[-76.6171169,39.3324849],[-76.6170852,39.3324864],[-76.6170904,39.3325533],[-76.6171216,39.3325518],[-76.6171251,39.3325967],[-76.6171312,39.3326753],[-76.6171566,39.3326743],[-76.6171572,39.3326873],[-76.61719,39.3326857],[-76.6172209,39.3326842],[-76.6172262,39.3327519],[-76.6171605,39.332755],[-76.6171613,39.3327656],[-76.6167931,39.332783],[-76.6167917,39.3327619],[-76.6167737,39.3327488],[-76.616773,39.332721],[-76.6167859,39.332707],[-76.6167845,39.3326895],[-76.6168269,39.3326875]]]}},{"type":"Feature","id":336373486,"properties":{"osmId":336373486,"category":"religious","addr:city":"Baltimore","addr:country":"US","addr:housenumber":"2901","addr:postcode":"21218","addr:state":"MD","addr:street":"North Charles Street","amenity":"place_of_worship","building":"yes","building:levels":"2","check_date":"2022-10-10","name":"Unity Center of Christianity","opening_hours:signed":"no","religion":"christian","roof:levels":"1","service_times":"Su 11:00","website":"https://unityinbaltimore.org/","wheelchair":"no","_wikiTried":true},"geometry":{"type":"Polygon","coordinates":[[[-76.616862,39.3234129],[-76.6168615,39.3234042],[-76.6168189,39.3234057],[-76.6168172,39.3233633],[-76.6168163,39.3233392],[-76.6168154,39.3233251],[-76.6168148,39.3233146],[-76.6168555,39.3233132],[-76.6168544,39.323294],[-76.6169511,39.3232906],[-76.6170478,39.3232872],[-76.6170507,39.3233467],[-76.6170536,39.3234061],[-76.6169749,39.3234085],[-76.6169745,39.3234049],[-76.6169545,39.3234056],[-76.6169547,39.3234097],[-76.616862,39.3234129]]]}},{"type":"Feature","id":336374481,"properties":{"osmId":336374481,"category":"residential","addr:city":"Baltimore","addr:country":"US","addr:housenumber":"3401","addr:postcode":"21218","addr:state":"MD","addr:street":"North Charles Street","building":"dormitory","building:levels":"6","name":"McCoy Hall","_wikiTried":true},"geometry":{"type":"Polygon","coordinates":[[[-76.6163287,39.3294332],[-76.6163195,39.3292828],[-76.6164617,39.3292775],[-76.6164693,39.3294012],[-76.6165774,39.3293972],[-76.6165699,39.3292751],[-76.6167133,39.3292698],[-76.6167204,39.329385],[-76.6168276,39.329381],[-76.6168204,39.3292648],[-76.6169614,39.3292595],[-76.6169689,39.3293815],[-76.6170747,39.3293776],[-76.617069,39.3292545],[-76.6172095,39.3292491],[-76.6172158,39.3293522],[-76.6172471,39.3293517],[-76.6172497,39.3293775],[-76.6172525,39.3294059],[-76.6172192,39.3294073],[-76.6172239,39.3294825],[-76.6163338,39.3295155],[-76.6163287,39.3294332]]]}},{"type":"Feature","id":336374615,"properties":{"osmId":336374615,"category":"academic","addr:city":"Baltimore","addr:country":"US","addr:housenumber":"3101","addr:postcode":"21218","addr:state":"MD","addr:street":"North Charles Street","building":"university","building:levels":"1","building:material":"brick","roof:levels":"1","roof:material":"slate","roof:shape":"gabled"},"geometry":{"type":"Polygon","coordinates":[[[-76.6168373,39.3258901],[-76.6169753,39.3258848],[-76.6169948,39.325884],[-76.616996,39.3259018],[-76.6170904,39.3258981],[-76.6170934,39.3259443],[-76.6170958,39.3259821],[-76.6168439,39.3259918],[-76.6168391,39.3259179],[-76.6168373,39.3258901]]]}},{"type":"Feature","id":336374667,"properties":{"osmId":336374667,"category":"academic","addr:city":"Baltimore","addr:housenumber":"3003","addr:postcode":"21218","addr:state":"MD","addr:street":"North Charles Street","building":"university","building:colour":"wheat","building:levels":"6","building:material":"brick","roof:levels":"0"},"geometry":{"type":"Polygon","coordinates":[[[-76.6171332,39.3246366],[-76.6171336,39.3246426],[-76.6171388,39.3247214],[-76.6170258,39.3247258],[-76.6170202,39.324726],[-76.6170126,39.3247263],[-76.6169977,39.3247269],[-76.6168826,39.3247314],[-76.6168835,39.324745],[-76.6168836,39.3247469],[-76.616884,39.3247537],[-76.6168845,39.3247608],[-76.6168846,39.3247629],[-76.616888,39.3248145],[-76.6168808,39.3248148],[-76.6168856,39.3248893],[-76.6170293,39.3248838],[-76.6170393,39.3248834],[-76.6170386,39.3248715],[-76.6170375,39.3248543],[-76.617132,39.3248506],[-76.617143,39.3248502],[-76.6171542,39.3250217],[-76.6170511,39.3250256],[-76.6170493,39.3249984],[-76.6168928,39.3250045],[-76.6168953,39.3250429],[-76.6169153,39.3250421],[-76.6169172,39.3250719],[-76.616918,39.3250836],[-76.6169189,39.3250966],[-76.6169258,39.3252028],[-76.6169964,39.3252001],[-76.6170365,39.3251985],[-76.617053,39.3251979],[-76.6170518,39.3251801],[-76.6171708,39.3251755],[-76.617173,39.3252282],[-76.6171751,39.3252488],[-76.6171768,39.3252661],[-76.6171777,39.3252803],[-76.6171785,39.3252916],[-76.6171794,39.3253055],[-76.6171801,39.3253159],[-76.6171805,39.3253226],[-76.6171811,39.3253314],[-76.6171826,39.3253547],[-76.6170807,39.3253586],[-76.6170638,39.3253593],[-76.6170626,39.3253416],[-76.6169996,39.3253441],[-76.6169786,39.3253449],[-76.6169819,39.3253948],[-76.6169827,39.3254073],[-76.6169954,39.3254068],[-76.6169973,39.3254363],[-76.6169992,39.3254657],[-76.6169887,39.3254661],[-76.6169895,39.3254788],[-76.6169928,39.3255297],[-76.6170132,39.3255289],[-76.6170743,39.3255265],[-76.6170731,39.325508],[-76.6170917,39.3255073],[-76.6171917,39.3255034],[-76.6171932,39.3255254],[-76.6171946,39.3255481],[-76.6172001,39.3256317],[-76.6172037,39.3256868],[-76.6171444,39.3256891],[-76.617085,39.3256914],[-76.6170838,39.3256738],[-76.6170491,39.3256752],[-76.6169919,39.3256774],[-76.6169079,39.3256807],[-76.616909,39.3256978],[-76.616898,39.3256982],[-76.6168991,39.3257142],[-76.6169,39.3257286],[-76.6168818,39.3257293],[-76.6168636,39.32573],[-76.6168627,39.3257156],[-76.6168616,39.3256997],[-76.6168494,39.3257001],[-76.6168491,39.325696],[-76.6168482,39.3256831],[-76.616754,39.3256868],[-76.6167499,39.3256241],[-76.6167707,39.3256233],[-76.6167673,39.3255734],[-76.6167575,39.3254226],[-76.616773,39.325422],[-76.6167654,39.325306],[-76.6167634,39.3252756],[-76.6167442,39.3252764],[-76.6167403,39.3252158],[-76.6167263,39.3252163],[-76.6167257,39.3252068],[-76.616725,39.3251972],[-76.6167397,39.3251966],[-76.6167356,39.3251302],[-76.6167605,39.3251294],[-76.6167564,39.3250679],[-76.6167298,39.325069],[-76.6167032,39.32507],[-76.6166989,39.3250045],[-76.6166988,39.3250023],[-76.6167473,39.3250004],[-76.6167435,39.3249434],[-76.6167375,39.3248503],[-76.6167239,39.3248509],[-76.6167228,39.3248345],[-76.6167399,39.3248339],[-76.6167368,39.3247863],[-76.6166872,39.3247882],[-76.616682,39.3247084],[-76.6166714,39.3247088],[-76.61667,39.3246873],[-76.6167981,39.3246823],[-76.6167991,39.3246965],[-76.6168145,39.3246959],[-76.6168126,39.3246664],[-76.616812,39.3246575],[-76.6168712,39.3246552],[-76.6168707,39.3246468],[-76.6171332,39.3246366]]]}},{"type":"Feature","id":336374686,"properties":{"osmId":336374686,"category":"academic","addr:city":"Baltimore","addr:country":"US","addr:housenumber":"2715","addr:postcode":"21218","addr:state":"MD","addr:street":"North Charles Street","building":"university","building:levels":"3","name":"Johns Hopkins University Press","roof:levels":"0","_wikiTried":true},"geometry":{"type":"Polygon","coordinates":[[[-76.6165632,39.3209906],[-76.6166319,39.3209891],[-76.6166331,39.3210334],[-76.6166624,39.3210331],[-76.6166623,39.3210425],[-76.6166723,39.3210424],[-76.616672,39.3210118],[-76.6169852,39.3209994],[-76.6169855,39.321003],[-76.6169975,39.3210054],[-76.6170068,39.3210101],[-76.6170135,39.3210167],[-76.6170161,39.3210215],[-76.6170175,39.3210266],[-76.6170221,39.3210267],[-76.6170252,39.3211065],[-76.6170185,39.3211066],[-76.617016,39.3211141],[-76.6170112,39.3211213],[-76.6170026,39.3211279],[-76.6169935,39.3211314],[-76.6169937,39.3211355],[-76.6166789,39.3211483],[-76.6166779,39.3211327],[-76.6166373,39.3211343],[-76.6166401,39.321176],[-76.6165758,39.3211787],[-76.6165632,39.3209906]]]}},{"type":"Feature","id":336374925,"properties":{"osmId":336374925,"category":"academic","addr:city":"Baltimore","addr:country":"US","addr:housenumber":"3103","addr:postcode":"21218","addr:state":"MD","addr:street":"North Charles Street","building":"university","building:levels":"2","building:material":"brick","roof:levels":"1","roof:material":"slate","roof:shape":"quadruple_saltbox"},"geometry":{"type":"Polygon","coordinates":[[[-76.6170676,39.3261136],[-76.6170671,39.3261075],[-76.6170329,39.3261091],[-76.6170265,39.3260245],[-76.6170948,39.3260214],[-76.6170959,39.3260362],[-76.6171102,39.3260355],[-76.6171083,39.32601],[-76.6172192,39.326005],[-76.6172202,39.3260179],[-76.6172211,39.3260298],[-76.6172279,39.3260295],[-76.6172317,39.3260799],[-76.6172337,39.3261061],[-76.6170676,39.3261136]]]}},{"type":"Feature","id":336374955,"properties":{"osmId":336374955,"category":"religious","addr:city":"Baltimore","addr:housenumber":"2801","addr:postcode":"21218","addr:state":"MD","addr:street":"North Charles Street","amenity":"place_of_worship","building":"church","check_date":"2024-09-02","denomination":"roman_catholic","diocese":"Baltimore","ele":"61","name":"Saints Philip and James Catholic Church","phone":"+1-410-235-2294","religion":"christian","service_times":"Sa 16:00; Su 08:00,10:30,17:00; Mo-Fr 12:00; We 19:30","website":"https://www.philipandjames.org/","_wikiTried":true},"geometry":{"type":"Polygon","coordinates":[[[-76.616545,39.3227945],[-76.6165247,39.3224799],[-76.6166222,39.322476],[-76.6166575,39.3224746],[-76.6166571,39.3224687],[-76.6168267,39.3224619],[-76.6168271,39.3224678],[-76.6168421,39.3224672],[-76.616845,39.3225111],[-76.6168473,39.3225452],[-76.616919,39.3225424],[-76.6170603,39.3225367],[-76.6170611,39.3225487],[-76.6170887,39.3225476],[-76.6170944,39.3225474],[-76.6170991,39.3226163],[-76.6171037,39.3226852],[-76.617096,39.3226855],[-76.617081,39.3226862],[-76.617069,39.3226866],[-76.6170699,39.322697],[-76.6169308,39.3227027],[-76.6168582,39.3227056],[-76.6168597,39.3227279],[-76.6168633,39.3227818],[-76.616545,39.3227945]]]}},{"type":"Feature","id":336374979,"properties":{"osmId":336374979,"category":"academic","addr:city":"Baltimore","addr:country":"US","addr:housenumber":"3105","addr:postcode":"21218","addr:state":"MD","addr:street":"North Charles Street","building":"university","building:levels":"2","building:material":"brick","roof:levels":"1","roof:material":"slate","roof:shape":"quadruple_saltbox"},"geometry":{"type":"Polygon","coordinates":[[[-76.617072,39.3262314],[-76.6170718,39.3262279],[-76.6170349,39.3262291],[-76.6170305,39.32615],[-76.6170721,39.3261486],[-76.6170724,39.326154],[-76.6171132,39.3261526],[-76.6171117,39.3261263],[-76.6172252,39.3261225],[-76.6172268,39.3261508],[-76.6172325,39.3261506],[-76.6172367,39.3262259],[-76.617072,39.3262314]]]}},{"type":"Feature","id":336375008,"properties":{"osmId":336375008,"category":"residential","addr:city":"Baltimore","addr:country":"US","addr:housenumber":"3333","addr:postcode":"21218","addr:state":"MD","addr:street":"North Charles Street","building":"dormitory","building:levels":"10","building:material":"brick","name":"The Charles","roof:levels":"0","_wikiTried":true},"geometry":{"type":"Polygon","coordinates":[[[-76.6169267,39.3286107],[-76.6169229,39.3285549],[-76.6170625,39.3285491],[-76.6170601,39.3285135],[-76.6171238,39.3285109],[-76.617124,39.3285138],[-76.6171615,39.3285122],[-76.6171633,39.3285392],[-76.6171234,39.3285409],[-76.6171238,39.3285476],[-76.6173817,39.328537],[-76.6173861,39.3286024],[-76.617415,39.3286013],[-76.6174189,39.3286597],[-76.6173916,39.3286609],[-76.6173962,39.3287283],[-76.616936,39.3287472],[-76.6169267,39.3286107]]]}},{"type":"Feature","id":336375238,"properties":{"osmId":336375238,"category":"academic","addr:city":"Baltimore","addr:country":"US","addr:housenumber":"3211","addr:postcode":"21218","addr:state":"MD","addr:street":"North Charles Street","building":"university","building:levels":"3","building:material":"brick","name":"Abel Wolman House","roof:levels":"0","roof:shape":"flat","_wikiTried":true},"geometry":{"type":"Polygon","coordinates":[[[-76.6171506,39.3276744],[-76.6171488,39.3276456],[-76.6172023,39.3276436],[-76.6172048,39.3276724],[-76.617277,39.3276697],[-76.6172806,39.3277274],[-76.6170848,39.3277347],[-76.6170813,39.3276771],[-76.6171506,39.3276744]]]}},{"type":"Feature","id":336375253,"properties":{"osmId":336375253,"category":"religious","building":"shed"},"geometry":{"type":"Polygon","coordinates":[[[-76.6171703,39.3331297],[-76.6171815,39.3330889],[-76.6172178,39.3330949],[-76.6172067,39.3331357],[-76.6171703,39.3331297]]]}},{"type":"Feature","id":336375527,"properties":{"osmId":336375527,"category":"religious","addr:city":"Baltimore","addr:country":"US","addr:housenumber":"3107","addr:postcode":"21218","addr:state":"MD","addr:street":"North Charles Street","amenity":"place_of_worship","building":"church","building:material":"brick","denomination":"quaker","ele":"54","lgbtq":"welcome","name":"Homewood Friends Meeting House","religion":"christian","roof:material":"copper","roof:shape":"hipped","service_times":"Su 10:30","source:lgbtq":"https://homewoodfriends.org/welcome/","website":"https://homewoodfriends.org/","_wikiTried":true},"geometry":{"type":"Polygon","coordinates":[[[-76.6169755,39.326444],[-76.6169753,39.32644],[-76.6169368,39.3264413],[-76.6169365,39.3264363],[-76.6168009,39.3264408],[-76.616791,39.3262615],[-76.6169299,39.3262569],[-76.6169289,39.326239],[-76.6169668,39.3262377],[-76.61697,39.326296],[-76.6171988,39.3262884],[-76.6171991,39.3262935],[-76.6172357,39.3262923],[-76.6172367,39.3263107],[-76.6172411,39.3263105],[-76.6172476,39.3264282],[-76.6172079,39.3264295],[-76.6172083,39.3264363],[-76.6169755,39.326444]]]}},{"type":"Feature","id":336375640,"properties":{"osmId":336375640,"category":"religious","addr:city":"Baltimore","addr:country":"US","addr:housenumber":"3501","addr:postcode":"21218","addr:state":"MD","addr:street":"North Charles Street","amenity":"place_of_worship","building":"yes","check_date":"2023-01-09","denomination":"baptist","ele":"71","gnis:feature_id":"1708594","name":"University Baptist Church","religion":"christian","_wikiTried":true},"geometry":{"type":"Polygon","coordinates":[[[-76.6172607,39.3305232],[-76.6173238,39.3305208],[-76.6173118,39.3303309],[-76.6172611,39.3303328],[-76.6172687,39.3304519],[-76.6171044,39.3304582],[-76.6171024,39.3304261],[-76.6170573,39.3304278],[-76.6170496,39.3303074],[-76.6170952,39.3303057],[-76.617093,39.3302699],[-76.6171793,39.3302667],[-76.6171778,39.3302436],[-76.6171694,39.330244],[-76.6171603,39.3301003],[-76.6172102,39.3300984],[-76.6172085,39.3300715],[-76.6172416,39.3300702],[-76.6172361,39.329984],[-76.6173234,39.3299806],[-76.6174208,39.3299769],[-76.6174264,39.3300656],[-76.6174619,39.3300642],[-76.6174634,39.3300885],[-76.6175132,39.3300866],[-76.6175221,39.3302279],[-76.6174714,39.3302298],[-76.6174732,39.330258],[-76.6174377,39.3302594],[-76.6174402,39.3302979],[-76.6174169,39.3302988],[-76.617425,39.3304265],[-76.6175334,39.3304223],[-76.6175456,39.3306151],[-76.6174263,39.3306197],[-76.6174257,39.3306113],[-76.617385,39.3306129],[-76.6173865,39.3306355],[-76.6172681,39.33064],[-76.6172607,39.3305232]]]}},{"type":"Feature","id":336375643,"properties":{"osmId":336375643,"category":"religious","addr:city":"Baltimore","addr:country":"US","addr:housenumber":"3509","addr:postcode":"21218","addr:state":"MD","addr:street":"North Charles Street","amenity":"place_of_worship","building":"church","denomination":"methodist","ele":"75","gnis:feature_id":"1708597","name":"A W Wilson Memorial United Methodist Church","religion":"christian","_wikiTried":true},"geometry":{"type":"Polygon","coordinates":[[[-76.6172831,39.331762],[-76.6176057,39.3317485],[-76.6176084,39.3317789],[-76.6176231,39.331778],[-76.6176305,39.3318972],[-76.617617,39.3318973],[-76.6176177,39.3319288],[-76.6172918,39.3319412],[-76.6172902,39.3319078],[-76.6172831,39.331762]]]}},{"type":"Feature","id":336375709,"properties":{"osmId":336375709,"category":"academic","addr:city":"Baltimore","addr:country":"US","addr:housenumber":"3505","addr:postcode":"21218","addr:state":"MD","addr:street":"North Charles Street","building":"university","building:levels":"2","roof:levels":"1"},"geometry":{"type":"Polygon","coordinates":[[[-76.6174632,39.3312693],[-76.6174627,39.3312615],[-76.6174361,39.3312627],[-76.6174346,39.3312426],[-76.6173226,39.3312475],[-76.6173168,39.3311691],[-76.6174299,39.3311641],[-76.6174294,39.3311576],[-76.6173664,39.3311605],[-76.617363,39.3311145],[-76.6175386,39.3311067],[-76.6175411,39.3311397],[-76.6175763,39.3311381],[-76.6175848,39.3312539],[-76.6175479,39.3312555],[-76.6175494,39.3312764],[-76.6175503,39.3312897],[-76.6174646,39.3312917],[-76.6174638,39.3312788],[-76.6174632,39.3312693]]]}},{"type":"Feature","id":336375710,"properties":{"osmId":336375710,"category":"academic","addr:city":"Baltimore","addr:country":"US","addr:housenumber":"3211","addr:postcode":"21218","addr:state":"MD","addr:street":"North Charles Street","building":"university","building:colour":"white","building:levels":"2","building:material":"plaster","name":"Steinwald House","roof:colour":"darkseagreen","roof:levels":"0","roof:material":"roof_tiles","roof:shape":"quadruple_saltbox","_wikiTried":true},"geometry":{"type":"Polygon","coordinates":[[[-76.6170376,39.327629],[-76.6170328,39.327551],[-76.6171254,39.3275476],[-76.6171275,39.3275818],[-76.6171952,39.3275793],[-76.6171907,39.3275059],[-76.6173197,39.327501],[-76.6173276,39.3276272],[-76.6172006,39.3276319],[-76.6172004,39.3276277],[-76.6170379,39.3276338],[-76.6170376,39.327629]]]}},{"type":"Feature","id":336375719,"properties":{"osmId":336375719,"category":"residential","addr:city":"Baltimore","addr:country":"US","addr:housenumber":"3339","addr:postcode":"21218","addr:state":"MD","addr:street":"North Charles Street","building":"dormitory","building:levels":"6","building:material":"brick","name":"Wolman Hall","_wikiTried":true},"geometry":{"type":"Polygon","coordinates":[[[-76.6163525,39.3288567],[-76.6165006,39.3288512],[-76.6165046,39.328915],[-76.6165798,39.3289122],[-76.6165747,39.3288305],[-76.6167297,39.3288248],[-76.6167349,39.3289082],[-76.6168081,39.3289055],[-76.616803,39.328823],[-76.6169468,39.3288177],[-76.6169518,39.3288987],[-76.6170367,39.3288956],[-76.6170324,39.3288264],[-76.6171791,39.328821],[-76.6171797,39.3288312],[-76.6172388,39.328829],[-76.6172606,39.328845],[-76.6172628,39.3288885],[-76.6172833,39.3288879],[-76.6173034,39.3288986],[-76.6173136,39.3289147],[-76.6173197,39.3289351],[-76.617318,39.3289544],[-76.6173104,39.3289712],[-76.6173116,39.3289814],[-76.6172893,39.3289947],[-76.6172763,39.3289954],[-76.61728,39.3290343],[-76.6172617,39.3290521],[-76.6171973,39.3290545],[-76.6171983,39.3290703],[-76.6170458,39.3290759],[-76.6170414,39.329005],[-76.6169633,39.3290079],[-76.6169669,39.3290659],[-76.6168167,39.3290715],[-76.6168131,39.3290139],[-76.616739,39.3290167],[-76.6167427,39.329075],[-76.6165948,39.3290805],[-76.6165912,39.3290225],[-76.6165117,39.3290255],[-76.6165161,39.3290959],[-76.6163677,39.3291014],[-76.6163601,39.3289791],[-76.6163525,39.3288567]]]}},{"type":"Feature","id":336375796,"properties":{"osmId":336375796,"category":"religious","building":"church"},"geometry":{"type":"Polygon","coordinates":[[[-76.6172525,39.3355779],[-76.617251,39.3355615],[-76.6172099,39.3355636],[-76.617195,39.3353313],[-76.6173447,39.3353255],[-76.6173449,39.3353283],[-76.6174052,39.3353259],[-76.6174052,39.3353207],[-76.6174761,39.3353196],[-76.6174795,39.3353719],[-76.6177045,39.3353632],[-76.6177022,39.3353275],[-76.6176492,39.3353295],[-76.6176419,39.3352157],[-76.617829,39.3352085],[-76.6178313,39.3352473],[-76.6178419,39.3352468],[-76.6178486,39.3353568],[-76.6178673,39.335356],[-76.6178754,39.3354826],[-76.6178562,39.3354833],[-76.6178588,39.3355271],[-76.6177882,39.3355299],[-76.6177854,39.3354859],[-76.6174234,39.3354999],[-76.6174319,39.3355801],[-76.6172535,39.3355895],[-76.6172525,39.3355779]]]}},{"type":"Feature","id":336375853,"properties":{"osmId":336375853,"category":"residential","addr:city":"Baltimore","addr:country":"US","addr:housenumber":"3503","addr:postcode":"21218","addr:state":"MD","addr:street":"North Charles Street","building":"apartments","building:levels":"3","roof:levels":"0"},"geometry":{"type":"Polygon","coordinates":[[[-76.617263,39.3310156],[-76.6172597,39.3309623],[-76.6173757,39.3309579],[-76.6173754,39.3309526],[-76.617341,39.3309538],[-76.6173388,39.3309191],[-76.6173719,39.3309179],[-76.6173692,39.3308751],[-76.6173997,39.330874],[-76.6173981,39.3308494],[-76.6174902,39.330846],[-76.6174917,39.3308689],[-76.6175281,39.3308676],[-76.6175368,39.3310078],[-76.6173794,39.3310137],[-76.6173793,39.3310112],[-76.617263,39.3310156]]]}},{"type":"Feature","id":336376057,"properties":{"osmId":336376057,"category":"residential","addr:housenumber":"3805","addr:street":"North Charles Street","building":"detached","building:levels":"2","roof:levels":"0"},"geometry":{"type":"Polygon","coordinates":[[[-76.6175677,39.3356184],[-76.6175672,39.3356072],[-76.6175604,39.3356073],[-76.6175578,39.335563],[-76.6175638,39.3355628],[-76.6175615,39.3355215],[-76.6176769,39.3355176],[-76.6176797,39.335568],[-76.6177041,39.3355672],[-76.6177056,39.3356175],[-76.6176164,39.3356208],[-76.617617,39.3356314],[-76.6175684,39.335633],[-76.6175677,39.3356184]]]}},{"type":"Feature","id":336376925,"properties":{"osmId":336376925,"category":"religious","building":"church"},"geometry":{"type":"Polygon","coordinates":[[[-76.6180754,39.3398309],[-76.6180796,39.3398717],[-76.6179574,39.3398764],[-76.6179682,39.3400457],[-76.6179619,39.3400463],[-76.6179663,39.3401074],[-76.6178852,39.3401114],[-76.6178837,39.3400881],[-76.6178805,39.3400883],[-76.6178641,39.3398301],[-76.617955,39.3398266],[-76.6179556,39.3398354],[-76.6180754,39.3398309]]]}},{"type":"Feature","id":336376926,"properties":{"osmId":336376926,"category":"religious","building":"church"},"geometry":{"type":"Polygon","coordinates":[[[-76.6180754,39.3398309],[-76.6180653,39.3396707],[-76.6180915,39.3396715],[-76.6180921,39.3396596],[-76.618109,39.3396447],[-76.6181449,39.3396429],[-76.6181624,39.3396565],[-76.6181631,39.339667],[-76.6181895,39.339666],[-76.6182033,39.3398694],[-76.6180797,39.3398741],[-76.6180796,39.3398717],[-76.6180754,39.3398309]]]}},{"type":"Feature","id":336377496,"properties":{"osmId":336377496,"category":"academic","addr:city":"Baltimore","addr:country":"US","addr:housenumber":"18","addr:postcode":"21218","addr:state":"MD","addr:street":"West 27th Street","building":"school","building:levels":"3","name":"Peabody Heights Apartments","old_name":"Saints Philip and James School","roof:levels":"0","_wikiTried":true},"geometry":{"type":"Polygon","coordinates":[[[-76.618127,39.320785],[-76.618121,39.3206927],[-76.6183092,39.3206854],[-76.6184325,39.3206806],[-76.6184517,39.3209779],[-76.6183179,39.3209831],[-76.6183174,39.3209752],[-76.6182555,39.3209776],[-76.618249,39.3208778],[-76.6182317,39.3208785],[-76.6182287,39.3208318],[-76.6182726,39.3208301],[-76.6182719,39.3208191],[-76.6181295,39.3208246],[-76.618127,39.320785]]]}},{"type":"Feature","id":336379455,"properties":{"osmId":336379455,"category":"religious","building":"yes"},"geometry":{"type":"Polygon","coordinates":[[[-76.6190285,39.3349414],[-76.6191335,39.3349371],[-76.6191353,39.3349635],[-76.6190303,39.3349678],[-76.6190285,39.3349414]]]}},{"type":"Feature","id":336379611,"properties":{"osmId":336379611,"category":"religious","building":"yes"},"geometry":{"type":"Polygon","coordinates":[[[-76.6190557,39.3354311],[-76.6191631,39.3354267],[-76.6191647,39.3354516],[-76.6190574,39.3354559],[-76.6190557,39.3354311]]]}},{"type":"Feature","id":336381301,"properties":{"osmId":336381301,"category":"religious","addr:city":"Baltimore","addr:country":"US","addr:housenumber":"102","addr:postcode":"21210","addr:state":"MD","addr:street":"West University Parkway","building":"church"},"geometry":{"type":"Polygon","coordinates":[[[-76.6209455,39.3352321],[-76.6207857,39.3351273],[-76.620782,39.335127],[-76.6207603,39.3351128],[-76.6207843,39.3350907],[-76.6207739,39.3350805],[-76.62094,39.3349267],[-76.6209633,39.3349419],[-76.6210204,39.3348891],[-76.6210459,39.3349058],[-76.621071,39.3348826],[-76.6212065,39.3349709],[-76.6211831,39.3349926],[-76.6212091,39.3350095],[-76.6211505,39.3350638],[-76.6211739,39.3350791],[-76.6210067,39.3352338],[-76.6209932,39.335225],[-76.6209678,39.3352486],[-76.620945,39.3352338],[-76.6209455,39.3352321]]]}},{"type":"Feature","id":336381517,"properties":{"osmId":336381517,"category":"academic","building":"school","building:levels":"3","roof:levels":"0"},"geometry":{"type":"Polygon","coordinates":[[[-76.6212241,39.3397743],[-76.6212188,39.3397345],[-76.6211171,39.3397422],[-76.6211176,39.3397455],[-76.6210416,39.3397518],[-76.6210411,39.3397484],[-76.6208873,39.3397606],[-76.6208642,39.3395924],[-76.6209802,39.3395831],[-76.6209638,39.3394678],[-76.6209224,39.3394711],[-76.6209202,39.3394547],[-76.6208673,39.339459],[-76.6208565,39.3393785],[-76.6209086,39.3393743],[-76.6209065,39.3393584],[-76.6209274,39.3393567],[-76.6209272,39.3393538],[-76.6209326,39.3393475],[-76.6209708,39.3393446],[-76.6209782,39.3393494],[-76.6209787,39.339352],[-76.6210729,39.3393444],[-76.6210725,39.3393415],[-76.6210766,39.3393367],[-76.6211145,39.3393334],[-76.6211223,39.3393368],[-76.6211231,39.3393399],[-76.6211435,39.3393383],[-76.6211452,39.3393507],[-76.6212273,39.339344],[-76.6212305,39.3393675],[-76.6212607,39.3393651],[-76.6212691,39.3394281],[-76.6212387,39.3394306],[-76.6212391,39.3394334],[-76.6211557,39.3394402],[-76.6211572,39.3394522],[-76.6211176,39.3394554],[-76.6211342,39.3395708],[-76.6211488,39.3395697],[-76.6211538,39.3396023],[-76.6212564,39.3395933],[-76.6212508,39.339551],[-76.6213915,39.3395402],[-76.621395,39.3395601],[-76.6214643,39.3395272],[-76.6214565,39.3395167],[-76.6215367,39.3394794],[-76.6215454,39.3394903],[-76.6216223,39.3394541],[-76.6216183,39.3394488],[-76.6215971,39.3394586],[-76.6215564,39.3394041],[-76.6215905,39.3393875],[-76.6215704,39.3393632],[-76.6216252,39.3393377],[-76.6216111,39.3393187],[-76.6217698,39.3392442],[-76.6217846,39.3392635],[-76.6218383,39.3392386],[-76.6219029,39.3393241],[-76.6219503,39.3393029],[-76.6220572,39.3394424],[-76.6220116,39.3394644],[-76.6220482,39.3395108],[-76.6217821,39.3396355],[-76.6217266,39.3395644],[-76.6216299,39.3396104],[-76.6216319,39.3396131],[-76.6215665,39.3396438],[-76.6215639,39.3396407],[-76.6214712,39.3396839],[-76.6214797,39.3397521],[-76.6212241,39.3397743]]]}},{"type":"Feature","id":336381895,"properties":{"osmId":336381895,"category":"religious","addr:city":"Baltimore","addr:country":"US","addr:housenumber":"2629","addr:postcode":"21211","addr:state":"MD","addr:street":"Huntingdon Avenue","amenity":"place_of_worship","building":"church","ele":"45","name":"Church of the Guardian Angel","religion":"christian","website":"http://www.guardianangelremington.org/","_wikiTried":true},"geometry":{"type":"Polygon","coordinates":[[[-76.6216956,39.3197016],[-76.6217168,39.3197287],[-76.621723,39.3197258],[-76.6217585,39.3197712],[-76.6217513,39.3197746],[-76.6217747,39.3198046],[-76.6214817,39.3199416],[-76.6214016,39.3198392],[-76.6216956,39.3197016]]]}},{"type":"Feature","id":336381942,"properties":{"osmId":336381942,"category":"religious","building":"religious","name":"Kromer Hall","operator":"Church of the Guardian Angel","_wikiTried":true},"geometry":{"type":"Polygon","coordinates":[[[-76.6213428,39.3199976],[-76.6213195,39.3199675],[-76.6213148,39.3199697],[-76.621203,39.3198252],[-76.6213307,39.3197658],[-76.6214454,39.3199143],[-76.621442,39.319916],[-76.6214643,39.3199449],[-76.621345,39.3200005],[-76.6213428,39.3199976]]]}},{"type":"Feature","id":336384439,"properties":{"osmId":336384439,"category":"other","addr:city":"Baltimore","addr:housenumber":"3001","addr:postcode":"21211","addr:state":"MD","addr:street":"Remington Avenue","building":"office","building:levels":"1","name":"Campus Safety and Security","operator":"Johns Hopkins University","operator:short":"JHU","operator:wikidata":"Q193727","operator:wikipedia":"en:Johns Hopkins University","roof:levels":"0","_wikiTried":true},"geometry":{"type":"Polygon","coordinates":[[[-76.6223691,39.3237313],[-76.6225417,39.3236525],[-76.62255,39.3236487],[-76.6225765,39.3236366],[-76.6225985,39.3236266],[-76.6225812,39.3236037],[-76.6225646,39.3235818],[-76.6224566,39.323439],[-76.6225256,39.3234075],[-76.6225572,39.3233931],[-76.6227318,39.3233132],[-76.6228932,39.3232397],[-76.6230116,39.3233961],[-76.6230223,39.3234103],[-76.6231328,39.3235563],[-76.6226922,39.3237574],[-76.6226668,39.323724],[-76.6224414,39.3238269],[-76.6223892,39.3237578],[-76.6223691,39.3237313]]]}},{"type":"Feature","id":336385474,"properties":{"osmId":336385474,"category":"other","addr:city":"Baltimore","addr:housenumber":"3155","addr:postcode":"21211","addr:state":"MD","addr:street":"Remington Avenue","building":"industrial","building:levels":"2","name":"Campus Security Auto Shop","operator":"Johns Hopkins University","operator:short":"JHU","operator:wikidata":"Q193727","operator:wikipedia":"en:Johns Hopkins University","_wikiTried":true},"geometry":{"type":"Polygon","coordinates":[[[-76.6242107,39.3249501],[-76.6242132,39.3249489],[-76.624225,39.3249639],[-76.624282,39.3250366],[-76.624328,39.3250951],[-76.6243481,39.3251208],[-76.6243647,39.3251419],[-76.6243969,39.3251829],[-76.6242386,39.3252568],[-76.6240563,39.325024],[-76.6242107,39.3249501]]]}},{"type":"Feature","id":336386086,"properties":{"osmId":336386086,"category":"religious","addr:city":"Baltimore","addr:country":"US","addr:housenumber":"3000","addr:postcode":"21211","addr:state":"MD","addr:street":"Huntingdon Avenue","amenity":"place_of_worship","building":"church","denomination":"methodist","ele":"53","name":"Greater Faith Baptist Church","religion":"christian","_wikiTried":true},"geometry":{"type":"Polygon","coordinates":[[[-76.6244276,39.3226101],[-76.6243468,39.3225118],[-76.6245425,39.3224155],[-76.6245372,39.3224091],[-76.6246436,39.3223567],[-76.6247297,39.3224615],[-76.6244276,39.3226101]]]}},{"type":"Feature","id":336387438,"properties":{"osmId":336387438,"category":"religious","addr:city":"Baltimore","addr:country":"US","addr:housenumber":"528","addr:postcode":"21210","addr:state":"MD","addr:street":"West University Parkway","amenity":"place_of_worship","building":"yes","check_date":"2022-07-24","denomination":"protestant","name":"Church of Christ","religion":"christian","_wikiTried":true},"geometry":{"type":"Polygon","coordinates":[[[-76.6250357,39.3375671],[-76.625084,39.3375168],[-76.6251117,39.3375328],[-76.6251331,39.3375105],[-76.6251822,39.3375386],[-76.6251595,39.3375623],[-76.6251919,39.337581],[-76.6250361,39.3377432],[-76.6249268,39.3376804],[-76.6250357,39.3375671]]]}},{"type":"Feature","id":336387639,"properties":{"osmId":336387639,"category":"academic","addr:city":"Baltimore","addr:country":"US","addr:housenumber":"501","addr:postcode":"21211","addr:state":"MD","addr:street":"West 30th Street","building":"school","building:levels":"2","ele":"49","grades":"0-8","name":"The Greenmount School","roof:levels":"0","website":"https://www.greenmountschool.org/","wikidata":"Q7738114","_wikiTried":true},"geometry":{"type":"Polygon","coordinates":[[[-76.6255,39.3216773],[-76.6255261,39.321681],[-76.6255096,39.3217355],[-76.6257403,39.32178],[-76.6256975,39.3219141],[-76.6256284,39.3219008],[-76.6256032,39.3219799],[-76.6255182,39.3219635],[-76.6254668,39.3221243],[-76.6252941,39.322091],[-76.6253366,39.3219579],[-76.6252325,39.3219378],[-76.6253263,39.3216439],[-76.6255,39.3216773]]]}},{"type":"Feature","id":336394106,"properties":{"osmId":336394106,"category":"religious","addr:city":"Baltimore","addr:country":"US","addr:housenumber":"3441","addr:postcode":"21211","addr:state":"MD","addr:street":"Keswick Road","amenity":"place_of_worship","building":"church","check_date":"2026-02-08","denomination":"free_methodist","ele":"65","gnis:feature_id":"1707802","name":"Pathway Fellowship Free Methodist Chuch","old_name":"Baltimore First Free Methodist Church","phone":"+1 410 501 4981","religion":"christian","service_times":"Su 10:00-12:15","website":"https://www.pathwayfellowshipfmc.com/","_wikiTried":true},"geometry":{"type":"Polygon","coordinates":[[[-76.6275623,39.329692],[-76.6275623,39.3296917],[-76.627432,39.3296964],[-76.6274263,39.3296011],[-76.6275677,39.3295961],[-76.6275673,39.3295893],[-76.6277979,39.329581],[-76.627804,39.3296833],[-76.6278048,39.3296968],[-76.6277927,39.3296972],[-76.6277934,39.3297095],[-76.6277661,39.3297105],[-76.6277666,39.3297181],[-76.6277908,39.3297173],[-76.6277909,39.3297189],[-76.6275644,39.3297268],[-76.6275623,39.329692]]]}},{"type":"Feature","id":336398160,"properties":{"osmId":336398160,"category":"academic","access":"private","addr:city":"Baltimore","addr:country":"US","addr:housenumber":"1001","addr:postcode":"21211","addr:state":"MD","addr:street":"West 36th Street","amenity":"parking","building":"parking_garage","layer":"1","name":"Johns Hopkins at Keswick Parking Garage (Employee Only)","parking":"multi-storey","_wikiTried":true},"geometry":{"type":"Polygon","coordinates":[[[-76.628614,39.3341799],[-76.6286133,39.3341732],[-76.6285448,39.3341761],[-76.6285438,39.3341604],[-76.6285396,39.3340989],[-76.6285237,39.333864],[-76.6284821,39.3332665],[-76.6284787,39.3332176],[-76.628547,39.3332146],[-76.6285431,39.3331604],[-76.6290829,39.3331368],[-76.6290868,39.3331912],[-76.6291552,39.3331882],[-76.6291562,39.3332035],[-76.6291915,39.3332024],[-76.6291929,39.3332311],[-76.6292097,39.333231],[-76.6292121,39.3332321],[-76.6292135,39.333234],[-76.6292135,39.3332362],[-76.6292121,39.3332381],[-76.6292103,39.3332391],[-76.6291933,39.3332397],[-76.6291947,39.3332675],[-76.6291603,39.3332678],[-76.6291971,39.3338391],[-76.6292143,39.3340638],[-76.6292674,39.3340618],[-76.6292735,39.3341343],[-76.629218,39.3341365],[-76.6292188,39.3341486],[-76.6291499,39.3341516],[-76.6291536,39.3342027],[-76.6291361,39.3342035],[-76.6290813,39.3342061],[-76.6290296,39.334208],[-76.6286182,39.3342258],[-76.628614,39.3341799]]]}},{"type":"Feature","id":336399291,"properties":{"osmId":336399291,"category":"religious","addr:city":"Baltimore","addr:housenumber":"801","addr:postcode":"21211","addr:state":"MD","addr:street":"West 33rd Street","building":"church","computer":"apple","name":"Chesapake Systems","old_name":"Mount Vernon United Methodist Church","shop":"computer","_wikiTried":true},"geometry":{"type":"Polygon","coordinates":[[[-76.6294132,39.3269118],[-76.6294123,39.326896],[-76.6293052,39.3268996],[-76.6292976,39.3267611],[-76.6295057,39.3267542],[-76.6296803,39.3267483],[-76.629683,39.3267972],[-76.629655,39.3267981],[-76.6296585,39.3268603],[-76.6296046,39.3268621],[-76.6296058,39.3268855],[-76.629505,39.3268887],[-76.6294563,39.3268902],[-76.6294561,39.3269104],[-76.6294132,39.3269118]]]}},{"type":"Feature","id":336400488,"properties":{"osmId":336400488,"category":"religious","addr:city":"Baltimore","addr:country":"US","addr:housenumber":"800","addr:postcode":"21211","addr:state":"MD","addr:street":"West 36th Street","amenity":"place_of_worship","building":"church","check_date":"2024-11-07","denomination":"lutheran","lgbtq":"welcome","name":"Saint Luke's Evangelical Lutheran Church","religion":"christian","service_times":"Su 11:00","source:lgbtq":"https://www.churchontheavenuehampden.org/about","website":"https://www.churchontheavenuehampden.org","_wikiTried":true},"geometry":{"type":"Polygon","coordinates":[[[-76.629713,39.3316074],[-76.6295234,39.3316152],[-76.6295228,39.3316067],[-76.6295087,39.3316068],[-76.6295069,39.3315791],[-76.6295209,39.3315786],[-76.6295186,39.3315458],[-76.6295136,39.3315459],[-76.6295123,39.3315205],[-76.629523,39.33152],[-76.6295193,39.3314647],[-76.6295222,39.3314646],[-76.6295176,39.3313971],[-76.6295163,39.3313781],[-76.629574,39.3313757],[-76.6295726,39.3313555],[-76.629614,39.3313538],[-76.6296153,39.3313735],[-76.6296711,39.3313712],[-76.6296798,39.3315001],[-76.6297049,39.3314991],[-76.6297044,39.3314912],[-76.6297052,39.3314912],[-76.629713,39.3316074]]]}},{"type":"Feature","id":336400491,"properties":{"osmId":336400491,"category":"religious","addr:city":"Baltimore","addr:country":"US","addr:housenumber":"806","addr:postcode":"21211","addr:state":"MD","addr:street":"West 36th Street","building":"yes"},"geometry":{"type":"Polygon","coordinates":[[[-76.6298347,39.3315015],[-76.6298456,39.331501],[-76.629834,39.3313301],[-76.6298929,39.3313277],[-76.6299113,39.3315992],[-76.6298414,39.3316021],[-76.6298347,39.3315015]]]}},{"type":"Feature","id":336400493,"properties":{"osmId":336400493,"category":"religious","building":"yes"},"geometry":{"type":"Polygon","coordinates":[[[-76.6298347,39.3315015],[-76.6298414,39.3316021],[-76.629713,39.3316074],[-76.6297052,39.3314912],[-76.6298328,39.331486],[-76.6298338,39.3315015],[-76.6298347,39.3315015]]]}},{"type":"Feature","id":336401077,"properties":{"osmId":336401077,"category":"academic","addr:city":"Baltimore","addr:country":"US","addr:housenumber":"3608","addr:postcode":"21211","addr:state":"MD","addr:street":"Chestnut Avenue","building":"school","building:levels":"2","ele":"78","name":"Hampden Elementary/Middle School","operator":"Baltimore City Public Schools","operator:type":"public","religion":"none","roof:levels":"0","website":"https://www.baltimorecityschools.org/schools/55","_wikiTried":true},"geometry":{"type":"Polygon","coordinates":[[[-76.6301754,39.3322965],[-76.6301744,39.3322825],[-76.6301075,39.3322854],[-76.6301092,39.3323095],[-76.6295783,39.3323321],[-76.6295504,39.3319382],[-76.6296006,39.3319361],[-76.6296,39.3319266],[-76.6296358,39.3319251],[-76.6296364,39.331934],[-76.6298582,39.3319246],[-76.6298545,39.3318726],[-76.6299653,39.3318679],[-76.6299689,39.3319201],[-76.63032,39.3319051],[-76.6303378,39.3321583],[-76.63032,39.332159],[-76.6303264,39.3322505],[-76.6303438,39.3322497],[-76.630358,39.3324501],[-76.6301867,39.3324574],[-76.6301754,39.3322965]]]}},{"type":"Feature","id":336409577,"properties":{"osmId":336409577,"category":"religious","addr:city":"Baltimore","addr:country":"US","addr:housenumber":"3647","addr:postcode":"21211","addr:state":"MD","addr:street":"Roland Avenue","building":"church"},"geometry":{"type":"Polygon","coordinates":[[[-76.6325981,39.3325134],[-76.6326078,39.3325129],[-76.6326172,39.3326461],[-76.6326187,39.3326669],[-76.6323052,39.3326802],[-76.6322958,39.332548],[-76.6323376,39.3325462],[-76.6323361,39.3325245],[-76.6325981,39.3325134]]]}},{"type":"Feature","id":336409741,"properties":{"osmId":336409741,"category":"religious","addr:city":"Baltimore","addr:country":"US","addr:housenumber":"4001","addr:postcode":"21211","addr:state":"MD","addr:street":"Roland Avenue","building":"church","check_date":"2022-07-24","ele":"93"},"geometry":{"type":"Polygon","coordinates":[[[-76.6328681,39.3372151],[-76.6328777,39.3373388],[-76.6326505,39.3373495],[-76.6326409,39.3372258],[-76.6328681,39.3372151]]]}},{"type":"Feature","id":336411795,"properties":{"osmId":336411795,"category":"religious","addr:city":"Baltimore","addr:country":"US","addr:housenumber":"3710","addr:postcode":"21211","addr:state":"MD","addr:street":"Roland Avenue","building":"church"},"geometry":{"type":"Polygon","coordinates":[[[-76.6329944,39.3332079],[-76.632994,39.3332037],[-76.6329789,39.3332045],[-76.6329696,39.3330901],[-76.6331269,39.3330824],[-76.6331287,39.3331051],[-76.6331532,39.3331039],[-76.6331587,39.3331717],[-76.6331327,39.3331729],[-76.6331347,39.3331967],[-76.6330392,39.3332013],[-76.6330396,39.3332057],[-76.6329944,39.3332079]]]}},{"type":"Feature","id":336412159,"properties":{"osmId":336412159,"category":"academic","addr:city":"Baltimore","addr:country":"US","addr:housenumber":"3700","addr:postcode":"21211","addr:state":"MD","addr:street":"Roland Avenue","building":"school","building:levels":"3","roof:levels":"0"},"geometry":{"type":"Polygon","coordinates":[[[-76.6332579,39.3328624],[-76.6332798,39.3328615],[-76.6332915,39.3330292],[-76.6329858,39.3330421],[-76.6329814,39.3329793],[-76.6329707,39.3329701],[-76.6329689,39.332946],[-76.6329792,39.3329385],[-76.6329747,39.3328743],[-76.6332579,39.3328624]]]}},{"type":"Feature","id":336412356,"properties":{"osmId":336412356,"category":"religious","addr:city":"Baltimore","addr:housenumber":"3986","addr:postcode":"21211","addr:street":"Roland Avenue","building":"church","ele":"90","gnis:feature_id":"1708582","name":"Episcopal Housing Corporation","_wikiTried":true},"geometry":{"type":"Polygon","coordinates":[[[-76.6335051,39.3367814],[-76.6335044,39.3367693],[-76.6333632,39.3367743],[-76.6333622,39.3367577],[-76.6333387,39.3367585],[-76.6333365,39.3367207],[-76.6333569,39.33672],[-76.6333556,39.3366977],[-76.6335973,39.336689],[-76.6336002,39.3367385],[-76.6336427,39.336737],[-76.6336465,39.3368017],[-76.6335066,39.3368067],[-76.6335051,39.3367814]]]}},{"type":"Feature","id":336412774,"properties":{"osmId":336412774,"category":"religious","addr:city":"Baltimore","addr:country":"US","addr:housenumber":"3800","addr:postcode":"21211","addr:state":"MD","addr:street":"Roland Avenue","amenity":"place_of_worship","building":"church","check_date":"2022-07-24","denomination":"methodist","lgbtq":"welcome","name":"Good Shepherd United Methodist Church","phone":"+1 410-243-1129","religion":"christian","source:lgbtq":"https://goodshepherdhampden.org/reconciling-statement/","website":"http://www.goodshepherdhampden.com/","_wikiTried":true},"geometry":{"type":"Polygon","coordinates":[[[-76.633059,39.3345039],[-76.6330499,39.3343633],[-76.633043,39.3343636],[-76.6330211,39.3343485],[-76.6330198,39.3343242],[-76.6330393,39.3343076],[-76.633068,39.3343061],[-76.6330918,39.3343212],[-76.6330921,39.3343257],[-76.6332066,39.3343212],[-76.6332052,39.3342995],[-76.6333541,39.3342936],[-76.6333552,39.3343113],[-76.6334614,39.3343071],[-76.6334625,39.3343257],[-76.6334668,39.3343255],[-76.6334729,39.3344199],[-76.6334683,39.334421],[-76.6334692,39.3344344],[-76.633454,39.334435],[-76.6334552,39.3344523],[-76.6334509,39.3344536],[-76.6334521,39.3344716],[-76.6334123,39.3344732],[-76.6334091,39.3344247],[-76.6333621,39.3344266],[-76.6333669,39.3344998],[-76.6332198,39.3345056],[-76.6332196,39.3345025],[-76.6330593,39.3345088],[-76.633059,39.3345039]]]}},{"type":"Feature","id":336413246,"properties":{"osmId":336413246,"category":"religious","addr:city":"Baltimore","addr:country":"US","addr:housenumber":"1014","addr:postcode":"21211","addr:state":"MD","addr:street":"West 36th Street","building":"church","denomination":"methodist","ele":"77","gnis:feature_id":"1708556","name":"Grace Hampden Methodist Church","religion":"christian","was:amenity":"place_of_worship","_wikiTried":true},"geometry":{"type":"Polygon","coordinates":[[[-76.6334087,39.3313397],[-76.6334084,39.3313362],[-76.6333472,39.331339],[-76.6333353,39.3311686],[-76.6334521,39.3311636],[-76.6334513,39.3311526],[-76.6335215,39.3311496],[-76.6335226,39.3311646],[-76.6336621,39.3311587],[-76.6336625,39.3311652],[-76.633657,39.3311655],[-76.6336581,39.3311816],[-76.633688,39.3311803],[-76.6336878,39.3311779],[-76.6336953,39.3311776],[-76.6337037,39.3312976],[-76.6336975,39.3312978],[-76.6336976,39.3312963],[-76.633667,39.3312975],[-76.6336681,39.3313139],[-76.6336706,39.3313138],[-76.633671,39.33132],[-76.6335379,39.3313256],[-76.6335382,39.3313303],[-76.6334217,39.3313356],[-76.6334218,39.3313392],[-76.6334087,39.3313397]]]}},{"type":"Feature","id":336413559,"properties":{"osmId":336413559,"category":"religious","addr:city":"Baltimore","addr:country":"US","addr:housenumber":"3900","addr:postcode":"21211","addr:state":"MD","addr:street":"Roland Avenue","amenity":"community_centre","building":"church","check_date":"2022-07-24","community_centre":"community_hall","ele":"93","name":"Saint Mary's Community Center","_wikiTried":true},"geometry":{"type":"Polygon","coordinates":[[[-76.6336305,39.3356881],[-76.6336281,39.3356452],[-76.6336216,39.3356454],[-76.6336245,39.3356413],[-76.6334066,39.3356486],[-76.6334013,39.3355529],[-76.6334257,39.3355521],[-76.6334236,39.3355139],[-76.6334818,39.335512],[-76.6334839,39.3355499],[-76.6336221,39.3355453],[-76.6336194,39.3354961],[-76.6337637,39.3354912],[-76.633764,39.3354967],[-76.6338671,39.3354932],[-76.6338619,39.3353987],[-76.6339026,39.3353973],[-76.6339016,39.3353797],[-76.6339446,39.3353783],[-76.6339456,39.3353962],[-76.63399,39.3353947],[-76.6340027,39.335622],[-76.6338897,39.3356258],[-76.63389,39.335631],[-76.6338259,39.3356332],[-76.6338283,39.3356763],[-76.6337752,39.3356781],[-76.6337758,39.3356878],[-76.6336307,39.3356927],[-76.6336305,39.3356881]]]}},{"type":"Feature","id":336414080,"properties":{"osmId":336414080,"category":"religious","addr:city":"Baltimore","addr:country":"US","addr:housenumber":"1008","addr:postcode":"21211","addr:state":"MD","addr:street":"West 37th Street","building":"church","disused:amenity":"place_of_worship","ele":"87","end_date":"2024-12-01","gnis:feature_id":"1708586","note":"Merged with Cathedral of Mary Our Queen","old_name":"Saint Thomas Aquinas Roman Catholic Church"},"geometry":{"type":"Polygon","coordinates":[[[-76.633534,39.333036],[-76.6335347,39.3330225],[-76.6335311,39.3330227],[-76.6335268,39.3329568],[-76.6335123,39.3329573],[-76.6335101,39.3329335],[-76.6334692,39.3329346],[-76.6334632,39.3328596],[-76.6335009,39.3328598],[-76.6335001,39.3328352],[-76.6336373,39.3328296],[-76.6336429,39.3329101],[-76.633716,39.3328965],[-76.6337125,39.3328856],[-76.633979,39.3328354],[-76.6339836,39.3328499],[-76.6339959,39.3328476],[-76.6340054,39.3328779],[-76.6340351,39.3328723],[-76.6340481,39.3329139],[-76.6340197,39.3329192],[-76.6340287,39.3329481],[-76.6340167,39.3329504],[-76.6340221,39.3329675],[-76.6340019,39.3329713],[-76.6340091,39.3329943],[-76.633983,39.3329992],[-76.6339758,39.3329764],[-76.6337533,39.3330183],[-76.63375,39.3330078],[-76.6336916,39.3330188],[-76.6336942,39.3330272],[-76.6336367,39.333038],[-76.633634,39.3330292],[-76.6336008,39.3330355],[-76.6336014,39.33304],[-76.6335337,39.3330428],[-76.633534,39.333036]]]}},{"type":"Feature","id":336414119,"properties":{"osmId":336414119,"category":"religious","building":"yes"},"geometry":{"type":"Polygon","coordinates":[[[-76.6341825,39.3296351],[-76.6341819,39.3296246],[-76.6341571,39.3296255],[-76.6340406,39.3296297],[-76.6340404,39.3296256],[-76.6340144,39.3296265],[-76.6340116,39.3295815],[-76.6341573,39.3295762],[-76.6343369,39.3295697],[-76.6343405,39.3296294],[-76.6341825,39.3296351]]]}},{"type":"Feature","id":336414120,"properties":{"osmId":336414120,"category":"religious","addr:city":"Baltimore","addr:country":"US","addr:housenumber":"3449","addr:postcode":"21211","addr:state":"MD","addr:street":"Falls Road","amenity":"place_of_worship","building":"yes","denomination":"methodist","name":"Hampden United Methodist Church","religion":"christian","_wikiTried":true},"geometry":{"type":"Polygon","coordinates":[[[-76.6340032,39.329849],[-76.6340013,39.3298399],[-76.6339962,39.3298406],[-76.6339431,39.3296634],[-76.633985,39.3296554],[-76.6339803,39.3296393],[-76.6340367,39.329629],[-76.634042,39.3296446],[-76.6340932,39.3296361],[-76.6340982,39.3296607],[-76.6341569,39.3296535],[-76.634387,39.3296255],[-76.6344226,39.3298016],[-76.634156,39.3298341],[-76.6341537,39.3298344],[-76.6341547,39.329839],[-76.6340032,39.329849]]]}},{"type":"Feature","id":336416324,"properties":{"osmId":336416324,"category":"library","addr:city":"Baltimore","addr:country":"US","addr:housenumber":"3641","addr:postcode":"21211","addr:state":"MD","addr:street":"Falls Road","amenity":"library","building":"yes","check_date":"2022-10-28","ele":"78","internet_access":"wlan","lgbtq":"welcome","name":"Hampden Branch Enoch Pratt Free Library","opening_hours":"Mo,Th 10:00-20:00; Tu,We 10:00-17:30; Fr,Sa 10:00-17:00; Su, PH off","operator":"Enoch Pratt Free Library","operator:type":"public","operator:wikidata":"Q69478541","phone":"+1 410 396 6043","source":"USGS Geonames","source:lgbtq":"https://www.prattlibrary.org/about-us/diversity-equity-inclusion/the-pratt-stands-with-our-community/lgbtq-pride","website":"https://www.prattlibrary.org/locations/hampden/","wikidata":"Q69776402","_wikiTried":true},"geometry":{"type":"Polygon","coordinates":[[[-76.6349889,39.3323688],[-76.6349883,39.3323667],[-76.6348968,39.3323837],[-76.6348653,39.3322833],[-76.6349579,39.3322664],[-76.6349506,39.3322432],[-76.6350437,39.3322261],[-76.635051,39.3322492],[-76.6351678,39.3322275],[-76.6351993,39.3323279],[-76.6350817,39.3323497],[-76.6350891,39.3323744],[-76.6349961,39.332392],[-76.6349889,39.3323688]]]}},{"type":"Feature","id":336417004,"properties":{"osmId":336417004,"category":"religious","addr:city":"Baltimore","addr:country":"US","addr:housenumber":"3649","addr:postcode":"21211","addr:state":"MD","addr:street":"Falls Road","building":"church"},"geometry":{"type":"Polygon","coordinates":[[[-76.6349753,39.332449],[-76.6349719,39.3324382],[-76.6351847,39.3323986],[-76.6351987,39.3324413],[-76.6352125,39.3324387],[-76.6352217,39.3324689],[-76.6352082,39.3324714],[-76.6352226,39.332516],[-76.6350082,39.3325559],[-76.6349753,39.332449]]]}},{"type":"Feature","id":336419953,"properties":{"osmId":336419953,"category":"religious","addr:city":"Baltimore","addr:country":"US","addr:housenumber":"1234","addr:postcode":"21211","addr:state":"MD","addr:street":"West 36th Street","amenity":"place_of_worship","building":"church","denomination":"mennonite","ele":"72","gnis:feature_id":"1708592","name":"Hampden Mennonite Church","old_name":"Trinity Reformed Church","phone":"+1 410 989 5851","religion":"christian","website":"http://www.hampdenmennonite.org","_wikiTried":true},"geometry":{"type":"Polygon","coordinates":[[[-76.6359465,39.3309605],[-76.635938,39.330934],[-76.6359038,39.3309406],[-76.6358886,39.3308928],[-76.6359033,39.3308899],[-76.6358976,39.3308718],[-76.6358881,39.3308734],[-76.6358759,39.3308336],[-76.6358839,39.330832],[-76.6358789,39.3308139],[-76.6358696,39.3308154],[-76.6358577,39.3307716],[-76.6359376,39.330755],[-76.6359467,39.3307848],[-76.6359853,39.3307782],[-76.6359893,39.3307903],[-76.6360374,39.3307824],[-76.6360323,39.3307651],[-76.6360693,39.3307584],[-76.6360658,39.3307458],[-76.6360792,39.3307433],[-76.6361033,39.330739],[-76.6361071,39.3307516],[-76.6361423,39.3307452],[-76.6361787,39.3308666],[-76.6361719,39.330872],[-76.6361853,39.3309169],[-76.6360816,39.3309356],[-76.6360605,39.3308666],[-76.6360145,39.3308746],[-76.6360336,39.3309443],[-76.6359703,39.3309557],[-76.6359465,39.3309605]]]}},{"type":"Feature","id":336424463,"properties":{"osmId":336424463,"category":"religious","addr:city":"Baltimore","addr:country":"US","addr:housenumber":"3580","addr:postcode":"21211","addr:state":"MD","addr:street":"Poole Street","amenity":"place_of_worship","building":"yes","denomination":"brethren","ele":"65","gnis:feature_id":"1708595","name":"Woodberry Church of the Brethren","religion":"christian","_wikiTried":true},"geometry":{"type":"Polygon","coordinates":[[[-76.637582,39.3302843],[-76.6375751,39.3302619],[-76.6375796,39.3302611],[-76.6375274,39.3300935],[-76.6376329,39.3300737],[-76.6376337,39.3300762],[-76.6376695,39.3300695],[-76.6377267,39.3302533],[-76.637678,39.3302624],[-76.6376804,39.3302699],[-76.6376038,39.3302843],[-76.6376026,39.3302804],[-76.637582,39.3302843]]]}},{"type":"Feature","id":336426170,"properties":{"osmId":336426170,"category":"academic","addr:city":"Baltimore","addr:country":"US","addr:housenumber":"1300","addr:postcode":"21211","addr:state":"MD","addr:street":"West 36th Street","building":"school","disused:amenity":"school","ele":"67","name":"Robert Poole Building","old_name":"Robert Poole Middle School;Academy for College and Career Exploration","website":"https://baltimore21stcenturyschools.org/schools/106","wikidata":"Q4671395","_wikiTried":true},"geometry":{"type":"Polygon","coordinates":[[[-76.6377372,39.3309787],[-76.6376517,39.3310882],[-76.6376858,39.3311043],[-76.6376306,39.3311748],[-76.6376174,39.3311687],[-76.6374724,39.3313459],[-76.6369075,39.331453],[-76.6367733,39.3310299],[-76.6371393,39.3309605],[-76.637363,39.3310699],[-76.6373744,39.3310559],[-76.6373683,39.331053],[-76.6374242,39.3309816],[-76.6374577,39.3309974],[-76.6377943,39.3305665],[-76.6377617,39.3305511],[-76.6378097,39.3304897],[-76.6379027,39.3305336],[-76.6379138,39.3305194],[-76.6379284,39.3305263],[-76.6379608,39.3304867],[-76.6380786,39.3304642],[-76.6380604,39.3304069],[-76.6381401,39.3303916],[-76.6381419,39.3303974],[-76.6384179,39.3303446],[-76.6384166,39.3303407],[-76.638494,39.3303259],[-76.6385055,39.3303621],[-76.6385098,39.3303613],[-76.6385344,39.3304385],[-76.6385306,39.3304392],[-76.6385522,39.3305072],[-76.6384755,39.3305218],[-76.6384633,39.3304837],[-76.6381861,39.3305367],[-76.6381878,39.3305418],[-76.6381084,39.330557],[-76.6380901,39.3304998],[-76.637991,39.3305188],[-76.6379725,39.3305449],[-76.6379717,39.3305459],[-76.6379868,39.330553],[-76.6379762,39.3305666],[-76.6380704,39.3306109],[-76.638021,39.3306742],[-76.6379876,39.3306585],[-76.6378931,39.3307795],[-76.6380131,39.330833],[-76.6378819,39.3310091],[-76.6378628,39.3310347],[-76.6377372,39.3309787]]]}},{"type":"Feature","id":337096270,"properties":{"osmId":337096270,"category":"academic","building":"university","building:levels":"2","name":"Cordish Lacrosse Center","nohousenumber":"yes","roof:levels":"0","_wikiTried":true},"geometry":{"type":"Polygon","coordinates":[[[-76.6204154,39.3329075],[-76.6202978,39.3330162],[-76.6202389,39.3330706],[-76.6201801,39.3331249],[-76.6200624,39.3332336],[-76.619886,39.3331194],[-76.620239,39.3327933],[-76.6204154,39.3329075]]]}},{"type":"Feature","id":337103759,"properties":{"osmId":337103759,"category":"residential","addr:city":"Baltimore","addr:country":"US","addr:housenumber":"3301","addr:postcode":"21218","addr:state":"MD","addr:street":"North Charles Street","building":"dormitory","building:levels":"12","building:material":"brick","name":"Scott-Bates Commons","_wikiTried":true},"geometry":{"type":"Polygon","coordinates":[[[-76.617392,39.3284565],[-76.61692,39.3284765],[-76.6169148,39.3284103],[-76.6169118,39.3283532],[-76.6169055,39.3282717],[-76.6173775,39.3282517],[-76.617392,39.3284565]]]}},{"type":"Feature","id":337103760,"properties":{"osmId":337103760,"category":"residential","addr:city":"Baltimore","addr:country":"US","addr:housenumber":"3301","addr:postcode":"21218","addr:state":"MD","addr:street":"North Charles Street","building":"dormitory","building:levels":"10","name":"Scott-Bates Commons","_wikiTried":true},"geometry":{"type":"Polygon","coordinates":[[[-76.6168075,39.3287332],[-76.6167734,39.3287345],[-76.6163245,39.3287515],[-76.6162933,39.3287527],[-76.616264,39.328333],[-76.6162618,39.3283016],[-76.6163041,39.3282999],[-76.616821,39.3282788],[-76.6168254,39.3283558],[-76.6168284,39.328413],[-76.6168338,39.3285101],[-76.6168444,39.3286992],[-76.6168075,39.3287332]]]}},{"type":"Feature","id":337107478,"properties":{"osmId":337107478,"category":"academic","building":"university","building:levels":"2","building:material":"brick","name":"Hodson Hall","roof:colour":"gray","roof:levels":"1","roof:material":"slate","roof:shape":"hipped","_wikiTried":true},"geometry":{"type":"Polygon","coordinates":[[[-76.6221767,39.3278171],[-76.6221718,39.3277263],[-76.62216,39.3277262],[-76.6221596,39.3277159],[-76.6221578,39.3276672],[-76.6221575,39.3276588],[-76.6221654,39.3276579],[-76.6221414,39.3272959],[-76.6224268,39.3272836],[-76.6224326,39.3273723],[-76.6224338,39.3273911],[-76.6224366,39.3274333],[-76.622447,39.3274393],[-76.6224564,39.3274462],[-76.6224649,39.3274538],[-76.6224722,39.3274622],[-76.6224784,39.327471],[-76.6224832,39.3274804],[-76.6224867,39.3274901],[-76.6224889,39.3275001],[-76.6224896,39.3275101],[-76.6224889,39.3275202],[-76.6224868,39.3275301],[-76.6224833,39.3275399],[-76.6224785,39.3275492],[-76.6224724,39.3275581],[-76.6224651,39.3275665],[-76.6224567,39.3275741],[-76.622447,39.3275812],[-76.6224576,39.327744],[-76.6224616,39.3278045],[-76.6224462,39.3278052],[-76.6221767,39.3278171]]]}},{"type":"Feature","id":347000672,"properties":{"osmId":347000672,"category":"academic","building":"school","disused:amenity":"school","ele":"96","gnis:feature_id":"1708424","old_name":"Blessed Sacrament School"},"geometry":{"type":"Polygon","coordinates":[[[-76.6070105,39.3403339],[-76.60689,39.3400928],[-76.6074883,39.339914],[-76.6075603,39.3400581],[-76.6073311,39.3401266],[-76.6073397,39.3401439],[-76.6074065,39.3401239],[-76.6074489,39.3402087],[-76.6072973,39.340254],[-76.607284,39.3402273],[-76.6073137,39.3402185],[-76.6072764,39.3401438],[-76.6071678,39.3401763],[-76.6072159,39.3402726],[-76.6070105,39.3403339]]]}},{"type":"Feature","id":347000673,"properties":{"osmId":347000673,"category":"religious","addr:city":"Baltimore","addr:housenumber":"4103","addr:postcode":"21218","addr:state":"MD","addr:street":"Old York Road","building":"church","disused:amenity":"place_of_worship","ele":"96","end_date":"2024-12-01","gnis:feature_id":"1708432","old_name":"Church of the Blessed Sacrament","religion":"christian"},"geometry":{"type":"Polygon","coordinates":[[[-76.6075197,39.3404533],[-76.607515,39.3404443],[-76.6072558,39.3405261],[-76.6072602,39.3405346],[-76.6071948,39.3405553],[-76.6070922,39.3403585],[-76.6071614,39.3403367],[-76.6071728,39.3403585],[-76.6073821,39.3402924],[-76.6073664,39.3402617],[-76.6074125,39.3402474],[-76.6074281,39.3402779],[-76.6074376,39.3402749],[-76.6074425,39.3402843],[-76.6074787,39.3402729],[-76.6074873,39.3402893],[-76.6075014,39.3402848],[-76.6075086,39.3402985],[-76.6075016,39.3403007],[-76.6075478,39.3403889],[-76.6075574,39.3403858],[-76.6075823,39.3404335],[-76.6075197,39.3404533]]]}},{"type":"Feature","id":379861120,"properties":{"osmId":379861120,"category":"academic","addr:housenumber":"501","building":"school","building:levels":"1","roof:levels":"0"},"geometry":{"type":"Polygon","coordinates":[[[-76.6257798,39.3216325],[-76.625569,39.3215903],[-76.6255905,39.3215261],[-76.6258013,39.3215684],[-76.6257798,39.3216325]]]}},{"type":"Feature","id":379861121,"properties":{"osmId":379861121,"category":"academic","addr:housenumber":"501","building":"school","building:levels":"1","roof:levels":"0"},"geometry":{"type":"Polygon","coordinates":[[[-76.6255286,39.3215954],[-76.625319,39.3215562],[-76.625339,39.3214923],[-76.6255486,39.3215316],[-76.6255286,39.3215954]]]}},{"type":"Feature","id":442592150,"properties":{"osmId":442592150,"category":"other","addr:housenumber":"200","addr:street":"Wyman Park Drive","amenity":"childcare","building":"yes","check_date":"2022-10-28","name":"Homewood Early Learning Center","operator":"Johns Hopkins University","operator:short":"JHU","operator:wikidata":"Q193727","operator:wikipedia":"en:Johns Hopkins University","social_facility":"day_care","social_facility:for":"child","_wikiTried":true},"geometry":{"type":"Polygon","coordinates":[[[-76.624337,39.3265458],[-76.6242222,39.326396],[-76.6248042,39.3261292],[-76.624919,39.3262791],[-76.6243484,39.3265406],[-76.624337,39.3265458]]]}},{"type":"Feature","id":484570636,"properties":{"osmId":484570636,"category":"academic","addr:city":"Baltimore","addr:housenumber":"300","addr:postcode":"21218","addr:state":"MD","addr:street":"East 29th Street","amenity":"community_centre","building":"school","name":"29th Street Community Center","operator:type":"ngo","_wikiTried":true},"geometry":{"type":"Polygon","coordinates":[[[-76.6123288,39.3236897],[-76.6123337,39.3237638],[-76.6120374,39.323772],[-76.6120372,39.3237564],[-76.6120362,39.3236559],[-76.6123272,39.3236481],[-76.6123288,39.3236897]]]}},{"type":"Feature","id":715509808,"properties":{"osmId":715509808,"category":"academic","building":"yes"},"geometry":{"type":"Polygon","coordinates":[[[-76.6291092,39.3360368],[-76.6291053,39.3359723],[-76.6291025,39.3359249],[-76.6290944,39.3357881],[-76.6291661,39.3357853],[-76.6291811,39.3360337],[-76.6291092,39.3360368]]]}},{"type":"Feature","id":965755599,"properties":{"osmId":965755599,"category":"academic","building":"university","building:levels":"1","building:material":"brick","name":"Jenkins-Merganthaler Hall","nohousenumber":"yes","roof:colour":"gray","roof:levels":"0","roof:material":"slate","roof:shape":"gabled","_wikiTried":true},"geometry":{"type":"Polygon","coordinates":[[[-76.6211492,39.3297802],[-76.6209952,39.3297862],[-76.6209721,39.3297871],[-76.6208801,39.3297906],[-76.6207931,39.329794],[-76.6207041,39.3297974],[-76.6206847,39.3297982],[-76.6206172,39.3298008],[-76.6206014,39.329557],[-76.6206004,39.3295417],[-76.620596,39.3294724],[-76.6205946,39.3294502],[-76.6205945,39.3294488],[-76.6205893,39.3293692],[-76.6205887,39.3293599],[-76.6211206,39.3293393],[-76.621121,39.3293442],[-76.6211226,39.32937],[-76.6211276,39.3294467],[-76.6211769,39.3294448],[-76.6211764,39.3294369],[-76.6212338,39.3294347],[-76.621238,39.3295001],[-76.6211313,39.3295043],[-76.6211492,39.3297802]]]}},{"type":"Feature","id":980611403,"properties":{"osmId":980611403,"category":"academic","building":"roof","layer":"1"},"geometry":{"type":"Polygon","coordinates":[[[-76.6286527,39.3364557],[-76.6285684,39.3364587],[-76.6285622,39.3363473],[-76.6286462,39.3363449],[-76.6286527,39.3364557]]]}},{"type":"Feature","id":1019725919,"properties":{"osmId":1019725919,"category":"academic","addr:city":"Baltimore","addr:housenumber":"820","addr:postcode":"21212","addr:state":"MD","addr:street":"East 43rd Street","building":"school","ele":"68","grades":"0-8","name":"Walter P. Carter Elementary/Middle School","opening_hours":"Mo-Fr 09:15-15:55; SH off","operator":"Baltimore City Public Schools","phone":"+1 410-396-6271","preschool":"yes","ref":"134","school":"primary;secondary","website":"https://sites.google.com/bcps.k12.md.us/wwpcem/home","_wikiTried":true},"geometry":{"type":"Polygon","coordinates":[[[-76.6037418,39.3428934],[-76.6037525,39.3428866],[-76.60372,39.3428198],[-76.6041145,39.3427018],[-76.6043453,39.3431434],[-76.604527,39.3430872],[-76.6046041,39.3432354],[-76.6045553,39.3432498],[-76.6045808,39.3433015],[-76.6046074,39.3433552],[-76.6046386,39.343346],[-76.6047047,39.3434794],[-76.6044852,39.3435444],[-76.6045007,39.3435757],[-76.6042354,39.3436543],[-76.6043952,39.3437364],[-76.6043848,39.3437485],[-76.6047916,39.3439576],[-76.6045545,39.3442336],[-76.60361,39.3437482],[-76.6037468,39.3435889],[-76.6036801,39.3435546],[-76.6037805,39.3434378],[-76.6038595,39.3434784],[-76.6038737,39.3434619],[-76.6039974,39.3433179],[-76.6038893,39.3430987],[-76.6038593,39.3431076],[-76.6037418,39.3428934]]]}},{"type":"Feature","id":1051040469,"properties":{"osmId":1051040469,"category":"medical","addr:city":"Baltimore","addr:country":"US","addr:housenumber":"3333","addr:postcode":"21218","addr:state":"MD","addr:street":"North Calvert Street","building":"hospital"},"geometry":{"type":"Polygon","coordinates":[[[-76.6148933,39.3297861],[-76.6143044,39.3298051],[-76.6137309,39.3298237],[-76.6137131,39.3294958],[-76.6137045,39.3293369],[-76.6140117,39.329327],[-76.6140045,39.3291929],[-76.6140736,39.3291907],[-76.6140716,39.3291537],[-76.6140552,39.3291542],[-76.6140508,39.3290729],[-76.6139701,39.3290755],[-76.6139671,39.3290192],[-76.6139121,39.329021],[-76.6139109,39.3290397],[-76.613921,39.3290394],[-76.6139283,39.3291876],[-76.6137662,39.3291924],[-76.6137631,39.3291296],[-76.6137095,39.3291312],[-76.6136868,39.3291152],[-76.6136664,39.329117],[-76.6136618,39.3290361],[-76.6136966,39.3290336],[-76.6136999,39.3290574],[-76.6137049,39.3290528],[-76.6137507,39.3290515],[-76.6137386,39.3288069],[-76.6137307,39.3288072],[-76.6137304,39.328801],[-76.6136887,39.3288022],[-76.6136672,39.3287864],[-76.6136648,39.3287418],[-76.6136837,39.3287227],[-76.6137233,39.3287215],[-76.613723,39.3287138],[-76.6137679,39.3287124],[-76.6137663,39.3286791],[-76.6137855,39.3286785],[-76.6137839,39.328647],[-76.6136545,39.3286512],[-76.6136465,39.3285035],[-76.6137298,39.3285008],[-76.613729,39.328484],[-76.61375,39.3284834],[-76.6137478,39.3284389],[-76.6137656,39.3284203],[-76.6138217,39.32842],[-76.6138422,39.3284337],[-76.6138446,39.3284818],[-76.6138647,39.3284812],[-76.6138655,39.3284964],[-76.6140627,39.32849],[-76.614061,39.328458],[-76.6141631,39.3284547],[-76.6141619,39.3284324],[-76.6142758,39.3284288],[-76.614277,39.3284527],[-76.614365,39.3284499],[-76.614363,39.3284126],[-76.6146045,39.3284048],[-76.6146218,39.3283865],[-76.6146757,39.3283853],[-76.6146981,39.3284005],[-76.6147003,39.3284455],[-76.6147205,39.3284449],[-76.6147221,39.3284687],[-76.6148047,39.328466],[-76.6148092,39.3285493],[-76.6148127,39.3286137],[-76.6146441,39.3286191],[-76.6146475,39.3286818],[-76.614682,39.3286865],[-76.6147268,39.328701],[-76.6147663,39.328723],[-76.614777,39.3287324],[-76.6147984,39.3287511],[-76.6148217,39.3287842],[-76.6148348,39.3288204],[-76.6148371,39.3288579],[-76.6148286,39.3288949],[-76.6148305,39.3288989],[-76.614847,39.3289326],[-76.6148506,39.32894],[-76.6148645,39.3292215],[-76.6148668,39.3292957],[-76.6148677,39.3293115],[-76.6148872,39.3296718],[-76.61489,39.3297238],[-76.6148933,39.3297861]]]}},{"type":"Feature","id":1121563743,"properties":{"osmId":1121563743,"category":"academic","building":"school"},"geometry":{"type":"Polygon","coordinates":[[[-76.6031679,39.3301515],[-76.6031683,39.3300216],[-76.6029889,39.3300213],[-76.6029889,39.330007],[-76.6029453,39.330007],[-76.6029453,39.3300212],[-76.6028173,39.330021],[-76.6028167,39.3302395],[-76.6027842,39.3302395],[-76.6027841,39.3302894],[-76.602784,39.3303422],[-76.6028164,39.3303422],[-76.6028163,39.330398],[-76.6031238,39.3303985],[-76.6031244,39.3301515],[-76.6031679,39.3301515]]]}},{"type":"Feature","id":1126066891,"properties":{"osmId":1126066891,"category":"other","building":"guardhouse","operator":"Johns Hopkins University","operator:short":"JHU","operator:wikidata":"Q193727","operator:wikipedia":"en:Johns Hopkins University."},"geometry":{"type":"Polygon","coordinates":[[[-76.6237105,39.3269939],[-76.6236798,39.3269961],[-76.6236766,39.3269692],[-76.6237073,39.326967],[-76.6237105,39.3269939]]]}},{"type":"Feature","id":1163891023,"properties":{"osmId":1163891023,"category":"academic","building":"school","fixme":"New building","name":"The Calvert School","_wikiTried":true},"geometry":{"type":"Polygon","coordinates":[[[-76.6214898,39.3400579],[-76.6213736,39.3400504],[-76.6213831,39.3399624],[-76.6214978,39.3399698],[-76.6219153,39.3397752],[-76.6219689,39.339844],[-76.621981,39.3398384],[-76.622217,39.3401413],[-76.6219109,39.340284],[-76.6217101,39.3403871],[-76.6216712,39.3403372],[-76.6216376,39.3403529],[-76.621474,39.3401429],[-76.6215075,39.3401272],[-76.6214683,39.3400768],[-76.6214949,39.3400644],[-76.6214898,39.3400579]]]}},{"type":"Feature","id":1312934763,"properties":{"osmId":1312934763,"category":"academic","building":"university"},"geometry":{"type":"Polygon","coordinates":[[[-76.6231498,39.3262883],[-76.6231967,39.3261428],[-76.6232574,39.3261157],[-76.623322,39.3261271],[-76.6233625,39.3261073],[-76.6234894,39.326129],[-76.6234605,39.3262295],[-76.623417,39.32625],[-76.6233898,39.3263345],[-76.6231498,39.3262883]]]}},{"type":"Feature","id":1312934764,"properties":{"osmId":1312934764,"category":"academic","building":"university"},"geometry":{"type":"Polygon","coordinates":[[[-76.6231406,39.3260175],[-76.6230628,39.3260037],[-76.622921,39.325822],[-76.6230462,39.3257635],[-76.6230662,39.3257891],[-76.6231029,39.325772],[-76.6230833,39.3257469],[-76.6232059,39.3256896],[-76.623376,39.3259077],[-76.6231406,39.3260175]]]}},{"type":"Feature","id":1423472449,"properties":{"osmId":1423472449,"category":"academic","building":"university","name":"Bloomberg Student Center","_wikiTried":true},"geometry":{"type":"Polygon","coordinates":[[[-76.618877,39.3278237],[-76.6189588,39.3278883],[-76.6188448,39.3279737],[-76.6188779,39.3279999],[-76.6184535,39.3283221],[-76.6179891,39.3279497],[-76.6180173,39.3279266],[-76.6179504,39.3278734],[-76.6180212,39.3278183],[-76.6179398,39.3277565],[-76.6180106,39.3277021],[-76.6179721,39.3276695],[-76.6182075,39.3274989],[-76.6183052,39.3275739],[-76.6184629,39.327453],[-76.6185951,39.3275593],[-76.6186341,39.3275287],[-76.6189444,39.3277699],[-76.618877,39.3278237]]]}}]}