{"type":"FeatureCollection","features":[{"type":"Feature","id":29513254,"properties":{"osmId":29513254,"category":"library","addr:city":"Boston","addr:housenumber":"132","addr:postcode":"02215","addr:state":"MA","addr:street":"Riverway","amenity":"library","building":"yes","ele":"9","gnis:feature_id":"2345024","name":"Wheelock College Library","operator":"Boston University","operator:type":"university","source":"USGS Geonames","source:url":"http://mass.gov/mgis/libraries.htm","website":"https://www.bu.edu/library/pickering-educational/"},"geometry":{"type":"Polygon","coordinates":[[[-71.1047768,42.3430069],[-71.1047801,42.3430532],[-71.1048208,42.3430516],[-71.1048311,42.3431986],[-71.1045213,42.3432105],[-71.1045153,42.3431247],[-71.1045831,42.3431221],[-71.1045805,42.3430858],[-71.1046746,42.3430822],[-71.1046696,42.343011],[-71.1047768,42.3430069]]]}},{"type":"Feature","id":29513292,"properties":{"osmId":29513292,"category":"residential","building":"dormitory","name":"Morse Hall"},"geometry":{"type":"Polygon","coordinates":[[[-71.1044663,42.3418242],[-71.1045874,42.3418948],[-71.1044126,42.3420598],[-71.1042744,42.3421903],[-71.1042055,42.3421503],[-71.1041533,42.3421199],[-71.1044663,42.3418242]]]}},{"type":"Feature","id":29513372,"properties":{"osmId":29513372,"category":"medical","building":"hospital","name":"Carl J. Shapiro Clinical Center"},"geometry":{"type":"Polygon","coordinates":[[[-71.1062306,42.3385352],[-71.1063317,42.3385946],[-71.1063672,42.3385614],[-71.106604,42.3387009],[-71.1066265,42.3387141],[-71.1068382,42.3388387],[-71.1066687,42.3389972],[-71.1065987,42.3389559],[-71.1065525,42.3389991],[-71.1065864,42.3390191],[-71.1064552,42.3391418],[-71.1064198,42.3391209],[-71.1063709,42.3391665],[-71.1064398,42.3392071],[-71.106227,42.3394061],[-71.1059032,42.3392164],[-71.1056576,42.3390711],[-71.1062306,42.3385352]]]}},{"type":"Feature","id":29513486,"properties":{"osmId":29513486,"category":"medical","building":"hospital"},"geometry":{"type":"Polygon","coordinates":[[[-71.1057998,42.3349601],[-71.1059351,42.3350485],[-71.1056801,42.3352633],[-71.1055449,42.3351748],[-71.1057998,42.3349601]]]}},{"type":"Feature","id":29551776,"properties":{"osmId":29551776,"category":"academic","addr:city":"Boston","addr:housenumber":"290-294","addr:postcode":"02115","addr:state":"MA","addr:street":"Huntington Avenue","building":"college","building:levels":"3","historic":"building","name":"Jordan Hall Building","operator":"New England Conservatory of Music"},"geometry":{"type":"Polygon","coordinates":[[[-71.0864309,42.3405512],[-71.0864854,42.3405998],[-71.0864717,42.3406116],[-71.0868454,42.3409389],[-71.0864221,42.3412843],[-71.0858756,42.3409354],[-71.0863288,42.340594],[-71.0864309,42.3405512]]]}},{"type":"Feature","id":29552323,"properties":{"osmId":29552323,"category":"academic","addr:housenumber":"140","addr:street":"Fenway","building":"university","building:levels":"4","campusbuilding":"yes","ele":"6","gnis:feature_id":"1971255","name":"140 The Fenway","old_name":"Forsyth Institute;Forsyth Dental Infirmary for Children"},"geometry":{"type":"Polygon","coordinates":[[[-71.0916027,42.3404689],[-71.0921932,42.3406775],[-71.0919229,42.3410958],[-71.0913323,42.3408872],[-71.0916027,42.3404689]]]}},{"type":"Feature","id":29554005,"properties":{"osmId":29554005,"category":"academic","addr:housenumber":"1135","addr:postcode":"02120","addr:street":"Tremont Street","building":"office","building:levels":"9","building:material":"brick","name":"Rennaissance Park","roof:levels":"1"},"geometry":{"type":"Polygon","coordinates":[[[-71.0878824,42.3354747],[-71.0882178,42.3353149],[-71.0885456,42.3356908],[-71.0885013,42.3357119],[-71.0885115,42.3357237],[-71.0882506,42.3358969],[-71.0878824,42.3354747]]]}},{"type":"Feature","id":29554351,"properties":{"osmId":29554351,"category":"residential","addr:housenumber":"171","addr:street":"Hemenway Street","building":"apartments","name":"Reynolds Hall"},"geometry":{"type":"Polygon","coordinates":[[[-71.0910297,42.3413481],[-71.0911222,42.3412027],[-71.0912211,42.3412372],[-71.0912078,42.3412582],[-71.0912539,42.3412743],[-71.0912666,42.3412543],[-71.0913526,42.3412843],[-71.0912868,42.3413873],[-71.0911744,42.3413481],[-71.0911495,42.3413869],[-71.0910297,42.3413481]]]}},{"type":"Feature","id":29554852,"properties":{"osmId":29554852,"category":"academic","amenity":"parking","building":"university","building:levels":"7","name":"Columbus Parking Garage","operator":"Northeastern University","parking":"multi-storey"},"geometry":{"type":"Polygon","coordinates":[[[-71.0862,42.3376217],[-71.0869725,42.3381423],[-71.0865402,42.3384954],[-71.0865755,42.3385182],[-71.0865088,42.3385719],[-71.0864606,42.3386105],[-71.0864325,42.3385897],[-71.0862565,42.3387334],[-71.0859922,42.3385554],[-71.0860357,42.3385199],[-71.0859754,42.3384767],[-71.0859996,42.3384581],[-71.0863148,42.3382152],[-71.0863473,42.3381902],[-71.0863953,42.3381532],[-71.0859319,42.3378408],[-71.085899,42.3378187],[-71.0859325,42.3377914],[-71.0859504,42.3377768],[-71.0859832,42.3377989],[-71.0862,42.3376217]]]}},{"type":"Feature","id":29555562,"properties":{"osmId":29555562,"category":"residential","addr:city":"Boston","addr:housenumber":"164","addr:postcode":"02116","addr:state":"MA","addr:street":"Marlborough Street","architect":"Henry Hobson Richardson","building":"residential","building:levels":"4","building:material":"brick","name":"Crowninshield House","operator":"Bay State College","ref:nrhp":"72000145","roof:levels":"1","start_date":"1870","website":"https://catalog.archives.gov/id/63796710","wikidata":"Q5189564"},"geometry":{"type":"Polygon","coordinates":[[[-71.0790493,42.3525519],[-71.0790833,42.3526185],[-71.0788564,42.3526796],[-71.0788246,42.3526145],[-71.0790493,42.3525519]]]}},{"type":"Feature","id":29555700,"properties":{"osmId":29555700,"category":"academic","addr:city":"Boston","addr:housenumber":"906","addr:postcode":"02119","addr:state":"MA","addr:street":"Albany Street","building":"school"},"geometry":{"type":"Polygon","coordinates":[[[-71.0779261,42.330431],[-71.0777828,42.3304225],[-71.0777747,42.3304979],[-71.0777195,42.3304946],[-71.0776451,42.3305411],[-71.0776298,42.3305277],[-71.0775131,42.3306005],[-71.0775282,42.3306138],[-71.0770701,42.3308998],[-71.0770551,42.3308866],[-71.0770208,42.330908],[-71.0770359,42.3309212],[-71.0769689,42.3309631],[-71.0770127,42.3310014],[-71.0769432,42.3310448],[-71.076948,42.3310489],[-71.0768924,42.3310837],[-71.0768481,42.331045],[-71.0768605,42.3310373],[-71.0768077,42.3309911],[-71.076743,42.3310315],[-71.0766117,42.3309166],[-71.0766289,42.3309059],[-71.0765652,42.3308501],[-71.0764092,42.3309475],[-71.0761617,42.3307309],[-71.0764056,42.3305786],[-71.0764786,42.3306425],[-71.0765225,42.3306151],[-71.0765138,42.3306075],[-71.0767264,42.3304748],[-71.0768043,42.3305429],[-71.0767882,42.330553],[-71.076841,42.3305992],[-71.0768571,42.3305891],[-71.0769266,42.33065],[-71.0770813,42.3305534],[-71.0770978,42.3305679],[-71.0771486,42.3305362],[-71.0771358,42.330525],[-71.0773055,42.3304191],[-71.0772319,42.3303547],[-71.0772477,42.3303449],[-71.0771956,42.3302993],[-71.0771798,42.3303092],[-71.0771043,42.330243],[-71.0773273,42.3301038],[-71.0773857,42.3301549],[-71.0773985,42.3301469],[-71.0775279,42.3302602],[-71.0775595,42.3302404],[-71.0775936,42.3302703],[-71.0777737,42.330159],[-71.0779083,42.3301669],[-71.0779109,42.3301431],[-71.0779644,42.3301463],[-71.077967,42.330122],[-71.0781682,42.3301338],[-71.0781524,42.3302809],[-71.0781145,42.3302787],[-71.0781082,42.3303373],[-71.0779425,42.3304448],[-71.0779261,42.330431]]]}},{"type":"Feature","id":29557600,"properties":{"osmId":29557600,"category":"academic","building":"university","building:levels":"9","check_date":"2024-09-13","designation":"Residence/Study Space","name":"Myles Standish Hall","wikidata":"Q6947706"},"geometry":{"type":"Polygon","coordinates":[[[-71.0949511,42.3494884],[-71.0949617,42.3495103],[-71.0951084,42.3498149],[-71.0949523,42.3498569],[-71.0949063,42.3497627],[-71.0949463,42.349752],[-71.0948768,42.3496098],[-71.0947843,42.3496347],[-71.0948931,42.3498572],[-71.094705,42.3498577],[-71.0946433,42.3497315],[-71.0945072,42.3497681],[-71.0945466,42.3498488],[-71.0943551,42.3498493],[-71.0943407,42.3498198],[-71.0941869,42.3498202],[-71.0942039,42.349855],[-71.0937787,42.349856],[-71.0937737,42.3498545],[-71.0937689,42.3498525],[-71.0937646,42.3498499],[-71.0937608,42.349847],[-71.0937576,42.3498438],[-71.0937549,42.3498402],[-71.0937531,42.3498364],[-71.093752,42.3498324],[-71.0937516,42.3498284],[-71.093752,42.3498243],[-71.0937531,42.3498203],[-71.093755,42.3498166],[-71.0937575,42.349813],[-71.0937607,42.3498097],[-71.0937645,42.3498068],[-71.0937688,42.3498043],[-71.0937985,42.3497965],[-71.0949511,42.3494884]]]}},{"type":"Feature","id":29558523,"properties":{"osmId":29558523,"category":"residential","addr:housenumber":"81;83","addr:street":"Saint Stephen Street","building":"dormitory","name":"Light Hall"},"geometry":{"type":"Polygon","coordinates":[[[-71.0881716,42.3416742],[-71.0883167,42.3418779],[-71.0881971,42.3419245],[-71.088144,42.3419451],[-71.0881064,42.3418923],[-71.0881491,42.3418756],[-71.0881335,42.3418537],[-71.0880926,42.3418696],[-71.0880008,42.3417407],[-71.0881716,42.3416742]]]}},{"type":"Feature","id":29559271,"properties":{"osmId":29559271,"category":"academic","building":"university","name":"Building A"},"geometry":{"type":"Polygon","coordinates":[[[-71.0723293,42.3358333],[-71.0725013,42.335977],[-71.0724654,42.335998],[-71.0722776,42.3361228],[-71.0721336,42.3360026],[-71.0722722,42.3359119],[-71.0722446,42.3358888],[-71.0723293,42.3358333]]]}},{"type":"Feature","id":29559357,"properties":{"osmId":29559357,"category":"religious","addr:city":"Boston","addr:housenumber":"514","addr:street":"Parker Street","amenity":"place_of_worship","building":"yes","denomination":"greek_orthodox","ele":"4","gnis:feature_id":"2342372","name":"Annunciation Greek Orthodox Cathedral of New England","phone":"+1-617-731-6633","religion":"christian","website":"https://www.bostoncathedral.org/","wikidata":"Q4769774"},"geometry":{"type":"Polygon","coordinates":[[[-71.0933401,42.336498],[-71.0934512,42.3365361],[-71.0934717,42.3365036],[-71.0935598,42.3365338],[-71.0935392,42.3365666],[-71.0936505,42.3366047],[-71.0936295,42.3366381],[-71.0936736,42.3366532],[-71.0936532,42.3366858],[-71.0936327,42.3367185],[-71.0935888,42.3367034],[-71.0935679,42.3367367],[-71.0934568,42.3366985],[-71.0934364,42.336731],[-71.0933483,42.3367008],[-71.0933688,42.3366681],[-71.0932576,42.3366299],[-71.0932785,42.3365966],[-71.0932344,42.3365814],[-71.0932754,42.3365162],[-71.0933193,42.3365312],[-71.0933401,42.336498]]]}},{"type":"Feature","id":29560443,"properties":{"osmId":29560443,"category":"academic","building":"school","wikidata":"Q132472535"},"geometry":{"type":"Polygon","coordinates":[[[-71.0992082,42.3433495],[-71.0992277,42.3433885],[-71.0993122,42.3433654],[-71.0993621,42.3434652],[-71.0992773,42.3434884],[-71.0992901,42.3435139],[-71.0991233,42.3435595],[-71.0990857,42.3434843],[-71.098822,42.3435562],[-71.0987774,42.3434671],[-71.0992082,42.3433495]]]}},{"type":"Feature","id":29560485,"properties":{"osmId":29560485,"category":"religious","addr:housenumber":"165","addr:street":"Dudley Street","building":"church","wikidata":"Q111842698"},"geometry":{"type":"Polygon","coordinates":[[[-71.0825041,42.3282292],[-71.0827036,42.3282471],[-71.0826625,42.328497],[-71.082463,42.3284791],[-71.0825041,42.3282292]]]}},{"type":"Feature","id":29560627,"properties":{"osmId":29560627,"category":"academic","addr:housenumber":"800","addr:street":"Harrison Avenue","building":"university","name":"BCD"},"geometry":{"type":"Polygon","coordinates":[[[-71.072986,42.3356111],[-71.0733214,42.3358786],[-71.073192,42.3359679],[-71.0728566,42.3357005],[-71.072986,42.3356111]]]}},{"type":"Feature","id":29566437,"properties":{"osmId":29566437,"category":"academic","addr:city":"Boston","addr:housename":"Snell Library, Northeastern University","addr:housenumber":"360","addr:postcode":"02115","addr:state":"MA","addr:street":"Huntington Avenue","alt_name":"Snell Library, Northeastern University","amenity":"library","building":"university","building:levels":"5","ele":"3","fax":"+1 617 373 5409","gnis:feature_id":"1971939","internet_access":"yes","name":"Snell Library","operator":"Northeastern University","phone":"+1 617 373 8778","source":"MassGIS Buildings (http://www.mass.gov/mgis/lidarbuildingfp2d.htm);USGS Geonames","toilets:wheelchair":"yes","website":"https://library.northeastern.edu/","wheelchair":"yes","wheelchair:description":"Persons with Disabilities webpage: http://library.northeastern.edu/gateways/persons-with-disabilities","wikipedia":"en:Northeastern University"},"geometry":{"type":"Polygon","coordinates":[[[-71.088204,42.3378873],[-71.0883215,42.3380503],[-71.088224,42.338086],[-71.0882656,42.3381489],[-71.0882262,42.3381644],[-71.088318,42.3382774],[-71.088362,42.3383413],[-71.0885238,42.3385651],[-71.0884533,42.3385945],[-71.0884735,42.3386223],[-71.0884614,42.3386479],[-71.0884563,42.3386505],[-71.0884227,42.3386426],[-71.0884059,42.338617],[-71.0883715,42.3385758],[-71.0881424,42.3386755],[-71.088112,42.3386887],[-71.0878748,42.3387875],[-71.0878544,42.3387939],[-71.0878392,42.338773],[-71.0876705,42.3385412],[-71.0875028,42.3386099],[-71.0874729,42.3385666],[-71.087417,42.3384858],[-71.0873837,42.3384377],[-71.0874621,42.3384081],[-71.0874441,42.3383841],[-71.087536,42.3383495],[-71.0875219,42.3383262],[-71.0876081,42.3382895],[-71.0875973,42.3382677],[-71.087673,42.3382389],[-71.0876641,42.3382145],[-71.0877414,42.3381843],[-71.0877198,42.3381617],[-71.0878117,42.3381257],[-71.0878024,42.3381042],[-71.0878892,42.3380725],[-71.087873,42.3380538],[-71.0879576,42.3380205],[-71.0879424,42.3379939],[-71.088204,42.3378873]]]}},{"type":"Feature","id":29568628,"properties":{"osmId":29568628,"category":"religious","amenity":"place_of_worship","building":"church","name":"Saint Katharine Drexel Parish Center"},"geometry":{"type":"Polygon","coordinates":[[[-71.0875948,42.3343479],[-71.0877077,42.3344155],[-71.0877016,42.3344212],[-71.0879629,42.3345779],[-71.0878696,42.3346634],[-71.0878487,42.3346508],[-71.087835,42.3346634],[-71.0877755,42.3346277],[-71.0877894,42.334615],[-71.0876704,42.3345437],[-71.0876403,42.3345714],[-71.08754,42.3345113],[-71.087564,42.3344892],[-71.0874894,42.3344445],[-71.0875948,42.3343479]]]}},{"type":"Feature","id":29572600,"properties":{"osmId":29572600,"category":"academic","addr:housenumber":"400","addr:state":"MA","addr:street":"Huntington Avenue","building":"university","ele":"4","gnis:feature_id":"1971891","leisure":"sports_centre","name":"Cabot Physical Education Center","source":"MassGIS Buildings (http://www.mass.gov/mgis/lidarbuildingfp2d.htm);USGS Geonames"},"geometry":{"type":"Polygon","coordinates":[[[-71.0901138,42.3394157],[-71.0901801,42.3395023],[-71.0902739,42.3396247],[-71.0896648,42.3398817],[-71.0895772,42.3397674],[-71.0894242,42.3395677],[-71.0893425,42.3396022],[-71.0892283,42.3396504],[-71.0891498,42.3395479],[-71.0899548,42.3392083],[-71.0901138,42.3394157]]]}},{"type":"Feature","id":29574944,"properties":{"osmId":29574944,"category":"academic","addr:city":"Boston","addr:housenumber":"115","addr:postcode":"02115","addr:state":"MA","addr:street":"Forsyth Street","building":"university","check_date":"2025-03-20","name":"Shillman Hall","operator":"Northeastern University"},"geometry":{"type":"Polygon","coordinates":[[[-71.0902951,42.3374114],[-71.0905531,42.3374226],[-71.0905392,42.3376006],[-71.0902916,42.3375899],[-71.0902878,42.3376388],[-71.0902223,42.337636],[-71.0902081,42.3378147],[-71.0899711,42.3378045],[-71.0899871,42.337601],[-71.0899892,42.3375962],[-71.0899911,42.3375917],[-71.0899933,42.3375872],[-71.0899957,42.3375827],[-71.089998,42.3375783],[-71.0900005,42.337574],[-71.0900031,42.3375696],[-71.0900057,42.3375653],[-71.0900086,42.3375611],[-71.0900115,42.3375568],[-71.0900144,42.3375527],[-71.0900176,42.3375484],[-71.0900208,42.3375443],[-71.090024,42.3375403],[-71.0900274,42.3375362],[-71.090031,42.3375322],[-71.0900345,42.3375282],[-71.0900382,42.3375244],[-71.0900418,42.3375205],[-71.0900457,42.3375167],[-71.0900497,42.337513],[-71.0900537,42.3375092],[-71.0900578,42.3375056],[-71.090062,42.337502],[-71.0900662,42.3374985],[-71.0900706,42.337495],[-71.090075,42.3374916],[-71.0900795,42.3374882],[-71.0900842,42.3374848],[-71.0900888,42.3374816],[-71.0900936,42.3374784],[-71.0900984,42.3374753],[-71.0901033,42.3374722],[-71.0901083,42.3374693],[-71.0901133,42.3374663],[-71.0901184,42.3374634],[-71.0901236,42.3374606],[-71.0901289,42.3374579],[-71.0901341,42.3374552],[-71.0901395,42.3374526],[-71.090145,42.3374501],[-71.0901504,42.3374476],[-71.090156,42.3374452],[-71.0901616,42.3374429],[-71.0901672,42.3374407],[-71.0901729,42.3374385],[-71.0901787,42.3374365],[-71.0901845,42.3374344],[-71.0901903,42.3374325],[-71.0901962,42.3374306],[-71.0902021,42.3374288],[-71.0902081,42.3374271],[-71.0902142,42.3374254],[-71.0902202,42.3374239],[-71.0902263,42.3374224],[-71.0902324,42.337421],[-71.0902386,42.3374197],[-71.0902448,42.3374184],[-71.090251,42.3374173],[-71.0902572,42.3374162],[-71.0902635,42.3374152],[-71.0902697,42.3374143],[-71.090276,42.3374134],[-71.0902824,42.3374127],[-71.0902888,42.337412],[-71.0902951,42.3374114]]]}},{"type":"Feature","id":29575199,"properties":{"osmId":29575199,"category":"library","addr:city":"Roxbury","addr:housenumber":"149","addr:postcode":"02119","addr:state":"MA","addr:street":"Dudley Street","amenity":"library","building":"yes","building:levels":"2","check_date":"2025-09-07","internet_access":"wlan","internet_access:fee":"no","name":"Shaw-Roxbury Branch of the Boston Public Library","old_name":"Roxbury Boston Public Library","opening_hours":"Mo 12:00-20:00; Tu-Th 10:00-18:00; Fr-Sa 9:00-17:00","operator:type":"public","website":"https://www.bpl.org/locations/shaw-roxbury/"},"geometry":{"type":"Polygon","coordinates":[[[-71.0833593,42.3278141],[-71.0837361,42.3278329],[-71.0837202,42.3280089],[-71.083872,42.3280165],[-71.0838535,42.3282219],[-71.0838128,42.3282199],[-71.0838088,42.3282648],[-71.0837549,42.3282621],[-71.0837523,42.328291],[-71.0836943,42.3282882],[-71.0836903,42.3283329],[-71.0835462,42.3283257],[-71.0835498,42.3282847],[-71.0835367,42.3282841],[-71.0835403,42.3282451],[-71.0835227,42.3282442],[-71.0835258,42.3282103],[-71.0835158,42.3282098],[-71.0835198,42.3281657],[-71.0834451,42.328162],[-71.083447,42.328141],[-71.0834942,42.3281434],[-71.0834975,42.3281079],[-71.0833334,42.3280997],[-71.0833593,42.3278141]]]}},{"type":"Feature","id":29575663,"properties":{"osmId":29575663,"category":"residential","building":"dormitory","campusbuilding":"yes","name":"Levine Hall and Saint Stephen Street Complex"},"geometry":{"type":"Polygon","coordinates":[[[-71.0890922,42.3408618],[-71.0891092,42.3408665],[-71.0891221,42.3408843],[-71.0891161,42.3408957],[-71.0891366,42.3409247],[-71.0891535,42.3409271],[-71.0891655,42.340944],[-71.0891595,42.3409576],[-71.0892034,42.3410175],[-71.0892192,42.3410199],[-71.0892341,42.3410365],[-71.0892265,42.3410557],[-71.0892014,42.3410661],[-71.0891835,42.3410614],[-71.0891127,42.3410896],[-71.0891072,42.3411032],[-71.0890848,42.3411124],[-71.0890678,42.3411081],[-71.0890513,42.3411146],[-71.0890464,42.3411273],[-71.0890231,42.3411371],[-71.0890071,42.3411328],[-71.0889334,42.3411614],[-71.0889281,42.3411746],[-71.0889061,42.341183],[-71.0888897,42.3411795],[-71.0888557,42.3411919],[-71.0888517,42.3412046],[-71.088828,42.3412141],[-71.0888114,42.3412099],[-71.0887391,42.3412379],[-71.0887338,42.3412511],[-71.0887114,42.3412594],[-71.0886945,42.3412556],[-71.0886804,42.3412609],[-71.0886743,42.341274],[-71.0886522,42.3412822],[-71.0886357,42.3412787],[-71.0885635,42.3413067],[-71.0885578,42.3413196],[-71.0885363,42.3413289],[-71.088515,42.3413237],[-71.0883833,42.3411398],[-71.088507,42.3410921],[-71.0885707,42.3411821],[-71.0886523,42.3411505],[-71.0885871,42.3410583],[-71.0887186,42.3410075],[-71.0887848,42.3411011],[-71.0888311,42.3410832],[-71.0887648,42.3409893],[-71.0888859,42.3409426],[-71.0889483,42.341031],[-71.089039,42.340996],[-71.0889769,42.3409081],[-71.0890922,42.3408618]]]}},{"type":"Feature","id":29575923,"properties":{"osmId":29575923,"category":"residential","addr:housenumber":"87","addr:street":"Saint Stephen Street","building":"dormitory"},"geometry":{"type":"Polygon","coordinates":[[[-71.0881985,42.3416658],[-71.0884716,42.3415556],[-71.0886208,42.3417577],[-71.0883476,42.3418678],[-71.0881985,42.3416658]]]}},{"type":"Feature","id":29576327,"properties":{"osmId":29576327,"category":"medical","addr:state":"MA","building":"hospital","building:levels":"9","ele":"10","gnis:feature_id":"1971873","name":"Hale Family Building","source":"USGS Geonames"},"geometry":{"type":"Polygon","coordinates":[[[-71.1055175,42.3359378],[-71.105858,42.3361362],[-71.1056499,42.3363373],[-71.105794,42.3364196],[-71.1058113,42.3364034],[-71.1058883,42.3364495],[-71.1059215,42.336468],[-71.1058164,42.3365711],[-71.1057789,42.3366079],[-71.1056497,42.3367346],[-71.1054394,42.3366175],[-71.1053962,42.3366599],[-71.1053526,42.3366357],[-71.105291,42.336696],[-71.1053361,42.3367227],[-71.1052548,42.3368094],[-71.105229,42.3368357],[-71.1049139,42.336669],[-71.1051838,42.3362864],[-71.1055175,42.3359378]]]}},{"type":"Feature","id":29579939,"properties":{"osmId":29579939,"category":"academic","addr:housenumber":"631;635","addr:street":"Commonwealth Avenue","building":"university","name":"College of Health & Rehabilitation Sciences: Sargent College"},"geometry":{"type":"Polygon","coordinates":[[[-71.1017605,42.3496952],[-71.102293,42.3497567],[-71.1022344,42.3500343],[-71.1017018,42.3499728],[-71.1017201,42.3498863],[-71.1017589,42.3497028],[-71.1017605,42.3496952]]]}},{"type":"Feature","id":29581313,"properties":{"osmId":29581313,"category":"academic","building":"university","name":"Bartol Dining Hall"},"geometry":{"type":"Polygon","coordinates":[[[-71.1056713,42.3410704],[-71.1058596,42.3411769],[-71.105826,42.3412088],[-71.105876,42.3412375],[-71.105829,42.3412821],[-71.1058973,42.3413215],[-71.1057368,42.3414738],[-71.1056557,42.3414272],[-71.1055806,42.3414985],[-71.1055088,42.3414572],[-71.1054673,42.3414333],[-71.1053883,42.3413878],[-71.1054608,42.341319],[-71.1053739,42.3412689],[-71.1055092,42.3411405],[-71.1055653,42.3411728],[-71.1056713,42.3410704]]]}},{"type":"Feature","id":29581513,"properties":{"osmId":29581513,"category":"academic","addr:city":"Boston","addr:housename":"Photonics Center","addr:housenumber":"8","addr:postcode":"02215","addr:state":"MA","addr:street":"Saint Mary's Street","alt_name":"PHO","building":"university","building:levels":"9","name":"Photonics Center"},"geometry":{"type":"Polygon","coordinates":[[[-71.1056561,42.3489663],[-71.1066305,42.3491454],[-71.1065821,42.3493754],[-71.1055849,42.3492617],[-71.1056561,42.3489663]]]}},{"type":"Feature","id":29582287,"properties":{"osmId":29582287,"category":"library","addr:city":"Boston","addr:housenumber":"400","addr:postcode":"02115","addr:state":"MA","addr:street":"Fenway","amenity":"library","building":"yes","name":"Cardinal Cushing Library","operator":"Emmanuel College","operator:type":"college","source:url":"http://mass.gov/mgis/libraries.htm","website":"https://learningcommons.emmanuel.edu/library"},"geometry":{"type":"Polygon","coordinates":[[[-71.1015648,42.3400139],[-71.1016523,42.3400454],[-71.1016338,42.3400737],[-71.1016381,42.3400763],[-71.1016425,42.3400792],[-71.1016468,42.340082],[-71.101651,42.3400848],[-71.1016553,42.3400877],[-71.1016594,42.3400906],[-71.1016634,42.3400936],[-71.1016673,42.3400967],[-71.1016712,42.3400998],[-71.1016751,42.3401029],[-71.1016788,42.3401062],[-71.1016824,42.3401094],[-71.1016861,42.3401128],[-71.1016896,42.3401161],[-71.1016929,42.3401195],[-71.1016963,42.3401229],[-71.1016996,42.3401264],[-71.1017027,42.34013],[-71.1017058,42.3401336],[-71.1017088,42.3401372],[-71.1017117,42.3401408],[-71.1017146,42.3401445],[-71.1017195,42.3401513],[-71.1015709,42.340227],[-71.1019582,42.340614],[-71.101939,42.3406247],[-71.1019698,42.3406555],[-71.101821,42.3407374],[-71.1017897,42.3407062],[-71.101747,42.3407297],[-71.1013275,42.3403105],[-71.1015209,42.3400301],[-71.1015264,42.3400314],[-71.1015318,42.3400327],[-71.1015373,42.340034],[-71.1015426,42.3400355],[-71.1015494,42.3400374],[-71.1015648,42.3400139]]]}},{"type":"Feature","id":29583992,"properties":{"osmId":29583992,"category":"residential","building":"dormitory","name":"Smith Hall"},"geometry":{"type":"Polygon","coordinates":[[[-71.1054422,42.3418567],[-71.1055631,42.3419352],[-71.1051684,42.3422697],[-71.1050475,42.3421913],[-71.1054422,42.3418567]]]}},{"type":"Feature","id":29591563,"properties":{"osmId":29591563,"category":"medical","building":"hospital"},"geometry":{"type":"Polygon","coordinates":[[[-71.1058706,42.3353251],[-71.1060119,42.3354163],[-71.105959,42.3354615],[-71.1058177,42.3353703],[-71.1058706,42.3353251]]]}},{"type":"Feature","id":29600467,"properties":{"osmId":29600467,"category":"academic","addr:city":"Boston","addr:housenumber":"110","addr:state":"MA","addr:street":"Fenway","building":"university","ele":"6","gnis:feature_id":"1971892","name":"Cahners Hall","operator":"Northeastern University","source":"MassGIS Buildings (http://www.mass.gov/mgis/lidarbuildingfp2d.htm);USGS Geonames"},"geometry":{"type":"Polygon","coordinates":[[[-71.0913977,42.3413254],[-71.0917312,42.3414435],[-71.0917027,42.3414873],[-71.0917599,42.3415076],[-71.091711,42.3415829],[-71.0916615,42.3415654],[-71.0916341,42.3416077],[-71.091293,42.341487],[-71.0913977,42.3413254]]]}},{"type":"Feature","id":29610560,"properties":{"osmId":29610560,"category":"religious","addr:housenumber":"44;46","addr:street":"Forest Street","amenity":"place_of_worship","building":"yes","name":"Salem Hispanic Seventh-Day Adventist Church","religion":"christian"},"geometry":{"type":"Polygon","coordinates":[[[-71.0774076,42.3266878],[-71.0775612,42.3267914],[-71.077404,42.3269188],[-71.0773884,42.3269083],[-71.0772998,42.3269802],[-71.0771789,42.3268987],[-71.0772618,42.3268315],[-71.0772445,42.3268199],[-71.0774076,42.3266878]]]}},{"type":"Feature","id":29610786,"properties":{"osmId":29610786,"category":"religious","addr:city":"Boston","addr:housenumber":"165","addr:postcode":"02215","addr:state":"MA","addr:street":"Park Drive","amenity":"place_of_worship","building":"yes","denomination":"orthodox","name":"Holy Trinity Orthodox Cathedral","phone":"+1-617-262-9490","religion":"christian","service_times":"Su 09:30","website":"https://www.holytrinityorthodox.org/","wikidata":"Q131463355"},"geometry":{"type":"Polygon","coordinates":[[[-71.0989367,42.3409597],[-71.0990515,42.3412007],[-71.0988752,42.3412466],[-71.0987604,42.3410056],[-71.0989367,42.3409597]]]}},{"type":"Feature","id":29611936,"properties":{"osmId":29611936,"category":"residential","addr:city":"Boston","addr:country":"US","addr:housenumber":"10","addr:postcode":"02115","addr:state":"MA","addr:street":"Leon Street","building":"dormitory","building:levels":"8","name":"West Village E"},"geometry":{"type":"Polygon","coordinates":[[[-71.0922011,42.3368339],[-71.0921778,42.3368247],[-71.0920788,42.3367802],[-71.0919934,42.3367202],[-71.0914646,42.3365234],[-71.091448,42.3365502],[-71.0913622,42.3365185],[-71.0912555,42.3364791],[-71.091258,42.3364633],[-71.0912765,42.3362768],[-71.0922943,42.3366858],[-71.0922011,42.3368339]]]}},{"type":"Feature","id":29612438,"properties":{"osmId":29612438,"category":"religious","addr:housenumber":"738","addr:street":"Parker Street","amenity":"place_of_worship","building":"yes","name":"Spanish Church of God","religion":"christian","wikidata":"Q131481466"},"geometry":{"type":"Polygon","coordinates":[[[-71.0974132,42.3303489],[-71.0976946,42.3304671],[-71.0975788,42.3306178],[-71.0973,42.3305008],[-71.0973241,42.3304694],[-71.0972767,42.3304495],[-71.0973403,42.3303668],[-71.097385,42.3303855],[-71.0974132,42.3303489]]]}},{"type":"Feature","id":29612581,"properties":{"osmId":29612581,"category":"academic","addr:housenumber":"820","addr:street":"Harrison Avenue","building":"university","name":"FGH"},"geometry":{"type":"Polygon","coordinates":[[[-71.0736257,42.3352108],[-71.0736944,42.3352655],[-71.0736727,42.3352804],[-71.0738613,42.3354304],[-71.0738806,42.3354172],[-71.0739561,42.3354773],[-71.0738164,42.3355732],[-71.073742,42.335514],[-71.0737616,42.3355005],[-71.0735655,42.3353445],[-71.073556,42.335351],[-71.0734938,42.3353014],[-71.0736257,42.3352108]]]}},{"type":"Feature","id":29612586,"properties":{"osmId":29612586,"category":"religious","addr:housenumber":"80","addr:street":"Smith Street","amenity":"place_of_worship","building":"yes","name":"St. Alphonsus Hall","religion":"christian"},"geometry":{"type":"Polygon","coordinates":[[[-71.0994879,42.3333757],[-71.0997895,42.3334789],[-71.0997231,42.333585],[-71.099681,42.3335706],[-71.099501,42.3338579],[-71.0992842,42.3337837],[-71.0994598,42.3335032],[-71.0994172,42.3334886],[-71.0994879,42.3333757]]]}},{"type":"Feature","id":29614437,"properties":{"osmId":29614437,"category":"academic","addr:housenumber":"1234","addr:street":"Columbus Avenue","addr:unit":"BLDG 2","alt_name":"Building 2","building":"university","building:levels":"3","name":"Administration Building","roof:levels":"1","roof:shape":"double_saltbox"},"geometry":{"type":"Polygon","coordinates":[[[-71.0952581,42.3300212],[-71.0953314,42.3300635],[-71.0953131,42.3300809],[-71.0953721,42.330115],[-71.0953873,42.3301005],[-71.0954516,42.3301377],[-71.0951834,42.3303929],[-71.0951258,42.3303597],[-71.0951393,42.3303468],[-71.0950752,42.3303097],[-71.0950616,42.3303226],[-71.0949869,42.3302794],[-71.0952581,42.3300212]]]}},{"type":"Feature","id":29615410,"properties":{"osmId":29615410,"category":"library","addr:city":"Boston","addr:housenumber":"1497","addr:postcode":"02120","addr:street":"Tremont Street","amenity":"library","building":"yes","name":"Parker Hill Branch Library","operator:type":"public","website":"https://www.bpl.org/"},"geometry":{"type":"Polygon","coordinates":[[[-71.0989662,42.3323662],[-71.0992363,42.332437],[-71.0991597,42.3325862],[-71.0989314,42.3325218],[-71.0989536,42.3324784],[-71.0989145,42.3324673],[-71.0989662,42.3323662]]]}},{"type":"Feature","id":29615859,"properties":{"osmId":29615859,"category":"residential","building":"dormitory","building:levels":"5","name":"407 Huntington Avenue"},"geometry":{"type":"Polygon","coordinates":[[[-71.0917412,42.33941],[-71.0919493,42.3394839],[-71.0917454,42.3397836],[-71.0915841,42.3397295],[-71.0917098,42.3395566],[-71.0917706,42.3395813],[-71.0918054,42.3395341],[-71.0916829,42.3394845],[-71.0915188,42.3397071],[-71.0912567,42.3395999],[-71.0917412,42.33941]]]}},{"type":"Feature","id":29615950,"properties":{"osmId":29615950,"category":"residential","addr:housenumber":"771","addr:street":"Harrison Avenue","building":"apartments","building:levels":"5","historic:amenity":"place_of_worship","name":"The Cosmopolitian"},"geometry":{"type":"Polygon","coordinates":[[[-71.0734345,42.3372083],[-71.0731111,42.3369406],[-71.0730474,42.3368856],[-71.0730335,42.3368781],[-71.0732961,42.3367025],[-71.0736928,42.3370291],[-71.0736511,42.3370569],[-71.0737374,42.337128],[-71.0736581,42.3371811],[-71.0735596,42.3372455],[-71.0734791,42.3371828],[-71.0734345,42.3372083]]]}},{"type":"Feature","id":29616226,"properties":{"osmId":29616226,"category":"religious","amenity":"place_of_worship","building":"yes","name":"Union Church","religion":"christian","website":"https://unionboston.org/","wikidata":"Q131463323"},"geometry":{"type":"Polygon","coordinates":[[[-71.0792196,42.3429037],[-71.0794441,42.3430528],[-71.0792669,42.3431986],[-71.0792995,42.3432202],[-71.0791584,42.3433363],[-71.0791241,42.3433135],[-71.0790385,42.343384],[-71.078999,42.3433577],[-71.0789819,42.3433718],[-71.0788726,42.3432991],[-71.0788896,42.3432851],[-71.0788106,42.3432325],[-71.0790408,42.3430432],[-71.0790776,42.3430677],[-71.0792031,42.3429645],[-71.0791713,42.3429434],[-71.0792196,42.3429037]]]}},{"type":"Feature","id":29617064,"properties":{"osmId":29617064,"category":"residential","addr:city":"Boston","addr:housenumber":"33","addr:street":"Gainsborough Street","building":"dormitory","building:levels":"8","name":"New England Conservatory of Music Residence Hall","operator":"New England Conservatory of Music"},"geometry":{"type":"Polygon","coordinates":[[[-71.0857124,42.3410219],[-71.0860647,42.3412643],[-71.0859978,42.3413179],[-71.0860652,42.3413642],[-71.0861394,42.3413049],[-71.0862761,42.3413989],[-71.086143,42.3415054],[-71.0855865,42.3411226],[-71.0857124,42.3410219]]]}},{"type":"Feature","id":29618478,"properties":{"osmId":29618478,"category":"academic","addr:housenumber":"330","addr:state":"MA","addr:street":"Huntington Avenue","building":"university","building:levels":"5","ele":"4","gnis:feature_id":"1971925","name":"Mugar Life Sciences Building","source":"MassGIS Buildings (http://www.mass.gov/mgis/lidarbuildingfp2d.htm);USGS Geonames"},"geometry":{"type":"Polygon","coordinates":[[[-71.0872197,42.3395472],[-71.0872863,42.3396399],[-71.0873924,42.3395978],[-71.0876318,42.3399305],[-71.0875477,42.3399637],[-71.0875775,42.3400051],[-71.0874787,42.3400442],[-71.0874497,42.340004],[-71.0873997,42.3400238],[-71.087276,42.339852],[-71.0870718,42.3399329],[-71.0872016,42.3401135],[-71.0869719,42.3402045],[-71.0867147,42.3398471],[-71.0868496,42.3397937],[-71.0867937,42.339716],[-71.0872197,42.3395472]]]}},{"type":"Feature","id":29618540,"properties":{"osmId":29618540,"category":"academic","addr:housenumber":"380","addr:state":"MA","addr:street":"Huntington Avenue","addr:suburb":"Boston","building":"university","building:levels":"5","ele":"4","gnis:feature_id":"1971895","name":"Churchill Hall","source":"MassGIS Buildings (http://www.mass.gov/mgis/lidarbuildingfp2d.htm);USGS Geonames"},"geometry":{"type":"Polygon","coordinates":[[[-71.0890983,42.338587],[-71.0892148,42.3387389],[-71.0887077,42.3389529],[-71.0885912,42.3388009],[-71.0890983,42.338587]]]}},{"type":"Feature","id":29621551,"properties":{"osmId":29621551,"category":"residential","addr:housenumber":"204","addr:street":"Hemenway Street","building":"apartments","building:levels":"5"},"geometry":{"type":"Polygon","coordinates":[[[-71.0913627,42.3403957],[-71.0913951,42.3404071],[-71.0912688,42.340592],[-71.0912676,42.3405958],[-71.0912656,42.3405994],[-71.0912631,42.3406028],[-71.0912598,42.3406058],[-71.0912561,42.3406086],[-71.0912519,42.3406109],[-71.0912472,42.3406127],[-71.0912422,42.3406142],[-71.0912371,42.3406149],[-71.0912319,42.3406152],[-71.0912266,42.340615],[-71.0912215,42.3406142],[-71.0912165,42.3406129],[-71.0912119,42.3406111],[-71.0912076,42.3406088],[-71.0912038,42.3406061],[-71.0912006,42.340603],[-71.0911961,42.3405964],[-71.0911149,42.3404286],[-71.0911906,42.340326],[-71.0913627,42.3403957]]]}},{"type":"Feature","id":29621703,"properties":{"osmId":29621703,"category":"residential","addr:city":"Boston","addr:country":"US","addr:housenumber":"480","addr:postcode":"02115","addr:state":"MA","addr:street":"Parker Street","building":"dormitory","building:levels":"7","name":"West Village C"},"geometry":{"type":"Polygon","coordinates":[[[-71.0924363,42.3367168],[-71.0929039,42.3369008],[-71.0928054,42.337036],[-71.0927504,42.3370139],[-71.0927443,42.3370107],[-71.0927381,42.3370079],[-71.0927318,42.3370054],[-71.0927253,42.337003],[-71.0927186,42.3370009],[-71.0927118,42.3369991],[-71.0927048,42.3369976],[-71.0926977,42.3369964],[-71.0926907,42.3369953],[-71.0926834,42.3369946],[-71.0926763,42.3369942],[-71.092669,42.336994],[-71.0926618,42.3369942],[-71.0926546,42.3369946],[-71.0926474,42.3369952],[-71.0926402,42.3369962],[-71.0926332,42.3369974],[-71.0926263,42.3369989],[-71.0926195,42.3370007],[-71.0926128,42.3370027],[-71.0926062,42.337005],[-71.0925999,42.3370076],[-71.0925937,42.3370104],[-71.0925877,42.3370134],[-71.0925819,42.3370167],[-71.0925764,42.3370201],[-71.0925711,42.3370238],[-71.0925661,42.3370278],[-71.0925614,42.3370318],[-71.092557,42.337036],[-71.0925528,42.3370405],[-71.092549,42.3370451],[-71.0925456,42.3370497],[-71.0924563,42.3371933],[-71.0922289,42.3371695],[-71.0923672,42.3369472],[-71.0923774,42.3369137],[-71.0923845,42.3368815],[-71.0923886,42.3368299],[-71.0923866,42.336796],[-71.092389,42.3367823],[-71.0924363,42.3367168]]]}},{"type":"Feature","id":29624490,"properties":{"osmId":29624490,"category":"academic","addr:housenumber":"720","addr:street":"Albany Street","building":"yes"},"geometry":{"type":"Polygon","coordinates":[[[-71.0711166,42.3342914],[-71.0716186,42.3346813],[-71.0714449,42.3348035],[-71.0709429,42.3344135],[-71.0711166,42.3342914]]]}},{"type":"Feature","id":29624725,"properties":{"osmId":29624725,"category":"residential","building":"dormitory","campusbuilding":"yes","name":"Davenport Commons A"},"geometry":{"type":"Polygon","coordinates":[[[-71.0845536,42.3374687],[-71.08502,42.337943],[-71.0846451,42.3381841],[-71.0841773,42.3377083],[-71.0845536,42.3374687]]]}},{"type":"Feature","id":29626146,"properties":{"osmId":29626146,"category":"religious","addr:city":"Boston","addr:housenumber":"1105","addr:postcode":"02215","addr:street":"Boylston Street","amenity":"place_of_worship","building":"yes","check_date":"2026-04-17","denomination":"roman_catholic","name":"Saint Clement Eucharistic Shrine","old_name":"Saint Clements Universalist Church","phone":"+1 617 266 5999","religion":"christian","website":"http://www.stclementshrine.org/","wikidata":"Q7401127","wikipedia":"en:Saint Clement Eucharistic Shrine (Boston, Massachusetts)"},"geometry":{"type":"Polygon","coordinates":[[[-71.0897571,42.3469177],[-71.0897631,42.3469292],[-71.0897848,42.3469723],[-71.0898043,42.346967],[-71.0899095,42.3471733],[-71.0899327,42.3471668],[-71.0899679,42.347236],[-71.0897866,42.3472865],[-71.0897526,42.3472199],[-71.0896519,42.3472479],[-71.0896271,42.3471994],[-71.0896953,42.3471804],[-71.0896094,42.3470119],[-71.0896358,42.3470045],[-71.0896122,42.346958],[-71.0897571,42.3469177]]]}},{"type":"Feature","id":29629592,"properties":{"osmId":29629592,"category":"academic","addr:housenumber":"625","addr:state":"MA","addr:street":"Huntington Avenue","building":"college","building:levels":"6","ele":"6","gnis:feature_id":"1971416","name":"Kennedy Building","roof:levels":"0","roof:shape":"flat","source":"USGS Geonames"},"geometry":{"type":"Polygon","coordinates":[[[-71.1002868,42.336046],[-71.1007024,42.3361912],[-71.1004011,42.3366192],[-71.1001524,42.3365228],[-71.100233,42.3364083],[-71.100195,42.3363936],[-71.1001519,42.3362622],[-71.1000829,42.3362355],[-71.1001749,42.3361048],[-71.1002315,42.3361236],[-71.1002868,42.336046]]]}},{"type":"Feature","id":29629944,"properties":{"osmId":29629944,"category":"academic","addr:city":"Boston","addr:housenumber":"400","addr:postcode":"02115","addr:state":"MA","addr:street":"Fenway","building":"college","name":"Eisner Administration Building"},"geometry":{"type":"Polygon","coordinates":[[[-71.1024112,42.3406933],[-71.102469,42.3406613],[-71.1024866,42.3406795],[-71.102595,42.3406217],[-71.1026661,42.3406853],[-71.1025268,42.3407672],[-71.1023311,42.3408823],[-71.1024519,42.3409954],[-71.1026069,42.3409043],[-71.1025772,42.3408764],[-71.1026487,42.3408344],[-71.1026919,42.3408749],[-71.1026969,42.3408739],[-71.102702,42.3408731],[-71.1027072,42.3408727],[-71.1027123,42.3408724],[-71.1027175,42.3408724],[-71.1027226,42.3408728],[-71.1027278,42.3408734],[-71.1027328,42.3408742],[-71.1027378,42.3408753],[-71.1027426,42.3408767],[-71.1027473,42.3408783],[-71.1027518,42.3408801],[-71.1027562,42.3408822],[-71.1027604,42.3408845],[-71.1027643,42.340887],[-71.102768,42.3408897],[-71.1027714,42.3408926],[-71.1027745,42.3408957],[-71.1027774,42.3408988],[-71.1027799,42.3409022],[-71.1027821,42.3409057],[-71.102784,42.3409092],[-71.1027856,42.3409129],[-71.1027868,42.3409167],[-71.1027876,42.3409205],[-71.1027881,42.3409243],[-71.1027882,42.3409281],[-71.1027879,42.3409319],[-71.1027873,42.3409358],[-71.1027864,42.3409396],[-71.102785,42.3409432],[-71.1027834,42.3409469],[-71.1027813,42.3409504],[-71.1027775,42.3409557],[-71.1028162,42.3409918],[-71.1027437,42.3410344],[-71.1027059,42.340999],[-71.10255,42.3410906],[-71.1026684,42.3412014],[-71.1028812,42.3410764],[-71.1030117,42.3411984],[-71.102881,42.3412753],[-71.1028678,42.341263],[-71.1027432,42.3413363],[-71.1027867,42.3413771],[-71.1026959,42.3414304],[-71.1026782,42.3414138],[-71.102614,42.3414515],[-71.1025326,42.3413753],[-71.1025637,42.3413571],[-71.1023591,42.3411656],[-71.1023064,42.3411966],[-71.1022548,42.3411483],[-71.1023052,42.3411187],[-71.1021868,42.3410078],[-71.1020979,42.3410602],[-71.1020113,42.3409792],[-71.1021158,42.3409177],[-71.1020453,42.3408518],[-71.1021623,42.340783],[-71.1021841,42.3408035],[-71.1023959,42.3406789],[-71.1024112,42.3406933]]]}},{"type":"Feature","id":29629982,"properties":{"osmId":29629982,"category":"academic","addr:housenumber":"200","addr:street":"Longwood Avenue","building":"university","name":"Warren Alpert Building"},"geometry":{"type":"Polygon","coordinates":[[[-71.1030509,42.3358138],[-71.1029403,42.3359706],[-71.1030173,42.3360003],[-71.1033246,42.3361187],[-71.103302,42.3361506],[-71.1033797,42.3361806],[-71.103299,42.336295],[-71.1032301,42.3362684],[-71.103204,42.3363053],[-71.1028994,42.3361879],[-71.1028683,42.3361759],[-71.1027602,42.3363291],[-71.1027907,42.3363409],[-71.1026775,42.3365013],[-71.1025787,42.3366414],[-71.1022562,42.336517],[-71.1028163,42.3357234],[-71.1030509,42.3358138]]]}},{"type":"Feature","id":29630569,"properties":{"osmId":29630569,"category":"academic","addr:city":"Boston","addr:housenumber":"3-5","addr:postcode":"02215","addr:state":"MA","addr:street":"Cummington Mall","building":"university","building:levels":"5","name":"Physics and Biology Research Building","operator":"Boston University","ref":"PRB"},"geometry":{"type":"Polygon","coordinates":[[[-71.1008615,42.3484431],[-71.1017245,42.3485907],[-71.1016732,42.3488194],[-71.101092,42.3487477],[-71.1008404,42.3487157],[-71.1008075,42.3487114],[-71.1008615,42.3484431]]]}},{"type":"Feature","id":29631193,"properties":{"osmId":29631193,"category":"academic","addr:housenumber":"220","addr:street":"Longwood Avenue","building":"university","name":"Goldenson"},"geometry":{"type":"Polygon","coordinates":[[[-71.1030509,42.3358138],[-71.1030538,42.3358229],[-71.1030592,42.3358154],[-71.1033821,42.3359418],[-71.1034083,42.335905],[-71.1034069,42.3359011],[-71.1034057,42.335897],[-71.1034049,42.3358929],[-71.1034043,42.3358888],[-71.103404,42.3358847],[-71.103404,42.3358805],[-71.1034044,42.3358764],[-71.1034049,42.3358722],[-71.1034058,42.3358681],[-71.103407,42.3358641],[-71.1034085,42.3358601],[-71.1034102,42.3358561],[-71.1034122,42.3358523],[-71.1034145,42.3358485],[-71.103417,42.3358448],[-71.1034198,42.3358412],[-71.1034228,42.3358377],[-71.1034261,42.3358344],[-71.1034297,42.3358312],[-71.1034334,42.3358281],[-71.1034373,42.3358252],[-71.1034415,42.3358224],[-71.1034459,42.3358198],[-71.1034504,42.3358174],[-71.1034551,42.3358152],[-71.10346,42.3358131],[-71.103465,42.3358112],[-71.1034701,42.3358095],[-71.1034777,42.3358075],[-71.1035016,42.335774],[-71.1031701,42.3356441],[-71.1032785,42.3354917],[-71.1036637,42.3356412],[-71.1037494,42.3356761],[-71.1034118,42.3361507],[-71.1033246,42.3361187],[-71.1030173,42.3360003],[-71.1029403,42.3359706],[-71.1030509,42.3358138]]]}},{"type":"Feature","id":29631445,"properties":{"osmId":29631445,"category":"medical","building":"hospital"},"geometry":{"type":"Polygon","coordinates":[[[-71.106363,42.3352592],[-71.1073434,42.3358919],[-71.1074788,42.3359792],[-71.1080312,42.3363357],[-71.1077917,42.3365411],[-71.1073758,42.3369013],[-71.1071893,42.3367835],[-71.1071404,42.3367527],[-71.1071401,42.3367485],[-71.1071404,42.3367444],[-71.1071412,42.3367403],[-71.1071424,42.3367363],[-71.1071441,42.3367324],[-71.1071462,42.3367286],[-71.1071489,42.336725],[-71.1071518,42.3367215],[-71.1071552,42.3367182],[-71.107159,42.3367152],[-71.1071632,42.3367124],[-71.1071676,42.3367099],[-71.1071722,42.3367078],[-71.1071772,42.3367059],[-71.1071823,42.3367043],[-71.1071876,42.336703],[-71.1071931,42.3367022],[-71.1071986,42.3367016],[-71.1072041,42.3367015],[-71.1072096,42.3367017],[-71.1072152,42.3367022],[-71.1072819,42.3366454],[-71.1072576,42.3366297],[-71.1073601,42.3365423],[-71.1073839,42.3365577],[-71.1074445,42.336506],[-71.1074207,42.3364905],[-71.1074913,42.3364302],[-71.1075241,42.3364513],[-71.1075668,42.336415],[-71.1075337,42.3363936],[-71.1076027,42.3363347],[-71.1073533,42.3361745],[-71.1072664,42.3362447],[-71.1072833,42.3362563],[-71.1072908,42.3362557],[-71.1072978,42.3362576],[-71.1073023,42.3362598],[-71.1073327,42.3362569],[-71.1073591,42.336258],[-71.1073885,42.3362635],[-71.1074135,42.336272],[-71.1074208,42.336269],[-71.1074286,42.3362681],[-71.1074339,42.3362688],[-71.107439,42.3362703],[-71.1074429,42.336274],[-71.1074448,42.3362774],[-71.1074445,42.3362821],[-71.1074426,42.3362869],[-71.1074578,42.3363006],[-71.1074714,42.3363161],[-71.1074819,42.3363338],[-71.1074881,42.3363526],[-71.1074944,42.3363536],[-71.1074992,42.3363553],[-71.1075027,42.3363581],[-71.1075037,42.3363624],[-71.1075031,42.3363668],[-71.1075006,42.3363706],[-71.1074956,42.3363728],[-71.1074898,42.336374],[-71.1074871,42.3363916],[-71.1074804,42.3364092],[-71.1074704,42.3364252],[-71.1074575,42.3364395],[-71.1074589,42.3364425],[-71.1074602,42.3364471],[-71.1074604,42.336452],[-71.1074573,42.3364563],[-71.1074523,42.3364588],[-71.1074462,42.33646],[-71.1074387,42.3364596],[-71.1074312,42.336459],[-71.1074125,42.3364683],[-71.107386,42.3364771],[-71.1073606,42.3364817],[-71.1073343,42.3364831],[-71.1073316,42.3364867],[-71.1073241,42.3364912],[-71.1073149,42.3364931],[-71.1073058,42.3364904],[-71.1073011,42.3364842],[-71.1072983,42.3364794],[-71.107267,42.3364706],[-71.1072429,42.3364592],[-71.1071984,42.3364961],[-71.1072141,42.3365078],[-71.1072293,42.3365237],[-71.1072386,42.3365243],[-71.1072465,42.3365254],[-71.1072513,42.3365289],[-71.1072544,42.336533],[-71.1072553,42.3365377],[-71.1072547,42.3365425],[-71.1072509,42.3365473],[-71.1072444,42.3365506],[-71.1072489,42.3365695],[-71.1072488,42.33659],[-71.1072439,42.3366091],[-71.1072343,42.3366276],[-71.1072389,42.3366335],[-71.1072395,42.3366392],[-71.1072397,42.3366452],[-71.1072364,42.3366501],[-71.1072303,42.3366538],[-71.1072232,42.336656],[-71.1072148,42.3366556],[-71.1072091,42.3366546],[-71.1071933,42.3366653],[-71.1071738,42.3366751],[-71.1071529,42.3366823],[-71.1071315,42.336687],[-71.1071301,42.3366903],[-71.1071251,42.3366953],[-71.1071195,42.3366987],[-71.1071126,42.3367002],[-71.1071054,42.3366994],[-71.1070983,42.3366967],[-71.1070943,42.3366927],[-71.1070901,42.3366892],[-71.1070472,42.3366822],[-71.1070066,42.336665],[-71.107003,42.3366657],[-71.1069964,42.3366667],[-71.1069902,42.3366659],[-71.106983,42.3366638],[-71.1069763,42.3366585],[-71.1069751,42.3366515],[-71.1069746,42.3366468],[-71.1069779,42.3366422],[-71.1069643,42.3366245],[-71.1069553,42.3366052],[-71.1069513,42.3365851],[-71.1069522,42.3365654],[-71.1069409,42.3365623],[-71.106938,42.3365577],[-71.1069361,42.3365521],[-71.106938,42.3365464],[-71.1069397,42.3365419],[-71.1069451,42.3365388],[-71.1069507,42.3365364],[-71.1069624,42.3365369],[-71.1069723,42.3365224],[-71.1069847,42.3365094],[-71.1069293,42.3364722],[-71.1069083,42.3364874],[-71.1068937,42.3364964],[-71.1068931,42.3365004],[-71.1068908,42.3365049],[-71.1068877,42.3365088],[-71.1068812,42.3365117],[-71.1068731,42.3365122],[-71.1068663,42.336511],[-71.1068621,42.3365091],[-71.1068574,42.3365076],[-71.1068158,42.3365128],[-71.1067871,42.3365114],[-71.1067592,42.3365061],[-71.1067197,42.3364906],[-71.10669,42.3364693],[-71.1066681,42.3364414],[-71.1066575,42.336409],[-71.1066592,42.3363792],[-71.1066738,42.3363469],[-71.1066996,42.33632],[-71.1067008,42.3363175],[-71.1067011,42.3363138],[-71.106704,42.3363101],[-71.1067082,42.3363071],[-71.1066223,42.3362456],[-71.1066825,42.336191],[-71.1066547,42.3361731],[-71.1064901,42.3363135],[-71.106486,42.3363161],[-71.1064817,42.3363186],[-71.1064773,42.3363209],[-71.1064728,42.336323],[-71.1064681,42.3363249],[-71.1064632,42.3363267],[-71.1064582,42.3363282],[-71.1064533,42.3363295],[-71.1064481,42.3363307],[-71.1064429,42.3363317],[-71.1064376,42.3363324],[-71.1064322,42.336333],[-71.1064269,42.3363333],[-71.1064216,42.3363335],[-71.1064162,42.3363334],[-71.1064109,42.3363331],[-71.1064055,42.3363326],[-71.1064002,42.3363319],[-71.1063834,42.3363463],[-71.1062684,42.3362721],[-71.1062397,42.3362535],[-71.1059033,42.3360366],[-71.1059195,42.3360228],[-71.1053852,42.335726],[-71.1055591,42.3354624],[-71.1055912,42.3354389],[-71.1055854,42.335431],[-71.105711,42.3353497],[-71.1060293,42.3355437],[-71.106363,42.3352592]]]}},{"type":"Feature","id":29631663,"properties":{"osmId":29631663,"category":"academic","addr:housenumber":"264","addr:street":"Bay State Road","building":"university","name":"School of Social Work"},"geometry":{"type":"Polygon","coordinates":[[[-71.105386,42.3506653],[-71.1053384,42.3506634],[-71.1053095,42.3509336],[-71.1051387,42.350921],[-71.1051414,42.3508992],[-71.105182,42.3505411],[-71.1053996,42.3505627],[-71.105386,42.3506653]]]}},{"type":"Feature","id":29637175,"properties":{"osmId":29637175,"category":"residential","addr:housenumber":"430","addr:street":"Fenway","building":"dormitory","building:levels":"6","name":"St. Joseph Hall"},"geometry":{"type":"Polygon","coordinates":[[[-71.1040255,42.3413713],[-71.1042488,42.3415044],[-71.1038563,42.3418669],[-71.1034117,42.3420129],[-71.1033411,42.3418946],[-71.1037405,42.3417635],[-71.1039645,42.341557],[-71.1038912,42.3415133],[-71.1039179,42.3414887],[-71.1038906,42.3414204],[-71.1039325,42.3413819],[-71.1040255,42.3413713]]]}},{"type":"Feature","id":29638431,"properties":{"osmId":29638431,"category":"medical","addr:housenumber":"319","addr:street":"Longwood Avenue","building":"hospital","name":"Longwood Medical Building"},"geometry":{"type":"Polygon","coordinates":[[[-71.1051705,42.3379057],[-71.1054935,42.3380306],[-71.1054112,42.3381469],[-71.1050882,42.3380219],[-71.1051705,42.3379057]]]}},{"type":"Feature","id":29638497,"properties":{"osmId":29638497,"category":"academic","addr:city":"Boston","addr:housenumber":"590","addr:postcode":"02215","addr:state":"MA","addr:street":"Commonwealth Avenue","building":"university","building:levels":"5","height":"19.3","name":"Metcalf Science Center","operator":"Boston University"},"geometry":{"type":"Polygon","coordinates":[[[-71.1005701,42.3480453],[-71.1007414,42.348065],[-71.1007096,42.3482263],[-71.1007065,42.3482404],[-71.1007037,42.3482532],[-71.1006062,42.348734],[-71.1003303,42.348701],[-71.0997509,42.3486372],[-71.0997137,42.3486331],[-71.0997207,42.3485981],[-71.0996042,42.3483067],[-71.1002918,42.3481222],[-71.1004897,42.3480675],[-71.1005701,42.3480453]]]}},{"type":"Feature","id":29648821,"properties":{"osmId":29648821,"category":"academic","addr:city":"Roxbury","addr:housenumber":"1234","addr:postcode":"02120","addr:state":"MA","addr:street":"Columbus Avenue","alt_name":"Building 1","building":"university","building:levels":"3","name":"Media Arts Center","roof:levels":"1","roof:shape":"double_saltbox"},"geometry":{"type":"Polygon","coordinates":[[[-71.0946769,42.3305494],[-71.0948824,42.3306729],[-71.0945314,42.3309944],[-71.0943259,42.3308708],[-71.0946769,42.3305494]]]}},{"type":"Feature","id":29648823,"properties":{"osmId":29648823,"category":"academic","addr:city":"Boston","addr:housenumber":"67","addr:postcode":"02120","addr:state":"MA","addr:street":"Alleghany Street","building":"school","name":"Fenway High School","website":"https://www.fenwayhs.org/math.html"},"geometry":{"type":"Polygon","coordinates":[[[-71.0988153,42.3303671],[-71.0996572,42.3307272],[-71.099522,42.3308999],[-71.0992777,42.3307953],[-71.099214,42.3308767],[-71.0987208,42.3306656],[-71.0987884,42.3305793],[-71.0986841,42.3305347],[-71.0988153,42.3303671]]]}},{"type":"Feature","id":29648935,"properties":{"osmId":29648935,"category":"religious","building":"church"},"geometry":{"type":"Polygon","coordinates":[[[-71.0871443,42.3261939],[-71.0875429,42.3262957],[-71.0874088,42.326585],[-71.0870937,42.3265045],[-71.0871325,42.3264211],[-71.0870488,42.3263996],[-71.0871443,42.3261939]]]}},{"type":"Feature","id":29650553,"properties":{"osmId":29650553,"category":"academic","building":"school","name":"Building 2"},"geometry":{"type":"Polygon","coordinates":[[[-71.0892428,42.3314356],[-71.0891771,42.3315197],[-71.0892044,42.3315313],[-71.0891462,42.3316059],[-71.0891187,42.3315942],[-71.0890599,42.3316696],[-71.0883612,42.3313714],[-71.0883787,42.3313491],[-71.0886117,42.3310507],[-71.0886244,42.3310343],[-71.089325,42.3313333],[-71.0892428,42.3314356]]]}},{"type":"Feature","id":29650727,"properties":{"osmId":29650727,"category":"residential","addr:city":"Boston","addr:housenumber":"110","addr:postcode":"02215","addr:state":"MA","addr:street":"Bay State Road","building":"dormitory","source":"esri/Boston_MA_Addresses"},"geometry":{"type":"Polygon","coordinates":[[[-71.0983575,42.3498929],[-71.09839,42.3498954],[-71.0983876,42.3499122],[-71.0983846,42.3499331],[-71.0983684,42.3500457],[-71.0982864,42.3500392],[-71.0982888,42.3500224],[-71.0983055,42.3499058],[-71.0983551,42.3499097],[-71.0983575,42.3498929]]]}},{"type":"Feature","id":29650751,"properties":{"osmId":29650751,"category":"academic","addr:city":"Boston","addr:housenumber":"138;150","addr:postcode":"02115","addr:state":"MA","addr:street":"Massachusetts Avenue","amenity":"library","building":"college","building:colour":"#874C41","building:levels":"7","name":"Stan Getz Media Center And Library","office":"Berklee College Of Music","operator:type":"public","roof:material":"concrete","roof:shape":"flat","source:url":"http://mass.gov/mgis/libraries.htm","website":"https://library.berklee.edu/facility/stan-getz-library"},"geometry":{"type":"Polygon","coordinates":[[[-71.0871692,42.3469483],[-71.0871464,42.3469034],[-71.0869195,42.34697],[-71.0867461,42.3469399],[-71.0867241,42.3470181],[-71.0867495,42.3470702],[-71.0866212,42.3471069],[-71.0865815,42.3470162],[-71.0867219,42.3464805],[-71.0868195,42.3464953],[-71.0868493,42.3464809],[-71.0868976,42.3464882],[-71.0869172,42.3465102],[-71.087018,42.3465256],[-71.0870478,42.3465111],[-71.0870853,42.3465168],[-71.0871049,42.3465388],[-71.0872118,42.3465551],[-71.0873734,42.3468901],[-71.0871692,42.3469483]]]}},{"type":"Feature","id":29650811,"properties":{"osmId":29650811,"category":"academic","addr:city":"Boston","addr:housenumber":"102","addr:state":"MA","addr:street":"Fenway","building":"university","campusbuilding":"yes","ele":"6","gnis:feature_id":"1971898","name":"Cushing Hall","operator":"Northeastern University","source":"MassGIS Buildings (http://www.mass.gov/mgis/lidarbuildingfp2d.htm);USGS Geonames"},"geometry":{"type":"Polygon","coordinates":[[[-71.0914045,42.3415644],[-71.0916246,42.3416392],[-71.0916069,42.3416677],[-71.0916171,42.3416762],[-71.0915974,42.3417058],[-71.0915839,42.3417064],[-71.0914978,42.3416767],[-71.0915091,42.3416589],[-71.0914838,42.3416502],[-71.0914467,42.3417088],[-71.0914529,42.3417239],[-71.0914749,42.3417314],[-71.0914948,42.3416993],[-71.0915643,42.3417229],[-71.0915601,42.3417297],[-71.0915717,42.3417336],[-71.0915535,42.3417629],[-71.0915414,42.341764],[-71.0915137,42.3418076],[-71.0911705,42.3416886],[-71.0912289,42.3415966],[-71.091237,42.3415994],[-71.0912448,42.3415869],[-71.0913206,42.3416127],[-71.0912892,42.3416631],[-71.0913336,42.3416782],[-71.0914045,42.3415644]]]}},{"type":"Feature","id":29650815,"properties":{"osmId":29650815,"category":"library","addr:housenumber":"685","addr:state":"MA","addr:street":"Tremont Street","amenity":"library","building":"yes","closed":"temporarily","name":"South End Branch - Boston Public Library","operator:type":"public","website":"https://www.bpl.org/locations/south-end/"},"geometry":{"type":"Polygon","coordinates":[[[-71.0770323,42.3412521],[-71.0771784,42.3414035],[-71.0768971,42.3415528],[-71.0767453,42.3413954],[-71.0770323,42.3412521]]]}},{"type":"Feature","id":29650835,"properties":{"osmId":29650835,"category":"academic","addr:housenumber":"334","addr:state":"MA","addr:street":"Huntington Avenue","building":"university","ele":"4","gnis:feature_id":"1971909","name":"Hurtig Hall","source":"MassGIS Buildings (http://www.mass.gov/mgis/lidarbuildingfp2d.htm);USGS Geonames"},"geometry":{"type":"Polygon","coordinates":[[[-71.0863364,42.3395576],[-71.0865066,42.3397941],[-71.085994,42.3399971],[-71.0858238,42.3397606],[-71.0863364,42.3395576]]]}},{"type":"Feature","id":29650850,"properties":{"osmId":29650850,"category":"academic","addr:housenumber":"230","addr:street":"Fenway","building":"university"},"geometry":{"type":"Polygon","coordinates":[[[-71.0964649,42.3381676],[-71.0964843,42.3381765],[-71.0969114,42.3383725],[-71.0970691,42.3384449],[-71.09705,42.3384679],[-71.0969604,42.3385754],[-71.0969471,42.3385913],[-71.0967645,42.3385075],[-71.0966581,42.3386352],[-71.0968407,42.338719],[-71.0967143,42.3388706],[-71.09611,42.3385933],[-71.0962365,42.3384417],[-71.0964954,42.3385605],[-71.0966018,42.3384329],[-71.0963428,42.338314],[-71.0964649,42.3381676]]]}},{"type":"Feature","id":29650860,"properties":{"osmId":29650860,"category":"academic","addr:housenumber":"35;37","addr:state":"MA","addr:street":"Leon Street","building":"university","building:material":"brick","ele":"3","gnis:feature_id":"1971924","name":"Meserve Hall","source":"MassGIS Buildings (http://www.mass.gov/mgis/lidarbuildingfp2d.htm);USGS Geonames"},"geometry":{"type":"Polygon","coordinates":[[[-71.0907566,42.3378004],[-71.0907828,42.3374673],[-71.090971,42.3374754],[-71.0909446,42.3378107],[-71.0907566,42.3378004]]]}},{"type":"Feature","id":29650865,"properties":{"osmId":29650865,"category":"academic","addr:city":"Boston","addr:housenumber":"41","addr:postcode":"02115","addr:state":"MA","addr:street":"Leon Street","building":"yes","landuse":"industrial","material":"brick","plant:output:steam":"yes","power":"plant","source":"MassGIS Buildings (http://www.mass.gov/mgis/lidarbuildingfp2d.htm)"},"geometry":{"type":"Polygon","coordinates":[[[-71.0903675,42.3378758],[-71.0905984,42.3378857],[-71.0906042,42.3378863],[-71.09061,42.3378873],[-71.0906155,42.3378888],[-71.0906208,42.3378909],[-71.0906256,42.3378934],[-71.09063,42.3378963],[-71.090634,42.3378997],[-71.0906372,42.3379033],[-71.09064,42.3379072],[-71.090642,42.3379113],[-71.0906433,42.3379157],[-71.090644,42.3379238],[-71.0906356,42.338031],[-71.0905765,42.3380285],[-71.0905741,42.3380594],[-71.0905733,42.3380637],[-71.090572,42.338068],[-71.0905698,42.3380721],[-71.0905671,42.338076],[-71.0905636,42.3380796],[-71.0905597,42.3380829],[-71.0905552,42.3380858],[-71.0905504,42.3380883],[-71.090545,42.3380902],[-71.0905395,42.3380917],[-71.0905337,42.3380927],[-71.0905228,42.3380932],[-71.090351,42.3380858],[-71.0903452,42.3380853],[-71.0903394,42.3380842],[-71.0903339,42.3380826],[-71.0903286,42.3380806],[-71.0903237,42.3380781],[-71.0903194,42.3380751],[-71.0903154,42.3380719],[-71.0903122,42.3380682],[-71.0903094,42.3380643],[-71.0903074,42.3380601],[-71.0903061,42.3380559],[-71.0903054,42.3380477],[-71.0903162,42.3379096],[-71.090317,42.3379052],[-71.0903183,42.337901],[-71.0903204,42.3378969],[-71.0903232,42.337893],[-71.0903267,42.3378893],[-71.0903306,42.3378861],[-71.0903351,42.3378832],[-71.09034,42.3378807],[-71.0903452,42.3378787],[-71.0903508,42.3378772],[-71.0903566,42.3378762],[-71.0903675,42.3378758]]]}},{"type":"Feature","id":29650867,"properties":{"osmId":29650867,"category":"other","addr:city":"Boston","addr:housenumber":"716","addr:postcode":"02120","addr:state":"MA","addr:street":"Columbus Avenue","building":"yes","building:levels":"6","description":"Police Station, Administrative Offices, and Mail Room,","operator":"Northeastern University"},"geometry":{"type":"Polygon","coordinates":[[[-71.0851351,42.337877],[-71.0848025,42.3375431],[-71.0849553,42.3374599],[-71.084988,42.3374928],[-71.0850339,42.3374678],[-71.085064,42.337498],[-71.085018,42.337523],[-71.085131,42.3376364],[-71.0852412,42.3375764],[-71.0850827,42.3374172],[-71.085235,42.3373343],[-71.0855287,42.3376293],[-71.0851351,42.337877]]]}},{"type":"Feature","id":29650869,"properties":{"osmId":29650869,"category":"residential","building":"dormitory"},"geometry":{"type":"Polygon","coordinates":[[[-71.0969351,42.3374067],[-71.0970967,42.3374975],[-71.097141,42.3375219],[-71.0970973,42.3375593],[-71.0969981,42.3375076],[-71.0969744,42.3375306],[-71.0970785,42.3375941],[-71.0970381,42.3376349],[-71.0970561,42.3376468],[-71.0970159,42.337686],[-71.0969103,42.337631],[-71.0968936,42.337663],[-71.0970056,42.337716],[-71.0969683,42.3377571],[-71.0969799,42.3377678],[-71.0969237,42.3378221],[-71.0967353,42.3377319],[-71.096727,42.337719],[-71.0967374,42.3377031],[-71.0967521,42.3376994],[-71.0967951,42.3376405],[-71.0967935,42.3376165],[-71.0968118,42.3376015],[-71.0968163,42.337579],[-71.0968392,42.3375675],[-71.0968756,42.3375075],[-71.0968761,42.3374869],[-71.0968992,42.337474],[-71.0969043,42.3374482],[-71.0969276,42.3374314],[-71.0969351,42.3374067]]]}},{"type":"Feature","id":29650872,"properties":{"osmId":29650872,"category":"academic","addr:housenumber":"75","addr:street":"East Newton Street","building":"university","building:levels":"10","name":"Evans"},"geometry":{"type":"Polygon","coordinates":[[[-71.0713825,42.3369053],[-71.071333,42.3368679],[-71.0711981,42.3367518],[-71.0717983,42.3363143],[-71.071853,42.3363577],[-71.0718863,42.3363337],[-71.072009,42.3364328],[-71.0719769,42.3364559],[-71.0720022,42.336476],[-71.0717488,42.3366505],[-71.0716597,42.3367119],[-71.0715264,42.3368037],[-71.0713825,42.3369053]]]}},{"type":"Feature","id":29650876,"properties":{"osmId":29650876,"category":"residential","addr:housenumber":"774","addr:street":"Columbus Avenue","building":"dormitory"},"geometry":{"type":"Polygon","coordinates":[[[-71.0864618,42.3370516],[-71.0863962,42.3370875],[-71.0863477,42.3370391],[-71.0863701,42.3370269],[-71.0863061,42.336963],[-71.0863493,42.3369394],[-71.0864618,42.3370516]]]}},{"type":"Feature","id":29650890,"properties":{"osmId":29650890,"category":"academic","addr:housenumber":"85","addr:street":"East Newton Street","building":"university","building:levels":"10","name":"Solomon Carter Fuller Mental Health Center"},"geometry":{"type":"Polygon","coordinates":[[[-71.0708922,42.3358082],[-71.071015,42.3359112],[-71.0707924,42.3360562],[-71.0713167,42.336496],[-71.0710887,42.3366445],[-71.0703021,42.3359847],[-71.0705356,42.3358326],[-71.0706751,42.3359497],[-71.0708922,42.3358082]]]}},{"type":"Feature","id":29650894,"properties":{"osmId":29650894,"category":"academic","building":"university","building:levels":"7","name":"Conte Medical Research Center"},"geometry":{"type":"Polygon","coordinates":[[[-71.0729722,42.335964],[-71.0732082,42.3361424],[-71.0733992,42.3360105],[-71.0735332,42.3361229],[-71.0732181,42.3363624],[-71.0728496,42.3360519],[-71.072922,42.336],[-71.0729722,42.335964]]]}},{"type":"Feature","id":29650897,"properties":{"osmId":29650897,"category":"academic","building":"university","name":"610 Huntington"},"geometry":{"type":"Polygon","coordinates":[[[-71.0980529,42.3357912],[-71.0980605,42.3357913],[-71.0980683,42.3357918],[-71.098076,42.3357924],[-71.0980882,42.3357943],[-71.0980957,42.3357957],[-71.0981012,42.335797],[-71.0987433,42.3359356],[-71.0986775,42.3361035],[-71.0981035,42.3359796],[-71.0977504,42.3365305],[-71.097734,42.3365562],[-71.0975208,42.336481],[-71.0979337,42.3358367],[-71.0979385,42.3358321],[-71.0979435,42.3358277],[-71.0979487,42.3358236],[-71.0979543,42.3358196],[-71.0979602,42.3358159],[-71.0979663,42.3358124],[-71.0979726,42.3358091],[-71.0979792,42.335806],[-71.097986,42.3358034],[-71.0979929,42.3358009],[-71.0980001,42.3357986],[-71.0980072,42.3357967],[-71.0980147,42.335795],[-71.0980222,42.3357937],[-71.0980298,42.3357926],[-71.0980375,42.3357918],[-71.0980451,42.3357913],[-71.0980529,42.3357912]]]}},{"type":"Feature","id":29650909,"properties":{"osmId":29650909,"category":"religious","addr:housenumber":"600","addr:street":"Shawmut Avenue","amenity":"place_of_worship","building":"church","name":"Shawmut Community Church of God"},"geometry":{"type":"Polygon","coordinates":[[[-71.0800463,42.3355112],[-71.0802595,42.335671],[-71.0801476,42.3357533],[-71.08005,42.3356802],[-71.0800384,42.3356887],[-71.0799389,42.3356141],[-71.0799505,42.3356056],[-71.0799344,42.3355935],[-71.0800463,42.3355112]]]}},{"type":"Feature","id":29680119,"properties":{"osmId":29680119,"category":"religious","addr:city":"Boston","addr:housenumber":"1545","addr:postcode":"02120","addr:state":"MA","addr:street":"Tremont Street","alt_name":"Mission Church","amenity":"place_of_worship","basilica":"minor","building":"church","denomination":"roman_catholic","ele":"17","gnis:feature_id":"1970979","loc_name":"Boston's Basilica","name":"Basilica of Our Lady of Perpetual Hope","religion":"christian","start_date":"1870","website":"https://www.bostonsbasilica.com/","wikidata":"Q810125","wikipedia":"en:Basilica and Shrine of Our Lady of Perpetual Help"},"geometry":{"type":"Polygon","coordinates":[[[-71.1000585,42.3327204],[-71.1003265,42.3328133],[-71.1001323,42.3331219],[-71.1001949,42.3331437],[-71.1001814,42.3331653],[-71.1001848,42.3331681],[-71.1001878,42.3331713],[-71.1001904,42.3331746],[-71.1001925,42.3331781],[-71.100194,42.3331818],[-71.1001951,42.3331855],[-71.1001955,42.3331894],[-71.1001955,42.3331933],[-71.100195,42.3331971],[-71.1001939,42.3332008],[-71.1001923,42.3332045],[-71.1001901,42.333208],[-71.1001875,42.3332113],[-71.1001845,42.3332144],[-71.1001809,42.3332173],[-71.100177,42.3332199],[-71.1001729,42.3332221],[-71.1001684,42.333224],[-71.1001636,42.3332255],[-71.1001587,42.3332267],[-71.1001536,42.3332274],[-71.1001485,42.3332279],[-71.100142,42.3332278],[-71.1001245,42.3332555],[-71.100185,42.3332765],[-71.1001208,42.3333786],[-71.099817,42.3332734],[-71.0998512,42.3332189],[-71.0997695,42.3331905],[-71.0998,42.333142],[-71.0997284,42.3331172],[-71.0997467,42.3330881],[-71.0997061,42.333074],[-71.099736,42.3330266],[-71.099773,42.3330394],[-71.0997963,42.3330025],[-71.0998658,42.3330266],[-71.1000585,42.3327204]]]}},{"type":"Feature","id":29680758,"properties":{"osmId":29680758,"category":"academic","addr:housenumber":"226","addr:street":"Bay State Road","building":"university"},"geometry":{"type":"Polygon","coordinates":[[[-71.1037761,42.3505343],[-71.1037513,42.3505451],[-71.1037325,42.3505413],[-71.1037209,42.3505278],[-71.1036336,42.3505135],[-71.1036177,42.3505207],[-71.1035955,42.3505192],[-71.1035758,42.3505027],[-71.1036117,42.3503405],[-71.1038078,42.3503647],[-71.1037959,42.3504104],[-71.1037359,42.350403],[-71.1037299,42.3504296],[-71.1037859,42.3504365],[-71.1037817,42.3504547],[-71.1037944,42.3504563],[-71.1037761,42.3505343]]]}},{"type":"Feature","id":29680807,"properties":{"osmId":29680807,"category":"academic","addr:housename":"Mathematics & Computer Science Departments","addr:housenumber":"111","addr:street":"Cummington Mall","building":"university"},"geometry":{"type":"Polygon","coordinates":[[[-71.1030934,42.3488661],[-71.1041937,42.3490045],[-71.1050781,42.3491519],[-71.1050515,42.3492603],[-71.103049,42.3490298],[-71.1030934,42.3488661]]]}},{"type":"Feature","id":29680831,"properties":{"osmId":29680831,"category":"academic","addr:housenumber":"2","addr:street":"Cummington Mall","building":"university"},"geometry":{"type":"Polygon","coordinates":[[[-71.1009369,42.348087],[-71.1014207,42.348167],[-71.1013542,42.3483771],[-71.1008979,42.348305],[-71.1009026,42.3482769],[-71.1009057,42.348263],[-71.1009085,42.3482501],[-71.1009369,42.348087]]]}},{"type":"Feature","id":29680834,"properties":{"osmId":29680834,"category":"academic","addr:housenumber":"514,516,518,520,522","addr:street":"Park Drive","building":"university","name":"Audobon Court"},"geometry":{"type":"Polygon","coordinates":[[[-71.1060111,42.3478424],[-71.1060331,42.3478893],[-71.106015,42.3478939],[-71.1060336,42.3479335],[-71.1062312,42.3478829],[-71.106261,42.3479463],[-71.1063854,42.3479145],[-71.1064448,42.3480413],[-71.1063257,42.3480718],[-71.1063597,42.3481442],[-71.1061806,42.34819],[-71.1062211,42.3482765],[-71.1060944,42.3483089],[-71.1060366,42.3481854],[-71.1061559,42.3481548],[-71.1061319,42.3481036],[-71.1062927,42.3480625],[-71.1062517,42.3479748],[-71.1060857,42.3480173],[-71.1060669,42.347977],[-71.105933,42.3480113],[-71.1058706,42.3478783],[-71.1060111,42.3478424]]]}},{"type":"Feature","id":29681050,"properties":{"osmId":29681050,"category":"residential","building":"dormitory","name":"Simmons Hall"},"geometry":{"type":"Polygon","coordinates":[[[-71.1040799,42.3421747],[-71.1041438,42.3422083],[-71.1042274,42.3422524],[-71.1040715,42.3424153],[-71.1043709,42.3424042],[-71.1043759,42.3425121],[-71.1039335,42.3425235],[-71.1038469,42.3424183],[-71.1040799,42.3421747]]]}},{"type":"Feature","id":29681076,"properties":{"osmId":29681076,"category":"residential","addr:housenumber":"291","addr:street":"Brookline Avenue","building":"dormitory","name":"Mesick Hall"},"geometry":{"type":"Polygon","coordinates":[[[-71.1048487,42.3414631],[-71.1049697,42.3415336],[-71.1046567,42.3418292],[-71.1045871,42.3417887],[-71.1045357,42.3417587],[-71.1048487,42.3414631]]]}},{"type":"Feature","id":29681198,"properties":{"osmId":29681198,"category":"medical","addr:city":"Boston","addr:housenumber":"221","addr:street":"Longwood Avenue","building":"hospital","gnis:feature_id":"1971019","name":"221 Longwood","old_name":"Boston Lying-In Hospital"},"geometry":{"type":"Polygon","coordinates":[[[-71.1019481,42.3366346],[-71.1022182,42.336737],[-71.1021377,42.3368539],[-71.1021217,42.3368479],[-71.1019671,42.3370726],[-71.1020026,42.337086],[-71.1020624,42.3369991],[-71.1021731,42.3370411],[-71.1021143,42.3371264],[-71.1023034,42.337198],[-71.1023612,42.3371141],[-71.102478,42.3371583],[-71.1024231,42.3372379],[-71.1025264,42.3372771],[-71.1025135,42.3372957],[-71.1025472,42.3373085],[-71.10256,42.3372898],[-71.1025749,42.3372955],[-71.1025929,42.3372694],[-71.1025889,42.3372593],[-71.1025864,42.3372522],[-71.1025839,42.337245],[-71.1025817,42.3372377],[-71.1025796,42.3372305],[-71.1025777,42.3372232],[-71.1025759,42.337216],[-71.1025744,42.3372087],[-71.102573,42.3372013],[-71.1025718,42.337194],[-71.1025708,42.3371867],[-71.1025698,42.3371794],[-71.1025692,42.337172],[-71.1025686,42.3371646],[-71.1025683,42.3371572],[-71.1025681,42.3371498],[-71.1025681,42.3371424],[-71.1025683,42.337135],[-71.1025686,42.3371276],[-71.1025691,42.3371202],[-71.1025698,42.3371128],[-71.1025707,42.3371055],[-71.1025717,42.3370982],[-71.1025729,42.3370908],[-71.1025743,42.3370835],[-71.1025758,42.3370762],[-71.1025776,42.3370689],[-71.1025794,42.3370616],[-71.1025815,42.3370544],[-71.1025838,42.3370472],[-71.1025861,42.3370401],[-71.1025887,42.3370329],[-71.1025914,42.3370258],[-71.1025944,42.3370188],[-71.1025975,42.3370116],[-71.1026007,42.3370047],[-71.1026041,42.3369977],[-71.1026077,42.3369908],[-71.1026114,42.336984],[-71.1026153,42.3369771],[-71.1026193,42.3369704],[-71.1026235,42.3369638],[-71.1026279,42.3369571],[-71.1026324,42.3369505],[-71.1026371,42.3369439],[-71.1026419,42.3369374],[-71.1026469,42.3369311],[-71.102652,42.3369247],[-71.1026573,42.3369185],[-71.1026628,42.3369123],[-71.1028381,42.3369787],[-71.1028315,42.336988],[-71.1028278,42.3369934],[-71.1028242,42.3369989],[-71.1028209,42.3370044],[-71.1028176,42.33701],[-71.1028145,42.3370155],[-71.1028116,42.3370212],[-71.1028086,42.3370269],[-71.1028059,42.3370326],[-71.1028033,42.3370384],[-71.1028009,42.3370441],[-71.1027987,42.33705],[-71.1027964,42.3370558],[-71.1027943,42.3370617],[-71.1027925,42.3370676],[-71.1027908,42.3370734],[-71.1027891,42.3370794],[-71.1027876,42.3370854],[-71.1027863,42.3370913],[-71.1027851,42.3370974],[-71.102784,42.3371034],[-71.1027831,42.3371093],[-71.1027824,42.3371155],[-71.1027817,42.3371215],[-71.1027812,42.3371275],[-71.1027809,42.3371336],[-71.1027806,42.3371396],[-71.1027806,42.3371457],[-71.1027807,42.3371517],[-71.1027809,42.3371578],[-71.1027812,42.3371639],[-71.1027818,42.3371699],[-71.1027825,42.337176],[-71.1027832,42.337182],[-71.1027841,42.337188],[-71.1027853,42.337194],[-71.1027864,42.3372],[-71.1027877,42.337206],[-71.1027893,42.3372119],[-71.1027909,42.3372179],[-71.1027927,42.3372238],[-71.1027946,42.3372297],[-71.1027967,42.3372355],[-71.1027988,42.3372414],[-71.1028012,42.3372471],[-71.1028036,42.337253],[-71.1028062,42.3372587],[-71.102809,42.3372645],[-71.1028118,42.3372701],[-71.1028148,42.3372757],[-71.1026156,42.3375651],[-71.1015781,42.3371721],[-71.1019481,42.3366346]]]}},{"type":"Feature","id":29681314,"properties":{"osmId":29681314,"category":"academic","building":"university","name":"Harvard School of Public Health"},"geometry":{"type":"Polygon","coordinates":[[[-71.1026069,42.3354358],[-71.1028209,42.335511],[-71.1027322,42.3356502],[-71.1022689,42.3354875],[-71.1019657,42.3359629],[-71.1016056,42.3358365],[-71.1015998,42.3358455],[-71.1013096,42.3357435],[-71.1014148,42.3355787],[-71.1022213,42.3353004],[-71.102267,42.3353165],[-71.1026069,42.3354358]]]}},{"type":"Feature","id":29707868,"properties":{"osmId":29707868,"category":"residential","addr:housenumber":"420","addr:street":"Fenway","building":"dormitory","building:levels":"5","name":"Loretto Hall","roof:shape":"flat"},"geometry":{"type":"Polygon","coordinates":[[[-71.1031627,42.3415242],[-71.103271,42.3416361],[-71.1030777,42.341739],[-71.1033193,42.3420539],[-71.1031499,42.3421253],[-71.1028821,42.3417762],[-71.1027779,42.3418317],[-71.1026791,42.3417296],[-71.1029056,42.3416091],[-71.1029389,42.3416434],[-71.1031627,42.3415242]]]}},{"type":"Feature","id":29707877,"properties":{"osmId":29707877,"category":"residential","addr:housenumber":"78","addr:street":"Pilgrim Road","building":"dormitory","name":"Arnold Hall"},"geometry":{"type":"Polygon","coordinates":[[[-71.1058206,42.3415081],[-71.105941,42.3415786],[-71.1056253,42.3418734],[-71.1055048,42.3418029],[-71.1058206,42.3415081]]]}},{"type":"Feature","id":29708708,"properties":{"osmId":29708708,"category":"academic","addr:housenumber":"621","addr:state":"MA","addr:street":"Huntington Avenue","building":"college","building:levels":"3","ele":"6","gnis:feature_id":"1971774","name":"South Building","roof:levels":"0","roof:shape":"flat","source":"USGS Geonames","wikidata":"Q132528800"},"geometry":{"type":"Polygon","coordinates":[[[-71.1001707,42.3368114],[-71.1000242,42.3367572],[-71.0997234,42.3366459],[-71.0995535,42.3365831],[-71.099572,42.3365557],[-71.0996958,42.3363729],[-71.099873,42.3364385],[-71.0999365,42.3363448],[-71.1001329,42.3364174],[-71.1001492,42.3363933],[-71.100206,42.3364143],[-71.1001298,42.3365267],[-71.1003167,42.3365958],[-71.1001707,42.3368114]]]}},{"type":"Feature","id":29714352,"properties":{"osmId":29714352,"category":"residential","addr:housenumber":"696","addr:street":"Columbus Avenue","building":"dormitory","name":"Davenport Commons B"},"geometry":{"type":"Polygon","coordinates":[[[-71.08425,42.3379776],[-71.0845285,42.3382553],[-71.0841351,42.3385058],[-71.0839611,42.3383903],[-71.0842518,42.3382068],[-71.0841985,42.3381639],[-71.08417,42.3381803],[-71.0840685,42.3380788],[-71.08425,42.3379776]]]}},{"type":"Feature","id":29714357,"properties":{"osmId":29714357,"category":"athletic","addr:housenumber":"1350","addr:street":"Tremont Street","alt_name":"Building 5","building":"yes","leisure":"sports_centre","name":"Reggie Lewis Athletic Center","sport":"running","wikidata":"Q7308269"},"geometry":{"type":"Polygon","coordinates":[[[-71.0923202,42.3314064],[-71.0935361,42.331475],[-71.0935373,42.331523],[-71.0935429,42.3315561],[-71.0935512,42.3315945],[-71.0935928,42.3316791],[-71.0936259,42.3317265],[-71.0936498,42.3317558],[-71.0936755,42.3317787],[-71.0934921,42.3319457],[-71.0934636,42.331936],[-71.093374,42.3320721],[-71.0926384,42.3325517],[-71.0921187,42.3321137],[-71.0923408,42.3319656],[-71.092351,42.3318359],[-71.0923604,42.3317172],[-71.0922933,42.3317141],[-71.0923202,42.3314064]]]}},{"type":"Feature","id":29715237,"properties":{"osmId":29715237,"category":"academic","addr:city":"Boston","addr:housenumber":"512","addr:postcode":"02115","addr:state":"MA","addr:street":"Beacon Street","architect":"Charles R. Greco","building":"university","building:levels":"10","building:material":"brick","building:use":"residential","capacity":"283","heritage:website":"https://backbayhouses.org/512-beacon/","image":"https://backbayhouses.files.wordpress.com/2015/02/beac-512-2014-04-2b.jpg","name":"Danielson Hall","operator":"Boston University","roof:colour":"grey","website":"https://www.bu.edu/housing/residences/large/danielsen/","wheelchair":"yes"},"geometry":{"type":"Polygon","coordinates":[[[-71.0905248,42.3509387],[-71.0901737,42.3510324],[-71.0900791,42.3508361],[-71.0904367,42.3507406],[-71.0905248,42.3509387]]]}},{"type":"Feature","id":29716282,"properties":{"osmId":29716282,"category":"religious","addr:housenumber":"6","addr:street":"Dudley Street","amenity":"place_of_worship","building":"yes","name":"First Church In Roxbury","religion":"christian","wikidata":"Q22025677","wikipedia":"en:First Church in Roxbury"},"geometry":{"type":"Polygon","coordinates":[[[-71.0897183,42.329794],[-71.0897198,42.3298323],[-71.0898065,42.3298303],[-71.0898114,42.3299516],[-71.0897235,42.3299535],[-71.0897249,42.3299895],[-71.0894408,42.3299958],[-71.0894391,42.3299545],[-71.0893859,42.3299557],[-71.0893815,42.3298462],[-71.0894383,42.3298449],[-71.0894365,42.3298002],[-71.0897183,42.329794]]]}},{"type":"Feature","id":29716922,"properties":{"osmId":29716922,"category":"academic","addr:housenumber":"150","addr:street":"Norfolk Avenue","building":"school"},"geometry":{"type":"Polygon","coordinates":[[[-71.0711834,42.3259256],[-71.0715178,42.3261383],[-71.0713166,42.326311],[-71.0712071,42.3262413],[-71.0712916,42.3261678],[-71.0711782,42.3260957],[-71.0710945,42.3261696],[-71.0709832,42.3260988],[-71.0711834,42.3259256]]]}},{"type":"Feature","id":29717116,"properties":{"osmId":29717116,"category":"academic","addr:housenumber":"1234","addr:street":"Columbus Avenue","addr:unit":"BLDG 4","alt_name":"Building 4","building":"university","building:levels":"3","name":"Health Sciences Building","roof:levels":"1","roof:shape":"double_saltbox"},"geometry":{"type":"Polygon","coordinates":[[[-71.0962214,42.3282524],[-71.0966502,42.3283807],[-71.0964833,42.3286877],[-71.0963325,42.3286425],[-71.0963424,42.3286241],[-71.0962745,42.3286037],[-71.0962661,42.3286191],[-71.0961483,42.3285839],[-71.0962062,42.3284773],[-71.0961141,42.3284497],[-71.0962214,42.3282524]]]}},{"type":"Feature","id":29717385,"properties":{"osmId":29717385,"category":"academic","addr:housenumber":"103","addr:street":"Ward Street","building":"college","name":"Beatty Hall"},"geometry":{"type":"Polygon","coordinates":[[[-71.0955458,42.3352479],[-71.0958294,42.335357],[-71.0957616,42.3354576],[-71.0957959,42.3354728],[-71.09582,42.3354446],[-71.0958677,42.3354582],[-71.095847,42.3354885],[-71.0959489,42.3355333],[-71.0957729,42.335808],[-71.09581,42.3358211],[-71.0957959,42.3358431],[-71.0957838,42.3358621],[-71.0957437,42.335848],[-71.0957191,42.3358863],[-71.0955921,42.3358442],[-71.0955711,42.3358714],[-71.0955426,42.3358609],[-71.0951929,42.3357315],[-71.0952222,42.3356974],[-71.0952318,42.3357042],[-71.0953827,42.3354831],[-71.0953454,42.3354666],[-71.0953873,42.3354088],[-71.0954189,42.3354218],[-71.0955458,42.3352479]]]}},{"type":"Feature","id":29719023,"properties":{"osmId":29719023,"category":"other","access":"yes","addr:housenumber":"10","addr:street":"Gainsborough Street","amenity":"parking","building":"yes","fee":"yes","name":"Gainsborough Parking Garage","operator":"Northeastern University","parking":"multi-storey"},"geometry":{"type":"Polygon","coordinates":[[[-71.0859283,42.3400746],[-71.0859362,42.3400747],[-71.0859442,42.340075],[-71.0859521,42.3400755],[-71.08596,42.3400762],[-71.0859677,42.3400772],[-71.0859756,42.3400784],[-71.0859832,42.3400796],[-71.0859909,42.3400812],[-71.0859985,42.3400829],[-71.086006,42.3400849],[-71.0860134,42.340087],[-71.0860207,42.3400892],[-71.0860279,42.3400918],[-71.086035,42.3400944],[-71.0860419,42.3400973],[-71.0860486,42.3401003],[-71.0860553,42.3401036],[-71.0860618,42.3401069],[-71.0860681,42.3401105],[-71.0860743,42.3401142],[-71.0860803,42.3401181],[-71.0860861,42.3401221],[-71.0860917,42.3401263],[-71.086096,42.3401297],[-71.086376,42.340324],[-71.0863687,42.3404003],[-71.0859423,42.3405565],[-71.0856487,42.3407965],[-71.0850376,42.3403853],[-71.0853544,42.3402033],[-71.0858011,42.3401032],[-71.0858078,42.3401],[-71.0858146,42.340097],[-71.0858215,42.3400942],[-71.0858286,42.3400915],[-71.0858359,42.340089],[-71.0858432,42.3400867],[-71.0858506,42.3400847],[-71.085858,42.3400827],[-71.0858656,42.340081],[-71.0858733,42.3400795],[-71.0858811,42.3400782],[-71.0858888,42.3400771],[-71.0858966,42.3400762],[-71.0859045,42.3400755],[-71.0859124,42.340075],[-71.0859204,42.3400746],[-71.0859283,42.3400746]]]}},{"type":"Feature","id":29738049,"properties":{"osmId":29738049,"category":"religious","addr:housenumber":"830","addr:street":"Tremont Street","amenity":"place_of_worship","building":"yes","denomination":"baptist","name":"Owen Roberts Center","religion":"christian"},"geometry":{"type":"Polygon","coordinates":[[[-71.0821901,42.3380176],[-71.0822893,42.3380961],[-71.0819294,42.3382953],[-71.081888,42.3382607],[-71.0821901,42.3380176]]]}},{"type":"Feature","id":29738400,"properties":{"osmId":29738400,"category":"residential","addr:city":"Boston","addr:housenumber":"90","addr:state":"MA","addr:street":"Fenway","building":"dormitory","building:levels":"5","building:levels:underground":"1","campusbuilding":"yes","ele":"6","gnis:feature_id":"1971923","name":"Melvin Hall","operator":"Northeastern University","smoking":"no","source":"MassGIS Buildings (http://www.mass.gov/mgis/lidarbuildingfp2d.htm);USGS Geonames","wheelchair":"no"},"geometry":{"type":"Polygon","coordinates":[[[-71.0910682,42.3419795],[-71.0911327,42.3420015],[-71.0911242,42.3420152],[-71.0912006,42.3420412],[-71.0912197,42.3420107],[-71.0913385,42.3420512],[-71.0912234,42.3422357],[-71.0911047,42.3421952],[-71.0911234,42.3421652],[-71.0910526,42.3421411],[-71.0910451,42.3421531],[-71.0909749,42.3421291],[-71.0910682,42.3419795]]]}},{"type":"Feature","id":29738786,"properties":{"osmId":29738786,"category":"academic","addr:housenumber":"750","addr:street":"Albany Street","building":"yes","power":"generator"},"geometry":{"type":"Polygon","coordinates":[[[-71.0717658,42.3337841],[-71.0718665,42.3338646],[-71.0718852,42.3338795],[-71.0719092,42.3338986],[-71.0720825,42.3340372],[-71.0719673,42.3341136],[-71.0716207,42.3343491],[-71.0713066,42.3340984],[-71.0717658,42.3337841]]]}},{"type":"Feature","id":29738909,"properties":{"osmId":29738909,"category":"academic","addr:housenumber":"416","addr:street":"Huntington Avenue","building":"university","name":"Knowles Center"},"geometry":{"type":"Polygon","coordinates":[[[-71.0910041,42.3390135],[-71.0911567,42.3392403],[-71.0907408,42.3394062],[-71.0905841,42.3391784],[-71.0908196,42.3390818],[-71.0910041,42.3390135]]]}},{"type":"Feature","id":29739508,"properties":{"osmId":29739508,"category":"academic","addr:housenumber":"748","addr:street":"Columbus Avenue","building":"yes"},"geometry":{"type":"Polygon","coordinates":[[[-71.0856789,42.3373315],[-71.0857744,42.337279],[-71.0858909,42.3373948],[-71.0857955,42.3374473],[-71.0856789,42.3373315]]]}},{"type":"Feature","id":29741317,"properties":{"osmId":29741317,"category":"academic","addr:housenumber":"10","addr:street":"Northampton Street","building":"yes"},"geometry":{"type":"Polygon","coordinates":[[[-71.0752419,42.332962],[-71.0752856,42.3330214],[-71.0752211,42.3330473],[-71.0752991,42.3331535],[-71.0751955,42.3331951],[-71.0750738,42.3330294],[-71.0752419,42.332962]]]}},{"type":"Feature","id":29741410,"properties":{"osmId":29741410,"category":"academic","addr:housenumber":"288","addr:state":"MA","addr:street":"Saint Botolph Street","building":"university","ele":"4","gnis:feature_id":"1971897","name":"Cullinane Hall","source":"MassGIS Buildings (http://www.mass.gov/mgis/lidarbuildingfp2d.htm);USGS Geonames"},"geometry":{"type":"Polygon","coordinates":[[[-71.0866286,42.3398685],[-71.0866695,42.3399474],[-71.0865623,42.3399944],[-71.08675,42.3402635],[-71.0865722,42.3403349],[-71.0863242,42.3400025],[-71.0866286,42.3398685]]]}},{"type":"Feature","id":29742290,"properties":{"osmId":29742290,"category":"religious","amenity":"place_of_worship","building":"yes","denomination":"episcopal","name":"St. Cyprian's Episcopal Church","religion":"christian"},"geometry":{"type":"Polygon","coordinates":[[[-71.0867601,42.3359997],[-71.0868628,42.3361187],[-71.0868925,42.3361034],[-71.0871053,42.3363256],[-71.0869077,42.3364318],[-71.0867355,42.3362456],[-71.0867479,42.3362373],[-71.0867093,42.3361955],[-71.0867362,42.3361837],[-71.086625,42.3360671],[-71.0867601,42.3359997]]]}},{"type":"Feature","id":29742597,"properties":{"osmId":29742597,"category":"academic","building":"retail","building:levels":"1","campusbuilding":"yes","name":"Burstein Hall"},"geometry":{"type":"Polygon","coordinates":[[[-71.0929598,42.3385905],[-71.0927021,42.3386808],[-71.0926863,42.3386574],[-71.0928588,42.3384045],[-71.0929598,42.3385905]]]}},{"type":"Feature","id":29785863,"properties":{"osmId":29785863,"category":"academic","building":"yes"},"geometry":{"type":"Polygon","coordinates":[[[-71.1031648,42.3350409],[-71.1033276,42.3351046],[-71.1032922,42.3351542],[-71.1031295,42.3350905],[-71.1031648,42.3350409]]]}},{"type":"Feature","id":29787983,"properties":{"osmId":29787983,"category":"academic","addr:city":"Boston","addr:housenumber":"640","addr:postcode":"02215","addr:state":"MA","addr:street":"Commonwealth Avenue","building":"university","building:levels":"3","roof:levels":"4"},"geometry":{"type":"Polygon","coordinates":[[[-71.1017625,42.3486874],[-71.1029129,42.3488318],[-71.1028746,42.349],[-71.102489,42.3489516],[-71.102204,42.3489158],[-71.1021913,42.3489717],[-71.1020691,42.3489563],[-71.1020814,42.3489022],[-71.1017237,42.3488574],[-71.1017625,42.3486874]]]}},{"type":"Feature","id":29788480,"properties":{"osmId":29788480,"category":"academic","addr:housenumber":"25","building":"university","name":"Classroom Building"},"geometry":{"type":"Polygon","coordinates":[[[-71.105021,42.3425733],[-71.1051052,42.3427064],[-71.10479,42.3428164],[-71.1047535,42.3427588],[-71.1047252,42.3427686],[-71.1046774,42.3426931],[-71.105021,42.3425733]]]}},{"type":"Feature","id":29788932,"properties":{"osmId":29788932,"category":"library","addr:city":"Boston","addr:housenumber":"10","addr:state":"MA","amenity":"library","building":"yes","ele":"11","gnis:feature_id":"1971259","name":"Frances A. Countway Library of Medicine","operator:type":"university","source":"USGS Geonames","website":"https://countway.harvard.edu/about"},"geometry":{"type":"Polygon","coordinates":[[[-71.1035647,42.3348804],[-71.1040161,42.3350571],[-71.1038906,42.3352334],[-71.1038041,42.3353551],[-71.1037749,42.3353961],[-71.1033236,42.3352193],[-71.1035074,42.3349609],[-71.1035647,42.3348804]]]}},{"type":"Feature","id":29792404,"properties":{"osmId":29792404,"category":"medical","addr:state":"MA","building":"hospital","building:levels":"13","ele":"6","gnis:feature_id":"1971211","name":"Enders Research Building","official_name":"John F. Enders Pediatric Research Laboratories","source":"USGS Geonames","year_of_construction":"1970"},"geometry":{"type":"Polygon","coordinates":[[[-71.1062767,42.3376472],[-71.1063203,42.337671],[-71.1063549,42.3376389],[-71.1065505,42.3377539],[-71.1061288,42.3381537],[-71.1056495,42.3378844],[-71.1057035,42.3378342],[-71.1057844,42.3378818],[-71.1059098,42.3377644],[-71.1058113,42.3377069],[-71.1059836,42.3375469],[-71.1060952,42.3376083],[-71.1061709,42.337542],[-71.1062466,42.3374757],[-71.1062767,42.3376472]]]}},{"type":"Feature","id":29795292,"properties":{"osmId":29795292,"category":"academic","building":"university","name":"Holmes Sport Center"},"geometry":{"type":"Polygon","coordinates":[[[-71.1058935,42.3404577],[-71.106427,42.3407717],[-71.106422,42.3407763],[-71.1064312,42.3407791],[-71.1064365,42.3407804],[-71.1064416,42.3407822],[-71.1064463,42.3407846],[-71.1064504,42.3407874],[-71.106454,42.3407907],[-71.106457,42.3407942],[-71.1064593,42.3407981],[-71.1064609,42.340802],[-71.1064617,42.3408062],[-71.1064617,42.3408104],[-71.1064609,42.3408145],[-71.1064593,42.3408186],[-71.106457,42.3408224],[-71.106454,42.3408259],[-71.1064504,42.3408292],[-71.1064461,42.340832],[-71.1064415,42.3408343],[-71.1064364,42.3408362],[-71.106431,42.3408375],[-71.1064255,42.3408382],[-71.1064199,42.3408383],[-71.1064142,42.3408379],[-71.1064087,42.3408369],[-71.1064035,42.3408352],[-71.1063985,42.3408331],[-71.1063941,42.3408306],[-71.1063902,42.3408275],[-71.106387,42.3408242],[-71.1063843,42.3408205],[-71.1063816,42.3408141],[-71.1063465,42.3408458],[-71.1062406,42.3409443],[-71.1061493,42.341029],[-71.1058732,42.3408665],[-71.1059278,42.3408155],[-71.1059412,42.3408029],[-71.1056854,42.3406523],[-71.1058935,42.3404577]]]}},{"type":"Feature","id":29801067,"properties":{"osmId":29801067,"category":"religious","addr:housenumber":"129","addr:street":"Vernon Street","amenity":"place_of_worship","building":"church","religion":"christian"},"geometry":{"type":"Polygon","coordinates":[[[-71.0886144,42.3324801],[-71.0887932,42.3325404],[-71.0886553,42.3327639],[-71.0884765,42.3327036],[-71.0886144,42.3324801]]]}},{"type":"Feature","id":29801640,"properties":{"osmId":29801640,"category":"residential","addr:city":"Boston","addr:housenumber":"129","addr:state":"MA","addr:street":"Hemenway Street","building":"dormitory","campusbuilding":"yes","ele":"5","gnis:feature_id":"1971937","name":"Smith Hall","operator":"Northeastern University","source":"MassGIS Buildings (http://www.mass.gov/mgis/lidarbuildingfp2d.htm);USGS Geonames"},"geometry":{"type":"Polygon","coordinates":[[[-71.0905062,42.3428125],[-71.0903632,42.3427903],[-71.0905362,42.3421818],[-71.0907969,42.3422223],[-71.0907433,42.342411],[-71.0906168,42.3423914],[-71.0906063,42.3424283],[-71.0907348,42.3424482],[-71.0906889,42.3426096],[-71.0905635,42.3425901],[-71.090553,42.3426271],[-71.0906799,42.3426468],[-71.0906315,42.3428173],[-71.0905102,42.3427985],[-71.0905062,42.3428125]]]}},{"type":"Feature","id":29801779,"properties":{"osmId":29801779,"category":"academic","addr:city":"Roxbury","addr:housenumber":"40","addr:postcode":"02120","addr:state":"MA","addr:street":"Smith Street","building":"school"},"geometry":{"type":"Polygon","coordinates":[[[-71.0983754,42.3326252],[-71.0985906,42.332705],[-71.0985078,42.332828],[-71.0986878,42.3328947],[-71.0985215,42.3331419],[-71.0983784,42.3330889],[-71.0983197,42.3331761],[-71.0984663,42.3332304],[-71.0983632,42.3333837],[-71.0978752,42.3332029],[-71.0979755,42.3330537],[-71.0982566,42.3331579],[-71.0983193,42.3330648],[-71.0981273,42.3329937],[-71.0983754,42.3326252]]]}},{"type":"Feature","id":29803203,"properties":{"osmId":29803203,"category":"academic","addr:city":"Roxbury Crossing","addr:postcode":"02120","addr:state":"MA","building":"train_station","building:levels":"2","layer":"3","name":"Ruggles","network":"MBTA","network:guid":"US-MA-MBTA","network:wikidata":"Q171985","network:wikipedia":"en:Massachusetts Bay Transportation Authority","operator":"Massachusetts Bay Transportation Authority","operator:short":"MBTA","operator:wikidata":"Q171985","public_transport":"station","railway":"station","railway:position":"mi:226.5","station":"train","subway":"yes","train":"yes","website":"https://www.mbta.com/","wheelchair":"yes","wikidata":"Q3736904","wikipedia":"en:Ruggles station"},"geometry":{"type":"Polygon","coordinates":[[[-71.0899484,42.3362919],[-71.0899565,42.33631],[-71.0899665,42.3363322],[-71.0900112,42.336439],[-71.0900163,42.3364513],[-71.0898082,42.3366245],[-71.0896258,42.3367799],[-71.0894629,42.3369089],[-71.0894584,42.3369001],[-71.0894569,42.336897],[-71.0894564,42.3368962],[-71.0894549,42.336893],[-71.0894425,42.3368688],[-71.0892622,42.3370113],[-71.0892797,42.3370576],[-71.0890778,42.3372061],[-71.0890245,42.3370873],[-71.0891126,42.3370181],[-71.0891763,42.3369681],[-71.089196,42.3369526],[-71.0892131,42.3369392],[-71.0891986,42.3369294],[-71.0891901,42.3369236],[-71.0891329,42.3368848],[-71.0891004,42.3368628],[-71.0890889,42.336855],[-71.0890617,42.3368366],[-71.0890416,42.336823],[-71.0890311,42.3368159],[-71.0890245,42.3368114],[-71.0890097,42.3368014],[-71.0889741,42.3367773],[-71.0889627,42.3367696],[-71.0889535,42.3367633],[-71.088925,42.3367441],[-71.0888981,42.3367258],[-71.0888751,42.3367102],[-71.0888592,42.3366995],[-71.0888374,42.3366847],[-71.0888203,42.3366731],[-71.0887619,42.3366335],[-71.0887446,42.3366218],[-71.0887236,42.3366076],[-71.0886827,42.3365799],[-71.0886648,42.3365677],[-71.0886426,42.3365527],[-71.088626,42.3365415],[-71.0885959,42.3365211],[-71.0885362,42.3364806],[-71.0885238,42.3364722],[-71.0888572,42.3361995],[-71.0888747,42.3361852],[-71.088885,42.3361767],[-71.0890825,42.3360212],[-71.0891534,42.3360689],[-71.0891755,42.3360838],[-71.089197,42.3360983],[-71.0892184,42.3361127],[-71.089277,42.3361522],[-71.0893089,42.3361737],[-71.0893376,42.336193],[-71.0893696,42.3362145],[-71.0893822,42.336223],[-71.0893967,42.3362323],[-71.0894485,42.3361884],[-71.0894809,42.3362098],[-71.0894287,42.3362529],[-71.0894439,42.3362634],[-71.0894711,42.3362812],[-71.0895012,42.3363008],[-71.0895176,42.3363115],[-71.0895769,42.3363503],[-71.0895945,42.3363618],[-71.0896422,42.336393],[-71.0896525,42.3363997],[-71.0896589,42.3364039],[-71.0897194,42.336354],[-71.0897921,42.3362943],[-71.0898113,42.3362785],[-71.0899126,42.3361952],[-71.0899528,42.3361622],[-71.0900209,42.3361061],[-71.090075,42.3360617],[-71.0900943,42.3360458],[-71.0901163,42.3360265],[-71.090129,42.336035],[-71.0901905,42.3359844],[-71.0902892,42.335903],[-71.0903222,42.3358758],[-71.0903259,42.3358782],[-71.0903574,42.3358991],[-71.0902409,42.335995],[-71.0901638,42.3360584],[-71.09018,42.3360693],[-71.0901902,42.3360761],[-71.0900712,42.3361823],[-71.0899882,42.3362564],[-71.0899484,42.3362919]]]}},{"type":"Feature","id":29803340,"properties":{"osmId":29803340,"category":"religious","addr:city":"Boston","addr:housenumber":"15","addr:postcode":"02116","addr:street":"Newbury Street","amenity":"place_of_worship","building":"church","denomination":"episcopal","gnis:feature_id":"1971209;2342251","name":"Emmanuel Church","phone":"+1 617 536 3355","religion":"christian","start_date":"1899","website":"https://emmanuelboston.org/","wikidata":"Q5373210","wikipedia":"en:Emmanuel Episcopal Church, Boston"},"geometry":{"type":"Polygon","coordinates":[[[-71.0719995,42.3525897],[-71.0726884,42.3523992],[-71.0727789,42.3525774],[-71.0728079,42.3526339],[-71.0721175,42.3528239],[-71.0720748,42.3527392],[-71.0719995,42.3525897]]]}},{"type":"Feature","id":29803810,"properties":{"osmId":29803810,"category":"academic","addr:housenumber":"70","addr:state":"MA","addr:street":"Forsyth Street","building":"university","building:levels":"2","ele":"4","gnis:feature_id":"1971904","name":"Forsyth Building","roof:shape":"flat","source":"MassGIS Buildings (http://www.mass.gov/mgis/lidarbuildingfp2d.htm);USGS Geonames"},"geometry":{"type":"Polygon","coordinates":[[[-71.0898392,42.338337],[-71.0899916,42.3386429],[-71.0894018,42.3388917],[-71.0891639,42.33841],[-71.0898392,42.338337]]]}},{"type":"Feature","id":29804783,"properties":{"osmId":29804783,"category":"academic","addr:housenumber":"336","addr:state":"MA","addr:street":"Huntington Avenue","building":"university","ele":"4","gnis:feature_id":"1971932","name":"Robinson Hall","source":"MassGIS Buildings (http://www.mass.gov/mgis/lidarbuildingfp2d.htm);USGS Geonames"},"geometry":{"type":"Polygon","coordinates":[[[-71.086925,42.3390819],[-71.0870422,42.3392445],[-71.0865169,42.3394525],[-71.0863998,42.3392899],[-71.086925,42.3390819]]]}},{"type":"Feature","id":29805908,"properties":{"osmId":29805908,"category":"religious","addr:city":"Boston","addr:housenumber":"14-18;18","addr:postcode":"02115","addr:state":"MA","addr:street":"Belvidere Street","air_conditioning":"yes","amenity":"place_of_worship","building":"church","denomination":"roman_catholic","ele":"3","gnis:feature_id":"1971717","name":"Saint Cecilia Parish","religion":"christian","website":"https://stceciliaboston.org/"},"geometry":{"type":"Polygon","coordinates":[[[-71.0861293,42.346398],[-71.0861687,42.3464041],[-71.0862049,42.3464106],[-71.0862521,42.3464181],[-71.0862506,42.346424],[-71.0863649,42.3464445],[-71.0864855,42.3464606],[-71.0864871,42.3464544],[-71.0865903,42.3464683],[-71.0865424,42.3466173],[-71.0864587,42.3466059],[-71.0864141,42.346785],[-71.086427,42.3467867],[-71.0864943,42.3467956],[-71.0864615,42.3469171],[-71.0860834,42.3468574],[-71.0861039,42.3467779],[-71.0861146,42.3467365],[-71.0861385,42.346739],[-71.0862011,42.3465157],[-71.0861798,42.3465122],[-71.0861718,42.3465387],[-71.0861439,42.3465348],[-71.0860924,42.3465275],[-71.0861293,42.346398]]]}},{"type":"Feature","id":29806084,"properties":{"osmId":29806084,"category":"residential","addr:city":"Boston","addr:housenumber":"96","addr:state":"MA","addr:street":"Fenway","building":"dormitory","campusbuilding":"yes","ele":"6","gnis:feature_id":"1971914","name":"Kerr Hall","operator":"Northeastern University","source":"MassGIS Buildings (http://www.mass.gov/mgis/lidarbuildingfp2d.htm);USGS Geonames","wikidata":"Q14715867"},"geometry":{"type":"Polygon","coordinates":[[[-71.0911224,42.3417451],[-71.0912301,42.3417832],[-71.0912178,42.3418022],[-71.0913567,42.3418513],[-71.0913699,42.341831],[-71.0914621,42.3418637],[-71.0913809,42.3419891],[-71.0912867,42.3419558],[-71.0912964,42.3419409],[-71.0911511,42.3418895],[-71.0911404,42.341906],[-71.091041,42.3418708],[-71.0911224,42.3417451]]]}},{"type":"Feature","id":29806482,"properties":{"osmId":29806482,"category":"academic","amenity":"theatre","building":"university","check_date":"2025-03-10","name":"Raytheon Amphitheater"},"geometry":{"type":"Polygon","coordinates":[[[-71.0890677,42.337406],[-71.0890524,42.3373927],[-71.0891324,42.337337],[-71.0891517,42.337352],[-71.0891559,42.3373496],[-71.0891602,42.3373472],[-71.0891647,42.337345],[-71.0891693,42.3373429],[-71.089174,42.3373408],[-71.0891787,42.3373389],[-71.0891836,42.3373372],[-71.0891886,42.3373356],[-71.0891935,42.3373341],[-71.0891986,42.3373327],[-71.0892037,42.3373315],[-71.089209,42.3373304],[-71.0892142,42.3373294],[-71.0892194,42.3373286],[-71.0892248,42.3373279],[-71.0892301,42.3373273],[-71.0892354,42.3373269],[-71.0892408,42.3373266],[-71.0892463,42.3373265],[-71.0892516,42.3373265],[-71.0892571,42.3373267],[-71.0892624,42.337327],[-71.0892677,42.3373274],[-71.0892732,42.3373279],[-71.0892784,42.3373287],[-71.0892837,42.3373295],[-71.0892889,42.3373304],[-71.0892942,42.3373315],[-71.0892992,42.3373328],[-71.0893043,42.3373342],[-71.0893093,42.3373356],[-71.0893143,42.3373373],[-71.0893191,42.3373391],[-71.0893238,42.3373409],[-71.0893285,42.3373429],[-71.0893331,42.3373451],[-71.0893376,42.3373472],[-71.089342,42.3373496],[-71.0893462,42.3373521],[-71.0893503,42.3373547],[-71.0893543,42.3373574],[-71.0893583,42.3373602],[-71.089362,42.337363],[-71.0893656,42.337366],[-71.089369,42.337369],[-71.0893724,42.3373722],[-71.0893755,42.3373755],[-71.0893785,42.3373788],[-71.0893814,42.3373821],[-71.0893841,42.3373857],[-71.0893866,42.3373892],[-71.089389,42.3373928],[-71.0893912,42.3373964],[-71.0893932,42.3374002],[-71.089395,42.3374039],[-71.0893967,42.3374078],[-71.0893982,42.3374116],[-71.0893995,42.3374154],[-71.0894006,42.3374194],[-71.0894016,42.3374234],[-71.0894023,42.3374273],[-71.0894028,42.3374313],[-71.0894032,42.3374353],[-71.0894034,42.3374393],[-71.0894034,42.3374433],[-71.0894032,42.3374473],[-71.0894028,42.3374513],[-71.0894023,42.3374552],[-71.0894016,42.3374592],[-71.0894001,42.337465],[-71.089391,42.3374805],[-71.0893767,42.3374972],[-71.0893606,42.3375108],[-71.0893806,42.3375248],[-71.0893006,42.3375838],[-71.0892861,42.3375732],[-71.0890677,42.337406]]]}},{"type":"Feature","id":29809174,"properties":{"osmId":29809174,"category":"religious","addr:housenumber":"61;77","addr:street":"Mount Pleasant Avenue","amenity":"monastery","building":"yes","name":"Carmelite Monastery","religion":"christian"},"geometry":{"type":"Polygon","coordinates":[[[-71.0789025,42.3259352],[-71.0789947,42.3260016],[-71.0790437,42.3259644],[-71.0790725,42.3259851],[-71.0789459,42.3260811],[-71.0791231,42.3262089],[-71.0792638,42.3261022],[-71.0793815,42.326187],[-71.0791054,42.3263963],[-71.0790144,42.3263307],[-71.0789823,42.3263551],[-71.0788439,42.3262553],[-71.0788605,42.3262427],[-71.0787572,42.3261682],[-71.0787245,42.3261929],[-71.0785239,42.3260483],[-71.0785546,42.326025],[-71.0785389,42.3260137],[-71.0785982,42.3259687],[-71.0786139,42.3259801],[-71.0786547,42.3259491],[-71.0787148,42.3259924],[-71.0787266,42.3259834],[-71.0787842,42.3260249],[-71.0789025,42.3259352]]]}},{"type":"Feature","id":29809231,"properties":{"osmId":29809231,"category":"residential","addr:housename":"Stetson West","addr:housenumber":"5","addr:street":"Speare Place","building":"dormitory","building:levels":"4","name":"Stetson West"},"geometry":{"type":"Polygon","coordinates":[[[-71.0906873,42.3406697],[-71.0908863,42.3409422],[-71.0909447,42.3410223],[-71.0907585,42.3410966],[-71.0907417,42.3410736],[-71.0904624,42.3411962],[-71.0903424,42.3410319],[-71.0903668,42.3410111],[-71.0903956,42.3409996],[-71.0903478,42.340934],[-71.0903645,42.3409273],[-71.090551,42.3408529],[-71.090567,42.3408749],[-71.0905797,42.3408698],[-71.0905946,42.3408639],[-71.0905057,42.3407422],[-71.0906873,42.3406697]]]}},{"type":"Feature","id":29810014,"properties":{"osmId":29810014,"category":"religious","addr:city":"Boston","addr:housenumber":"596;598;600","addr:postcode":"02118","addr:state":"MA","addr:street":"Columbus Avenue","amenity":"place_of_worship","building":"yes","denomination":"african_methodist_episcopal_zion","name":"Columbus Avenue African Methodist Episcopal Zion Church","religion":"christian","wikidata":"Q131463225"},"geometry":{"type":"Polygon","coordinates":[[[-71.0820699,42.3398083],[-71.0822866,42.3399627],[-71.0821247,42.3400932],[-71.0818979,42.3399293],[-71.0820699,42.3398083]]]}},{"type":"Feature","id":29810226,"properties":{"osmId":29810226,"category":"academic","alt_name":"Building 3","building":"university","name":"Academic Building"},"geometry":{"type":"Polygon","coordinates":[[[-71.0956345,42.3288811],[-71.09619,42.3290854],[-71.0960968,42.329225],[-71.0957323,42.3290909],[-71.0956665,42.3291893],[-71.0957129,42.3292063],[-71.0955986,42.3293774],[-71.0955486,42.3293591],[-71.0954857,42.3294532],[-71.0958558,42.3295893],[-71.0957599,42.3297228],[-71.0952025,42.3295178],[-71.0956345,42.3288811]]]}},{"type":"Feature","id":29825269,"properties":{"osmId":29825269,"category":"academic","addr:housenumber":"48","building":"university","building:levels":"12"},"geometry":{"type":"Polygon","coordinates":[[[-71.1031447,42.3486752],[-71.1038292,42.3487775],[-71.1038721,42.3486335],[-71.1034439,42.3485519],[-71.103194,42.3485132],[-71.1031447,42.3486752]]]}},{"type":"Feature","id":29827472,"properties":{"osmId":29827472,"category":"residential","addr:housenumber":"321","addr:street":"Brookline Avenue","building":"dormitory","name":"South Hall"},"geometry":{"type":"Polygon","coordinates":[[[-71.1056686,42.3406828],[-71.1057851,42.3407514],[-71.1055968,42.3409259],[-71.1055633,42.3409582],[-71.1055378,42.3409826],[-71.1054213,42.3409141],[-71.1056686,42.3406828]]]}},{"type":"Feature","id":29829412,"properties":{"osmId":29829412,"category":"academic","addr:city":"Boston","addr:housenumber":"300","addr:postcode":"02115","addr:state":"MA","addr:street":"Fenway","building":"university","name":"Main College Building"},"geometry":{"type":"Polygon","coordinates":[[[-71.0993015,42.3388093],[-71.0996602,42.3390474],[-71.099807,42.3389266],[-71.0998961,42.3389857],[-71.0998753,42.3390028],[-71.0999826,42.3390741],[-71.1001721,42.3389182],[-71.1004173,42.3391937],[-71.1003024,42.3392899],[-71.1003546,42.339324],[-71.1003702,42.3393109],[-71.1004496,42.3393628],[-71.1002996,42.3394882],[-71.100599,42.3396837],[-71.1006335,42.3397062],[-71.100497,42.3398204],[-71.1004844,42.339831],[-71.1001576,42.3396175],[-71.100212,42.339572],[-71.1001242,42.3395146],[-71.1001017,42.3395334],[-71.0999091,42.339407],[-71.099894,42.3394196],[-71.0997917,42.3393522],[-71.0998113,42.3393359],[-71.0996314,42.339217],[-71.099662,42.3391917],[-71.0995491,42.3391169],[-71.0994955,42.339161],[-71.0991516,42.3389328],[-71.0993015,42.3388093]]]}},{"type":"Feature","id":29842318,"properties":{"osmId":29842318,"category":"academic","building":"university","name":"Vose"},"geometry":{"type":"Polygon","coordinates":[[[-71.0720004,42.3369792],[-71.0716597,42.3367119],[-71.0717488,42.3366505],[-71.071992,42.336847],[-71.0720454,42.3368101],[-71.0720122,42.3367836],[-71.0721176,42.3367109],[-71.0722436,42.3368113],[-71.0720004,42.3369792]]]}},{"type":"Feature","id":29842451,"properties":{"osmId":29842451,"category":"residential","addr:city":"Boston","addr:country":"US","addr:housenumber":"460","addr:postcode":"02115","addr:state":"MA","addr:street":"Parker Street","building":"dormitory","building:levels":"7","name":"West Village B"},"geometry":{"type":"Polygon","coordinates":[[[-71.0921355,42.337336],[-71.0923655,42.337355],[-71.0922467,42.3375178],[-71.092241,42.3375236],[-71.0922376,42.3375274],[-71.0922345,42.3375314],[-71.0922318,42.3375354],[-71.0922292,42.3375396],[-71.092227,42.3375439],[-71.0922252,42.3375482],[-71.0922236,42.3375526],[-71.0922223,42.3375571],[-71.0922215,42.3375616],[-71.0922208,42.3375661],[-71.0922206,42.3375707],[-71.0922205,42.3375753],[-71.0922209,42.3375798],[-71.0922216,42.3375844],[-71.0922225,42.3375889],[-71.0922238,42.3375933],[-71.0922254,42.3375977],[-71.0922273,42.337602],[-71.0922295,42.3376063],[-71.0922321,42.3376104],[-71.0922348,42.3376145],[-71.092238,42.3376185],[-71.0922413,42.3376222],[-71.092245,42.3376259],[-71.0922488,42.3376295],[-71.0922529,42.3376329],[-71.0922573,42.3376361],[-71.0922619,42.3376392],[-71.0922667,42.337642],[-71.0922716,42.3376447],[-71.0922769,42.3376471],[-71.0922822,42.3376494],[-71.0922876,42.3376515],[-71.0922932,42.3376533],[-71.092299,42.3376549],[-71.0923048,42.3376563],[-71.0924039,42.3376961],[-71.0922996,42.3378391],[-71.0918346,42.3376522],[-71.0918739,42.3375984],[-71.0918805,42.3375958],[-71.091886,42.3375936],[-71.0918913,42.3375913],[-71.0918966,42.337589],[-71.0919019,42.3375866],[-71.091907,42.3375841],[-71.0919121,42.3375815],[-71.0919173,42.3375789],[-71.0919222,42.3375761],[-71.0919272,42.3375734],[-71.0919321,42.3375706],[-71.0919369,42.3375677],[-71.0919416,42.3375647],[-71.0919464,42.3375617],[-71.0919509,42.3375586],[-71.0919554,42.3375555],[-71.0919599,42.3375523],[-71.0919643,42.3375491],[-71.0919686,42.3375457],[-71.0919728,42.3375424],[-71.091977,42.337539],[-71.091981,42.3375355],[-71.091985,42.337532],[-71.0919889,42.3375284],[-71.0919927,42.3375249],[-71.0919964,42.3375212],[-71.092,42.3375174],[-71.0920036,42.3375136],[-71.092007,42.3375099],[-71.0920104,42.337506],[-71.0920137,42.3375021],[-71.0920169,42.3374982],[-71.09202,42.3374942],[-71.092023,42.3374902],[-71.0921355,42.337336]]]}},{"type":"Feature","id":29859816,"properties":{"osmId":29859816,"category":"residential","addr:housenumber":"114","addr:street":"Fenway","building":"apartments"},"geometry":{"type":"Polygon","coordinates":[[[-71.091486,42.3411789],[-71.0918257,42.3413001],[-71.091743,42.3414269],[-71.0916294,42.3413864],[-71.091642,42.341367],[-71.0915387,42.3413302],[-71.0915245,42.3413519],[-71.0914017,42.3413081],[-71.091486,42.3411789]]]}},{"type":"Feature","id":29860318,"properties":{"osmId":29860318,"category":"residential","addr:state":"MA","building":"dormitory","building:levels":"10","ele":"4","gnis:feature_id":"1971947","name":"Willis Hall","source":"MassGIS Buildings (http://www.mass.gov/mgis/lidarbuildingfp2d.htm);USGS Geonames"},"geometry":{"type":"Polygon","coordinates":[[[-71.0916429,42.3377265],[-71.0917392,42.3378519],[-71.0913859,42.3379901],[-71.0916139,42.3383074],[-71.0914411,42.3383765],[-71.0912604,42.3381239],[-71.0911948,42.3380322],[-71.0912054,42.3380203],[-71.0912009,42.3380115],[-71.0912327,42.3380013],[-71.0911694,42.3379154],[-71.0916429,42.3377265]]]}},{"type":"Feature","id":29863053,"properties":{"osmId":29863053,"category":"residential","access":"private","addr:city":"Boston","addr:housenumber":"91","addr:postcode":"02215","addr:state":"MA","addr:street":"Bay State Road","building":"dormitory","building:levels":"9","capacity":"416","ele":"5","gnis:feature_id":"1971936","name":"Kilachand Hall","old_name":"Shelton Hall","operator":"Boston University","source":"USGS Geonames","website":"https://www.bu.edu/housing/residences/large/kilachand/"},"geometry":{"type":"Polygon","coordinates":[[[-71.0967569,42.3501828],[-71.0969151,42.3501963],[-71.0969074,42.350255],[-71.0971184,42.3502696],[-71.097126,42.3502082],[-71.0972787,42.3502187],[-71.0972424,42.3505134],[-71.0970895,42.3504995],[-71.097107,42.3503859],[-71.0968962,42.350371],[-71.0968819,42.3504866],[-71.0967207,42.3504752],[-71.0967569,42.3501828]]]}},{"type":"Feature","id":29865738,"properties":{"osmId":29865738,"category":"academic","addr:housenumber":"370","addr:state":"MA","addr:street":"Huntington Avenue","building":"university","building:levels":"5","ele":"5","gnis:feature_id":"1971906","name":"Hayden Hall","source":"MassGIS Buildings (http://www.mass.gov/mgis/lidarbuildingfp2d.htm);USGS Geonames"},"geometry":{"type":"Polygon","coordinates":[[[-71.0884555,42.3389723],[-71.0884895,42.3390167],[-71.0886473,42.3392227],[-71.0888084,42.33945],[-71.0887937,42.3394559],[-71.0884431,42.3395959],[-71.0883215,42.3394375],[-71.0884831,42.3393693],[-71.0883647,42.3392148],[-71.0882031,42.339283],[-71.088085,42.3391287],[-71.0884555,42.3389723]]]}},{"type":"Feature","id":29865786,"properties":{"osmId":29865786,"category":"athletic","brand":"YMCA","brand:wikidata":"Q157169","building":"yes","building:levels":"7","leisure":"sports_centre","name":"YMCA","wikidata":"Q4948209"},"geometry":{"type":"Polygon","coordinates":[[[-71.0874117,42.3401465],[-71.0877861,42.3406277],[-71.0875536,42.3407166],[-71.0869275,42.3409561],[-71.0868082,42.3408126],[-71.0867542,42.3408341],[-71.0867067,42.3407867],[-71.0865621,42.3406739],[-71.0865898,42.3406578],[-71.0869822,42.3405137],[-71.0869901,42.3405261],[-71.0869852,42.340528],[-71.0869896,42.3405347],[-71.0869949,42.3405331],[-71.0872868,42.3404222],[-71.0873209,42.3404098],[-71.0872632,42.3403358],[-71.0872601,42.3403318],[-71.0871845,42.3402349],[-71.0874117,42.3401465]]]}},{"type":"Feature","id":29867017,"properties":{"osmId":29867017,"category":"academic","building":"school","name":"Building 4"},"geometry":{"type":"Polygon","coordinates":[[[-71.0885869,42.3315569],[-71.0888543,42.3316715],[-71.0887813,42.3317646],[-71.0889327,42.3318295],[-71.0889146,42.3318525],[-71.0890097,42.3318932],[-71.0890684,42.3318183],[-71.0893247,42.3319281],[-71.0893024,42.3319567],[-71.0893929,42.3319955],[-71.0893613,42.3320359],[-71.0892981,42.3320088],[-71.0892283,42.3320979],[-71.0893338,42.3321431],[-71.0891821,42.3323366],[-71.0892692,42.3323739],[-71.0892135,42.3324451],[-71.0891181,42.3324042],[-71.0885531,42.3321621],[-71.0885726,42.3321373],[-71.0885122,42.3321114],[-71.0884749,42.332159],[-71.0882054,42.3320436],[-71.0885389,42.3316182],[-71.0885869,42.3315569]]]}},{"type":"Feature","id":29867464,"properties":{"osmId":29867464,"category":"residential","addr:housenumber":"132","addr:street":"Hemenway Street","building":"dormitory","name":"142-148 Hemenway"},"geometry":{"type":"Polygon","coordinates":[[[-71.0903345,42.3417593],[-71.0904843,42.3418103],[-71.0903816,42.3419723],[-71.0902904,42.3421277],[-71.0902369,42.3424064],[-71.0899759,42.342368],[-71.0901051,42.3420985],[-71.0901158,42.342103],[-71.0901799,42.3419908],[-71.0903345,42.3417593]]]}},{"type":"Feature","id":29867966,"properties":{"osmId":29867966,"category":"academic","access":"yes","addr:housenumber":"710","addr:street":"Albany Street","amenity":"parking","building":"parking","building:levels":"5","fee":"yes","name":"Parking Garage","parking":"multi-storey","roof:levels":"0"},"geometry":{"type":"Polygon","coordinates":[[[-71.0706362,42.3344788],[-71.071086,42.3348283],[-71.0712453,42.3349521],[-71.0707587,42.3352943],[-71.0706064,42.335176],[-71.0701496,42.334821],[-71.0706362,42.3344788]]]}},{"type":"Feature","id":29870891,"properties":{"osmId":29870891,"category":"academic","addr:housenumber":"241","addr:street":"Saint Botolph Street","building":"college"},"geometry":{"type":"Polygon","coordinates":[[[-71.0850335,42.3415665],[-71.0852588,42.3417174],[-71.0848079,42.3420884],[-71.0845824,42.3419375],[-71.0850335,42.3415665]]]}},{"type":"Feature","id":29871354,"properties":{"osmId":29871354,"category":"academic","addr:city":"Boston","addr:housenumber":"360","addr:postcode":"02115","addr:state":"MA","addr:street":"Huntington Avenue","building":"university","campusbuilding":"yes","ele":"5","gnis:feature_id":"1971933","leisure":"fitness_centre","level":"3","material":"glass","name":"Roger M. and Michelle S. Marino Recreation Center","opening_hours":"Mo-Fr 06:00-22:00; Sa-Su 08:00-20:00","source":"MassGIS Buildings (http://www.mass.gov/mgis/lidarbuildingfp2d.htm);USGS Geonames"},"geometry":{"type":"Polygon","coordinates":[[[-71.090354,42.3400193],[-71.0903889,42.3400129],[-71.0904248,42.3400092],[-71.0904634,42.3400076],[-71.0905075,42.3400063],[-71.0905505,42.3400088],[-71.0905832,42.3400133],[-71.0906073,42.3400176],[-71.090625,42.3400219],[-71.0906466,42.3400298],[-71.0906624,42.3401963],[-71.090626,42.3402117],[-71.0906714,42.3402796],[-71.0907998,42.3404511],[-71.0902297,42.3406779],[-71.0899143,42.3402483],[-71.0899288,42.3402414],[-71.0898912,42.3401902],[-71.090354,42.3400193]]]}},{"type":"Feature","id":29871435,"properties":{"osmId":29871435,"category":"residential","building":"apartments","building:levels":"3"},"geometry":{"type":"Polygon","coordinates":[[[-71.0913627,42.3403957],[-71.0911906,42.340326],[-71.0912255,42.3402786],[-71.0912919,42.3403056],[-71.0913309,42.3402526],[-71.0912718,42.3402287],[-71.0913826,42.3400784],[-71.0915472,42.3401452],[-71.0913627,42.3403957]]]}},{"type":"Feature","id":29871577,"properties":{"osmId":29871577,"category":"academic","addr:city":"Roxbury","addr:housenumber":"38;28","addr:postcode":"02119","addr:state":"MA","addr:street":"Highland Avenue","attribution":"Office of Geographic and Environmental Information (MassGIS)","building":"school","ele":"27","gnis:feature_id":"2341687","grades":"PK,K,1,2,3,4,5,6","massgis:school_id":"00350812","name":"Paige Academy","phone":"+1 617 442 5419","source_url":"http://mass.gov/mgis/schools.htm","type":"Private","website":"http://www.paigeacademy.org/"},"geometry":{"type":"Polygon","coordinates":[[[-71.0933271,42.3290527],[-71.0933395,42.3290756],[-71.0933847,42.3290621],[-71.0934254,42.3291371],[-71.0932851,42.3291791],[-71.0932319,42.3290812],[-71.0933271,42.3290527]]]}},{"type":"Feature","id":29886734,"properties":{"osmId":29886734,"category":"residential","building":"dormitory","name":"Dix Hall"},"geometry":{"type":"Polygon","coordinates":[[[-71.1049649,42.3422401],[-71.1050224,42.3423428],[-71.1045694,42.3424823],[-71.1045119,42.3423796],[-71.1049649,42.3422401]]]}},{"type":"Feature","id":29887049,"properties":{"osmId":29887049,"category":"academic","access":"private","addr:city":"Boston","addr:housenumber":"225","addr:postcode":"02215","addr:state":"MA","addr:street":"Bay State Road","amenity":"events_venue","building":"university","building:levels":"2","building:material":"stone","check_date":"2025-06-09","name":"Dahod Family Alumni Center at the Castle","operator":"Boston University","roof:colour":"grey","start_date":"1915","website":"https://www.bu.edu/alumni/services/dahod-family-alumni-center/","wheelchair":"yes"},"geometry":{"type":"Polygon","coordinates":[[[-71.103776,42.3510163],[-71.1034765,42.3509959],[-71.1035037,42.3508134],[-71.1035584,42.3508172],[-71.1035602,42.3508038],[-71.1036065,42.3508071],[-71.1036048,42.3508205],[-71.1036328,42.3508224],[-71.1036308,42.3508388],[-71.1036784,42.3508422],[-71.1036875,42.3507718],[-71.1037943,42.3507841],[-71.103776,42.3510163]]]}},{"type":"Feature","id":29890252,"properties":{"osmId":29890252,"category":"academic","building":"school","name":"Mission Grammar School","operator:type":"private"},"geometry":{"type":"Polygon","coordinates":[[[-71.1003321,42.3328557],[-71.100812,42.3330219],[-71.101035,42.3330992],[-71.1008063,42.3334625],[-71.1008436,42.3334754],[-71.1006844,42.3337284],[-71.1005522,42.3336827],[-71.1007217,42.3334134],[-71.1006815,42.3333994],[-71.1008243,42.3331727],[-71.1003199,42.3329979],[-71.1003498,42.3329505],[-71.1002862,42.3329285],[-71.1003321,42.3328557]]]}},{"type":"Feature","id":29904193,"properties":{"osmId":29904193,"category":"academic","addr:housenumber":"500,504","addr:street":"Park Drive","building":"university"},"geometry":{"type":"Polygon","coordinates":[[[-71.1057059,42.3470754],[-71.1057762,42.3472223],[-71.1058335,42.3472072],[-71.1058732,42.3472901],[-71.1057419,42.3473247],[-71.1057239,42.3472872],[-71.1056658,42.3473024],[-71.1055738,42.3471102],[-71.1057059,42.3470754]]]}},{"type":"Feature","id":29907398,"properties":{"osmId":29907398,"category":"academic","addr:city":"Boston","addr:housenumber":"50","addr:postcode":"02215","addr:state":"MA","addr:street":"Saint Mary's Street","amenity":"school","building":"school","building:levels":"3","education":"school","grades":"6,7,8","name":"William McKinley Middle School","phone":"+1-617-635-9853","roof:levels":"0","website":"https://www.bostonpublicschools.org/Page/884"},"geometry":{"type":"Polygon","coordinates":[[[-71.1066371,42.3478206],[-71.1067636,42.3478351],[-71.1067672,42.347818],[-71.1068124,42.3478231],[-71.1068091,42.3478391],[-71.1069023,42.3478497],[-71.1068563,42.34807],[-71.1066326,42.3480445],[-71.1066644,42.3478925],[-71.1066231,42.3478878],[-71.1066371,42.3478206]]]}},{"type":"Feature","id":29932348,"properties":{"osmId":29932348,"category":"academic","addr:housenumber":"180","addr:street":"Riverway","building":"university","name":"Activities Building"},"geometry":{"type":"Polygon","coordinates":[[[-71.1061726,42.341906],[-71.1063402,42.3420036],[-71.1062448,42.3421404],[-71.1061103,42.3422247],[-71.105992,42.3421558],[-71.1059458,42.3421995],[-71.1058986,42.342172],[-71.1057964,42.3422685],[-71.1056349,42.3421708],[-71.1059618,42.3418713],[-71.1062216,42.341605],[-71.1063958,42.3417025],[-71.1063166,42.341776],[-71.1061726,42.341906]]]}},{"type":"Feature","id":29934007,"properties":{"osmId":29934007,"category":"residential","addr:housenumber":"305","addr:street":"Brookline Avenue","building":"dormitory","name":"Evans Hall"},"geometry":{"type":"Polygon","coordinates":[[[-71.1051753,42.3411482],[-71.1052959,42.3412186],[-71.1052172,42.3412928],[-71.1052563,42.3413156],[-71.1051693,42.3413975],[-71.1051291,42.3413741],[-71.1050427,42.3414557],[-71.1049967,42.3414289],[-71.1049259,42.3413877],[-71.1050184,42.3413003],[-71.1050041,42.341292],[-71.1050886,42.3412124],[-71.1051002,42.3412191],[-71.1051753,42.3411482]]]}},{"type":"Feature","id":29934329,"properties":{"osmId":29934329,"category":"residential","addr:city":"Boston","addr:housenumber":"162","addr:state":"MA","addr:street":"Riverway","building":"dormitory","name":"Riverway House Residence Hall","operator":"Boston University","residential":"university"},"geometry":{"type":"Polygon","coordinates":[[[-71.105617,42.3425467],[-71.1055615,42.3425883],[-71.1056786,42.3426707],[-71.1056941,42.3426586],[-71.1057599,42.3427048],[-71.10584,42.3426421],[-71.1058037,42.3426165],[-71.105868,42.3425662],[-71.1058876,42.3425509],[-71.1059008,42.3425602],[-71.1059592,42.3425145],[-71.1059152,42.3424835],[-71.1059361,42.3424672],[-71.1059626,42.3424858],[-71.1060127,42.3424466],[-71.1059906,42.3424311],[-71.1060282,42.3424017],[-71.1059798,42.3423677],[-71.1059965,42.3423546],[-71.1059524,42.3423236],[-71.105965,42.3423138],[-71.1059107,42.3422756],[-71.105798,42.3423638],[-71.1058523,42.342402],[-71.1057896,42.342451],[-71.105748,42.3424217],[-71.1056855,42.3424707],[-71.1057622,42.3425247],[-71.1057038,42.3425705],[-71.105642,42.3425271],[-71.105617,42.3425467]]]}},{"type":"Feature","id":29935357,"properties":{"osmId":29935357,"category":"academic","addr:city":"Boston","addr:housenumber":"190","addr:postcode":"02115","addr:state":"MA","addr:street":"Longwood Avenue","building":"university","name":"Dental Research and Education Building"},"geometry":{"type":"Polygon","coordinates":[[[-71.1020876,42.3358905],[-71.1021081,42.3358584],[-71.1022672,42.3356088],[-71.1022877,42.335616],[-71.1022805,42.3355885],[-71.1024718,42.3356974],[-71.1025415,42.3357591],[-71.1025386,42.3358653],[-71.1025179,42.335957],[-71.1024455,42.3360542],[-71.1023031,42.3360041],[-71.1023211,42.3359759],[-71.1022735,42.3359592],[-71.1020876,42.3358905]]]}},{"type":"Feature","id":29936567,"properties":{"osmId":29936567,"category":"academic","addr:housenumber":"767","addr:street":"Commonwealth Avenue","building":"university","building:levels":"3","roof:levels":"1"},"geometry":{"type":"Polygon","coordinates":[[[-71.1069929,42.3510618],[-71.1067233,42.3510297],[-71.1068011,42.3506882],[-71.1069269,42.3507038],[-71.1070704,42.3507217],[-71.1070317,42.3508915],[-71.1070122,42.350977],[-71.1069929,42.3510618]]]}},{"type":"Feature","id":29937386,"properties":{"osmId":29937386,"category":"residential","addr:housenumber":"86","addr:street":"Pilgrim Road","building":"dormitory","name":"North Hall"},"geometry":{"type":"Polygon","coordinates":[[[-71.1063148,42.341051],[-71.1064378,42.3411234],[-71.1061885,42.3413565],[-71.1060655,42.3412841],[-71.1060863,42.3412657],[-71.1061206,42.3412326],[-71.1063148,42.341051]]]}},{"type":"Feature","id":29937883,"properties":{"osmId":29937883,"category":"academic","addr:city":"Boston","addr:housenumber":"677","addr:postcode":"02115","addr:state":"MA","addr:street":"Huntington Avenue","building":"university;yes","ele":"13","gnis:feature_id":"1971340","name":"Kresge Building","source":"USGS Geonames","wikidata":"Q5676556"},"geometry":{"type":"Polygon","coordinates":[[[-71.1022213,42.3353004],[-71.1022644,42.3352855],[-71.1023326,42.3353094],[-71.1029982,42.3350752],[-71.103094,42.3351088],[-71.1032783,42.3351735],[-71.1031467,42.3353798],[-71.1031069,42.3353658],[-71.10307,42.3354236],[-71.1031073,42.3354367],[-71.1030378,42.3355456],[-71.1028349,42.3354743],[-71.1026286,42.3354019],[-71.1026069,42.3354358],[-71.102267,42.3353165],[-71.1022213,42.3353004]]]}},{"type":"Feature","id":29937944,"properties":{"osmId":29937944,"category":"residential","addr:housenumber":"410","addr:street":"Fenway","building":"dormitory","name":"St. Ann Hall"},"geometry":{"type":"Polygon","coordinates":[[[-71.1036952,42.3411551],[-71.10385,42.341315],[-71.1037802,42.3413522],[-71.1035255,42.3414879],[-71.1036301,42.341596],[-71.1036697,42.341637],[-71.1035017,42.3417264],[-71.1032475,42.3414639],[-71.1035548,42.3413003],[-71.1035099,42.3412538],[-71.1036952,42.3411551]]]}},{"type":"Feature","id":29941837,"properties":{"osmId":29941837,"category":"academic","addr:city":"Jamaica Plain","addr:housenumber":"200","addr:postcode":"02130","addr:state":"MA","addr:street":"Heath Street","attribution":"Office of Geographic and Environmental Information (MassGIS)","building":"school","building:levels":"2","grades":"PK,K,1","massgis:school_id":"00350006","name":"ELC - West Zone","operator:type":"public","phone":"+1 617 635 8275","source_url":"http://mass.gov/mgis/schools.htm"},"geometry":{"type":"Polygon","coordinates":[[[-71.1063482,42.3254983],[-71.1064309,42.3255444],[-71.1064696,42.3255061],[-71.1065053,42.325526],[-71.106465,42.3255659],[-71.1066094,42.3256465],[-71.1065712,42.3256842],[-71.1066487,42.3257274],[-71.106752,42.3256253],[-71.1066887,42.32559],[-71.1067194,42.3255595],[-71.1067805,42.3255937],[-71.1068492,42.3255259],[-71.1070453,42.3256352],[-71.1070138,42.3256662],[-71.1071488,42.3257414],[-71.1071865,42.3257041],[-71.1073854,42.325815],[-71.1073259,42.3258737],[-71.1073929,42.325911],[-71.1073529,42.3259505],[-71.1072815,42.3259108],[-71.1071969,42.3259944],[-71.1071637,42.3259758],[-71.1070772,42.3260612],[-71.1072414,42.3261526],[-71.1072573,42.326137],[-71.1073549,42.3261915],[-71.1071884,42.3263558],[-71.1074893,42.3265237],[-71.1076491,42.3263659],[-71.1080115,42.3265679],[-71.107619,42.3269555],[-71.1073046,42.3267802],[-71.1074207,42.3266655],[-71.1073755,42.3266403],[-71.107456,42.3265609],[-71.1071537,42.3263925],[-71.1071248,42.3264211],[-71.1071761,42.3264497],[-71.107144,42.3264814],[-71.10709,42.3264513],[-71.1069975,42.3265427],[-71.1068258,42.3264471],[-71.1067915,42.3264809],[-71.106681,42.3264159],[-71.1066513,42.3264464],[-71.1066013,42.3264179],[-71.1066198,42.3263888],[-71.1065423,42.3263456],[-71.1067672,42.3261235],[-71.1066271,42.3260454],[-71.106449,42.3262212],[-71.1062817,42.3261278],[-71.1063335,42.3260766],[-71.1061222,42.3259588],[-71.106176,42.3259056],[-71.1057045,42.3256426],[-71.1058321,42.3255166],[-71.1061892,42.3257158],[-71.1062406,42.3256651],[-71.1062015,42.3256433],[-71.1063482,42.3254983]]]}},{"type":"Feature","id":29942264,"properties":{"osmId":29942264,"category":"academic","addr:city":"Boston","addr:postcode":"02115","addr:state":"MA","building":"university","building:colour":"grey","building:levels":"5","building:material":"brick","check_date":"2024-05-18","ele":"4","gnis:feature_id":"1971931","name":"Richards Hall","source":"MassGIS Buildings (http://www.mass.gov/mgis/lidarbuildingfp2d.htm);USGS Geonames"},"geometry":{"type":"Polygon","coordinates":[[[-71.0888517,42.3395469],[-71.0889654,42.3396952],[-71.0887789,42.3397739],[-71.0888249,42.339834],[-71.0888568,42.3398756],[-71.0888782,42.3399035],[-71.0889227,42.3399616],[-71.0891094,42.3398829],[-71.0892166,42.3400229],[-71.0888268,42.3401874],[-71.0886507,42.3399576],[-71.088462,42.3397113],[-71.0885038,42.3396937],[-71.0888517,42.3395469]]]}},{"type":"Feature","id":29944538,"properties":{"osmId":29944538,"category":"religious","addr:housenumber":"94","addr:street":"Warren Street","amenity":"place_of_worship","building":"yes","name":"Resurrection Lutheran Church","religion":"christian"},"geometry":{"type":"Polygon","coordinates":[[[-71.0825769,42.3271351],[-71.0826729,42.3271313],[-71.0826784,42.3272071],[-71.0829086,42.327198],[-71.0829167,42.3273088],[-71.0826796,42.3273182],[-71.0826826,42.3273598],[-71.0825403,42.3273654],[-71.0825372,42.3273223],[-71.0825046,42.3273236],[-71.0824976,42.3272273],[-71.0825833,42.3272239],[-71.0825769,42.3271351]]]}},{"type":"Feature","id":29944923,"properties":{"osmId":29944923,"category":"academic","addr:housenumber":"324","addr:state":"MA","addr:street":"Huntington Avenue","building":"university","building:levels":"5","ele":"4","gnis:feature_id":"1971902","name":"Dodge Hall","source":"MassGIS Buildings (http://www.mass.gov/mgis/lidarbuildingfp2d.htm);USGS Geonames"},"geometry":{"type":"Polygon","coordinates":[[[-71.0877685,42.3399867],[-71.0879603,42.3402332],[-71.0881453,42.3404709],[-71.0878382,42.3406024],[-71.0877204,42.340451],[-71.0875822,42.3402734],[-71.0874614,42.3401181],[-71.0877685,42.3399867]]]}},{"type":"Feature","id":29944991,"properties":{"osmId":29944991,"category":"religious","building":"church"},"geometry":{"type":"Polygon","coordinates":[[[-71.0765239,42.351988],[-71.0764172,42.3520172],[-71.0763899,42.3520247],[-71.076356,42.3519571],[-71.0763767,42.3519514],[-71.0763118,42.351822],[-71.0762911,42.3518277],[-71.0762547,42.3517552],[-71.0763889,42.3517184],[-71.0764295,42.3517998],[-71.0765239,42.351988]]]}},{"type":"Feature","id":29945725,"properties":{"osmId":29945725,"category":"academic","addr:housenumber":"104","addr:state":"MA","addr:street":"Forsyth Street","building":"university","building:levels":"2","ele":"3","gnis:feature_id":"1971905","name":"Latinx Student Cultural Center","roof:levels":"0","roof:shape":"flat","source":"MassGIS Buildings (http://www.mass.gov/mgis/lidarbuildingfp2d.htm);USGS Geonames","website":"https://www.northeastern.edu/latinx/"},"geometry":{"type":"Polygon","coordinates":[[[-71.0897138,42.3380793],[-71.0897978,42.3380789],[-71.0898279,42.3382606],[-71.0897178,42.338272],[-71.0897138,42.3380793]]]}},{"type":"Feature","id":29946934,"properties":{"osmId":29946934,"category":"academic","addr:city":"Roxbury","addr:housenumber":"205","addr:postcode":"02119","addr:state":"MA","addr:street":"Roxbury Street","attribution":"Office of Geographic and Environmental Information (MassGIS)","building":"school"},"geometry":{"type":"Polygon","coordinates":[[[-71.0914576,42.3302456],[-71.0915235,42.3306326],[-71.091449,42.3306396],[-71.0914748,42.3307909],[-71.0906506,42.3308683],[-71.0906249,42.330717],[-71.0909263,42.3306887],[-71.0908599,42.3302994],[-71.0910419,42.3302823],[-71.0910724,42.3304612],[-71.0910333,42.3304649],[-71.091038,42.3304929],[-71.0909947,42.3304969],[-71.0910102,42.3305883],[-71.091395,42.3305522],[-71.0913875,42.3305082],[-71.0913134,42.3305152],[-71.0912704,42.3302631],[-71.0914576,42.3302456]]]}},{"type":"Feature","id":29947102,"properties":{"osmId":29947102,"category":"academic","addr:housenumber":"732","addr:street":"Harrison Avenue","building":"university","name":"Preston Family Building"},"geometry":{"type":"Polygon","coordinates":[[[-71.0713587,42.337149],[-71.0713664,42.3371553],[-71.0716514,42.3373922],[-71.0716804,42.3373731],[-71.0717347,42.3374183],[-71.071706,42.3374371],[-71.071774,42.3374936],[-71.0714223,42.3377248],[-71.0713911,42.3376988],[-71.0713602,42.3377192],[-71.0713059,42.3376741],[-71.0713367,42.3376538],[-71.0712759,42.3376033],[-71.071459,42.3374829],[-71.0712095,42.3372756],[-71.0712495,42.3372493],[-71.0712207,42.3372254],[-71.0712831,42.3371843],[-71.0712928,42.3371924],[-71.0713587,42.337149]]]}},{"type":"Feature","id":29948394,"properties":{"osmId":29948394,"category":"academic","addr:housenumber":"110","addr:state":"MA","addr:street":"Forsyth Street","building":"university","building:levels":"5","ele":"3","gnis:feature_id":"1971899","name":"Dana Research Center","source":"MassGIS Buildings (http://www.mass.gov/mgis/lidarbuildingfp2d.htm);USGS Geonames"},"geometry":{"type":"Polygon","coordinates":[[[-71.0891709,42.3382874],[-71.0889847,42.3380578],[-71.0894466,42.3378595],[-71.0895544,42.3380054],[-71.0896221,42.338097],[-71.0891709,42.3382874]]]}},{"type":"Feature","id":29949141,"properties":{"osmId":29949141,"category":"academic","addr:city":"Boston","addr:housenumber":"97","addr:postcode":"02215","addr:state":"MA","addr:street":"Bay State Road","building":"university","building:levels":"7","building:material":"brick","building:use":"residential","email":"pdt@mit.edu","name":"ΦΔΘ","operator":"MIT","start_date":"1934","website":"http://phi-delts.mit.edu/"},"geometry":{"type":"Polygon","coordinates":[[[-71.0973394,42.3502263],[-71.0974543,42.3502333],[-71.0974324,42.3504278],[-71.0974272,42.3504275],[-71.0973175,42.3504208],[-71.0973394,42.3502263]]]}},{"type":"Feature","id":29950308,"properties":{"osmId":29950308,"category":"academic","building":"school","name":"Building 6"},"geometry":{"type":"Polygon","coordinates":[[[-71.0874731,42.3316266],[-71.087366,42.3317646],[-71.0865845,42.3314331],[-71.086807,42.3311464],[-71.0874789,42.3314315],[-71.0875885,42.331478],[-71.0874731,42.3316266]]]}},{"type":"Feature","id":29951399,"properties":{"osmId":29951399,"category":"academic","addr:housenumber":"794","addr:street":"Massachusetts Avenue","building":"yes","building:levels":"5"},"geometry":{"type":"Polygon","coordinates":[[[-71.0725086,42.3334112],[-71.0724663,42.3334303],[-71.0725501,42.3335326],[-71.0724725,42.3335948],[-71.0723748,42.3336416],[-71.0723694,42.3336351],[-71.0722475,42.3336935],[-71.0721073,42.3335208],[-71.0721208,42.3335144],[-71.0720607,42.3334448],[-71.0722665,42.3333477],[-71.072279,42.3333621],[-71.0724114,42.3332981],[-71.0725086,42.3334112]]]}},{"type":"Feature","id":29952265,"properties":{"osmId":29952265,"category":"academic","addr:housenumber":"801","addr:street":"Albany Street","building":"yes"},"geometry":{"type":"Polygon","coordinates":[[[-71.0749355,42.3325632],[-71.0752104,42.332952],[-71.0749484,42.3330729],[-71.0747836,42.3328794],[-71.0747511,42.3328936],[-71.0747191,42.3327921],[-71.0747161,42.3327459],[-71.0747229,42.3327088],[-71.0747514,42.332673],[-71.0747862,42.3326537],[-71.0749355,42.3325632]]]}},{"type":"Feature","id":29952364,"properties":{"osmId":29952364,"category":"religious","addr:housenumber":"105","addr:street":"Jersey Street","amenity":"place_of_worship","building":"yes","check_date":"2026-04-17","name":"Boston Temple Seventh Day Adventist Church","religion":"christian"},"geometry":{"type":"Polygon","coordinates":[[[-71.0977251,42.3431576],[-71.0977726,42.343252],[-71.0975717,42.3433072],[-71.0976312,42.3434257],[-71.097655,42.3434191],[-71.0976838,42.3434765],[-71.0974482,42.3435412],[-71.0974197,42.3434846],[-71.0974403,42.343479],[-71.0973594,42.3433181],[-71.0973422,42.3433228],[-71.0973157,42.3432701],[-71.0977251,42.3431576]]]}},{"type":"Feature","id":87788191,"properties":{"osmId":87788191,"category":"residential","addr:housenumber":"165","addr:street":"Hemenway Street","building":"apartments","name":"Burton Hall"},"geometry":{"type":"Polygon","coordinates":[[[-71.0910767,42.341492],[-71.0909661,42.3414567],[-71.0910297,42.3413481],[-71.0911495,42.3413869],[-71.0911464,42.3413921],[-71.0912576,42.3414281],[-71.0911916,42.3415323],[-71.0911038,42.3415008],[-71.0911275,42.341461],[-71.0911003,42.3414522],[-71.0910767,42.341492]]]}},{"type":"Feature","id":87788195,"properties":{"osmId":87788195,"category":"residential","addr:housenumber":"175","addr:street":"Hemenway Street","building":"apartments","name":"Chandler Hall"},"geometry":{"type":"Polygon","coordinates":[[[-71.0911222,42.3412027],[-71.091202,42.3410777],[-71.091433,42.3411583],[-71.0913526,42.3412843],[-71.0912666,42.3412543],[-71.0912765,42.3412389],[-71.0912304,42.3412228],[-71.0912211,42.3412372],[-71.0911222,42.3412027]]]}},{"type":"Feature","id":87788198,"properties":{"osmId":87788198,"category":"academic","addr:city":"Boston","addr:housenumber":"109","addr:state":"MA","addr:street":"Hemenway Street","building":"university","name":"Asian-American Center","operator":"Northeastern University"},"geometry":{"type":"Polygon","coordinates":[[[-71.0904541,42.3431532],[-71.0904337,42.3432251],[-71.0902477,42.3431962],[-71.0902682,42.3431244],[-71.0904541,42.3431532]]]}},{"type":"Feature","id":87905235,"properties":{"osmId":87905235,"category":"residential","addr:city":"Boston","addr:country":"US","addr:housenumber":"440","addr:postcode":"02115","addr:state":"MA","addr:street":"Huntington Avenue","building":"dormitory","building:levels":"16","name":"West Village H"},"geometry":{"type":"Polygon","coordinates":[[[-71.091977,42.3386098],[-71.0920037,42.3386498],[-71.0919625,42.3386661],[-71.0920786,42.3388269],[-71.0920367,42.3388439],[-71.0920646,42.3388814],[-71.0924125,42.3387436],[-71.0923847,42.3387069],[-71.0923585,42.3387159],[-71.0923431,42.3386973],[-71.0924487,42.3386542],[-71.0924545,42.3386552],[-71.092491,42.338568],[-71.0926179,42.3382573],[-71.0924337,42.3382143],[-71.09242,42.3382496],[-71.0923654,42.3382357],[-71.0922598,42.3384989],[-71.091977,42.3386098]]]}},{"type":"Feature","id":87905237,"properties":{"osmId":87905237,"category":"residential","addr:city":"Boston","addr:country":"US","addr:housenumber":"450","addr:postcode":"02115","addr:state":"MA","addr:street":"Parker Street","building":"dormitory","building:levels":"6","name":"West Villlage G"},"geometry":{"type":"Polygon","coordinates":[[[-71.091494,42.3386276],[-71.0916495,42.3385662],[-71.0916844,42.338591],[-71.0918105,42.3385077],[-71.0918346,42.3385245],[-71.0919526,42.3384244],[-71.0919714,42.3384373],[-71.092068,42.3383283],[-71.0920841,42.3383352],[-71.0921498,42.3382152],[-71.0921632,42.3382232],[-71.0922074,42.3380923],[-71.0922209,42.3379684],[-71.0918346,42.3378296],[-71.0917434,42.3379773],[-71.0920036,42.3380656],[-71.0919687,42.3381359],[-71.0919513,42.3381647],[-71.0919218,42.3382043],[-71.0919701,42.3382252],[-71.0919352,42.3382688],[-71.0918909,42.338246],[-71.0917959,42.3383302],[-71.0916948,42.33839],[-71.0913329,42.3385262],[-71.0912714,42.3385494],[-71.0913517,42.3385776],[-71.091494,42.3386276]]]}},{"type":"Feature","id":88147649,"properties":{"osmId":88147649,"category":"academic","addr:state":"MA","building":"university","ele":"3","gnis:feature_id":"1971922","name":"Maureen and Richard J. Egan Engineering and Science Research Center","source":"MassGIS Buildings (http://www.mass.gov/mgis/lidarbuildingfp2d.htm);USGS Geonames"},"geometry":{"type":"Polygon","coordinates":[[[-71.0883759,42.337899],[-71.0884508,42.3378734],[-71.0884028,42.3378082],[-71.0886055,42.3377389],[-71.0890677,42.337406],[-71.0892861,42.3375732],[-71.0887942,42.3379274],[-71.0887511,42.3379446],[-71.0887671,42.3379667],[-71.0887053,42.3379918],[-71.0886339,42.3380208],[-71.0886187,42.3379997],[-71.0885336,42.3380348],[-71.0885283,42.3380368],[-71.0885227,42.3380383],[-71.0885169,42.3380392],[-71.0885111,42.3380398],[-71.0885051,42.3380396],[-71.0884993,42.338039],[-71.0884935,42.3380379],[-71.088488,42.3380363],[-71.0884828,42.3380341],[-71.088478,42.3380315],[-71.0884738,42.3380286],[-71.0884671,42.338022],[-71.0883759,42.337899]]]}},{"type":"Feature","id":88147650,"properties":{"osmId":88147650,"category":"academic","addr:state":"MA","building":"university","building:levels":"5","ele":"3","gnis:feature_id":"1971938","name":"Snell Engineering Center","source":"MassGIS Buildings (http://www.mass.gov/mgis/lidarbuildingfp2d.htm);USGS Geonames"},"geometry":{"type":"Polygon","coordinates":[[[-71.0889847,42.3380578],[-71.0891709,42.3382874],[-71.0891882,42.3383101],[-71.0887047,42.3385141],[-71.0885064,42.3382633],[-71.0887955,42.3381391],[-71.0889847,42.3380578]]]}},{"type":"Feature","id":88149478,"properties":{"osmId":88149478,"category":"academic","addr:housenumber":"39","addr:state":"MA","addr:street":"Leon Street","building":"university","building:material":"brick","ele":"3","gnis:feature_id":"1971908","name":"Holmes Hall","source":"MassGIS Buildings (http://www.mass.gov/mgis/lidarbuildingfp2d.htm);USGS Geonames"},"geometry":{"type":"Polygon","coordinates":[[[-71.0907133,42.33797],[-71.0909309,42.3379858],[-71.0909446,42.3378107],[-71.0907566,42.3378004],[-71.0907267,42.3377991],[-71.0907133,42.33797]]]}},{"type":"Feature","id":88149479,"properties":{"osmId":88149479,"category":"academic","addr:housenumber":"50","addr:state":"MA","building":"university","building:material":"brick","ele":"3","gnis:feature_id":"1971928","name":"Nightingale Hall","source":"MassGIS Buildings (http://www.mass.gov/mgis/lidarbuildingfp2d.htm);USGS Geonames"},"geometry":{"type":"Polygon","coordinates":[[[-71.0903991,42.3382902],[-71.0900751,42.3383725],[-71.0900651,42.3383565],[-71.0900553,42.3383404],[-71.090046,42.3383241],[-71.0900371,42.3383078],[-71.0900286,42.3382914],[-71.0900203,42.3382748],[-71.0900125,42.3382581],[-71.0900053,42.3382413],[-71.0899982,42.3382245],[-71.0899916,42.3382075],[-71.0899854,42.3381905],[-71.0899797,42.3381734],[-71.0899743,42.3381562],[-71.0899693,42.3381389],[-71.0899648,42.3381216],[-71.0899606,42.3381042],[-71.0899569,42.3380868],[-71.0899535,42.3380693],[-71.0899505,42.3380518],[-71.0899481,42.3380343],[-71.0899459,42.3380167],[-71.0899442,42.337999],[-71.089943,42.3379815],[-71.0899421,42.3379638],[-71.0899416,42.3379462],[-71.0899416,42.3379285],[-71.089942,42.3379109],[-71.0899432,42.3378873],[-71.0902218,42.3378993],[-71.0902006,42.3381687],[-71.09041,42.3381777],[-71.0903991,42.3382902]]]}},{"type":"Feature","id":88149480,"properties":{"osmId":88149480,"category":"academic","addr:housenumber":"43","addr:state":"MA","addr:street":"Leon Street","building":"university","building:material":"brick","ele":"4","gnis:feature_id":"1971916","name":"Lake Hall","source":"MassGIS Buildings (http://www.mass.gov/mgis/lidarbuildingfp2d.htm);USGS Geonames"},"geometry":{"type":"Polygon","coordinates":[[[-71.0909309,42.3379858],[-71.0908983,42.3384002],[-71.0908977,42.3384046],[-71.0908962,42.3384088],[-71.0908941,42.338413],[-71.0908914,42.3384168],[-71.090888,42.3384204],[-71.0908841,42.3384237],[-71.0908796,42.3384266],[-71.0908747,42.3384291],[-71.0908694,42.3384311],[-71.0908639,42.3384326],[-71.0908581,42.3384336],[-71.0908522,42.3384341],[-71.0908463,42.338434],[-71.0908403,42.3384334],[-71.0908304,42.3384311],[-71.0903991,42.3382902],[-71.09041,42.3381777],[-71.0906451,42.3381879],[-71.0906624,42.3379678],[-71.0907133,42.33797],[-71.0909309,42.3379858]]]}},{"type":"Feature","id":88150271,"properties":{"osmId":88150271,"category":"academic","addr:city":"Boston","addr:housenumber":"360","addr:postcode":"02115","addr:state":"MA","addr:street":"Huntington Avenue","building":"university","fax":"+1-617-373-3768","name":"Curry Student Center"},"geometry":{"type":"Polygon","coordinates":[[[-71.0875222,42.3394236],[-71.087461,42.3394479],[-71.0873953,42.3393566],[-71.087247,42.3394153],[-71.0871751,42.3393155],[-71.0872069,42.3393029],[-71.087306,42.3392636],[-71.0871122,42.3389942],[-71.087567,42.3388139],[-71.0876519,42.3387803],[-71.0876862,42.338828],[-71.0877125,42.3388646],[-71.0877603,42.3388456],[-71.0877946,42.3388931],[-71.0878707,42.338863],[-71.08801,42.3390566],[-71.0879488,42.3390809],[-71.0879769,42.33912],[-71.0878912,42.339154],[-71.0879564,42.3392445],[-71.0875222,42.3394236]]]}},{"type":"Feature","id":88150272,"properties":{"osmId":88150272,"category":"academic","addr:city":"Boston","addr:housenumber":"346","addr:postcode":"02115","addr:state":"MA","addr:street":"Huntington Avenue","building":"university","building:levels":"5","check_date":"2024-05-18","name":"Ell Hall"},"geometry":{"type":"Polygon","coordinates":[[[-71.0882355,42.339624],[-71.0878024,42.3397954],[-71.087768,42.3398105],[-71.0878839,42.3399772],[-71.0881337,42.3398778],[-71.0883812,42.3397792],[-71.0882692,42.3396107],[-71.0882355,42.339624]]]}},{"type":"Feature","id":88153153,"properties":{"osmId":88153153,"category":"academic","addr:housenumber":"346","addr:street":"Huntington Avenue","amenity":"auditorium","building":"university","name":"Blackman Auditorium"},"geometry":{"type":"Polygon","coordinates":[[[-71.0882355,42.339624],[-71.0878024,42.3397954],[-71.0875287,42.3394322],[-71.0875222,42.3394236],[-71.0879564,42.3392445],[-71.0879642,42.3392551],[-71.0882355,42.339624]]]}},{"type":"Feature","id":88160448,"properties":{"osmId":88160448,"category":"academic","addr:housenumber":"335","addr:street":"Huntington Avenue","building":"university","campusbuilding":"yes","name":"ROTC Office"},"geometry":{"type":"Polygon","coordinates":[[[-71.088512,42.3409191],[-71.0885589,42.3409831],[-71.0885777,42.3409885],[-71.0885985,42.3409796],[-71.0886011,42.3409707],[-71.0886179,42.3409628],[-71.088634,42.3409657],[-71.0886561,42.3409558],[-71.0886581,42.3409474],[-71.0886897,42.340933],[-71.0887064,42.340938],[-71.0887245,42.3409296],[-71.0887292,42.3409147],[-71.0886836,42.3408507],[-71.0886508,42.3408641],[-71.0885763,42.3407561],[-71.0886019,42.3407457],[-71.0885495,42.3406703],[-71.0883799,42.3407377],[-71.0884342,42.3408126],[-71.088463,42.3408007],[-71.0885408,42.3409077],[-71.088512,42.3409191]]]}},{"type":"Feature","id":88160449,"properties":{"osmId":88160449,"category":"residential","addr:housenumber":"331","addr:street":"Huntington Avenue","building":"apartments"},"geometry":{"type":"Polygon","coordinates":[[[-71.0884838,42.3409291],[-71.088512,42.3409191],[-71.0885589,42.3409831],[-71.0885576,42.340997],[-71.0885361,42.3410064],[-71.0885173,42.3410009],[-71.0884838,42.3410148],[-71.0884811,42.3410257],[-71.0884597,42.3410341],[-71.0884429,42.3410297],[-71.0884241,42.3410376],[-71.0884208,42.341049],[-71.0883986,42.3410574],[-71.0883792,42.3410535],[-71.0883585,42.3410213],[-71.0883256,42.3409702],[-71.0883517,42.3409588],[-71.0882981,42.3408646],[-71.0882679,42.340876],[-71.0882613,42.3408666],[-71.0882142,42.3407997],[-71.0883799,42.3407377],[-71.0884342,42.3408126],[-71.088406,42.340823],[-71.0884838,42.3409291]]]}},{"type":"Feature","id":88160451,"properties":{"osmId":88160451,"category":"residential","addr:city":"Boston","addr:housenumber":"319","addr:state":"MA","addr:street":"Huntington Avenue","building":"dormitory","campusbuilding":"yes","name":"319 Huntington Ave","operator":"Northeastern University"},"geometry":{"type":"Polygon","coordinates":[[[-71.0880734,42.3410525],[-71.0880868,42.341047],[-71.0881304,42.341107],[-71.0881264,42.3411204],[-71.0881043,42.3411283],[-71.0880875,42.3411233],[-71.0880305,42.3411447],[-71.0880044,42.3411085],[-71.0880064,42.3410906],[-71.0879467,42.3411139],[-71.0879681,42.3411238],[-71.0879943,42.3411605],[-71.087936,42.3411838],[-71.0879346,42.3411962],[-71.0879165,42.3412041],[-71.0878964,42.3411961],[-71.0878554,42.3411383],[-71.0878702,42.3411328],[-71.0878528,42.341109],[-71.0878669,42.341103],[-71.087832,42.341054],[-71.0878173,42.3410594],[-71.0878079,42.341046],[-71.0877941,42.341052],[-71.0877426,42.3409794],[-71.0879742,42.3408874],[-71.0880265,42.3409608],[-71.0880111,42.3409667],[-71.0880211,42.3409801],[-71.088005,42.3409865],[-71.0880406,42.3410351],[-71.0880567,42.3410292],[-71.0880734,42.3410525]]]}},{"type":"Feature","id":88160453,"properties":{"osmId":88160453,"category":"residential","addr:housenumber":"327","addr:street":"Huntington Avenue","building":"apartments"},"geometry":{"type":"Polygon","coordinates":[[[-71.0883585,42.3410213],[-71.088351,42.3410247],[-71.088351,42.3410356],[-71.0883262,42.3410455],[-71.0883128,42.3410406],[-71.08818,42.3410926],[-71.0881794,42.3411045],[-71.0881546,42.3411144],[-71.0881304,42.341107],[-71.0880868,42.341047],[-71.0881165,42.3410347],[-71.0880634,42.3409652],[-71.0880503,42.3409699],[-71.0880391,42.3409555],[-71.0880265,42.3409608],[-71.0879742,42.3408874],[-71.0882142,42.3407997],[-71.0882613,42.3408666],[-71.0882464,42.3408721],[-71.0882605,42.3408894],[-71.0882411,42.3408973],[-71.0882888,42.3409658],[-71.0883155,42.3409548],[-71.0883256,42.3409702],[-71.0883585,42.3410213]]]}},{"type":"Feature","id":88160454,"properties":{"osmId":88160454,"category":"residential","addr:city":"Boston","addr:housenumber":"337;339","addr:state":"MA","addr:street":"Huntington Avenue","building":"dormitory","campusbuilding":"yes","name":"337 Huntington Avenue","operator":"Northeastern University"},"geometry":{"type":"Polygon","coordinates":[[[-71.0890634,42.3407844],[-71.088756,42.3409063],[-71.0886836,42.3408056],[-71.0888191,42.3407516],[-71.0888278,42.3407625],[-71.088868,42.3407462],[-71.0888218,42.3406817],[-71.0887634,42.340705],[-71.0887701,42.3407139],[-71.0886675,42.3407556],[-71.0886615,42.3407462],[-71.0886152,42.340765],[-71.0886019,42.3407457],[-71.0885495,42.3406703],[-71.0887929,42.3405737],[-71.088799,42.3405821],[-71.0888855,42.3405459],[-71.0890634,42.3407844]]]}},{"type":"Feature","id":88454174,"properties":{"osmId":88454174,"category":"academic","addr:housenumber":"1","addr:street":"Palace Road","building":"university","name":"One Palace Road"},"geometry":{"type":"Polygon","coordinates":[[[-71.0999301,42.3381638],[-71.0999417,42.3381696],[-71.0999283,42.338189],[-71.0999726,42.3382063],[-71.0996353,42.3387094],[-71.0995884,42.3386921],[-71.0995729,42.3387149],[-71.0995584,42.3387095],[-71.0995532,42.33871],[-71.0995479,42.3387102],[-71.0995427,42.3387103],[-71.0995373,42.3387101],[-71.0995321,42.3387098],[-71.0995268,42.3387093],[-71.0995217,42.3387085],[-71.0995165,42.3387075],[-71.0995107,42.3387059],[-71.0995061,42.338704],[-71.0995017,42.3387019],[-71.0994973,42.3386997],[-71.0994932,42.3386972],[-71.0994892,42.3386947],[-71.0994855,42.338692],[-71.0994819,42.3386891],[-71.0994785,42.3386861],[-71.0994752,42.3386829],[-71.0994723,42.3386797],[-71.0994696,42.3386763],[-71.0994589,42.3386732],[-71.0994737,42.3386494],[-71.0994281,42.3386331],[-71.0997668,42.338129],[-71.0998118,42.3381469],[-71.0998273,42.3381236],[-71.0998389,42.3381286],[-71.0998441,42.3381282],[-71.0998495,42.338128],[-71.0998547,42.3381279],[-71.09986,42.338128],[-71.0998653,42.3381284],[-71.0998705,42.3381289],[-71.0998757,42.3381297],[-71.0998808,42.3381306],[-71.0998859,42.3381318],[-71.0998908,42.3381331],[-71.0998955,42.3381348],[-71.0998998,42.338137],[-71.0999041,42.3381394],[-71.099908,42.338142],[-71.0999118,42.3381447],[-71.0999154,42.3381476],[-71.0999188,42.3381506],[-71.0999219,42.3381538],[-71.0999249,42.338157],[-71.0999276,42.3381603],[-71.0999301,42.3381638]]]}},{"type":"Feature","id":104207596,"properties":{"osmId":104207596,"category":"academic","addr:city":"Boston","addr:housenumber":"811","addr:postcode":"02118","addr:state":"MA","addr:street":"Massachusetts Avenue","alt_name":"Hampton Inn","branch":"Boston Crosstown Center","brand":"Hampton","brand:wikidata":"Q5646230","building":"yes","building:levels":"9","name":"Hampton Inn","official_name":"Hampton Inn & Suites by Hilton","phone":"+1 617-445-6400","ref":"BOSHSHX","tourism":"hotel","website":"https://www.hilton.com/en/hotels/boshshx-hampton-suites-boston-crosstown-center/"},"geometry":{"type":"Polygon","coordinates":[[[-71.0727125,42.3326363],[-71.073098,42.332331],[-71.0732167,42.3322472],[-71.0733347,42.3323369],[-71.0732612,42.3324051],[-71.0732836,42.3324195],[-71.0733019,42.3324068],[-71.0733998,42.332496],[-71.0731892,42.3326408],[-71.073328,42.3327622],[-71.0731959,42.3327677],[-71.0730645,42.3328034],[-71.0729183,42.3328876],[-71.0728297,42.3328282],[-71.0727897,42.332862],[-71.0726851,42.3327945],[-71.0727619,42.3327295],[-71.0726989,42.3326888],[-71.0727395,42.3326545],[-71.0727125,42.3326363]]]}},{"type":"Feature","id":152566866,"properties":{"osmId":152566866,"category":"residential","addr:housename":"Stetson East","building":"dormitory","name":"Stetson East"},"geometry":{"type":"Polygon","coordinates":[[[-71.0904765,42.3415525],[-71.090667,42.3414765],[-71.0904624,42.3411962],[-71.0903424,42.3410319],[-71.0902555,42.3409129],[-71.0901869,42.3409402],[-71.0900622,42.34099],[-71.0902522,42.3412503],[-71.0902414,42.3412546],[-71.0900131,42.3413457],[-71.0899117,42.3412068],[-71.0897084,42.3412879],[-71.0900668,42.3417789],[-71.0902719,42.341697],[-71.0901783,42.3415688],[-71.0903117,42.3415156],[-71.0904185,42.341473],[-71.0904765,42.3415525]]]}},{"type":"Feature","id":181005838,"properties":{"osmId":181005838,"category":"residential","addr:city":"Boston","addr:housenumber":"1155","addr:postcode":"02120","addr:state":"MA","addr:street":"Tremont Street","building":"dormitory","building:levels":"22","name":"International Village","smoking":"no","wheelchair":"yes"},"geometry":{"type":"Polygon","coordinates":[[[-71.0897828,42.3350966],[-71.0897555,42.3351139],[-71.0892624,42.3354258],[-71.0892142,42.3353782],[-71.0891176,42.335402],[-71.0891265,42.3354247],[-71.0891078,42.3354292],[-71.0891246,42.3354634],[-71.088966,42.3355333],[-71.0889531,42.3355408],[-71.0889366,42.3355091],[-71.0888014,42.3351699],[-71.0887785,42.3351392],[-71.0887594,42.3351179],[-71.0887084,42.3350675],[-71.0892143,42.3348177],[-71.0892678,42.3347913],[-71.089241,42.3347556],[-71.0894258,42.334667],[-71.0894583,42.3347061],[-71.089637,42.3349211],[-71.0897828,42.3350966]]]}},{"type":"Feature","id":181011202,"properties":{"osmId":181011202,"category":"residential","addr:housenumber":"10","addr:street":"Coventry Street","building":"dormitory"},"geometry":{"type":"Polygon","coordinates":[[[-71.0861904,42.3370709],[-71.0860375,42.3371533],[-71.085697,42.3368084],[-71.0858499,42.3367259],[-71.0861904,42.3370709]]]}},{"type":"Feature","id":181014014,"properties":{"osmId":181014014,"category":"academic","building":"university","building:levels":"4","leisure":"sports_centre","name":"Badger & Rosen SquashBusters Center"},"geometry":{"type":"Polygon","coordinates":[[[-71.0859996,42.3384581],[-71.085851,42.3384477],[-71.085859,42.3383783],[-71.0858563,42.338301],[-71.0858483,42.3382118],[-71.0858322,42.3381464],[-71.0858054,42.3380452],[-71.0857786,42.3379778],[-71.0859432,42.3379337],[-71.0860487,42.3380055],[-71.0860217,42.3380273],[-71.0863148,42.3382152],[-71.0859996,42.3384581]]]}},{"type":"Feature","id":181027878,"properties":{"osmId":181027878,"category":"academic","addr:housenumber":"45","addr:street":"Forsyth Street","building":"university","name":"Cargill Hall"},"geometry":{"type":"Polygon","coordinates":[[[-71.0915636,42.3390656],[-71.0915985,42.3390735],[-71.0916199,42.3390626],[-71.0916199,42.3390547],[-71.0916803,42.3390279],[-71.0917701,42.3389953],[-71.0917902,42.3389407],[-71.0917487,42.3388852],[-71.091673,42.3388677],[-71.091667,42.3388552],[-71.0916069,42.3388381],[-71.0915482,42.3388594],[-71.0915153,42.3388128],[-71.0914027,42.3388574],[-71.0915368,42.3390507],[-71.0915636,42.3390656]]]}},{"type":"Feature","id":181027879,"properties":{"osmId":181027879,"category":"academic","addr:city":"Boston","addr:housenumber":"65","addr:postcode":"02115","addr:state":"MA","addr:street":"Forsyth Street","building":"university","name":"Northeastern University School of Law-Dockser Hall -Nulawlab","website":"https://www.nulawlab.org/"},"geometry":{"type":"Polygon","coordinates":[[[-71.0907361,42.3387692],[-71.0904036,42.3389119],[-71.0901514,42.3385689],[-71.0902292,42.3385352],[-71.0902453,42.3385749],[-71.0905162,42.3384779],[-71.0907361,42.3387692]]]}},{"type":"Feature","id":181027880,"properties":{"osmId":181027880,"category":"academic","addr:housenumber":"420","addr:street":"Huntington Avenue","building":"university","name":"Stearns Center"},"geometry":{"type":"Polygon","coordinates":[[[-71.0915327,42.3390824],[-71.0913436,42.3391607],[-71.0911854,42.3389436],[-71.0913772,42.3388683],[-71.0915327,42.3390824]]]}},{"type":"Feature","id":181027881,"properties":{"osmId":181027881,"category":"academic","addr:housenumber":"55","addr:street":"Forsyth Street","building":"university","campusbuilding":"yes","name":"Kariotis Hall"},"geometry":{"type":"Polygon","coordinates":[[[-71.0910683,42.3386497],[-71.0909305,42.3386047],[-71.0907448,42.3385351],[-71.0907287,42.3385608],[-71.0907251,42.3385974],[-71.0907439,42.3386485],[-71.0907762,42.3386931],[-71.0908178,42.3387154],[-71.0908742,42.3387284],[-71.0909386,42.3387257],[-71.0909894,42.3387135],[-71.0910334,42.3386926],[-71.0910683,42.3386497]]]}},{"type":"Feature","id":181029628,"properties":{"osmId":181029628,"category":"academic","building":"university","leisure":"sports_centre","name":"Barletta Natatorium","sport":"swimming"},"geometry":{"type":"Polygon","coordinates":[[[-71.0902748,42.3393521],[-71.090138,42.3391598],[-71.0901782,42.339138],[-71.0899395,42.3388108],[-71.0888398,42.3392371],[-71.0890356,42.3395147],[-71.0891,42.3394988],[-71.0891498,42.3395479],[-71.0899548,42.3392083],[-71.0901138,42.3394157],[-71.0902748,42.3393521]]]}},{"type":"Feature","id":181031025,"properties":{"osmId":181031025,"category":"residential","addr:housenumber":"97","addr:street":"Saint Stephen Street","building":"dormitory"},"geometry":{"type":"Polygon","coordinates":[[[-71.0887317,42.3416663],[-71.0886089,42.3414947],[-71.0888398,42.3414044],[-71.088845,42.3414118],[-71.088891,42.341475],[-71.0889454,42.3415469],[-71.0889903,42.3416087],[-71.0889925,42.3416179],[-71.0888376,42.3416784],[-71.0887317,42.3416663]]]}},{"type":"Feature","id":181031026,"properties":{"osmId":181031026,"category":"other","amenity":"parking","building":"parking","building:levels":"2","layer":"-1","name":"West Village Parking Garage","operator":"Northeastern University","parking":"multi-storey"},"geometry":{"type":"Polygon","coordinates":[[[-71.0922184,42.3368495],[-71.0920907,42.3370327],[-71.0918976,42.336977],[-71.0912675,42.3367238],[-71.0912438,42.3367143],[-71.0912986,42.3366237],[-71.0913622,42.3365185],[-71.091448,42.3365502],[-71.0914646,42.3365234],[-71.0919934,42.3367202],[-71.0920788,42.3367802],[-71.0921778,42.3368247],[-71.0922011,42.3368339],[-71.0922184,42.3368495]]]}},{"type":"Feature","id":181031027,"properties":{"osmId":181031027,"category":"residential","addr:housenumber":"109","addr:street":"Saint Stephen Street","building":"dormitory"},"geometry":{"type":"Polygon","coordinates":[[[-71.0891511,42.3415447],[-71.0889903,42.3416087],[-71.0889454,42.3415469],[-71.0889687,42.3415376],[-71.0889159,42.3414651],[-71.088891,42.341475],[-71.088845,42.3414118],[-71.0890022,42.3413493],[-71.0890472,42.3414111],[-71.0890146,42.3414241],[-71.0890677,42.341497],[-71.0891055,42.341482],[-71.0891511,42.3415447]]]}},{"type":"Feature","id":181031028,"properties":{"osmId":181031028,"category":"residential","building":"dormitory"},"geometry":{"type":"Polygon","coordinates":[[[-71.089697,42.3413231],[-71.0894677,42.3414143],[-71.0894131,42.3413393],[-71.0894458,42.3413263],[-71.0894042,42.341269],[-71.0893703,42.3412825],[-71.0893254,42.3412207],[-71.0895518,42.3411307],[-71.0895964,42.3411919],[-71.0895714,42.3412019],[-71.0896146,42.3412613],[-71.0896436,42.3412497],[-71.089697,42.3413231]]]}},{"type":"Feature","id":181031029,"properties":{"osmId":181031029,"category":"residential","addr:housenumber":"115","addr:street":"Saint Stephen Street","building":"dormitory"},"geometry":{"type":"Polygon","coordinates":[[[-71.0894425,42.341435],[-71.0893331,42.3414785],[-71.0892442,42.3413563],[-71.0891997,42.3413741],[-71.0892885,42.3414961],[-71.0891746,42.3415413],[-71.0890751,42.3414046],[-71.0890498,42.3414147],[-71.0890472,42.3414111],[-71.0890022,42.3413493],[-71.0893254,42.3412207],[-71.0893703,42.3412825],[-71.0893402,42.3412945],[-71.0894425,42.341435]]]}},{"type":"Feature","id":181033637,"properties":{"osmId":181033637,"category":"residential","building":"dormitory","campusbuilding":"yes","name":"Speare Hall"},"geometry":{"type":"Polygon","coordinates":[[[-71.090071,42.3406674],[-71.0899115,42.3407317],[-71.0897705,42.3407885],[-71.0894315,42.3409251],[-71.0891823,42.3405874],[-71.0893693,42.340512],[-71.0894932,42.3406799],[-71.0895548,42.3406551],[-71.0897524,42.3405755],[-71.0897451,42.3405656],[-71.0896286,42.3404076],[-71.0898219,42.3403297],[-71.090071,42.3406674]]]}},{"type":"Feature","id":181035609,"properties":{"osmId":181035609,"category":"academic","building":"university","height":"8.9","name":"271 Huntington"},"geometry":{"type":"Polygon","coordinates":[[[-71.0862446,42.3424138],[-71.0859438,42.3422106],[-71.0866262,42.3416447],[-71.0869292,42.3418485],[-71.0862446,42.3424138]]]}},{"type":"Feature","id":190324997,"properties":{"osmId":190324997,"category":"residential","addr:housenumber":"525","addr:street":"Huntington Avenue","building":"dormitory","name":"525"},"geometry":{"type":"Polygon","coordinates":[[[-71.0964178,42.3379567],[-71.0965096,42.3378127],[-71.0964853,42.3378031],[-71.096611,42.3376483],[-71.0967488,42.337441],[-71.0967297,42.337413],[-71.0966673,42.3374385],[-71.0966781,42.3374493],[-71.0964542,42.3375436],[-71.0963171,42.3377041],[-71.0961926,42.3376454],[-71.0961672,42.3376335],[-71.0961552,42.3376438],[-71.0961587,42.3376522],[-71.0959952,42.3377144],[-71.0959599,42.3377557],[-71.096046,42.3377976],[-71.0960523,42.3377904],[-71.0964178,42.3379567]]]}},{"type":"Feature","id":212125383,"properties":{"osmId":212125383,"category":"residential","building":"apartments","building:levels":"7","name":"James Court"},"geometry":{"type":"Polygon","coordinates":[[[-71.0727198,42.3373224],[-71.0724294,42.3375178],[-71.0728223,42.3378392],[-71.0726795,42.3379353],[-71.0726913,42.337945],[-71.0726636,42.3379634],[-71.072117,42.3375091],[-71.0725729,42.3372023],[-71.0727198,42.3373224]]]}},{"type":"Feature","id":212125595,"properties":{"osmId":212125595,"category":"academic","building":"yes"},"geometry":{"type":"Polygon","coordinates":[[[-71.0743349,42.335069],[-71.0742976,42.3350942],[-71.0742639,42.3350668],[-71.0743012,42.3350415],[-71.0743349,42.335069]]]}},{"type":"Feature","id":212126499,"properties":{"osmId":212126499,"category":"athletic","building":"yes"},"geometry":{"type":"Polygon","coordinates":[[[-71.0808052,42.3330643],[-71.080744,42.3331554],[-71.0807066,42.3331417],[-71.0807678,42.3330506],[-71.0808052,42.3330643]]]}},{"type":"Feature","id":212126790,"properties":{"osmId":212126790,"category":"athletic","building":"yes"},"geometry":{"type":"Polygon","coordinates":[[[-71.0844595,42.3266376],[-71.0844235,42.3266865],[-71.0843769,42.3266676],[-71.0844129,42.3266188],[-71.0844595,42.3266376]]]}},{"type":"Feature","id":212126995,"properties":{"osmId":212126995,"category":"academic","addr:housenumber":"77","addr:street":"Saint Stephen Street","amenity":"theatre","building":"university","name":"Fenway Center"},"geometry":{"type":"Polygon","coordinates":[[[-71.08757,42.3419472],[-71.0876521,42.3418804],[-71.0876703,42.3418926],[-71.0877057,42.3418638],[-71.0878857,42.3419856],[-71.0879049,42.3419699],[-71.088015,42.3420443],[-71.0880253,42.3420359],[-71.0880393,42.3420454],[-71.0880679,42.3420221],[-71.0880994,42.3420434],[-71.0880908,42.3420895],[-71.088046,42.3421259],[-71.0880572,42.3421335],[-71.087963,42.3422102],[-71.087871,42.342148],[-71.0878217,42.3421881],[-71.08772,42.3421193],[-71.0877675,42.3420807],[-71.08757,42.3419472]]]}},{"type":"Feature","id":212127008,"properties":{"osmId":212127008,"category":"academic","building":"yes"},"geometry":{"type":"Polygon","coordinates":[[[-71.0881319,42.3419856],[-71.0880792,42.3420057],[-71.0880459,42.3419577],[-71.0880985,42.3419376],[-71.0881319,42.3419856]]]}},{"type":"Feature","id":212127240,"properties":{"osmId":212127240,"category":"academic","building":"roof"},"geometry":{"type":"Polygon","coordinates":[[[-71.0915427,42.3400516],[-71.0915104,42.3400974],[-71.0914565,42.3400764],[-71.0914888,42.3400307],[-71.0915427,42.3400516]]]}},{"type":"Feature","id":212127310,"properties":{"osmId":212127310,"category":"medical","addr:city":"Roxbury","addr:housenumber":"1290","addr:postcode":"02120","addr:state":"MA","addr:street":"Tremont Street","amenity":"clinic","building":"yes","healthcare":"clinic","name":"Whittier Street Health Center","opening_hours":"Mo-Fr 08:30-20:00; Sa 08:30-17:00"},"geometry":{"type":"Polygon","coordinates":[[[-71.0915814,42.3327027],[-71.0917383,42.332619],[-71.0918328,42.3327158],[-71.0921829,42.332529],[-71.0923457,42.3326958],[-71.092301,42.3327197],[-71.0923066,42.3327254],[-71.0922392,42.3327614],[-71.0922322,42.3327542],[-71.0921383,42.3328044],[-71.0921466,42.332813],[-71.0920804,42.3328483],[-71.0920715,42.3328392],[-71.0919756,42.3328904],[-71.091983,42.332898],[-71.0918916,42.3329467],[-71.0918841,42.332939],[-71.0918372,42.332964],[-71.0917441,42.3328686],[-71.0917343,42.3328738],[-71.0916907,42.3328292],[-71.0917001,42.3328242],[-71.0915814,42.3327027]]]}},{"type":"Feature","id":212127764,"properties":{"osmId":212127764,"category":"academic","building":"yes"},"geometry":{"type":"Polygon","coordinates":[[[-71.0932967,42.3380141],[-71.0932358,42.3381227],[-71.0931264,42.3380889],[-71.0931873,42.3379803],[-71.0932967,42.3380141]]]}},{"type":"Feature","id":212127775,"properties":{"osmId":212127775,"category":"academic","building":"toilets"},"geometry":{"type":"Polygon","coordinates":[[[-71.0933314,42.3379588],[-71.0932736,42.3379844],[-71.0932179,42.3379153],[-71.0932756,42.3378897],[-71.0933314,42.3379588]]]}},{"type":"Feature","id":212128000,"properties":{"osmId":212128000,"category":"academic","building":"university"},"geometry":{"type":"Polygon","coordinates":[[[-71.0959997,42.3287555],[-71.095938,42.3288463],[-71.0958847,42.3288264],[-71.0959463,42.3287356],[-71.0959997,42.3287555]]]}},{"type":"Feature","id":212128168,"properties":{"osmId":212128168,"category":"athletic","building":"yes"},"geometry":{"type":"Polygon","coordinates":[[[-71.0988051,42.3402606],[-71.098751,42.3402957],[-71.0987119,42.3402625],[-71.098766,42.3402274],[-71.0988051,42.3402606]]]}},{"type":"Feature","id":212128299,"properties":{"osmId":212128299,"category":"academic","addr:housenumber":"300R","addr:street":"Fenway","building":"university"},"geometry":{"type":"Polygon","coordinates":[[[-71.1002773,42.3383989],[-71.1001436,42.3382922],[-71.1000328,42.3381966],[-71.1001058,42.33809],[-71.1001435,42.3381136],[-71.1001709,42.3380895],[-71.1004519,42.3382581],[-71.1004735,42.3383107],[-71.1006611,42.3384101],[-71.1005796,42.3385646],[-71.100561,42.3385569],[-71.1004828,42.3386783],[-71.1003599,42.3386046],[-71.1002676,42.3385729],[-71.100321,42.3384903],[-71.1002773,42.3383989]]]}},{"type":"Feature","id":212128401,"properties":{"osmId":212128401,"category":"academic","building":"university"},"geometry":{"type":"Polygon","coordinates":[[[-71.1021089,42.3403042],[-71.1019699,42.3403838],[-71.1018261,42.3402456],[-71.101965,42.340166],[-71.1021089,42.3403042]]]}},{"type":"Feature","id":212128584,"properties":{"osmId":212128584,"category":"academic","addr:city":"Boston","addr:housenumber":"150","addr:postcode":"02215","addr:state":"MA","addr:street":"Riverway","building":"university","name":"Campus Center and Student Residence"},"geometry":{"type":"Polygon","coordinates":[[[-71.1054985,42.3429313],[-71.1053886,42.3430003],[-71.1052712,42.3430623],[-71.1051473,42.3431167],[-71.1050409,42.3431556],[-71.1049667,42.3430805],[-71.1049549,42.3430626],[-71.1049396,42.3430624],[-71.1049224,42.3430049],[-71.1050201,42.34297],[-71.105112,42.3429272],[-71.1051969,42.3428771],[-71.1052737,42.3428203],[-71.105293,42.3428033],[-71.1054985,42.3429313]]]}},{"type":"Feature","id":221299025,"properties":{"osmId":221299025,"category":"academic","addr:city":"Boston","addr:housenumber":"64","addr:state":"MA","addr:street":"Cummington Mall","building":"university"},"geometry":{"type":"Polygon","coordinates":[[[-71.1045677,42.348766],[-71.104525,42.3489018],[-71.1038292,42.3487775],[-71.1038721,42.3486335],[-71.1045677,42.348766]]]}},{"type":"Feature","id":221299026,"properties":{"osmId":221299026,"category":"academic","addr:housenumber":"96;100","building":"university"},"geometry":{"type":"Polygon","coordinates":[[[-71.104525,42.3489018],[-71.1045677,42.348766],[-71.1051625,42.3488747],[-71.1051313,42.3490103],[-71.104525,42.3489018]]]}},{"type":"Feature","id":228457625,"properties":{"osmId":228457625,"category":"medical","building":"hospital","building:levels":"11","name":"Main South Building","year_of_construction":"2003"},"geometry":{"type":"Polygon","coordinates":[[[-71.1064313,42.3365511],[-71.1063805,42.3365992],[-71.1063556,42.3366227],[-71.1061894,42.3367799],[-71.1061506,42.3368167],[-71.1060815,42.3368821],[-71.1060123,42.3369475],[-71.1059723,42.3369853],[-71.1061661,42.3369662],[-71.106187,42.3370952],[-71.1062722,42.3371452],[-71.10639,42.3370296],[-71.1064823,42.3370847],[-71.1065144,42.3370528],[-71.1065798,42.3369898],[-71.1067959,42.3367803],[-71.1067702,42.3367653],[-71.1067777,42.3367583],[-71.1067277,42.3367291],[-71.1064313,42.3365511]]]}},{"type":"Feature","id":228569923,"properties":{"osmId":228569923,"category":"medical","addr:state":"MA","building":"hospital","ele":"7","gnis:feature_id":"1971378","name":"Hunnewell Building","source":"USGS Geonames","year_of_construction":"1914"},"geometry":{"type":"Polygon","coordinates":[[[-71.1055269,42.3373708],[-71.1054415,42.3374461],[-71.105425,42.3374403],[-71.1053091,42.3375416],[-71.1053171,42.3375464],[-71.105203,42.3376429],[-71.1051574,42.33765],[-71.1050315,42.3376023],[-71.1050466,42.3375803],[-71.1048846,42.3375188],[-71.1048527,42.3375649],[-71.1047134,42.3375123],[-71.1047446,42.3374671],[-71.1045854,42.3374068],[-71.1045744,42.3374228],[-71.104424,42.3373661],[-71.1045535,42.3371785],[-71.1047132,42.337239],[-71.1046743,42.3372959],[-71.1048348,42.3373557],[-71.1049801,42.3371429],[-71.105133,42.3372008],[-71.1049842,42.3374153],[-71.1051507,42.3374811],[-71.1052931,42.3372842],[-71.1055269,42.3373708]]]}},{"type":"Feature","id":228569926,"properties":{"osmId":228569926,"category":"medical","addr:state":"MA","building":"hospital","building:levels":"12","ele":"6","gnis:feature_id":"1971233","name":"Fegan Building","source":"USGS Geonames","year_of_construction":"1967"},"geometry":{"type":"Polygon","coordinates":[[[-71.105228,42.3370497],[-71.1053062,42.3370806],[-71.1052775,42.3371178],[-71.1053158,42.3371394],[-71.1053942,42.3371837],[-71.105318,42.3372599],[-71.1052115,42.3371991],[-71.1051937,42.3372244],[-71.105133,42.3372008],[-71.1049801,42.3371429],[-71.1046711,42.3370204],[-71.1047714,42.3368763],[-71.1051306,42.337015],[-71.1051692,42.3369604],[-71.1052649,42.3369973],[-71.105228,42.3370497]]]}},{"type":"Feature","id":228570149,"properties":{"osmId":228570149,"category":"medical","building":"hospital","name":"Main Building","year_of_construction":"1985"},"geometry":{"type":"Polygon","coordinates":[[[-71.1062722,42.3371452],[-71.10639,42.3370296],[-71.1064823,42.3370847],[-71.1065144,42.3370528],[-71.1067997,42.3372177],[-71.106827,42.3373524],[-71.1067464,42.3374291],[-71.1062466,42.3374757],[-71.1061709,42.337542],[-71.1060952,42.3376083],[-71.1059836,42.3375469],[-71.1059746,42.3375248],[-71.1059572,42.3374971],[-71.105939,42.3374741],[-71.1059133,42.337449],[-71.1058865,42.3374268],[-71.105853,42.3374052],[-71.1058273,42.3373911],[-71.1058016,42.3373794],[-71.1057609,42.3373655],[-71.1057347,42.3373589],[-71.105685,42.3373498],[-71.1056266,42.3373437],[-71.1057039,42.3372717],[-71.1056869,42.3372619],[-71.1059723,42.3369853],[-71.1061661,42.3369662],[-71.106187,42.3370952],[-71.1062722,42.3371452]]]}},{"type":"Feature","id":228591749,"properties":{"osmId":228591749,"category":"academic","addr:housenumber":"188","addr:street":"Longwood Avenue","building":"university","name":"School of Dental Medicine"},"geometry":{"type":"Polygon","coordinates":[[[-71.1020876,42.3358905],[-71.1022735,42.3359592],[-71.1023211,42.3359759],[-71.1023031,42.3360041],[-71.1020377,42.3364201],[-71.1017907,42.3363334],[-71.1020744,42.3358885],[-71.1020876,42.3358905]]]}},{"type":"Feature","id":228884622,"properties":{"osmId":228884622,"category":"medical","building":"hospital","building:levels":"12","building:material":"glass","name":"Karp Family Research Laboratories","operator":"Boston Children's Hosptial"},"geometry":{"type":"Polygon","coordinates":[[[-71.1047916,42.3386599],[-71.1046594,42.3385633],[-71.1045477,42.3384943],[-71.1046045,42.3384457],[-71.1045392,42.3384057],[-71.1048889,42.3381221],[-71.1049478,42.3380714],[-71.1051733,42.3381521],[-71.1052295,42.3381142],[-71.1053396,42.3381937],[-71.1047916,42.3386599]]]}},{"type":"Feature","id":228919393,"properties":{"osmId":228919393,"category":"medical","addr:housenumber":"440","addr:state":"MA","addr:street":"Brookline Avenue","building":"hospital","ele":"7","gnis:feature_id":"1971518","name":"Mayer Labs","source":"USGS Geonames"},"geometry":{"type":"Polygon","coordinates":[[[-71.1075014,42.3380028],[-71.107353,42.3381462],[-71.107697,42.3383351],[-71.1081252,42.3379383],[-71.107785,42.3377399],[-71.1075014,42.3380028]]]}},{"type":"Feature","id":228923121,"properties":{"osmId":228923121,"category":"academic","addr:state":"MA","building":"university","ele":"8","gnis:feature_id":"1971536","name":"Tosteson Medical Education Center","source":"USGS Geonames"},"geometry":{"type":"Polygon","coordinates":[[[-71.1040676,42.3366171],[-71.1041242,42.3366385],[-71.1046138,42.336824],[-71.1042921,42.3372913],[-71.1036636,42.3370531],[-71.1039853,42.3365858],[-71.1040676,42.3366171]]]}},{"type":"Feature","id":228923402,"properties":{"osmId":228923402,"category":"academic","building":"university","name":"Building C1"},"geometry":{"type":"Polygon","coordinates":[[[-71.1048742,42.3361869],[-71.1048331,42.3362468],[-71.1047897,42.3362305],[-71.104759,42.3362753],[-71.1044802,42.3361697],[-71.1043236,42.3361076],[-71.1044345,42.3359465],[-71.1048714,42.336112],[-71.104831,42.3361706],[-71.1048742,42.3361869]]]}},{"type":"Feature","id":228923403,"properties":{"osmId":228923403,"category":"academic","building":"university","name":"Building C2"},"geometry":{"type":"Polygon","coordinates":[[[-71.10465,42.3365128],[-71.1046147,42.336568],[-71.1045709,42.3365514],[-71.1045387,42.3365983],[-71.1042319,42.336482],[-71.1041242,42.3366385],[-71.1040676,42.3366171],[-71.1040898,42.3365848],[-71.1040595,42.3365734],[-71.1041225,42.336482],[-71.1041583,42.3364956],[-71.104181,42.3364627],[-71.1041003,42.3364322],[-71.1042121,42.3362697],[-71.1043718,42.3363272],[-71.10465,42.3364326],[-71.1046062,42.3364962],[-71.10465,42.3365128]]]}},{"type":"Feature","id":228923404,"properties":{"osmId":228923404,"category":"academic","addr:housenumber":"250","addr:state":"MA","addr:street":"Longwood Avenue","building":"university","ele":"9","gnis:feature_id":"1971560","name":"Seeley G. Mudd Building","source":"USGS Geonames"},"geometry":{"type":"Polygon","coordinates":[[[-71.1046147,42.336568],[-71.104555,42.3366549],[-71.1045103,42.336638],[-71.1044509,42.3367244],[-71.1046872,42.3368139],[-71.1050239,42.3363248],[-71.1048331,42.3362468],[-71.10465,42.3365128],[-71.1046147,42.336568]]]}},{"type":"Feature","id":228923405,"properties":{"osmId":228923405,"category":"academic","addr:housenumber":"45","addr:street":"Shattuck Street","building":"university","name":"Laboratory for Human Reproduction and Reproductive Biology"},"geometry":{"type":"Polygon","coordinates":[[[-71.1050239,42.3363248],[-71.1048331,42.3362468],[-71.1048742,42.3361869],[-71.1050519,42.3359288],[-71.1050327,42.3359215],[-71.1050862,42.3358436],[-71.1052707,42.3359126],[-71.1052855,42.3359192],[-71.1052994,42.3359245],[-71.1050239,42.3363248]]]}},{"type":"Feature","id":228924432,"properties":{"osmId":228924432,"category":"academic","building":"university","name":"Armenise"},"geometry":{"type":"Polygon","coordinates":[[[-71.1025787,42.3366414],[-71.1026775,42.3365013],[-71.1027021,42.3365098],[-71.1028883,42.3365833],[-71.1029138,42.3365933],[-71.1029169,42.336589],[-71.1029152,42.3365662],[-71.1029201,42.3365422],[-71.10293,42.3365207],[-71.1029448,42.3364991],[-71.1029629,42.3364809],[-71.1029827,42.3364652],[-71.1030025,42.3364507],[-71.1030239,42.3364386],[-71.1030277,42.3364333],[-71.1027907,42.3363409],[-71.1027602,42.3363291],[-71.1028683,42.3361759],[-71.1028994,42.3361879],[-71.103204,42.3363053],[-71.1032793,42.3363357],[-71.1029575,42.3367888],[-71.1025787,42.3366414]]]}},{"type":"Feature","id":228926041,"properties":{"osmId":228926041,"category":"academic","building":"university","building:levels":"2","name":"Modell Center for Immunology"},"geometry":{"type":"Polygon","coordinates":[[[-71.1029144,42.3364538],[-71.1027788,42.3364011],[-71.1027021,42.3365098],[-71.1028883,42.3365833],[-71.102889,42.336549],[-71.1028798,42.3365454],[-71.102903,42.3365128],[-71.1028791,42.3365035],[-71.1029144,42.3364538]]]}},{"type":"Feature","id":229090984,"properties":{"osmId":229090984,"category":"medical","addr:housenumber":"333","addr:street":"Longwood Avenue","building":"hospital"},"geometry":{"type":"Polygon","coordinates":[[[-71.1055528,42.3380711],[-71.1059665,42.3382998],[-71.1057427,42.3385126],[-71.1053406,42.338278],[-71.1053164,42.3382638],[-71.1055528,42.3380711]]]}},{"type":"Feature","id":240255388,"properties":{"osmId":240255388,"category":"religious","addr:city":"Boston","addr:housenumber":"250","addr:postcode":"02115","addr:state":"MA","addr:street":"Massachusetts Avenue","alt_name":"The Mother Church","amenity":"place_of_worship","building":"yes","building:colour":"#DDDDDD","building:material":"stone","denomination":"christ_scientist","ele":"5","fixme":"heights estimated","gnis:feature_id":"1971241","image":"https://commons.wikimedia.org/wiki/File:Christian_Science_Church,_Boston,_Massachusetts.JPG","name":"First Church of Christ Scientist","religion":"christian","wikidata":"Q7734092","wikimedia_commons":"File:Christian Science Church, Boston, Massachusetts.JPG","wikipedia":"en:The First Church of Christ, Scientist"},"geometry":{"type":"Polygon","coordinates":[[[-71.0844348,42.3445174],[-71.0845022,42.3444658],[-71.0845246,42.3444475],[-71.0845377,42.3444369],[-71.0845723,42.3444087],[-71.0846565,42.3443638],[-71.0846544,42.3443583],[-71.0846545,42.3443516],[-71.0846582,42.3443444],[-71.0846651,42.3443388],[-71.0846619,42.3443313],[-71.0846765,42.3443279],[-71.0846707,42.3443145],[-71.0849494,42.344091],[-71.0850326,42.3440713],[-71.0851003,42.3442275],[-71.0851054,42.3442311],[-71.0851168,42.3442374],[-71.0851424,42.3442486],[-71.0851633,42.3442549],[-71.085178,42.3442577],[-71.0851929,42.3442594],[-71.0852081,42.3442599],[-71.0852217,42.3442593],[-71.0852359,42.3442561],[-71.0852577,42.3442535],[-71.0852726,42.3442531],[-71.0852874,42.3442539],[-71.0853019,42.3442558],[-71.0853162,42.3442588],[-71.0853299,42.344263],[-71.085343,42.3442682],[-71.0853552,42.3442744],[-71.0853665,42.3442814],[-71.0853815,42.3442936],[-71.08539,42.3443027],[-71.0853972,42.3443122],[-71.0854002,42.3443173],[-71.0854052,42.3443276],[-71.0854088,42.3443383],[-71.0854108,42.3443491],[-71.0854113,42.3443601],[-71.0854091,42.3443766],[-71.0854057,42.3443873],[-71.0854009,42.3443976],[-71.0853946,42.3444076],[-71.0853869,42.344417],[-71.085378,42.3444257],[-71.0853679,42.3444338],[-71.0853566,42.3444409],[-71.0853381,42.34445],[-71.0853248,42.3444548],[-71.0853041,42.3444599],[-71.0852929,42.3444667],[-71.0852826,42.3444743],[-71.0852694,42.3444872],[-71.085259,42.3445014],[-71.0852519,42.3445167],[-71.0852489,42.3445272],[-71.0852475,42.344538],[-71.0852481,42.3445542],[-71.0852703,42.3446598],[-71.0852706,42.3446679],[-71.0852689,42.344676],[-71.0852654,42.3446838],[-71.0852601,42.3446909],[-71.0852551,42.3446957],[-71.0852428,42.3447037],[-71.0852306,42.3447085],[-71.0852175,42.3447111],[-71.0852047,42.3447116],[-71.0848116,42.3446395],[-71.0846619,42.3446154],[-71.0846019,42.3446034],[-71.0845844,42.3445999],[-71.084557,42.3445945],[-71.0844627,42.3445778],[-71.0844613,42.3445745],[-71.0844555,42.3445758],[-71.0844489,42.3445765],[-71.0844418,42.3445762],[-71.0844349,42.3445751],[-71.0844287,42.3445731],[-71.0844219,42.3445696],[-71.0844154,42.3445644],[-71.0844111,42.3445585],[-71.0844089,42.3445523],[-71.0844084,42.3445455],[-71.0844095,42.3445404],[-71.0844118,42.3445358],[-71.0844161,42.3445305],[-71.0844226,42.3445255],[-71.0844301,42.3445219],[-71.0844359,42.3445203],[-71.0844348,42.3445174]]]}},{"type":"Feature","id":240326471,"properties":{"osmId":240326471,"category":"academic","addr:city":"Boston","addr:country":"US","addr:housenumber":"30","addr:postcode":"02115","addr:state":"MA","addr:street":"Leon Street","building":"university","building:levels":"8","layer":"1","name":"Behrakis Health Sciences Center"},"geometry":{"type":"Polygon","coordinates":[[[-71.0918976,42.336977],[-71.0918646,42.3370222],[-71.091814,42.3370914],[-71.0914665,42.3370575],[-71.0914605,42.337056],[-71.0914545,42.3370543],[-71.0914487,42.3370526],[-71.0914428,42.3370508],[-71.091437,42.337049],[-71.0914312,42.337047],[-71.0914255,42.337045],[-71.0914198,42.3370429],[-71.0914141,42.3370407],[-71.0914085,42.3370384],[-71.091403,42.3370361],[-71.0913975,42.3370338],[-71.0913921,42.3370313],[-71.0913868,42.3370288],[-71.0913814,42.3370262],[-71.0913762,42.3370235],[-71.091371,42.3370207],[-71.0913659,42.337018],[-71.0913609,42.3370151],[-71.0913559,42.3370122],[-71.0913511,42.3370092],[-71.0913462,42.3370061],[-71.0913414,42.337003],[-71.0913367,42.3369998],[-71.0913321,42.3369966],[-71.0913276,42.3369933],[-71.0913232,42.3369899],[-71.0913187,42.3369865],[-71.0913145,42.3369831],[-71.0913103,42.3369796],[-71.0913062,42.3369759],[-71.0913021,42.3369723],[-71.0912981,42.3369686],[-71.0912942,42.3369649],[-71.0912905,42.3369611],[-71.0912867,42.3369572],[-71.0912831,42.3369533],[-71.0912796,42.3369495],[-71.0912763,42.3369455],[-71.0912729,42.3369415],[-71.0912698,42.3369375],[-71.0912665,42.3369333],[-71.0912635,42.3369291],[-71.0912606,42.336925],[-71.0912577,42.3369208],[-71.091255,42.3369165],[-71.0912523,42.3369123],[-71.0912498,42.3369079],[-71.0912474,42.3369036],[-71.091245,42.3368992],[-71.0912429,42.3368948],[-71.0912407,42.3368904],[-71.0912387,42.3368858],[-71.0912367,42.3368814],[-71.091235,42.3368768],[-71.0912333,42.3368723],[-71.0912316,42.3368677],[-71.0912302,42.3368632],[-71.0912288,42.3368586],[-71.0912276,42.3368539],[-71.0912264,42.3368493],[-71.0912253,42.3368447],[-71.0912244,42.3368401],[-71.0912236,42.3368354],[-71.0912228,42.3368307],[-71.0912222,42.336826],[-71.0912217,42.3368213],[-71.0912213,42.3368166],[-71.0912211,42.3368119],[-71.0912208,42.3368072],[-71.0912208,42.3368025],[-71.0912208,42.3367977],[-71.0912209,42.3367931],[-71.0912212,42.3367884],[-71.0912216,42.3367836],[-71.0912221,42.3367789],[-71.0912228,42.3367742],[-71.0912234,42.3367696],[-71.0912243,42.3367649],[-71.0912252,42.3367602],[-71.0912263,42.3367556],[-71.0912274,42.3367509],[-71.0912286,42.3367464],[-71.09123,42.3367418],[-71.0912315,42.3367372],[-71.0912331,42.3367326],[-71.0912361,42.3367249],[-71.0912438,42.3367143],[-71.0912675,42.3367238],[-71.0918976,42.336977]]]}},{"type":"Feature","id":240326472,"properties":{"osmId":240326472,"category":"residential","addr:city":"Boston","addr:country":"US","addr:housenumber":"40A","addr:postcode":"02115","addr:state":"MA","addr:street":"Leon Street","building":"dormitory","name":"West Village F","smoking":"no"},"geometry":{"type":"Polygon","coordinates":[[[-71.0914758,42.337383],[-71.0914849,42.3372972],[-71.091569,42.3372967],[-71.0916714,42.3372998],[-71.0917556,42.3373056],[-71.091856,42.337315],[-71.0919518,42.3373275],[-71.0919017,42.3374106],[-71.0918069,42.3373998],[-71.0917343,42.3373945],[-71.0916866,42.3374393],[-71.0917574,42.337442],[-71.0918531,42.3374499],[-71.0918041,42.33754],[-71.0917396,42.3375367],[-71.0917382,42.3375511],[-71.0917501,42.3375537],[-71.0917617,42.3375859],[-71.0916476,42.3376077],[-71.0914974,42.3376444],[-71.0913808,42.3376827],[-71.0912797,42.3377208],[-71.091166,42.3377727],[-71.0911381,42.3377885],[-71.0911153,42.3376845],[-71.091131,42.337675],[-71.0911215,42.3376658],[-71.0911417,42.3374653],[-71.091182,42.3374534],[-71.0911966,42.3374783],[-71.0912927,42.3374606],[-71.0913964,42.337449],[-71.091494,42.337443],[-71.0915838,42.3374387],[-71.0915965,42.337384],[-71.0914758,42.337383]]]}},{"type":"Feature","id":240326474,"properties":{"osmId":240326474,"category":"academic","addr:housenumber":"11","addr:state":"MA","addr:street":"Leon Street","building":"university","building:levels":"4","building:material":"brick","ele":"3","gnis:feature_id":"1971935","name":"Ryder Hall","source":"MassGIS Buildings (http://www.mass.gov/mgis/lidarbuildingfp2d.htm);USGS Geonames"},"geometry":{"type":"Polygon","coordinates":[[[-71.090206,42.3363764],[-71.0911053,42.3364504],[-71.0910514,42.3368105],[-71.0906664,42.3367787],[-71.090587,42.3367722],[-71.0905404,42.3367684],[-71.0902399,42.3367437],[-71.090212,42.3367414],[-71.0901522,42.3367365],[-71.0901568,42.336706],[-71.090206,42.3363764]]]}},{"type":"Feature","id":240531413,"properties":{"osmId":240531413,"category":"religious","addr:housenumber":"110","addr:street":"Commonwealth Avenue","building":"church","building:colour":"#CC9933","fixme":"height and levels estimated","wikidata":"Q5452368","wikipedia":"en:First Baptist Church (Boston, Massachusetts)"},"geometry":{"type":"Polygon","coordinates":[[[-71.0763899,42.3520247],[-71.0762124,42.3520733],[-71.0761785,42.3520058],[-71.076142,42.3520158],[-71.0760532,42.3520401],[-71.0759883,42.3519107],[-71.0761135,42.3518763],[-71.0760771,42.3518038],[-71.0762547,42.3517552],[-71.0762911,42.3518277],[-71.0763118,42.351822],[-71.0763767,42.3519514],[-71.076356,42.3519571],[-71.0763899,42.3520247]]]}},{"type":"Feature","id":240531414,"properties":{"osmId":240531414,"category":"religious","building":"church","building:colour":"#CC9933","fixme":"height and levels estimated","height":"50","roof:colour":"#CC9933","wikidata":"Q5452368"},"geometry":{"type":"Polygon","coordinates":[[[-71.076142,42.3520158],[-71.0760532,42.3520401],[-71.0760871,42.3521076],[-71.0761094,42.3521015],[-71.0761759,42.3520833],[-71.076142,42.3520158]]]}},{"type":"Feature","id":241039976,"properties":{"osmId":241039976,"category":"academic","addr:city":"Boston","addr:housenumber":"921","addr:postcode":"02115","addr:state":"MA","addr:street":"Boylston Street","building":"university","building:levels":"6","building:material":"brick","name":"Genko Uchida Building","operator":"Berklee College of Music","roof:material":"concrete","roof:shape":"flat","start_date":"1910","website":"https://www.mds-bos.com/berklee-college-of-music-genko-uchida-building"},"geometry":{"type":"Polygon","coordinates":[[[-71.0843899,42.3483054],[-71.084565,42.3482568],[-71.0845697,42.3482642],[-71.0845787,42.3482648],[-71.0845826,42.3482569],[-71.0846244,42.348247],[-71.0846381,42.3482556],[-71.0846449,42.3482557],[-71.0846543,42.348263],[-71.084662,42.3482661],[-71.0846698,42.3482645],[-71.0846827,42.348288],[-71.0846952,42.3482845],[-71.0847433,42.348373],[-71.0848128,42.3485131],[-71.0847063,42.3485417],[-71.0847123,42.3485542],[-71.0845324,42.3486026],[-71.084501,42.3485388],[-71.0843981,42.34832],[-71.0843899,42.3483054]]]}},{"type":"Feature","id":241045785,"properties":{"osmId":241045785,"category":"academic","addr:city":"Boston","addr:housenumber":"130-134","addr:postcode":"02115","addr:state":"MA","addr:street":"Massachusetts Avenue","building":"university","building:colour":"#EEEECC","building:levels":"3","roof:shape":"flat"},"geometry":{"type":"Polygon","coordinates":[[[-71.0874977,42.3472428],[-71.0872865,42.3472868],[-71.0871845,42.3470915],[-71.0874403,42.3470187],[-71.0874658,42.3470677],[-71.0875276,42.3472074],[-71.0874977,42.3472428]]]}},{"type":"Feature","id":241927126,"properties":{"osmId":241927126,"category":"academic","addr:city":"Boston","addr:housenumber":"150","addr:postcode":"02116","addr:state":"MA","addr:street":"Newbury Street","building":"school","building:levels":"4","building:material":"brick"},"geometry":{"type":"Polygon","coordinates":[[[-71.0777758,42.3504727],[-71.0780451,42.3503983],[-71.0780771,42.3504626],[-71.0781569,42.3506229],[-71.0778867,42.3506992],[-71.0777758,42.3504727]]]}},{"type":"Feature","id":242272535,"properties":{"osmId":242272535,"category":"residential","addr:city":"Boston","addr:housenumber":"140","addr:postcode":"02215","addr:state":"MA","addr:street":"Bay State Road","building":"dormitory","building:levels":"9","name":"The Towers"},"geometry":{"type":"Polygon","coordinates":[[[-71.1000003,42.3498807],[-71.100206,42.3498959],[-71.1001684,42.350174],[-71.0999611,42.3501587],[-71.0999674,42.3501121],[-71.0996027,42.3500851],[-71.0995974,42.3501242],[-71.0993947,42.3501092],[-71.0994303,42.3498467],[-71.0996341,42.3498618],[-71.0996262,42.3499206],[-71.0999913,42.3499476],[-71.1000003,42.3498807]]]}},{"type":"Feature","id":244558109,"properties":{"osmId":244558109,"category":"other","addr:city":"Boston","addr:housenumber":"136","addr:postcode":"02115","addr:state":"MA","addr:street":"Massachusetts Avenue","amenity":"theatre","building":"yes","building:levels":"5","capacity":"1215","check_date":"2023-06-04","ele":"3","entrance":"main","gnis:feature_id":"1970992","historic":"building","name":"Berklee Performance Center","old_name":"Fenway Theatre","operator":"Berklee College of Music","source":"USGS Geonames","start_date":"1976","wikidata":"Q5443666;Q4892165","wikipedia":"en:Fenway Theatre;en:Berklee Performance Center"},"geometry":{"type":"Polygon","coordinates":[[[-71.0871692,42.3469483],[-71.0873734,42.3468901],[-71.08741,42.3469604],[-71.0874403,42.3470187],[-71.0871845,42.3470915],[-71.0866875,42.3472335],[-71.0866212,42.3471069],[-71.0867495,42.3470702],[-71.0871692,42.3469483]]]}},{"type":"Feature","id":256604722,"properties":{"osmId":256604722,"category":"academic","addr:city":"Boston","addr:housenumber":"595","addr:postcode":"02215","addr:street":"Commonwealth Avenue","alt_name":"Rafik B. Hariri Building","building":"university","building:levels":"9","name":"Questrom School of Business","wikidata":"Q4948184","wikipedia":"en:Boston University Questrom School of Business"},"geometry":{"type":"Polygon","coordinates":[[[-71.1002247,42.3498509],[-71.0991094,42.3497178],[-71.0991413,42.3495721],[-71.099151,42.3495274],[-71.0991627,42.3494738],[-71.0991828,42.3493818],[-71.0992217,42.3493864],[-71.0992586,42.3493909],[-71.0992945,42.3493951],[-71.0993002,42.3493689],[-71.0998617,42.3494359],[-71.0998558,42.3494629],[-71.1000689,42.3494884],[-71.1000634,42.3495138],[-71.1002924,42.3495412],[-71.100287,42.3495658],[-71.1003525,42.3495736],[-71.1003236,42.3497059],[-71.1002958,42.3498333],[-71.1002303,42.3498255],[-71.1002247,42.3498509]]]}},{"type":"Feature","id":257632684,"properties":{"osmId":257632684,"category":"academic","addr:city":"Boston","addr:housenumber":"1140","addr:postcode":"02215","addr:street":"Boylston Street","building":"college"},"geometry":{"type":"Polygon","coordinates":[[[-71.0897736,42.3465853],[-71.0897331,42.3465124],[-71.0897734,42.3463878],[-71.0897017,42.3463756],[-71.0896763,42.3464478],[-71.0893295,42.3463988],[-71.089254,42.3466849],[-71.0892535,42.3466889],[-71.0892538,42.3466927],[-71.0892551,42.3466965],[-71.0892572,42.3467001],[-71.0892602,42.3467034],[-71.0892638,42.3467062],[-71.0892682,42.3467085],[-71.089278,42.3467114],[-71.0892832,42.3467117],[-71.0893172,42.3467032],[-71.0893603,42.346692],[-71.0893879,42.346702],[-71.0894169,42.346693],[-71.0894264,42.346675],[-71.0895097,42.3466534],[-71.0895368,42.3466634],[-71.0895668,42.3466534],[-71.0895754,42.3466365],[-71.0896707,42.3466119],[-71.0896924,42.3466202],[-71.0897211,42.3466118],[-71.0897256,42.3465977],[-71.0897736,42.3465853]]]}},{"type":"Feature","id":257632773,"properties":{"osmId":257632773,"category":"academic","addr:city":"Boston","addr:housenumber":"1123","addr:postcode":"02215","addr:street":"Boylston Street","building":"college","name":"Berklee Communications Office"},"geometry":{"type":"Polygon","coordinates":[[[-71.0889189,42.3468072],[-71.088815,42.3465983],[-71.0890753,42.3465354],[-71.0891112,42.3465505],[-71.0890503,42.3467731],[-71.0889189,42.3468072]]]}},{"type":"Feature","id":277434241,"properties":{"osmId":277434241,"category":"academic","access":"yes","addr:housenumber":"665","addr:street":"Commonwealth Avenue","building":"university","building:levels":"19","contact:website":"https://www.bu.edu/data-sciences-center/","fee":"yes","layer":"1","name":"Center for Computing & Data Sciences Building","roof:levels":"0"},"geometry":{"type":"Polygon","coordinates":[[[-71.1033635,42.3502782],[-71.1032801,42.3502685],[-71.102936,42.3502277],[-71.1028432,42.3502167],[-71.1028563,42.3501567],[-71.1028836,42.3500323],[-71.1027243,42.3500135],[-71.1024435,42.3499802],[-71.1023574,42.3499699],[-71.1024002,42.3497727],[-71.1024822,42.3497824],[-71.1029262,42.3498351],[-71.103018,42.3498459],[-71.1031055,42.3498563],[-71.103363,42.3498869],[-71.103446,42.3498967],[-71.1034313,42.3499644],[-71.1033762,42.3502182],[-71.1033635,42.3502782]]]}},{"type":"Feature","id":277435862,"properties":{"osmId":277435862,"category":"academic","addr:city":"Boston","addr:housenumber":"2","addr:postcode":"02215","addr:state":"MA","addr:street":"Silber Way","building":"college","name":"Boston University Wheelock College of Education & Human Development","old_name":"Boston University School of Education","website":"https://www.bu.edu/wheelock/","wikidata":"Q4948183","wikipedia":"en:Boston University Wheelock College of Education and Human Development"},"geometry":{"type":"Polygon","coordinates":[[[-71.1010756,42.3499368],[-71.1005783,42.3498794],[-71.1006429,42.349574],[-71.1011402,42.3496314],[-71.1011014,42.3498149],[-71.1010756,42.3499368]]]}},{"type":"Feature","id":300854780,"properties":{"osmId":300854780,"category":"academic","addr:city":"Boston","addr:housenumber":"677","addr:postcode":"02215","addr:state":"MA","addr:street":"Beacon Street","building":"university","height":"14.5"},"geometry":{"type":"Polygon","coordinates":[[[-71.098785,42.3482373],[-71.0986538,42.3479788],[-71.0984379,42.3480387],[-71.0985045,42.3481699],[-71.098569,42.3482972],[-71.098785,42.3482373]]]}},{"type":"Feature","id":301680529,"properties":{"osmId":301680529,"category":"other","addr:housenumber":"835","addr:street":"Columbus Avenue","amenity":"parking","building":"yes","building:levels":"10","name":"Rennaissance Parking Garage","operator":"Northeastern University","parking":"multi-storey"},"geometry":{"type":"Polygon","coordinates":[[[-71.088885,42.3361767],[-71.0888747,42.3361852],[-71.0888572,42.3361995],[-71.0885238,42.3364722],[-71.088376,42.3365911],[-71.0882884,42.3366615],[-71.0882734,42.3366503],[-71.0882233,42.3366881],[-71.0879016,42.3364822],[-71.0882274,42.3362199],[-71.0882955,42.3361627],[-71.0885436,42.335958],[-71.0885615,42.3359695],[-71.0886373,42.3359022],[-71.0886562,42.3359176],[-71.0886715,42.33593],[-71.0886982,42.3359094],[-71.0887044,42.335907],[-71.0887109,42.3359064],[-71.0887215,42.3359072],[-71.0887264,42.3359085],[-71.0887296,42.3359093],[-71.0887344,42.3359111],[-71.088743,42.3359148],[-71.0887479,42.3359172],[-71.0887529,42.3359199],[-71.0887566,42.3359223],[-71.0887625,42.335926],[-71.0887686,42.3359307],[-71.088775,42.3359353],[-71.0887809,42.3359419],[-71.088885,42.3361767]]]}},{"type":"Feature","id":316156068,"properties":{"osmId":316156068,"category":"academic","addr:housenumber":"565","addr:street":"Commonwealth Avenue","building":"university"},"geometry":{"type":"Polygon","coordinates":[[[-71.098297,42.3495303],[-71.0982718,42.3496469],[-71.0978667,42.349599],[-71.0979172,42.3493655],[-71.0980843,42.3493853],[-71.0980868,42.3493737],[-71.0981821,42.3493849],[-71.0982137,42.3492389],[-71.0983564,42.3492558],[-71.0983307,42.3493748],[-71.098297,42.3495303]]]}},{"type":"Feature","id":316156069,"properties":{"osmId":316156069,"category":"academic","addr:city":"Boston","addr:housenumber":"100","addr:postcode":"02215","addr:state":"MA","addr:street":"Bay State Road","architect":"Bruner/Cott Architects","building":"university","building:levels":"6","building:material":"brick","layer":"1","name":"Yawkey Center for Student Services","operator":"Boston University","roof:colour":"white","smoking":"no","website":"https://www.bu.edu/cpo/project/yawkey-center-for-student-services/","wheelchair":"yes"},"geometry":{"type":"Polygon","coordinates":[[[-71.0982888,42.3500224],[-71.0977634,42.3499854],[-71.0977365,42.3499774],[-71.0977136,42.3499665],[-71.0976873,42.3499522],[-71.0976706,42.3499376],[-71.0976608,42.3499207],[-71.0975022,42.3496283],[-71.0978167,42.3496491],[-71.0978123,42.3496864],[-71.0979877,42.3496993],[-71.0979925,42.349671],[-71.0983091,42.3496897],[-71.0982809,42.3498755],[-71.0983085,42.3498775],[-71.0983055,42.3499058],[-71.0982888,42.3500224]]]}},{"type":"Feature","id":324784378,"properties":{"osmId":324784378,"category":"religious","addr:city":"Boston","addr:housenumber":"67","addr:postcode":"02116","addr:street":"Newbury Street","amenity":"place_of_worship","building":"church","gnis:feature_id":"606995;1971123","name":"Church of the Covenant","phone":"+1 617 266 7480","religion":"christian","website":"https://www.cotcbos.org/","wikidata":"Q5117829"},"geometry":{"type":"Polygon","coordinates":[[[-71.074292,42.3522245],[-71.0741718,42.3522563],[-71.0741505,42.3522124],[-71.0739777,42.3522582],[-71.0737503,42.3523184],[-71.073659,42.3521302],[-71.0737036,42.3521133],[-71.0741794,42.3519924],[-71.074292,42.3522245]]]}},{"type":"Feature","id":337210330,"properties":{"osmId":337210330,"category":"academic","addr:city":"Boston","addr:housenumber":"602","addr:postcode":"02215","addr:state":"MA","addr:street":"Commonwealth Avenue","building":"university","name":"Morse Auditorium","wikidata":"Q6914239"},"geometry":{"type":"Polygon","coordinates":[[[-71.1010885,42.348795],[-71.1010235,42.3490715],[-71.1008912,42.3490545],[-71.1007667,42.3490385],[-71.1008316,42.348762],[-71.1010812,42.348794],[-71.1010885,42.348795]]]}},{"type":"Feature","id":337489367,"properties":{"osmId":337489367,"category":"academic","addr:housenumber":"610","addr:street":"Commonwealth Avenue","building":"university","building:levels":"7","name":"Center for Integrated Life Sciences and Engineering","operator":"Boston University"},"geometry":{"type":"Polygon","coordinates":[[[-71.1019215,42.3489705],[-71.101215,42.3488523],[-71.1011568,42.3491465],[-71.1018412,42.3492245],[-71.1019215,42.3489705]]]}},{"type":"Feature","id":386272839,"properties":{"osmId":386272839,"category":"religious","addr:city":"Boston","addr:postcode":"02119","addr:state":"MA","addr:street":"Dudley Street","building":"church","building:levels":"1"},"geometry":{"type":"Polygon","coordinates":[[[-71.075977,42.3263315],[-71.0758654,42.3264182],[-71.0757248,42.3263018],[-71.0758362,42.3262168],[-71.075977,42.3263315]]]}},{"type":"Feature","id":395855220,"properties":{"osmId":395855220,"category":"academic","building":"school","name":"Building 1"},"geometry":{"type":"Polygon","coordinates":[[[-71.089325,42.3313333],[-71.0893752,42.331269],[-71.089414,42.3312855],[-71.089455,42.331233],[-71.0899101,42.3314272],[-71.0898669,42.3314825],[-71.0899087,42.3315004],[-71.0897804,42.3316646],[-71.0897384,42.3316467],[-71.0896942,42.3317032],[-71.0892395,42.3315092],[-71.0892834,42.3314529],[-71.0892428,42.3314356],[-71.089325,42.3313333]]]}},{"type":"Feature","id":395855221,"properties":{"osmId":395855221,"category":"academic","building":"school","ele":"5","name":"John D. O'Bryant School of Mathematics and Science","wikidata":"Q14715636"},"geometry":{"type":"Polygon","coordinates":[[[-71.0883787,42.3313491],[-71.0883457,42.331335],[-71.0883006,42.3313929],[-71.0882128,42.3313554],[-71.0882581,42.3312974],[-71.0882042,42.3312744],[-71.088165,42.3313246],[-71.0880991,42.3312965],[-71.0880941,42.3313029],[-71.0873969,42.3310054],[-71.0876575,42.3306718],[-71.0879809,42.3308098],[-71.0884504,42.3310101],[-71.0884349,42.33103],[-71.0885213,42.3310669],[-71.0885534,42.3310258],[-71.0886117,42.3310507],[-71.0883787,42.3313491]]]}},{"type":"Feature","id":395855222,"properties":{"osmId":395855222,"category":"academic","building":"school","name":"Building 5"},"geometry":{"type":"Polygon","coordinates":[[[-71.0875885,42.331478],[-71.0877065,42.3313261],[-71.0881048,42.3314951],[-71.0878714,42.3317956],[-71.0874731,42.3316266],[-71.0875885,42.331478]]]}},{"type":"Feature","id":395855223,"properties":{"osmId":395855223,"category":"academic","alt_name":"Building 7","amenity":"school","building":"school","education":"school","ele":"6","name":"Madison Park Technical Vocational High School","wikidata":"Q16894462"},"geometry":{"type":"Polygon","coordinates":[[[-71.0899087,42.3315004],[-71.0899379,42.331463],[-71.0900332,42.3315036],[-71.0900829,42.3314399],[-71.0901777,42.3314803],[-71.0902293,42.3314141],[-71.090713,42.3316204],[-71.0907634,42.3315559],[-71.0913399,42.3318017],[-71.0913899,42.3317376],[-71.0914864,42.3317788],[-71.0915695,42.3316724],[-71.0916399,42.3315822],[-71.0917372,42.3316237],[-71.0921264,42.3317897],[-71.0918765,42.3321099],[-71.0918128,42.3321915],[-71.0916211,42.3321098],[-71.0912673,42.3325632],[-71.0897282,42.3319068],[-71.0896256,42.331863],[-71.0896794,42.3317942],[-71.0898311,42.3317699],[-71.0897874,42.3316675],[-71.0897804,42.3316646],[-71.0899087,42.3315004]]]}},{"type":"Feature","id":397677946,"properties":{"osmId":397677946,"category":"academic","addr:housenumber":"102","addr:street":"Pilgrim Road","building":"school"},"geometry":{"type":"Polygon","coordinates":[[[-71.1070107,42.3406652],[-71.1066038,42.340432],[-71.106624,42.3404128],[-71.1062094,42.3401753],[-71.1061497,42.3402323],[-71.1061129,42.3402112],[-71.1058973,42.3404167],[-71.1067073,42.3408809],[-71.106769,42.3408221],[-71.106813,42.3408473],[-71.1068466,42.3408152],[-71.106899,42.3407652],[-71.1069703,42.3408061],[-71.106925,42.3408492],[-71.1069716,42.3408759],[-71.1070316,42.3408188],[-71.1070976,42.3407558],[-71.107048,42.3407273],[-71.1070154,42.3407584],[-71.1069514,42.3407217],[-71.1070107,42.3406652]]]}},{"type":"Feature","id":405331253,"properties":{"osmId":405331253,"category":"academic","addr:city":"Boston","addr:housenumber":"424","addr:postcode":"02115","addr:state":"MA","addr:street":"Beacon Street","architect":"Julius A. Schweinfurth","building":"college","building:levels":"5","building:material":"stone","heritage:website":"https://backbayhouses.org/424-beacon/","name":"Namias Hall","wikimedia_commons":"File:Namias Hall - New England College of Optometry - Boston, Mass - DSC06084.jpg"},"geometry":{"type":"Polygon","coordinates":[[[-71.0869147,42.3519542],[-71.0868145,42.3519822],[-71.086703,42.3517586],[-71.0867895,42.3517349],[-71.0868028,42.3517313],[-71.0869147,42.3519542]]]}},{"type":"Feature","id":405331304,"properties":{"osmId":405331304,"category":"academic","addr:city":"Boston","addr:housenumber":"420","addr:postcode":"02116","addr:state":"MA","addr:street":"Beacon Street","building":"college","building:levels":"4","roof:levels":"0"},"geometry":{"type":"Polygon","coordinates":[[[-71.086469,42.3518228],[-71.0866035,42.3517859],[-71.0867019,42.351982],[-71.0865651,42.3520195],[-71.086469,42.3518228]]]}},{"type":"Feature","id":405331396,"properties":{"osmId":405331396,"category":"academic","addr:city":"Boston","addr:housenumber":"418","addr:postcode":"02116","addr:state":"MA","addr:street":"Beacon Street","building":"college","building:levels":"5","roof:levels":"0"},"geometry":{"type":"Polygon","coordinates":[[[-71.0863732,42.3518491],[-71.086469,42.3518228],[-71.0865651,42.3520195],[-71.0864717,42.3520451],[-71.0863732,42.3518491]]]}},{"type":"Feature","id":405331449,"properties":{"osmId":405331449,"category":"academic","addr:city":"Boston","addr:housenumber":"426","addr:postcode":"02115","addr:state":"MA","addr:street":"Beacon Street","architect":"Julius A. Schweinfurth","building":"college","building:levels":"5","building:material":"stone","heritage:website":"https://backbayhouses.org/426-beacon/"},"geometry":{"type":"Polygon","coordinates":[[[-71.0868028,42.3517313],[-71.086892,42.3517074],[-71.086953,42.3518313],[-71.0870018,42.3519303],[-71.0869147,42.3519542],[-71.0868028,42.3517313]]]}},{"type":"Feature","id":405331512,"properties":{"osmId":405331512,"category":"academic","addr:city":"Boston","addr:housenumber":"422","addr:postcode":"02115","addr:state":"MA","addr:street":"Beacon Street","building":"college","building:levels":"4","roof:levels":"0"},"geometry":{"type":"Polygon","coordinates":[[[-71.0868145,42.3519822],[-71.0867655,42.3519951],[-71.0867155,42.3520089],[-71.0867019,42.351982],[-71.0866035,42.3517859],[-71.086703,42.3517586],[-71.0868145,42.3519822]]]}},{"type":"Feature","id":405334586,"properties":{"osmId":405334586,"category":"other","addr:city":"Boston","addr:housenumber":"247","addr:postcode":"02116","addr:state":"MA","addr:street":"Marlborough Street","architect":"Theodore M. Clark","building":"yes","building:levels":"5","name":"Cardinal Cushing Hall","operator":"Newman Preparatory School","start_date":"1881-11-04"},"geometry":{"type":"Polygon","coordinates":[[[-71.0819839,42.352122],[-71.0820812,42.3520953],[-71.0821612,42.3522548],[-71.0820613,42.3522825],[-71.0819839,42.352122]]]}},{"type":"Feature","id":405395100,"properties":{"osmId":405395100,"category":"academic","addr:city":"Boston","addr:housenumber":"151","addr:postcode":"02116","addr:state":"MA","addr:street":"Commonwealth Avenue","architect":"Robert Gould Shaw","building":"school","building:levels":"6","building:material":"brick","charge":"49493 USD","email":"info@commschool.org","fax":"+1-617-266-5769","fee":"yes","grades":"9-12","heritage:website":"https://backbayhouses.org/151-commonwealth/","image":"https://backbayhouses.files.wordpress.com/2013/07/comm-151-2013-03-1a.jpg","name":"Commonwealth School","operator":"Commonwealth School","operator:type":"private","phone":"+1-617-266-7525","roof:colour":"grey","school":"high_school","start_date":"1957","website":"https://www.commschool.org/","wheelchair":"yes","wikidata":"Q5153852","wikipedia":"en:Commonwealth School"},"geometry":{"type":"Polygon","coordinates":[[[-71.0780324,42.3522694],[-71.0782421,42.3522114],[-71.078382,42.3524987],[-71.0781741,42.3525506],[-71.0781357,42.3524745],[-71.0780324,42.3522694]]]}},{"type":"Feature","id":405397825,"properties":{"osmId":405397825,"category":"religious","addr:city":"Boston","addr:housenumber":"351","addr:postcode":"02116","addr:state":"MA","addr:street":"Boylston Street","amenity":"place_of_worship","building":"church","email":"web@ascboston.org","name":"Arlington Street Church","religion":"christian","website":"https://www.ascboston.org/","wheelchair":"yes","wikidata":"Q4792403","wikipedia":"en:Arlington Street Church"},"geometry":{"type":"Polygon","coordinates":[[[-71.0715617,42.3520281],[-71.0715988,42.3520957],[-71.0715026,42.3521206],[-71.0714782,42.3520756],[-71.0712347,42.3521406],[-71.0711285,42.3521689],[-71.0710978,42.3521104],[-71.0710598,42.3521202],[-71.071012,42.3521326],[-71.0709929,42.3520938],[-71.0709785,42.3520656],[-71.0709609,42.3520322],[-71.0710454,42.352007],[-71.0710293,42.3519767],[-71.071295,42.3519042],[-71.0713794,42.3518812],[-71.0713848,42.3518918],[-71.0713979,42.3519176],[-71.0714448,42.3519043],[-71.071482,42.3518939],[-71.0714968,42.3518898],[-71.0715617,42.3520281]]]}},{"type":"Feature","id":405397930,"properties":{"osmId":405397930,"category":"residential","access":"private","addr:city":"Boston","addr:housenumber":"146","addr:postcode":"02116","addr:state":"MA","addr:street":"Commonwealth Avenue","architect":"George W. Pope","building":"residential","building:flats":"16","building:levels":"5","building:material":"stone","building:use":"residential","female":"only","heritage:website":"https://backbayhouses.org/146-commonwealth/","historic":"building","image":"https://backbayhouses.files.wordpress.com/2013/07/comm-146-2013-02-1a.jpg","name":"Louisa Holman Fisk House","operator":"Boston University Women’s Guild","operator:type":"university","residential":"student","roof:colour":"black","start_date":"1877","website":"https://www.bu.edu/womensguild/scholarships-awards/fisk-house/","wheelchair":"yes"},"geometry":{"type":"Polygon","coordinates":[[[-71.0774574,42.3515181],[-71.0775522,42.3514921],[-71.0776493,42.3516852],[-71.0775558,42.3517092],[-71.0774574,42.3515181]]]}},{"type":"Feature","id":405398036,"properties":{"osmId":405398036,"category":"academic","addr:city":"Boston","addr:housenumber":"342","addr:postcode":"02115","addr:state":"MA","addr:street":"Newbury Street","building":"college","website":"https://sraretail.com/"},"geometry":{"type":"Polygon","coordinates":[[[-71.0868507,42.348321],[-71.0867663,42.3483437],[-71.0866359,42.3480934],[-71.0867263,42.3480693],[-71.0868507,42.348321]]]}},{"type":"Feature","id":405398103,"properties":{"osmId":405398103,"category":"other","addr:city":"Boston","addr:housenumber":"320","addr:postcode":"02115","addr:state":"MA","addr:street":"Newbury Street","building":"yes","operator":"Boston Architectural College"},"geometry":{"type":"Polygon","coordinates":[[[-71.0859301,42.348564],[-71.0856992,42.3486248],[-71.0855795,42.3483752],[-71.0858051,42.3483126],[-71.0858121,42.3483256],[-71.0859301,42.348564]]]}},{"type":"Feature","id":405398188,"properties":{"osmId":405398188,"category":"academic","addr:city":"Boston","addr:housenumber":"322","addr:postcode":"02115","addr:state":"MA","addr:street":"Newbury Street","building":"university","name":"Boston Architectural College","wikidata":"Q3445063","wikipedia":"en:Boston Architectural College"},"geometry":{"type":"Polygon","coordinates":[[[-71.0858121,42.3483256],[-71.0859143,42.3482964],[-71.0859299,42.3483297],[-71.0860384,42.3485399],[-71.0859321,42.3485687],[-71.0859301,42.348564],[-71.0858121,42.3483256]]]}},{"type":"Feature","id":405398214,"properties":{"osmId":405398214,"category":"religious","addr:city":"Boston","addr:housenumber":"233","addr:postcode":"02116","addr:state":"MA","addr:street":"Clarendon Street","architect":"Henry Hobson Richardson","building":"church","building:levels":"5","building:material":"brick","heritage:website":"https://backbayhouses.org/433-clarendon2/","name":"Trinity Rectory","start_date":"1880","wikidata":"Q7842941","wikipedia":"en:Trinity Rectory"},"geometry":{"type":"Polygon","coordinates":[[[-71.075455,42.3516637],[-71.0755604,42.3516369],[-71.0756606,42.351851],[-71.0756709,42.3518729],[-71.0755698,42.3518987],[-71.075534,42.3518277],[-71.075455,42.3516637]]]}},{"type":"Feature","id":405512608,"properties":{"osmId":405512608,"category":"residential","addr:housenumber":"764;768","addr:street":"Columbus Avenue","building":"dormitory","campusbuilding":"yes"},"geometry":{"type":"Polygon","coordinates":[[[-71.0863251,42.3371265],[-71.0863333,42.3371347],[-71.0861228,42.3372545],[-71.086046,42.3371811],[-71.0862616,42.3370631],[-71.0863251,42.3371265]]]}},{"type":"Feature","id":405512609,"properties":{"osmId":405512609,"category":"residential","addr:housenumber":"35","addr:street":"Cunard Street","building":"dormitory","campusbuilding":"yes"},"geometry":{"type":"Polygon","coordinates":[[[-71.0860997,42.3368271],[-71.0860658,42.3367932],[-71.086138,42.3367536],[-71.0861284,42.336744],[-71.0862243,42.3366915],[-71.086268,42.336735],[-71.0860997,42.3368271]]]}},{"type":"Feature","id":405512610,"properties":{"osmId":405512610,"category":"residential","addr:housenumber":"37","addr:street":"Cunard Street","building":"dormitory","campusbuilding":"yes"},"geometry":{"type":"Polygon","coordinates":[[[-71.0862352,42.3368301],[-71.0862229,42.3368178],[-71.0861373,42.3368646],[-71.0860997,42.3368271],[-71.086268,42.336735],[-71.0863179,42.3367848],[-71.0862352,42.3368301]]]}},{"type":"Feature","id":405512611,"properties":{"osmId":405512611,"category":"residential","addr:housenumber":"39","addr:street":"Cunard Street","building":"dormitory","campusbuilding":"yes"},"geometry":{"type":"Polygon","coordinates":[[[-71.0861951,42.3369227],[-71.0861607,42.3368883],[-71.0862465,42.3368414],[-71.0862352,42.3368301],[-71.0863179,42.3367848],[-71.0863636,42.3368305],[-71.0861951,42.3369227]]]}},{"type":"Feature","id":405512612,"properties":{"osmId":405512612,"category":"residential","addr:housenumber":"31","addr:street":"Cunard Street","building":"dormitory","campusbuilding":"yes"},"geometry":{"type":"Polygon","coordinates":[[[-71.0860094,42.3367471],[-71.0859811,42.3367625],[-71.0859355,42.336717],[-71.0861386,42.3366058],[-71.0861842,42.3366514],[-71.0860094,42.3367471]]]}},{"type":"Feature","id":405512613,"properties":{"osmId":405512613,"category":"residential","addr:housenumber":"776;778","addr:street":"Columbus Avenue","building":"dormitory"},"geometry":{"type":"Polygon","coordinates":[[[-71.0863493,42.3369394],[-71.0863253,42.3369155],[-71.086405,42.3368718],[-71.0865323,42.3369988],[-71.0865415,42.337008],[-71.0864618,42.3370516],[-71.0863493,42.3369394]]]}},{"type":"Feature","id":405512614,"properties":{"osmId":405512614,"category":"residential","addr:housenumber":"33","addr:street":"Cunard Street","building":"dormitory","campusbuilding":"yes"},"geometry":{"type":"Polygon","coordinates":[[[-71.0861284,42.336744],[-71.0861188,42.3367345],[-71.0860401,42.3367776],[-71.0860094,42.3367471],[-71.0861842,42.3366514],[-71.0862243,42.3366915],[-71.0861284,42.336744]]]}},{"type":"Feature","id":405512615,"properties":{"osmId":405512615,"category":"residential","addr:housenumber":"41","addr:street":"Cunard Street","building":"dormitory"},"geometry":{"type":"Polygon","coordinates":[[[-71.0862365,42.3369641],[-71.0861951,42.3369227],[-71.0863636,42.3368305],[-71.086405,42.3368718],[-71.0863253,42.3369155],[-71.0862365,42.3369641]]]}},{"type":"Feature","id":405512616,"properties":{"osmId":405512616,"category":"residential","addr:housenumber":"772","addr:street":"Columbus Avenue","building":"dormitory"},"geometry":{"type":"Polygon","coordinates":[[[-71.0863962,42.3370875],[-71.0863251,42.3371265],[-71.0862616,42.3370631],[-71.0862025,42.3370042],[-71.0862737,42.3369652],[-71.0863477,42.3370391],[-71.0863962,42.3370875]]]}},{"type":"Feature","id":405512918,"properties":{"osmId":405512918,"category":"academic","addr:housenumber":"752","addr:street":"Columbus Avenue","building":"yes"},"geometry":{"type":"Polygon","coordinates":[[[-71.085846,42.3372396],[-71.0859173,42.3372003],[-71.0860339,42.3373161],[-71.0859626,42.3373554],[-71.085846,42.3372396]]]}},{"type":"Feature","id":405513085,"properties":{"osmId":405513085,"category":"academic","addr:housenumber":"750","addr:street":"Columbus Avenue","building":"yes"},"geometry":{"type":"Polygon","coordinates":[[[-71.0857744,42.337279],[-71.085846,42.3372396],[-71.0859626,42.3373554],[-71.0858909,42.3373948],[-71.0857744,42.337279]]]}},{"type":"Feature","id":407833980,"properties":{"osmId":407833980,"category":"academic","addr:housenumber":"65","addr:street":"East Newton Street","building":"university","building:levels":"9","name":"Robinson"},"geometry":{"type":"Polygon","coordinates":[[[-71.0715264,42.3368037],[-71.0718914,42.3370952],[-71.0717395,42.3372015],[-71.0715529,42.3370473],[-71.0713825,42.3369053],[-71.0715264,42.3368037]]]}},{"type":"Feature","id":407834391,"properties":{"osmId":407834391,"category":"religious","addr:housenumber":"1906","addr:street":"Washington Street","amenity":"place_of_worship","building":"yes","denomination":"african_methodist_episcopal_zion","ele":"5","gnis:feature_id":"2342366","name":"Grant African Methodist Episcopal Zion Church","religion":"christian","wikidata":"Q131473097"},"geometry":{"type":"Polygon","coordinates":[[[-71.0793331,42.3344003],[-71.0792091,42.334501],[-71.0789477,42.334325],[-71.0790717,42.3342244],[-71.0793331,42.3344003]]]}},{"type":"Feature","id":407834726,"properties":{"osmId":407834726,"category":"academic","building":"university","building:levels":"5","name":"Robinson"},"geometry":{"type":"Polygon","coordinates":[[[-71.0718914,42.3370952],[-71.0722605,42.3368578],[-71.0724424,42.3370025],[-71.0719578,42.3373808],[-71.0717395,42.3372015],[-71.0718914,42.3370952]]]}},{"type":"Feature","id":407834755,"properties":{"osmId":407834755,"category":"religious","addr:housenumber":"157","addr:street":"West Springfield Street","amenity":"place_of_worship","building":"yes","name":"Ebenezer Baptist Church"},"geometry":{"type":"Polygon","coordinates":[[[-71.0785671,42.3393365],[-71.078402,42.3392027],[-71.0786344,42.339046],[-71.0787995,42.3391798],[-71.0785671,42.3393365]]]}},{"type":"Feature","id":484823084,"properties":{"osmId":484823084,"category":"academic","addr:housenumber":"720","addr:street":"Harrison Avenue","amenity":"parking","building":"yes","parking":"multi-storey"},"geometry":{"type":"Polygon","coordinates":[[[-71.0706895,42.3375988],[-71.0707065,42.3376132],[-71.0710404,42.3378951],[-71.0711529,42.3378223],[-71.0712221,42.337877],[-71.0710449,42.337994],[-71.0710884,42.3380302],[-71.0709238,42.3381444],[-71.070445,42.3377526],[-71.0706895,42.3375988]]]}},{"type":"Feature","id":484823087,"properties":{"osmId":484823087,"category":"residential","addr:housename":"Northampton Square","addr:housenumber":"721;723;725;727;727","addr:street":"Massachusetts Avenue","building":"apartments"},"geometry":{"type":"Polygon","coordinates":[[[-71.0746741,42.3343576],[-71.0749362,42.3345699],[-71.0749897,42.3346077],[-71.0751273,42.3347203],[-71.0755666,42.3344271],[-71.0755149,42.3343848],[-71.0755672,42.3343499],[-71.0755018,42.3342964],[-71.0754585,42.3343253],[-71.0751479,42.3340738],[-71.0752585,42.3339992],[-71.0751346,42.3338988],[-71.0748939,42.3337038],[-71.0749265,42.3336818],[-71.0749612,42.33371],[-71.0750392,42.3336574],[-71.0748973,42.3335424],[-71.074941,42.3335135],[-71.0745127,42.3331719],[-71.0742558,42.3333451],[-71.0741682,42.3332741],[-71.0738146,42.3335126],[-71.0738568,42.3335468],[-71.0737684,42.3336064],[-71.0739249,42.3337332],[-71.0740162,42.3336716],[-71.0740629,42.3337095],[-71.0739727,42.3337703],[-71.074265,42.3340072],[-71.0746741,42.3343576]]]}},{"type":"Feature","id":484823090,"properties":{"osmId":484823090,"category":"academic","addr:housenumber":"715","addr:street":"Albany Street","building":"university","name":"B.U. School of Public Health","wikidata":"Q131984044"},"geometry":{"type":"Polygon","coordinates":[[[-71.071175,42.3355134],[-71.0712294,42.335559],[-71.0712501,42.3355455],[-71.0714385,42.3357031],[-71.071485,42.3356727],[-71.0714335,42.3356296],[-71.0716498,42.3354883],[-71.0713407,42.3352297],[-71.0714733,42.335143],[-71.0718318,42.335443],[-71.071789,42.335471],[-71.0718247,42.3355009],[-71.0717159,42.335572],[-71.0717697,42.335617],[-71.0715467,42.3357627],[-71.0714914,42.3357165],[-71.0713467,42.335811],[-71.0710717,42.3355809],[-71.071175,42.3355134]]]}},{"type":"Feature","id":484823091,"properties":{"osmId":484823091,"category":"academic","addr:housenumber":"771","addr:street":"Albany Street","building":"university","name":"Dowling Building"},"geometry":{"type":"Polygon","coordinates":[[[-71.0734449,42.3342542],[-71.0736442,42.3344139],[-71.0739093,42.3342471],[-71.0739026,42.3342077],[-71.0739318,42.3341882],[-71.0735127,42.3338697],[-71.0734911,42.3338281],[-71.0734227,42.3337784],[-71.0731213,42.3339902],[-71.0731459,42.3340119],[-71.0732668,42.3341101],[-71.0733827,42.3342042],[-71.0734449,42.3342542]]]}},{"type":"Feature","id":484823092,"properties":{"osmId":484823092,"category":"academic","addr:housenumber":"850","addr:street":"Harrison Avenue","building":"university","layer":"1","name":"Yawkey"},"geometry":{"type":"Polygon","coordinates":[[[-71.0736442,42.3344139],[-71.0739093,42.3342471],[-71.0739659,42.3342068],[-71.0740448,42.3341557],[-71.0741283,42.3341045],[-71.0741815,42.3340649],[-71.0742025,42.3340493],[-71.074265,42.3340072],[-71.0746741,42.3343576],[-71.0746186,42.3343951],[-71.0745983,42.3344082],[-71.0745433,42.3344436],[-71.0744716,42.3344942],[-71.0743878,42.3345513],[-71.0743392,42.3345835],[-71.0744138,42.3346439],[-71.0743013,42.3347198],[-71.07429,42.3347106],[-71.0741153,42.3348285],[-71.0741001,42.3348162],[-71.0740472,42.3348519],[-71.0739948,42.3348094],[-71.0739814,42.3348184],[-71.0739199,42.3347695],[-71.0738563,42.334717],[-71.0735931,42.334487],[-71.0735673,42.3344663],[-71.0736442,42.3344139]]]}},{"type":"Feature","id":484823096,"properties":{"osmId":484823096,"category":"academic","addr:housenumber":"720","addr:street":"Harrison Avenue","building":"university","building:levels":"9","layer":"1","name":"Doctors Office Building"},"geometry":{"type":"Polygon","coordinates":[[[-71.0706352,42.3375529],[-71.0708236,42.3374309],[-71.0712289,42.3377731],[-71.0711529,42.3378223],[-71.0710404,42.3378951],[-71.0707065,42.3376132],[-71.0706895,42.3375988],[-71.0706352,42.3375529]]]}},{"type":"Feature","id":484823097,"properties":{"osmId":484823097,"category":"academic","addr:housenumber":"840","addr:street":"Harrison Avenue","building":"university","name":"Menino Pavilion"},"geometry":{"type":"Polygon","coordinates":[[[-71.0738563,42.334717],[-71.0735995,42.3348841],[-71.0733302,42.3350719],[-71.0733788,42.3351113],[-71.0732897,42.3351714],[-71.0732467,42.3351355],[-71.0731449,42.3350543],[-71.0728993,42.3348583],[-71.0727059,42.3346984],[-71.0725852,42.3346006],[-71.0724599,42.334506],[-71.0725166,42.3344684],[-71.0728475,42.3342493],[-71.0728188,42.3342294],[-71.0731459,42.3340119],[-71.0732668,42.3341101],[-71.0732042,42.3341525],[-71.0733144,42.3342486],[-71.0733827,42.3342042],[-71.0734449,42.3342542],[-71.0732685,42.3343744],[-71.0734936,42.3345549],[-71.0735931,42.334487],[-71.0738563,42.334717]]]}},{"type":"Feature","id":484824019,"properties":{"osmId":484824019,"category":"academic","addr:housenumber":"830","addr:street":"Harrison Avenue","building":"university","name":"Moakley Building"},"geometry":{"type":"Polygon","coordinates":[[[-71.0724365,42.3356904],[-71.0732467,42.3351355],[-71.0731449,42.3350543],[-71.0728993,42.3348583],[-71.0720891,42.3354133],[-71.0724365,42.3356904]]]}},{"type":"Feature","id":484824710,"properties":{"osmId":484824710,"category":"academic","addr:housenumber":"801","addr:street":"Massachusetts Avenue","building":"yes","building:levels":"7","name":"Crosstown Center"},"geometry":{"type":"Polygon","coordinates":[[[-71.0733866,42.3329616],[-71.0736811,42.3327657],[-71.0736872,42.3327707],[-71.073852,42.3326611],[-71.0739449,42.3327375],[-71.0739307,42.3327469],[-71.0740184,42.332819],[-71.074047,42.3327999],[-71.0741507,42.3328851],[-71.0735604,42.3332775],[-71.073494,42.3332229],[-71.073385,42.3332954],[-71.0731444,42.3330977],[-71.0731612,42.3330865],[-71.0729843,42.3329412],[-71.0732103,42.332791],[-71.0733698,42.3329222],[-71.0733526,42.3329336],[-71.0733866,42.3329616]]]}},{"type":"Feature","id":484824711,"properties":{"osmId":484824711,"category":"academic","addr:housenumber":"780","addr:street":"Albany Street","building":"yes","building:levels":"4","name":"Cary W. Akins Pavilion"},"geometry":{"type":"Polygon","coordinates":[[[-71.0725456,42.3338232],[-71.0724424,42.3337408],[-71.0724021,42.3337088],[-71.0729037,42.3333627],[-71.0731802,42.3335817],[-71.0726781,42.3339281],[-71.0725456,42.3338232]]]}},{"type":"Feature","id":484824713,"properties":{"osmId":484824713,"category":"academic","building":"university","building:levels":"5","name":"Finland Laboratory"},"geometry":{"type":"Polygon","coordinates":[[[-71.0725456,42.3338232],[-71.0724216,42.3339081],[-71.072543,42.3340058],[-71.0723899,42.3341105],[-71.072086,42.3338661],[-71.0722588,42.3337479],[-71.0723385,42.333812],[-71.0724424,42.3337408],[-71.0725456,42.3338232]]]}},{"type":"Feature","id":485213644,"properties":{"osmId":485213644,"category":"academic","addr:city":"Boston","addr:housenumber":"132","addr:postcode":"02215","addr:state":"MA","addr:street":"Ipswich Street","building":"college","building:levels":"3","name":"The Boston Conservatory at Berklee","operator":"The Boston Conservatory","wikidata":"Q248970","wikipedia":"en:Berklee College of Music"},"geometry":{"type":"Polygon","coordinates":[[[-71.093991,42.3473324],[-71.0939369,42.3473786],[-71.0939097,42.3474006],[-71.0938733,42.3474189],[-71.0938228,42.3474332],[-71.0937774,42.3474399],[-71.0937294,42.347439],[-71.0936865,42.347439],[-71.0936295,42.347439],[-71.0935672,42.3474399],[-71.0935659,42.34723],[-71.0936191,42.34723],[-71.0936697,42.347229],[-71.0936982,42.3472079],[-71.0937281,42.3471753],[-71.0938596,42.3472539],[-71.093991,42.3473324]]]}},{"type":"Feature","id":485216231,"properties":{"osmId":485216231,"category":"residential","addr:city":"Boston","addr:housenumber":"291","addr:postcode":"02115","addr:state":"MA","addr:street":"Saint Botolph Street","building":"dormitory","building:levels":"17","height":"60","name":"East Village Residence Hall"},"geometry":{"type":"Polygon","coordinates":[[[-71.0869822,42.3405137],[-71.0869901,42.3405261],[-71.0869852,42.340528],[-71.0869896,42.3405347],[-71.0869949,42.3405331],[-71.0872868,42.3404222],[-71.0873209,42.3404098],[-71.0872632,42.3403358],[-71.0872601,42.3403318],[-71.0872497,42.3403358],[-71.0872523,42.3403394],[-71.0872331,42.340347],[-71.0871794,42.340275],[-71.086981,42.3403541],[-71.0869649,42.3403328],[-71.0869705,42.34033],[-71.0869638,42.340322],[-71.0869581,42.3403246],[-71.0864525,42.340534],[-71.086502,42.3405959],[-71.086505,42.3405999],[-71.0865138,42.3405954],[-71.0865116,42.340592],[-71.0865371,42.3405823],[-71.0865898,42.3406578],[-71.0869822,42.3405137]]]}},{"type":"Feature","id":485218003,"properties":{"osmId":485218003,"category":"medical","addr:state":"MA","building":"hospital","building:levels":"15","building:part":"yes","ele":"12","gnis:feature_id":"1971815","name":"Thorn Building","official_name":"George W. g","source":"USGS Geonames","year_of_construction":"1983"},"geometry":{"type":"Polygon","coordinates":[[[-71.1054866,42.3352135],[-71.1056778,42.3352823],[-71.1055591,42.3354624],[-71.1053852,42.335726],[-71.105374,42.335743],[-71.1053228,42.3357246],[-71.1051829,42.3356742],[-71.1052018,42.3356456],[-71.105298,42.3354997],[-71.1053493,42.3354218],[-71.1054866,42.3352135]]]}},{"type":"Feature","id":485223499,"properties":{"osmId":485223499,"category":"academic","addr:city":"Boston","addr:housenumber":"767","addr:postcode":"02215","addr:state":"MA","addr:street":"Commonwealth Avenue","building":"university","building:levels":"17","layer":"1","name":"Education School Tower"},"geometry":{"type":"Polygon","coordinates":[[[-71.1073282,42.3509307],[-71.1072881,42.3509262],[-71.1072927,42.3508988],[-71.1071394,42.3508826],[-71.1071355,42.3509028],[-71.1071179,42.350901],[-71.1070317,42.3508915],[-71.1070122,42.350977],[-71.107077,42.3509858],[-71.1070159,42.3512436],[-71.1070566,42.3512491],[-71.1070526,42.3512682],[-71.1072086,42.3512882],[-71.107215,42.3512685],[-71.1072548,42.351273],[-71.1072723,42.3511979],[-71.1073282,42.3509307]]]}},{"type":"Feature","id":485223500,"properties":{"osmId":485223500,"category":"academic","addr:city":"Boston","addr:housenumber":"765","addr:postcode":"02215","addr:state":"MA","addr:street":"Commonwealth Avenue","building":"university","building:levels":"5","building:material":"stone","name":"Sumner M. Redstone Building","operator":"Boston University","roof:colour":"grey","website":"https://www.bu.edu/law/about/law-school-complex/","wheelchair":"yes"},"geometry":{"type":"Polygon","coordinates":[[[-71.107322,42.3506917],[-71.1077221,42.3507425],[-71.1076859,42.3509039],[-71.107708,42.3509068],[-71.1077275,42.3509094],[-71.107748,42.3509135],[-71.1076558,42.351322],[-71.1076427,42.3513205],[-71.1073809,42.3512914],[-71.1073607,42.3512892],[-71.1073776,42.3512117],[-71.1072723,42.3511979],[-71.1073282,42.3509307],[-71.1072881,42.3509262],[-71.1072927,42.3508988],[-71.1071394,42.3508826],[-71.1071355,42.3509028],[-71.1071179,42.350901],[-71.1071521,42.3507344],[-71.1071985,42.3507398],[-71.1071945,42.3507551],[-71.1073047,42.3507675],[-71.1073088,42.3507495],[-71.107322,42.3506917]]]}},{"type":"Feature","id":485224069,"properties":{"osmId":485224069,"category":"medical","addr:city":"Boston","addr:housenumber":"1340","addr:postcode":"02115","addr:state":"MA","addr:street":"Boylston Street","amenity":"clinic","building":"yes","building:levels":"11","description":"This clinic provides hormone replacement therapy as gender transition-related services to transgender clients.","fax":"+1-617-425-5730","healthcare":"clinic","healthcare:speciality":"transHRT","name":"Fenway Community Health Center (Ansin Building)","phone":"+1-617-927-6000","website":"https://fenwayhealth.org/info/locations/ansin-building/","wikidata":"Q5443659","wikipedia":"en:Fenway Health"},"geometry":{"type":"Polygon","coordinates":[[[-71.0989865,42.343785],[-71.0990334,42.3438834],[-71.0991145,42.3440534],[-71.0988094,42.3441372],[-71.098728,42.3439701],[-71.0986767,42.3438647],[-71.0989865,42.343785]]]}},{"type":"Feature","id":536658243,"properties":{"osmId":536658243,"category":"other","building":"shed","name":"Bicycle Pavilion","operator":"Berklee College of Music"},"geometry":{"type":"Polygon","coordinates":[[[-71.0872085,42.3471693],[-71.0870334,42.347217],[-71.0870053,42.3471607],[-71.0871804,42.347113],[-71.0872085,42.3471693]]]}},{"type":"Feature","id":536658245,"properties":{"osmId":536658245,"category":"academic","addr:housenumber":"160","addr:postcode":"02215","addr:street":"Massachusetts Avenue","building":"college","building:levels":"16"},"geometry":{"type":"Polygon","coordinates":[[[-71.087098,42.3463759],[-71.0866986,42.346316],[-71.0867388,42.3461794],[-71.086637,42.3461001],[-71.08667,42.3459676],[-71.08672,42.345965],[-71.0867757,42.3459822],[-71.0868344,42.3459795],[-71.0868742,42.3459944],[-71.0869099,42.3459986],[-71.0869235,42.3460225],[-71.0869569,42.3460586],[-71.0869629,42.3460954],[-71.0869947,42.3461571],[-71.087098,42.3463759]]]}},{"type":"Feature","id":556390990,"properties":{"osmId":556390990,"category":"religious","amenity":"place_of_worship","building":"yes","denomination":"salvation_army","name":"Salvation Amry","religion":"christian"},"geometry":{"type":"Polygon","coordinates":[[[-71.0718713,42.3396228],[-71.0717365,42.3395074],[-71.0714743,42.3396877],[-71.0716061,42.3397944],[-71.0718713,42.3396228]]]}},{"type":"Feature","id":604056696,"properties":{"osmId":604056696,"category":"academic","addr:city":"Boston","addr:housenumber":"805","addr:postcode":"02118","addr:state":"MA","addr:street":"Columbus Avenue","building":"university","building:levels":"6","building:material":"glass","name":"Interdisciplinary Science & Engineering Complex","wikidata":"Q42627217"},"geometry":{"type":"Polygon","coordinates":[[[-71.0871137,42.3380094],[-71.0870744,42.338053],[-71.0868687,42.3379554],[-71.086904,42.3379193],[-71.0867571,42.3378374],[-71.0865872,42.3377238],[-71.0863597,42.3375287],[-71.0865662,42.3373987],[-71.0867236,42.3375295],[-71.0867437,42.3375208],[-71.0867667,42.3375099],[-71.086743,42.3374865],[-71.0867434,42.3374733],[-71.0867462,42.3374628],[-71.08676,42.337451],[-71.0867806,42.3374406],[-71.0868525,42.3374185],[-71.0869117,42.3374176],[-71.0869736,42.3374217],[-71.0870329,42.3374363],[-71.0870854,42.3374549],[-71.0871336,42.3374777],[-71.0871868,42.3375107],[-71.087228,42.3375466],[-71.0872191,42.3375571],[-71.0872402,42.3375747],[-71.0872593,42.3375895],[-71.0873139,42.3376413],[-71.0873478,42.3376777],[-71.0873819,42.3377143],[-71.0874058,42.3377409],[-71.087419,42.3377605],[-71.0874211,42.3377771],[-71.0874172,42.3377919],[-71.0874085,42.3378052],[-71.0873912,42.337816],[-71.0873685,42.3378238],[-71.0873434,42.3378284],[-71.0873185,42.3378287],[-71.0872929,42.3378254],[-71.0872686,42.3378187],[-71.0872394,42.3378078],[-71.0872291,42.3378191],[-71.0872115,42.3378394],[-71.0872302,42.3378478],[-71.0872502,42.3378613],[-71.0871137,42.3380094]]]}},{"type":"Feature","id":665636671,"properties":{"osmId":665636671,"category":"residential","addr:housenumber":"742;744","addr:street":"Columbus Avenue","building":"dormitory","building:levels":"21","name":"Lightview"},"geometry":{"type":"Polygon","coordinates":[[[-71.0853493,42.3370178],[-71.0853146,42.3369819],[-71.0852781,42.3370012],[-71.0852341,42.3369557],[-71.0850966,42.3370283],[-71.0854977,42.3374312],[-71.0856135,42.3375483],[-71.0856295,42.3375565],[-71.0856435,42.3375567],[-71.0857766,42.3374701],[-71.0856546,42.3373409],[-71.0856827,42.3373242],[-71.0856249,42.3372543],[-71.0854899,42.3371632],[-71.0855508,42.337094],[-71.0856073,42.3371467],[-71.0857107,42.3370988],[-71.0857663,42.3370553],[-71.0855599,42.3368336],[-71.0854446,42.336899],[-71.085481,42.336946],[-71.0854383,42.3369716],[-71.0853493,42.3370178]]]}},{"type":"Feature","id":675464970,"properties":{"osmId":675464970,"category":"academic","amenity":"parking","building":"yes","building:levels":"6","name":"Crosstown Center Garage","parking":"multi-storey"},"geometry":{"type":"Polygon","coordinates":[[[-71.0749625,42.3319307],[-71.0745506,42.3315914],[-71.0743328,42.3317359],[-71.0742959,42.3317055],[-71.0735081,42.3322282],[-71.0738095,42.3324765],[-71.073838,42.3324576],[-71.0739854,42.332579],[-71.0749625,42.3319307]]]}},{"type":"Feature","id":694291733,"properties":{"osmId":694291733,"category":"academic","building":"yes","building:levels":"1"},"geometry":{"type":"Polygon","coordinates":[[[-71.0885038,42.3396937],[-71.0884725,42.3396433],[-71.0884431,42.3395959],[-71.0887937,42.3394559],[-71.0888517,42.3395469],[-71.0885038,42.3396937]]]}},{"type":"Feature","id":697017063,"properties":{"osmId":697017063,"category":"academic","addr:city":"Boston","addr:housenumber":"147","addr:postcode":"02215","addr:state":"MA","addr:street":"Bay State Road","building":"university","building:levels":"4","building:material":"brick","building:use":"education","contact:facebook":"https://www.facebook.com/EWCJS/","contact:instagram":"https://www.instagram.com/EWCJS/","email":"ewcjs@bu.edu","fax":"+1-617-353-7710","name":"Elie Wiesel Center for Jewish Studies","operator":"Boston University","phone":"+1-617-353-8096","roof:colour":"black","start_date":"2002","website":"https://www.bu.edu/jewishstudies/","wheelchair":"yes"},"geometry":{"type":"Polygon","coordinates":[[[-71.100013,42.3504191],[-71.1002078,42.350433],[-71.1001792,42.3506261],[-71.0999844,42.3506107],[-71.100013,42.3504191]]]}},{"type":"Feature","id":697017102,"properties":{"osmId":697017102,"category":"academic","addr:city":"Boston","addr:housenumber":"44","addr:postcode":"02215","addr:state":"MA","addr:street":"Cummington Mall","building":"university","building:levels":"12","source":"esri/Boston_MA_Addresses"},"geometry":{"type":"Polygon","coordinates":[[[-71.1031447,42.3486752],[-71.1024973,42.3485675],[-71.1025558,42.3483754],[-71.1029648,42.3484435],[-71.1029556,42.3484735],[-71.103194,42.3485132],[-71.1031447,42.3486752]]]}},{"type":"Feature","id":697017103,"properties":{"osmId":697017103,"category":"academic","addr:housenumber":"30;36;38","addr:street":"Cummington Mall","building":"university","building:levels":"12"},"geometry":{"type":"Polygon","coordinates":[[[-71.1024973,42.3485675],[-71.1020598,42.3484974],[-71.1021232,42.3482945],[-71.1025558,42.3483754],[-71.1024973,42.3485675]]]}},{"type":"Feature","id":697017104,"properties":{"osmId":697017104,"category":"academic","addr:city":"Boston","addr:housename":"Life Science and Enginnering Building","addr:housenumber":"24","addr:postcode":"02215","addr:state":"MA","addr:street":"Cummington Mall","building":"university","building:levels":"12","department":"yes","name":"Life Science and Engineering Building","operator":"Boston University","year_of_construction":"2005"},"geometry":{"type":"Polygon","coordinates":[[[-71.1020598,42.3484974],[-71.1013542,42.3483771],[-71.1014207,42.348167],[-71.1021232,42.3482945],[-71.1020598,42.3484974]]]}},{"type":"Feature","id":722507020,"properties":{"osmId":722507020,"category":"religious","addr:city":"Boston","addr:housenumber":"20","addr:postcode":"02118","addr:state":"MA","addr:street":"Reed Street","amenity":"place_of_worship","building":"yes","name":"Congregación León de Judá","religion":"christian"},"geometry":{"type":"Polygon","coordinates":[[[-71.0769439,42.3343963],[-71.0768188,42.3344781],[-71.0766833,42.3345532],[-71.076536,42.3344301],[-71.0764508,42.3343589],[-71.0767022,42.3341944],[-71.0769439,42.3343963]]]}},{"type":"Feature","id":813012053,"properties":{"osmId":813012053,"category":"medical","addr:housenumber":"7;9;11;13;15;17","addr:street":"Melnea Cass Boulevard","building":"hospital"},"geometry":{"type":"Polygon","coordinates":[[[-71.0733843,42.3321244],[-71.0737889,42.3318937],[-71.0740169,42.331788],[-71.0741711,42.3317368],[-71.0742959,42.3317055],[-71.0735081,42.3322282],[-71.0733843,42.3321244]]]}},{"type":"Feature","id":813954223,"properties":{"osmId":813954223,"category":"academic","amenity":"school","building":"school","building:levels":"3","education":"school","name":"Blackstone Innovation School"},"geometry":{"type":"Polygon","coordinates":[[[-71.0728115,42.3403273],[-71.0728474,42.340363],[-71.0727512,42.3404275],[-71.0729013,42.3405507],[-71.0721931,42.341008],[-71.0721099,42.340937],[-71.0720414,42.3409812],[-71.072033,42.3411793],[-71.0719147,42.3410786],[-71.071923,42.3408804],[-71.0718616,42.340828],[-71.0717694,42.3408875],[-71.0713699,42.340547],[-71.0716513,42.3403655],[-71.0717202,42.3404242],[-71.0716961,42.3404396],[-71.0717549,42.3404897],[-71.0718232,42.3404458],[-71.0719722,42.3405727],[-71.0719039,42.3406168],[-71.071967,42.3406705],[-71.0719909,42.3406551],[-71.0720234,42.3406829],[-71.0719672,42.3407192],[-71.0720695,42.3408064],[-71.0728115,42.3403273]]]}},{"type":"Feature","id":814009096,"properties":{"osmId":814009096,"category":"other","addr:city":"Boston","addr:housenumber":"1088;1094;1090","addr:postcode":"02215","addr:state":"MA","addr:street":"Boylston Street","building":"yes","name":"Berklee Books + Music","operator":"Berklee College of Music","shop":"books","website":"https://berklee.bncollege.com/shop/berklee/home","wikidata":"Q248970","wikipedia":"en:Berklee College of Music"},"geometry":{"type":"Polygon","coordinates":[[[-71.0884032,42.3469434],[-71.088258,42.3469823],[-71.0881556,42.3467709],[-71.0883005,42.3467331],[-71.0884032,42.3469434]]]}},{"type":"Feature","id":814025721,"properties":{"osmId":814025721,"category":"residential","building":"dormitory","building:levels":"29","name":"39 Dalton Street"},"geometry":{"type":"Polygon","coordinates":[[[-71.0837798,42.3461742],[-71.0837383,42.3460903],[-71.0837129,42.3460389],[-71.0831737,42.3461845],[-71.0831978,42.3462361],[-71.0831578,42.3462471],[-71.0831825,42.346296],[-71.0832225,42.346285],[-71.0832405,42.3463198],[-71.0837798,42.3461742]]]}},{"type":"Feature","id":815133926,"properties":{"osmId":815133926,"category":"medical","addr:city":"Boston","addr:housenumber":"133","addr:postcode":"02215","addr:state":"MA","addr:street":"Brookline Avenue","amenity":"clinic","building":"office","building:levels":"7","healthcare":"clinic","name":"Atrius Health","office":"medical"},"geometry":{"type":"Polygon","coordinates":[[[-71.1005153,42.3454976],[-71.1005102,42.3454741],[-71.1007385,42.3452606],[-71.100762,42.3452594],[-71.1008809,42.3453286],[-71.1009051,42.3453059],[-71.1009281,42.3452844],[-71.1009109,42.3452744],[-71.1010312,42.3451614],[-71.1010963,42.3451993],[-71.1012013,42.3451007],[-71.1016674,42.3453719],[-71.1015896,42.345445],[-71.1014416,42.345584],[-71.1013629,42.3455383],[-71.1013231,42.3455758],[-71.1016175,42.3457469],[-71.1020052,42.3459723],[-71.1020121,42.3459763],[-71.1020632,42.346006],[-71.1020936,42.3460236],[-71.102129,42.3460442],[-71.1020491,42.3461193],[-71.1019487,42.3462137],[-71.1018718,42.346286],[-71.1005153,42.3454976]]]}},{"type":"Feature","id":816350204,"properties":{"osmId":816350204,"category":"other","addr:city":"Boston","addr:housenumber":"955","addr:postcode":"02115","addr:state":"MA","addr:street":"Boylston Street","building":"yes","operator":"Boston Architectural College"},"geometry":{"type":"Polygon","coordinates":[[[-71.0858016,42.3479384],[-71.0859173,42.3481742],[-71.0857624,42.3482178],[-71.0856732,42.3480364],[-71.0856446,42.3479787],[-71.0858016,42.3479384]]]}},{"type":"Feature","id":818553218,"properties":{"osmId":818553218,"category":"academic","addr:city":"Boston","addr:housenumber":"241","addr:street":"Saint Botolph Street","building":"college","building:levels":"11","name":"St. Botolph Building","operator":"New England Conservatory of Music"},"geometry":{"type":"Polygon","coordinates":[[[-71.0857638,42.3413204],[-71.0852588,42.3417174],[-71.0850335,42.3415665],[-71.0850104,42.3415501],[-71.0852719,42.3413749],[-71.0855133,42.3411565],[-71.0857638,42.3413204]]]}},{"type":"Feature","id":819635281,"properties":{"osmId":819635281,"category":"academic","addr:housenumber":"400R","addr:state":"MA","addr:street":"Fenway","building":"college","ele":"5","gnis:feature_id":"1971494","name":"Marian Building","source":"USGS Geonames"},"geometry":{"type":"Polygon","coordinates":[[[-71.1030654,42.3403987],[-71.1033603,42.3401326],[-71.1036174,42.3402731],[-71.1036799,42.3402087],[-71.1037985,42.3402781],[-71.1037358,42.3403442],[-71.1037716,42.340364],[-71.1038431,42.3403309],[-71.1043148,42.3407043],[-71.1039146,42.3409289],[-71.1038097,42.3408228],[-71.1037358,42.340858],[-71.1037985,42.340919],[-71.1036912,42.3409735],[-71.1031972,42.3405044],[-71.1032218,42.3404845],[-71.1030654,42.3403987]]]}},{"type":"Feature","id":819635287,"properties":{"osmId":819635287,"category":"academic","addr:city":"Boston","addr:housenumber":"400A","addr:postcode":"02115","addr:state":"MA","addr:street":"Fenway","building":"college","name":"Wilkins Science Center"},"geometry":{"type":"Polygon","coordinates":[[[-71.1029403,42.3405375],[-71.1028443,42.340435],[-71.1027816,42.3404681],[-71.102728,42.3404119],[-71.1024912,42.3405209],[-71.102395,42.3405903],[-71.102469,42.3406613],[-71.1024866,42.3406795],[-71.102595,42.3406217],[-71.1026661,42.3406853],[-71.1029403,42.3405375]]]}},{"type":"Feature","id":821627620,"properties":{"osmId":821627620,"category":"academic","addr:city":"Roxbury","addr:housenumber":"36","addr:postcode":"02119","addr:state":"MA","addr:street":"Winthrop Street","building":"school"},"geometry":{"type":"Polygon","coordinates":[[[-71.0812877,42.3267286],[-71.081255,42.3267277],[-71.0812442,42.3267171],[-71.0811758,42.3267141],[-71.0811762,42.3267238],[-71.0811447,42.3267233],[-71.0811349,42.3267121],[-71.0810635,42.3267092],[-71.081024,42.326704],[-71.0806424,42.326756],[-71.0805988,42.326583],[-71.0806277,42.326579],[-71.0806163,42.3265324],[-71.0805588,42.3265401],[-71.080522,42.3263772],[-71.0805729,42.3263707],[-71.0805575,42.3263082],[-71.0805242,42.3263142],[-71.0804982,42.3262756],[-71.0804867,42.3262819],[-71.0804728,42.3262632],[-71.0804875,42.3262273],[-71.0804364,42.3261594],[-71.0805692,42.326108],[-71.0806074,42.3261544],[-71.0806677,42.3262346],[-71.0807621,42.326249],[-71.0807939,42.3261712],[-71.081008,42.3262177],[-71.0809867,42.3262723],[-71.0810476,42.3262825],[-71.0810534,42.3262486],[-71.0812734,42.3262582],[-71.081269,42.3262971],[-71.0813212,42.3263002],[-71.0813135,42.326405],[-71.0813483,42.3264064],[-71.0813302,42.3266907],[-71.0812901,42.3266906],[-71.0812877,42.3267286]]]}},{"type":"Feature","id":822625894,"properties":{"osmId":822625894,"category":"academic","access":"private","addr:city":"Boston","addr:housenumber":"233","addr:postcode":"02215","addr:state":"MA","addr:street":"Bay State Road","building":"university","building:levels":"3","building:material":"stone","name":"Alan & Sherry Leventhal Center","operator":"Boston University","roof:colour":"grey","start_date":"2014","website":"https://www.bu.edu/cpo/project/alan-and-sherry-leventhal-center/"},"geometry":{"type":"Polygon","coordinates":[[[-71.103776,42.3510163],[-71.1037943,42.3507841],[-71.1040956,42.3509376],[-71.1040985,42.3509408],[-71.1041009,42.3509443],[-71.1041027,42.3509479],[-71.1041039,42.3509517],[-71.1041045,42.3509556],[-71.1041045,42.3509596],[-71.1041037,42.3509633],[-71.1041024,42.3509671],[-71.1041004,42.3509708],[-71.1040978,42.3509742],[-71.1040948,42.3509774],[-71.1040912,42.3509802],[-71.1040872,42.3509827],[-71.1040828,42.3509849],[-71.1040771,42.3509868],[-71.1038732,42.3509723],[-71.1038688,42.3510238],[-71.103776,42.3510163]]]}},{"type":"Feature","id":822626746,"properties":{"osmId":822626746,"category":"academic","addr:housenumber":"270","addr:street":"Bay State Road","building":"university","name":"School of Social Work"},"geometry":{"type":"Polygon","coordinates":[[[-71.1053996,42.3505627],[-71.1056022,42.35058],[-71.1055894,42.3506669],[-71.1055613,42.3506646],[-71.1055521,42.3507271],[-71.1055809,42.3507294],[-71.1055735,42.3507793],[-71.1055441,42.3507769],[-71.105533,42.3508521],[-71.1055693,42.3508551],[-71.1055551,42.3509515],[-71.1053853,42.3509378],[-71.1054251,42.3506684],[-71.105386,42.3506653],[-71.1053996,42.3505627]]]}},{"type":"Feature","id":822626748,"properties":{"osmId":822626748,"category":"academic","addr:city":"Boston","addr:housenumber":"236","addr:street":"Bay State Road","building":"university"},"geometry":{"type":"Polygon","coordinates":[[[-71.1041017,42.350401],[-71.1042724,42.3504221],[-71.1042503,42.3505208],[-71.1042144,42.3505165],[-71.1041916,42.3506179],[-71.1042366,42.3506235],[-71.1042112,42.3507363],[-71.1041899,42.3507286],[-71.1041789,42.3507339],[-71.1041552,42.350722],[-71.1041555,42.3507086],[-71.1040871,42.3506704],[-71.104072,42.3506757],[-71.1040499,42.3506628],[-71.1040508,42.3506473],[-71.1040699,42.350546],[-71.1040854,42.3505479],[-71.1040978,42.3504924],[-71.1040802,42.3504902],[-71.1041017,42.350401]]]}},{"type":"Feature","id":831329527,"properties":{"osmId":831329527,"category":"religious","amenity":"place_of_worship","building":"yes","name":"Church of Saint Augustine & Saint Martin","religion":"christian"},"geometry":{"type":"Polygon","coordinates":[[[-71.0792286,42.3358043],[-71.0791148,42.3357299],[-71.0792707,42.3355996],[-71.0792436,42.3355819],[-71.0793342,42.3355061],[-71.0794751,42.3355982],[-71.0793862,42.3356726],[-71.0793136,42.3357333],[-71.0792286,42.3358043]]]}},{"type":"Feature","id":832374946,"properties":{"osmId":832374946,"category":"academic","building":"yes","building:levels":"2"},"geometry":{"type":"Polygon","coordinates":[[[-71.0731622,42.3370344],[-71.0731128,42.3370656],[-71.073156,42.337103],[-71.0731055,42.3371349],[-71.0730584,42.3370942],[-71.0730384,42.3371068],[-71.0728944,42.3369824],[-71.0730474,42.3368856],[-71.0731111,42.3369406],[-71.0730779,42.3369616],[-71.0731622,42.3370344]]]}},{"type":"Feature","id":832665656,"properties":{"osmId":832665656,"category":"academic","addr:housenumber":"725","addr:street":"Albany Street","building":"university","building:levels":"9","name":"Shapiro Center"},"geometry":{"type":"Polygon","coordinates":[[[-71.0718315,42.3351247],[-71.0716603,42.3349994],[-71.0717827,42.3349074],[-71.0718008,42.3349227],[-71.0722125,42.3346182],[-71.0724214,42.3344733],[-71.0724599,42.334506],[-71.0725852,42.3346006],[-71.0725231,42.3346492],[-71.0726033,42.3347225],[-71.0724491,42.3348167],[-71.0722893,42.3349171],[-71.072015,42.3351026],[-71.0719593,42.3350497],[-71.0718315,42.3351247]]]}},{"type":"Feature","id":832665661,"properties":{"osmId":832665661,"category":"academic","building":"bridge","building:levels":"3","building:material":"metal","building:min_level":"2","layer":"1","roof:material":"metal"},"geometry":{"type":"Polygon","coordinates":[[[-71.0725516,42.3344417],[-71.0721395,42.3341112],[-71.0721057,42.3341335],[-71.0720715,42.3341564],[-71.0724844,42.3344875],[-71.0725166,42.3344684],[-71.0725516,42.3344417]]]}},{"type":"Feature","id":832665663,"properties":{"osmId":832665663,"category":"academic","building":"university","building:levels":"5","name":"Harrison Court"},"geometry":{"type":"Polygon","coordinates":[[[-71.0736581,42.3371811],[-71.0737276,42.3372384],[-71.0728985,42.3377926],[-71.0727394,42.3376614],[-71.073034,42.3374646],[-71.0726445,42.3371438],[-71.0728944,42.3369824],[-71.0730384,42.3371068],[-71.0729786,42.3371468],[-71.0732241,42.3373489],[-71.0734345,42.3372083],[-71.0734791,42.3371828],[-71.0735596,42.3372455],[-71.0736581,42.3371811]]]}},{"type":"Feature","id":832665664,"properties":{"osmId":832665664,"category":"academic","addr:housenumber":"85","addr:street":"East Concord Street","building":"university","building:levels":"9"},"geometry":{"type":"Polygon","coordinates":[[[-71.0722893,42.3349171],[-71.0724753,42.335064],[-71.0723839,42.335126],[-71.0724151,42.3351512],[-71.0722901,42.335236],[-71.0722272,42.3351853],[-71.0720519,42.3353043],[-71.0719331,42.3352087],[-71.0718315,42.3351247],[-71.0719593,42.3350497],[-71.072015,42.3351026],[-71.0722893,42.3349171]]]}},{"type":"Feature","id":832665665,"properties":{"osmId":832665665,"category":"academic","building":"yes","building:levels":"3","building:material":"metal","roof:material":"metal"},"geometry":{"type":"Polygon","coordinates":[[[-71.0719673,42.3341136],[-71.0720425,42.3341756],[-71.0720715,42.3341564],[-71.0721057,42.3341335],[-71.0721395,42.3341112],[-71.0721695,42.3340917],[-71.0720949,42.3340291],[-71.0720825,42.3340372],[-71.0719673,42.3341136]]]}},{"type":"Feature","id":835089778,"properties":{"osmId":835089778,"category":"academic","addr:housenumber":"555","addr:street":"Parker Street","building":"college","name":"Center for Engeneering, Innovation and Sciences","short_name":"CEIS"},"geometry":{"type":"Polygon","coordinates":[[[-71.0949759,42.3361155],[-71.0951239,42.3358975],[-71.0950757,42.3358796],[-71.0951253,42.3358066],[-71.0947022,42.3356496],[-71.094655,42.3357191],[-71.0946235,42.3357075],[-71.0944759,42.3359248],[-71.0946471,42.3359883],[-71.094634,42.3360075],[-71.0947941,42.3360669],[-71.0948043,42.3360518],[-71.0949759,42.3361155]]]}},{"type":"Feature","id":835323469,"properties":{"osmId":835323469,"category":"residential","addr:housenumber":"300","addr:street":"Brookline Avenue","building":"dormitory","building:levels":"19","name":"St. Julie Hall"},"geometry":{"type":"Polygon","coordinates":[[[-71.104025,42.3411762],[-71.1040363,42.3411847],[-71.1040739,42.3411946],[-71.1041114,42.3411907],[-71.1041503,42.3411907],[-71.1041704,42.3412006],[-71.1041919,42.3412135],[-71.104204,42.3412313],[-71.1042282,42.3412611],[-71.1042008,42.3412875],[-71.104297,42.3413403],[-71.1042723,42.3413635],[-71.1043483,42.3414047],[-71.1047596,42.3410066],[-71.1045338,42.3408678],[-71.1044154,42.3407672],[-71.1038119,42.3410908],[-71.1038789,42.3411569],[-71.1039259,42.3411355],[-71.1039839,42.3411983],[-71.104025,42.3411762]]]}},{"type":"Feature","id":871988068,"properties":{"osmId":871988068,"category":"academic","addr:city":"Boston","addr:housenumber":"99","addr:postcode":"02215","addr:state":"MA","addr:street":"Bay State Road","building":"university","building:levels":"6","building:material":"brick","building:use":"residential","name":"ΣΝ","operator":"MIT","start_date":"1995","website":"https://sigmanu.mit.edu/"},"geometry":{"type":"Polygon","coordinates":[[[-71.0974543,42.3502333],[-71.0975733,42.3502408],[-71.0975728,42.3502542],[-71.0976073,42.3502572],[-71.0976846,42.3504189],[-71.0976681,42.3504995],[-71.0975355,42.3504888],[-71.0975402,42.3504613],[-71.0974233,42.3504534],[-71.0974272,42.3504275],[-71.0974324,42.3504278],[-71.0974543,42.3502333]]]}},{"type":"Feature","id":997766227,"properties":{"osmId":997766227,"category":"academic","building":"university","building:levels":"9","height":"56.6928","name":"Northeastern EXP"},"geometry":{"type":"Polygon","coordinates":[[[-71.087648,42.337472],[-71.0876675,42.3374701],[-71.0876819,42.3374663],[-71.0877007,42.3374528],[-71.0878388,42.337329],[-71.0878947,42.3372737],[-71.0880702,42.3370297],[-71.0880741,42.3370197],[-71.0880745,42.337006],[-71.0880732,42.3369955],[-71.0880711,42.3369893],[-71.0880695,42.3369842],[-71.088063,42.3369741],[-71.0880512,42.3369614],[-71.0879504,42.3368566],[-71.0879154,42.3368193],[-71.0879314,42.3368105],[-71.0877835,42.3366613],[-71.0877548,42.3366528],[-71.0877247,42.3366576],[-71.0875729,42.3367376],[-71.0875639,42.3367436],[-71.0875607,42.33675],[-71.0875593,42.3367565],[-71.087559,42.3367687],[-71.0875896,42.3368025],[-71.0875619,42.3368191],[-71.0875374,42.3368347],[-71.0875262,42.3368233],[-71.0872643,42.3369755],[-71.0871651,42.337033],[-71.0871451,42.3370554],[-71.0871477,42.3370815],[-71.0871611,42.3371092],[-71.0871893,42.3371477],[-71.087256,42.3372389],[-71.0872794,42.3372238],[-71.0873617,42.3372795],[-71.087514,42.3373855],[-71.0876296,42.3374652],[-71.087648,42.337472]]]}},{"type":"Feature","id":1006562656,"properties":{"osmId":1006562656,"category":"academic","building":"yes"},"geometry":{"type":"Polygon","coordinates":[[[-71.0893319,42.3423932],[-71.0893527,42.3423185],[-71.0893118,42.3423123],[-71.0893345,42.3422308],[-71.0892658,42.3422203],[-71.0892496,42.3422786],[-71.0892148,42.3422734],[-71.0892561,42.3421248],[-71.0891068,42.3421021],[-71.089065,42.3422526],[-71.0890548,42.342251],[-71.0890281,42.342347],[-71.0893319,42.3423932]]]}},{"type":"Feature","id":1006562657,"properties":{"osmId":1006562657,"category":"academic","building":"yes"},"geometry":{"type":"Polygon","coordinates":[[[-71.0887205,42.3423003],[-71.0887423,42.3422218],[-71.0887024,42.3422157],[-71.0887261,42.3421305],[-71.0886486,42.3421187],[-71.088632,42.3421786],[-71.0886115,42.3421754],[-71.088651,42.3420334],[-71.0884919,42.3420092],[-71.0884502,42.3421592],[-71.0884388,42.3421575],[-71.0884121,42.3422535],[-71.0887205,42.3423003]]]}},{"type":"Feature","id":1006629898,"properties":{"osmId":1006629898,"category":"academic","addr:housenumber":"143","addr:street":"Bay State Road","building":"university"},"geometry":{"type":"Polygon","coordinates":[[[-71.0998917,42.3506032],[-71.0997967,42.3505954],[-71.0998253,42.3504038],[-71.0999203,42.3504116],[-71.0998917,42.3506032]]]}},{"type":"Feature","id":1006629899,"properties":{"osmId":1006629899,"category":"academic","addr:housenumber":"145","addr:street":"Bay State Road","building":"university"},"geometry":{"type":"Polygon","coordinates":[[[-71.0999844,42.3506107],[-71.0998917,42.3506032],[-71.0999203,42.3504116],[-71.100013,42.3504191],[-71.0999844,42.3506107]]]}},{"type":"Feature","id":1007090933,"properties":{"osmId":1007090933,"category":"academic","addr:city":"Boston","addr:housenumber":"745","addr:postcode":"02215","addr:state":"MA","addr:street":"Commonwealth Avenue","amenity":"university","building":"university","building:levels":"7","check_date":"2024-10-03","education":"university","name":"School of Theology","source":"esri/Boston_MA_Addresses"},"geometry":{"type":"Polygon","coordinates":[[[-71.1068238,42.3505433],[-71.1068387,42.3504679],[-71.1068463,42.3504647],[-71.106858,42.3504102],[-71.1068933,42.3504144],[-71.1069075,42.3503485],[-71.1069747,42.3503564],[-71.106974,42.3503597],[-71.1072257,42.3503896],[-71.1072272,42.3503828],[-71.1073355,42.3503957],[-71.1073338,42.3504036],[-71.1075888,42.3504341],[-71.1075896,42.3504306],[-71.1076299,42.3504354],[-71.1076307,42.3504317],[-71.1077019,42.3504402],[-71.1077006,42.3504464],[-71.1077065,42.3504484],[-71.1077042,42.3504592],[-71.107899,42.3504816],[-71.107861,42.3506625],[-71.1075056,42.3506217],[-71.1075066,42.350617],[-71.1074995,42.3506162],[-71.1075114,42.350559],[-71.1070263,42.3505039],[-71.1070276,42.3504976],[-71.1069947,42.3504939],[-71.1069826,42.3505531],[-71.1069764,42.3505524],[-71.106975,42.3505596],[-71.1068783,42.3505494],[-71.1068349,42.3505441],[-71.1068238,42.3505433]]]}},{"type":"Feature","id":1007090937,"properties":{"osmId":1007090937,"category":"religious","addr:city":"Boston","addr:housenumber":"735","addr:postcode":"02215","addr:state":"MA","addr:street":"Commonwealth Avenue","amenity":"place_of_worship","architect":"Ralph Adams Cram","building":"yes","check_date":"2025-06-09","contact:instagram":"https://www.instagram.com/bumarshchapel/","ele":"3","email":"chapel@bu.edu","gnis:feature_id":"1971497","name":"Marsh Chapel","official_name":"Daniel Lash Marsh Chapel","operator":"Boston University","phone":"+1-617-353-3560","religion":"christian","start_date":"1950","website":"https://www.bu.edu/chapel/","wikidata":"Q4948178","wikipedia":"en:Marsh Chapel"},"geometry":{"type":"Polygon","coordinates":[[[-71.1065633,42.3505381],[-71.1065545,42.3505793],[-71.106547,42.3506146],[-71.1065537,42.3506153],[-71.1065291,42.350731],[-71.1065343,42.3507316],[-71.1065267,42.3507672],[-71.1065211,42.3507665],[-71.1065066,42.3508352],[-71.1062999,42.3508113],[-71.1063135,42.3507474],[-71.1063079,42.3507467],[-71.1063159,42.3507094],[-71.1063227,42.3507102],[-71.1063471,42.3505956],[-71.1063542,42.3505965],[-71.1063628,42.3505559],[-71.1063712,42.3505168],[-71.1063981,42.35052],[-71.1064031,42.3504969],[-71.1065482,42.3505138],[-71.1065435,42.3505358],[-71.1065633,42.3505381]]]}},{"type":"Feature","id":1007090939,"properties":{"osmId":1007090939,"category":"academic","addr:city":"Boston","addr:housenumber":"705;725","addr:postcode":"02215","addr:state":"MA","addr:street":"Commonwealth Avenue","building":"university","name":"College of Arts and Sciences"},"geometry":{"type":"Polygon","coordinates":[[[-71.1061036,42.3504438],[-71.1060604,42.3504387],[-71.1060594,42.3504434],[-71.106001,42.3504364],[-71.1060022,42.3504309],[-71.1059108,42.3504199],[-71.10591,42.3504235],[-71.1053464,42.3503556],[-71.1053456,42.3503589],[-71.1051689,42.3503378],[-71.10517,42.3503329],[-71.105047,42.3503165],[-71.1050853,42.350138],[-71.1050914,42.3501239],[-71.1053764,42.3501575],[-71.1053881,42.3501589],[-71.1053868,42.3501649],[-71.1057467,42.3502075],[-71.1060766,42.3502465],[-71.1061076,42.3502502],[-71.106093,42.3503177],[-71.106125,42.3503215],[-71.1061138,42.3503732],[-71.1061189,42.3503738],[-71.1061036,42.3504438]]]}},{"type":"Feature","id":1007090940,"properties":{"osmId":1007090940,"category":"academic","addr:city":"Boston","addr:housenumber":"685","addr:postcode":"02215","addr:state":"MA","addr:street":"Commonwealth Avenue","amenity":"theatre","building":"university","check_date":"2025-06-09","ele":"4","gnis:feature_id":"1971823","name":"Tsai Performance Center","operator":"Boston University","source":"USGS Geonames","wikidata":"Q18749249"},"geometry":{"type":"Polygon","coordinates":[[[-71.105047,42.3503165],[-71.1046474,42.3502698],[-71.1046099,42.350445],[-71.1046352,42.350448],[-71.1046178,42.3505288],[-71.1045838,42.3505248],[-71.1045787,42.3505486],[-71.1045289,42.3505428],[-71.1045269,42.3505521],[-71.1043074,42.3505264],[-71.1043281,42.3504298],[-71.1043112,42.3504278],[-71.1043519,42.3502376],[-71.1039511,42.3501908],[-71.103992,42.3500098],[-71.1040307,42.3500143],[-71.1050853,42.350138],[-71.105047,42.3503165]]]}},{"type":"Feature","id":1007090941,"properties":{"osmId":1007090941,"category":"academic","addr:city":"Boston","addr:housenumber":"675","addr:postcode":"02215","addr:state":"MA","addr:street":"Commonwealth Avenue","building":"university","building:levels":"5","name":"Stone Science Building","year_of_construction":"1946"},"geometry":{"type":"Polygon","coordinates":[[[-71.1039511,42.3501908],[-71.1039455,42.3502152],[-71.1041496,42.3502404],[-71.104122,42.3503628],[-71.1036572,42.3503055],[-71.1037313,42.3499776],[-71.1038814,42.3499961],[-71.103992,42.3500098],[-71.1039511,42.3501908]]]}},{"type":"Feature","id":1008165426,"properties":{"osmId":1008165426,"category":"academic","addr:city":"Boston","addr:housenumber":"174","addr:postcode":"02215","addr:state":"MA","addr:street":"Ipswich Street","building":"school","name":"Boston Arts Academy"},"geometry":{"type":"Polygon","coordinates":[[[-71.0947634,42.3466261],[-71.0954211,42.3460564],[-71.0954625,42.3460048],[-71.0954934,42.3459442],[-71.0954977,42.345909],[-71.0954942,42.3458754],[-71.0954808,42.3458372],[-71.0954669,42.3458036],[-71.0954412,42.3457519],[-71.0950911,42.345841],[-71.0944551,42.3464463],[-71.0947634,42.3466261]]]}},{"type":"Feature","id":1160558564,"properties":{"osmId":1160558564,"category":"academic","building":"university","building:levels":"14","name":"B.U. School of Medicine Instructional Building"},"geometry":{"type":"Polygon","coordinates":[[[-71.0723692,42.3363173],[-71.0728002,42.3366718],[-71.0726186,42.3367925],[-71.0721855,42.3364363],[-71.0721077,42.336488],[-71.071938,42.3363485],[-71.0722776,42.3361228],[-71.0724654,42.335998],[-71.0725628,42.3360781],[-71.0725868,42.3360622],[-71.0726749,42.3361347],[-71.0727887,42.3362282],[-71.0725732,42.3363715],[-71.0724456,42.3362666],[-71.0723692,42.3363173]]]}},{"type":"Feature","id":1189253166,"properties":{"osmId":1189253166,"category":"academic","addr:city":"Boston","addr:housenumber":"704","addr:postcode":"02215","addr:state":"MA","addr:street":"Commonwealth Avenue","building":"university","source":"esri/Boston_MA_Addresses"},"geometry":{"type":"Polygon","coordinates":[[[-71.1053565,42.3495905],[-71.1053558,42.3495936],[-71.1053483,42.3495927],[-71.1053351,42.3496005],[-71.1053131,42.3495981],[-71.1053057,42.3495875],[-71.1052046,42.3495751],[-71.105192,42.3495838],[-71.1051722,42.3495816],[-71.1051599,42.3495667],[-71.1051632,42.3495504],[-71.1051779,42.349544],[-71.1051935,42.3494745],[-71.1051806,42.3494645],[-71.1051838,42.3494482],[-71.105201,42.349441],[-71.1052244,42.3493368],[-71.1052122,42.3493259],[-71.1052151,42.3493111],[-71.105232,42.3493029],[-71.1054125,42.349325],[-71.1053977,42.3493909],[-71.1053666,42.3493871],[-71.1053367,42.3495208],[-71.1053712,42.3495251],[-71.1053565,42.3495905]]]}},{"type":"Feature","id":1189269258,"properties":{"osmId":1189269258,"category":"academic","addr:housenumber":"110,112","building":"university"},"geometry":{"type":"Polygon","coordinates":[[[-71.1055849,42.3492617],[-71.105253,42.3492204],[-71.1053324,42.3489111],[-71.1056561,42.3489663],[-71.1055849,42.3492617]]]}},{"type":"Feature","id":1193588099,"properties":{"osmId":1193588099,"category":"medical","addr:city":"Boston","addr:housenumber":"388","addr:postcode":"02115","addr:state":"MA","addr:street":"Commonwealth Avenue","amenity":"clinic","building":"yes","healthcare":"clinic","name:signed":"no"},"geometry":{"type":"Polygon","coordinates":[[[-71.0901348,42.3487163],[-71.0899113,42.3487205],[-71.0899004,42.3484367],[-71.0900063,42.3484344],[-71.0900117,42.3485736],[-71.0901199,42.3485714],[-71.0901288,42.3485704],[-71.0901348,42.3487163]]]}},{"type":"Feature","id":1235201681,"properties":{"osmId":1235201681,"category":"academic","addr:city":"Boston","addr:housenumber":"15","addr:postcode":"02215","addr:state":"MA","addr:street":"Saint Mary's Street","building":"university"},"geometry":{"type":"Polygon","coordinates":[[[-71.1077045,42.3495457],[-71.1077451,42.3494156],[-71.1077648,42.3493525],[-71.1068785,42.3492013],[-71.1068224,42.349381],[-71.1071996,42.3494476],[-71.107193,42.3494811],[-71.1073303,42.3495046],[-71.107337,42.3494831],[-71.1077045,42.3495457]]]}},{"type":"Feature","id":1237917174,"properties":{"osmId":1237917174,"category":"residential","addr:city":"Boston","addr:housenumber":"110","addr:postcode":"02215","addr:state":"MA","addr:street":"Bay State Road","building":"dormitory"},"geometry":{"type":"Polygon","coordinates":[[[-71.0983684,42.3500457],[-71.0984346,42.3500508],[-71.0984533,42.3499206],[-71.0984206,42.3499181],[-71.0984234,42.349898],[-71.09839,42.3498954],[-71.0983876,42.3499122],[-71.0983846,42.3499331],[-71.0983684,42.3500457]]]}},{"type":"Feature","id":1273199588,"properties":{"osmId":1273199588,"category":"medical","building":"hospital","building:levels":"10","name":"Mandell Building"},"geometry":{"type":"Polygon","coordinates":[[[-71.1063203,42.337671],[-71.1063549,42.3376389],[-71.1065505,42.3377539],[-71.1065636,42.3377614],[-71.1068782,42.3374601],[-71.1068038,42.3374164],[-71.1067731,42.3374451],[-71.1067464,42.3374291],[-71.1062466,42.3374757],[-71.1062767,42.3376472],[-71.1063203,42.337671]]]}},{"type":"Feature","id":1273199589,"properties":{"osmId":1273199589,"category":"medical","building":"hospital","name":"Bader Building","year_of_construction":"1940"},"geometry":{"type":"Polygon","coordinates":[[[-71.1064136,42.3365437],[-71.106297,42.336468],[-71.1061538,42.3363899],[-71.1061273,42.3363754],[-71.1061167,42.3363696],[-71.1060986,42.3363595],[-71.1058691,42.3362312],[-71.105763,42.3363343],[-71.1059165,42.3364218],[-71.10597,42.3364516],[-71.1059808,42.336441],[-71.1060998,42.3365072],[-71.1061763,42.3365527],[-71.1060865,42.3366318],[-71.1062195,42.3367138],[-71.1063373,42.3366105],[-71.1063556,42.3366227],[-71.1063805,42.3365992],[-71.1063629,42.336588],[-71.1064136,42.3365437]]]}},{"type":"Feature","id":1273199590,"properties":{"osmId":1273199590,"category":"medical","building":"hospital","name":"Farley Building","year_of_construction":"1950"},"geometry":{"type":"Polygon","coordinates":[[[-71.1060998,42.3365072],[-71.1058468,42.3367555],[-71.105783,42.3368181],[-71.1058159,42.3368364],[-71.1057171,42.3369333],[-71.1055464,42.3368382],[-71.1053361,42.3367227],[-71.105291,42.336696],[-71.1053526,42.3366357],[-71.1053962,42.3366599],[-71.1054394,42.3366175],[-71.1056497,42.3367346],[-71.1057789,42.3366079],[-71.1058164,42.3365711],[-71.1059215,42.336468],[-71.1058883,42.3364495],[-71.1059165,42.3364218],[-71.10597,42.3364516],[-71.1059808,42.336441],[-71.1060998,42.3365072]]]}},{"type":"Feature","id":1273547388,"properties":{"osmId":1273547388,"category":"medical","addr:city":"Boston","addr:housenumber":"15","addr:postcode":"02115","addr:state":"MA","addr:street":"Francis Street","building":"hospital","name":"Peter Bent Brigham Building"},"geometry":{"type":"Polygon","coordinates":[[[-71.1052231,42.3347866],[-71.1052096,42.3347824],[-71.1052286,42.3347487],[-71.1052161,42.3347209],[-71.1051675,42.3347075],[-71.1051341,42.3347161],[-71.1051117,42.3347568],[-71.1051019,42.3347538],[-71.1050801,42.3347933],[-71.1050694,42.3347901],[-71.1048959,42.3351053],[-71.1047403,42.3350586],[-71.1047291,42.3350789],[-71.1046552,42.3350567],[-71.104688,42.3349971],[-71.1044443,42.3349239],[-71.104417,42.3349736],[-71.104276,42.3349312],[-71.1044693,42.3345799],[-71.1044585,42.3345766],[-71.1044837,42.3345308],[-71.1044749,42.3345067],[-71.1044289,42.33449],[-71.1043916,42.3345015],[-71.1043632,42.334549],[-71.1043537,42.334546],[-71.1041276,42.334924],[-71.1040902,42.3349318],[-71.104027,42.3350321],[-71.1040469,42.3350684],[-71.1039525,42.3352354],[-71.1042053,42.3353135],[-71.1042326,42.3352653],[-71.1042215,42.3352618],[-71.1042572,42.3351987],[-71.1043153,42.3352167],[-71.1043365,42.3351792],[-71.1043262,42.335176],[-71.1043437,42.335145],[-71.1045536,42.3352098],[-71.1045388,42.335236],[-71.1045284,42.3352328],[-71.1044945,42.335293],[-71.104619,42.3353314],[-71.1046536,42.3352699],[-71.1047156,42.335289],[-71.1046953,42.3353249],[-71.1047492,42.3353415],[-71.1046695,42.3354829],[-71.1047668,42.3355129],[-71.1047759,42.3354967],[-71.1049742,42.3351449],[-71.1050213,42.3351594],[-71.1050392,42.3351277],[-71.1051193,42.3349857],[-71.1051627,42.3349086],[-71.1052047,42.3348342],[-71.1051975,42.334832],[-71.1052231,42.3347866]]]}},{"type":"Feature","id":1273547389,"properties":{"osmId":1273547389,"category":"medical","building":"hospital"},"geometry":{"type":"Polygon","coordinates":[[[-71.1050392,42.3351277],[-71.1052959,42.3352128],[-71.1053635,42.3351062],[-71.1055206,42.3351639],[-71.1054866,42.3352135],[-71.1053493,42.3354218],[-71.1053162,42.3354097],[-71.1052623,42.3354862],[-71.105298,42.3354997],[-71.1052018,42.3356456],[-71.1051818,42.335637],[-71.1051524,42.3356814],[-71.105006,42.3356248],[-71.105033,42.3355893],[-71.1047759,42.3354967],[-71.1049742,42.3351449],[-71.1050213,42.3351594],[-71.1050392,42.3351277]]]}},{"type":"Feature","id":1273547390,"properties":{"osmId":1273547390,"category":"medical","building":"hospital"},"geometry":{"type":"Polygon","coordinates":[[[-71.1051627,42.3349086],[-71.1052407,42.3349309],[-71.1052475,42.3349188],[-71.1055849,42.335022],[-71.1055468,42.33509],[-71.1055089,42.3350784],[-71.1054897,42.3351127],[-71.1051749,42.3350164],[-71.1051812,42.3350053],[-71.1051193,42.3349857],[-71.1051627,42.3349086]]]}},{"type":"Feature","id":1273976147,"properties":{"osmId":1273976147,"category":"academic","addr:city":"Boston","addr:housenumber":"2","addr:postcode":"02115","addr:state":"MA","addr:street":"Avenue Louis Pasteur","building":"university","ele":"5","gnis:feature_id":"1971445","name":"Lefavour Building","source":"USGS Geonames"},"geometry":{"type":"Polygon","coordinates":[[[-71.1008054,42.3400204],[-71.1013351,42.3393468],[-71.1011301,42.3392102],[-71.1007574,42.3395123],[-71.1007377,42.339499],[-71.1007033,42.339527],[-71.1006851,42.3395148],[-71.1006397,42.3395518],[-71.1006894,42.3395851],[-71.1006159,42.3396451],[-71.1006326,42.3396563],[-71.100599,42.3396837],[-71.1006335,42.3397062],[-71.100497,42.3398204],[-71.1008054,42.3400204]]]}},{"type":"Feature","id":1273976148,"properties":{"osmId":1273976148,"category":"academic","building":"university","name":"Health Center"},"geometry":{"type":"Polygon","coordinates":[[[-71.1063465,42.3408458],[-71.1065568,42.3409694],[-71.1064509,42.3410679],[-71.1062406,42.3409443],[-71.1063465,42.3408458]]]}},{"type":"Feature","id":1273976151,"properties":{"osmId":1273976151,"category":"academic","building":"university","name":"Alumnae Hall"},"geometry":{"type":"Polygon","coordinates":[[[-71.1056713,42.3410704],[-71.1057047,42.3410381],[-71.1055794,42.3409673],[-71.1055633,42.3409582],[-71.1055968,42.3409259],[-71.1056144,42.3409358],[-71.1057305,42.3410014],[-71.1057607,42.3409723],[-71.1060734,42.341149],[-71.1060363,42.3411849],[-71.1061206,42.3412326],[-71.1060863,42.3412657],[-71.1060028,42.3412186],[-71.1059845,42.3412364],[-71.1059322,42.3412068],[-71.1059249,42.3412138],[-71.1058596,42.3411769],[-71.1056713,42.3410704]]]}},{"type":"Feature","id":1274925509,"properties":{"osmId":1274925509,"category":"medical","building":"hospital","name":"Perlmutter Building"},"geometry":{"type":"Polygon","coordinates":[[[-71.1059098,42.3377644],[-71.1058113,42.3377069],[-71.1055622,42.3375569],[-71.1054366,42.3376717],[-71.1057035,42.3378342],[-71.1057844,42.3378818],[-71.1059098,42.3377644]]]}},{"type":"Feature","id":1320778060,"properties":{"osmId":1320778060,"category":"residential","building":"dormitory","name":"Longwood House Residence Hall","operator":"Boston University","residential":"university"},"geometry":{"type":"Polygon","coordinates":[[[-71.105482,42.3426517],[-71.1055187,42.342676],[-71.1055312,42.3426662],[-71.1056984,42.3427839],[-71.1055266,42.3429184],[-71.1053108,42.3427665],[-71.1053742,42.3427171],[-71.105471,42.3427852],[-71.1055086,42.3427558],[-71.1054161,42.3426907],[-71.1054228,42.3426855],[-71.105482,42.3426517]]]}},{"type":"Feature","id":1320778061,"properties":{"osmId":1320778061,"category":"residential","addr:city":"Boston","addr:housenumber":"37","addr:state":"MA","addr:street":"Pilgrim Road","building":"residential","name":"Pilgrim House Residence Hall","operator":"Boston University","residential":"university"},"geometry":{"type":"Polygon","coordinates":[[[-71.1054228,42.3426855],[-71.1053481,42.3426197],[-71.1052581,42.3426604],[-71.1051326,42.3425049],[-71.1054275,42.3423506],[-71.1056197,42.3424857],[-71.1055774,42.3425188],[-71.105617,42.3425467],[-71.1055615,42.3425883],[-71.1055539,42.342583],[-71.1054746,42.342645],[-71.1054228,42.3426855]]]}},{"type":"Feature","id":1328765847,"properties":{"osmId":1328765847,"category":"academic","addr:city":"Boston","addr:housenumber":"200","addr:street":"Riverway","building":"university"},"geometry":{"type":"Polygon","coordinates":[[[-71.1063166,42.341776],[-71.106359,42.3418009],[-71.1063448,42.3418142],[-71.1063924,42.3418422],[-71.1064079,42.3418278],[-71.1064437,42.3418488],[-71.1064757,42.3418191],[-71.1064949,42.3418304],[-71.1065284,42.3417993],[-71.1065078,42.3417871],[-71.1065361,42.3417608],[-71.1064971,42.3417379],[-71.1065087,42.3417271],[-71.1064672,42.3417027],[-71.1064567,42.3417124],[-71.1064129,42.3416866],[-71.1063958,42.3417025],[-71.1063166,42.341776]]]}},{"type":"Feature","id":1373698595,"properties":{"osmId":1373698595,"category":"residential","addr:housenumber":"153","addr:street":"Hemenway Street","building":"dormitory"},"geometry":{"type":"Polygon","coordinates":[[[-71.0910302,42.3417973],[-71.0909345,42.3417667],[-71.090916,42.3417983],[-71.0908814,42.3417872],[-71.0909037,42.341749],[-71.0908078,42.3417184],[-71.0907072,42.3418902],[-71.0907677,42.3419095],[-71.0907731,42.3419003],[-71.0908352,42.3419202],[-71.0908281,42.3419323],[-71.0909317,42.3419654],[-71.0910302,42.3417973]]]}},{"type":"Feature","id":1373698596,"properties":{"osmId":1373698596,"category":"residential","addr:housenumber":"157","addr:street":"Hemenway Street","building":"dormitory","name":"Loftman Hall"},"geometry":{"type":"Polygon","coordinates":[[[-71.0910302,42.3417973],[-71.0911167,42.3416582],[-71.0910027,42.3416193],[-71.0909923,42.3416362],[-71.0908792,42.3415983],[-71.0908078,42.3417184],[-71.0909037,42.341749],[-71.090925,42.3417135],[-71.0909581,42.3417248],[-71.0909345,42.3417667],[-71.0910302,42.3417973]]]}},{"type":"Feature","id":1373698597,"properties":{"osmId":1373698597,"category":"residential","addr:housenumber":"163","addr:street":"Hemenway Street","building":"apartments","name":"Jefferson Hall"},"geometry":{"type":"Polygon","coordinates":[[[-71.0910027,42.3416193],[-71.0910296,42.3415755],[-71.091142,42.3416132],[-71.0911916,42.3415323],[-71.0909661,42.3414567],[-71.0908792,42.3415983],[-71.0909923,42.3416362],[-71.0910027,42.3416193]]]}},{"type":"Feature","id":1373698598,"properties":{"osmId":1373698598,"category":"residential","building":"apartments"},"geometry":{"type":"Polygon","coordinates":[[[-71.0909317,42.3419654],[-71.090795,42.3421834],[-71.0905642,42.3421305],[-71.0905585,42.3421285],[-71.0905545,42.3421259],[-71.0905515,42.3421226],[-71.0905498,42.3421189],[-71.0905494,42.3421153],[-71.0905501,42.3421117],[-71.090552,42.3421084],[-71.0905635,42.3421023],[-71.0905762,42.3421012],[-71.0905954,42.3420703],[-71.0905917,42.3420674],[-71.090589,42.342064],[-71.0905876,42.3420602],[-71.0905877,42.3420549],[-71.0905903,42.34205],[-71.0905998,42.3420442],[-71.0906136,42.3420426],[-71.0906178,42.3420354],[-71.0906793,42.3420544],[-71.0906798,42.3420697],[-71.0907103,42.3420789],[-71.0907243,42.3420707],[-71.0907496,42.3420782],[-71.0907508,42.3420879],[-71.0907776,42.342077],[-71.090772,42.3420659],[-71.0907754,42.3420548],[-71.0907854,42.342044],[-71.0907998,42.3420381],[-71.0908081,42.3420235],[-71.0907967,42.3420203],[-71.0907906,42.3420227],[-71.0907616,42.3420143],[-71.0907604,42.3420047],[-71.0907441,42.3419987],[-71.0907192,42.342008],[-71.0906511,42.341984],[-71.0906545,42.341979],[-71.0906488,42.3419747],[-71.0906459,42.3419699],[-71.0906449,42.3419631],[-71.0906472,42.3419573],[-71.090652,42.3419524],[-71.0906587,42.341949],[-71.0906667,42.3419475],[-71.0906748,42.3419481],[-71.090693,42.3419206],[-71.0906871,42.3419174],[-71.090683,42.3419129],[-71.0906813,42.3419076],[-71.0906821,42.3419022],[-71.0906853,42.3418974],[-71.0906905,42.3418936],[-71.0906972,42.3418914],[-71.0907072,42.3418902],[-71.0907116,42.3418925],[-71.0907677,42.3419095],[-71.0908281,42.3419323],[-71.0909317,42.3419654]]]}},{"type":"Feature","id":1376920389,"properties":{"osmId":1376920389,"category":"medical","building":"hospital","layer":"1","name":"Fazzalari Sky Bridge","year_of_construction":"2019"},"geometry":{"type":"Polygon","coordinates":[[[-71.1049581,42.337819],[-71.1049828,42.337806],[-71.1051513,42.3377174],[-71.1052533,42.3376638],[-71.1054194,42.3375211],[-71.1055626,42.3373982],[-71.1056261,42.337362],[-71.1056266,42.3373437],[-71.1055804,42.3373191],[-71.1055269,42.3373708],[-71.1054415,42.3374461],[-71.1054317,42.3374548],[-71.1052167,42.3376408],[-71.105095,42.3377067],[-71.1049118,42.3377999],[-71.1049581,42.337819]]]}},{"type":"Feature","id":1376920390,"properties":{"osmId":1376920390,"category":"medical","building":"hospital","layer":"1"},"geometry":{"type":"Polygon","coordinates":[[[-71.1061506,42.3368167],[-71.1057789,42.3366079],[-71.1058164,42.3365711],[-71.1061894,42.3367799],[-71.1061506,42.3368167]]]}},{"type":"Feature","id":1377084978,"properties":{"osmId":1377084978,"category":"medical","building":"hospital","name":"BCH Pavilion"},"geometry":{"type":"Polygon","coordinates":[[[-71.1054804,42.3369772],[-71.105229,42.3368357],[-71.1052548,42.3368094],[-71.1053361,42.3367227],[-71.1055464,42.3368382],[-71.1057171,42.3369333],[-71.1058159,42.3368364],[-71.105783,42.3368181],[-71.1058468,42.3367555],[-71.1060815,42.3368821],[-71.1060123,42.3369475],[-71.1059723,42.3369853],[-71.1056869,42.3372619],[-71.1057039,42.3372717],[-71.1056266,42.3373437],[-71.1055804,42.3373191],[-71.1055269,42.3373708],[-71.1052931,42.3372842],[-71.105318,42.3372599],[-71.1053942,42.3371837],[-71.1053158,42.3371394],[-71.1054804,42.3369772]]]}},{"type":"Feature","id":1414673070,"properties":{"osmId":1414673070,"category":"academic","building":"school"},"geometry":{"type":"Polygon","coordinates":[[[-71.083304,42.3407289],[-71.0841687,42.3400179],[-71.084444,42.3402991],[-71.0838208,42.340841],[-71.0837057,42.3409021],[-71.083304,42.3407289]]]}},{"type":"Feature","id":1416997330,"properties":{"osmId":1416997330,"category":"academic","building":"college","name":"Watson Hall"},"geometry":{"type":"Polygon","coordinates":[[[-71.0948343,42.336348],[-71.0948633,42.3363062],[-71.0948717,42.3363094],[-71.0948958,42.3362747],[-71.094926,42.3362311],[-71.094915,42.336227],[-71.0949426,42.3361871],[-71.0944228,42.3359901],[-71.0943119,42.3361501],[-71.0948343,42.336348]]]}},{"type":"Feature","id":1416997331,"properties":{"osmId":1416997331,"category":"academic","building":"college","name":"Dobbs Hall"},"geometry":{"type":"Polygon","coordinates":[[[-71.094719,42.3364457],[-71.0945387,42.3363779],[-71.0943805,42.3366079],[-71.094273,42.3365675],[-71.0941927,42.3366843],[-71.0942992,42.3367243],[-71.0942863,42.3367431],[-71.0944675,42.3368112],[-71.094719,42.3364457]]]}},{"type":"Feature","id":1416997332,"properties":{"osmId":1416997332,"category":"academic","building":"college","name":"Wentworth Hall"},"geometry":{"type":"Polygon","coordinates":[[[-71.0946625,42.3366276],[-71.0947843,42.3364503],[-71.0952493,42.3366249],[-71.0951274,42.3368022],[-71.0946625,42.3366276]]]}},{"type":"Feature","id":1416997333,"properties":{"osmId":1416997333,"category":"academic","building":"college","name":"Williston Hall"},"geometry":{"type":"Polygon","coordinates":[[[-71.0952986,42.3366733],[-71.0954603,42.3367353],[-71.0952894,42.3369786],[-71.0954471,42.3370391],[-71.0953707,42.3371478],[-71.095233,42.3370949],[-71.0952262,42.3371026],[-71.0950547,42.3370286],[-71.0952986,42.3366733]]]}},{"type":"Feature","id":1416997334,"properties":{"osmId":1416997334,"category":"academic","building":"college","name":"Power Plant"},"geometry":{"type":"Polygon","coordinates":[[[-71.0958509,42.336753],[-71.0959852,42.3365589],[-71.0959372,42.3365386],[-71.0957617,42.3364734],[-71.0957124,42.3364558],[-71.0956833,42.3365023],[-71.0955942,42.3366291],[-71.0955782,42.3366499],[-71.0958509,42.336753]]]}},{"type":"Feature","id":1416997335,"properties":{"osmId":1416997335,"category":"academic","building":"college"},"geometry":{"type":"Polygon","coordinates":[[[-71.0959372,42.3365386],[-71.0960658,42.3363493],[-71.0960762,42.3363531],[-71.0962098,42.3361564],[-71.0957415,42.3359826],[-71.0956592,42.3361037],[-71.0959599,42.3362154],[-71.0959115,42.3362865],[-71.0958934,42.3362797],[-71.0958125,42.3363987],[-71.0957733,42.3364564],[-71.0957617,42.3364734],[-71.0959372,42.3365386]]]}},{"type":"Feature","id":1416997336,"properties":{"osmId":1416997336,"category":"academic","building":"college","name":"Rubenstein Hall"},"geometry":{"type":"Polygon","coordinates":[[[-71.0956833,42.3365023],[-71.0954377,42.3364079],[-71.0953485,42.3365347],[-71.0955942,42.3366291],[-71.0956833,42.3365023]]]}},{"type":"Feature","id":1465753620,"properties":{"osmId":1465753620,"category":"medical","building":"hospital","layer":"1"},"geometry":{"type":"Polygon","coordinates":[[[-71.1062684,42.3362721],[-71.1061942,42.3363446],[-71.1061679,42.3363762],[-71.1061538,42.3363899],[-71.1061273,42.3363754],[-71.1061167,42.3363696],[-71.1060986,42.3363595],[-71.106124,42.3363375],[-71.1061609,42.3363154],[-71.1062397,42.3362535],[-71.1062684,42.3362721]]]}},{"type":"Feature","id":1486700520,"properties":{"osmId":1486700520,"category":"academic","amenity":"shelter","building":"yes","layer":"1","shelter_type":"public_transport"},"geometry":{"type":"Polygon","coordinates":[[[-71.088615,42.3368597],[-71.0886464,42.3368798],[-71.0886831,42.3369033],[-71.0887752,42.3368276],[-71.0888805,42.3367409],[-71.0888414,42.3367157],[-71.0888279,42.336707],[-71.088813,42.3366968],[-71.088615,42.3368597]]]}},{"type":"Feature","id":1486700521,"properties":{"osmId":1486700521,"category":"academic","amenity":"shelter","building":"yes","layer":"1","shelter_type":"public_transport"},"geometry":{"type":"Polygon","coordinates":[[[-71.0872671,42.3380724],[-71.0872249,42.3380444],[-71.0872008,42.3380284],[-71.0869598,42.3382267],[-71.0869679,42.3382321],[-71.0869833,42.3382423],[-71.0870261,42.3382707],[-71.0872671,42.3380724]]]}}]}