{"type":"FeatureCollection","features":[{"type":"Feature","id":33908908,"properties":{"osmId":33908908,"category":"academic","addr:city":"Evanston","addr:housenumber":"1920","addr:postcode":"60208","addr:state":"IL","addr:street":"Campus Drive","addr:street:name":"Campus","addr:street:type":"Drive","building":"university","layer":"1","name":"Annie May Swift Hall","wikidata":"Q7060402","wikipedia":"en:Northwestern University School of Communication","_wikiTried":true},"geometry":{"type":"Polygon","coordinates":[[[-87.6751309,42.0525189],[-87.6751471,42.0524639],[-87.6751527,42.0524648],[-87.6752331,42.0521909],[-87.6751325,42.0521746],[-87.6750326,42.0521584],[-87.6749524,42.0524312],[-87.674959,42.0524323],[-87.6749425,42.0524884],[-87.6750385,42.0525039],[-87.6751309,42.0525189]]]}},{"type":"Feature","id":33908912,"properties":{"osmId":33908912,"category":"academic","addr:city":"Evanston","addr:housenumber":"50","addr:postcode":"60208","addr:state":"IL","addr:street":"Arts Circle Drive","amenity":"events_venue","building":"university","name":"Pick-Staiger Concert Hall","operator":"Northwestern University","wikidata":"Q16975419","wikipedia":"en:Pick-Staiger Concert Hall","_wikiTried":true},"geometry":{"type":"Polygon","coordinates":[[[-87.6725488,42.0527867],[-87.67255,42.0527346],[-87.6725503,42.0527212],[-87.6724687,42.0525707],[-87.6724118,42.0525228],[-87.6721944,42.0525184],[-87.6721423,42.0525173],[-87.6721097,42.0524583],[-87.6719128,42.0524567],[-87.6717794,42.0525396],[-87.6718634,42.0527124],[-87.6718996,42.0527124],[-87.6719562,42.0527123],[-87.6719678,42.0527355],[-87.671977,42.052754],[-87.6720252,42.0528508],[-87.6722103,42.052853],[-87.672252,42.0529362],[-87.6723067,42.0529368],[-87.6725488,42.0527867]]]}},{"type":"Feature","id":33908919,"properties":{"osmId":33908919,"category":"academic","addr:city":"Evanston","addr:housenumber":"1845","addr:postcode":"60208","addr:state":"IL","addr:street":"Sheridan Road","addr:street:name":"Sheridan","addr:street:type":"Road","building":"university","layer":"1","name":"Fisk Hall","_wikiTried":true},"geometry":{"type":"Polygon","coordinates":[[[-87.6739532,42.0505478],[-87.6738532,42.0507499],[-87.6739705,42.0507814],[-87.6740166,42.0506857],[-87.6740945,42.0507069],[-87.674049,42.050803],[-87.673982,42.0509431],[-87.6740628,42.0509655],[-87.6740526,42.050987],[-87.6740404,42.0510122],[-87.6740851,42.0510243],[-87.6741004,42.0509938],[-87.6741082,42.0509779],[-87.6741939,42.0510014],[-87.6743092,42.0507634],[-87.674385,42.0507832],[-87.674336,42.0508817],[-87.6744541,42.0509151],[-87.6745547,42.0507099],[-87.6743762,42.0506624],[-87.6743673,42.0506495],[-87.6743101,42.050634],[-87.674258,42.0506199],[-87.6742072,42.0506062],[-87.674159,42.0505931],[-87.6741457,42.050599],[-87.6739532,42.0505478]]]}},{"type":"Feature","id":33908921,"properties":{"osmId":33908921,"category":"academic","addr:city":"Evanston","addr:housenumber":"1850","addr:postcode":"60208","addr:state":"IL","addr:street":"Campus Drive","addr:street:name":"Campus","addr:street:type":"Drive","building":"university","name":"Locy Hall","_wikiTried":true},"geometry":{"type":"Polygon","coordinates":[[[-87.6741158,42.0511569],[-87.6741384,42.0511105],[-87.6741545,42.0510775],[-87.6741694,42.051047],[-87.6740851,42.0510243],[-87.6740404,42.0510122],[-87.6739589,42.0509903],[-87.6737649,42.0509382],[-87.6736699,42.0511329],[-87.6737736,42.0511608],[-87.6738038,42.0511689],[-87.6738451,42.0510841],[-87.6741158,42.0511569]]]}},{"type":"Feature","id":33908926,"properties":{"osmId":33908926,"category":"academic","addr:city":"Evanston","addr:housenumber":"1881","addr:postcode":"60208","addr:state":"IL","addr:street":"Sheridan Road","addr:street:name":"Sheridan","addr:street:type":"Road","building":"university","building:levels":"3","name":"Harris Hall","_wikiTried":true},"geometry":{"type":"Polygon","coordinates":[[[-87.6764116,42.051042],[-87.6762745,42.0511881],[-87.676239,42.0511921],[-87.6762155,42.0511858],[-87.676191,42.0511839],[-87.676166,42.0511845],[-87.6761471,42.0511887],[-87.6761298,42.0511951],[-87.6761141,42.0512043],[-87.6761014,42.0512169],[-87.6760929,42.0512293],[-87.6760874,42.0512452],[-87.6760855,42.0512605],[-87.6760888,42.0512775],[-87.6760972,42.0512958],[-87.6761129,42.0513152],[-87.6761297,42.0513265],[-87.676136,42.0513506],[-87.6760821,42.0514159],[-87.6760793,42.051419],[-87.6761702,42.051462],[-87.6761948,42.0514737],[-87.6762666,42.051508],[-87.6763409,42.05142],[-87.6763924,42.051359],[-87.6764355,42.0513089],[-87.6765233,42.0512077],[-87.6765802,42.0511429],[-87.6765689,42.0511364],[-87.6765827,42.0511213],[-87.6765036,42.0510849],[-87.6764948,42.0510808],[-87.6764842,42.0510759],[-87.6764116,42.051042]]]}},{"type":"Feature","id":33908928,"properties":{"osmId":33908928,"category":"academic","addr:city":"Evanston","addr:housenumber":"1897","addr:postcode":"60208","addr:state":"IL","addr:street":"Sheridan Road","addr:street:name":"Sheridan","addr:street:type":"Road","building":"university","building:levels":"4","name":"University Hall","wikidata":"Q7894713","_wikiTried":true},"geometry":{"type":"Polygon","coordinates":[[[-87.6758265,42.0517513],[-87.6758364,42.0517616],[-87.675815,42.0518329],[-87.675855,42.0518397],[-87.6758402,42.0518871],[-87.6758275,42.0519304],[-87.6758115,42.0519358],[-87.6757914,42.0520145],[-87.6760388,42.0520567],[-87.6760803,42.051914],[-87.6760968,42.0518619],[-87.6761264,42.0518682],[-87.6761552,42.0517828],[-87.6760309,42.0517642],[-87.6760333,42.0517568],[-87.6760041,42.0517525],[-87.6759758,42.0517476],[-87.6759726,42.0517585],[-87.675872,42.0517447],[-87.6758626,42.0517345],[-87.6758481,42.051728],[-87.6758328,42.0517307],[-87.6758268,42.0517397],[-87.6758265,42.0517513]]]}},{"type":"Feature","id":33908930,"properties":{"osmId":33908930,"category":"academic","addr:city":"Evanston","addr:housenumber":"2033","addr:postcode":"60208","addr:state":"IL","addr:street":"Sheridan Road","addr:street:name":"Sheridan","addr:street:type":"Road","building":"university","name":"Lunt Hall","name:etymology:wikidata":"Q55721153","name:etymology:wikipedia":"en:Orrington Lunt","_wikiTried":true},"geometry":{"type":"Polygon","coordinates":[[[-87.6764617,42.0550218],[-87.6763272,42.0548957],[-87.6762851,42.0549233],[-87.6761741,42.0548175],[-87.6762125,42.0547961],[-87.6760843,42.0546678],[-87.6762202,42.0545871],[-87.6763493,42.0547087],[-87.6763832,42.0546872],[-87.6763957,42.054699],[-87.6764186,42.0547205],[-87.6764362,42.0547144],[-87.6764511,42.0547133],[-87.6764691,42.0547154],[-87.6764853,42.0547231],[-87.6764928,42.0547366],[-87.6764927,42.05475],[-87.6764871,42.0547619],[-87.6764738,42.0547706],[-87.6764881,42.0547849],[-87.6765012,42.0547981],[-87.6764814,42.0548086],[-87.6764623,42.0548184],[-87.6765968,42.0549419],[-87.6764617,42.0550218]]]}},{"type":"Feature","id":33908933,"properties":{"osmId":33908933,"category":"academic","addr:city":"Evanston","addr:housenumber":"2121","addr:postcode":"60208","addr:state":"IL","addr:street":"Sheridan Road","building":"university","name":"Loder Hall","_wikiTried":true},"geometry":{"type":"Polygon","coordinates":[[[-87.6752488,42.0559172],[-87.6752498,42.0557714],[-87.6753205,42.0557717],[-87.6753923,42.0557719],[-87.675393,42.0556649],[-87.6751998,42.0556642],[-87.6751395,42.055664],[-87.6751229,42.0556639],[-87.6749703,42.0556633],[-87.6749699,42.0557294],[-87.6749696,42.0557685],[-87.6751154,42.0557691],[-87.6751144,42.0559167],[-87.6752488,42.0559172]]]}},{"type":"Feature","id":33908935,"properties":{"osmId":33908935,"category":"academic","addr:city":"Evanston","addr:housenumber":"2169","addr:postcode":"60208","addr:state":"IL","addr:street":"Campus Drive","addr:street:name":"Campus","addr:street:type":"Drive","building":"university","name":"Allen Center","wikidata":"Q1142073","wikipedia":"en:Kellogg School of Management","_wikiTried":true},"geometry":{"type":"Polygon","coordinates":[[[-87.6731084,42.0557245],[-87.6726229,42.056068],[-87.6726218,42.0561025],[-87.6727486,42.0561906],[-87.6727755,42.0561735],[-87.6729754,42.0563279],[-87.6729298,42.0563639],[-87.6728917,42.056368],[-87.6728516,42.0563865],[-87.6728153,42.0564125],[-87.6728045,42.0564502],[-87.6728071,42.056484],[-87.6728248,42.0565172],[-87.6728515,42.0565335],[-87.6728826,42.0565436],[-87.6727073,42.056671],[-87.6727293,42.0566895],[-87.6726397,42.0567584],[-87.6726367,42.0568534],[-87.6729949,42.0571288],[-87.6730534,42.0570853],[-87.6732804,42.0569163],[-87.6732804,42.0568375],[-87.6731692,42.0567361],[-87.6733163,42.0566466],[-87.6733178,42.0563188],[-87.6732674,42.0562818],[-87.6732631,42.0562454],[-87.6731529,42.0561672],[-87.6732184,42.05614],[-87.6732517,42.0560974],[-87.673258,42.0560464],[-87.6732238,42.0559995],[-87.6731754,42.0559745],[-87.6731268,42.0559683],[-87.6730833,42.0559319],[-87.6732351,42.0558252],[-87.6731084,42.0557245]]]}},{"type":"Feature","id":33908936,"properties":{"osmId":33908936,"category":"academic","addr:city":"Evanston","addr:housenumber":"2200","addr:postcode":"60208","addr:state":"IL","addr:street":"Campus Drive","addr:street:name":"Campus","addr:street:type":"Drive","building":"university","layer":"1","name":"Pancoe-ENH Life Sciences Pavilion","_wikiTried":true},"geometry":{"type":"Polygon","coordinates":[[[-87.6738544,42.0567793],[-87.6735975,42.0567761],[-87.6735451,42.0567747],[-87.6735449,42.0568032],[-87.6735433,42.0569945],[-87.673543,42.057025],[-87.6734696,42.0570246],[-87.6734693,42.0570588],[-87.6733452,42.0570579],[-87.6733454,42.0571568],[-87.6732983,42.057156],[-87.6732908,42.0574739],[-87.6733391,42.0574752],[-87.6733384,42.0575568],[-87.6733371,42.057607],[-87.6734003,42.0576078],[-87.6734013,42.0575299],[-87.6735206,42.0575326],[-87.6735205,42.0575248],[-87.6735992,42.0575251],[-87.6735976,42.0574922],[-87.673658,42.0574936],[-87.6736571,42.0572151],[-87.6737907,42.0572169],[-87.6737908,42.0572057],[-87.6737913,42.0571748],[-87.6737921,42.0571124],[-87.6738801,42.0571136],[-87.67388,42.0570943],[-87.6739183,42.0570952],[-87.6739181,42.0568112],[-87.6738533,42.0568095],[-87.6738544,42.0567793]]]}},{"type":"Feature","id":35598594,"properties":{"osmId":35598594,"category":"academic","addr:city":"Evanston","addr:housenumber":"2145","addr:postcode":"60208","addr:state":"IL","addr:street":"Sheridan Road","addr:street:name":"Sheridan","addr:street:type":"Road","building":"university","name":"Northwestern University Technological Institute","short_name":"Tech Institute","wikidata":"Q7060387","wikipedia":"en:Northwestern Technological Institute","_wikiTried":true},"geometry":{"type":"Polygon","coordinates":[[[-87.6767674,42.0571289],[-87.6767655,42.0576042],[-87.676645,42.0576039],[-87.676536,42.0576037],[-87.6765362,42.0575635],[-87.6762541,42.0575629],[-87.6762539,42.057615],[-87.6762429,42.0576149],[-87.6762437,42.0578247],[-87.6762413,42.0580114],[-87.6762497,42.0580115],[-87.6762494,42.0580741],[-87.6765306,42.0580747],[-87.6765307,42.0580388],[-87.6766424,42.0580391],[-87.676739,42.0580393],[-87.6767371,42.0585201],[-87.6765243,42.0585196],[-87.6762426,42.0585135],[-87.6760043,42.0585129],[-87.6760044,42.0584918],[-87.6757224,42.0584912],[-87.6757223,42.0585093],[-87.6749456,42.0585076],[-87.674947,42.058155],[-87.6749477,42.0579869],[-87.6751899,42.0579875],[-87.6751897,42.0580481],[-87.6754037,42.0580485],[-87.6754034,42.0581284],[-87.6754922,42.0581286],[-87.6754934,42.0578192],[-87.6754947,42.0574969],[-87.6754007,42.0574967],[-87.6754004,42.0575747],[-87.675178,42.0575742],[-87.6751778,42.0576307],[-87.6749572,42.0576302],[-87.6749592,42.0571228],[-87.6750429,42.057123],[-87.6751214,42.0571232],[-87.6751992,42.0571234],[-87.6751992,42.0571345],[-87.6757263,42.0571356],[-87.6757256,42.0573084],[-87.6760139,42.057309],[-87.6760146,42.0571272],[-87.6767674,42.0571289]]]}},{"type":"Feature","id":42701585,"properties":{"osmId":42701585,"category":"academic","access":"university","addr:city":"Evanston","addr:housenumber":"617","addr:postcode":"60201","addr:state":"IL","addr:street":"Foster Street","addr:street:name":"Foster","addr:street:type":"Street","building":"university","leisure":"sports_centre","name":"Blomquist Recreation Center","sport":"basketball","_wikiTried":true},"geometry":{"type":"Polygon","coordinates":[[[-87.6784034,42.0540334],[-87.678387,42.0545616],[-87.67802,42.0545577],[-87.6780341,42.0540272],[-87.6784034,42.0540334]]]}},{"type":"Feature","id":42701586,"properties":{"osmId":42701586,"category":"academic","addr:city":"Evanston","addr:housenumber":"2120","addr:postcode":"60208","addr:state":"IL","addr:street":"Campus Drive","addr:street:name":"Campus","addr:street:type":"Drive","building":"university","name":"Annenberg Hall","_wikiTried":true},"geometry":{"type":"Polygon","coordinates":[[[-87.6747033,42.0562732],[-87.6747073,42.0560766],[-87.6747113,42.0558768],[-87.6746294,42.0558758],[-87.6746297,42.0558592],[-87.6744698,42.0558574],[-87.6742602,42.0558548],[-87.6742574,42.0559784],[-87.6743458,42.0559795],[-87.6743445,42.0560399],[-87.6743226,42.0560396],[-87.6743211,42.0561058],[-87.6743431,42.0561061],[-87.6743417,42.0561648],[-87.6742554,42.0561637],[-87.6742526,42.0562865],[-87.6744138,42.0562885],[-87.6744139,42.0562846],[-87.6744571,42.0562851],[-87.6744571,42.056288],[-87.6746196,42.0562898],[-87.67462,42.0562723],[-87.674667,42.0562729],[-87.6746938,42.0562731],[-87.6747033,42.0562732]]]}},{"type":"Feature","id":42701676,"properties":{"osmId":42701676,"category":"academic","addr:city":"Evanston","addr:housenumber":"601","addr:postcode":"60208","addr:state":"IL","addr:street":"University Place","building":"university","name":"Scott Hall","_wikiTried":true},"geometry":{"type":"Polygon","coordinates":[[[-87.6775164,42.0513476],[-87.6775015,42.0518324],[-87.6775007,42.051858],[-87.6775722,42.051859],[-87.6775663,42.0519841],[-87.6775973,42.0519853],[-87.6775972,42.0519932],[-87.6776392,42.0519929],[-87.67771,42.0519938],[-87.6777101,42.0519848],[-87.6779491,42.0519862],[-87.677949,42.0519924],[-87.678013,42.0519928],[-87.6780131,42.0519864],[-87.6781247,42.0519872],[-87.6781273,42.0517637],[-87.6780184,42.051763],[-87.6779506,42.0517422],[-87.6777696,42.0516868],[-87.6777711,42.0515431],[-87.6777784,42.0513639],[-87.6776977,42.0513632],[-87.6776998,42.0513335],[-87.6776361,42.0513298],[-87.6776359,42.051348],[-87.6775164,42.0513476]]]}},{"type":"Feature","id":42702015,"properties":{"osmId":42702015,"category":"academic","addr:city":"Evanston","addr:housenumber":"633","addr:postcode":"60208","addr:state":"IL","addr:street":"Emerson Street","addr:street:name":"Emerson","addr:street:type":"Street","building":"university","name":"Searle Hall","_wikiTried":true},"geometry":{"type":"Polygon","coordinates":[[[-87.6794525,42.0522389],[-87.679452,42.0522688],[-87.6794642,42.052269],[-87.6794631,42.0523328],[-87.6794515,42.0523327],[-87.6794509,42.0523656],[-87.6788579,42.05236],[-87.6788569,42.0524224],[-87.6788795,42.0524226],[-87.6788783,42.0524933],[-87.6785609,42.0524903],[-87.6785661,42.052187],[-87.6787921,42.0521891],[-87.6787913,42.0522327],[-87.6794525,42.0522389]]]}},{"type":"Feature","id":42702286,"properties":{"osmId":42702286,"category":"academic","addr:city":"Evanston","addr:housenumber":"2133","addr:postcode":"60208","addr:state":"IL","addr:street":"Sheridan Road","addr:street:name":"Sheridan","addr:street:type":"Road","building":"university","name":"Ford Design Center","office":"research","_wikiTried":true},"geometry":{"type":"Polygon","coordinates":[[[-87.67678,42.0567611],[-87.6766116,42.0567599],[-87.6766114,42.0567798],[-87.6765551,42.0567794],[-87.6765553,42.0567607],[-87.6763556,42.0567592],[-87.6763517,42.0570648],[-87.6765435,42.0570662],[-87.6765436,42.0570539],[-87.6766027,42.0570543],[-87.6766025,42.0570668],[-87.676776,42.057068],[-87.6767766,42.0570237],[-87.6767768,42.0570062],[-87.6767771,42.0569852],[-87.67678,42.0567611]]]}},{"type":"Feature","id":42702397,"properties":{"osmId":42702397,"category":"academic","addr:city":"Evanston","addr:housenumber":"1856","addr:postcode":"60208","addr:state":"IL","addr:street":"Sheridan Road","addr:street:name":"Sheridan","addr:street:type":"Road","building":"university","name":"Levere Memorial Temple","wikidata":"Q7512272","wikipedia":"en:Sigma Alpha Epsilon","_wikiTried":true},"geometry":{"type":"Polygon","coordinates":[[[-87.6761916,42.0503404],[-87.6762471,42.0502283],[-87.6762013,42.0502158],[-87.6761348,42.0503501],[-87.6760969,42.0503397],[-87.6760381,42.0503698],[-87.6760155,42.0504094],[-87.6760336,42.0504503],[-87.6762645,42.0505134],[-87.6762556,42.0505312],[-87.6763214,42.0505492],[-87.6763306,42.0505307],[-87.6765872,42.0506008],[-87.6767055,42.0503619],[-87.6765861,42.0503293],[-87.6765343,42.0504339],[-87.6761916,42.0503404]]]}},{"type":"Feature","id":42702425,"properties":{"osmId":42702425,"category":"residential","addr:city":"Evanston","addr:housename":"Allison Residential Community","addr:housenumber":"1820","addr:postcode":"60208","addr:state":"IL","addr:street":"Chicago Avenue","addr:street:name":"Chicago","addr:street:type":"Avenue","building":"dormitory","building:levels":"5","name":"Allison Residential Community","roof:levels":"0","_wikiTried":true},"geometry":{"type":"Polygon","coordinates":[[[-87.6778237,42.0506101],[-87.6779469,42.0503492],[-87.6781354,42.0503983],[-87.6781741,42.0503162],[-87.6785266,42.050408],[-87.6784879,42.05049],[-87.6785131,42.0504966],[-87.6786263,42.0502569],[-87.6790319,42.0503625],[-87.6790048,42.0504198],[-87.6789845,42.0504628],[-87.6787574,42.0504037],[-87.6787095,42.0503912],[-87.6785912,42.0506417],[-87.6783658,42.050583],[-87.6780394,42.0504981],[-87.6779687,42.0506478],[-87.6778237,42.0506101]]]}},{"type":"Feature","id":42702433,"properties":{"osmId":42702433,"category":"residential","addr:city":"Evanston","addr:housenumber":"626","addr:postcode":"60208","addr:state":"IL","addr:street":"University Place","addr:street:name":"University","addr:street:type":"Place","building":"dormitory","building:levels":"4","layer":"1","name":"Shepard Residence Hall","roof:levels":"0","_wikiTried":true},"geometry":{"type":"Polygon","coordinates":[[[-87.6792853,42.0507146],[-87.6792055,42.0506921],[-87.6791891,42.0507066],[-87.679137,42.0506918],[-87.6791012,42.0507614],[-87.679111,42.0507847],[-87.6790036,42.0508095],[-87.6789858,42.0507669],[-87.6788877,42.0507895],[-87.6788749,42.0507589],[-87.6786974,42.0507998],[-87.6786623,42.0508079],[-87.678579,42.0507824],[-87.6784948,42.0509336],[-87.6787,42.0509966],[-87.6792067,42.0508685],[-87.6792853,42.0507146]]]}},{"type":"Feature","id":42702460,"properties":{"osmId":42702460,"category":"residential","addr:city":"Evanston","addr:housenumber":"1865","addr:postcode":"60208","addr:state":"IL","addr:street":"Sherman Avenue","addr:street:name":"Sherman","addr:street:type":"Avenue","building":"dormitory","building:levels":"4","name":"Willard Residential College","roof:levels":"1","roof:shape":"many","website":"http://www.willardrc.org/","_wikiTried":true},"geometry":{"type":"Polygon","coordinates":[[[-87.6815633,42.0514114],[-87.6813767,42.0514108],[-87.6813758,42.0515639],[-87.6813757,42.0515787],[-87.6813744,42.0517936],[-87.6811799,42.051793],[-87.6811809,42.0516355],[-87.6811173,42.0516369],[-87.6809586,42.0516309],[-87.6809625,42.0517499],[-87.6810253,42.051753],[-87.6810266,42.0519341],[-87.6815536,42.0519391],[-87.6815633,42.0514114]]]}},{"type":"Feature","id":42702505,"properties":{"osmId":42702505,"category":"residential","addr:city":"Evanston","addr:housenumber":"720","addr:postcode":"60208","addr:state":"IL","addr:street":"Emerson Street","addr:street:name":"Emerson","addr:street:type":"Street","building":"dormitory","name":"Sigma Alpha Iota Sorority","_wikiTried":true},"geometry":{"type":"Polygon","coordinates":[[[-87.6810034,42.0519],[-87.6810034,42.0517982],[-87.6807088,42.0517983],[-87.6807088,42.0519],[-87.6810034,42.0519]]]}},{"type":"Feature","id":42702506,"properties":{"osmId":42702506,"category":"residential","addr:city":"Evanston","addr:housenumber":"710","addr:postcode":"60208","addr:state":"IL","addr:street":"Emerson Street","addr:street:name":"Emerson","addr:street:type":"Street","building":"dormitory","name":"Zeta Tau Alpha Sorority","_wikiTried":true},"geometry":{"type":"Polygon","coordinates":[[[-87.680637,42.0518938],[-87.680638,42.0517558],[-87.6804915,42.0517552],[-87.6804912,42.0517964],[-87.6803363,42.0517958],[-87.6803356,42.0518926],[-87.680637,42.0518938]]]}},{"type":"Feature","id":42702507,"properties":{"osmId":42702507,"category":"residential","addr:city":"Evanston","addr:housenumber":"1870","addr:postcode":"60208","addr:state":"IL","addr:street":"Orrington Avenue","addr:street:name":"Orrington","addr:street:type":"Avenue","building":"dormitory","name":"Chi Omega Sorority","_wikiTried":true},"geometry":{"type":"Polygon","coordinates":[[[-87.680012,42.0517749],[-87.6800112,42.0518914],[-87.6803356,42.0518926],[-87.6803363,42.0517958],[-87.6801107,42.0517949],[-87.6801108,42.0517753],[-87.680012,42.0517749]]]}},{"type":"Feature","id":42702514,"properties":{"osmId":42702514,"category":"residential","addr:city":"Evanston","addr:housenumber":"1856","addr:postcode":"60208","addr:state":"IL","addr:street":"Orrington Avenue","building":"dormitory","name":"1856 Orrington Residence Hall","_wikiTried":true},"geometry":{"type":"Polygon","coordinates":[[[-87.6801123,42.051665],[-87.6801966,42.0516656],[-87.6801974,42.0516047],[-87.6801979,42.0515632],[-87.6800152,42.0515618],[-87.680012,42.0517749],[-87.6801108,42.0517753],[-87.6801123,42.051665]]]}},{"type":"Feature","id":42702519,"properties":{"osmId":42702519,"category":"residential","addr:city":"Evanston","addr:housenumber":"650","addr:postcode":"60208","addr:state":"IL","addr:street":"Emerson Street","addr:street:name":"Emerson","addr:street:type":"Street","building":"dormitory","name":"North Mid-Quads Residence Hall","_wikiTried":true},"geometry":{"type":"Polygon","coordinates":[[[-87.6800002,42.0517686],[-87.6799998,42.0519024],[-87.6796414,42.0518997],[-87.6796453,42.0517679],[-87.6797771,42.0517679],[-87.6797771,42.0517617],[-87.6798743,42.0517618],[-87.6798743,42.0517682],[-87.6800002,42.0517686]]]}},{"type":"Feature","id":42702558,"properties":{"osmId":42702558,"category":"residential","addr:city":"Evanston","addr:housenumber":"721","addr:postcode":"60208","addr:state":"IL","addr:street":"University Place","addr:street:name":"University","addr:street:type":"Place","building":"dormitory","name":"Evans Scholars","_wikiTried":true},"geometry":{"type":"Polygon","coordinates":[[[-87.6813364,42.0513988],[-87.681028,42.0513964],[-87.6810261,42.0515272],[-87.6813345,42.0515296],[-87.6813364,42.0513988]]]}},{"type":"Feature","id":42702561,"properties":{"osmId":42702561,"category":"residential","addr:city":"Evanston","addr:housenumber":"717","addr:postcode":"60208","addr:state":"IL","addr:street":"University Place","addr:street:name":"University","addr:street:type":"Place","building":"dormitory","name":"Delta Zeta Sorority","_wikiTried":true},"geometry":{"type":"Polygon","coordinates":[[[-87.680662,42.0515028],[-87.6809453,42.0515036],[-87.6809457,42.0515378],[-87.6810174,42.0515381],[-87.6810161,42.0514535],[-87.6809914,42.0514529],[-87.6809923,42.0513996],[-87.6808795,42.0513994],[-87.6808796,42.0513911],[-87.6807822,42.05139],[-87.6807828,42.0513993],[-87.6807049,42.0513983],[-87.6807043,42.0514377],[-87.6806638,42.0514376],[-87.680662,42.0515028]]]}},{"type":"Feature","id":42702572,"properties":{"osmId":42702572,"category":"residential","addr:city":"Evanston","addr:housenumber":"711","addr:postcode":"60208","addr:state":"IL","addr:street":"University Place","addr:street:name":"University","addr:street:type":"Place","building":"dormitory","name":"Kappa Delta Sorority","_wikiTried":true},"geometry":{"type":"Polygon","coordinates":[[[-87.680662,42.0515028],[-87.6803477,42.051501],[-87.680348,42.0514832],[-87.6802734,42.0514818],[-87.6802752,42.0514133],[-87.6803483,42.0514143],[-87.6803489,42.0513413],[-87.6806665,42.0513413],[-87.6806638,42.0514376],[-87.680662,42.0515028]]]}},{"type":"Feature","id":42702579,"properties":{"osmId":42702579,"category":"residential","addr:city":"Evanston","addr:housenumber":"701","addr:postcode":"60208","addr:state":"IL","addr:street":"University Place","addr:street:name":"University","addr:street:type":"Place","building":"dormitory","name":"Alpha Phi Sorority","_wikiTried":true},"geometry":{"type":"Polygon","coordinates":[[[-87.6800959,42.0515357],[-87.6800015,42.0515361],[-87.6800033,42.0513951],[-87.6800854,42.0513955],[-87.680096,42.0513847],[-87.6801346,42.0513852],[-87.6801441,42.0513949],[-87.6802757,42.0513964],[-87.6802752,42.0514133],[-87.6802734,42.0514818],[-87.6802728,42.0515053],[-87.6800959,42.0515036],[-87.6800959,42.0515357]]]}},{"type":"Feature","id":42702602,"properties":{"osmId":42702602,"category":"residential","addr:city":"Evanston","addr:housenumber":"655","addr:postcode":"60208","addr:state":"IL","addr:street":"University Place","addr:street:name":"University","addr:street:type":"Place","building":"dormitory","name":"South Mid-Quads Residence Hall","_wikiTried":true},"geometry":{"type":"Polygon","coordinates":[[[-87.6799239,42.0514669],[-87.6799262,42.0513359],[-87.6795679,42.0513324],[-87.6795672,42.0513747],[-87.679566,42.0514432],[-87.6795656,42.0514633],[-87.6796619,42.0514643],[-87.6796773,42.0514644],[-87.6799239,42.0514669]]]}},{"type":"Feature","id":42702724,"properties":{"osmId":42702724,"category":"residential","addr:city":"Evanston","addr:housenumber":"636","addr:postcode":"60201","addr:street":"Emerson Street","addr:street:name":"Emerson","addr:street:type":"Street","building":"dormitory","name":"Pi Beta Phi Sorority","_wikiTried":true},"geometry":{"type":"Polygon","coordinates":[[[-87.6792518,42.0519825],[-87.6792519,42.0519776],[-87.679254,42.0519031],[-87.6792546,42.0518812],[-87.6792175,42.0518804],[-87.6792184,42.0518404],[-87.67921,42.05184],[-87.6792041,42.051831],[-87.6791693,42.0518302],[-87.6791625,42.0518399],[-87.6791066,42.0518393],[-87.6791067,42.0518784],[-87.6789717,42.0518779],[-87.6789693,42.0519788],[-87.6792518,42.0519825]]]}},{"type":"Feature","id":42702725,"properties":{"osmId":42702725,"category":"residential","addr:city":"Evanston","addr:housenumber":"630","addr:postcode":"60208","addr:state":"IL","addr:street":"Emerson Street","addr:street:name":"Emerson","addr:street:type":"Street","building":"dormitory","name":"Hobart House (Womens Residential College)","_wikiTried":true},"geometry":{"type":"Polygon","coordinates":[[[-87.6789767,42.0516585],[-87.6788254,42.0516565],[-87.6788158,42.0516564],[-87.6788084,42.0519767],[-87.6789693,42.0519788],[-87.6789717,42.0518779],[-87.6789767,42.0516585]]]}},{"type":"Feature","id":42702741,"properties":{"osmId":42702741,"category":"residential","addr:city":"Evanston","addr:housenumber":"647","addr:postcode":"60208","addr:state":"IL","addr:street":"University Place","addr:street:name":"University","addr:street:type":"Place","building":"dormitory","name":"Rogers House Residence Hall","_wikiTried":true},"geometry":{"type":"Polygon","coordinates":[[[-87.6795287,42.0515315],[-87.6795292,42.0514712],[-87.67955,42.0514717],[-87.6795508,42.0514428],[-87.679566,42.0514432],[-87.6795672,42.0513747],[-87.679312,42.0513696],[-87.6793128,42.051345],[-87.679192,42.0513452],[-87.6791925,42.0513807],[-87.6791499,42.0513814],[-87.6791506,42.0514026],[-87.6791506,42.0514723],[-87.6791508,42.0514878],[-87.6792585,42.0514894],[-87.6792586,42.0514767],[-87.6794012,42.0514783],[-87.6794002,42.0515304],[-87.6795287,42.0515315]]]}},{"type":"Feature","id":42702742,"properties":{"osmId":42702742,"category":"residential","addr:city":"Evanston","addr:housenumber":"637","addr:postcode":"60208","addr:state":"IL","addr:street":"University Place","addr:street:name":"University","addr:street:type":"Place","building":"dormitory","name":"Alpha Chi Omega Sorority","_wikiTried":true},"geometry":{"type":"Polygon","coordinates":[[[-87.6787839,42.0514829],[-87.6787839,42.0514755],[-87.6787844,42.0513857],[-87.6787844,42.0513762],[-87.6790918,42.0513728],[-87.6790922,42.0513814],[-87.6791288,42.0513824],[-87.6791295,42.051402],[-87.6791506,42.0514026],[-87.6791506,42.0514723],[-87.678989,42.0514709],[-87.6789892,42.051483],[-87.6787839,42.0514829]]]}},{"type":"Feature","id":42702791,"properties":{"osmId":42702791,"category":"residential","addr:city":"Evanston","addr:housename":"Chapin Hall","addr:housenumber":"726","addr:postcode":"60208","addr:state":"IL","addr:street":"University Place","addr:street:name":"University","addr:street:type":"Place","building":"dormitory","name":"Chapin Hall","_wikiTried":true},"geometry":{"type":"Polygon","coordinates":[[[-87.6815502,42.0511126],[-87.6815536,42.0509692],[-87.6810472,42.0509626],[-87.6810438,42.0511059],[-87.6815502,42.0511126]]]}},{"type":"Feature","id":42702792,"properties":{"osmId":42702792,"category":"academic","addr:city":"Evanston","addr:country":"US","addr:housenumber":"1823","addr:postcode":"60208","addr:state":"IL","addr:street":"Sherman Avenue","addr:street:name":"Sherman","addr:street:type":"Avenue","building":"university","name":"Music Practice Building","nickname":"The Beehive","_wikiTried":true},"geometry":{"type":"Polygon","coordinates":[[[-87.6815407,42.0506924],[-87.6815407,42.0508453],[-87.6814205,42.0508453],[-87.6814205,42.0506924],[-87.6815407,42.0506924]]]}},{"type":"Feature","id":42702794,"properties":{"osmId":42702794,"category":"academic","addr:city":"Evanston","addr:housenumber":"711","addr:postcode":"60208","addr:state":"IL","addr:street":"Elgin Road","addr:street:name":"Elgin","addr:street:type":"Road","building":"university","name":"Music Administration Building","_wikiTried":true},"geometry":{"type":"Polygon","coordinates":[[[-87.6810766,42.0505977],[-87.6810586,42.0505973],[-87.6810443,42.0506071],[-87.6809666,42.0506072],[-87.6809519,42.0505969],[-87.6808218,42.0505957],[-87.6808038,42.0506064],[-87.6807289,42.0506044],[-87.6807147,42.0505946],[-87.680701,42.0505935],[-87.6807029,42.0505542],[-87.6806566,42.0505536],[-87.6806567,42.0505594],[-87.6806212,42.0505588],[-87.6806202,42.0506431],[-87.6807131,42.0506439],[-87.6807531,42.0506781],[-87.6807537,42.0507329],[-87.6807137,42.0507625],[-87.6806107,42.0507605],[-87.6806117,42.0508282],[-87.6804299,42.0508257],[-87.6804298,42.0507618],[-87.6804213,42.0507621],[-87.6804245,42.0506341],[-87.6804332,42.0506338],[-87.680433,42.050558],[-87.6804083,42.0505581],[-87.6804081,42.0504646],[-87.6804764,42.050465],[-87.6804885,42.0504546],[-87.6804995,42.0504546],[-87.680498,42.0504355],[-87.6805769,42.0504364],[-87.6805758,42.0504571],[-87.6805888,42.0504579],[-87.6805961,42.0504664],[-87.6806592,42.0504672],[-87.6806581,42.0505171],[-87.6807056,42.0505167],[-87.6807048,42.0504695],[-87.6809573,42.0504732],[-87.6809756,42.0504616],[-87.6810476,42.0504621],[-87.6810632,42.0504728],[-87.6810791,42.0504725],[-87.6810766,42.0505977]]]}},{"type":"Feature","id":42702796,"properties":{"osmId":42702796,"category":"academic","addr:city":"Evanston","addr:housenumber":"720","addr:postcode":"60208","addr:state":"IL","addr:street":"University Place","addr:street:name":"University","addr:street:type":"Place","building":"university","name":"Office of Human Resources","_wikiTried":true},"geometry":{"type":"Polygon","coordinates":[[[-87.6809198,42.051],[-87.6809169,42.0511235],[-87.6805419,42.0511187],[-87.6805447,42.0509953],[-87.6809198,42.051]]]}},{"type":"Feature","id":42702797,"properties":{"osmId":42702797,"category":"academic","addr:city":"Evanston","addr:housenumber":"700","addr:postcode":"60208","addr:state":"IL","addr:street":"University Place","addr:street:name":"University","addr:street:type":"Place","building":"university","name":"Lutkin Hall","_wikiTried":true},"geometry":{"type":"Polygon","coordinates":[[[-87.6804061,42.0509268],[-87.6804054,42.0509887],[-87.6804672,42.0509891],[-87.6804663,42.0510688],[-87.6804043,42.0510684],[-87.6804038,42.0511116],[-87.6800798,42.0511095],[-87.6800806,42.0510435],[-87.6800518,42.0510325],[-87.6800518,42.0510038],[-87.6800806,42.0509901],[-87.6800813,42.0509247],[-87.6804061,42.0509268]]]}},{"type":"Feature","id":42702799,"properties":{"osmId":42702799,"category":"residential","addr:city":"Evanston","addr:housenumber":"626","addr:postcode":"60208","addr:state":"IL","addr:street":"Emerson Street","addr:street:name":"Emerson","addr:street:type":"Street","building":"dormitory","name":"Phi Mu Alpha","_wikiTried":true},"geometry":{"type":"Polygon","coordinates":[[[-87.6787942,42.0519804],[-87.6787968,42.0518772],[-87.6784947,42.0518777],[-87.6784948,42.0518947],[-87.6784799,42.0518947],[-87.67848,42.0519579],[-87.6785013,42.0519579],[-87.6785013,42.0519771],[-87.6787942,42.0519804]]]}},{"type":"Feature","id":42702800,"properties":{"osmId":42702800,"category":"residential","addr:city":"Evanston","addr:housenumber":"618","addr:postcode":"60208","addr:state":"IL","addr:street":"Emerson Street","addr:street:name":"Emerson","addr:street:type":"Street","building":"dormitory","name":"Delta Gamma Sorority","_wikiTried":true},"geometry":{"type":"Polygon","coordinates":[[[-87.6784538,42.0519779],[-87.6784541,42.0519572],[-87.67848,42.0519579],[-87.6784799,42.0518947],[-87.6784552,42.0518957],[-87.6784556,42.0518592],[-87.678155,42.0518574],[-87.6781537,42.051976],[-87.6784538,42.0519779]]]}},{"type":"Feature","id":42702801,"properties":{"osmId":42702801,"category":"residential","addr:city":"Evanston","addr:housenumber":"625","addr:postcode":"60208","addr:state":"IL","addr:street":"University Place","addr:street:name":"University","addr:street:type":"Place","building":"dormitory","name":"Delta Delta Delta Sorority","_wikiTried":true},"geometry":{"type":"Polygon","coordinates":[[[-87.6787839,42.0514755],[-87.6787844,42.0513857],[-87.6787653,42.0513856],[-87.6787655,42.0513303],[-87.6784812,42.0513289],[-87.6784825,42.0514185],[-87.6784832,42.0514603],[-87.6784837,42.0514953],[-87.6787281,42.0514956],[-87.6787279,42.0514759],[-87.6787839,42.0514755]]]}},{"type":"Feature","id":42702830,"properties":{"osmId":42702830,"category":"academic","addr:city":"Evanston","addr:housenumber":"633","addr:postcode":"60208","addr:state":"IL","addr:street":"Clark Street","addr:street:name":"Clark","addr:street:type":"Street","building":"university","layer":"2","name":"Rebecca Crown Center","wikidata":"Q66126455","_wikiTried":true},"geometry":{"type":"Polygon","coordinates":[[[-87.6803455,42.0503051],[-87.6801945,42.0502659],[-87.680172,42.0503197],[-87.6796032,42.0501838],[-87.6795775,42.0502343],[-87.6795084,42.0503701],[-87.6792497,42.0503009],[-87.6792151,42.0503738],[-87.6794046,42.0504234],[-87.6793599,42.0505175],[-87.6796556,42.0505949],[-87.6795521,42.050813],[-87.6796886,42.0508487],[-87.679713,42.0507974],[-87.679922,42.0508632],[-87.6799704,42.0507633],[-87.6798919,42.0507406],[-87.679985,42.0505598],[-87.6802294,42.0506178],[-87.6802807,42.0505097],[-87.6802427,42.0504997],[-87.6803455,42.0503051]]]}},{"type":"Feature","id":42702844,"properties":{"osmId":42702844,"category":"academic","addr:city":"Evanston","addr:housenumber":"619","addr:postcode":"60208","addr:state":"IL","addr:street":"Clark Street","addr:street:name":"Clark","addr:street:type":"Street","building":"university"},"geometry":{"type":"Polygon","coordinates":[[[-87.6789908,42.0502324],[-87.6791675,42.0498799],[-87.6790054,42.0498351],[-87.6788286,42.0501876],[-87.6789908,42.0502324]]]}},{"type":"Feature","id":42702935,"properties":{"osmId":42702935,"category":"academic","addr:city":"Evanston","addr:housenumber":"1808","addr:postcode":"60208","addr:state":"IL","addr:street":"Chicago Avenue","addr:street:name":"Chicago","addr:street:type":"Avenue","building":"university"},"geometry":{"type":"Polygon","coordinates":[[[-87.6783957,42.0499927],[-87.6784404,42.0499008],[-87.6782009,42.0498367],[-87.6781563,42.0499285],[-87.6783957,42.0499927]]]}},{"type":"Feature","id":42702938,"properties":{"osmId":42702938,"category":"academic","addr:city":"Evanston","addr:housenumber":"1810-1812","addr:postcode":"60208","addr:state":"IL","addr:street":"Chicago Avenue","addr:street:name":"Chicago","addr:street:type":"Avenue","building":"university"},"geometry":{"type":"Polygon","coordinates":[[[-87.6783613,42.050011],[-87.6782879,42.0501607],[-87.6780815,42.0501049],[-87.6781548,42.0499552],[-87.6783613,42.050011]]]}},{"type":"Feature","id":42702940,"properties":{"osmId":42702940,"category":"academic","addr:city":"Evanston","addr:housenumber":"555","addr:postcode":"60201","addr:state":"IL","addr:street":"Clark Street","addr:street:name":"Clark","addr:street:type":"Street","building":"university","building:levels":"4","name":"University Relations","_wikiTried":true},"geometry":{"type":"Polygon","coordinates":[[[-87.6776986,42.0496599],[-87.6774539,42.0495961],[-87.6773917,42.0497276],[-87.6772568,42.0496925],[-87.6772832,42.0496367],[-87.6772511,42.0496283],[-87.6773151,42.0494931],[-87.6773487,42.0495018],[-87.6773897,42.0494151],[-87.6777678,42.0495137],[-87.6776986,42.0496599]]]}},{"type":"Feature","id":42702947,"properties":{"osmId":42702947,"category":"academic","addr:city":"Evanston","addr:housenumber":"1809","addr:postcode":"60208","addr:state":"IL","addr:street":"Chicago Avenue","addr:street:name":"Chicago","addr:street:type":"Avenue","building":"university"},"geometry":{"type":"Polygon","coordinates":[[[-87.6776091,42.049668],[-87.6774927,42.0496383],[-87.6774422,42.0497472],[-87.6775586,42.049777],[-87.6776091,42.049668]]]}},{"type":"Feature","id":42702948,"properties":{"osmId":42702948,"category":"academic","addr:city":"Evanston","addr:housenumber":"1815","addr:postcode":"60208","addr:state":"IL","addr:street":"Chicago Avenue","addr:street:name":"Chicago","addr:street:type":"Avenue","building":"university"},"geometry":{"type":"Polygon","coordinates":[[[-87.6775398,42.0498458],[-87.6772715,42.0497766],[-87.6772147,42.0498983],[-87.6774829,42.0499674],[-87.6775398,42.0498458]]]}},{"type":"Feature","id":42702950,"properties":{"osmId":42702950,"category":"residential","addr:city":"Evanston","addr:housename":"1835 Hinman","addr:housenumber":"1835","addr:postcode":"60208","addr:state":"IL","addr:street":"Hinman Avenue","addr:street:name":"Hinman","addr:street:type":"Avenue","building":"dormitory","name":"1835 Hinman","source":"http://maps.northwestern.edu/","_wikiTried":true},"geometry":{"type":"Polygon","coordinates":[[[-87.67539,42.0501728],[-87.6753963,42.0501601],[-87.6753829,42.0501562],[-87.6754017,42.050119],[-87.6754185,42.0501147],[-87.6754402,42.0500693],[-87.6754016,42.0500584],[-87.6753973,42.0500675],[-87.6753197,42.0500946],[-87.6752504,42.0500767],[-87.6752801,42.0500128],[-87.6752557,42.0499726],[-87.6752851,42.0499098],[-87.6752584,42.0498671],[-87.6752876,42.0498052],[-87.6752627,42.0497623],[-87.6753074,42.0496669],[-87.6755571,42.0497345],[-87.6755526,42.0497441],[-87.6755946,42.0497557],[-87.675599,42.049746],[-87.6757382,42.0497811],[-87.6757257,42.0498053],[-87.6757117,42.0498011],[-87.6756791,42.04987],[-87.6756923,42.0498736],[-87.6756659,42.0499265],[-87.6756524,42.0499225],[-87.6756206,42.0499877],[-87.6756346,42.0499912],[-87.6756111,42.0500379],[-87.6755968,42.0500344],[-87.6755665,42.0500985],[-87.6755806,42.0501019],[-87.6755555,42.0501537],[-87.6755421,42.0501501],[-87.6754705,42.0503022],[-87.6753078,42.0502574],[-87.6753025,42.0502687],[-87.6752562,42.050256],[-87.6752455,42.0502405],[-87.6751837,42.0502234],[-87.6751782,42.0502348],[-87.6751268,42.0502198],[-87.6751201,42.0502062],[-87.6750528,42.0501877],[-87.6750794,42.0501364],[-87.6750844,42.0501269],[-87.6750983,42.0501305],[-87.6751064,42.0501156],[-87.6751208,42.0501193],[-87.675129,42.0501035],[-87.6752248,42.0501287],[-87.6752285,42.0501205],[-87.6752999,42.050139],[-87.6752956,42.0501479],[-87.67539,42.0501728]]]}},{"type":"Feature","id":42702957,"properties":{"osmId":42702957,"category":"academic","addr:city":"Evanston","addr:housenumber":"1801","addr:postcode":"60208","addr:state":"IL","addr:street":"Hinman Avenue","addr:street:name":"Hinman","addr:street:type":"Avenue","building":"university","name":"Admissions and Financial Aid","_wikiTried":true},"geometry":{"type":"Polygon","coordinates":[[[-87.6760549,42.0490845],[-87.6759049,42.0490448],[-87.6758956,42.0490636],[-87.6756564,42.0489967],[-87.6755991,42.0491141],[-87.6758338,42.0491773],[-87.6757908,42.049267],[-87.6759476,42.0493085],[-87.6760549,42.0490845]]]}},{"type":"Feature","id":42703496,"properties":{"osmId":42703496,"category":"academic","addr:city":"Evanston","addr:housenumber":"2137","addr:postcode":"60208","addr:state":"IL","addr:street":"Tech Drive","addr:street:name":"Tech","addr:street:type":"Drive","building":"university","name":"Catalysis Center","_wikiTried":true},"geometry":{"type":"Polygon","coordinates":[[[-87.675431,42.0570477],[-87.6754331,42.0568665],[-87.675367,42.0568658],[-87.6753702,42.0568012],[-87.6752453,42.056799],[-87.6752443,42.0568639],[-87.6748556,42.0568653],[-87.6748536,42.0569294],[-87.6748529,42.0569513],[-87.6748501,42.0570446],[-87.6751198,42.057046],[-87.6751258,42.0570462],[-87.675431,42.0570477]]]}},{"type":"Feature","id":42703497,"properties":{"osmId":42703497,"category":"academic","addr:city":"Evanston","addr:housenumber":"2131","addr:postcode":"60208","addr:state":"IL","addr:street":"Tech Drive","addr:street:name":"Tech","addr:street:type":"Drive","building":"university","man_made":"observatory","name":"Dearborn Observatory","operator":"Northwestern University","operator:type":"university","wikidata":"Q4553007","wikipedia":"en:Dearborn Observatory","_wikiTried":true},"geometry":{"type":"Polygon","coordinates":[[[-87.6751996,42.0567945],[-87.6752009,42.0566821],[-87.6752012,42.0566625],[-87.6752009,42.0566173],[-87.6751994,42.0566028],[-87.6751933,42.0565886],[-87.6751794,42.0565763],[-87.6751633,42.0565701],[-87.675145,42.056568],[-87.6749762,42.0565688],[-87.6749653,42.0565699],[-87.6749529,42.0565736],[-87.6749447,42.0565784],[-87.674937,42.0565916],[-87.6749358,42.0566852],[-87.6749994,42.0566855],[-87.6749982,42.0567945],[-87.6751996,42.0567945]]]}},{"type":"Feature","id":42703498,"properties":{"osmId":42703498,"category":"academic","addr:city":"Evanston","addr:housenumber":"2190","addr:postcode":"60208","addr:state":"IL","addr:street":"Campus Drive","addr:street:name":"Campus","addr:street:type":"Drive","building":"university","building:levels":"3","layer":"1","name":"Ryan Hall","roof:levels":"0","_wikiTried":true},"geometry":{"type":"Polygon","coordinates":[[[-87.6746856,42.0566141],[-87.6743844,42.0566093],[-87.674384,42.0566464],[-87.6743337,42.056646],[-87.6743335,42.0566555],[-87.6743296,42.0568913],[-87.6742923,42.0568916],[-87.674292,42.0569164],[-87.6742917,42.0569422],[-87.6743572,42.056943],[-87.6743568,42.0569898],[-87.6744206,42.0569897],[-87.6744205,42.0570387],[-87.6744849,42.0570381],[-87.6744845,42.0570877],[-87.6745339,42.0570875],[-87.674534,42.0570958],[-87.6746093,42.0570961],[-87.6746103,42.0570789],[-87.6747121,42.0570781],[-87.6747149,42.0569515],[-87.6748529,42.0569513],[-87.6748536,42.0569294],[-87.6746775,42.0569285],[-87.6746856,42.0566141]]]}},{"type":"Feature","id":42703499,"properties":{"osmId":42703499,"category":"academic","addr:city":"Evanston","addr:housenumber":"2205","addr:postcode":"60208","addr:state":"IL","addr:street":"Tech Drive","addr:street:name":"Tech","addr:street:type":"Drive","building":"university","name":"Hogan Biological Sciences Building","_wikiTried":true},"geometry":{"type":"Polygon","coordinates":[[[-87.6744501,42.0574861],[-87.6744504,42.0574464],[-87.6744658,42.057436],[-87.6744807,42.0574358],[-87.674484,42.0574386],[-87.674487,42.057439],[-87.67449,42.0574373],[-87.6744892,42.0574339],[-87.6744507,42.0574058],[-87.6744507,42.0573922],[-87.6744637,42.0573843],[-87.6744691,42.0573842],[-87.6744713,42.0573826],[-87.6744713,42.0573801],[-87.6744688,42.0573785],[-87.6744152,42.0573776],[-87.6743929,42.0573627],[-87.6743936,42.0573387],[-87.6744094,42.0573292],[-87.6744273,42.0573293],[-87.6744278,42.0573316],[-87.6744292,42.0573324],[-87.6744324,42.0573322],[-87.6744336,42.0573304],[-87.6744329,42.0573282],[-87.6744229,42.0573208],[-87.6743958,42.0573008],[-87.6743959,42.0572854],[-87.6744179,42.0572714],[-87.6743586,42.0572713],[-87.6743361,42.0572564],[-87.6743369,42.057233],[-87.6743524,42.0572227],[-87.6743786,42.0572232],[-87.6743385,42.0571936],[-87.6743382,42.0571775],[-87.6743588,42.057164],[-87.6743012,42.0571633],[-87.6742886,42.0571546],[-87.6742877,42.0571348],[-87.6742476,42.0571631],[-87.6742263,42.0571628],[-87.6742124,42.0571499],[-87.6742127,42.0571918],[-87.6741913,42.0572102],[-87.6741606,42.0572107],[-87.6741456,42.0571979],[-87.6741465,42.0571783],[-87.6741061,42.0572083],[-87.6740875,42.0572083],[-87.6740727,42.0571939],[-87.674072,42.0572337],[-87.674047,42.0572533],[-87.6740146,42.0572529],[-87.6740005,42.0572403],[-87.6740048,42.0572204],[-87.6739646,42.0572492],[-87.6739437,42.0572491],[-87.6739272,42.0572326],[-87.6739281,42.0572772],[-87.6737913,42.0571748],[-87.6737908,42.0572057],[-87.6738918,42.057282],[-87.6738857,42.0572874],[-87.6739247,42.0573148],[-87.6739247,42.0573295],[-87.6739069,42.0573392],[-87.6739038,42.0573416],[-87.6739053,42.0573443],[-87.6739629,42.057344],[-87.6739807,42.0573583],[-87.6739809,42.0573852],[-87.6739688,42.0573944],[-87.6739496,42.0573944],[-87.6739474,42.0573926],[-87.6739442,42.0573921],[-87.6739414,42.0573935],[-87.6739421,42.0573967],[-87.6739457,42.0573977],[-87.6739813,42.0574228],[-87.6739813,42.0574358],[-87.6739691,42.0574436],[-87.6739654,42.0574434],[-87.6739618,42.0574455],[-87.6739603,42.0574485],[-87.6739622,42.0574505],[-87.6739645,42.0574515],[-87.6740175,42.0574511],[-87.6740396,42.0574656],[-87.6740393,42.0574913],[-87.6740256,42.0575007],[-87.6740022,42.0575005],[-87.6739976,42.0575041],[-87.6740381,42.057529],[-87.6740377,42.057542],[-87.6740181,42.0575533],[-87.6740201,42.0575565],[-87.6740733,42.0575561],[-87.6740871,42.0575674],[-87.6740864,42.0575807],[-87.6740845,42.0575818],[-87.674084,42.0575838],[-87.6740853,42.0575853],[-87.6740875,42.0575856],[-87.6740898,42.057585],[-87.6741273,42.0575574],[-87.6741479,42.0575579],[-87.674158,42.0575666],[-87.6741561,42.0575691],[-87.6741575,42.0575717],[-87.6741605,42.0575727],[-87.6741632,42.0575721],[-87.6741651,42.0575703],[-87.674165,42.0575303],[-87.6741869,42.0575132],[-87.6742181,42.0575142],[-87.6742308,42.0575249],[-87.6742304,42.0575378],[-87.6742278,42.0575383],[-87.6742258,42.05754],[-87.6742256,42.0575428],[-87.6742272,42.0575442],[-87.67423,42.0575447],[-87.6742314,42.0575438],[-87.6742709,42.0575151],[-87.6742898,42.0575149],[-87.6743027,42.057525],[-87.6743014,42.0575266],[-87.6743015,42.0575288],[-87.6743028,42.0575301],[-87.6743057,42.0575304],[-87.6743078,42.0575298],[-87.6743092,42.0575278],[-87.6743087,42.0574876],[-87.6743312,42.0574715],[-87.674359,42.0574705],[-87.6743722,42.057482],[-87.6743714,42.0574957],[-87.6743693,42.0574965],[-87.6743684,42.0574985],[-87.6743692,42.0575002],[-87.6743715,42.0575013],[-87.6743751,42.0575006],[-87.6744117,42.0574726],[-87.6744326,42.0574725],[-87.674443,42.0574828],[-87.6744433,42.0574861],[-87.6744456,42.0574878],[-87.6744484,42.0574878],[-87.6744501,42.0574861]]]}},{"type":"Feature","id":42703540,"properties":{"osmId":42703540,"category":"academic","addr:city":"Evanston","addr:housenumber":"2220","addr:postcode":"60208","addr:state":"IL","addr:street":"Campus Drive","addr:street:name":"Campus","addr:street:type":"Drive","building":"university","name":"Cook Hall","_wikiTried":true},"geometry":{"type":"Polygon","coordinates":[[[-87.6746787,42.0576611],[-87.6739005,42.0576565],[-87.6739001,42.0576904],[-87.6738252,42.057689],[-87.6738252,42.0576131],[-87.6734003,42.0576078],[-87.6733371,42.057607],[-87.6732904,42.0576064],[-87.6732922,42.0576538],[-87.6732758,42.0577107],[-87.673263,42.0577921],[-87.6732721,42.057872],[-87.6732831,42.0579303],[-87.6732832,42.0579665],[-87.6737532,42.0579765],[-87.6737566,42.057924],[-87.6737756,42.0579128],[-87.6738205,42.0578976],[-87.6738913,42.0578994],[-87.6738897,42.0579207],[-87.6740611,42.0579236],[-87.6746712,42.0579304],[-87.6746787,42.0576611]]]}},{"type":"Feature","id":42703541,"properties":{"osmId":42703541,"category":"academic","access":"university","addr:city":"Evanston","addr:housenumber":"2233","addr:postcode":"60208","addr:state":"IL","addr:street":"Tech Drive","addr:street:name":"Tech","addr:street:type":"Drive","amenity":"library","building":"university","name":"Seeley G. Mudd Science and Engineering Library","name:etymology:wikidata":"Q7445828","name:etymology:wikipedia":"en:Seeley G. Mudd","operator":"Northwestern University Libraries","operator:type":"university","website":"https://www.library.northwestern.edu/libraries-collections/mudd-library/","_wikiTried":true},"geometry":{"type":"Polygon","coordinates":[[[-87.6746611,42.058553],[-87.6743318,42.0585483],[-87.6741125,42.0585452],[-87.6741199,42.0583316],[-87.673934,42.058193],[-87.673841,42.0581215],[-87.6737441,42.0581212],[-87.673749,42.0580431],[-87.6737532,42.0579765],[-87.6737566,42.057924],[-87.6738205,42.0578976],[-87.6738913,42.0578994],[-87.6738897,42.0579207],[-87.6740611,42.0579236],[-87.6746712,42.0579304],[-87.6746676,42.0581534],[-87.6746611,42.058553]]]}},{"type":"Feature","id":42703542,"properties":{"osmId":42703542,"category":"academic","addr:city":"Evanston","addr:housenumber":"2240","addr:postcode":"60208","addr:state":"IL","addr:street":"Campus Drive","addr:street:name":"Campus","addr:street:type":"Drive","building":"university","name":"Frances Searle Building","_wikiTried":true},"geometry":{"type":"Polygon","coordinates":[[[-87.6738122,42.0589489],[-87.6736238,42.0589462],[-87.673586,42.0589163],[-87.6735897,42.0587776],[-87.6736228,42.0587539],[-87.6736082,42.0587422],[-87.6735949,42.0587316],[-87.6735623,42.0587561],[-87.673376,42.0587538],[-87.6733397,42.058725],[-87.6733429,42.0585847],[-87.6733755,42.0585617],[-87.6733599,42.0585495],[-87.6733481,42.0585402],[-87.6733156,42.0585644],[-87.6731256,42.0585625],[-87.6730894,42.0585344],[-87.673092,42.0583921],[-87.6731945,42.0583191],[-87.6732562,42.0583195],[-87.6732871,42.0583456],[-87.6733235,42.0583206],[-87.6733501,42.0583211],[-87.673413,42.0582773],[-87.6734119,42.0582578],[-87.673513,42.0581812],[-87.6735736,42.0581832],[-87.6736119,42.058211],[-87.673612,42.0582327],[-87.6736434,42.0582565],[-87.6736703,42.0582769],[-87.6737039,42.0582517],[-87.6737261,42.058235],[-87.6737282,42.0582113],[-87.6737666,42.0581851],[-87.6738276,42.0581864],[-87.6739281,42.0582605],[-87.6739276,42.0582844],[-87.6739855,42.0583302],[-87.6740144,42.0583293],[-87.6740651,42.0583681],[-87.6740677,42.0584],[-87.6740213,42.0584309],[-87.6739828,42.0584317],[-87.6739249,42.0584738],[-87.6739238,42.0584944],[-87.673957,42.0585215],[-87.6739216,42.058546],[-87.6739218,42.058591],[-87.673903,42.0586042],[-87.6739036,42.058628],[-87.6739212,42.0586406],[-87.6739185,42.0586867],[-87.6738869,42.0587097],[-87.6739175,42.0587332],[-87.6739175,42.0587808],[-87.673897,42.058794],[-87.673897,42.0588151],[-87.6739201,42.0588284],[-87.6739201,42.0588729],[-87.6738769,42.0589027],[-87.6738485,42.0589023],[-87.673849,42.0589211],[-87.6738122,42.0589489]]]}},{"type":"Feature","id":42703578,"properties":{"osmId":42703578,"category":"residential","addr:city":"Evanston","addr:housenumber":"2400","addr:postcode":"60208","addr:state":"IL","addr:street":"Sheridan Road","addr:street:name":"Sheridan","addr:street:type":"Road","building":"dormitory","name":"Elder Residential Community","_wikiTried":true},"geometry":{"type":"Polygon","coordinates":[[[-87.6778812,42.061275],[-87.6777153,42.061274],[-87.6777189,42.0609463],[-87.6773697,42.0609442],[-87.6773728,42.0606551],[-87.6775421,42.0606561],[-87.6775404,42.0608102],[-87.6777613,42.0608115],[-87.6777631,42.060647],[-87.677888,42.0606478],[-87.6778812,42.061275]]]}},{"type":"Feature","id":42703696,"properties":{"osmId":42703696,"category":"academic","addr:city":"Evanston","addr:housenumber":"600-610","addr:postcode":"60208","addr:state":"IL","addr:street":"Lincoln Street","building":"university"},"geometry":{"type":"Polygon","coordinates":[[[-87.6778489,42.0614774],[-87.6778521,42.0613448],[-87.6774089,42.0613389],[-87.6774057,42.0614715],[-87.6774837,42.0614707],[-87.6778024,42.0614768],[-87.6778489,42.0614774]]]}},{"type":"Feature","id":42703697,"properties":{"osmId":42703697,"category":"academic","access":"university","addr:city":"Evanston","addr:housenumber":"2407","addr:postcode":"60208","addr:state":"IL","addr:street":"Sheridan Road","addr:street:name":"Sheridan","addr:street:type":"Road","building":"university","leisure":"sports_centre","name":"Patten Gymnasium","operator":"Northwestern University","operator:type":"university","wikidata":"Q7148346","wikipedia":"en:Patten Gymnasium","_wikiTried":true},"geometry":{"type":"Polygon","coordinates":[[[-87.6768797,42.0614414],[-87.6768832,42.061167],[-87.6767878,42.0611663],[-87.6767927,42.060778],[-87.6764152,42.0607754],[-87.6764102,42.0611686],[-87.6763657,42.0611683],[-87.6763618,42.0614726],[-87.6765487,42.0614739],[-87.6765491,42.0614391],[-87.6768797,42.0614414]]]}},{"type":"Feature","id":42703716,"properties":{"osmId":42703716,"category":"academic","addr:city":"Evanston","addr:housenumber":"1870","addr:postcode":"60208","addr:state":"IL","addr:street":"Sheridan Road","amenity":"place_of_worship","building":"university","gnis:feature_id":"1866857","name":"Alice Millar Chapel","religion":"christian","_wikiTried":true},"geometry":{"type":"Polygon","coordinates":[[[-87.6770561,42.0503603],[-87.6770649,42.0502571],[-87.6772582,42.0502694],[-87.6773437,42.0502843],[-87.6773548,42.0502843],[-87.6773496,42.0503338],[-87.6772442,42.0503265],[-87.6772073,42.0506786],[-87.6771882,42.0506774],[-87.677186,42.0506992],[-87.6770406,42.0506917],[-87.6770432,42.0506685],[-87.6770273,42.0506678],[-87.6770561,42.0503603]]]}},{"type":"Feature","id":42703717,"properties":{"osmId":42703717,"category":"academic","addr:city":"Evanston","addr:housenumber":"1870","addr:postcode":"60208","addr:state":"IL","addr:street":"Sheridan Road","addr:street:name":"Sheridan","addr:street:type":"Road","building":"university","name":"Parkes Hall","_wikiTried":true},"geometry":{"type":"Polygon","coordinates":[[[-87.6767139,42.0505652],[-87.6770223,42.0499382],[-87.6774993,42.0500704],[-87.6774394,42.0501933],[-87.6773883,42.0501809],[-87.6773437,42.0502843],[-87.6772582,42.0502694],[-87.6773099,42.0501572],[-87.6770999,42.0501002],[-87.6770201,42.0502558],[-87.6770649,42.0502571],[-87.6770561,42.0503603],[-87.6769516,42.0503575],[-87.6768352,42.0505989],[-87.6767139,42.0505652]]]}},{"type":"Feature","id":42703820,"properties":{"osmId":42703820,"category":"residential","addr:city":"Evanston","addr:housenumber":"1838","addr:postcode":"60208","addr:state":"IL","addr:street":"Chicago Avenue","addr:street:name":"Chicago","addr:street:type":"Avenue","building":"dormitory","name":"Public Affairs Residential College","_wikiTried":true},"geometry":{"type":"Polygon","coordinates":[[[-87.6776674,42.0509487],[-87.6777376,42.0508571],[-87.6778641,42.0508952],[-87.6780522,42.0509114],[-87.67819,42.0509472],[-87.678351,42.0509556],[-87.678323,42.0510666],[-87.6781554,42.0510562],[-87.6780073,42.0510177],[-87.6778506,42.051003],[-87.6776674,42.0509487]]]}},{"type":"Feature","id":42703833,"properties":{"osmId":42703833,"category":"academic","addr:city":"Evanston","addr:housenumber":"619","addr:postcode":"60208","addr:state":"IL","addr:street":"Emerson Street","addr:street:name":"Emerson","addr:street:type":"Street","building":"university"},"geometry":{"type":"Polygon","coordinates":[[[-87.6783609,42.0522686],[-87.6783643,42.0521814],[-87.6782243,42.0521802],[-87.6782209,42.052289],[-87.6782776,42.05229],[-87.6782777,42.0522681],[-87.6783609,42.0522686]]]}},{"type":"Feature","id":42703834,"properties":{"osmId":42703834,"category":"academic","addr:city":"Evanston","addr:housenumber":"600","addr:postcode":"60201","addr:state":"IL","addr:street":"Foster Street","addr:street:name":"Foster","addr:street:type":"Street","building":"university","name":"Chambers Hall","_wikiTried":true},"geometry":{"type":"Polygon","coordinates":[[[-87.6779574,42.0537051],[-87.6779574,42.0535649],[-87.6775283,42.0535649],[-87.6775283,42.0537051],[-87.6779574,42.0537051]]]}},{"type":"Feature","id":42706482,"properties":{"osmId":42706482,"category":"academic","addr:city":"Evanston","addr:housenumber":"1922","addr:postcode":"60208","addr:state":"IL","addr:street":"Sheridan Road","addr:street:name":"Sheridan","addr:street:type":"Road","building":"university"},"geometry":{"type":"Polygon","coordinates":[[[-87.6777909,42.0530212],[-87.6775994,42.053019],[-87.6775988,42.0529903],[-87.6775605,42.0529898],[-87.6775604,42.05293],[-87.6775999,42.052931],[-87.6775998,42.0529007],[-87.6777592,42.0528997],[-87.6777597,42.0529405],[-87.6777898,42.0529404],[-87.6777909,42.0530212]]]}},{"type":"Feature","id":42706483,"properties":{"osmId":42706483,"category":"academic","addr:city":"Evanston","addr:housenumber":"1918","addr:postcode":"60208","addr:state":"IL","addr:street":"Sheridan Road","addr:street:name":"Sheridan","addr:street:type":"Road","building":"university"},"geometry":{"type":"Polygon","coordinates":[[[-87.6778579,42.0527834],[-87.677567,42.0527812],[-87.6775685,42.0526702],[-87.677749,42.0526715],[-87.6777486,42.0527037],[-87.6778589,42.0527046],[-87.6778579,42.0527834]]]}},{"type":"Feature","id":42706484,"properties":{"osmId":42706484,"category":"academic","addr:city":"Evanston","addr:housenumber":"1914","addr:postcode":"60208","addr:state":"IL","addr:street":"Sheridan Road","addr:street:name":"Sheridan","addr:street:type":"Road","building":"university"},"geometry":{"type":"Polygon","coordinates":[[[-87.6778536,42.0526423],[-87.6776121,42.0526433],[-87.6776114,42.0525447],[-87.6778529,42.0525437],[-87.6778536,42.0526423]]]}},{"type":"Feature","id":42706485,"properties":{"osmId":42706485,"category":"academic","addr:city":"Evanston","addr:housenumber":"1908","addr:postcode":"60208","addr:state":"IL","addr:street":"Sheridan Road","addr:street:name":"Sheridan","addr:street:type":"Road","building":"university"},"geometry":{"type":"Polygon","coordinates":[[[-87.6778117,42.0524595],[-87.6778112,42.0523963],[-87.6777913,42.0523964],[-87.677791,42.0523621],[-87.6775801,42.0523632],[-87.677581,42.0524606],[-87.6778117,42.0524595]]]}},{"type":"Feature","id":42706489,"properties":{"osmId":42706489,"category":"academic","addr:city":"Evanston","addr:housenumber":"1902","addr:postcode":"60208","addr:state":"IL","addr:street":"Sheridan Road","addr:street:name":"Sheridan","addr:street:type":"Road","building":"university","name":"Buffett Institute","website":"https://buffett.northwestern.edu/","_wikiTried":true},"geometry":{"type":"Polygon","coordinates":[[[-87.6776057,42.052292],[-87.6776076,42.0521933],[-87.6777879,42.0521951],[-87.677786,42.0522938],[-87.6776057,42.052292]]]}},{"type":"Feature","id":42706490,"properties":{"osmId":42706490,"category":"academic","addr:city":"Evanston","addr:housenumber":"1940","addr:postcode":"60208","addr:state":"IL","addr:street":"Sheridan Road","addr:street:name":"Sheridan","addr:street:type":"Road","building":"university"},"geometry":{"type":"Polygon","coordinates":[[[-87.677551,42.0534574],[-87.6777602,42.0534604],[-87.6777604,42.0534797],[-87.6777734,42.0534799],[-87.6777732,42.0534868],[-87.677781,42.0534869],[-87.6777813,42.0535288],[-87.677773,42.0535288],[-87.6777729,42.053559],[-87.6775734,42.0535576],[-87.6775738,42.053554],[-87.6775508,42.0535536],[-87.677551,42.0534574]]]}},{"type":"Feature","id":42706491,"properties":{"osmId":42706491,"category":"academic","addr:city":"Evanston","addr:housenumber":"1936","addr:postcode":"60208","addr:state":"IL","addr:street":"Sheridan Road","addr:street:name":"Sheridan","addr:street:type":"Road","building":"university"},"geometry":{"type":"Polygon","coordinates":[[[-87.6775391,42.0534169],[-87.6775402,42.0533707],[-87.6775461,42.0533707],[-87.677547,42.0533073],[-87.6775808,42.0533081],[-87.6775813,42.0533022],[-87.6777687,42.0533053],[-87.6777677,42.0534207],[-87.6775391,42.0534169]]]}},{"type":"Feature","id":42706492,"properties":{"osmId":42706492,"category":"academic","addr:city":"Evanston","addr:housenumber":"515","addr:postcode":"60208","addr:state":"IL","addr:street":"Clark Street","addr:street:name":"Clark","addr:street:type":"Street","building":"university","building:levels":"2","name":"Program in Geography and Department of Sociology","_wikiTried":true},"geometry":{"type":"Polygon","coordinates":[[[-87.677005,42.0494187],[-87.677047,42.0493351],[-87.6769078,42.0492965],[-87.6768658,42.04938],[-87.677005,42.0494187]]]}},{"type":"Feature","id":42706493,"properties":{"osmId":42706493,"category":"academic","addr:city":"Evanston","addr:housenumber":"1810","addr:postcode":"60208","addr:state":"IL","addr:street":"Hinman Avenue","addr:street:name":"Hinman","addr:street:type":"Avenue","building":"university","name":"Anthropology Department","_wikiTried":true},"geometry":{"type":"Polygon","coordinates":[[[-87.6769286,42.0496953],[-87.6770266,42.0494868],[-87.6768628,42.0494443],[-87.6768521,42.049467],[-87.6765556,42.0493902],[-87.6765012,42.0495061],[-87.6767369,42.0495672],[-87.6767699,42.0494969],[-87.6768149,42.0495086],[-87.6767491,42.0496488],[-87.6769286,42.0496953]]]}},{"type":"Feature","id":42706494,"properties":{"osmId":42706494,"category":"academic","addr:city":"Evanston","addr:housenumber":"1812","addr:postcode":"60208","addr:state":"IL","addr:street":"Hinman Avenue","addr:street:name":"Hinman","addr:street:type":"Avenue","building":"university"},"geometry":{"type":"Polygon","coordinates":[[[-87.6767284,42.0496143],[-87.6766884,42.049697],[-87.6764499,42.0496334],[-87.6764899,42.0495507],[-87.6767284,42.0496143]]]}},{"type":"Feature","id":42706495,"properties":{"osmId":42706495,"category":"academic","addr:city":"Evanston","addr:housenumber":"1818","addr:postcode":"60201","addr:state":"IL","addr:street":"Hinman Avenue","addr:street:name":"Hinman","addr:street:type":"Avenue","building":"university"},"geometry":{"type":"Polygon","coordinates":[[[-87.6766246,42.0497162],[-87.6765559,42.0498437],[-87.6763414,42.0497863],[-87.67641,42.0496525],[-87.6766246,42.0497162]]]}},{"type":"Feature","id":42706496,"properties":{"osmId":42706496,"category":"residential","addr:city":"Evanston","addr:housenumber":"1725","addr:postcode":"60201","addr:state":"IL","addr:street":"Orrington Avenue","addr:street:name":"Orrington","addr:street:type":"Avenue","building":"dormitory","name":"McManus Living-Learning Center","operator":"Northwestern University","_wikiTried":true},"geometry":{"type":"Polygon","coordinates":[[[-87.6802464,42.0488355],[-87.6801039,42.0487971],[-87.6801215,42.0487613],[-87.6800002,42.0487286],[-87.6799822,42.0487654],[-87.6797919,42.0487141],[-87.6798085,42.0486801],[-87.6796376,42.048634],[-87.6792868,42.0493517],[-87.679471,42.0494013],[-87.6794806,42.0493816],[-87.6796724,42.0494333],[-87.6796603,42.049458],[-87.6797712,42.0494879],[-87.6797912,42.049447],[-87.6799166,42.0494807],[-87.6799647,42.0493824],[-87.6798448,42.0493501],[-87.6798889,42.0492597],[-87.6797775,42.0492297],[-87.6797293,42.0493282],[-87.6795171,42.049271],[-87.6796026,42.0490961],[-87.6797364,42.0491322],[-87.67978,42.0490431],[-87.679643,42.0490062],[-87.6797324,42.0488234],[-87.6799217,42.0488744],[-87.679881,42.0489577],[-87.6800263,42.0489968],[-87.6800724,42.0489025],[-87.6801972,42.0489362],[-87.6802464,42.0488355]]]}},{"type":"Feature","id":42706497,"properties":{"osmId":42706497,"category":"academic","addr:city":"Evanston","addr:housenumber":"1819","addr:postcode":"60208","addr:state":"IL","addr:street":"Hinman Avenue","addr:street:name":"Hinman","addr:street:type":"Avenue","building":"university"},"geometry":{"type":"Polygon","coordinates":[[[-87.6755572,42.0496359],[-87.6757441,42.0496882],[-87.6757453,42.0496857],[-87.6757812,42.0496958],[-87.6758056,42.0496449],[-87.6757703,42.0496363],[-87.6757922,42.0495924],[-87.6756964,42.0495662],[-87.6757153,42.0495301],[-87.6756353,42.0495108],[-87.675602,42.0495824],[-87.6755846,42.0495774],[-87.6755572,42.0496359]]]}},{"type":"Feature","id":42706498,"properties":{"osmId":42706498,"category":"academic","addr:city":"Evanston","addr:housenumber":"1813","addr:postcode":"60208","addr:state":"IL","addr:street":"Hinman Avenue","addr:street:name":"Hinman","addr:street:type":"Avenue","building":"university"},"geometry":{"type":"Polygon","coordinates":[[[-87.675894,42.0493652],[-87.6758409,42.0494792],[-87.6757708,42.0494606],[-87.6757592,42.0494653],[-87.6757351,42.049459],[-87.6757304,42.0494497],[-87.6756633,42.0494312],[-87.6756935,42.049369],[-87.6756832,42.0493572],[-87.6756989,42.0493255],[-87.6757172,42.0493216],[-87.6757569,42.0493325],[-87.6757737,42.0492985],[-87.6758535,42.049319],[-87.6758377,42.0493511],[-87.675894,42.0493652]]]}},{"type":"Feature","id":42706499,"properties":{"osmId":42706499,"category":"academic","addr:city":"Evanston","addr:housenumber":"1800","addr:postcode":"60208","addr:state":"IL","addr:street":"Sheridan Road","addr:street:name":"Sheridan","addr:street:type":"Road","building":"university","name":"Alumni Center","_wikiTried":true},"geometry":{"type":"Polygon","coordinates":[[[-87.6752795,42.0491072],[-87.6752298,42.0492145],[-87.6749423,42.0491412],[-87.6749778,42.0490642],[-87.6750283,42.0490771],[-87.6750424,42.0490467],[-87.6752795,42.0491072]]]}},{"type":"Feature","id":42706500,"properties":{"osmId":42706500,"category":"residential","addr:city":"Evanston","addr:housenumber":"1820","addr:postcode":"60208","addr:state":"IL","addr:street":"Sheridan Road","addr:street:name":"Sheridan","addr:street:type":"Road","building":"dormitory","name":"Jones Fine and Performing Arts Residential College","_wikiTried":true},"geometry":{"type":"Polygon","coordinates":[[[-87.6752251,42.0492961],[-87.6751604,42.0492779],[-87.6751658,42.049268],[-87.6751208,42.0492562],[-87.6750963,42.049262],[-87.6750385,42.0492462],[-87.6750445,42.0492342],[-87.6749913,42.0492196],[-87.6749727,42.0492274],[-87.6748852,42.049203],[-87.6748405,42.049297],[-87.6748237,42.0493008],[-87.6748056,42.0493393],[-87.6748202,42.0493429],[-87.6747985,42.049389],[-87.6747804,42.0493949],[-87.6747628,42.0494327],[-87.6747746,42.0494362],[-87.6747603,42.049466],[-87.6747718,42.0494698],[-87.6747549,42.0495031],[-87.6747826,42.0495105],[-87.674771,42.0495342],[-87.6748575,42.0495579],[-87.6749184,42.0494337],[-87.6749452,42.0494398],[-87.6749317,42.0495059],[-87.6749869,42.0495027],[-87.6750042,42.0494857],[-87.6750623,42.0494807],[-87.6750837,42.0494641],[-87.6751376,42.0494603],[-87.6751473,42.0494091],[-87.6751295,42.0494044],[-87.6751399,42.0493778],[-87.6751608,42.0493831],[-87.6751674,42.0493681],[-87.6751786,42.0493707],[-87.6751859,42.0493552],[-87.675196,42.0493576],[-87.6752251,42.0492961]]]}},{"type":"Feature","id":42706552,"properties":{"osmId":42706552,"category":"academic","addr:city":"Evanston","addr:housenumber":"2006","addr:postcode":"60208","addr:state":"IL","addr:street":"Sheridan Road","addr:street:name":"Sheridan","addr:street:type":"Road","building":"university","name":"Statistics Department","_wikiTried":true},"geometry":{"type":"Polygon","coordinates":[[[-87.677783,42.0542118],[-87.6775941,42.0542118],[-87.6775941,42.0541226],[-87.677783,42.0541226],[-87.677783,42.0542118]]]}},{"type":"Feature","id":42706553,"properties":{"osmId":42706553,"category":"academic","addr:city":"Evanston","addr:housenumber":"2000","addr:postcode":"60208","addr:state":"IL","addr:street":"Sheridan Road","addr:street:name":"Sheridan","addr:street:type":"Road","building":"university"},"geometry":{"type":"Polygon","coordinates":[[[-87.6778571,42.0540551],[-87.6778581,42.0539742],[-87.6777824,42.0539737],[-87.6777822,42.0539857],[-87.6776532,42.0539849],[-87.677653,42.054006],[-87.6776314,42.0540058],[-87.6776309,42.0540447],[-87.6777629,42.0540456],[-87.6777627,42.0540545],[-87.6778571,42.0540551]]]}},{"type":"Feature","id":42706554,"properties":{"osmId":42706554,"category":"academic","addr:city":"Evanston","addr:housenumber":"2010","addr:postcode":"60208","addr:state":"IL","addr:street":"Sheridan Road","addr:street:name":"Sheridan","addr:street:type":"Road","building":"university"},"geometry":{"type":"Polygon","coordinates":[[[-87.6777443,42.054335],[-87.6777427,42.0542555],[-87.6775624,42.0542575],[-87.6775641,42.054337],[-87.6777443,42.054335]]]}},{"type":"Feature","id":42706555,"properties":{"osmId":42706555,"category":"academic","addr:city":"Evanston","addr:housenumber":"2016","addr:postcode":"60208","addr:state":"IL","addr:street":"Sheridan Road","addr:street:name":"Sheridan","addr:street:type":"Road","building":"university"},"geometry":{"type":"Polygon","coordinates":[[[-87.6776861,42.0545286],[-87.6776862,42.0545458],[-87.6777679,42.0545456],[-87.6777677,42.0545047],[-87.6778004,42.0545046],[-87.6778001,42.054447],[-87.6777528,42.0544472],[-87.6777527,42.0544321],[-87.6776511,42.0544324],[-87.677651,42.0544074],[-87.6775808,42.0544076],[-87.6775809,42.0544356],[-87.6775577,42.0544356],[-87.6775582,42.054529],[-87.6776861,42.0545286]]]}},{"type":"Feature","id":42706556,"properties":{"osmId":42706556,"category":"religious","addr:city":"Evanston","addr:housenumber":"2110","addr:postcode":"60208","addr:state":"IL","addr:street":"Sheridan Road","addr:street:name":"Sheridan","addr:street:type":"Road","amenity":"place_of_worship","building":"church","denomination":"roman_catholic","name":"Sheil Catholic Center","religion":"christian","wheelchair":"yes","_wikiTried":true},"geometry":{"type":"Polygon","coordinates":[[[-87.6779296,42.0560898],[-87.6779297,42.0558394],[-87.677464,42.0558393],[-87.677464,42.0560057],[-87.6776734,42.0560057],[-87.6776734,42.0560898],[-87.6779296,42.0560898]]]}},{"type":"Feature","id":42706563,"properties":{"osmId":42706563,"category":"academic","addr:city":"Evanston","addr:housenumber":"629","addr:postcode":"60208","addr:state":"IL","addr:street":"Foster Street","addr:street:name":"Foster","addr:street:type":"Street","amenity":"place_of_worship","building":"university","name":"Fiedler Hillel","religion":"jewish","_wikiTried":true},"geometry":{"type":"Polygon","coordinates":[[[-87.6786184,42.0542831],[-87.6786183,42.0540115],[-87.678694,42.0540115],[-87.678694,42.0539888],[-87.6787831,42.0539887],[-87.6787832,42.0542831],[-87.6786184,42.0542831]]]}},{"type":"Feature","id":42706571,"properties":{"osmId":42706571,"category":"academic","addr:city":"Evanston","addr:housenumber":"618","addr:postcode":"60201","addr:state":"IL","addr:street":"Library Place","addr:street:name":"Library","addr:street:type":"Place","building":"university"},"geometry":{"type":"Polygon","coordinates":[[[-87.678249,42.0548398],[-87.6782512,42.0546167],[-87.6779638,42.0546151],[-87.6779616,42.0548382],[-87.678249,42.0548398]]]}},{"type":"Feature","id":42706572,"properties":{"osmId":42706572,"category":"academic","addr:city":"Evanston","addr:housenumber":"620","addr:postcode":"60208","addr:state":"IL","addr:street":"Library Place","building":"university"},"geometry":{"type":"Polygon","coordinates":[[[-87.6784436,42.0548544],[-87.6784466,42.054625],[-87.678305,42.054624],[-87.6783021,42.0548534],[-87.6784436,42.0548544]]]}},{"type":"Feature","id":42706573,"properties":{"osmId":42706573,"category":"academic","addr:city":"Evanston","addr:housenumber":"626","addr:postcode":"60208","addr:state":"IL","addr:street":"Library Place","building":"university"},"geometry":{"type":"Polygon","coordinates":[[[-87.678569,42.0548517],[-87.6785659,42.0547021],[-87.6784885,42.054703],[-87.6784916,42.0548526],[-87.678569,42.0548517]]]}},{"type":"Feature","id":42706720,"properties":{"osmId":42706720,"category":"religious","addr:city":"Evanston","addr:housenumber":"816","addr:postcode":"60201","addr:state":"IL","addr:street":"Clark Street","addr:street:name":"Clark","addr:street:type":"Street","amenity":"place_of_worship","building":"church","denomination":"armenian_apostolic","ele":"183","gnis:feature_id":"1833258","name":"Saint James Armenian Church","religion":"christian","website":"https://stjamesevanston.org/","_wikiTried":true},"geometry":{"type":"Polygon","coordinates":[[[-87.6828278,42.0495447],[-87.6826404,42.0495433],[-87.6826366,42.0498215],[-87.6826619,42.0498216],[-87.6826615,42.0498514],[-87.6828236,42.0498526],[-87.6828278,42.0495447]]]}},{"type":"Feature","id":42706722,"properties":{"osmId":42706722,"category":"library","addr:city":"Evanston","addr:housenumber":"1703","addr:postcode":"60201","addr:state":"IL","addr:street":"Orrington Avenue","addr:street:name":"Orrington","addr:street:type":"Avenue","amenity":"library","building":"public","ele":"183","gnis:feature_id":"1866888","layer":"1","name":"Evanston Public Library","operator":"Evanston Public Library District","operator:type":"public","source":"USGS Geonames","website":"https://epl.org/","wikidata":"Q5416005","wikipedia":"en:Evanston Public Library","_wikiTried":true},"geometry":{"type":"Polygon","coordinates":[[[-87.679978,42.048218],[-87.6800169,42.0481401],[-87.679783,42.0480756],[-87.6797468,42.048148],[-87.6797226,42.0481413],[-87.6795852,42.0484161],[-87.6796292,42.0484282],[-87.6796079,42.0484708],[-87.67992,42.0485569],[-87.6798847,42.0486275],[-87.6802408,42.0487257],[-87.6802737,42.04866],[-87.6803019,42.0486678],[-87.6803258,42.04862],[-87.6803687,42.0486318],[-87.6805032,42.0483628],[-87.680029,42.048232],[-87.679978,42.048218]]]}},{"type":"Feature","id":42708314,"properties":{"osmId":42708314,"category":"academic","addr:city":"Evanston","addr:housenumber":"627","addr:postcode":"60208","addr:state":"IL","addr:street":"Dartmouth Place","addr:street:name":"Dartmouth","addr:street:type":"Place","building":"university"},"geometry":{"type":"Polygon","coordinates":[[[-87.6786183,42.0597443],[-87.6786195,42.0595595],[-87.678441,42.0595589],[-87.6784402,42.0596989],[-87.6784915,42.0596991],[-87.6784912,42.0597439],[-87.6786183,42.0597443]]]}},{"type":"Feature","id":42708315,"properties":{"osmId":42708315,"category":"academic","addr:city":"Evanston","addr:housenumber":"617","addr:postcode":"60208","addr:state":"IL","addr:street":"Dartmouth Place","addr:street:name":"Dartmouth","addr:street:type":"Place","building":"university"},"geometry":{"type":"Polygon","coordinates":[[[-87.6782808,42.0596714],[-87.6782796,42.0595357],[-87.6780842,42.0595367],[-87.6780854,42.0596724],[-87.6782808,42.0596714]]]}},{"type":"Feature","id":42708316,"properties":{"osmId":42708316,"category":"academic","addr:city":"Evanston","addr:housenumber":"630","addr:postcode":"60208","addr:state":"IL","addr:street":"Dartmouth Place","addr:street:name":"Dartmouth","addr:street:type":"Place","building":"university"},"geometry":{"type":"Polygon","coordinates":[[[-87.6786725,42.0592094],[-87.6786743,42.0591075],[-87.6787118,42.0591084],[-87.6787125,42.0589885],[-87.6786242,42.0589875],[-87.6786233,42.0590929],[-87.678547,42.0590918],[-87.6785461,42.0591195],[-87.678465,42.0591176],[-87.6784645,42.059193],[-87.6785998,42.0591953],[-87.6785992,42.0592083],[-87.6786725,42.0592094]]]}},{"type":"Feature","id":42708317,"properties":{"osmId":42708317,"category":"academic","addr:city":"Evanston","addr:housenumber":"2707","addr:postcode":"60201","addr:state":"IL","addr:street":"Ashland Avenue","building":"university","leisure":"sports_centre","name":"Trienens Performance Center","operator":"Northwestern University","operator:type":"public","_wikiTried":true},"geometry":{"type":"Polygon","coordinates":[[[-87.6936278,42.0664809],[-87.6935344,42.0664799],[-87.693535,42.0664938],[-87.693518,42.0664935],[-87.6935174,42.0664868],[-87.6929949,42.0664802],[-87.6929914,42.0666211],[-87.693017,42.0666211],[-87.6930171,42.0666736],[-87.6929812,42.0666723],[-87.6929769,42.0667243],[-87.6929146,42.0667243],[-87.6929153,42.0668296],[-87.6929391,42.06683],[-87.692931,42.0671137],[-87.6928358,42.0671131],[-87.692836,42.0671597],[-87.6929297,42.0671601],[-87.6929212,42.0675275],[-87.6930516,42.0675293],[-87.6930502,42.0675821],[-87.6931307,42.0675833],[-87.693155,42.0675837],[-87.6931478,42.0678538],[-87.6935985,42.0678604],[-87.6936071,42.0675374],[-87.6936278,42.0664809]]]}},{"type":"Feature","id":42708318,"properties":{"osmId":42708318,"category":"academic","addr:city":"Evanston","addr:housenumber":"2705","addr:postcode":"60201","addr:state":"IL","addr:street":"Ashland Avenue","alt_name":"Welsh-Ryan Arena","building":"university","leisure":"stadium","name":"McGaw Memorial Hall","sport":"basketball","wikidata":"Q7981834","wikipedia":"en:Welsh–Ryan Arena","_wikiTried":true},"geometry":{"type":"Polygon","coordinates":[[[-87.692853,42.0673683],[-87.6928586,42.0672298],[-87.6928333,42.0672306],[-87.692836,42.0671597],[-87.6928358,42.0671131],[-87.6928429,42.0666247],[-87.6928767,42.0666238],[-87.6928772,42.0664841],[-87.6927927,42.066483],[-87.6927913,42.0664696],[-87.692105,42.0664598],[-87.692105,42.0664761],[-87.6920199,42.0664738],[-87.6920153,42.0666134],[-87.6920474,42.0666148],[-87.6920334,42.0672233],[-87.6920138,42.0672233],[-87.6920077,42.0673588],[-87.6921021,42.0673606],[-87.6921037,42.0673671],[-87.692461,42.0673724],[-87.6924569,42.0674716],[-87.6928442,42.0674763],[-87.6928449,42.0673681],[-87.692853,42.0673683]]]}},{"type":"Feature","id":42708322,"properties":{"osmId":42708322,"category":"residential","addr:city":"Evanston","addr:housenumber":"2420","addr:postcode":"60208","addr:state":"IL","addr:street":"Campus Drive","addr:street:name":"Campus","addr:street:type":"Drive","building":"dormitory","name":"Kemper Residence Hall","_wikiTried":true},"geometry":{"type":"Polygon","coordinates":[[[-87.675489,42.0611265],[-87.6754892,42.0610972],[-87.6754994,42.0610973],[-87.6755001,42.0610216],[-87.6754886,42.0610216],[-87.6754889,42.0609914],[-87.6753207,42.0609906],[-87.6753206,42.0609982],[-87.6752777,42.060998],[-87.6752778,42.0609903],[-87.6750565,42.0609891],[-87.6750569,42.0609562],[-87.6750643,42.0609563],[-87.6750647,42.0609194],[-87.6750871,42.0609201],[-87.6750876,42.0608992],[-87.6750875,42.0608786],[-87.6750667,42.060878],[-87.6750671,42.060839],[-87.6750602,42.060839],[-87.6750605,42.0608056],[-87.6750698,42.0608056],[-87.6750701,42.0607738],[-87.6750613,42.0607738],[-87.6750617,42.0607271],[-87.674897,42.0607264],[-87.6748966,42.0607733],[-87.6748881,42.0607733],[-87.6748879,42.0608082],[-87.6748968,42.0608083],[-87.6748966,42.0608377],[-87.6748879,42.0608377],[-87.6748875,42.0608772],[-87.674872,42.0608776],[-87.6748717,42.0609185],[-87.6748879,42.0609181],[-87.6748875,42.0609569],[-87.6748952,42.0609569],[-87.6748949,42.0609891],[-87.6748868,42.0609891],[-87.6748865,42.0610226],[-87.6748957,42.0610226],[-87.6748953,42.0610683],[-87.6749077,42.0610683],[-87.6749073,42.0611121],[-87.6749511,42.0611123],[-87.674951,42.061124],[-87.675031,42.0611244],[-87.675031,42.0611168],[-87.6750758,42.061117],[-87.6750758,42.0611244],[-87.6752748,42.0611253],[-87.6752748,42.0611178],[-87.6753196,42.061118],[-87.6753196,42.0611257],[-87.675489,42.0611265]]]}},{"type":"Feature","id":42708323,"properties":{"osmId":42708323,"category":"academic","addr:city":"Evanston","addr:housenumber":"619","addr:postcode":"60208","addr:state":"IL","addr:street":"Colfax Street","addr:street:name":"Colfax","addr:street:type":"Street","building":"university","name":"Delta Chi Fraternity","_wikiTried":true},"geometry":{"type":"Polygon","coordinates":[[[-87.6782296,42.0608228],[-87.6782277,42.0606827],[-87.6780903,42.0606837],[-87.6780922,42.0608238],[-87.6782296,42.0608228]]]}},{"type":"Feature","id":42708324,"properties":{"osmId":42708324,"category":"academic","addr:city":"Evanston","addr:housenumber":"625","addr:postcode":"60208","addr:state":"IL","addr:street":"Colfax Street","addr:street:name":"Colfax","addr:street:type":"Street","building":"university"},"geometry":{"type":"Polygon","coordinates":[[[-87.6783132,42.0608255],[-87.6783115,42.0607015],[-87.6784531,42.0607005],[-87.6784548,42.0608245],[-87.6783132,42.0608255]]]}},{"type":"Feature","id":42708325,"properties":{"osmId":42708325,"category":"academic","addr:city":"Evanston","addr:housenumber":"629","addr:postcode":"60208","addr:state":"IL","addr:street":"Colfax Street","addr:street:name":"Colfax","addr:street:type":"Street","building":"university"},"geometry":{"type":"Polygon","coordinates":[[[-87.6785264,42.0608266],[-87.6785264,42.0606833],[-87.6786379,42.0606833],[-87.6786379,42.0608266],[-87.6785264,42.0608266]]]}},{"type":"Feature","id":42708326,"properties":{"osmId":42708326,"category":"residential","addr:city":"Evanston","addr:housenumber":"2339","addr:postcode":"60208","addr:state":"IL","addr:street":"Sheridan Road","addr:street:name":"Sheridan","addr:street:type":"Road","amenity":"social_centre","building":"dormitory","name":"Lambda Chi Alpha","_wikiTried":true},"geometry":{"type":"Polygon","coordinates":[[[-87.6765099,42.060561],[-87.6765115,42.0604302],[-87.6763891,42.0604279],[-87.6762465,42.0604253],[-87.6762463,42.0605246],[-87.6763068,42.0605251],[-87.6763694,42.0605256],[-87.6763681,42.0605601],[-87.6765099,42.060561]]]}},{"type":"Feature","id":42708327,"properties":{"osmId":42708327,"category":"residential","addr:city":"Evanston","addr:housenumber":"2341","addr:postcode":"60208","addr:state":"IL","addr:street":"Sheridan Road","addr:street:name":"Sheridan","addr:street:type":"Road","amenity":"social_centre","building":"dormitory","name":"Sigma Phi Epsilon","_wikiTried":true},"geometry":{"type":"Polygon","coordinates":[[[-87.676214,42.060592],[-87.6760692,42.0605907],[-87.6760693,42.0604078],[-87.676083,42.0604079],[-87.6760822,42.060386],[-87.6761141,42.060386],[-87.6761139,42.0603752],[-87.6761761,42.0603765],[-87.6761763,42.0603852],[-87.6762109,42.0603859],[-87.6762124,42.0604305],[-87.676236,42.060431],[-87.6762374,42.060471],[-87.676214,42.0604707],[-87.676214,42.060592]]]}},{"type":"Feature","id":42708328,"properties":{"osmId":42708328,"category":"residential","addr:city":"Evanston","addr:housenumber":"2347","addr:postcode":"60208","addr:state":"IL","addr:street":"Sheridan Road","addr:street:name":"Sheridan","addr:street:type":"Road","building":"dormitory"},"geometry":{"type":"Polygon","coordinates":[[[-87.6762237,42.0609017],[-87.6762209,42.0607075],[-87.676072,42.0607086],[-87.6760733,42.0608029],[-87.6760747,42.0609029],[-87.6762237,42.0609017]]]}},{"type":"Feature","id":42708330,"properties":{"osmId":42708330,"category":"residential","addr:city":"Evanston","addr:housenumber":"2349","addr:postcode":"60208","addr:state":"IL","addr:street":"Sheridan Road","addr:street:name":"Sheridan","addr:street:type":"Road","building":"dormitory"},"geometry":{"type":"Polygon","coordinates":[[[-87.6762575,42.0611994],[-87.6762601,42.0609947],[-87.6761073,42.0609937],[-87.6761064,42.0610636],[-87.6761047,42.0611984],[-87.6762575,42.0611994]]]}},{"type":"Feature","id":42708331,"properties":{"osmId":42708331,"category":"residential","addr:city":"Evanston","addr:housenumber":"584","addr:postcode":"60208","addr:state":"IL","addr:street":"Lincoln Street","addr:street:name":"Lincoln","addr:street:type":"Street","amenity":"social_centre","building":"dormitory","name":"Alpha Epsilon Pi","_wikiTried":true},"geometry":{"type":"Polygon","coordinates":[[[-87.6762124,42.0614663],[-87.6762098,42.0612783],[-87.6760382,42.0612796],[-87.6760407,42.0614676],[-87.6762124,42.0614663]]]}},{"type":"Feature","id":42708338,"properties":{"osmId":42708338,"category":"residential","addr:city":"Evanston","addr:housenumber":"2307","addr:postcode":"60208","addr:state":"IL","addr:street":"Sheridan Road","addr:street:name":"Sheridan","addr:street:type":"Road","building":"dormitory"},"geometry":{"type":"Polygon","coordinates":[[[-87.6762306,42.0597006],[-87.6760952,42.0596993],[-87.6760952,42.0595209],[-87.6762306,42.0595222],[-87.6762306,42.0597006]]]}},{"type":"Feature","id":42708343,"properties":{"osmId":42708343,"category":"residential","addr:city":"Evanston","addr:housename":"Ayers College of Commerce & Industry","addr:housenumber":"2324","addr:postcode":"60208","addr:state":"IL","addr:street":"Campus Drive","addr:street:name":"Campus","addr:street:type":"Drive","building":"dormitory","name":"Ayers College of Commerce & Industry","source":"http://maps.northwestern.edu/","_wikiTried":true},"geometry":{"type":"Polygon","coordinates":[[[-87.6752722,42.0605337],[-87.6751988,42.0605333],[-87.675199,42.0605135],[-87.6752084,42.0605136],[-87.6752101,42.0603449],[-87.6751965,42.0603448],[-87.6751968,42.0603209],[-87.6752738,42.0603214],[-87.6752749,42.0602156],[-87.6752143,42.0602152],[-87.6752144,42.0602032],[-87.675057,42.0602023],[-87.6750568,42.060216],[-87.6749946,42.0602156],[-87.6749935,42.0603165],[-87.6750604,42.0603168],[-87.6750602,42.0603442],[-87.6750504,42.0603441],[-87.6750488,42.0605113],[-87.6750584,42.0605114],[-87.6750582,42.0605328],[-87.6749834,42.0605325],[-87.6749825,42.0606414],[-87.6750506,42.0606417],[-87.6750505,42.060654],[-87.6752079,42.0606547],[-87.675208,42.0606437],[-87.6752712,42.060644],[-87.6752722,42.0605337]]]}},{"type":"Feature","id":42708344,"properties":{"osmId":42708344,"category":"residential","addr:city":"Evanston","addr:housenumber":"2332","addr:postcode":"60208","addr:state":"IL","addr:street":"Sheridan Road","addr:street:name":"Campus","addr:street:type":"Drive","building":"dormitory","name":"Slivka Hall","_wikiTried":true},"geometry":{"type":"Polygon","coordinates":[[[-87.675823,42.0607863],[-87.6758356,42.0602151],[-87.6756205,42.0602125],[-87.6756078,42.0607837],[-87.675823,42.0607863]]]}},{"type":"Feature","id":42708346,"properties":{"osmId":42708346,"category":"residential","addr:city":"Evanston","addr:housename":"Zeta Beta Tau Fraternity","addr:housenumber":"2251","addr:postcode":"60208","addr:state":"IL","addr:street":"Sheridan Road","addr:street:name":"Sheridan","addr:street:type":"Road","amenity":"social_centre","building":"dormitory","name":"Zeta Beta Tau","_wikiTried":true},"geometry":{"type":"Polygon","coordinates":[[[-87.6765545,42.0591174],[-87.6762998,42.0591163],[-87.6762999,42.0591066],[-87.6762403,42.0591064],[-87.6762406,42.0590694],[-87.6763032,42.0590696],[-87.6763036,42.0590148],[-87.676553,42.0590158],[-87.6765527,42.0590509],[-87.6765798,42.059051],[-87.6765794,42.0591045],[-87.6765546,42.0591044],[-87.6765545,42.0591174]]]}},{"type":"Feature","id":42708347,"properties":{"osmId":42708347,"category":"residential","addr:city":"Evanston","addr:housename":"College of Cultural & Community Studies/GREEN House","addr:housenumber":"2303","addr:postcode":"60208","addr:state":"IL","addr:street":"Sheridan Road","addr:street:name":"Sheridan","addr:street:type":"Road","building":"dormitory","name":"College of Cultural & Community Studies/GREEN House","_wikiTried":true},"geometry":{"type":"Polygon","coordinates":[[[-87.6767492,42.0589964],[-87.6767173,42.0589964],[-87.676717,42.0589785],[-87.6767029,42.0589721],[-87.6766611,42.0589728],[-87.6766471,42.0589798],[-87.6766478,42.0589967],[-87.6766148,42.0589972],[-87.6766168,42.0592673],[-87.6765761,42.0592672],[-87.6765761,42.0593894],[-87.6767501,42.0593901],[-87.6767492,42.0589964]]]}},{"type":"Feature","id":42708349,"properties":{"osmId":42708349,"category":"residential","addr:city":"Evanston","addr:housenumber":"2313","addr:postcode":"60208","addr:state":"IL","addr:street":"Sheridan Road","addr:street:name":"Sheridan","addr:street:type":"Road","building":"dormitory"},"geometry":{"type":"Polygon","coordinates":[[[-87.6767474,42.0594188],[-87.6766014,42.0594183],[-87.6765999,42.0596584],[-87.6767459,42.0596589],[-87.6767474,42.0594188]]]}},{"type":"Feature","id":42708353,"properties":{"osmId":42708353,"category":"residential","addr:city":"Evanston","addr:housenumber":"2309","addr:postcode":"60208","addr:state":"IL","addr:street":"Sheridan Road","addr:street:name":"Sheridan","addr:street:type":"Road","building":"dormitory","name":"Lindgren House","_wikiTried":true},"geometry":{"type":"Polygon","coordinates":[[[-87.6765451,42.0596369],[-87.6765469,42.0595348],[-87.6762946,42.0595356],[-87.6762946,42.0596344],[-87.6765451,42.0596369]]]}},{"type":"Feature","id":42708357,"properties":{"osmId":42708357,"category":"academic","addr:city":"Evanston","addr:housenumber":"621-623","addr:postcode":"60208","addr:state":"IL","addr:street":"Garrett Place","building":"university"},"geometry":{"type":"Polygon","coordinates":[[[-87.6782976,42.0566959],[-87.6783029,42.0564028],[-87.6781342,42.0564011],[-87.6781289,42.0566942],[-87.6782976,42.0566959]]]}},{"type":"Feature","id":42708359,"properties":{"osmId":42708359,"category":"residential","addr:city":"Evanston","addr:housenumber":"2245","addr:postcode":"60208","addr:state":"IL","addr:street":"Sheridan Road","addr:street:name":"Sheridan","addr:street:type":"Road","building":"dormitory","name":"Sargent Hall","note":"Dining Hall inside","_wikiTried":true},"geometry":{"type":"Polygon","coordinates":[[[-87.6758044,42.0588665],[-87.6758018,42.0586313],[-87.6758026,42.0585898],[-87.675169,42.0585901],[-87.6751708,42.0586819],[-87.6752251,42.0586829],[-87.6752283,42.0590192],[-87.6755302,42.0590195],[-87.675528,42.0588646],[-87.6758044,42.0588665]]]}},{"type":"Feature","id":42708360,"properties":{"osmId":42708360,"category":"residential","addr:city":"Evanston","addr:housenumber":"2247","addr:postcode":"60208","addr:state":"IL","addr:street":"Sheridan Road","addr:street:name":"Sheridan","addr:street:type":"Road","building":"dormitory"},"geometry":{"type":"Polygon","coordinates":[[[-87.675904,42.0590414],[-87.6759063,42.0589404],[-87.6756671,42.0589414],[-87.6756667,42.0589668],[-87.6756611,42.0589669],[-87.6756435,42.0589784],[-87.6756437,42.0589996],[-87.6756613,42.0590129],[-87.6756665,42.0590128],[-87.6756666,42.0590414],[-87.675904,42.0590414]]]}},{"type":"Feature","id":42708362,"properties":{"osmId":42708362,"category":"residential","addr:city":"Evanston","addr:housenumber":"2249","addr:postcode":"60208","addr:state":"IL","addr:street":"Sheridan Road","addr:street:name":"Sheridan","addr:street:type":"Road","amenity":"social_centre","building":"dormitory","name":"Sigma Chi","_wikiTried":true},"geometry":{"type":"Polygon","coordinates":[[[-87.6762402,42.0591235],[-87.6762403,42.0591064],[-87.6762406,42.0590694],[-87.6762436,42.0589204],[-87.6761605,42.058919],[-87.6761602,42.0589469],[-87.6761087,42.0589463],[-87.6761073,42.0591237],[-87.6761435,42.0591242],[-87.6761429,42.0591399],[-87.6761498,42.0591484],[-87.6761876,42.0591494],[-87.6761939,42.0591414],[-87.6761943,42.0591236],[-87.6762402,42.0591235]]]}},{"type":"Feature","id":42708369,"properties":{"osmId":42708369,"category":"academic","addr:city":"Evanston","addr:housenumber":"605-615","addr:postcode":"60208","addr:state":"IL","addr:street":"Garrett Place","building":"university"},"geometry":{"type":"Polygon","coordinates":[[[-87.6779784,42.0565126],[-87.6779784,42.0563979],[-87.6776008,42.0563979],[-87.6776008,42.0565126],[-87.6779784,42.0565126]]]}},{"type":"Feature","id":42708749,"properties":{"osmId":42708749,"category":"residential","addr:city":"Evanston","addr:housenumber":"1915","addr:postcode":"60201","addr:state":"IL","addr:street":"Maple Avenue","addr:street:name":"Maple","addr:street:type":"Avenue","building":"dormitory","building:levels":"10","name":"Engelhart Hall","_wikiTried":true},"geometry":{"type":"Polygon","coordinates":[[[-87.684495,42.0530729],[-87.6845096,42.0522874],[-87.684323,42.0522846],[-87.6843147,42.0526136],[-87.6840906,42.0526126],[-87.6840889,42.0527349],[-87.6843172,42.0527368],[-87.684306,42.0530707],[-87.684495,42.0530729]]]}},{"type":"Feature","id":42708767,"properties":{"osmId":42708767,"category":"religious","addr:city":"Evanston","addr:housenumber":"1717","addr:postcode":"60201","addr:state":"IL","addr:street":"Benson Avenue","addr:street:name":"Benson","addr:street:type":"Avenue","amenity":"place_of_worship","building":"church","denomination":"baptist","name":"Second Baptist Church","religion":"christian","source":"http://www.secondbaptistevanston.org/index.cfm","_wikiTried":true},"geometry":{"type":"Polygon","coordinates":[[[-87.6831862,42.0491949],[-87.6826462,42.0491921],[-87.6826474,42.0490601],[-87.68273,42.0490605],[-87.6827298,42.0490755],[-87.6831873,42.0490779],[-87.6831862,42.0491949]]]}},{"type":"Feature","id":53160129,"properties":{"osmId":53160129,"category":"academic","addr:city":"Evanston","addr:housenumber":"2150","addr:postcode":"60208","addr:state":"IL","addr:street":"Campus Drive","addr:street:name":"Campus","addr:street:type":"Drive","building":"university","name":"Silverman Hall","_wikiTried":true},"geometry":{"type":"Polygon","coordinates":[[[-87.6746935,42.0563353],[-87.6746856,42.0566141],[-87.6743844,42.0566093],[-87.6743614,42.0566089],[-87.6743615,42.0565982],[-87.6743626,42.056452],[-87.6741747,42.0564482],[-87.6741279,42.0564473],[-87.673998,42.0564447],[-87.6739208,42.0564431],[-87.6739211,42.05678],[-87.6738544,42.0567793],[-87.6735975,42.0567761],[-87.6735982,42.0567673],[-87.6735875,42.056767],[-87.6735924,42.0565808],[-87.673546,42.0565802],[-87.673547,42.0565129],[-87.6735927,42.0565137],[-87.6735941,42.056446],[-87.6735943,42.0564363],[-87.6735952,42.0563896],[-87.6735834,42.056383],[-87.6735841,42.056331],[-87.6735949,42.0563226],[-87.6739494,42.0563267],[-87.6740027,42.0563273],[-87.6741352,42.0563288],[-87.6741778,42.0563293],[-87.6745752,42.056334],[-87.6746661,42.0563351],[-87.6746935,42.0563353]]]}},{"type":"Feature","id":53160487,"properties":{"osmId":53160487,"category":"religious","addr:city":"Evanston","addr:postcode":"60208","addr:state":"IL","addr:street":"Sheridan Road","building":"chapel","name":"Howes Chapel","_wikiTried":true},"geometry":{"type":"Polygon","coordinates":[[[-87.6761886,42.0564215],[-87.6761533,42.0564214],[-87.6761427,42.0564214],[-87.6761333,42.0564213],[-87.6761017,42.0564212],[-87.6761011,42.0565051],[-87.6760602,42.0565049],[-87.6760599,42.0565367],[-87.6761877,42.0565373],[-87.6761886,42.0564215]]]}},{"type":"Feature","id":53160796,"properties":{"osmId":53160796,"category":"academic","addr:city":"Evanston","addr:housenumber":"2021","addr:postcode":"60208","addr:state":"IL","addr:street":"Sheridan Road","addr:street:name":"Sheridan","addr:street:type":"Road","building":"university","name":"Cresap Laboratory","_wikiTried":true},"geometry":{"type":"Polygon","coordinates":[[[-87.6750742,42.0545502],[-87.6750799,42.054849],[-87.6750764,42.0548491],[-87.675077,42.0548671],[-87.6750775,42.0548867],[-87.6748695,42.0548891],[-87.6748491,42.0548892],[-87.6748394,42.0545551],[-87.6749581,42.0545531],[-87.6750742,42.0545502]]]}},{"type":"Feature","id":116713965,"properties":{"osmId":116713965,"category":"academic","addr:city":"Evanston","addr:housenumber":"2031","addr:postcode":"60208","addr:state":"IL","addr:street":"Sheridan Road","addr:street:name":"Sheridan","addr:street:type":"Road","amenity":"theatre","building":"university","name":"Shanley Hall","_wikiTried":true},"geometry":{"type":"Polygon","coordinates":[[[-87.6761095,42.0548716],[-87.6759438,42.0547085],[-87.6758253,42.0547761],[-87.6759884,42.0549372],[-87.6761095,42.0548716]]]}},{"type":"Feature","id":123307471,"properties":{"osmId":123307471,"category":"other","addr:city":"Evanston","addr:housenumber":"1","addr:postcode":"60208","addr:state":"IL","addr:street":"Arts Circle Drive","amenity":"parking","building":"parking","name":"Lakeside Parking Structure","operator":"Northwestern University","operator:type":"university","parking":"multi-storey","_wikiTried":true},"geometry":{"type":"Polygon","coordinates":[[[-87.6719613,42.0509248],[-87.6719478,42.0514475],[-87.6720205,42.0514484],[-87.6720186,42.051486],[-87.6721004,42.0514872],[-87.6721012,42.051469],[-87.6721016,42.0514494],[-87.6721902,42.0514504],[-87.6722119,42.0514507],[-87.6722843,42.0514516],[-87.673387,42.0511553],[-87.6733963,42.0511532],[-87.673378,42.051115],[-87.6733709,42.0510991],[-87.6733591,42.0510731],[-87.6733413,42.0510336],[-87.6733019,42.0509474],[-87.6732829,42.050907],[-87.6732653,42.050866],[-87.673238,42.0508025],[-87.6729391,42.050722],[-87.6721703,42.0509274],[-87.6721197,42.0509268],[-87.6720434,42.0509258],[-87.6719613,42.0509248]]]}},{"type":"Feature","id":123307477,"properties":{"osmId":123307477,"category":"residential","addr:city":"Evanston","addr:housenumber":"1855","addr:postcode":"60208","addr:state":"IL","addr:street":"Sheridan Road","addr:street:name":"Sheridan","addr:street:type":"Road","building":"dormitory","name":"East Fairchild (Communications Residential College)","_wikiTried":true},"geometry":{"type":"Polygon","coordinates":[[[-87.6754206,42.0509324],[-87.6753878,42.0509233],[-87.6753923,42.0509134],[-87.6753248,42.0508945],[-87.6753202,42.0509058],[-87.6752743,42.0508934],[-87.6752493,42.0508649],[-87.6752625,42.0508596],[-87.675221,42.0508125],[-87.6752069,42.050819],[-87.6751567,42.0507579],[-87.6751713,42.0507511],[-87.6751307,42.0507043],[-87.6751176,42.0507097],[-87.6750778,42.0506688],[-87.6750499,42.0506603],[-87.6750555,42.0506482],[-87.6749888,42.0506304],[-87.6749837,42.0506424],[-87.6748709,42.0506139],[-87.6748613,42.0506578],[-87.6748738,42.0506611],[-87.6748684,42.0506726],[-87.6748629,42.0506846],[-87.67485,42.0507123],[-87.6749844,42.0507463],[-87.6750426,42.0508122],[-87.674992,42.0508364],[-87.6749198,42.0508169],[-87.6748667,42.0509304],[-87.6750476,42.0509789],[-87.675075,42.0509291],[-87.6750517,42.0509045],[-87.6751041,42.0508785],[-87.6751361,42.0509159],[-87.6751441,42.050925],[-87.675192,42.050979],[-87.6753727,42.0510278],[-87.6753786,42.051016],[-87.6754206,42.0509324]]]}},{"type":"Feature","id":123307480,"properties":{"osmId":123307480,"category":"residential","addr:city":"Evanston","addr:housenumber":"1861","addr:postcode":"60208","addr:state":"IL","addr:street":"Sheridan Road","addr:street:name":"Sheridan","addr:street:type":"Road","building":"dormitory","name":"West Fairchild (International Studies Residential College)","_wikiTried":true},"geometry":{"type":"Polygon","coordinates":[[[-87.675487,42.0509522],[-87.6754478,42.0510334],[-87.675442,42.0510471],[-87.6756264,42.0510964],[-87.6757715,42.0510608],[-87.6757864,42.0510858],[-87.6757929,42.0510968],[-87.6757963,42.0511025],[-87.6757598,42.051112],[-87.675735,42.0511623],[-87.6759174,42.0512131],[-87.6759371,42.0511752],[-87.6759764,42.0510992],[-87.6758989,42.0510783],[-87.67589,42.0510614],[-87.6758759,42.0510348],[-87.6759705,42.051013],[-87.6761059,42.0510495],[-87.6761161,42.0510522],[-87.6761248,42.0510322],[-87.6761392,42.0509989],[-87.6761512,42.0510024],[-87.6761835,42.0509661],[-87.6760626,42.0509319],[-87.6760693,42.0509206],[-87.6760126,42.0509037],[-87.6760063,42.0509163],[-87.6759682,42.0509072],[-87.6759066,42.0509219],[-87.6759039,42.0509144],[-87.6758377,42.0509293],[-87.6758416,42.0509373],[-87.6757428,42.05096],[-87.6757392,42.0509519],[-87.6756682,42.05097],[-87.6756721,42.0509777],[-87.6756301,42.0509889],[-87.6755828,42.0509787],[-87.6755893,42.050967],[-87.6755251,42.0509499],[-87.6755193,42.0509607],[-87.675487,42.0509522]]]}},{"type":"Feature","id":144827602,"properties":{"osmId":144827602,"category":"religious","addr:city":"Evanston","addr:housenumber":"1445","addr:postcode":"60201","addr:state":"IL","addr:street":"Hinman Avenue","addr:street:name":"Hinman","addr:street:type":"Avenue","amenity":"place_of_worship","building":"church","name":"First Congregational Church","religion":"christian","_wikiTried":true},"geometry":{"type":"Polygon","coordinates":[[[-87.678406,42.0442794],[-87.6784571,42.0442965],[-87.6784301,42.0443516],[-87.6784053,42.0444021],[-87.6783604,42.04439],[-87.6783458,42.0444199],[-87.6779451,42.0443115],[-87.6779638,42.0442683],[-87.677814,42.0442293],[-87.677822,42.0442123],[-87.6778072,42.0442059],[-87.6777957,42.0441976],[-87.6777929,42.0441829],[-87.6777984,42.0441664],[-87.6778143,42.0441554],[-87.6778351,42.0441526],[-87.6778494,42.0441536],[-87.6778552,42.0441442],[-87.677913,42.0441584],[-87.6779188,42.044147],[-87.6780201,42.0441463],[-87.6780904,42.044164],[-87.6784194,42.044247],[-87.678406,42.0442794]]]}},{"type":"Feature","id":151311271,"properties":{"osmId":151311271,"category":"academic","addr:city":"Evanston","addr:housenumber":"1880","addr:postcode":"60208","addr:state":"IL","addr:street":"Campus Drive","addr:street:name":"Campus","addr:street:type":"Drive","building":"university","building:levels":"3","name":"Kresge Hall","_wikiTried":true},"geometry":{"type":"Polygon","coordinates":[[[-87.6748032,42.0512987],[-87.6748052,42.0513298],[-87.6747301,42.0514767],[-87.6747031,42.051533],[-87.674695,42.0515495],[-87.6746878,42.0515641],[-87.6746565,42.0516267],[-87.6746763,42.0516324],[-87.6745622,42.0518516],[-87.6746011,42.0518621],[-87.6746493,42.0518752],[-87.6747628,42.0519055],[-87.6748733,42.0516872],[-87.6754654,42.0518548],[-87.6754996,42.05179],[-87.6754935,42.0517881],[-87.6754993,42.0517781],[-87.6755059,42.0517671],[-87.6755119,42.0517689],[-87.6755464,42.0517044],[-87.6755101,42.0516938],[-87.6755492,42.0516169],[-87.675564,42.0515879],[-87.67558,42.0515563],[-87.6755856,42.0515452],[-87.67563,42.0515585],[-87.6756486,42.0515209],[-87.6754913,42.0514748],[-87.6754868,42.0514832],[-87.675475,42.0514799],[-87.6754709,42.0514882],[-87.6754782,42.0514951],[-87.6754044,42.0516438],[-87.6753936,42.0516409],[-87.6753894,42.0516492],[-87.6753752,42.0516552],[-87.6749301,42.0515307],[-87.6749378,42.0515138],[-87.674953,42.0515179],[-87.6750286,42.0513635],[-87.6748032,42.0512987]]]}},{"type":"Feature","id":153218110,"properties":{"osmId":153218110,"category":"religious","addr:city":"Evanston","addr:housenumber":"1417","addr:postcode":"60201","addr:street":"Hinman Avenue","addr:street:name":"Hinman","addr:street:type":"Avenue","building":"church"},"geometry":{"type":"Polygon","coordinates":[[[-87.6780903,42.0430396],[-87.6784085,42.0430443],[-87.6784048,42.0431809],[-87.6784527,42.0431816],[-87.6784474,42.0433837],[-87.6779414,42.0433763],[-87.6779437,42.0432903],[-87.6779847,42.0432909],[-87.6779858,42.0432486],[-87.6782588,42.0432526],[-87.6782613,42.0431582],[-87.6780872,42.0431556],[-87.6780903,42.0430396]]]}},{"type":"Feature","id":153218149,"properties":{"osmId":153218149,"category":"religious","addr:city":"Evanston","addr:housenumber":"616","addr:postcode":"60201","addr:street":"Lake Street","addr:street:name":"Lake","addr:street:type":"Street","amenity":"place_of_worship","building":"church","denomination":"lutheran","name":"Immanuel Lutheran Church","religion":"christian","_wikiTried":true},"geometry":{"type":"Polygon","coordinates":[[[-87.6813296,42.0437308],[-87.6815442,42.0437332],[-87.6815416,42.0438614],[-87.6817623,42.0438639],[-87.6817595,42.0439997],[-87.6813242,42.0439948],[-87.6813296,42.0437308]]]}},{"type":"Feature","id":153950213,"properties":{"osmId":153950213,"category":"religious","addr:housenumber":"1427","addr:postcode":"60201","addr:street":"Chicago Avenue","amenity":"place_of_worship","building":"church","denomination":"presbyterian","name":"First Presbyterian Church","religion":"christian","_wikiTried":true},"geometry":{"type":"Polygon","coordinates":[[[-87.6802755,42.0439686],[-87.6801741,42.0439688],[-87.6801737,42.0439183],[-87.6798946,42.0439184],[-87.6798946,42.0439706],[-87.6796771,42.0439693],[-87.6796787,42.0437218],[-87.6802728,42.0437256],[-87.6802728,42.0437509],[-87.6803174,42.0437513],[-87.6803184,42.0439108],[-87.6802765,42.043911],[-87.6802755,42.0439686]]]}},{"type":"Feature","id":153950214,"properties":{"osmId":153950214,"category":"religious","addr:city":"Evanston","addr:housenumber":"1012","addr:postcode":"60201","addr:state":"IL","addr:street":"Lake Street","amenity":"place_of_worship","building":"church","denomination":"roman_catholic","name":"Saint Mary's Catholic Church","religion":"christian","_wikiTried":true},"geometry":{"type":"Polygon","coordinates":[[[-87.6864875,42.0440266],[-87.6864875,42.0440037],[-87.6864875,42.0439927],[-87.6865031,42.0439925],[-87.686502,42.0437886],[-87.686466,42.0437885],[-87.6864659,42.0437155],[-87.6864204,42.0437148],[-87.6864202,42.0436487],[-87.6867378,42.0436489],[-87.6867394,42.0437626],[-87.6867157,42.0437627],[-87.686718,42.0439953],[-87.6867338,42.043995],[-87.6867342,42.0440273],[-87.6866851,42.0440274],[-87.686685,42.0440159],[-87.6865318,42.044016],[-87.6865318,42.0440268],[-87.6864875,42.0440266]]]}},{"type":"Feature","id":153950218,"properties":{"osmId":153950218,"category":"religious","addr:city":"Evanston","addr:housenumber":"1401","addr:postcode":"60201","addr:state":"IL","addr:street":"Oak Avenue","addr:street:name":"Oak","addr:street:type":"Avenue","amenity":"place_of_worship","building":"church","denomination":"methodist","name":"Emmanuel United Methodist Church","religion":"christian","_wikiTried":true},"geometry":{"type":"Polygon","coordinates":[[[-87.6867475,42.0432794],[-87.6867502,42.0429487],[-87.6867314,42.0429487],[-87.6867316,42.0429072],[-87.6865431,42.0429065],[-87.6865433,42.042946],[-87.6865253,42.0429459],[-87.6865267,42.0432812],[-87.686543,42.0432937],[-87.6865777,42.0432951],[-87.6865983,42.0433287],[-87.6866752,42.0433292],[-87.6867026,42.0432946],[-87.6867364,42.0432938],[-87.6867475,42.0432794]]]}},{"type":"Feature","id":153954287,"properties":{"osmId":153954287,"category":"religious","addr:city":"Evanston","addr:housenumber":"1509","addr:postcode":"60201","addr:state":"IL","addr:street":"Ridge Avenue","addr:street:name":"Ridge","addr:street:type":"Avenue","amenity":"place_of_worship","building":"church","denomination":"anglican","name":"Saint Mark's Episcopal Church","religion":"christian","_wikiTried":true},"geometry":{"type":"Polygon","coordinates":[[[-87.6883845,42.0455027],[-87.6883098,42.0455025],[-87.6883099,42.0454802],[-87.6879507,42.0454792],[-87.6879514,42.0453389],[-87.6883691,42.0453401],[-87.6883686,42.0454513],[-87.6883847,42.0454513],[-87.6883845,42.0455027]]]}},{"type":"Feature","id":153954289,"properties":{"osmId":153954289,"category":"religious","addr:city":"Evanston","addr:housenumber":"1113","addr:postcode":"60201","addr:state":"IL","addr:street":"Clark Street","addr:street:name":"Clark","addr:street:type":"Street","amenity":"place_of_worship","building":"church","denomination":"baptist","name":"Mount Zion Baptist Church","religion":"christian","_wikiTried":true},"geometry":{"type":"Polygon","coordinates":[[[-87.6876381,42.050153],[-87.6876303,42.0503822],[-87.6874099,42.0503781],[-87.6874177,42.0501488],[-87.687496,42.0501502],[-87.6874969,42.0501252],[-87.687559,42.0501263],[-87.6875582,42.0501515],[-87.6876381,42.050153]]]}},{"type":"Feature","id":153954293,"properties":{"osmId":153954293,"category":"religious","addr:city":"Evanston","addr:housenumber":"1109","addr:postcode":"60201","addr:state":"IL","addr:street":"Emerson Street","addr:street:name":"Emerson","addr:street:type":"Street","amenity":"place_of_worship","building":"church","denomination":"african_methodist_episcopal","name":"Ebenezer African Methodist Episcopal Church","religion":"christian","_wikiTried":true},"geometry":{"type":"Polygon","coordinates":[[[-87.6867947,42.0524685],[-87.6867937,42.0522604],[-87.6866358,42.0522608],[-87.6866368,42.0524647],[-87.68661,42.0524648],[-87.686611,42.0526815],[-87.6868219,42.0526809],[-87.6868209,42.0524684],[-87.6867947,42.0524685]]]}},{"type":"Feature","id":153954294,"properties":{"osmId":153954294,"category":"religious","addr:city":"Evanston","addr:housenumber":"1101","addr:postcode":"60201","addr:state":"IL","addr:street":"Church Street","addr:street:name":"Church","addr:street:type":"Street","amenity":"place_of_worship","building":"church","name":"Evangelical Covenant Church","religion":"christian","_wikiTried":true},"geometry":{"type":"Polygon","coordinates":[[[-87.6871165,42.0488553],[-87.6869517,42.0488534],[-87.6869557,42.0486583],[-87.6869899,42.0486586],[-87.6869904,42.0486348],[-87.6870889,42.048636],[-87.6870883,42.0486613],[-87.6871205,42.0486617],[-87.6871165,42.0488553]]]}},{"type":"Feature","id":165094354,"properties":{"osmId":165094354,"category":"academic","building":"university","name":"Jacobs Center","_wikiTried":true},"geometry":{"type":"Polygon","coordinates":[[[-87.6767786,42.0537844],[-87.6763721,42.0537815],[-87.6763723,42.0538121],[-87.6763427,42.0538116],[-87.6763441,42.0537069],[-87.6763444,42.053686],[-87.6757723,42.0536835],[-87.6757702,42.0538124],[-87.6757505,42.0538127],[-87.6757297,42.0538124],[-87.6757249,42.0539129],[-87.6757828,42.0539129],[-87.6757828,42.0539042],[-87.6758209,42.0539046],[-87.6758195,42.0539993],[-87.675993,42.0540004],[-87.6759926,42.0540331],[-87.6759562,42.054033],[-87.6758779,42.05412],[-87.6758774,42.0541369],[-87.6758767,42.0541575],[-87.6758774,42.0541917],[-87.6759467,42.0542854],[-87.6760227,42.054287],[-87.6760229,42.0543191],[-87.6757624,42.0543195],[-87.6757621,42.0543416],[-87.6756991,42.05434],[-87.6756974,42.0543691],[-87.6756955,42.0544356],[-87.6757577,42.0544358],[-87.6757564,42.0545021],[-87.6759119,42.0545035],[-87.6759126,42.0544378],[-87.6760051,42.054438],[-87.6762017,42.0544384],[-87.6765168,42.0544442],[-87.6766818,42.0544473],[-87.6766822,42.0543963],[-87.6766823,42.0543688],[-87.6766829,42.0543296],[-87.6766555,42.0543296],[-87.6766565,42.0542335],[-87.6767482,42.0542347],[-87.6767482,42.0541869],[-87.6768071,42.0541865],[-87.6768067,42.0541454],[-87.6767838,42.0541451],[-87.6767824,42.0540101],[-87.6768103,42.0540101],[-87.6768105,42.0539712],[-87.676742,42.0539706],[-87.6767419,42.0539292],[-87.6767778,42.0539293],[-87.6767783,42.0538333],[-87.6767786,42.0537844]]]}},{"type":"Feature","id":168838776,"properties":{"osmId":168838776,"category":"athletic","addr:city":"Evanston","addr:housenumber":"1000","addr:postcode":"60201","addr:state":"IL","addr:street":"Grove Street","addr:street:name":"Grove","addr:street:type":"Street","amenity":"community_centre","brand:wikipedia":"en:YMCA","building":"commercial","leisure":"sports_centre","name":"McGaw YMCA","operator":"YMCA","operator:type":"ngo","operator:wikidata":"Q54834579","_wikiTried":true},"geometry":{"type":"Polygon","coordinates":[[[-87.6857509,42.0449561],[-87.6857456,42.0454552],[-87.685222,42.0454521],[-87.6852273,42.044953],[-87.6857222,42.0449559],[-87.6857509,42.0449561]]]}},{"type":"Feature","id":168838784,"properties":{"osmId":168838784,"category":"religious","addr:city":"Evanston","addr:housenumber":"1012","addr:postcode":"60201","addr:state":"IL","addr:street":"Lake Street","building":"church","name":"Saint Mary's Parish Center","_wikiTried":true},"geometry":{"type":"Polygon","coordinates":[[[-87.6859548,42.044004],[-87.6858826,42.0440038],[-87.6858827,42.0439798],[-87.685692,42.0439792],[-87.6856918,42.0440031],[-87.6856212,42.0440029],[-87.6856219,42.0438835],[-87.6857528,42.0438839],[-87.6857528,42.0438107],[-87.6857573,42.0438017],[-87.6857656,42.0437962],[-87.6857751,42.0437929],[-87.6857862,42.0437918],[-87.6857977,42.0437932],[-87.685807,42.0437971],[-87.6858147,42.0438019],[-87.6858189,42.0438107],[-87.6858199,42.0438841],[-87.6859555,42.0438846],[-87.6859548,42.044004]]]}},{"type":"Feature","id":173375109,"properties":{"osmId":173375109,"category":"academic","addr:city":"Evanston","addr:housenumber":"2636","addr:postcode":"60201","addr:state":"IL","addr:street":"Orrington Avenue","addr:street:name":"Orrington","addr:street:type":"Avenue","building":"school"},"geometry":{"type":"Polygon","coordinates":[[[-87.6797653,42.0654362],[-87.6800062,42.06544],[-87.6800053,42.0654713],[-87.6800621,42.0654722],[-87.6800552,42.0657194],[-87.6799983,42.0657185],[-87.6799889,42.0660508],[-87.6796869,42.0660461],[-87.6796904,42.0659218],[-87.6797517,42.0659228],[-87.6797653,42.0654362]]]}},{"type":"Feature","id":173375111,"properties":{"osmId":173375111,"category":"medical","addr:city":"Evanston","addr:housenumber":"1000","addr:postcode":"60201","addr:state":"IL","addr:street":"Central Street","addr:street:name":"Central","addr:street:type":"Street","amenity":"doctors","building":"hospital","healthcare":"doctor","name":"Graham Medical Office Building","_wikiTried":true},"geometry":{"type":"Polygon","coordinates":[[[-87.6855967,42.064107],[-87.6848731,42.0640987],[-87.6848463,42.0640984],[-87.6848236,42.0640981],[-87.684325,42.0640937],[-87.6843362,42.063747],[-87.6854089,42.0637605],[-87.6855967,42.064107]]]}},{"type":"Feature","id":173375114,"properties":{"osmId":173375114,"category":"medical","building":"hospital"},"geometry":{"type":"Polygon","coordinates":[[[-87.685227,42.0665877],[-87.6852232,42.0668052],[-87.685086,42.0668039],[-87.6850871,42.066741],[-87.6847837,42.0667381],[-87.6847826,42.0668001],[-87.6846462,42.0667988],[-87.68465,42.0665821],[-87.685227,42.0665877]]]}},{"type":"Feature","id":173375115,"properties":{"osmId":173375115,"category":"medical","building":"hospital"},"geometry":{"type":"Polygon","coordinates":[[[-87.6852005,42.0671816],[-87.6846392,42.0671762],[-87.6846406,42.0670936],[-87.6846421,42.0670105],[-87.6847679,42.0670117],[-87.6847664,42.067095],[-87.6850684,42.0670979],[-87.6850698,42.0670138],[-87.6852034,42.0670151],[-87.6852005,42.0671816]]]}},{"type":"Feature","id":173484267,"properties":{"osmId":173484267,"category":"academic","addr:city":"Evanston","addr:housenumber":"1551","addr:postcode":"60201","addr:state":"IL","addr:street":"Wesley Avenue","addr:street:name":"Wesley","addr:street:type":"Avenue","building":"school","name":"Dewey School","_wikiTried":true},"geometry":{"type":"Polygon","coordinates":[[[-87.6911501,42.0453667],[-87.6913615,42.0453701],[-87.6913423,42.0460121],[-87.6914963,42.0460147],[-87.6914917,42.0461682],[-87.6916694,42.0461712],[-87.6916637,42.0463625],[-87.6911256,42.0463536],[-87.691132,42.0461403],[-87.6913034,42.0461431],[-87.6913049,42.0460954],[-87.6911285,42.0460925],[-87.6911501,42.0453667]]]}},{"type":"Feature","id":173484270,"properties":{"osmId":173484270,"category":"academic","addr:city":"Evanston","addr:housenumber":"1200","addr:postcode":"60201","addr:state":"IL","addr:street":"Davis Street","addr:street:name":"Davis","addr:street:type":"Street","amenity":"school","building":"school","education":"school","name":"Roycemore School","operator:type":"private","website":"https://www.roycemoreschool.org/","wikidata":"Q7375191","wikipedia":"en:Roycemore School","_wikiTried":true},"geometry":{"type":"Polygon","coordinates":[[[-87.6899186,42.0461003],[-87.689917,42.0464021],[-87.6898707,42.0464019],[-87.6898703,42.0464844],[-87.6898147,42.0465494],[-87.6898142,42.046625],[-87.6893998,42.0466235],[-87.689398,42.0469141],[-87.6891401,42.0469132],[-87.6891422,42.0465792],[-87.6892139,42.0465795],[-87.6892146,42.0464777],[-87.6889377,42.0464768],[-87.6889387,42.0463148],[-87.6893712,42.0463162],[-87.6893704,42.0464484],[-87.6894825,42.0464488],[-87.6894828,42.0463925],[-87.6896675,42.0463931],[-87.6896691,42.0460996],[-87.6899186,42.0461003]]]}},{"type":"Feature","id":173484274,"properties":{"osmId":173484274,"category":"medical","addr:city":"Evanston","addr:housenumber":"2500","addr:postcode":"60201","addr:state":"IL","addr:street":"Ridge Avenue","addr:street:name":"Ridge","addr:street:type":"Avenue","building":"hospital","name":"Cos Building","_wikiTried":true},"geometry":{"type":"Polygon","coordinates":[[[-87.6846717,42.0632161],[-87.6849395,42.0632197],[-87.6849285,42.063671],[-87.6846608,42.0636675],[-87.6846717,42.0632161]]]}},{"type":"Feature","id":175187764,"properties":{"osmId":175187764,"category":"academic","access":"university","addr:city":"Evanston","addr:housenumber":"1970","addr:postcode":"60208","addr:state":"IL","addr:street":"Campus Drive","addr:street:name":"Campus","addr:street:type":"Drive","amenity":"library","building":"university","layer":"1","name":"Northwestern University Library","operator":"Northwestern University Libraries","operator:type":"university","website":"https://offices.northwestern.edu/detail/692","wikidata":"Q615670","wikipedia":"en:Northwestern University Library","_wikiTried":true},"geometry":{"type":"Polygon","coordinates":[[[-87.6749879,42.0530924],[-87.6749541,42.053092],[-87.6749277,42.0530917],[-87.6749272,42.0531062],[-87.6748637,42.0531539],[-87.6748243,42.0531538],[-87.6747758,42.0531536],[-87.6747111,42.0531042],[-87.6747114,42.0530398],[-87.6747332,42.0530273],[-87.6747189,42.0530155],[-87.6747066,42.0530214],[-87.6746861,42.053001],[-87.6746352,42.0530275],[-87.6746184,42.053002],[-87.6745694,42.0530177],[-87.6745635,42.0530035],[-87.6745151,42.0530094],[-87.6744882,42.0530068],[-87.6744643,42.0530082],[-87.6744154,42.053],[-87.6744105,42.053012],[-87.6743632,42.0529942],[-87.6743437,42.0530209],[-87.6743031,42.0529904],[-87.6742725,42.0530167],[-87.6742643,42.0530098],[-87.674238,42.0530287],[-87.6741513,42.0530912],[-87.6741509,42.0530961],[-87.6742545,42.0530969],[-87.6742528,42.0531707],[-87.6742394,42.0531709],[-87.674239,42.0531948],[-87.6742128,42.053195],[-87.6742112,42.053243],[-87.6741986,42.0532429],[-87.6741979,42.0532659],[-87.6741721,42.0532666],[-87.6741714,42.0532872],[-87.6740775,42.053287],[-87.6740773,42.053263],[-87.674038,42.0532635],[-87.6740381,42.0532498],[-87.6740137,42.0532489],[-87.6739182,42.0533165],[-87.6738899,42.0533366],[-87.6738906,42.0533539],[-87.6738987,42.0533494],[-87.6739258,42.0533744],[-87.6739735,42.0533493],[-87.6739912,42.0533696],[-87.6740417,42.0533596],[-87.674047,42.0533703],[-87.6740944,42.0533683],[-87.6741423,42.0533683],[-87.6741901,42.053374],[-87.6742011,42.0533633],[-87.6742462,42.0533761],[-87.6742734,42.0533523],[-87.6743144,42.0533751],[-87.6743413,42.0533583],[-87.6743573,42.0533701],[-87.674383,42.0533891],[-87.6743555,42.0534084],[-87.6743866,42.0534452],[-87.6743563,42.0534563],[-87.6743746,42.0534926],[-87.674355,42.0534977],[-87.6743665,42.0535321],[-87.6743661,42.0535717],[-87.6743553,42.0536064],[-87.6743724,42.0536117],[-87.6743519,42.0536475],[-87.6743825,42.0536618],[-87.6743488,42.0536977],[-87.6743754,42.0537158],[-87.6743286,42.0537499],[-87.6743042,42.0537293],[-87.674256,42.0537526],[-87.674238,42.0537291],[-87.6741895,42.0537443],[-87.6741829,42.0537308],[-87.6741334,42.0537336],[-87.6741115,42.0537347],[-87.6740845,42.053735],[-87.6740358,42.053729],[-87.6740306,42.0537393],[-87.6739835,42.0537256],[-87.6739644,42.0537481],[-87.673916,42.0537223],[-87.6738915,42.0537434],[-87.6738458,42.0537081],[-87.6738777,42.0536897],[-87.6738382,42.0536522],[-87.6738737,42.0536398],[-87.6738512,42.0536032],[-87.6738736,42.0535983],[-87.6738661,42.0535621],[-87.6738631,42.0535258],[-87.6738704,42.053503],[-87.6738737,42.0534925],[-87.6738547,42.0534833],[-87.6738746,42.0534502],[-87.6738421,42.0534333],[-87.6738755,42.0533991],[-87.6738465,42.0533768],[-87.6738185,42.0533901],[-87.6737965,42.0533717],[-87.6737201,42.0533747],[-87.6736955,42.0533573],[-87.6737157,42.0533439],[-87.6737866,42.053344],[-87.6738109,42.0533441],[-87.6738157,42.0533403],[-87.673835,42.0533399],[-87.673848,42.0533174],[-87.6738628,42.0533163],[-87.6739276,42.053278],[-87.6739249,42.0532669],[-87.6738945,42.0532405],[-87.6738697,42.0532532],[-87.6738438,42.0532638],[-87.6738254,42.053241],[-87.6737775,42.0532559],[-87.6737723,42.0532408],[-87.6737242,42.0532477],[-87.6736731,42.0532474],[-87.6736249,42.0532387],[-87.6736185,42.0532523],[-87.6735689,42.0532379],[-87.6735513,42.0532596],[-87.6735004,42.0532349],[-87.6734805,42.0532537],[-87.6734372,42.0532203],[-87.6734625,42.0532023],[-87.6734308,42.0531667],[-87.6734644,42.053151],[-87.6734434,42.0531176],[-87.6734589,42.0531095],[-87.6734491,42.053075],[-87.6734439,42.0530392],[-87.6734619,42.0530046],[-87.6734368,42.0530009],[-87.6734553,42.0529646],[-87.6734278,42.0529542],[-87.6734645,42.0529185],[-87.6734324,42.0528986],[-87.6734435,42.0528913],[-87.6734928,42.0528591],[-87.6735147,42.0528791],[-87.6735615,42.0528567],[-87.6735786,42.0528784],[-87.6736279,42.0528671],[-87.6736327,42.0528791],[-87.6736821,42.0528748],[-87.6737312,42.0528747],[-87.6737382,42.0528756],[-87.6737809,42.0528808],[-87.6737848,42.0528695],[-87.673834,42.052883],[-87.6738522,42.0528597],[-87.6739012,42.0528852],[-87.6739249,42.0528651],[-87.6739692,42.0529022],[-87.6739382,42.0529187],[-87.6739753,42.0529552],[-87.6739439,42.0529679],[-87.6739613,42.0530027],[-87.6739444,42.0530075],[-87.6739507,42.0530298],[-87.6740442,42.0530321],[-87.6741721,42.0530351],[-87.6742086,42.0530098],[-87.674235,42.0529914],[-87.6742257,42.0529829],[-87.6742529,42.0529631],[-87.674242,42.0529522],[-87.6742449,42.0529489],[-87.6742386,42.0529405],[-87.6742319,42.0529416],[-87.6742242,42.0529266],[-87.6742538,42.0529137],[-87.6742367,42.0528791],[-87.6742621,42.0528741],[-87.6742614,42.052872],[-87.6742536,42.0528724],[-87.6742457,42.0528396],[-87.674261,42.0528382],[-87.6742602,42.0528349],[-87.6742488,42.0528359],[-87.6742462,42.0528232],[-87.6742516,42.0528227],[-87.6742456,42.0528019],[-87.6742498,42.0527798],[-87.6742579,42.0527664],[-87.6742362,42.05276],[-87.6742611,42.0527264],[-87.674227,42.0527107],[-87.6742377,42.0526976],[-87.6742461,42.0526899],[-87.6742599,42.0526767],[-87.6742314,42.0526578],[-87.6742497,42.0526426],[-87.6742553,42.0526453],[-87.6742643,42.052639],[-87.6742614,42.0526347],[-87.6742828,42.0526223],[-87.6743038,42.0526422],[-87.674352,42.0526183],[-87.6743695,42.0526416],[-87.6744195,42.0526281],[-87.674424,42.0526428],[-87.6744736,42.052636],[-87.6744739,42.0526394],[-87.6744999,42.0526391],[-87.6745224,42.0526389],[-87.6745228,42.0526351],[-87.674571,42.0526437],[-87.674576,42.0526311],[-87.6746255,42.0526459],[-87.6746434,42.0526224],[-87.6746922,42.0526491],[-87.6747172,42.0526293],[-87.674762,42.0526639],[-87.6747351,42.0526802],[-87.6747493,42.0526933],[-87.6747448,42.0526966],[-87.6747507,42.0527051],[-87.6747582,42.0527024],[-87.6747676,42.0527178],[-87.6747355,42.0527301],[-87.6747466,42.0527437],[-87.6747391,42.052746],[-87.6747429,42.0527545],[-87.6747507,42.0527528],[-87.674755,42.0527674],[-87.6747359,42.0527713],[-87.6747457,42.052806],[-87.6747273,42.0528067],[-87.6747273,42.05281],[-87.6747407,42.0528097],[-87.6747419,42.0528219],[-87.6747355,42.0528221],[-87.6747367,42.0528293],[-87.6747413,42.05283],[-87.6747445,42.0528455],[-87.6747437,42.052857],[-87.6747401,42.0528669],[-87.6747329,42.0528798],[-87.6747526,42.0528842],[-87.6747478,42.052898],[-87.6747412,42.0529074],[-87.6747316,42.0529205],[-87.6747647,42.0529353],[-87.674728,42.0529709],[-87.6747557,42.0529886],[-87.6747475,42.0529953],[-87.674761,42.0530067],[-87.6747759,42.0529952],[-87.6748176,42.052994],[-87.6748675,42.052995],[-87.674928,42.0530418],[-87.6749285,42.0530595],[-87.6749388,42.0530637],[-87.6749734,42.053064],[-87.6749869,42.0530641],[-87.6749879,42.0530924]]]}},{"type":"Feature","id":182668630,"properties":{"osmId":182668630,"category":"academic","addr:city":"Evanston","addr:housenumber":"600","addr:postcode":"60201","addr:state":"IL","addr:street":"Haven Street","building":"university","name":"Seabury-Western Theological Seminary","wikidata":"Q7440232","wikipedia":"en:Seabury-Western Theological Seminary","_wikiTried":true},"geometry":{"type":"Polygon","coordinates":[[[-87.6778199,42.057009],[-87.6778214,42.0569087],[-87.6775851,42.0569067],[-87.6775865,42.0568159],[-87.6777198,42.056817],[-87.6777216,42.0566972],[-87.6779501,42.0567024],[-87.6779484,42.0568192],[-87.6779809,42.0568161],[-87.6779797,42.0568949],[-87.6781425,42.0568963],[-87.6781435,42.0568347],[-87.6787296,42.0568395],[-87.6787249,42.0571493],[-87.6785877,42.0571481],[-87.6785912,42.0569167],[-87.6783065,42.0569143],[-87.6783029,42.0571508],[-87.6781326,42.0571493],[-87.6781353,42.0569761],[-87.6779748,42.0569748],[-87.6779742,42.0570102],[-87.6778199,42.057009]]]}},{"type":"Feature","id":182668631,"properties":{"osmId":182668631,"category":"religious","addr:city":"Evanston","addr:housenumber":"2122","addr:postcode":"60201","addr:state":"IL","addr:street":"Sheridan Road","amenity":"place_of_worship","building":"church","name":"Seabury-Western Chapel","religion":"christian","_wikiTried":true},"geometry":{"type":"Polygon","coordinates":[[[-87.677832,42.0571316],[-87.6774914,42.0571277],[-87.677494,42.057042],[-87.6775441,42.0570422],[-87.677584,42.0570072],[-87.6778199,42.057009],[-87.6779742,42.0570102],[-87.6779735,42.0571795],[-87.6778315,42.0571781],[-87.677832,42.0571316]]]}},{"type":"Feature","id":182668876,"properties":{"osmId":182668876,"category":"academic","addr:city":"Evanston","addr:housenumber":"640","addr:postcode":"60208","addr:state":"IL","addr:street":"Lincoln Street","addr:street:name":"Lincoln","addr:street:type":"Street","building":"university","name":"Roycemore","wikidata":"Q18155392","wikipedia":"en:Former Roycemore School building","_wikiTried":true},"geometry":{"type":"Polygon","coordinates":[[[-87.679335,42.0614461],[-87.6792078,42.0614449],[-87.6792082,42.0614226],[-87.6791789,42.0614224],[-87.67918,42.0613599],[-87.6791509,42.0613596],[-87.679154,42.0611842],[-87.6791295,42.0611839],[-87.6791289,42.0612193],[-87.6789825,42.0612179],[-87.678983,42.0611919],[-87.6789548,42.0611916],[-87.6789534,42.0612753],[-87.6789747,42.0612755],[-87.6789736,42.0613429],[-87.6789492,42.0613427],[-87.6789479,42.0614135],[-87.6788963,42.061413],[-87.6788959,42.0614346],[-87.6787993,42.0614336],[-87.6788044,42.0611472],[-87.6787645,42.0611468],[-87.6787666,42.0610296],[-87.6791276,42.0610332],[-87.6791321,42.0607785],[-87.6790816,42.060778],[-87.6790832,42.0606892],[-87.6792654,42.060691],[-87.679261,42.0609373],[-87.6792878,42.0609376],[-87.6792859,42.0610384],[-87.6793174,42.0610387],[-87.6793153,42.0611585],[-87.6792637,42.061158],[-87.6792632,42.0611828],[-87.6793614,42.0611838],[-87.6793593,42.0613029],[-87.6793376,42.0613027],[-87.679335,42.0614461]]]}},{"type":"Feature","id":182828166,"properties":{"osmId":182828166,"category":"religious","addr:city":"Evanston","addr:housenumber":"1332","addr:postcode":"60201","addr:state":"IL","addr:street":"Davis Street","amenity":"place_of_worship","building":"church","denomination":"church_of_god","ele":"186","gnis:feature_id":"1826659","name":"Church of God the New Testament","religion":"christian","_wikiTried":true},"geometry":{"type":"Polygon","coordinates":[[[-87.6918094,42.0468778],[-87.6918076,42.0469939],[-87.6917338,42.0469931],[-87.691734,42.0469816],[-87.6916564,42.046981],[-87.6916578,42.0469455],[-87.6916155,42.0469451],[-87.6916167,42.0468768],[-87.6916594,42.0468775],[-87.691661,42.0468272],[-87.691761,42.0468281],[-87.6917597,42.0468774],[-87.6918094,42.0468778]]]}},{"type":"Feature","id":183068850,"properties":{"osmId":183068850,"category":"religious","addr:city":"Evanston","addr:housenumber":"607","addr:postcode":"60201","addr:street":"Lake Street","addr:street:name":"Lake","addr:street:type":"Street","amenity":"place_of_worship","building":"church","name":"Lake Street Church of Evanston","religion":"christian","_wikiTried":true},"geometry":{"type":"Polygon","coordinates":[[[-87.6811805,42.0444519],[-87.6810209,42.0444467],[-87.6809868,42.0444459],[-87.6809899,42.0443934],[-87.6807861,42.0443868],[-87.6807848,42.0444038],[-87.6807144,42.0444013],[-87.6807259,42.0442451],[-87.6806984,42.044227],[-87.6807465,42.0441883],[-87.6808021,42.04422],[-87.6810021,42.0442239],[-87.6810033,42.0441904],[-87.681188,42.0441945],[-87.6811694,42.0444318],[-87.6811839,42.0444337],[-87.6811805,42.0444519]]]}},{"type":"Feature","id":183068855,"properties":{"osmId":183068855,"category":"religious","addr:city":"Evanston","addr:housenumber":"516","addr:postcode":"60201","addr:state":"IL","addr:street":"Church Street","addr:street:name":"Church","addr:street:type":"Street","amenity":"place_of_worship","building":"church","denomination":"methodist","name":"First United Methodist Church","religion":"christian","_wikiTried":true},"geometry":{"type":"Polygon","coordinates":[[[-87.6782196,42.0472163],[-87.6781215,42.047415],[-87.6774801,42.0472405],[-87.6775585,42.0470814],[-87.6775999,42.0470927],[-87.6776194,42.0470531],[-87.6776679,42.0470663],[-87.6777303,42.0470833],[-87.6779921,42.0471544],[-87.6782196,42.0472163]]]}},{"type":"Feature","id":184486074,"properties":{"osmId":184486074,"category":"medical","addr:city":"Evanston","addr:housenumber":"1700","addr:postcode":"60201","addr:state":"IL","addr:street":"Maple Avenue","addr:street:name":"Maple","addr:street:type":"Avenue","amenity":"clinic","brand":"Northwestern Medicine","brand:wikidata":"Q50036890","building":"office","healthcare":"clinic","name":"Northwestern Medicine Physicians Group","operator":"Northwestern Medicine","_wikiTried":true},"geometry":{"type":"Polygon","coordinates":[[[-87.6849652,42.0490767],[-87.6851462,42.0490777],[-87.6854038,42.0490792],[-87.6851629,42.0487824],[-87.6850377,42.0487809],[-87.6850177,42.0487614],[-87.6850008,42.048756],[-87.6849841,42.0487577],[-87.6849732,42.0487642],[-87.6849682,42.0487718],[-87.6849652,42.0490767]]]}},{"type":"Feature","id":205849880,"properties":{"osmId":205849880,"category":"academic","addr:city":"Evanston","addr:housenumber":"2701","addr:postcode":"60201","addr:state":"IL","addr:street":"Ashland Avenue","alt_name":"Burton Academic Advising Building","building":"university","name":"Anderson Hall","_wikiTried":true},"geometry":{"type":"Polygon","coordinates":[[[-87.691458,42.0662049],[-87.6913754,42.0662037],[-87.6913751,42.06623],[-87.6913537,42.0662303],[-87.6913504,42.0664438],[-87.691361,42.0664444],[-87.6913613,42.0664691],[-87.6913504,42.0664692],[-87.6913459,42.0665979],[-87.6919228,42.066605],[-87.6919244,42.0664765],[-87.6916104,42.0664707],[-87.6915931,42.066419],[-87.691579,42.0664217],[-87.6915307,42.0662796],[-87.6914961,42.0662789],[-87.6914971,42.0662281],[-87.6914578,42.0662277],[-87.691458,42.0662049]]]}},{"type":"Feature","id":207127557,"properties":{"osmId":207127557,"category":"residential","addr:city":"Evanston","addr:housenumber":"2014","addr:postcode":"60201","addr:state":"IL","addr:street":"Orrington Avenue","addr:street:name":"Orrington","addr:street:type":"Avenue","amenity":"place_of_worship","building":"house","name":"Tannenbaum Chabad House","religion":"jewish","_wikiTried":true},"geometry":{"type":"Polygon","coordinates":[[[-87.6800115,42.0544993],[-87.6800125,42.0544366],[-87.6803465,42.0544398],[-87.6803454,42.0545025],[-87.6800115,42.0544993]]]}},{"type":"Feature","id":214618498,"properties":{"osmId":214618498,"category":"academic","addr:city":"Evanston","addr:housenumber":"1860","addr:postcode":"60208","addr:state":"IL","addr:street":"Campus Drive","addr:street:name":"Campus","addr:street:type":"Drive","building":"university","building:levels":"4","name":"Crowe Hall","_wikiTried":true},"geometry":{"type":"Polygon","coordinates":[[[-87.6754709,42.0514882],[-87.675475,42.0514799],[-87.6754868,42.0514832],[-87.6754913,42.0514748],[-87.6756486,42.0515209],[-87.6756955,42.0514298],[-87.6753047,42.0513215],[-87.6752511,42.0513067],[-87.6748164,42.051182],[-87.6747829,42.0511724],[-87.6747997,42.0512826],[-87.6748032,42.0512987],[-87.6750286,42.0513635],[-87.6754709,42.0514882]]]}},{"type":"Feature","id":214618504,"properties":{"osmId":214618504,"category":"academic","access":"university","addr:city":"Evanston","addr:housenumber":"1937","addr:postcode":"60208","addr:state":"IL","addr:street":"Sheridan Road","addr:street:name":"Sheridan","addr:street:type":"Road","amenity":"library","building":"university","building:levels":"3","ele":"183","gnis:feature_id":"1866879","name":"Deering Library","name:etymology:wikidata":"Q506828","name:etymology:wikipedia":"Charles Deering","operator":"Northwestern University Libraries","operator:type":"university","source":"USGS Geonames","website":"https://www.library.northwestern.edu/libraries-collections/deering-library/","wikidata":"Q4499877","wikipedia":"en:Deering Library","_wikiTried":true},"geometry":{"type":"Polygon","coordinates":[[[-87.6755608,42.0529472],[-87.675543,42.0529313],[-87.6753854,42.0529314],[-87.6753708,42.0529468],[-87.6753701,42.0530341],[-87.6751942,42.0530321],[-87.6749868,42.0530307],[-87.6749869,42.0530641],[-87.6749879,42.0530924],[-87.6749872,42.0531196],[-87.6749992,42.0531197],[-87.674994,42.05332],[-87.6749819,42.05332],[-87.6749815,42.0533755],[-87.6749813,42.0534043],[-87.675361,42.0534101],[-87.6753618,42.0534896],[-87.6753811,42.0535088],[-87.6755248,42.0535096],[-87.6755479,42.0534909],[-87.6755517,42.0533013],[-87.6755532,42.0532291],[-87.6755547,42.0531533],[-87.6755606,42.0529685],[-87.6755608,42.0529472]]]}},{"type":"Feature","id":214618520,"properties":{"osmId":214618520,"category":"academic","addr:city":"Evanston","addr:housenumber":"2029","addr:postcode":"60208","addr:state":"IL","addr:street":"Sheridan Road","addr:street:name":"Sheridan","addr:street:type":"Road","building":"university","name":"Swift Hall","_wikiTried":true},"geometry":{"type":"Polygon","coordinates":[[[-87.6751838,42.0553928],[-87.6748493,42.0553969],[-87.6748444,42.0552202],[-87.6748727,42.0552207],[-87.6748724,42.0551468],[-87.6748251,42.0551464],[-87.674803,42.0551286],[-87.6747766,42.0551482],[-87.67475,42.0551276],[-87.6748277,42.0550736],[-87.6748271,42.0550577],[-87.6747539,42.0550028],[-87.6747838,42.0549812],[-87.6748056,42.0549995],[-87.6748358,42.0549785],[-87.674871,42.0550005],[-87.6748695,42.0548891],[-87.6750775,42.0548867],[-87.675085,42.0548866],[-87.6750899,42.0550221],[-87.6750942,42.0552429],[-87.6750818,42.0552434],[-87.6750834,42.0552781],[-87.6751834,42.0552757],[-87.6751838,42.0553928]]]}},{"type":"Feature","id":214630813,"properties":{"osmId":214630813,"category":"academic","addr:city":"Evanston","addr:housenumber":"1870","addr:postcode":"60208","addr:state":"IL","addr:street":"Campus Drive","addr:street:name":"Campus","addr:street:type":"Drive","building":"university","name":"McCormick Foundation Center","_wikiTried":true},"geometry":{"type":"Polygon","coordinates":[[[-87.6742187,42.0511296],[-87.6742066,42.0511264],[-87.6741903,42.0511605],[-87.6741858,42.0511699],[-87.6741986,42.0511735],[-87.6741231,42.0513282],[-87.6741019,42.0513234],[-87.6739787,42.0513732],[-87.6739793,42.0514138],[-87.6739935,42.0514497],[-87.6740138,42.0514739],[-87.6740465,42.0515014],[-87.674085,42.0515184],[-87.674144,42.0515341],[-87.6741757,42.0515373],[-87.6742022,42.051534],[-87.6741649,42.0516138],[-87.6742074,42.0516265],[-87.6742234,42.0516312],[-87.6742719,42.0515298],[-87.6743203,42.0515227],[-87.6743811,42.0515137],[-87.6744299,42.051414],[-87.674411,42.0514086],[-87.6743406,42.0513887],[-87.6744542,42.0511539],[-87.6744252,42.0511465],[-87.6743962,42.051139],[-87.6743763,42.0511806],[-87.674349,42.0511734],[-87.674357,42.0511566],[-87.6742225,42.0511212],[-87.6742187,42.0511296]]]}},{"type":"Feature","id":218117032,"properties":{"osmId":218117032,"category":"residential","addr:city":"Evanston","addr:housename":"McCulloch Residence Hall","addr:housenumber":"2315","addr:postcode":"60208","addr:state":"IL","addr:street":"Sheridan Road","addr:street:name":"Sheridan","addr:street:type":"Road","building":"dormitory","name":"McCulloch Residence Hall","_wikiTried":true},"geometry":{"type":"Polygon","coordinates":[[[-87.6758471,42.0598531],[-87.6756933,42.0598507],[-87.6756929,42.0598806],[-87.6754031,42.0598789],[-87.675403,42.059787],[-87.6752594,42.0597852],[-87.6752571,42.0599408],[-87.6752156,42.0599403],[-87.675211,42.0600482],[-87.6753933,42.060051],[-87.6753931,42.0600914],[-87.6755211,42.0600937],[-87.6755205,42.0600024],[-87.6754631,42.0600014],[-87.6754632,42.0599872],[-87.6758444,42.0599932],[-87.6758471,42.0598531]]]}},{"type":"Feature","id":218117034,"properties":{"osmId":218117034,"category":"residential","addr:city":"Evanston","addr:housename":"Bobb Residence Hall","addr:housenumber":"2305","addr:postcode":"60208","addr:state":"IL","addr:street":"Sheridan Road","addr:street:name":"Sheridan","addr:street:type":"Road","building":"dormitory","name":"Bobb Residence Hall","_wikiTried":true},"geometry":{"type":"Polygon","coordinates":[[[-87.6758471,42.0598531],[-87.6756933,42.0598507],[-87.6756976,42.0596497],[-87.6754042,42.0596458],[-87.675403,42.059787],[-87.6752594,42.0597852],[-87.6752638,42.0594728],[-87.6754072,42.0594745],[-87.6754068,42.0595428],[-87.6758495,42.0595472],[-87.6758483,42.059682],[-87.6758618,42.0596822],[-87.6758594,42.0598534],[-87.6758471,42.0598531]]]}},{"type":"Feature","id":220670539,"properties":{"osmId":220670539,"category":"academic","addr:city":"Evanston","addr:housenumber":"2026","addr:postcode":"60208","addr:state":"IL","addr:street":"Campus Drive","addr:street:name":"Campus","addr:street:type":"Drive","building":"university","name":"Central Utility Plant","_wikiTried":true},"geometry":{"type":"Polygon","coordinates":[[[-87.6746715,42.0552665],[-87.674518,42.0552649],[-87.674505,42.0552647],[-87.6745053,42.0552501],[-87.6744283,42.0552493],[-87.6744281,42.0552623],[-87.6743026,42.0552609],[-87.6743212,42.0543015],[-87.6745192,42.0543036],[-87.6746902,42.0543054],[-87.6746879,42.0544231],[-87.6746715,42.0552665]]]}},{"type":"Feature","id":220730648,"properties":{"osmId":220730648,"category":"academic","addr:city":"Evanston","addr:housenumber":"405","addr:postcode":"60201","addr:state":"IL","addr:street":"Church Street","addr:street:name":"Church","addr:street:type":"Street","building":"university"},"geometry":{"type":"Polygon","coordinates":[[[-87.6756866,42.047241],[-87.6757613,42.0470911],[-87.6758365,42.0471118],[-87.6758626,42.0470594],[-87.6759329,42.0470787],[-87.6759068,42.0471311],[-87.675984,42.0471523],[-87.6759332,42.0472542],[-87.6759806,42.0472673],[-87.6759567,42.0473152],[-87.6756866,42.047241]]]}},{"type":"Feature","id":249758350,"properties":{"osmId":249758350,"category":"academic","building":"university"},"geometry":{"type":"Polygon","coordinates":[[[-87.6754105,42.0560923],[-87.675414,42.0560109],[-87.6749411,42.0559994],[-87.6749376,42.0560817],[-87.6754105,42.0560923]]]}},{"type":"Feature","id":249758351,"properties":{"osmId":249758351,"category":"academic","addr:city":"Evanston","addr:housenumber":"2121","addr:postcode":"60208","addr:state":"IL","addr:street":"Sheridan Road","building":"university","name":"Main","_wikiTried":true},"geometry":{"type":"Polygon","coordinates":[[[-87.6754497,42.0560154],[-87.6754479,42.0562857],[-87.6754459,42.0564375],[-87.6755102,42.0564378],[-87.6755096,42.05652],[-87.6755761,42.0565203],[-87.6755748,42.0566887],[-87.6756832,42.0566892],[-87.6756854,42.0564003],[-87.6756857,42.0563621],[-87.6756463,42.0563619],[-87.6756489,42.0560187],[-87.6754497,42.0560154]]]}},{"type":"Feature","id":249758352,"properties":{"osmId":249758352,"category":"academic","addr:city":"Evanston","addr:housenumber":"2121","addr:postcode":"60208","addr:state":"IL","addr:street":"Sheridan Road","addr:street:name":"Sheridan","addr:street:type":"Road","building":"university","name":"Lesemann Hall","_wikiTried":true},"geometry":{"type":"Polygon","coordinates":[[[-87.6759998,42.0559042],[-87.6756977,42.0559018],[-87.6757004,42.0557306],[-87.6755877,42.0557303],[-87.6755873,42.0557829],[-87.6755869,42.0558366],[-87.6755865,42.0558907],[-87.6754497,42.0558902],[-87.6754497,42.0560154],[-87.6756489,42.0560187],[-87.6759965,42.0560217],[-87.6759998,42.0559042]]]}},{"type":"Feature","id":249758354,"properties":{"osmId":249758354,"category":"academic","building":"university","name":"Pfeiffer Hall","_wikiTried":true},"geometry":{"type":"Polygon","coordinates":[[[-87.6754187,42.0564105],[-87.6754193,42.056323],[-87.6751841,42.0563222],[-87.6750197,42.0563216],[-87.6749309,42.0563213],[-87.6749303,42.0564087],[-87.6754187,42.0564105]]]}},{"type":"Feature","id":275849772,"properties":{"osmId":275849772,"category":"academic","addr:city":"Evanston","addr:housenumber":"70","addr:postcode":"60208","addr:state":"IL","addr:street":"Arts Circle Drive","amenity":"music_school","bldgdescl":"Music & Communication Building","building":"university","education":"music_school","name":"Patrick G. and Shirley W. Ryan Center for the Musical Arts","operator":"Northwestern University","wikidata":"Q4904546","wikipedia":"en:Bienen School of Music","_wikiTried":true},"geometry":{"type":"Polygon","coordinates":[[[-87.6711595,42.0520116],[-87.6711714,42.051352],[-87.6713349,42.0514248],[-87.6713366,42.0514736],[-87.6714007,42.0514734],[-87.6714006,42.0514436],[-87.6715946,42.0514168],[-87.6717228,42.0516764],[-87.6716862,42.0516856],[-87.6717138,42.0517437],[-87.6717425,42.051805],[-87.6717675,42.0518082],[-87.6717785,42.0518096],[-87.6720163,42.0523081],[-87.6720575,42.0523944],[-87.6720491,42.0523943],[-87.6718647,42.0523921],[-87.6718603,42.0523856],[-87.6718275,42.0523847],[-87.6718037,42.0523448],[-87.6717799,42.0523441],[-87.6717165,42.0522159],[-87.6716777,42.0522024],[-87.6715584,42.052163],[-87.6714899,42.0521153],[-87.6715906,42.0521162],[-87.6715937,42.051998],[-87.6715437,42.051952],[-87.671374,42.0519508],[-87.6713733,42.0520269],[-87.6713627,42.052027],[-87.6713464,42.052013],[-87.6713096,42.0520125],[-87.6711595,42.0520116]]]}},{"type":"Feature","id":275851101,"properties":{"osmId":275851101,"category":"academic","addr:city":"Evanston","addr:housenumber":"1841","addr:postcode":"60208","addr:state":"IL","addr:street":"Sheridan Road","addr:street:name":"Campus","addr:street:type":"Drive","bldgdescl":"Visitor Center","building":"university","layer":"1","name":"Segal Visitors Center","_wikiTried":true},"geometry":{"type":"Polygon","coordinates":[[[-87.673197,42.0501003],[-87.6730923,42.0503056],[-87.6731329,42.0503165],[-87.6729391,42.050722],[-87.673238,42.0508025],[-87.6732985,42.0508188],[-87.6733089,42.0507963],[-87.6733335,42.0508047],[-87.6733241,42.0508236],[-87.673424,42.0508507],[-87.6734362,42.050814],[-87.6734446,42.0507902],[-87.6734559,42.0507586],[-87.6734641,42.0507339],[-87.6734712,42.0507183],[-87.6734756,42.0507085],[-87.6734865,42.0506843],[-87.6735103,42.0506282],[-87.6735363,42.0505778],[-87.673565,42.0505263],[-87.6735961,42.0504711],[-87.6736372,42.0504124],[-87.6736512,42.0503932],[-87.6736833,42.0503498],[-87.6737177,42.0503065],[-87.6736936,42.0503007],[-87.6736851,42.0502987],[-87.6736757,42.0503095],[-87.6736639,42.050307],[-87.6736594,42.0503007],[-87.6736721,42.0502859],[-87.6736806,42.0502887],[-87.6737034,42.0502653],[-87.6737247,42.0502435],[-87.6732371,42.0501106],[-87.673197,42.0501003]]]}},{"type":"Feature","id":275854338,"properties":{"osmId":275854338,"category":"other","access":"yes","addr:city":"Evanston","addr:housenumber":"2311","addr:postcode":"60208","addr:state":"IL","addr:street":"North Campus Drive","amenity":"parking","bldgdescl":"North Campus Parking","building":"parking","building:levels":"5","name":"North Campus Parking Garage","operator":"Northwestern University","operator:type":"university","parking":"multi-storey","_wikiTried":true},"geometry":{"type":"Polygon","coordinates":[[[-87.6745508,42.0602743],[-87.674521,42.0602742],[-87.6745206,42.0602895],[-87.6743623,42.0602872],[-87.6742437,42.0602855],[-87.6740388,42.0602825],[-87.6740212,42.0602447],[-87.6739531,42.060262],[-87.6737235,42.059767],[-87.673723,42.0595173],[-87.6737518,42.0595173],[-87.6737549,42.059402],[-87.6737167,42.0594027],[-87.673718,42.0592811],[-87.6737434,42.0592815],[-87.6737426,42.0592454],[-87.6738083,42.0592465],[-87.6738095,42.0592135],[-87.674451,42.0592212],[-87.6744507,42.0592363],[-87.6744689,42.0592365],[-87.6744693,42.0592141],[-87.6745837,42.0592155],[-87.6745824,42.0592781],[-87.6746006,42.0592783],[-87.6746007,42.0592738],[-87.6746655,42.0592745],[-87.6746413,42.0602401],[-87.6746209,42.0602399],[-87.6746207,42.0602529],[-87.6746404,42.060253],[-87.6746394,42.0603147],[-87.6745503,42.0603142],[-87.6745508,42.0602743]]]}},{"type":"Feature","id":275854464,"properties":{"osmId":275854464,"category":"academic","addr:city":"Evanston","addr:housenumber":"2311","addr:postcode":"60208","addr:state":"IL","addr:street":"North Campus Drive","bldgdescl":"Henry Crown Sports Pavilion and Norris Aquatics Center / Ivan Combe Tennis Center","building":"university","leisure":"sports_centre","name":"Henry Crown Sports Pavilion","operator":"Northwestern University","operator:type":"university","_wikiTried":true},"geometry":{"type":"Polygon","coordinates":[[[-87.673527,42.05922],[-87.673536,42.0592117],[-87.6735497,42.059209],[-87.6735644,42.059213],[-87.6735706,42.0592215],[-87.673569,42.0592803],[-87.673718,42.0592811],[-87.6737167,42.0594027],[-87.6737549,42.059402],[-87.6737518,42.0595173],[-87.673723,42.0595173],[-87.6737235,42.059767],[-87.6739531,42.060262],[-87.6739606,42.0602788],[-87.6739262,42.0602883],[-87.6735594,42.0603806],[-87.6732748,42.0597649],[-87.6732894,42.0596679],[-87.6732252,42.0596661],[-87.6732118,42.0596294],[-87.6723678,42.0596171],[-87.6723715,42.0595652],[-87.6721644,42.0595617],[-87.6721696,42.0592525],[-87.6721692,42.0591906],[-87.6733937,42.059207],[-87.6733935,42.0592166],[-87.6733879,42.0592166],[-87.6733858,42.0592797],[-87.6735257,42.0592804],[-87.673527,42.05922]]]}},{"type":"Feature","id":275854486,"properties":{"osmId":275854486,"category":"academic","addr:city":"Evanston","addr:housenumber":"60","addr:postcode":"60208","addr:state":"IL","addr:street":"Arts Circle Drive","addr:street:name":"Arts Circle","addr:street:type":"Drive","bldgdescl":"Regenstein Hall of Music","building":"university","name":"Regenstein Hall of Music","_wikiTried":true},"geometry":{"type":"Polygon","coordinates":[[[-87.6715978,42.0523393],[-87.6716178,42.0523395],[-87.6716584,42.0523732],[-87.6716579,42.052398],[-87.6716093,42.0524321],[-87.6715955,42.0524418],[-87.6715626,42.0524413],[-87.6715284,42.052414],[-87.6714937,42.0524407],[-87.6714581,42.0524407],[-87.6714237,42.0524133],[-87.6713905,42.0524393],[-87.6713531,42.0524389],[-87.6713213,42.0524121],[-87.6712921,42.0524373],[-87.6712502,42.0524372],[-87.6711919,42.0523926],[-87.671192,42.0523636],[-87.6712266,42.0523398],[-87.671194,42.0523157],[-87.671194,42.0522885],[-87.6712275,42.0522628],[-87.671196,42.052239],[-87.6711956,42.0522088],[-87.6712295,42.0521852],[-87.6711988,42.0521625],[-87.6711981,42.0521306],[-87.6712321,42.0521067],[-87.6711981,42.0520831],[-87.6711979,42.0520561],[-87.6712393,42.0520248],[-87.671294,42.0520255],[-87.6713096,42.0520125],[-87.6713464,42.052013],[-87.6713627,42.052027],[-87.6713733,42.0520269],[-87.671374,42.0519508],[-87.6715437,42.051952],[-87.6715937,42.051998],[-87.6715906,42.0521162],[-87.6714899,42.0521153],[-87.6715584,42.052163],[-87.6716777,42.0522024],[-87.6716424,42.0522295],[-87.6716414,42.0523068],[-87.6715978,42.0523393]]]}},{"type":"Feature","id":310077541,"properties":{"osmId":310077541,"category":"residential","addr:city":"Evanston","addr:housenumber":"2321","addr:postcode":"60208","addr:state":"IL","addr:street":"Sheridan Road","addr:street:name":"Sheridan","addr:street:type":"Road","building":"dormitory","name":"Goodrich Hall","_wikiTried":true},"geometry":{"type":"Polygon","coordinates":[[[-87.6765298,42.0600095],[-87.6762869,42.060007],[-87.6762842,42.0598757],[-87.6763962,42.0598769],[-87.676397,42.0598844],[-87.6765323,42.0598845],[-87.6765298,42.0600095]]]}},{"type":"Feature","id":408358870,"properties":{"osmId":408358870,"category":"residential","addr:city":"Evanston","addr:housenumber":"619","addr:postcode":"60208","addr:state":"IL","addr:street":"University Place","building":"dormitory","name":"Kappa Alpha Theta Sorority","_wikiTried":true},"geometry":{"type":"Polygon","coordinates":[[[-87.6784384,42.0514951],[-87.6783887,42.0514952],[-87.6783888,42.051511],[-87.6783229,42.0515113],[-87.6783223,42.0514954],[-87.6781717,42.0514966],[-87.6781667,42.0513792],[-87.6784348,42.0513795],[-87.678436,42.0514183],[-87.6784825,42.0514185],[-87.6784832,42.0514603],[-87.6784372,42.05146],[-87.6784384,42.0514951]]]}},{"type":"Feature","id":408358872,"properties":{"osmId":408358872,"category":"residential","addr:city":"Evanston","addr:housenumber":"640","addr:postcode":"60208","addr:state":"IL","addr:street":"Emerson Street","building":"dormitory","name":"Gamma Phi Beta Sorority","_wikiTried":true},"geometry":{"type":"Polygon","coordinates":[[[-87.679524,42.0520027],[-87.6794178,42.0520028],[-87.6794174,42.0519815],[-87.679282,42.0519783],[-87.6792519,42.0519776],[-87.679254,42.0519031],[-87.6792819,42.051903],[-87.6793755,42.0519026],[-87.6793748,42.0517873],[-87.6794093,42.0517873],[-87.6795246,42.0517857],[-87.679524,42.0520027]]]}},{"type":"Feature","id":408358873,"properties":{"osmId":408358873,"category":"residential","addr:city":"Evanston","addr:housenumber":"1871","addr:postcode":"60208","addr:state":"IL","addr:street":"Orrington Avenue","building":"dormitory","building:levels":"4","name":"1871 Orrington","smoking":"outside","_wikiTried":true},"geometry":{"type":"Polygon","coordinates":[[[-87.6796044,42.0517699],[-87.6794093,42.0517684],[-87.6794093,42.0517873],[-87.6793748,42.0517873],[-87.679349,42.0517873],[-87.679353,42.0515676],[-87.6796111,42.0515699],[-87.6796044,42.0517699]]]}},{"type":"Feature","id":466698283,"properties":{"osmId":466698283,"category":"academic","addr:city":"Evanston","addr:housenumber":"2211","addr:postcode":"60208","addr:state":"IL","addr:street":"Campus Drive","building":"university","building:levels":"6","description":"The primary building for the Kellogg School of Management.","name":"Kellogg Global Hub","website":"https://www.kellogg.northwestern.edu/about/global-hub.aspx","wikidata":"Q1142073","wikipedia":"en:Kellogg School of Management","_wikiTried":true},"geometry":{"type":"Polygon","coordinates":[[[-87.6722362,42.0569392],[-87.6722634,42.0568902],[-87.6723106,42.0568629],[-87.6723956,42.056873],[-87.6725314,42.0569236],[-87.6725623,42.0569635],[-87.6725518,42.0570332],[-87.6724829,42.0572835],[-87.6724559,42.0573937],[-87.6724156,42.057419],[-87.6723979,42.0574571],[-87.67246,42.0574904],[-87.6725009,42.0575549],[-87.6725824,42.0578204],[-87.672582,42.0578483],[-87.6725814,42.0578853],[-87.6725412,42.0579212],[-87.6724737,42.0579448],[-87.6723833,42.0579585],[-87.6722489,42.0579565],[-87.6722258,42.0579421],[-87.6722093,42.0579188],[-87.6721648,42.0578092],[-87.6721289,42.0577593],[-87.6720875,42.0577394],[-87.6720559,42.0577303],[-87.672034,42.0577271],[-87.6715419,42.0578121],[-87.6714891,42.0577901],[-87.6714523,42.0577681],[-87.6714363,42.0577354],[-87.671417,42.0576751],[-87.6714285,42.057612],[-87.6714709,42.0575802],[-87.6717412,42.0575359],[-87.6717733,42.057503],[-87.6717776,42.057482],[-87.6717781,42.0574542],[-87.6717492,42.0574295],[-87.6716467,42.0573902],[-87.6716243,42.0573642],[-87.671527,42.0570186],[-87.6715275,42.0569835],[-87.6715519,42.0569449],[-87.6715845,42.0569336],[-87.6716256,42.0569224],[-87.6717419,42.0569114],[-87.6717983,42.056911],[-87.6718409,42.0569249],[-87.6718743,42.0569716],[-87.6719199,42.0570843],[-87.6719384,42.0571391],[-87.6719838,42.057164],[-87.6720707,42.0571473],[-87.6721691,42.0571259],[-87.6722362,42.0569392]]]}},{"type":"Feature","id":768687037,"properties":{"osmId":768687037,"category":"academic","addr:city":"Evanston","addr:housenumber":"2233","addr:postcode":"60208","addr:state":"IL","addr:street":"Campus Drive","building":"university","building:part":"university","leisure":"sports_centre","name":"Ryan Field House","operator":"Northwestern University","operator:type":"university","sport":"athletics","_wikiTried":true},"geometry":{"type":"Polygon","coordinates":[[[-87.6733129,42.0601062],[-87.6733263,42.0599608],[-87.67327,42.0598772],[-87.6731278,42.0597935],[-87.673042,42.0597836],[-87.6728918,42.0597557],[-87.672755,42.0597537],[-87.6725217,42.0597497],[-87.6722615,42.0597537],[-87.6719611,42.0597975],[-87.6718189,42.0598732],[-87.6717867,42.0599309],[-87.6717867,42.0599927],[-87.6718028,42.0601161],[-87.6718484,42.0601699],[-87.6719262,42.0602038],[-87.6720925,42.0602496],[-87.6723125,42.0602774],[-87.6726343,42.0602874],[-87.6728569,42.0602794],[-87.6730903,42.0602416],[-87.6732056,42.0602018],[-87.6732646,42.0601679],[-87.6733129,42.0601062]]]}},{"type":"Feature","id":768687038,"properties":{"osmId":768687038,"category":"academic","addr:city":"Evanston","addr:housenumber":"2255","addr:postcode":"60208","addr:state":"IL","addr:street":"Campus Drive","building":"university","leisure":"sports_centre","name":"Walter Athletics Center","operator":"Northwestern University","operator:type":"public","_wikiTried":true},"geometry":{"type":"Polygon","coordinates":[[[-87.674087,42.0604035],[-87.6741567,42.0605409],[-87.6734057,42.060529],[-87.6731892,42.0605744],[-87.6730849,42.0605963],[-87.6730853,42.0605716],[-87.6730883,42.0603949],[-87.673123,42.0603945],[-87.6731212,42.0603596],[-87.6717919,42.0603397],[-87.6717946,42.0601612],[-87.6717303,42.0601598],[-87.6711,42.0591938],[-87.672048,42.05921],[-87.6720489,42.0592532],[-87.6721696,42.0592525],[-87.6721644,42.0595617],[-87.6723715,42.0595652],[-87.6723678,42.0596171],[-87.6732118,42.0596294],[-87.6732252,42.0596661],[-87.6732894,42.0596679],[-87.6732748,42.0597649],[-87.6735594,42.0603806],[-87.6739262,42.0602883],[-87.6739743,42.0604035],[-87.674087,42.0604035]]]}},{"type":"Feature","id":913835914,"properties":{"osmId":913835914,"category":"academic","addr:city":"Evanston","addr:housenumber":"630","addr:postcode":"60208","addr:state":"IL","addr:street":"Lincoln Street","building":"university"},"geometry":{"type":"Polygon","coordinates":[[[-87.6786334,42.0614871],[-87.678391,42.0614858],[-87.6783932,42.0613789],[-87.6783916,42.0613713],[-87.6784392,42.0613718],[-87.6784426,42.061187],[-87.6786124,42.0611888],[-87.6786091,42.0613664],[-87.6786356,42.0613666],[-87.6786334,42.0614871]]]}},{"type":"Feature","id":913835915,"properties":{"osmId":913835915,"category":"academic","addr:city":"Evanston","addr:housenumber":"620","addr:postcode":"60208","addr:state":"IL","addr:street":"Lincoln Street","building":"university","name":"Northwestern Career Advancement","_wikiTried":true},"geometry":{"type":"Polygon","coordinates":[[[-87.6783236,42.061485],[-87.6780728,42.0614847],[-87.6780776,42.0613632],[-87.678108,42.0613638],[-87.6781149,42.0611859],[-87.6782842,42.0611895],[-87.6782774,42.0613636],[-87.6783257,42.0613647],[-87.6783258,42.0613781],[-87.6783236,42.061485]]]}},{"type":"Feature","id":942642224,"properties":{"osmId":942642224,"category":"academic","addr:city":"Evanston","addr:housenumber":"2010","addr:postcode":"60208","addr:state":"IL","addr:street":"Orrington Avenue","building":"university","name":"Canterbury House","source":"https://maps.northwestern.edu/facility/750","_wikiTried":true},"geometry":{"type":"Polygon","coordinates":[[[-87.6801732,42.0544117],[-87.6801727,42.0542937],[-87.6799817,42.0542941],[-87.6799822,42.0544122],[-87.6801732,42.0544117]]]}},{"type":"Feature","id":950303732,"properties":{"osmId":950303732,"category":"residential","addr:city":"Evanston","addr:housenumber":"560","addr:postcode":"60208","addr:state":"IL","addr:street":"Lincoln Street","building":"dormitory","name":"Schapiro Hall","operator":"Northwestern University","_wikiTried":true},"geometry":{"type":"Polygon","coordinates":[[[-87.6756138,42.0609421],[-87.6758454,42.0609424],[-87.675845,42.0611514],[-87.6758674,42.0611514],[-87.6758672,42.0612342],[-87.6758466,42.0612342],[-87.6758463,42.0613455],[-87.6758111,42.0613455],[-87.6758108,42.0614682],[-87.6756738,42.061468],[-87.6756737,42.0614828],[-87.6752395,42.0614822],[-87.6752396,42.0614627],[-87.6748592,42.0614621],[-87.67486,42.061188],[-87.6750823,42.0611883],[-87.675082,42.061304],[-87.6753735,42.0613044],[-87.6753734,42.0613197],[-87.6755971,42.06132],[-87.675598,42.06097],[-87.6756137,42.06097],[-87.6756138,42.0609421]]]}},{"type":"Feature","id":950303735,"properties":{"osmId":950303735,"category":"academic","addr:city":"Evanston","addr:housenumber":"617","addr:postcode":"60208","addr:state":"IL","addr:street":"Noyes Street","building":"university"},"geometry":{"type":"Polygon","coordinates":[[[-87.6782278,42.0586947],[-87.6781497,42.0586947],[-87.6781504,42.0586883],[-87.6781001,42.0586883],[-87.6781049,42.0585567],[-87.6781135,42.0585569],[-87.6781132,42.058536],[-87.6781965,42.0585385],[-87.6781972,42.0585585],[-87.6782295,42.0585587],[-87.6782278,42.0586947]]]}},{"type":"Feature","id":950303736,"properties":{"osmId":950303736,"category":"academic","addr:city":"Evanston","addr:housenumber":"629","addr:postcode":"60208","addr:state":"IL","addr:street":"Noyes Street","building":"university"},"geometry":{"type":"Polygon","coordinates":[[[-87.6786844,42.0587047],[-87.6786134,42.0587047],[-87.6786144,42.0586798],[-87.6785628,42.0586787],[-87.6785618,42.0586675],[-87.6785525,42.0586679],[-87.6785569,42.0585414],[-87.678573,42.0585407],[-87.6785735,42.0585099],[-87.6786732,42.0585107],[-87.6786732,42.058541],[-87.6786864,42.0585403],[-87.6786844,42.0587047]]]}},{"type":"Feature","id":1002826076,"properties":{"osmId":1002826076,"category":"academic","addr:city":"Evanston","addr:housenumber":"2040","addr:postcode":"60208","addr:state":"IL","addr:street":"Sheridan Road","building":"university"},"geometry":{"type":"Polygon","coordinates":[[[-87.6775037,42.0553793],[-87.6777544,42.0553826],[-87.6777567,42.055287],[-87.677506,42.0552837],[-87.6775037,42.0553793]]]}},{"type":"Feature","id":1002826078,"properties":{"osmId":1002826078,"category":"academic","addr:city":"Evanston","addr:housenumber":"2046","addr:postcode":"60208","addr:state":"IL","addr:street":"Sheridan Road","building":"university"},"geometry":{"type":"Polygon","coordinates":[[[-87.6776888,42.0556757],[-87.6775308,42.0556758],[-87.6775307,42.0556499],[-87.6775,42.0556499],[-87.6774999,42.0555713],[-87.6775422,42.0555713],[-87.6775422,42.055541],[-87.6776887,42.055541],[-87.6776888,42.0556757]]]}},{"type":"Feature","id":1106884640,"properties":{"osmId":1106884640,"category":"religious","building":"yes"},"geometry":{"type":"Polygon","coordinates":[[[-87.6879554,42.0452908],[-87.687955,42.0452183],[-87.68818,42.0452175],[-87.6881804,42.04529],[-87.6879554,42.0452908]]]}},{"type":"Feature","id":1125449426,"properties":{"osmId":1125449426,"category":"academic","addr:city":"Evanston","addr:postcode":"60208","addr:state":"IL","addr:street":"Ashland Avenue","building":"university","name":"Mogentale Players' Lounge","_wikiTried":true},"geometry":{"type":"Polygon","coordinates":[[[-87.6927797,42.0686556],[-87.6933664,42.0686622],[-87.6933681,42.0685794],[-87.6930816,42.0685762],[-87.6930821,42.0685531],[-87.6927818,42.0685498],[-87.6927797,42.0686556]]]}},{"type":"Feature","id":1125449432,"properties":{"osmId":1125449432,"category":"academic","addr:city":"Evanston","addr:postcode":"60208","addr:state":"IL","addr:street":"Ashland Avenue","building":"university","layer":"1","name":"Canning Family Private Suite","_wikiTried":true},"geometry":{"type":"Polygon","coordinates":[[[-87.693318,42.0685367],[-87.6933053,42.0685051],[-87.6933342,42.0684987],[-87.6933235,42.0684721],[-87.693407,42.0684535],[-87.6934841,42.0683402],[-87.6934557,42.0682748],[-87.6934857,42.0682676],[-87.6934741,42.068241],[-87.6934893,42.0682373],[-87.6934813,42.0682189],[-87.6935186,42.06821],[-87.6935453,42.0682713],[-87.6935641,42.0682668],[-87.693593,42.0683334],[-87.6935749,42.0683377],[-87.6934648,42.068504],[-87.693318,42.0685367]]]}},{"type":"Feature","id":1125449433,"properties":{"osmId":1125449433,"category":"athletic","building":"grandstand"},"geometry":{"type":"Polygon","coordinates":[[[-87.6932995,42.0685028],[-87.6931729,42.0685204],[-87.6930864,42.0684774],[-87.6931951,42.0684636],[-87.6931903,42.0684428],[-87.6932802,42.0684294],[-87.6933669,42.0684118],[-87.6934173,42.0683327],[-87.6933969,42.0682807],[-87.693355,42.0682122],[-87.6933888,42.0682005],[-87.69335,42.0681386],[-87.6934231,42.0681608],[-87.6934728,42.0682405],[-87.6935151,42.0683389],[-87.6934255,42.0684725],[-87.6932995,42.0685028]]]}},{"type":"Feature","id":1360690300,"properties":{"osmId":1360690300,"category":"other","addr:city":"Evanston","addr:housenumber":"1847","addr:postcode":"60208","addr:state":"IL","addr:street":"Campus Drive","amenity":"parking","building":"parking","layer":"2","name":"South Campus Parking Garage","operator":"Northwestern University","operator:type":"university","parking":"multi-storey","_wikiTried":true},"geometry":{"type":"Polygon","coordinates":[[[-87.673424,42.0508507],[-87.6733241,42.0508236],[-87.6733335,42.0508047],[-87.6733089,42.0507963],[-87.6732985,42.0508188],[-87.673238,42.0508025],[-87.6729391,42.050722],[-87.6731329,42.0503165],[-87.6732371,42.0501106],[-87.6737247,42.0502435],[-87.6737034,42.0502653],[-87.6736806,42.0502887],[-87.6736721,42.0502859],[-87.6736594,42.0503007],[-87.6736639,42.050307],[-87.6736757,42.0503095],[-87.6736851,42.0502987],[-87.6737177,42.0503065],[-87.6736512,42.0503932],[-87.6735961,42.0504711],[-87.673565,42.0505263],[-87.6735363,42.0505778],[-87.6735103,42.0506282],[-87.6734865,42.0506843],[-87.6734756,42.0507085],[-87.6734712,42.0507183],[-87.6734641,42.0507339],[-87.6734559,42.0507586],[-87.6734446,42.0507902],[-87.673424,42.0508507]]]}},{"type":"Feature","id":1360690337,"properties":{"osmId":1360690337,"category":"academic","addr:city":"Evanston","addr:housenumber":"600","addr:postcode":"60208","addr:state":"IL","addr:street":"Emerson Street","amenity":"events_venue","building":"university","name":"Cahn Auditorium","_wikiTried":true},"geometry":{"type":"Polygon","coordinates":[[[-87.6781247,42.0519872],[-87.6780131,42.0519864],[-87.678013,42.0519928],[-87.677949,42.0519924],[-87.6779491,42.0519862],[-87.6777101,42.0519848],[-87.67771,42.0519938],[-87.6775972,42.0519932],[-87.6775973,42.0519853],[-87.6775663,42.0519841],[-87.6775722,42.051859],[-87.677575,42.0518131],[-87.6776612,42.0518148],[-87.6776657,42.0516875],[-87.6777696,42.0516868],[-87.6780184,42.051763],[-87.6781273,42.0517637],[-87.6781247,42.0519872]]]}},{"type":"Feature","id":1360695439,"properties":{"osmId":1360695439,"category":"residential","addr:city":"Evanston","addr:housenumber":"2331","addr:postcode":"60208","addr:state":"IL","addr:street":"Sheridan Road","amenity":"social_centre","building":"dormitory","name":"Phi Gamma Delta","_wikiTried":true},"geometry":{"type":"Polygon","coordinates":[[[-87.6767342,42.060294],[-87.6765674,42.0602902],[-87.6765724,42.0602797],[-87.6765502,42.0602827],[-87.6765431,42.060273],[-87.6765446,42.060236],[-87.6765686,42.0602366],[-87.6765721,42.0601532],[-87.6767398,42.060157],[-87.6767342,42.060294]]]}},{"type":"Feature","id":1360695440,"properties":{"osmId":1360695440,"category":"residential","addr:city":"Evanston","addr:housenumber":"2321","addr:postcode":"60208","addr:state":"IL","addr:street":"Sheridan Road","amenity":"social_centre","building":"dormitory","name":"Sigma Alpha Epsilon","_wikiTried":true},"geometry":{"type":"Polygon","coordinates":[[[-87.6766979,42.0601278],[-87.6765685,42.0601266],[-87.6765724,42.059874],[-87.6767169,42.0598752],[-87.6767157,42.0599506],[-87.6767398,42.0599508],[-87.6767385,42.0600391],[-87.6766923,42.0600387],[-87.6766919,42.0600679],[-87.6767078,42.0600681],[-87.6767073,42.0600975],[-87.6766983,42.0600974],[-87.6766979,42.0601278]]]}},{"type":"Feature","id":1360695441,"properties":{"osmId":1360695441,"category":"academic","addr:city":"Evanston","addr:housenumber":"625","addr:postcode":"60208","addr:state":"IL","addr:street":"Noyes Street","addr:street:name":"Noyes","addr:street:type":"Street","building":"university"},"geometry":{"type":"Polygon","coordinates":[[[-87.6785276,42.0586896],[-87.6784424,42.0586887],[-87.6784431,42.0586531],[-87.678429,42.0586479],[-87.6784298,42.0586281],[-87.6784412,42.0586226],[-87.6784413,42.0586153],[-87.6783997,42.0586149],[-87.6784011,42.0585474],[-87.6784926,42.0585484],[-87.678493,42.0585317],[-87.6785308,42.0585321],[-87.6785276,42.0586896]]]}},{"type":"Feature","id":1360695442,"properties":{"osmId":1360695442,"category":"academic","addr:city":"Evanston","addr:housenumber":"616","addr:postcode":"60208","addr:state":"IL","addr:street":"Noyes Street","addr:street:name":"Noyes","addr:street:type":"Street","building":"university"},"geometry":{"type":"Polygon","coordinates":[[[-87.6782518,42.0582368],[-87.6781207,42.0582364],[-87.6781209,42.0581961],[-87.6780857,42.058196],[-87.6780861,42.0581294],[-87.6781356,42.0581295],[-87.6781358,42.0580941],[-87.6782524,42.0580944],[-87.6782518,42.0582368]]]}},{"type":"Feature","id":1360695443,"properties":{"osmId":1360695443,"category":"academic","addr:city":"Evanston","addr:housenumber":"617","addr:postcode":"60208","addr:state":"IL","addr:street":"Haven Street","addr:street:name":"Haven","addr:street:type":"Street","building":"university"},"geometry":{"type":"Polygon","coordinates":[[[-87.6782781,42.0576233],[-87.6782041,42.0576245],[-87.6782037,42.0576108],[-87.6781677,42.0576114],[-87.6781673,42.0575965],[-87.6781361,42.057597],[-87.678136,42.0575914],[-87.678101,42.057592],[-87.6780995,42.057539],[-87.678107,42.0575389],[-87.6781064,42.0575183],[-87.678133,42.0575179],[-87.6781319,42.0574798],[-87.6781556,42.0574794],[-87.6781548,42.0574525],[-87.6782399,42.0574512],[-87.6782407,42.0574778],[-87.6782624,42.0574774],[-87.6782659,42.0575976],[-87.6782774,42.0575974],[-87.6782781,42.0576233]]]}},{"type":"Feature","id":1360695444,"properties":{"osmId":1360695444,"category":"academic","addr:city":"Evanston","addr:housenumber":"625","addr:postcode":"60208","addr:state":"IL","addr:street":"Haven Street","addr:street:name":"Haven","addr:street:type":"Street","building":"university"},"geometry":{"type":"Polygon","coordinates":[[[-87.6784926,42.0576185],[-87.6783516,42.0576167],[-87.6783527,42.057572],[-87.6783463,42.0575719],[-87.6783468,42.0575522],[-87.6783138,42.0575518],[-87.6783149,42.0575046],[-87.6783457,42.057505],[-87.6783459,42.0574991],[-87.6784362,42.0575003],[-87.678436,42.0575097],[-87.6784951,42.0575105],[-87.6784926,42.0576185]]]}},{"type":"Feature","id":1360695445,"properties":{"osmId":1360695445,"category":"academic","addr:city":"Evanston","addr:housenumber":"618","addr:postcode":"60208","addr:state":"IL","addr:street":"Garrett Place","addr:street:name":"Garrett","addr:street:type":"Place","building":"university"},"geometry":{"type":"Polygon","coordinates":[[[-87.6782519,42.0560812],[-87.6781335,42.0560802],[-87.6781356,42.0559401],[-87.6781521,42.0559402],[-87.6781527,42.055897],[-87.6781962,42.0558974],[-87.6781959,42.0559208],[-87.678237,42.0559211],[-87.6782365,42.0559538],[-87.6782538,42.0559539],[-87.6782519,42.0560812]]]}}]}