{"type":"FeatureCollection","features":[{"type":"Feature","id":43035587,"properties":{"osmId":43035587,"category":"medical","addr:city":"Houston","addr:housenumber":"1504","addr:postcode":"77030","addr:state":"TX","addr:street":"Taub Loop","amenity":"hospital","beds":"444","building":"hospital","check_date":"2025-10-09","emergency":"yes","gnis:feature_id":"2015846","healthcare":"hospital","name":"Ben Taub General Hospital","opening_hours":"24/7","operator":"Harris Health","phone":"+1 713 873 2000","website":"https://www.harrishealth.org/locations-hh/Pages/ben-taub.aspx","wikidata":"Q4886546","wikipedia":"en:Ben Taub Hospital","_wikiTried":true},"geometry":{"type":"Polygon","coordinates":[[[-95.3941887,29.7105658],[-95.3941268,29.7105278],[-95.3941434,29.7105088],[-95.3939352,29.7103806],[-95.393957,29.7103537],[-95.3939799,29.7103255],[-95.3938316,29.7102347],[-95.3936469,29.7101215],[-95.3935021,29.7100328],[-95.3934788,29.7100615],[-95.3934551,29.7100907],[-95.3932432,29.7099618],[-95.3932276,29.7099812],[-95.393214,29.7100006],[-95.3931764,29.7099773],[-95.39315,29.7100094],[-95.3931284,29.7099953],[-95.3929148,29.7102615],[-95.3929042,29.7102763],[-95.3928793,29.7103069],[-95.3928155,29.7102684],[-95.3926384,29.7104901],[-95.3926483,29.7105062],[-95.3926589,29.7105234],[-95.3926581,29.7105434],[-95.3926571,29.7105681],[-95.3926661,29.7105736],[-95.3926499,29.7105918],[-95.3926612,29.710649],[-95.3926833,29.7106626],[-95.3928929,29.7107913],[-95.3928579,29.7108359],[-95.39291,29.7108687],[-95.3929458,29.7108238],[-95.3932493,29.7110082],[-95.3932146,29.7110526],[-95.3933337,29.7111251],[-95.3933692,29.7110835],[-95.3935837,29.7112119],[-95.3935968,29.7111928],[-95.3936361,29.7112166],[-95.3936639,29.711182],[-95.3936845,29.7111952],[-95.3936924,29.7111842],[-95.393721,29.7111492],[-95.3938555,29.7109802],[-95.393867,29.7109647],[-95.3939148,29.7109056],[-95.3940352,29.7109795],[-95.3938952,29.7111511],[-95.3940245,29.7112305],[-95.3941624,29.7110584],[-95.3943371,29.7111629],[-95.394358,29.7111368],[-95.3942843,29.7110904],[-95.3943394,29.7110204],[-95.3942876,29.7109902],[-95.3941975,29.7109363],[-95.3942364,29.7108843],[-95.3941277,29.7108164],[-95.3941432,29.7107977],[-95.3940472,29.7107392],[-95.3941458,29.7106185],[-95.3941887,29.7105658]]]}},{"type":"Feature","id":43055891,"properties":{"osmId":43055891,"category":"medical","addr:city":"Houston","addr:housenumber":"6565","addr:postcode":"77030","addr:state":"TX","addr:street":"Fannin Street","building":"hospital","height":"47","name":"Houston Methodist - Fondren/Brown/Alkek Tower","_wikiTried":true},"geometry":{"type":"Polygon","coordinates":[[[-95.3994669,29.7111713],[-95.3995621,29.7110541],[-95.3995216,29.7110293],[-95.3995755,29.710963],[-95.3996093,29.7109837],[-95.3996741,29.7109039],[-95.3996273,29.7108752],[-95.3996488,29.7108487],[-95.39963,29.7108428],[-95.3996429,29.7108116],[-95.3992264,29.7105781],[-95.3992603,29.7105233],[-95.3988991,29.7103115],[-95.3987607,29.7104733],[-95.3986111,29.7106685],[-95.398956,29.7108678],[-95.3989376,29.7108918],[-95.3994524,29.7111902],[-95.3994669,29.7111713]]]}},{"type":"Feature","id":43055963,"properties":{"osmId":43055963,"category":"medical","addr:city":"Houston","addr:housenumber":"6565","addr:postcode":"77030","addr:state":"TX","addr:street":"Fannin Street","building":"hospital","emergency":"yes","height":"34","name":"Houston Methodist - Main Building","_wikiTried":true},"geometry":{"type":"Polygon","coordinates":[[[-95.3998514,29.7105375],[-95.3998953,29.710482],[-95.399972,29.7103853],[-95.4000552,29.710435],[-95.4000753,29.710447],[-95.4002358,29.7102444],[-95.400212,29.7102302],[-95.4001502,29.7101932],[-95.4003212,29.7099775],[-95.400267,29.7099451],[-95.3999867,29.7097776],[-95.3997805,29.7096543],[-95.3998994,29.7095043],[-95.3995301,29.7092836],[-95.3990919,29.7098366],[-95.3989339,29.7097421],[-95.3989083,29.7097744],[-95.3988575,29.709744],[-95.3988237,29.7097867],[-95.3995253,29.7102099],[-95.3994547,29.7102983],[-95.3998514,29.7105375]]]}},{"type":"Feature","id":43666730,"properties":{"osmId":43666730,"category":"medical","addr:city":"Houston","addr:housenumber":"6720","addr:postcode":"77030","addr:state":"TX","addr:street":"Bertner Avenue","building":"hospital","height":"32","name":"Baylor St. Luke's Medical Center","phone":"+1 832 355 1000","website":"https://www.chistlukeshealth.org/baylorstlukes","wikidata":"Q7589793","wikipedia":"en:Baylor St. Luke's Medical Center","_wikiTried":true},"geometry":{"type":"Polygon","coordinates":[[[-95.401085,29.7074394],[-95.4006948,29.7074383],[-95.4006985,29.707375],[-95.4006998,29.7073535],[-95.4007052,29.7073047],[-95.4006366,29.7072808],[-95.4005634,29.7072554],[-95.4004851,29.7072882],[-95.4003847,29.7072924],[-95.4002959,29.7072617],[-95.4002314,29.7072722],[-95.4002107,29.7072743],[-95.4001911,29.7072762],[-95.4001333,29.7072768],[-95.4000978,29.7072657],[-95.4000945,29.7072854],[-95.4000928,29.7073577],[-95.4000908,29.707443],[-95.3997329,29.7074277],[-95.3997294,29.7075574],[-95.3997071,29.7075532],[-95.3997055,29.7075843],[-95.3995792,29.7075843],[-95.3995623,29.7075496],[-95.3995185,29.7075149],[-95.3994492,29.7075111],[-95.3993345,29.7075625],[-95.3992769,29.7076423],[-95.399265,29.7077446],[-95.3992659,29.7079743],[-95.3993155,29.7081005],[-95.3993343,29.7082093],[-95.3993346,29.7082942],[-95.3994428,29.7082809],[-95.3995465,29.7082746],[-95.3996593,29.7082758],[-95.3996665,29.7080137],[-95.3997511,29.7080146],[-95.3997929,29.7080144],[-95.399968,29.7080134],[-95.3999749,29.7081861],[-95.3999108,29.7081847],[-95.3999111,29.708669],[-95.4001301,29.70867],[-95.4001317,29.7084267],[-95.4003937,29.7084287],[-95.4003874,29.7087481],[-95.4003622,29.7087507],[-95.4003628,29.7087722],[-95.4003399,29.7087709],[-95.4003344,29.7089057],[-95.400385,29.7089073],[-95.4003873,29.7089299],[-95.4004563,29.7089261],[-95.4004562,29.7089619],[-95.4005503,29.708962],[-95.4005504,29.7089449],[-95.4005511,29.7088706],[-95.400627,29.7088651],[-95.4006261,29.7084855],[-95.4007353,29.7084888],[-95.4007272,29.7086994],[-95.4009029,29.7087021],[-95.4009135,29.707834],[-95.4010149,29.707834],[-95.4010811,29.7078329],[-95.4010821,29.7076904],[-95.4010831,29.7076608],[-95.4011382,29.7076616],[-95.4011397,29.7075692],[-95.4010841,29.7075692],[-95.401085,29.7074394]]]}},{"type":"Feature","id":44885323,"properties":{"osmId":44885323,"category":"academic","building":"university","name":"Maxfield Hall","owner":"Rice University","_wikiTried":true},"geometry":{"type":"Polygon","coordinates":[[[-95.4005912,29.7202243],[-95.4002775,29.7203478],[-95.4002401,29.7203614],[-95.400162,29.7202204],[-95.4000692,29.7200403],[-95.4004256,29.7198921],[-95.4005912,29.7202243]]]}},{"type":"Feature","id":44885324,"properties":{"osmId":44885324,"category":"academic","building":"university","layer":"1","name":"Hamman Hall","owner":"Rice University","roof:shape":"flat","_wikiTried":true},"geometry":{"type":"Polygon","coordinates":[[[-95.4020175,29.720277],[-95.4018002,29.7203585],[-95.4016178,29.7200137],[-95.4017391,29.7199637],[-95.4018324,29.7199252],[-95.4020175,29.720277]]]}},{"type":"Feature","id":44885325,"properties":{"osmId":44885325,"category":"academic","building":"university","name":"Herman Brown Hall","official_name":"Herman Brown Hall for Mathematical Sciences","roof:shape":"flat","_wikiTried":true},"geometry":{"type":"Polygon","coordinates":[[[-95.4011176,29.7199482],[-95.4007046,29.7201066],[-95.400608,29.7199226],[-95.4010264,29.7197642],[-95.4011176,29.7199482]]]}},{"type":"Feature","id":44885328,"properties":{"osmId":44885328,"category":"academic","building":"university","name":"James Baker Hall","official_name":"James A. Baker III Hall","owner":"Rice University","_wikiTried":true},"geometry":{"type":"Polygon","coordinates":[[[-95.4030046,29.7167175],[-95.4025253,29.7169098],[-95.4023032,29.7164921],[-95.4024509,29.7164359],[-95.4024662,29.7164301],[-95.4024877,29.7164045],[-95.4025245,29.7163824],[-95.4025708,29.7163696],[-95.4026191,29.7163672],[-95.4026491,29.7163548],[-95.4027825,29.7162998],[-95.4030046,29.7167175]]]}},{"type":"Feature","id":44885332,"properties":{"osmId":44885332,"category":"academic","alt_name":"OEDK","building":"university","building:levels":"1","email":"oedk@rice.edu","name":"Oshman Engineering Design Kitchen","phone":"+1 713-348-6335","roof:levels":"0","website":"http://oedk.rice.edu/","_wikiTried":true},"geometry":{"type":"Polygon","coordinates":[[[-95.4015654,29.7211764],[-95.4011666,29.7213326],[-95.4011412,29.7212835],[-95.401098,29.7213004],[-95.4010309,29.7211712],[-95.4011038,29.7211427],[-95.4010649,29.7210678],[-95.4011449,29.7210365],[-95.401434,29.7209233],[-95.4014938,29.7210385],[-95.4015654,29.7211764]]]}},{"type":"Feature","id":44891219,"properties":{"osmId":44891219,"category":"athletic","building":"grandstand","ele":"15","gnis:feature_id":"2027468","roof:shape":"flat"},"geometry":{"type":"Polygon","coordinates":[[[-95.4019135,29.7134017],[-95.4017894,29.713327],[-95.4017385,29.7134014],[-95.4015402,29.7132818],[-95.401598,29.7132118],[-95.4014757,29.7131382],[-95.4015203,29.713077],[-95.40196,29.7133397],[-95.4019135,29.7134017]]]}},{"type":"Feature","id":44891220,"properties":{"osmId":44891220,"category":"academic","building":"university","layer":"1","name":"M.D. Anderson Biology Laboratories","owner":"Rice University","roof:shape":"flat","_wikiTried":true},"geometry":{"type":"Polygon","coordinates":[[[-95.4029106,29.7185473],[-95.4022995,29.7187875],[-95.4022837,29.7187939],[-95.4018967,29.718948],[-95.4018565,29.7188665],[-95.401814,29.7188819],[-95.4017599,29.7189014],[-95.4017224,29.7188246],[-95.4022293,29.7186335],[-95.4022025,29.7185776],[-95.40235,29.7185194],[-95.4023742,29.7185613],[-95.4024063,29.7185497],[-95.4023822,29.7185008],[-95.4024868,29.7184612],[-95.4025163,29.7185124],[-95.4029106,29.718354],[-95.4029428,29.7184192],[-95.4028543,29.7184565],[-95.4029106,29.7185473]]]}},{"type":"Feature","id":44891230,"properties":{"osmId":44891230,"category":"academic","building":"university","name":"Tudor Fieldhouse and Youngkin Center","owner":"Rice University","roof:shape":"flat","wikipedia":"en:Tudor Fieldhouse","_wikiTried":true},"geometry":{"type":"Polygon","coordinates":[[[-95.4044891,29.7151968],[-95.4043667,29.715247],[-95.4041514,29.7153354],[-95.404182,29.7153857],[-95.4037692,29.7155485],[-95.4037392,29.7154945],[-95.4036506,29.7155312],[-95.403435,29.7151175],[-95.4033801,29.7151394],[-95.4032786,29.7149328],[-95.4030271,29.7150331],[-95.4029519,29.7148868],[-95.4029787,29.7148785],[-95.4028678,29.7146641],[-95.4030849,29.7145786],[-95.4031164,29.7146372],[-95.4034432,29.7145119],[-95.4034114,29.7144554],[-95.4036237,29.7143726],[-95.4037395,29.7145847],[-95.4037648,29.7145778],[-95.4038388,29.714717],[-95.4035891,29.7148136],[-95.4036342,29.7148967],[-95.4039697,29.7147695],[-95.4039825,29.7147932],[-95.4040545,29.7147648],[-95.404093,29.7148299],[-95.4041052,29.7148245],[-95.4042661,29.7147598],[-95.4042816,29.7147911],[-95.4042863,29.7148008],[-95.4043002,29.7148297],[-95.4045019,29.7147487],[-95.4045491,29.7147298],[-95.4047073,29.7150583],[-95.4046759,29.7150703],[-95.4045534,29.7151171],[-95.4044667,29.7151502],[-95.4044891,29.7151968]]]}},{"type":"Feature","id":44891249,"properties":{"osmId":44891249,"category":"academic","building":"university","name":"Herring Hall","official_name":"Robert R. Herring Hall","owner":"Rice University","wikidata":"Q107317795","_wikiTried":true},"geometry":{"type":"Polygon","coordinates":[[[-95.401692,29.716943],[-95.4013299,29.7170828],[-95.4012816,29.7169779],[-95.4012658,29.7169839],[-95.4012183,29.717002],[-95.4009195,29.7171154],[-95.4009704,29.7172225],[-95.4007224,29.7173303],[-95.4006593,29.7172179],[-95.4006888,29.7172062],[-95.4006325,29.7170874],[-95.4014157,29.7167706],[-95.4014854,29.7169034],[-95.4016356,29.7168452],[-95.401692,29.716943]]]}},{"type":"Feature","id":44891253,"properties":{"osmId":44891253,"category":"academic","building":"university","name":"McNair Hall","official_name":"Janice and Robert McNair Hall","owner":"Rice University","wikimedia_commons":"File:McNairHall 1.jpg","_wikiTried":true},"geometry":{"type":"Polygon","coordinates":[[[-95.4037433,29.7175482],[-95.4033651,29.7176903],[-95.4033812,29.7177089],[-95.4031719,29.7177905],[-95.4031639,29.7177718],[-95.4030217,29.7178277],[-95.4027669,29.7173385],[-95.4032417,29.7171475],[-95.4033022,29.7172674],[-95.4033275,29.7173176],[-95.4032068,29.7173665],[-95.4032819,29.7175179],[-95.4036547,29.7173688],[-95.4035957,29.7172524],[-95.4042969,29.7169773],[-95.4043072,29.7169733],[-95.4043441,29.7169588],[-95.4044084,29.717087],[-95.4041375,29.7172034],[-95.4042073,29.7173502],[-95.4039417,29.7174527],[-95.4039578,29.7174853],[-95.4037567,29.7175622],[-95.4037433,29.7175482]]]}},{"type":"Feature","id":44896135,"properties":{"osmId":44896135,"category":"academic","building":"college","name":"UTHealth Medical School Building","_wikiTried":true},"geometry":{"type":"Polygon","coordinates":[[[-95.3970088,29.7135472],[-95.3965963,29.7132971],[-95.3965167,29.7132489],[-95.396709,29.713005],[-95.3977498,29.711697],[-95.3982373,29.7119892],[-95.397667,29.7127056],[-95.3979698,29.7128878],[-95.3978262,29.7130678],[-95.3975235,29.7128855],[-95.3972226,29.7132721],[-95.3970088,29.7135472]]]}},{"type":"Feature","id":44896154,"properties":{"osmId":44896154,"category":"medical","addr:city":"Houston","addr:housenumber":"6550","addr:postcode":"77030","addr:state":"TX","addr:street":"Bertner Avenue","building":"hospital","height":"25","name":"John P. McGovern Commons","parking":"multi-storey","_wikiTried":true},"geometry":{"type":"Polygon","coordinates":[[[-95.3975437,29.7092284],[-95.3972996,29.7095452],[-95.3974337,29.7096291],[-95.3974686,29.7095825],[-95.3975608,29.7096408],[-95.3975986,29.7096593],[-95.3976312,29.7096707],[-95.3976778,29.709678],[-95.3976804,29.7097269],[-95.3977421,29.7097292],[-95.3977912,29.7097184],[-95.3978333,29.7097036],[-95.3978731,29.7096808],[-95.3979082,29.7096499],[-95.3979453,29.7096111],[-95.3979058,29.7095825],[-95.3979258,29.7095593],[-95.3979394,29.7095314],[-95.3979486,29.7095001],[-95.3979533,29.7094507],[-95.3979533,29.7093869],[-95.3979971,29.7093855],[-95.3979943,29.7092307],[-95.3975437,29.7092284]]]}},{"type":"Feature","id":44896155,"properties":{"osmId":44896155,"category":"medical","addr:city":"Houston","addr:housename":"Texas Children's Hospital","addr:housenumber":"1250","addr:postcode":"77030","addr:state":"TX","addr:street":"Moursund Street","building":"hospital","height":"71","name":"Jan and Dan Duncan Neurological Research Institute at TCH","parking":"surface","_wikiTried":true},"geometry":{"type":"Polygon","coordinates":[[[-95.3970541,29.7096929],[-95.3967535,29.7095141],[-95.3971678,29.7089677],[-95.3974872,29.7091547],[-95.3970541,29.7096929]]]}},{"type":"Feature","id":44896157,"properties":{"osmId":44896157,"category":"academic","addr:city":"Houston","addr:housenumber":"6436","addr:postcode":"77030","addr:state":"TX","addr:street":"Fannin Street","building":"college","height":"44","name":"Prairie View A&M University College of Nursing","_wikiTried":true},"geometry":{"type":"Polygon","coordinates":[[[-95.3988459,29.7138111],[-95.3982247,29.7134373],[-95.3982709,29.7133782],[-95.3985515,29.7130193],[-95.3986132,29.7129404],[-95.3992357,29.7133154],[-95.3991842,29.7133809],[-95.3988915,29.7137531],[-95.3988459,29.7138111]]]}},{"type":"Feature","id":44896162,"properties":{"osmId":44896162,"category":"medical","addr:city":"Houston","addr:housenumber":"6620","addr:postcode":"77030","addr:state":"TX","addr:street":"South Main Street","building":"hospital","emergency":"no","name":"Baylor Clinic","_wikiTried":true},"geometry":{"type":"Polygon","coordinates":[[[-95.4028575,29.7100254],[-95.4025421,29.7098383],[-95.4025667,29.7098107],[-95.4025825,29.7097913],[-95.4025973,29.709773],[-95.4031458,29.7090833],[-95.4032137,29.7089979],[-95.4032778,29.7090355],[-95.403448,29.7091353],[-95.403525,29.7091805],[-95.4028575,29.7100254]]]}},{"type":"Feature","id":44896169,"properties":{"osmId":44896169,"category":"academic","building":"university","layer":"1","name":"Ryon Engineering Laboratory","owner":"Rice University","_wikiTried":true},"geometry":{"type":"Polygon","coordinates":[[[-95.4009495,29.7207988],[-95.4008307,29.7208438],[-95.4008188,29.7208203],[-95.4006236,29.7208943],[-95.400637,29.720921],[-95.4005238,29.7209639],[-95.400431,29.7207793],[-95.4003292,29.7205768],[-95.4003186,29.7205557],[-95.4003423,29.7205467],[-95.4003619,29.7205393],[-95.4003749,29.7205344],[-95.4007458,29.7203937],[-95.4009495,29.7207988]]]}},{"type":"Feature","id":44896249,"properties":{"osmId":44896249,"category":"academic","building":"university","name":"M.D. Anderson Hall","owner":"Rice University","_wikiTried":true},"geometry":{"type":"Polygon","coordinates":[[[-95.4002106,29.7189692],[-95.3997787,29.7191368],[-95.3996701,29.7189257],[-95.3994023,29.7190296],[-95.3993016,29.7190686],[-95.3992214,29.7189126],[-95.3992924,29.7188849],[-95.3997605,29.7187022],[-95.3998308,29.7186748],[-95.3998499,29.718712],[-95.3999438,29.7188946],[-95.4001342,29.7188207],[-95.4002106,29.7189692]]]}},{"type":"Feature","id":44896256,"properties":{"osmId":44896256,"category":"academic","building":"university","layer":"1","name":"Abercrombie Engineering Laboratory","owner":"Rice University","_wikiTried":true},"geometry":{"type":"Polygon","coordinates":[[[-95.3997139,29.7212468],[-95.3992643,29.7214191],[-95.3987957,29.7204968],[-95.3988343,29.720482],[-95.3988205,29.7204548],[-95.3990684,29.7203598],[-95.3990241,29.7202726],[-95.3992048,29.7202033],[-95.3993717,29.7205318],[-95.3993905,29.7205692],[-95.3995512,29.7208766],[-95.3995506,29.7209254],[-95.3996281,29.7210779],[-95.3997139,29.7212468]]]}},{"type":"Feature","id":44896260,"properties":{"osmId":44896260,"category":"academic","building":"university","name":"Herzstein Hall","owner":"Rice University","roof:shape":"hipped","_wikiTried":true},"geometry":{"type":"Polygon","coordinates":[[[-95.3989003,29.7191865],[-95.3984292,29.7193742],[-95.3984866,29.7194829],[-95.398558,29.7194545],[-95.398629,29.7195887],[-95.3982902,29.7197237],[-95.3982151,29.7195815],[-95.3983773,29.7195169],[-95.3983717,29.7195063],[-95.398323,29.7194142],[-95.3982549,29.7194413],[-95.3982032,29.7193437],[-95.3981887,29.7193154],[-95.39822,29.7193034],[-95.3986874,29.7191211],[-95.3988347,29.7190636],[-95.3989003,29.7191865]]]}},{"type":"Feature","id":44896261,"properties":{"osmId":44896261,"category":"academic","building":"university","layer":"1","name":"Lovett Hall","owner":"Rice University","roof:shape":"hipped","_wikiTried":true},"geometry":{"type":"Polygon","coordinates":[[[-95.3980812,29.719357],[-95.398033,29.7192639],[-95.3978944,29.7190029],[-95.3977587,29.7187474],[-95.3977108,29.7186528],[-95.3976924,29.7186601],[-95.3975815,29.718704],[-95.3976995,29.7189373],[-95.3977597,29.7190563],[-95.3978259,29.7191871],[-95.3979437,29.7194084],[-95.3980246,29.7193789],[-95.3980812,29.719357]]]}},{"type":"Feature","id":45186487,"properties":{"osmId":45186487,"category":"academic","building":"university","layer":"1","name":"George R. Brown Hall","owner":"Rice University","_wikiTried":true},"geometry":{"type":"Polygon","coordinates":[[[-95.4013564,29.7196223],[-95.4012079,29.7196823],[-95.4011787,29.7196276],[-95.401151,29.7196388],[-95.401061,29.7194707],[-95.4009603,29.7192825],[-95.4009245,29.719297],[-95.4008608,29.719178],[-95.4008535,29.7191643],[-95.4009208,29.7191372],[-95.400851,29.7190069],[-95.4009988,29.7189472],[-95.4010712,29.7190824],[-95.4012566,29.7190076],[-95.4014085,29.7189463],[-95.4013559,29.7188481],[-95.4013854,29.7188362],[-95.4013676,29.718803],[-95.4014375,29.7187748],[-95.4014534,29.7188045],[-95.4014844,29.718792],[-95.4015399,29.7188958],[-95.4016165,29.7188649],[-95.401621,29.7188732],[-95.4016804,29.7189843],[-95.4016271,29.7190058],[-95.4018233,29.7193723],[-95.401796,29.7193833],[-95.4018233,29.7194342],[-95.4016827,29.7194909],[-95.4016598,29.7194481],[-95.4016307,29.7194598],[-95.4014597,29.7191402],[-95.4013464,29.7191859],[-95.401185,29.7192511],[-95.4013524,29.7195639],[-95.40133,29.719573],[-95.4013564,29.7196223]]]}},{"type":"Feature","id":45186488,"properties":{"osmId":45186488,"category":"academic","building":"university","name":"Duncan Hall","official_name":"Anne and Charles Duncan Hall","owner":"Rice University","_wikiTried":true},"geometry":{"type":"Polygon","coordinates":[[[-95.3993344,29.7200714],[-95.3992672,29.7200984],[-95.3987276,29.7203152],[-95.3987797,29.7204131],[-95.39848,29.7205335],[-95.3984272,29.7204344],[-95.3983278,29.7204744],[-95.3981909,29.7202174],[-95.398351,29.7201531],[-95.3983205,29.7200959],[-95.3983034,29.7200638],[-95.3985435,29.7199674],[-95.3985917,29.7200579],[-95.3987875,29.7199792],[-95.3987392,29.7198884],[-95.3990457,29.7197652],[-95.3990971,29.7198617],[-95.3992006,29.7198201],[-95.3992165,29.71985],[-95.3993344,29.7200714]]]}},{"type":"Feature","id":45191237,"properties":{"osmId":45191237,"category":"academic","alt_name":"Fondy","amenity":"library","building":"university","building:levels":"6","name":"Fondren Library","owner":"Rice University","phone":"+1 713-348-5698","ref:isil":"US-txhr","roof:shape":"flat","website":"https://library.rice.edu/","wikidata":"Q5465010","wikipedia":"en:Fondren Library","_wikiTried":true},"geometry":{"type":"Polygon","coordinates":[[[-95.4006227,29.7183361],[-95.4000625,29.7185475],[-95.399987,29.718576],[-95.3998421,29.7183012],[-95.3997912,29.7183198],[-95.3997617,29.7182662],[-95.3996343,29.718003],[-95.3996872,29.7179797],[-95.4000905,29.7178252],[-95.4000441,29.7177377],[-95.4002624,29.7176478],[-95.4003073,29.7177331],[-95.4004409,29.7179903],[-95.4005218,29.718146],[-95.4006227,29.7183361]]]}},{"type":"Feature","id":45191238,"properties":{"osmId":45191238,"category":"academic","building":"university","name":"Allen Business Center","owner":"Rice University","roof:shape":"hipped","_wikiTried":true},"geometry":{"type":"Polygon","coordinates":[[[-95.3981188,29.7176415],[-95.3978946,29.7177307],[-95.3976449,29.71783],[-95.3975325,29.7176234],[-95.3977393,29.7175394],[-95.3980151,29.7174324],[-95.3981188,29.7176415]]]}},{"type":"Feature","id":45591836,"properties":{"osmId":45591836,"category":"medical","addr:city":"Houston","addr:housenumber":"6624","addr:postcode":"77030","addr:state":"TX","addr:street":"Fannin Street","building":"hospital","building:levels":"29","name":"O'Quinn Medical Tower","_wikiTried":true},"geometry":{"type":"Polygon","coordinates":[[[-95.4020471,29.7095424],[-95.4018394,29.7094148],[-95.4016006,29.7092682],[-95.4015459,29.7092366],[-95.4015805,29.7091932],[-95.4015864,29.7091855],[-95.4017075,29.7090366],[-95.4017085,29.709008],[-95.4017829,29.7089114],[-95.401811,29.7089068],[-95.4018736,29.7088304],[-95.401927,29.7087654],[-95.4019771,29.7087042],[-95.4025675,29.7090742],[-95.4025232,29.709131],[-95.4024666,29.7092037],[-95.4024173,29.7092669],[-95.402421,29.7093036],[-95.4023425,29.7094024],[-95.4023036,29.7094108],[-95.4022033,29.7095323],[-95.4021949,29.7095435],[-95.4021878,29.7095522],[-95.4021728,29.7095701],[-95.4021488,29.7095998],[-95.4020471,29.7095424]]]}},{"type":"Feature","id":45821927,"properties":{"osmId":45821927,"category":"academic","building":"yes"},"geometry":{"type":"Polygon","coordinates":[[[-95.4004015,29.7214996],[-95.400144,29.7215998],[-95.4000367,29.7213505],[-95.4001091,29.7213249],[-95.4001601,29.7214251],[-95.4007153,29.7212154],[-95.4007475,29.721283],[-95.4003666,29.7214367],[-95.4004015,29.7214996]]]}},{"type":"Feature","id":45821934,"properties":{"osmId":45821934,"category":"academic","building":"university","layer":"1","name":"Central Plant","owner":"Rice University","_wikiTried":true},"geometry":{"type":"Polygon","coordinates":[[[-95.3997836,29.7210194],[-95.3998634,29.7211765],[-95.4004135,29.7209657],[-95.4003376,29.7208163],[-95.3997836,29.7210194]]]}},{"type":"Feature","id":45821941,"properties":{"osmId":45821941,"category":"academic","building":"university","name":"Howard Keck Hall","owner":"Rice University","_wikiTried":true},"geometry":{"type":"Polygon","coordinates":[[[-95.400185,29.7198469],[-95.4001508,29.7198601],[-95.4001679,29.7198938],[-95.4000486,29.7199397],[-95.4000374,29.7199178],[-95.4000022,29.7199313],[-95.3999401,29.7198097],[-95.3997167,29.7198957],[-95.3996899,29.7198431],[-95.3996281,29.7198669],[-95.399595,29.7198022],[-95.3996515,29.7197804],[-95.3995911,29.7196622],[-95.3997999,29.7195818],[-95.3998596,29.7196988],[-95.3998851,29.719689],[-95.3999098,29.7196795],[-95.3998933,29.7196473],[-95.3999278,29.719634],[-95.3999292,29.7196278],[-95.3999358,29.7196164],[-95.3999496,29.7196097],[-95.3999633,29.7196071],[-95.3999771,29.7196098],[-95.3999828,29.7196128],[-95.4000208,29.7195981],[-95.4000355,29.7196268],[-95.4000567,29.7196186],[-95.4000851,29.7196076],[-95.4000274,29.7194946],[-95.4002185,29.7194211],[-95.4002722,29.7195263],[-95.4003567,29.7194938],[-95.4002855,29.7193542],[-95.4003222,29.7193401],[-95.400262,29.7192222],[-95.4004117,29.7191645],[-95.4005136,29.7193641],[-95.4004623,29.7193839],[-95.4004907,29.7194395],[-95.400542,29.7194198],[-95.4005659,29.7194665],[-95.400507,29.7194892],[-95.4005455,29.7195646],[-95.4001238,29.7197269],[-95.400185,29.7198469]]]}},{"type":"Feature","id":45821947,"properties":{"osmId":45821947,"category":"academic","addr:state":"TX","building":"yes","ele":"15","name":"Huff House","official_name":"Peter and Nancy Huff House","old_name":"Ralph S O'Connor House","_wikiTried":true},"geometry":{"type":"Polygon","coordinates":[[[-95.3963835,29.7206385],[-95.3962494,29.7206168],[-95.3962559,29.7205491],[-95.3961813,29.720535],[-95.3961886,29.7204675],[-95.3962705,29.7204792],[-95.3962793,29.7204331],[-95.3964142,29.7204488],[-95.3963835,29.7206385]]]}},{"type":"Feature","id":45821961,"properties":{"osmId":45821961,"category":"religious","addr:city":"Houston","addr:housenumber":"5501","addr:state":"TX","addr:street":"Main Street","amenity":"place_of_worship","building":"church","building:levels":"3","check_date":"2024-02-17","denomination":"methodist","name":"St. Paul's United Methodist Church","ref:dove":"11879","religion":"christian","website":"https://www.stpaulshouston.org/","wikidata":"Q7591208","wikipedia":"en:St. Paul's United Methodist Church (Houston)","_wikiTried":true},"geometry":{"type":"Polygon","coordinates":[[[-95.3888785,29.7262136],[-95.3886805,29.7260929],[-95.3886532,29.7261267],[-95.3884703,29.7260152],[-95.3885073,29.7259694],[-95.3884672,29.725945],[-95.3884635,29.7259207],[-95.3884968,29.7258777],[-95.3885278,29.7258729],[-95.3885629,29.7258943],[-95.3886666,29.7257658],[-95.3885582,29.7256998],[-95.3886886,29.7255383],[-95.3887435,29.7255717],[-95.3887312,29.7255869],[-95.3889435,29.7257163],[-95.3888951,29.7257761],[-95.3888532,29.7257509],[-95.3888203,29.7257918],[-95.3888171,29.7257958],[-95.388776,29.7257708],[-95.3886747,29.7258961],[-95.3887747,29.7259571],[-95.3887443,29.7259947],[-95.3889067,29.7260937],[-95.3889527,29.7261218],[-95.3889152,29.7261682],[-95.3888785,29.7262136]]]}},{"type":"Feature","id":51730612,"properties":{"osmId":51730612,"category":"medical","addr:city":"Houston","addr:housenumber":"1333","addr:postcode":"77030","addr:state":"TX","addr:street":"Moursund Street","building":"hospital","ele":"14","gnis:feature_id":"2015767","height":"4","name":"TIRR Memorial Hermann","wikidata":"Q14956811","wikipedia":"en:TIRR Memorial Hermann","_wikiTried":true},"geometry":{"type":"Polygon","coordinates":[[[-95.394195,29.7098276],[-95.394082,29.7097614],[-95.3942232,29.7095797],[-95.3941167,29.7095172],[-95.3939848,29.709687],[-95.393683,29.7095102],[-95.3936591,29.7094965],[-95.3936232,29.709475],[-95.3935413,29.7094271],[-95.3939759,29.7088678],[-95.3941216,29.7089532],[-95.3941779,29.7089861],[-95.3941924,29.7089673],[-95.3942523,29.7090021],[-95.3942611,29.7089906],[-95.3943102,29.7089269],[-95.394085,29.7087961],[-95.3941477,29.7087146],[-95.394144,29.7086929],[-95.3941899,29.7086869],[-95.3941872,29.708671],[-95.3944695,29.7086343],[-95.3944741,29.7086611],[-95.394601,29.7087349],[-95.3943667,29.7090389],[-95.3943284,29.7090167],[-95.3942737,29.7090876],[-95.3942517,29.7090749],[-95.3942114,29.7090514],[-95.394144,29.7091381],[-95.3941337,29.7091538],[-95.3943685,29.7092914],[-95.3944472,29.7091901],[-95.3945544,29.7092534],[-95.3946146,29.7092899],[-95.394195,29.7098276]]]}},{"type":"Feature","id":51730615,"properties":{"osmId":51730615,"category":"academic","addr:city":"Houston","addr:housenumber":"1441","addr:postcode":"77030","addr:state":"TX","addr:street":"Moursund Street","building":"college","name":"UH College of Pharmacy","source":"esri_USDOT_HarrisCountyTX","_wikiTried":true},"geometry":{"type":"Polygon","coordinates":[[[-95.3937293,29.7079344],[-95.3935428,29.7080265],[-95.3932784,29.7076226],[-95.3934649,29.7075305],[-95.3937293,29.7079344]]]}},{"type":"Feature","id":51730618,"properties":{"osmId":51730618,"category":"medical","building":"hospital","height":"14"},"geometry":{"type":"Polygon","coordinates":[[[-95.3934772,29.7099094],[-95.3931795,29.7097347],[-95.3933494,29.7095163],[-95.3935139,29.7096128],[-95.3935402,29.70958],[-95.3935628,29.7095932],[-95.3936146,29.7096244],[-95.3936725,29.7096584],[-95.3936463,29.7096916],[-95.3934772,29.7099094]]]}},{"type":"Feature","id":51812674,"properties":{"osmId":51812674,"category":"academic","building":"university","name":"UT Health School of Public Health","wikidata":"Q7896442","wikipedia":"en:UTHealth School of Public Health","_wikiTried":true},"geometry":{"type":"Polygon","coordinates":[[[-95.398387,29.705314],[-95.3982578,29.705192],[-95.3981758,29.7052552],[-95.3981071,29.7051862],[-95.3979435,29.7053099],[-95.3977533,29.7051312],[-95.3979806,29.7049487],[-95.397953,29.7049282],[-95.3979739,29.7048365],[-95.398021,29.7048027],[-95.3981279,29.7047973],[-95.3981727,29.7048436],[-95.3982218,29.7048457],[-95.3982745,29.7047992],[-95.3983664,29.7047999],[-95.3984279,29.7048423],[-95.3984112,29.7049361],[-95.3986153,29.7051237],[-95.398387,29.705314]]]}},{"type":"Feature","id":51812681,"properties":{"osmId":51812681,"category":"medical","addr:city":"Houston","addr:housenumber":"6411","addr:postcode":"77030","addr:state":"TX","addr:street":"Fannin Street","amenity":"hospital","beds":"310","building":"hospital","check_date":"2025-10-09","emergency":"yes","healthcare":"hospital","healthcare:speciality":"paediatrics","name":"Children's Memorial Hermann Hospital","opening_hours":"24/7","phone":"+1 713 704 5437","website":"http://childrens.memorialhermann.org/","_wikiTried":true},"geometry":{"type":"Polygon","coordinates":[[[-95.3952036,29.7143176],[-95.3947784,29.7140673],[-95.3947632,29.7140584],[-95.3952752,29.7134012],[-95.395283,29.7134059],[-95.3953068,29.7133754],[-95.3953113,29.7133688],[-95.3954635,29.713461],[-95.3956176,29.7135542],[-95.3956962,29.7136018],[-95.3957246,29.713619],[-95.3957456,29.7136317],[-95.3957174,29.7136691],[-95.3957283,29.7136758],[-95.3957003,29.7137112],[-95.3957186,29.7137216],[-95.3957752,29.713653],[-95.3962186,29.713913],[-95.3962174,29.7139145],[-95.3961832,29.7139578],[-95.3961796,29.7139632],[-95.39614,29.7139414],[-95.3955598,29.7140385],[-95.3955476,29.7140299],[-95.3955211,29.7140136],[-95.3955133,29.7140232],[-95.3954697,29.713996],[-95.3953615,29.7141249],[-95.3953362,29.7141573],[-95.3952036,29.7143176]]]}},{"type":"Feature","id":51813096,"properties":{"osmId":51813096,"category":"academic","addr:city":"Houston","addr:housenumber":"1900","addr:postcode":"77030","addr:state":"TX","addr:street":"Pressler Street","building":"college","name":"Coleman College for Health Sciences","operator":"Houston Community College","website":"http://coleman.hccs.edu/","wikidata":"Q5142991","wikipedia":"en:Coleman College for Health Sciences","_wikiTried":true},"geometry":{"type":"Polygon","coordinates":[[[-95.4051724,29.7043511],[-95.4055135,29.703875],[-95.405138,29.7037889],[-95.4050803,29.7037834],[-95.4050317,29.7037787],[-95.4049438,29.7037926],[-95.4048412,29.7038605],[-95.4046921,29.704092],[-95.4051724,29.7043511]]]}},{"type":"Feature","id":51815684,"properties":{"osmId":51815684,"category":"medical","addr:city":"Houston","addr:housename":"Texas Children's Hospital","addr:housenumber":"6651","addr:postcode":"77030","addr:state":"TX","addr:street":"South Main Street","building":"hospital","height":"19","name":"Pavilion for Women","phone":"+1 832 826 3000","website":"https://women.texaschildrens.org/","wheelchair":"yes","_wikiTried":true},"geometry":{"type":"Polygon","coordinates":[[[-95.4032476,29.7082199],[-95.4032655,29.7081251],[-95.4032641,29.708066],[-95.4033532,29.7080626],[-95.4036522,29.7077318],[-95.4030276,29.7073388],[-95.4029325,29.7074511],[-95.4028584,29.7075339],[-95.4028503,29.7075622],[-95.4028405,29.7076372],[-95.402839,29.7076504],[-95.4028291,29.7077362],[-95.4028312,29.7077965],[-95.4027839,29.7077941],[-95.4027479,29.7077965],[-95.4026986,29.7078628],[-95.4026398,29.7079253],[-95.4026038,29.7079637],[-95.4025003,29.7080171],[-95.4023961,29.7080439],[-95.4023751,29.7080493],[-95.402376,29.7081048],[-95.402378,29.7082252],[-95.4022958,29.7082257],[-95.4023095,29.7083626],[-95.4022207,29.7083589],[-95.4022207,29.7084177],[-95.4022144,29.708451],[-95.4021619,29.7084491],[-95.4020855,29.7085469],[-95.4019699,29.7086949],[-95.4021772,29.7088246],[-95.4025716,29.7090619],[-95.4025927,29.7090355],[-95.4026188,29.7090028],[-95.4026383,29.7089761],[-95.4026166,29.7089638],[-95.4026142,29.7088888],[-95.402615,29.7088682],[-95.4026649,29.7088709],[-95.402725,29.7088624],[-95.4027197,29.7087933],[-95.4027176,29.708749],[-95.4027155,29.7087032],[-95.402711,29.7086283],[-95.4027106,29.708602],[-95.4027651,29.7085751],[-95.4028278,29.7085287],[-95.4028484,29.7085072],[-95.4028789,29.7084619],[-95.402905,29.7083991],[-95.4029169,29.7083249],[-95.4029232,29.7082128],[-95.4032476,29.7082199]]]}},{"type":"Feature","id":51815686,"properties":{"osmId":51815686,"category":"medical","addr:city":"Houston","addr:housenumber":"1515","addr:postcode":"77030","addr:state":"TX","addr:street":"Holcombe Boulevard","alt_name":"MD Anderson","amenity":"hospital","beds":"710","building":"hospital","emergency":"no","healthcare":"hospital","healthcare:speciality":"oncology","height":"30","name":"University of Texas MD Anderson Cancer Center","website":"https://www.mdanderson.org/about-md-anderson/our-locations/texas-medical-center.html","wikidata":"Q1525831","wikipedia":"en:MD Anderson Cancer Center","_wikiTried":true},"geometry":{"type":"Polygon","coordinates":[[[-95.3981308,29.7082119],[-95.3980942,29.7082425],[-95.398028,29.7081851],[-95.3980287,29.7083689],[-95.3982738,29.7083735],[-95.3988383,29.7083824],[-95.398835,29.7086636],[-95.3975334,29.708655],[-95.3975352,29.7086908],[-95.3972946,29.7086889],[-95.3973165,29.7080624],[-95.3967853,29.708058],[-95.3967827,29.7082934],[-95.3964766,29.7082939],[-95.3964817,29.7080243],[-95.3963309,29.7080222],[-95.3963285,29.7082916],[-95.3960682,29.7082906],[-95.3960697,29.7077841],[-95.3963362,29.7077903],[-95.396335,29.7079735],[-95.396482,29.7079761],[-95.3964876,29.7078056],[-95.3966948,29.7078112],[-95.3966915,29.7077443],[-95.3972657,29.7077549],[-95.3972686,29.7076967],[-95.3968031,29.707702],[-95.3968096,29.7076439],[-95.3967506,29.7076435],[-95.396754,29.7076076],[-95.3968076,29.7076106],[-95.3968074,29.7075606],[-95.3972327,29.7075688],[-95.3972343,29.7074794],[-95.3971246,29.7074782],[-95.3971259,29.7073964],[-95.396992,29.7073949],[-95.3969924,29.7074291],[-95.3965252,29.7074239],[-95.3965235,29.7074685],[-95.3964101,29.7074677],[-95.3964113,29.7074391],[-95.3964212,29.7074338],[-95.3964202,29.7073802],[-95.3963763,29.7073785],[-95.3963771,29.7073937],[-95.3962834,29.7073915],[-95.3962771,29.7073859],[-95.396278,29.7073782],[-95.3962407,29.7073791],[-95.3962399,29.7074228],[-95.3959608,29.7074205],[-95.3959605,29.7073753],[-95.3959105,29.7073734],[-95.3959087,29.707276],[-95.3958998,29.7072676],[-95.3959008,29.7072322],[-95.3959135,29.7072243],[-95.3959174,29.7071734],[-95.3959195,29.7071225],[-95.3962746,29.7071321],[-95.3962911,29.7071206],[-95.3963671,29.70712],[-95.3963795,29.7071291],[-95.3963895,29.7071298],[-95.3964182,29.7071289],[-95.3964173,29.7071163],[-95.3964103,29.7071108],[-95.3964165,29.7070851],[-95.3965211,29.7070852],[-95.3965175,29.7071343],[-95.3967777,29.7071322],[-95.3967791,29.7070479],[-95.396751,29.7070475],[-95.3967565,29.706879],[-95.3968506,29.7068798],[-95.3968511,29.7068976],[-95.396891,29.7068983],[-95.3968945,29.7067974],[-95.3969869,29.7067948],[-95.396989,29.7067405],[-95.3969868,29.7066558],[-95.3972736,29.7066574],[-95.3972696,29.7067407],[-95.3972673,29.706789],[-95.3973687,29.7067898],[-95.3973686,29.7067388],[-95.3974144,29.7067415],[-95.3974751,29.7067433],[-95.3974713,29.7068775],[-95.3973775,29.7068742],[-95.3973776,29.7069316],[-95.3974447,29.7069321],[-95.3974476,29.7069658],[-95.397499,29.7069679],[-95.3974944,29.7070583],[-95.3974692,29.7070574],[-95.3974698,29.7071093],[-95.3975943,29.7071058],[-95.3975457,29.7070615],[-95.3975637,29.7070405],[-95.3975488,29.7070289],[-95.3975806,29.7070009],[-95.3975584,29.7069752],[-95.3975757,29.7069565],[-95.3976723,29.7068761],[-95.3977761,29.7069719],[-95.3977412,29.7070062],[-95.3978055,29.7070661],[-95.3977518,29.7071137],[-95.3978053,29.7071063],[-95.3978614,29.7070264],[-95.3979415,29.7070725],[-95.3979961,29.7070709],[-95.3980357,29.7070077],[-95.3981452,29.7070615],[-95.3981272,29.7070978],[-95.3981422,29.7071052],[-95.3981589,29.7071083],[-95.3981977,29.7071123],[-95.3982054,29.7071225],[-95.3982261,29.707122],[-95.398324,29.7072792],[-95.398308,29.7072885],[-95.398308,29.7073048],[-95.3982924,29.7073062],[-95.3982891,29.7073391],[-95.3983902,29.7073644],[-95.3987928,29.7074652],[-95.3989165,29.7074935],[-95.3989119,29.707565],[-95.3988789,29.707565],[-95.3988812,29.7077061],[-95.3988531,29.7077049],[-95.3988521,29.7078006],[-95.3989046,29.7078485],[-95.3988428,29.7079065],[-95.3988435,29.7080546],[-95.3988973,29.7081029],[-95.3988407,29.708153],[-95.3988426,29.7082325],[-95.39875,29.7082333],[-95.3987033,29.7082744],[-95.3986082,29.7081909],[-95.3985452,29.7082438],[-95.3985112,29.7082152],[-95.3984738,29.7082412],[-95.3983119,29.7081064],[-95.3981711,29.7082382],[-95.3981308,29.7082119]]]}},{"type":"Feature","id":51816102,"properties":{"osmId":51816102,"category":"medical","addr:city":"Houston","addr:housenumber":"6621","addr:postcode":"77030","addr:state":"TX","addr:street":"Fannin Street","building":"hospital","building:levels":"16","emergency":"yes","name":"Texas Children's Hospital - West Tower","phone":"+1 832 824 1000","website":"https://www.texaschildrens.org/","wikipedia":"en:Texas Children's Hospital","_wikiTried":true},"geometry":{"type":"Polygon","coordinates":[[[-95.4010821,29.7076904],[-95.4010811,29.7078329],[-95.4010149,29.707834],[-95.4010139,29.7079009],[-95.4010041,29.7079023],[-95.4010038,29.7079292],[-95.4009781,29.7079282],[-95.4009771,29.7079558],[-95.4010287,29.7079553],[-95.4010245,29.7081451],[-95.4010002,29.7081451],[-95.4010024,29.7082313],[-95.4009291,29.7082337],[-95.4009246,29.7083106],[-95.4009532,29.7083084],[-95.4009567,29.7083669],[-95.4012641,29.7083703],[-95.401265,29.7083063],[-95.4013126,29.7083068],[-95.4013978,29.7083077],[-95.4013957,29.7084613],[-95.4015623,29.7084631],[-95.4015632,29.7084003],[-95.4016042,29.7084007],[-95.4016047,29.7083648],[-95.4016271,29.708365],[-95.4016286,29.7082142],[-95.4017639,29.7082157],[-95.4017631,29.7081738],[-95.4017645,29.7080475],[-95.4018875,29.7080476],[-95.401889,29.7078885],[-95.4019482,29.7078889],[-95.4019463,29.7078378],[-95.4019579,29.7077971],[-95.4019583,29.7077275],[-95.4021454,29.7077285],[-95.4021493,29.707546],[-95.4019913,29.707545],[-95.4017695,29.7075423],[-95.4017444,29.7075421],[-95.4017451,29.7075131],[-95.4014423,29.7075111],[-95.401442,29.7075424],[-95.4013885,29.7075423],[-95.401387,29.707712],[-95.4013275,29.7077099],[-95.4012668,29.7077086],[-95.4012219,29.7077085],[-95.4012239,29.7076883],[-95.4011692,29.7076891],[-95.4010821,29.7076904]]]}},{"type":"Feature","id":51817587,"properties":{"osmId":51817587,"category":"academic","building":"university","name":"Rayzor Hall","owner":"Rice University","roof:shape":"hipped","_wikiTried":true},"geometry":{"type":"Polygon","coordinates":[[[-95.3993812,29.7180082],[-95.3989172,29.7181847],[-95.3988435,29.7182127],[-95.3987546,29.7180364],[-95.3988337,29.7180063],[-95.3992923,29.7178318],[-95.3993305,29.7179098],[-95.3993507,29.7179496],[-95.3993559,29.717958],[-95.3993812,29.7180082]]]}},{"type":"Feature","id":51817589,"properties":{"osmId":51817589,"category":"residential","alt_name":"Baker House","building":"house","name":"Baker College Magisters House","_wikiTried":true},"geometry":{"type":"Polygon","coordinates":[[[-95.3999253,29.7170181],[-95.3997718,29.7170799],[-95.3997356,29.7170121],[-95.3998246,29.7169763],[-95.3997842,29.7169006],[-95.3998488,29.7168746],[-95.3999253,29.7170181]]]}},{"type":"Feature","id":51817590,"properties":{"osmId":51817590,"category":"academic","building":"university","name":"Humanities Building","owner":"Rice University","_wikiTried":true},"geometry":{"type":"Polygon","coordinates":[[[-95.4000209,29.7176431],[-95.3996961,29.7177711],[-95.399617,29.7176256],[-95.3991954,29.7177884],[-95.3991358,29.7176721],[-95.3996842,29.7174674],[-95.3997108,29.7175132],[-95.3997928,29.7174805],[-95.3997973,29.7174908],[-95.3999157,29.7174456],[-95.3999482,29.7175067],[-95.4000209,29.7176431]]]}},{"type":"Feature","id":51817591,"properties":{"osmId":51817591,"category":"residential","building":"dormitory","building:levels":"4","name":"Will Rice College Old Dorm","nohousenumber":"yes","owner":"Rice University","roof:shape":"hipped","smoking":"no","website":"https://willrice.rice.edu","wheelchair":"no","_wikiTried":true},"geometry":{"type":"Polygon","coordinates":[[[-95.3995571,29.7163985],[-95.3989862,29.7166252],[-95.3989324,29.7165231],[-95.3990784,29.7164651],[-95.399056,29.7164226],[-95.3991628,29.7163802],[-95.3991897,29.7164313],[-95.3995078,29.7163049],[-95.3995571,29.7163985]]]}},{"type":"Feature","id":51817594,"properties":{"osmId":51817594,"category":"residential","building":"dormitory","building:levels":"4","name":"Will Rice College New Dorm","nohousenumber":"yes","owner":"Rice University","roof:shape":"hipped","smoking":"no","website":"https://willrice.rice.edu","wheelchair":"yes","_wikiTried":true},"geometry":{"type":"Polygon","coordinates":[[[-95.3987735,29.7162041],[-95.3987506,29.7161562],[-95.3987011,29.7160527],[-95.3992862,29.7158322],[-95.3993582,29.715976],[-95.3987735,29.7162041]]]}},{"type":"Feature","id":51817595,"properties":{"osmId":51817595,"category":"academic","addr:city":"Houston","addr:housenumber":"6330","addr:postcode":"77005-1890","addr:state":"TX","addr:street":"South Main Street","building":"university","building:levels":"1","name":"Will Rice College Commons","owner":"Rice University","roof:shape":"flat","website":"https://willrice.rice.edu","wheelchair":"yes","_wikiTried":true},"geometry":{"type":"Polygon","coordinates":[[[-95.3988962,29.7165336],[-95.398799,29.7165695],[-95.3987831,29.716537],[-95.3986828,29.7165741],[-95.3985236,29.7162493],[-95.398721,29.7161763],[-95.3988962,29.7165336]]]}},{"type":"Feature","id":51817597,"properties":{"osmId":51817597,"category":"academic","building":"yes","name":"Cohen House","official_name":"Robert and Agnes Cohen House","owner":"Rice University","roof:shape":"flat","_wikiTried":true},"geometry":{"type":"Polygon","coordinates":[[[-95.3974706,29.7179113],[-95.397351,29.7179589],[-95.3973231,29.7179037],[-95.3973058,29.7179103],[-95.3973208,29.7179401],[-95.3972954,29.7179499],[-95.397184,29.7179945],[-95.3971522,29.7179326],[-95.3971163,29.7179475],[-95.3971011,29.7179192],[-95.3970312,29.7179459],[-95.3969771,29.7179666],[-95.3969425,29.7178991],[-95.3969946,29.7178784],[-95.3970676,29.7178495],[-95.3970366,29.7177928],[-95.3968834,29.7178521],[-95.3968434,29.7177737],[-95.3969775,29.717721],[-95.3969881,29.7177425],[-95.3969991,29.7177649],[-95.3973054,29.7176459],[-95.397343,29.7176313],[-95.3973353,29.7176154],[-95.3973434,29.7176117],[-95.397369,29.7175999],[-95.3974054,29.7175854],[-95.3975123,29.717794],[-95.3974306,29.7178267],[-95.3974706,29.7179113]]]}},{"type":"Feature","id":51817601,"properties":{"osmId":51817601,"category":"academic","building":"university","name":"Sewall Hall","owner":"Rice University","roof:shape":"hipped","_wikiTried":true},"geometry":{"type":"Polygon","coordinates":[[[-95.3984651,29.7183639],[-95.3983291,29.7184163],[-95.3978005,29.71862],[-95.397721,29.7184643],[-95.3977724,29.7184445],[-95.3977261,29.7183539],[-95.3976515,29.7183826],[-95.3975709,29.7182248],[-95.3979588,29.7180754],[-95.3980109,29.7181781],[-95.3980408,29.7182353],[-95.3979345,29.7182771],[-95.3979838,29.7183715],[-95.3983878,29.7182126],[-95.3984651,29.7183639]]]}},{"type":"Feature","id":51818051,"properties":{"osmId":51818051,"category":"medical","addr:city":"Houston","addr:housename":"Texas Children's Hospital","addr:housenumber":"6701","addr:postcode":"77030","addr:state":"TX","addr:street":"Fannin Street","building":"hospital","building:levels":"17","name":"Texas Children's Hospital - Clinical Care Center","phone":"+1 832 824 1000","website":"https://www.texaschildrens.org/location/clinical-care-center","_wikiTried":true},"geometry":{"type":"Polygon","coordinates":[[[-95.4024103,29.7071944],[-95.4023761,29.7072465],[-95.4022493,29.7071787],[-95.402135,29.7071751],[-95.4020662,29.707173],[-95.4020667,29.7070304],[-95.4020677,29.7069566],[-95.4020711,29.7067054],[-95.4020729,29.706576],[-95.4023901,29.7065818],[-95.4026515,29.7065865],[-95.4026526,29.7066192],[-95.4026462,29.7066324],[-95.4026824,29.7066541],[-95.4026631,29.7066869],[-95.4026533,29.7067621],[-95.4026276,29.7068472],[-95.4025685,29.706971],[-95.4025224,29.7070677],[-95.4025029,29.7070646],[-95.4024809,29.7071138],[-95.4024353,29.7071591],[-95.4024103,29.7071944]]]}},{"type":"Feature","id":51818052,"properties":{"osmId":51818052,"category":"medical","addr:city":"Houston","addr:housenumber":"1100","addr:postcode":"77030","addr:state":"TX","addr:street":"Bates Avenue","building":"hospital","building:levels":"11","name":"Children's Nutrition Research Center","phone":"+1 713 798 7022","source":"https://www.bcm.edu/departments/pediatrics/sections-divisions-centers/childrens-nutrition-research-center","_wikiTried":true},"geometry":{"type":"Polygon","coordinates":[[[-95.4019216,29.7071371],[-95.4017146,29.7071354],[-95.4017147,29.7070961],[-95.4016855,29.707096],[-95.4016855,29.7071317],[-95.4015234,29.7071321],[-95.4015214,29.7069474],[-95.4015216,29.7069289],[-95.4015595,29.7069292],[-95.4015623,29.7065767],[-95.4015333,29.7065765],[-95.4015338,29.7065236],[-95.4019343,29.7065275],[-95.4019235,29.707029],[-95.4019216,29.7071371]]]}},{"type":"Feature","id":51818053,"properties":{"osmId":51818053,"category":"medical","addr:city":"Houston","addr:housename":"Texas Children's Hospital","addr:housenumber":"1102","addr:postcode":"77030","addr:state":"TX","addr:street":"Bates Avenue","building":"hospital","building:levels":"20","emergency":"no","name":"Texas Children's Hospital - Feigin Center","phone":"+1 832 824 1000","website":"https://www.texaschildrens.org/location/feigin-center","_wikiTried":true},"geometry":{"type":"Polygon","coordinates":[[[-95.4013653,29.7066925],[-95.4013816,29.7067006],[-95.4013768,29.706877],[-95.4013619,29.7068767],[-95.40136,29.7069473],[-95.4013599,29.706964],[-95.401188,29.7069633],[-95.4009703,29.7069619],[-95.4009704,29.7069384],[-95.4007732,29.7069372],[-95.4007753,29.7066792],[-95.4006343,29.7066783],[-95.4006357,29.7065089],[-95.4009903,29.706511],[-95.401013,29.7065287],[-95.4011972,29.7065335],[-95.4011951,29.7065939],[-95.4013685,29.7065984],[-95.4013653,29.7066925]]]}},{"type":"Feature","id":51818057,"properties":{"osmId":51818057,"category":"academic","building":"pavilion","name":"Farnsworth Pavilion","_wikiTried":true},"geometry":{"type":"Polygon","coordinates":[[[-95.4024817,29.7177605],[-95.4024839,29.7177858],[-95.40243,29.7178052],[-95.4024056,29.717778],[-95.4023493,29.7177657],[-95.4023195,29.717706],[-95.4023431,29.717648],[-95.4024088,29.7176221],[-95.4024774,29.7176428],[-95.4025072,29.7176995],[-95.4024817,29.7177605]]]}},{"type":"Feature","id":51818058,"properties":{"osmId":51818058,"category":"academic","alt_name":"Mudd Lab","building":"university","name":"Mudd Computer Science Building","official_name":"Seeley G. Mudd Computer Science Laboratory","owner":"Rice University","_wikiTried":true},"geometry":{"type":"Polygon","coordinates":[[[-95.4013978,29.7205257],[-95.4009965,29.7206709],[-95.4008556,29.7203771],[-95.4012569,29.7202319],[-95.4013978,29.7205257]]]}},{"type":"Feature","id":51818059,"properties":{"osmId":51818059,"category":"academic","building":"university","layer":"1","name":"Keith-Wiess Geological Laboratories","owner":"Rice University","roof:shape":"flat","_wikiTried":true},"geometry":{"type":"Polygon","coordinates":[[[-95.4027902,29.7192747],[-95.4025855,29.7193528],[-95.4025595,29.7193627],[-95.4021889,29.7195041],[-95.4021502,29.7194275],[-95.4020543,29.7194641],[-95.4020097,29.7193758],[-95.4020732,29.7193527],[-95.4023754,29.7192361],[-95.4023536,29.7191931],[-95.4024689,29.7191491],[-95.4024775,29.7191458],[-95.4024903,29.7191712],[-95.4025006,29.7191916],[-95.4025118,29.7191873],[-95.4026832,29.7191218],[-95.4026966,29.7191482],[-95.4027215,29.7191387],[-95.4027902,29.7192747]]]}},{"type":"Feature","id":51818062,"properties":{"osmId":51818062,"category":"academic","building":"university","name":"Dell Butcher Hall","owner":"Rice University","_wikiTried":true},"geometry":{"type":"Polygon","coordinates":[[[-95.4035383,29.7196662],[-95.4030537,29.7198584],[-95.4029397,29.7196416],[-95.4031941,29.7195406],[-95.4032177,29.7195855],[-95.4032728,29.7195636],[-95.4032242,29.7194712],[-95.4032614,29.7194565],[-95.4032553,29.7194449],[-95.4032144,29.7193742],[-95.4030745,29.7193865],[-95.4030157,29.7194098],[-95.4030519,29.719476],[-95.4031592,29.7194487],[-95.4031659,29.7194615],[-95.4030567,29.7194935],[-95.4028623,29.719562],[-95.4027517,29.7193518],[-95.4029034,29.7192916],[-95.4029943,29.7192555],[-95.4029808,29.7192297],[-95.4029475,29.7191664],[-95.4032188,29.7190588],[-95.4033948,29.7193934],[-95.4035383,29.7196662]]]}},{"type":"Feature","id":51821973,"properties":{"osmId":51821973,"category":"academic","addr:city":"Houston","addr:housename":"Alkek Building","addr:housenumber":"2121","addr:postcode":"77030","addr:state":"TX","addr:street":"West Holcombe Boulevard","building":"university","name":"Texas A&M Institute of Biosciences and Technology","_wikiTried":true},"geometry":{"type":"Polygon","coordinates":[[[-95.4074748,29.7059277],[-95.406968,29.7059326],[-95.4069675,29.7058941],[-95.406569,29.705898],[-95.4065668,29.7057268],[-95.4066556,29.7057259],[-95.4066551,29.7056894],[-95.4070423,29.7056856],[-95.4070419,29.7056504],[-95.4075583,29.7056454],[-95.4075586,29.7056747],[-95.4075961,29.7056743],[-95.4075968,29.705727],[-95.4076316,29.7057267],[-95.4076325,29.7057975],[-95.4075909,29.7057979],[-95.4075912,29.7058238],[-95.4075524,29.7058241],[-95.4075529,29.7058599],[-95.4075114,29.7058603],[-95.4075118,29.7058917],[-95.4074743,29.705892],[-95.4074748,29.7059277]]]}},{"type":"Feature","id":55563497,"properties":{"osmId":55563497,"category":"academic","addr:city":"Houston","addr:housenumber":"5101","addr:postcode":"77006","addr:state":"TX","addr:street":"Montrose Boulevard","building":"school","building:levels":"3","name":"The Glassell School of Art","office":"educational_institution","wikidata":"Q27067508","_wikiTried":true},"geometry":{"type":"Polygon","coordinates":[[[-95.3909056,29.72807],[-95.3906193,29.7280719],[-95.3906202,29.7281365],[-95.390621,29.7281964],[-95.3906228,29.7282924],[-95.3905316,29.7282931],[-95.3905333,29.7284565],[-95.3903208,29.7284582],[-95.390319,29.7281995],[-95.3903139,29.7277875],[-95.3903097,29.7273821],[-95.3903089,29.7272999],[-95.3903066,29.7270729],[-95.3903257,29.7270728],[-95.3904051,29.7270722],[-95.3904627,29.7270717],[-95.3904775,29.7270716],[-95.3905136,29.7270713],[-95.3905142,29.7271233],[-95.3905162,29.7273272],[-95.390521,29.7278406],[-95.3909034,29.7278379],[-95.3909056,29.72807]]]}},{"type":"Feature","id":87556917,"properties":{"osmId":87556917,"category":"academic","building":"pavilion","building:levels":"1","name":"Brochstein Pavilion","official_name":"Raymond and Susan Brochstein Pavilion","owner":"Rice University","roof:shape":"flat","_wikiTried":true},"geometry":{"type":"Polygon","coordinates":[[[-95.4010858,29.7178891],[-95.400937,29.7176003],[-95.4005633,29.7177478],[-95.400714,29.7180482],[-95.4010937,29.7179023],[-95.4010858,29.7178891]]]}},{"type":"Feature","id":87557084,"properties":{"osmId":87557084,"category":"academic","building":"university","name":"BioScience Research Collaborative","website":"https://brc.rice.edu/","wikidata":"Q17985914","wikimedia_commons":"File:BioScience_Research_Collaborative.jpg","wikipedia":"en:BioScience Research Collaborative","_wikiTried":true},"geometry":{"type":"Polygon","coordinates":[[[-95.4020701,29.711714],[-95.4026939,29.7109295],[-95.4022533,29.710664],[-95.4020117,29.7105185],[-95.401348,29.7113471],[-95.4015985,29.7114955],[-95.4018355,29.7111943],[-95.4018442,29.7111999],[-95.4018415,29.7112378],[-95.4018612,29.711277],[-95.4018953,29.711306],[-95.4019436,29.711323],[-95.4020007,29.7113227],[-95.4020518,29.7113061],[-95.4020916,29.7112859],[-95.4021177,29.7113055],[-95.4019593,29.7115057],[-95.4020701,29.711714]]]}},{"type":"Feature","id":154241612,"properties":{"osmId":154241612,"category":"medical","building":"hospital","height":"65","name":"MD Anderson Mitchell Building (BSRB)","_wikiTried":true},"geometry":{"type":"Polygon","coordinates":[[[-95.3987263,29.7087446],[-95.3980786,29.7087329],[-95.3980792,29.7087542],[-95.3978131,29.7087492],[-95.3978082,29.7088589],[-95.3975345,29.7088472],[-95.3972664,29.7088356],[-95.3971678,29.7089677],[-95.3974872,29.7091547],[-95.3975214,29.7091746],[-95.3985264,29.709185],[-95.3985305,29.7091255],[-95.3986179,29.7091272],[-95.3986195,29.7090576],[-95.3986553,29.7090576],[-95.3986663,29.7090183],[-95.3986891,29.7089964],[-95.3987109,29.708972],[-95.3987241,29.7089293],[-95.3987263,29.7087446]]]}},{"type":"Feature","id":158286525,"properties":{"osmId":158286525,"category":"dining","amenity":"food_court","building":"yes","building:levels":"1","name":"Seibel Servery","official_name":"Abe and Annie Seibel Servery","opening_hours":"Mo-Fr 07:30-10:30,11:00-14:00,17:00-19:30; Sa,Su 08:00-10:30,11:00-14:00,17:00-19:30","roof:shape":"hipped","wheelchair":"yes","wikimedia_commons":"File:Abe_and_Annie_Seibel_Servery.jpg","_wikiTried":true},"geometry":{"type":"Polygon","coordinates":[[[-95.3985158,29.7158481],[-95.3984468,29.7158754],[-95.3983853,29.71575],[-95.3981995,29.715822],[-95.398307,29.7160273],[-95.3983956,29.7162002],[-95.3986469,29.7161026],[-95.3986307,29.7160705],[-95.3985158,29.7158481]]]}},{"type":"Feature","id":207525185,"properties":{"osmId":207525185,"category":"dining","amenity":"food_court","building":"yes","name":"South Servery","owner":"Rice University","source":"USGS Geonames","_wikiTried":true},"geometry":{"type":"Polygon","coordinates":[[[-95.401097,29.7152353],[-95.4011782,29.7153842],[-95.4011316,29.7154033],[-95.4012378,29.7155979],[-95.4009355,29.7157223],[-95.4009077,29.7156713],[-95.4006104,29.7157937],[-95.4004737,29.7155353],[-95.4007663,29.7154184],[-95.4006934,29.7152847],[-95.4005754,29.7151636],[-95.4007953,29.7151333],[-95.400925,29.715058],[-95.4009536,29.7151776],[-95.4009608,29.7151747],[-95.4010458,29.7151402],[-95.401097,29.7152353]]]}},{"type":"Feature","id":207815845,"properties":{"osmId":207815845,"category":"medical","addr:city":"Houston","addr:housenumber":"6441","addr:postcode":"77030","addr:state":"TX","addr:street":"Main Street","amenity":"hospital","beds":"105","building":"hospital","emergency":"no","gnis:feature_id":"2471192","healthcare":"hospital","height":"29","name":"Kindred Hospital Houston Medical Center","operator":"Kindred Healthcare","operator:wikidata":"Q921363","phone":"+1 713 790 0500","source":"Bing","website":"https://www.kindredhealthcare.com/locations/transitional-care-hospitals/kindred-hospital-houston-medical-center","_wikiTried":true},"geometry":{"type":"Polygon","coordinates":[[[-95.3992664,29.7132353],[-95.3994476,29.7130072],[-95.3989186,29.7126905],[-95.3988732,29.7127477],[-95.3987376,29.7129186],[-95.3992664,29.7132353]]]}},{"type":"Feature","id":220549846,"properties":{"osmId":220549846,"category":"medical","addr:city":"Houston","addr:housenumber":"6411","addr:state":"TX","addr:street":"Fannin Street","building":"hospital","name":"Texas Medical Center Heart & Vascular Institute","_wikiTried":true},"geometry":{"type":"Polygon","coordinates":[[[-95.3968063,29.714507],[-95.3965193,29.7148696],[-95.3964769,29.7149245],[-95.3964031,29.7149358],[-95.396341,29.7148968],[-95.3963325,29.7148465],[-95.3962858,29.7148518],[-95.3962321,29.7148635],[-95.3961803,29.7148875],[-95.3961398,29.7149138],[-95.3961166,29.7149371],[-95.3961052,29.714949],[-95.395832,29.7147888],[-95.3957966,29.7147669],[-95.3957229,29.7147214],[-95.3956915,29.7147032],[-95.3955383,29.7146104],[-95.3955613,29.7145806],[-95.3956116,29.7145169],[-95.3956534,29.7144607],[-95.3958102,29.714556],[-95.3958493,29.7145801],[-95.3958847,29.714603],[-95.3958964,29.71461],[-95.3960836,29.7145774],[-95.3963691,29.7145302],[-95.396556,29.7145054],[-95.3966543,29.7143821],[-95.3967512,29.714441],[-95.396769,29.7144518],[-95.3967518,29.7144738],[-95.3968063,29.714507]]]}},{"type":"Feature","id":221391703,"properties":{"osmId":221391703,"category":"medical","addr:city":"Houston","addr:housenumber":"6445","addr:postcode":"77030","addr:state":"TX","addr:street":"Main Street","building":"hospital","layer":"1","name":"Houston Methodist - Outpatient Center","_wikiTried":true},"geometry":{"type":"Polygon","coordinates":[[[-95.3996109,29.7116418],[-95.399644,29.711661],[-95.3996806,29.7116148],[-95.3997104,29.7115772],[-95.3997695,29.711612],[-95.3999477,29.7117168],[-95.3999046,29.7117727],[-95.3999433,29.7117951],[-95.3999213,29.7118259],[-95.3999364,29.7118352],[-95.399595,29.712268],[-95.3998821,29.7124411],[-95.3999151,29.712461],[-95.399798,29.7126075],[-95.3997276,29.7126954],[-95.399564,29.7129075],[-95.3989305,29.7125215],[-95.3989807,29.7124572],[-95.3990956,29.7123098],[-95.3991664,29.7122195],[-95.3995581,29.7117105],[-95.3996109,29.7116418]]]}},{"type":"Feature","id":229204474,"properties":{"osmId":229204474,"category":"library","addr:city":"Houston","addr:housenumber":"5300","addr:postcode":"77004","addr:state":"TX","addr:street":"Caroline Street","amenity":"library","building":"civic","check_date":"2022-07-21","ele":"15","gnis:feature_id":"2470881","name":"Family History Research Center at the Clayton Library Campus","operator":"Houston Public Library","operator:short":"HPL","operator:type":"government","operator:wikidata":"Q1647690","phone":"+1 832-393-2600","source":"USGS Geonames","website":"https://houstonlibrary.org/fhrc","wikidata":"Q107317758","_wikiTried":true},"geometry":{"type":"Polygon","coordinates":[[[-95.3867729,29.7257872],[-95.3865484,29.7256458],[-95.3865247,29.7256742],[-95.3862828,29.7255219],[-95.3864575,29.7253126],[-95.3869239,29.7256063],[-95.3867729,29.7257872]]]}},{"type":"Feature","id":231657993,"properties":{"osmId":231657993,"category":"medical","addr:city":"Houston","addr:housenumber":"6565","addr:postcode":"77030","addr:state":"TX","addr:street":"Fannin Street","building":"hospital","height":"51","name":"Houston Methodist - Jones Tower","phone":"+1 713 790 3333","_wikiTried":true},"geometry":{"type":"Polygon","coordinates":[[[-95.3994111,29.7112053],[-95.3989574,29.7109325],[-95.3984352,29.7115925],[-95.3987457,29.7117745],[-95.3988985,29.7115862],[-95.3988673,29.7115649],[-95.398901,29.7115233],[-95.3989293,29.71154],[-95.3990806,29.7116332],[-95.3994111,29.7112053]]]}},{"type":"Feature","id":231660744,"properties":{"osmId":231660744,"category":"medical","addr:city":"Houston","addr:housenumber":"6670","addr:postcode":"77030","addr:state":"TX","addr:street":"Bertner Avenue","building":"hospital","height":"64","name":"Houston Methodist Research Institute","_wikiTried":true},"geometry":{"type":"Polygon","coordinates":[[[-95.3986917,29.709654],[-95.3988795,29.709529],[-95.3989529,29.7094775],[-95.3990209,29.7094259],[-95.3990873,29.7093589],[-95.3991465,29.7092875],[-95.3991969,29.709202],[-95.3992273,29.7091386],[-95.3992486,29.7090539],[-95.3992764,29.708961],[-95.3993583,29.7090087],[-95.3993515,29.7090436],[-95.3993945,29.7090669],[-95.3994495,29.7089833],[-95.3996073,29.7090729],[-95.3996611,29.7091022],[-95.3996295,29.7091467],[-95.3995301,29.7092836],[-95.3990919,29.7098366],[-95.3989339,29.7097421],[-95.3988828,29.7097158],[-95.3989063,29.7096587],[-95.3988734,29.7096278],[-95.3987668,29.7097006],[-95.3986917,29.709654]]]}},{"type":"Feature","id":239095033,"properties":{"osmId":239095033,"category":"residential","building":"dormitory","building:levels":"0","name":"Old Sid Richardson College","roof:shape":"flat","website":"http://sidrichardson.net/","_wikiTried":true},"geometry":{"type":"Polygon","coordinates":[[[-95.3992183,29.7151944],[-95.399076,29.7149215],[-95.3989406,29.7149747],[-95.3989893,29.7150682],[-95.3988877,29.7151081],[-95.3988648,29.715064],[-95.3986583,29.7151452],[-95.3987427,29.7153072],[-95.3989634,29.7152205],[-95.3989373,29.7151703],[-95.3990072,29.7151428],[-95.3990654,29.7152545],[-95.3992183,29.7151944]]]}},{"type":"Feature","id":255462060,"properties":{"osmId":255462060,"category":"residential","addr:city":"Houston","addr:housenumber":"6310","addr:postcode":"77005","addr:state":"TX","addr:street":"Main Street","building":"dormitory","name":"Lovett College","official_name":"Edgar Odell Lovett College","roof:shape":"flat","website":"https://lovettcollege.github.io/lovettcollege/","_wikiTried":true},"geometry":{"type":"Polygon","coordinates":[[[-95.3982421,29.7167255],[-95.3980805,29.7167905],[-95.3978625,29.7163815],[-95.3980241,29.7163165],[-95.3982421,29.7167255]]]}},{"type":"Feature","id":255462061,"properties":{"osmId":255462061,"category":"academic","building":"yes","name":"Lovett College Commons","owner":"Rice University","_wikiTried":true},"geometry":{"type":"Polygon","coordinates":[[[-95.3983956,29.7162002],[-95.398048,29.7163309],[-95.3980272,29.7163018],[-95.3978553,29.7163685],[-95.3977827,29.7162304],[-95.3979812,29.7161532],[-95.398307,29.7160273],[-95.3983956,29.7162002]]]}},{"type":"Feature","id":255462067,"properties":{"osmId":255462067,"category":"academic","building":"university","email":"ricerec@rice.edu","leisure":"fitness_centre","name":"Gibbs Recreation and Wellness Center","official_name":"Barbara and David Gibbs Recreation and Wellness Center","owner":"Rice University","phone":"+1 713-348-4058","website":"https://recreation.rice.edu/","_wikiTried":true},"geometry":{"type":"Polygon","coordinates":[[[-95.4044131,29.7183101],[-95.404296,29.7183574],[-95.4042676,29.7183044],[-95.4039833,29.7184191],[-95.4040116,29.7184719],[-95.4036319,29.7186251],[-95.4035786,29.7185254],[-95.4035025,29.7185561],[-95.4035305,29.7186085],[-95.403402,29.7186603],[-95.4031785,29.7182428],[-95.4034009,29.718153],[-95.403302,29.7179684],[-95.4040524,29.7176654],[-95.4040779,29.717713],[-95.4041621,29.7178703],[-95.4037357,29.7180425],[-95.4038644,29.718283],[-95.4041605,29.7181635],[-95.4041433,29.7181313],[-95.4042617,29.7180836],[-95.4043485,29.7182456],[-95.4043738,29.7182354],[-95.404385,29.7182563],[-95.4044131,29.7183101]]]}},{"type":"Feature","id":255462070,"properties":{"osmId":255462070,"category":"academic","building":"university","layer":"1","name":"Space Science and Technology Building","owner":"Rice University","roof:shape":"flat","_wikiTried":true},"geometry":{"type":"Polygon","coordinates":[[[-95.4029434,29.7198867],[-95.4028387,29.7199284],[-95.4024353,29.7200892],[-95.4023948,29.7200156],[-95.4023543,29.7200295],[-95.4022905,29.719909],[-95.402331,29.719892],[-95.4022868,29.7198067],[-95.4026974,29.7196422],[-95.4027974,29.7196021],[-95.402807,29.7196206],[-95.4028416,29.7196873],[-95.4029177,29.7196554],[-95.4029839,29.719779],[-95.4029042,29.7198099],[-95.4029434,29.7198867]]]}},{"type":"Feature","id":255462075,"properties":{"osmId":255462075,"category":"residential","building":"dormitory","layer":"1","name":"McMurtry College","official_name":"Burton and Deedee McMurtry College","owner":"Rice University","website":"https://mcmurtry.rice.edu/","_wikiTried":true},"geometry":{"type":"Polygon","coordinates":[[[-95.3982781,29.7206907],[-95.3980671,29.7207752],[-95.3980626,29.7207663],[-95.398008,29.7206577],[-95.3980852,29.7206271],[-95.3979474,29.7203608],[-95.3975901,29.7204997],[-95.3977251,29.7207693],[-95.3978032,29.7207386],[-95.3978597,29.7208458],[-95.3978655,29.7208569],[-95.3976536,29.720938],[-95.3976471,29.7209253],[-95.397632,29.7208961],[-95.397395,29.7204369],[-95.3974133,29.7204297],[-95.3980084,29.7201965],[-95.3980212,29.7201915],[-95.3980324,29.7202132],[-95.3982726,29.72068],[-95.3982781,29.7206907]]]}},{"type":"Feature","id":255462076,"properties":{"osmId":255462076,"category":"academic","building":"university","leisure":"fitness_centre","name":"John L. Cox Fitness Center","_wikiTried":true},"geometry":{"type":"Polygon","coordinates":[[[-95.4090251,29.7153193],[-95.4090247,29.7153375],[-95.4088173,29.7153379],[-95.4086921,29.7150452],[-95.4087954,29.7150419],[-95.4087961,29.7150697],[-95.4090068,29.7151343],[-95.4090059,29.7151106],[-95.4090302,29.7151103],[-95.4090544,29.7151101],[-95.4090556,29.7151594],[-95.4090496,29.7151594],[-95.4090505,29.7153193],[-95.4090251,29.7153193]]]}},{"type":"Feature","id":255462085,"properties":{"osmId":255462085,"category":"academic","alt_name":"RUPD","building":"university","name":"Rice University Police Department","operator":"Rice University","phone":"+1 713-348-6000","police":"private_security","website":"https://rupd.rice.edu/","_wikiTried":true},"geometry":{"type":"Polygon","coordinates":[[[-95.4072254,29.7140122],[-95.4067383,29.7138511],[-95.406829,29.7136419],[-95.4073141,29.7138048],[-95.4072254,29.7140122]]]}},{"type":"Feature","id":255462089,"properties":{"osmId":255462089,"category":"academic","building":"university","name":"South Plant","roof:shape":"flat","_wikiTried":true},"geometry":{"type":"Polygon","coordinates":[[[-95.4001272,29.7141802],[-95.3999777,29.7142413],[-95.3999436,29.7141784],[-95.3996725,29.7142892],[-95.3996751,29.7143118],[-95.3994954,29.7143852],[-95.3994152,29.7142371],[-95.3994088,29.7142253],[-95.3993993,29.7142078],[-95.4000075,29.7139593],[-95.4000963,29.7141231],[-95.4001272,29.7141802]]]}},{"type":"Feature","id":255487586,"properties":{"osmId":255487586,"category":"academic","building":"greenhouse"},"geometry":{"type":"Polygon","coordinates":[[[-95.4030783,29.7188868],[-95.4029401,29.7189423],[-95.4028168,29.7187109],[-95.402955,29.7186554],[-95.4030783,29.7188868]]]}},{"type":"Feature","id":255487588,"properties":{"osmId":255487588,"category":"residential","building":"house","name":"Martel College Magisters House","_wikiTried":true},"geometry":{"type":"Polygon","coordinates":[[[-95.3980638,29.7224162],[-95.3980883,29.7224119],[-95.3980976,29.7224103],[-95.3981099,29.7224081],[-95.3981522,29.7224008],[-95.3982089,29.7223909],[-95.3982967,29.7223755],[-95.3983066,29.7223738],[-95.3983119,29.7223966],[-95.3983238,29.7223945],[-95.3983959,29.722382],[-95.3984102,29.7224437],[-95.3983304,29.7224576],[-95.398338,29.7224905],[-95.398091,29.7225336],[-95.3980638,29.7224162]]]}},{"type":"Feature","id":255487599,"properties":{"osmId":255487599,"category":"residential","building":"house","name":"Will Rice College Magisters House","_wikiTried":true},"geometry":{"type":"Polygon","coordinates":[[[-95.3996929,29.7169122],[-95.3998377,29.7168555],[-95.3997919,29.7167651],[-95.3997364,29.7166641],[-95.3996527,29.7167033],[-95.3996258,29.7167148],[-95.3996002,29.7167253],[-95.3996433,29.7168069],[-95.3996929,29.7169122]]]}},{"type":"Feature","id":255487600,"properties":{"osmId":255487600,"category":"academic","alt_name":"Wiess Magisters’ House","building":"university","name":"Wilson House","roof:shape":"flat","_wikiTried":true},"geometry":{"type":"Polygon","coordinates":[[[-95.3997199,29.7147833],[-95.3998143,29.7147468],[-95.3998394,29.7147927],[-95.4000059,29.7147255],[-95.3999839,29.7146833],[-95.3998712,29.7147194],[-95.3998449,29.7146637],[-95.3996882,29.7147255],[-95.3997199,29.7147833]]]}},{"type":"Feature","id":255487603,"properties":{"osmId":255487603,"category":"academic","building":"university","building:levels":"2","email":"diversity@rice.edu","name":"MultiCultural Center","noaddress":"yes","phone":"+1 713-348-5688","website":"https://diversity.rice.edu/multicultural-center","_wikiTried":true},"geometry":{"type":"Polygon","coordinates":[[[-95.4005839,29.7167871],[-95.4003833,29.7168719],[-95.4002884,29.7167028],[-95.4003639,29.7166709],[-95.4004121,29.7167567],[-95.4005372,29.7167038],[-95.4005839,29.7167871]]]}},{"type":"Feature","id":255487605,"properties":{"osmId":255487605,"category":"academic","building":"university","name":"Suzanne Deal Booth Centennial Pavilion","roof:shape":"flat","_wikiTried":true},"geometry":{"type":"Polygon","coordinates":[[[-95.4042074,29.7166139],[-95.4041694,29.7165418],[-95.4041598,29.7165235],[-95.4041501,29.7165049],[-95.4041104,29.7164288],[-95.40432,29.7163464],[-95.4043588,29.7164208],[-95.4043689,29.7164401],[-95.4043775,29.7164565],[-95.4044166,29.7165307],[-95.4042074,29.7166139]]]}},{"type":"Feature","id":255487606,"properties":{"osmId":255487606,"category":"residential","building":"house","name":"Wiess President's House","_wikiTried":true},"geometry":{"type":"Polygon","coordinates":[[[-95.3940702,29.7213256],[-95.3941114,29.7212731],[-95.3939968,29.7212052],[-95.3939888,29.7212153],[-95.3939292,29.7211801],[-95.3939039,29.7212123],[-95.3938762,29.7211959],[-95.3937188,29.7213963],[-95.3937744,29.7214292],[-95.3937484,29.7214623],[-95.393942,29.7215759],[-95.3938908,29.7216363],[-95.3939531,29.7216753],[-95.3940743,29.721521],[-95.3938628,29.7213957],[-95.393903,29.7213445],[-95.3939333,29.7213624],[-95.3939965,29.721282],[-95.3940702,29.7213256]]]}},{"type":"Feature","id":255487607,"properties":{"osmId":255487607,"category":"academic","building":"yes","healthcare":"yes","name":"Rice Student Health and Wellness Center","official_name":"Morton L. Rich Student Health and Wellness Center","roof:shape":"flat","_wikiTried":true},"geometry":{"type":"Polygon","coordinates":[[[-95.3956527,29.7213903],[-95.3956444,29.7213894],[-95.395483,29.7213707],[-95.3954415,29.7213659],[-95.3954595,29.7212491],[-95.3953934,29.7212415],[-95.3953917,29.7212522],[-95.3953426,29.7212466],[-95.3953521,29.7211847],[-95.3954033,29.7211906],[-95.3954011,29.7212052],[-95.3954651,29.7212126],[-95.3954817,29.7211039],[-95.3955232,29.7211087],[-95.3955995,29.7211175],[-95.3956045,29.7210849],[-95.3955282,29.7210761],[-95.3953158,29.7210515],[-95.3953205,29.7210206],[-95.3953368,29.7209142],[-95.3957562,29.7209627],[-95.3957339,29.7211081],[-95.3956973,29.7211039],[-95.3956505,29.7210984],[-95.395647,29.7211211],[-95.3956937,29.7211266],[-95.3956527,29.7213903]]]}},{"type":"Feature","id":255487610,"properties":{"osmId":255487610,"category":"residential","building":"dormitory","name":"Brown College","official_name":"Margarett Root Brown College","roof:shape":"flat","website":"https://www.browncollege.org/","_wikiTried":true},"geometry":{"type":"Polygon","coordinates":[[[-95.3964057,29.7213304],[-95.3963446,29.7217707],[-95.3961903,29.7217546],[-95.3961993,29.7216896],[-95.3961788,29.7216875],[-95.3961559,29.7216981],[-95.3961315,29.7216941],[-95.3961147,29.7216769],[-95.3960781,29.7217335],[-95.39559,29.7214951],[-95.3956486,29.7214046],[-95.3957234,29.7214437],[-95.3961284,29.7216464],[-95.3961574,29.7216411],[-95.3961773,29.7216464],[-95.3961826,29.7216563],[-95.3961879,29.7216663],[-95.3962002,29.7216649],[-95.3962526,29.7213105],[-95.3964057,29.7213304]]]}},{"type":"Feature","id":255487611,"properties":{"osmId":255487611,"category":"dining","addr:state":"TX","amenity":"food_court","building":"yes","ele":"15","gnis:feature_id":"2471007","name":"North Servery","roof:shape":"flat","source":"USGS Geonames","_wikiTried":true},"geometry":{"type":"Polygon","coordinates":[[[-95.3965645,29.7211554],[-95.3969269,29.7211977],[-95.3971594,29.7212271],[-95.3971411,29.7213418],[-95.3969712,29.7213213],[-95.396981,29.7213373],[-95.3969834,29.7213553],[-95.3969712,29.7213691],[-95.3969736,29.7213787],[-95.3969546,29.7214912],[-95.3969524,29.7215042],[-95.397008,29.7215113],[-95.3970367,29.7215149],[-95.397029,29.7215603],[-95.3969671,29.7215524],[-95.396948,29.7215499],[-95.3969272,29.7216727],[-95.3969125,29.7216737],[-95.3969259,29.7216792],[-95.3969318,29.7216878],[-95.3969329,29.7216987],[-95.3969267,29.7217079],[-95.3969174,29.7217141],[-95.3969067,29.7217177],[-95.3968947,29.7217168],[-95.3968812,29.7217081],[-95.3968711,29.721725],[-95.3968358,29.7218539],[-95.3968319,29.7218828],[-95.3968319,29.7219306],[-95.3972205,29.7219741],[-95.3972205,29.721989],[-95.3972291,29.7219943],[-95.3972628,29.721971],[-95.3972706,29.7219656],[-95.3973073,29.7219529],[-95.3973403,29.7219486],[-95.3973892,29.721954],[-95.3974332,29.721972],[-95.3974591,29.7220009],[-95.3974637,29.722006],[-95.3974728,29.722023],[-95.3974848,29.7220454],[-95.397487,29.7220495],[-95.3974919,29.7220941],[-95.3974711,29.7221323],[-95.3974482,29.7221619],[-95.397419,29.7221822],[-95.3973916,29.7221313],[-95.3973626,29.722104],[-95.3973399,29.7221075],[-95.3973102,29.7221014],[-95.3972943,29.7220843],[-95.3972349,29.7220783],[-95.3972107,29.7220758],[-95.3972003,29.7220748],[-95.3971963,29.7221255],[-95.3971823,29.7221239],[-95.3968033,29.72208],[-95.3968007,29.7220947],[-95.3966906,29.7220852],[-95.396695,29.7220474],[-95.3964937,29.72196],[-95.3963552,29.7218998],[-95.3963884,29.7216772],[-95.3964592,29.7216852],[-95.3966351,29.7217052],[-95.3966571,29.7217077],[-95.3966766,29.7217151],[-95.3966819,29.7216782],[-95.396687,29.7216431],[-95.3966671,29.7216409],[-95.3966925,29.7214629],[-95.3967096,29.7213436],[-95.3969359,29.7213722],[-95.3969272,29.72135],[-95.3969296,29.7213373],[-95.3969394,29.7213277],[-95.3969467,29.7213171],[-95.396703,29.7212877],[-95.3965463,29.7212688],[-95.3965645,29.7211554]]]}},{"type":"Feature","id":255487612,"properties":{"osmId":255487612,"category":"residential","building":"dormitory","name":"Martel College","official_name":"Marian Fox and Speros P. Martel College","roof:shape":"flat","website":"http://www.martel.rice.edu/","_wikiTried":true},"geometry":{"type":"Polygon","coordinates":[[[-95.3975432,29.7216693],[-95.3976725,29.7216852],[-95.3977167,29.7216907],[-95.3977721,29.7216975],[-95.3978927,29.7217124],[-95.3978824,29.7217751],[-95.3978794,29.7217932],[-95.3978557,29.7217903],[-95.3978593,29.7218003],[-95.3978593,29.7218141],[-95.3978528,29.7218242],[-95.3978579,29.7218292],[-95.397926,29.721802],[-95.3979375,29.7218238],[-95.39796,29.7218148],[-95.3979857,29.721865],[-95.3979641,29.7218736],[-95.3979804,29.7219044],[-95.3980015,29.721896],[-95.3980329,29.7219572],[-95.3980123,29.7219655],[-95.3980259,29.7219913],[-95.3980462,29.7219832],[-95.3980519,29.7219943],[-95.3980645,29.7220187],[-95.3980773,29.7220438],[-95.3980573,29.7220517],[-95.3980725,29.7220804],[-95.3980921,29.7220726],[-95.3981148,29.722117],[-95.3980976,29.7221239],[-95.398112,29.7221514],[-95.398129,29.7221447],[-95.3981573,29.7222],[-95.3981423,29.7222058],[-95.3981612,29.7222427],[-95.3980861,29.7222733],[-95.3980807,29.722263],[-95.3975434,29.7224756],[-95.3975489,29.7224862],[-95.3974665,29.7225189],[-95.397447,29.7224819],[-95.3974323,29.7224877],[-95.3974025,29.7224314],[-95.3974246,29.7224226],[-95.3974065,29.7223885],[-95.3973848,29.7223972],[-95.3973571,29.7223451],[-95.397377,29.7223371],[-95.3973613,29.7223077],[-95.3973416,29.7223156],[-95.3973091,29.7222548],[-95.3973287,29.7222469],[-95.3973151,29.7222216],[-95.3972944,29.72223],[-95.3972606,29.7221672],[-95.3972817,29.7221587],[-95.3972743,29.7221448],[-95.397354,29.7221124],[-95.3973691,29.7221405],[-95.3973916,29.7221313],[-95.397419,29.7221822],[-95.3975133,29.7223625],[-95.3979982,29.7221713],[-95.3978588,29.7219049],[-95.397848,29.7218842],[-95.3978196,29.7218298],[-95.3976731,29.7218117],[-95.3975529,29.7217969],[-95.3975566,29.7217741],[-95.3975585,29.7217627],[-95.3975285,29.721759],[-95.3975293,29.7217543],[-95.3975432,29.7216693]]]}},{"type":"Feature","id":255487613,"properties":{"osmId":255487613,"category":"residential","building":"dormitory","name":"Jones College","official_name":"Mary Gibbs Jones College","roof:shape":"flat","website":"https://jones.rice.edu/","_wikiTried":true},"geometry":{"type":"Polygon","coordinates":[[[-95.3974483,29.7219034],[-95.3972524,29.7218807],[-95.3968603,29.7218352],[-95.3968798,29.7217227],[-95.3974683,29.7217932],[-95.3974551,29.7218657],[-95.3974483,29.7219034]]]}},{"type":"Feature","id":257519459,"properties":{"osmId":257519459,"category":"residential","building":"house","name":"Hanszen College Magisters House","_wikiTried":true},"geometry":{"type":"Polygon","coordinates":[[[-95.3998518,29.7152531],[-95.3997321,29.7153006],[-95.3995939,29.7153554],[-95.3995106,29.715197],[-95.3996884,29.7151264],[-95.3997287,29.7152031],[-95.3998088,29.7151713],[-95.3998518,29.7152531]]]}},{"type":"Feature","id":294856630,"properties":{"osmId":294856630,"category":"academic","building":"university","building:levels":"2","name":"Anderson-Clarke Center","official_name":"D. Kent and Linda C. Anderson and Robert L. and Jean T. Clarke Center","_wikiTried":true},"geometry":{"type":"Polygon","coordinates":[[[-95.4068505,29.7147964],[-95.4066114,29.7147157],[-95.4065923,29.7147093],[-95.4066129,29.7146628],[-95.4066356,29.7146113],[-95.406846,29.7141352],[-95.4067453,29.7141018],[-95.4067016,29.7142073],[-95.4063928,29.7141051],[-95.4064698,29.7139245],[-95.4071375,29.714147],[-95.4068505,29.7147964]]]}},{"type":"Feature","id":297225521,"properties":{"osmId":297225521,"category":"medical","addr:city":"Houston","addr:housenumber":"1905","addr:postcode":"77030","addr:state":"TX","addr:street":"Holcombe Boulevard","building":"hospital","name":"Houston Hospice","_wikiTried":true},"geometry":{"type":"Polygon","coordinates":[[[-95.3920915,29.7066661],[-95.3920867,29.7065953],[-95.3921627,29.7065931],[-95.3921449,29.7063347],[-95.3919843,29.7063397],[-95.3919775,29.7062516],[-95.3920719,29.7062472],[-95.3920684,29.7061636],[-95.3919621,29.7061672],[-95.3919604,29.7061359],[-95.3918752,29.7061394],[-95.3918706,29.7060894],[-95.3917728,29.7060919],[-95.3917904,29.7062214],[-95.3917113,29.7062252],[-95.3917046,29.7061754],[-95.3915967,29.7061816],[-95.3916165,29.706293],[-95.3915861,29.7062951],[-95.391579,29.7062426],[-95.3915392,29.7062443],[-95.3915287,29.7062149],[-95.3912379,29.706239],[-95.3912585,29.7063606],[-95.3917424,29.7063086],[-95.3917441,29.7063267],[-95.3917839,29.7063217],[-95.3918086,29.706561],[-95.3917876,29.7065627],[-95.3917995,29.7066779],[-95.3920915,29.7066661]]]}},{"type":"Feature","id":297225858,"properties":{"osmId":297225858,"category":"medical","addr:city":"Houston","addr:housenumber":"1907","addr:postcode":"77030","addr:state":"TX","addr:street":"Holcombe Boulevard","building":"hospital","name":"Ronald McDonald House of Houston","_wikiTried":true},"geometry":{"type":"Polygon","coordinates":[[[-95.3906932,29.7068577],[-95.3907976,29.706835],[-95.3907835,29.7067853],[-95.3909907,29.7067336],[-95.39086,29.7062981],[-95.3903871,29.7064103],[-95.39044,29.7065905],[-95.3905304,29.706573],[-95.390551,29.7066607],[-95.3906387,29.7066431],[-95.3906615,29.7067235],[-95.3907536,29.7067033],[-95.3907727,29.706752],[-95.3906726,29.7067757],[-95.3906932,29.7068577]]]}},{"type":"Feature","id":419681863,"properties":{"osmId":419681863,"category":"medical","building":"hospital"},"geometry":{"type":"Polygon","coordinates":[[[-95.3967225,29.7071078],[-95.3967252,29.7069413],[-95.3966286,29.7069389],[-95.3965843,29.7069611],[-95.396583,29.7070368],[-95.3965629,29.7070461],[-95.3965602,29.7071055],[-95.3967225,29.7071078]]]}},{"type":"Feature","id":419683662,"properties":{"osmId":419683662,"category":"medical","building":"hospital","height":"7"},"geometry":{"type":"Polygon","coordinates":[[[-95.3962712,29.7076524],[-95.3962712,29.7074998],[-95.396184,29.7074998],[-95.396176,29.7074928],[-95.3958996,29.7074881],[-95.3958959,29.7076534],[-95.3961773,29.7076582],[-95.3961867,29.7076524],[-95.3962712,29.7076524]]]}},{"type":"Feature","id":419880475,"properties":{"osmId":419880475,"category":"medical","addr:city":"Houston","addr:housenumber":"6560","addr:postcode":"77030","addr:state":"TX","addr:street":"Fannin Street","building":"hospital","height":"22","name":"Houston Methodist - Scurlock Tower","_wikiTried":true},"geometry":{"type":"Polygon","coordinates":[[[-95.4005248,29.7110995],[-95.4004178,29.7110357],[-95.4001988,29.710905],[-95.4003332,29.7107372],[-95.4005518,29.7104642],[-95.4006323,29.7105119],[-95.4007098,29.7104112],[-95.4007531,29.710356],[-95.4009034,29.7104467],[-95.4010075,29.7105096],[-95.4009656,29.7105609],[-95.4008839,29.7106608],[-95.4005489,29.7110702],[-95.4005248,29.7110995]]]}},{"type":"Feature","id":419880476,"properties":{"osmId":419880476,"category":"medical","addr:city":"Houston","addr:housenumber":"6550","addr:postcode":"77030","addr:state":"TX","addr:street":"Fannin Street","building":"hospital","height":"112","name":"Houston Methodist - Smith Tower","_wikiTried":true},"geometry":{"type":"Polygon","coordinates":[[[-95.3997104,29.7115772],[-95.3998468,29.7114024],[-95.4000906,29.7110897],[-95.4001312,29.7111136],[-95.4002884,29.711206],[-95.400334,29.7112329],[-95.4002777,29.7113051],[-95.4003617,29.7113526],[-95.4000949,29.7116947],[-95.4000064,29.7116415],[-95.3999477,29.7117168],[-95.3997695,29.711612],[-95.3997104,29.7115772]]]}},{"type":"Feature","id":419880477,"properties":{"osmId":419880477,"category":"medical","addr:city":"Houston","addr:housenumber":"6447","addr:postcode":"77030","addr:state":"TX","addr:street":"Main Street","building":"hospital","building:levels":"11","height":"42","name":"Houston Methodist - West Pavillion","phone":"+1 713 790 3311","_wikiTried":true},"geometry":{"type":"Polygon","coordinates":[[[-95.3998821,29.7124411],[-95.3999067,29.7124085],[-95.3999349,29.7124283],[-95.4002521,29.7120315],[-95.3999707,29.7118566],[-95.3999364,29.7118352],[-95.399595,29.712268],[-95.3998821,29.7124411]]]}},{"type":"Feature","id":419884167,"properties":{"osmId":419884167,"category":"medical","addr:city":"Houston","addr:housenumber":"6565","addr:postcode":"77030","addr:state":"TX","addr:street":"Fannin Street","building":"hospital","building:levels":"12","height":"45","name":"Houston Methodist - Dunn Tower","_wikiTried":true},"geometry":{"type":"Polygon","coordinates":[[[-95.3984302,29.7098949],[-95.3989747,29.7102143],[-95.3988991,29.7103115],[-95.3992603,29.7105233],[-95.3992846,29.710492],[-95.3997618,29.7107719],[-95.399915,29.7105748],[-95.3998514,29.7105375],[-95.3994547,29.7102983],[-95.3995253,29.7102099],[-95.3988237,29.7097867],[-95.3987006,29.7097108],[-95.3984302,29.7098949]]]}},{"type":"Feature","id":425207266,"properties":{"osmId":425207266,"category":"religious","addr:city":"Houston","addr:housenumber":"4910","addr:postcode":"77006","addr:state":"TX","addr:street":"Montrose Boulevard","amenity":"place_of_worship","branch":"Museum District","building":"yes","denomination":"nondenominational","ele":"17","name":"The Story","religion":"christian","website":"https://thestory.church/museum-district/","_wikiTried":true},"geometry":{"type":"Polygon","coordinates":[[[-95.3914922,29.7291902],[-95.3915298,29.7291898],[-95.39153,29.7292032],[-95.3915931,29.7292026],[-95.3915929,29.7291847],[-95.3917054,29.7291835],[-95.3917053,29.7291749],[-95.3917372,29.7291745],[-95.3917361,29.7290943],[-95.3917126,29.7290945],[-95.3917124,29.7290791],[-95.3916007,29.7290802],[-95.3916002,29.7290407],[-95.3917567,29.7290391],[-95.3917562,29.7290012],[-95.3918335,29.7290004],[-95.3918319,29.7288806],[-95.3917542,29.7288814],[-95.3917537,29.7288484],[-95.3915922,29.72885],[-95.3915917,29.7288083],[-95.3916842,29.7288074],[-95.3916841,29.7287979],[-95.391753,29.7287972],[-95.391752,29.7287135],[-95.3916828,29.7287141],[-95.3916827,29.7287038],[-95.3915942,29.7287046],[-95.391594,29.728688],[-95.3915095,29.7286887],[-95.3915097,29.728708],[-95.3914809,29.7287082],[-95.391482,29.7288071],[-95.3915012,29.728807],[-95.3915014,29.7288195],[-95.3915148,29.7288264],[-95.391481,29.7288779],[-95.3914784,29.7289073],[-95.3914541,29.7289057],[-95.3914534,29.7289144],[-95.3914426,29.7289175],[-95.3914258,29.728929],[-95.3914197,29.7289456],[-95.3914221,29.7289602],[-95.3914342,29.7289717],[-95.3914438,29.7289748],[-95.3914606,29.7289769],[-95.391462,29.7289892],[-95.3914822,29.7289873],[-95.3914776,29.728995],[-95.3914859,29.7290305],[-95.3915202,29.7290678],[-95.3915026,29.7290801],[-95.3915027,29.7290917],[-95.3914909,29.7290918],[-95.3914922,29.7291902]]]}},{"type":"Feature","id":426172599,"properties":{"osmId":426172599,"category":"academic","building":"yes","building:levels":"1","name":"George R. Brown Tennis Center","roof:colour":"#c0bfba","roof:material":"metal","roof:shape":"hipped","_wikiTried":true},"geometry":{"type":"Polygon","coordinates":[[[-95.4085193,29.7180557],[-95.4083289,29.7176807],[-95.4081089,29.7177645],[-95.4081262,29.7177977],[-95.4083021,29.7181372],[-95.4085193,29.7180557]]]}},{"type":"Feature","id":426173280,"properties":{"osmId":426173280,"category":"academic","building":"university","building:levels":"2","name":"Moody Center for the Arts","roof:shape":"flat","website":"https://moody.rice.edu","_wikiTried":true},"geometry":{"type":"Polygon","coordinates":[[[-95.4059216,29.7139152],[-95.4057179,29.7138461],[-95.4056806,29.7139226],[-95.4056596,29.7139134],[-95.4056878,29.713837],[-95.4052707,29.7137053],[-95.4052227,29.7138206],[-95.4053364,29.7138591],[-95.4053197,29.7139066],[-95.4053083,29.7139309],[-95.4052688,29.7140272],[-95.4052343,29.7140162],[-95.4051819,29.7141405],[-95.4050664,29.7141038],[-95.4050534,29.7141284],[-95.4050445,29.7141474],[-95.4050419,29.714153],[-95.4054201,29.714276],[-95.4054598,29.714289],[-95.4054913,29.7142992],[-95.4057247,29.7143741],[-95.4057526,29.7143838],[-95.4057888,29.7143954],[-95.4058379,29.7144117],[-95.4058403,29.7144062],[-95.4058467,29.7143877],[-95.4058514,29.7143743],[-95.4057792,29.7143519],[-95.4058318,29.7142234],[-95.4058047,29.7142116],[-95.4058622,29.7140829],[-95.405959,29.7141174],[-95.4059786,29.7140811],[-95.4058471,29.7140362],[-95.4058543,29.7140176],[-95.4058763,29.714025],[-95.4058806,29.7140154],[-95.4059216,29.7139152]]]}},{"type":"Feature","id":426609125,"properties":{"osmId":426609125,"category":"medical","addr:city":"Houston","addr:housenumber":"1","addr:postcode":"77030","addr:state":"TX","addr:street":"Baylor Plaza","building":"hospital","building:levels":"11","name":"Margaret Alkek Biomedical Research Building","roof:shape":"flat","_wikiTried":true},"geometry":{"type":"Polygon","coordinates":[[[-95.3958929,29.7098718],[-95.3957582,29.7097925],[-95.3957427,29.7098124],[-95.3957598,29.7098224],[-95.3957016,29.709897],[-95.3956107,29.7098416],[-95.395669,29.7097686],[-95.395685,29.7097787],[-95.3957013,29.7097569],[-95.3953366,29.7095304],[-95.3953274,29.7095008],[-95.3955035,29.7092769],[-95.3960893,29.7096202],[-95.3958929,29.7098718]]]}},{"type":"Feature","id":426617800,"properties":{"osmId":426617800,"category":"medical","building":"hospital","building:levels":"1"},"geometry":{"type":"Polygon","coordinates":[[[-95.3963491,29.7129371],[-95.3961331,29.7128101],[-95.3961925,29.7127339],[-95.3962458,29.7127649],[-95.396259,29.7127479],[-95.3964217,29.7128439],[-95.3963491,29.7129371]]]}},{"type":"Feature","id":426628264,"properties":{"osmId":426628264,"category":"medical","building":"hospital"},"geometry":{"type":"Polygon","coordinates":[[[-95.3971848,29.705351],[-95.3971849,29.7052522],[-95.3971849,29.7051835],[-95.3966863,29.705178],[-95.3966863,29.7052465],[-95.3966864,29.7053535],[-95.3971848,29.705351]]]}},{"type":"Feature","id":426628272,"properties":{"osmId":426628272,"category":"medical","addr:city":"Houston","addr:housenumber":"1","addr:postcode":"77030","addr:state":"TX","addr:street":"Baylor Plaza","building":"hospital","name":"BCM Alkek Building","_wikiTried":true},"geometry":{"type":"Polygon","coordinates":[[[-95.3960606,29.7116637],[-95.3959953,29.7116268],[-95.3959419,29.7115949],[-95.3959079,29.7116372],[-95.3958709,29.7116834],[-95.3960791,29.7118089],[-95.3959664,29.7119566],[-95.395909,29.7120027],[-95.3958449,29.7120276],[-95.3957632,29.7120372],[-95.395666,29.7120103],[-95.3954981,29.7119048],[-95.395613,29.7117436],[-95.3954473,29.71164],[-95.3954274,29.7115691],[-95.3956284,29.7113081],[-95.3957077,29.7113534],[-95.3958587,29.7111627],[-95.3959734,29.7112305],[-95.3960108,29.7112527],[-95.3962009,29.711367],[-95.3962641,29.7114036],[-95.3960606,29.7116637]]]}},{"type":"Feature","id":426628322,"properties":{"osmId":426628322,"category":"academic","building":"university","name":"MD Anderson Cancer Center - Duncan Building","_wikiTried":true},"geometry":{"type":"Polygon","coordinates":[[[-95.4005668,29.704508],[-95.4005655,29.7046823],[-95.4005654,29.7046991],[-95.4005652,29.7047272],[-95.4005651,29.7047412],[-95.4006758,29.7047438],[-95.4006878,29.7047441],[-95.4006889,29.7047752],[-95.4008007,29.704775],[-95.4008023,29.7047477],[-95.4008744,29.7047427],[-95.4009799,29.7047467],[-95.4010733,29.7047581],[-95.4011763,29.7047768],[-95.4012716,29.7047883],[-95.4013664,29.7047925],[-95.4014585,29.7047912],[-95.4015652,29.7047842],[-95.401633,29.7047689],[-95.4016335,29.7047524],[-95.401669,29.7047514],[-95.4016698,29.704708],[-95.401693,29.7047074],[-95.401708,29.7043249],[-95.4016241,29.7043249],[-95.4015408,29.7043322],[-95.4014518,29.7043486],[-95.4013736,29.7043674],[-95.4012873,29.7043942],[-95.4012161,29.7044093],[-95.4011293,29.7044178],[-95.401042,29.7044217],[-95.4009081,29.7044245],[-95.4008142,29.7044239],[-95.4006923,29.7044251],[-95.4006913,29.7044911],[-95.400618,29.7044881],[-95.4006164,29.7045065],[-95.4005668,29.704508]]]}},{"type":"Feature","id":426628324,"properties":{"osmId":426628324,"category":"medical","addr:city":"Houston","addr:housenumber":"6977","addr:postcode":"77030","addr:state":"TX","addr:street":"South Main Street","amenity":"hospital","beds":"40","building":"hospital","emergency":"no","healthcare":"hospital","healthcare:speciality":"paediatrics","name":"Shriners Hospitals for Children — Houston","operator":"Shriners Hospitals for Children","operator:type":"ngo","operator:wikidata":"Q7504109","operator:wikipedia":"en:Shriners Hospitals for Children","phone":"+1 713 797 1616","website":"https://www.shrinershospitalsforchildren.org/houston","wikidata":"Q7504104","wikipedia":"en:Shriners Hospital for Children (Houston)","_wikiTried":true},"geometry":{"type":"Polygon","coordinates":[[[-95.4053119,29.7044745],[-95.4058541,29.7047589],[-95.4059669,29.7046041],[-95.4060251,29.704484],[-95.4060287,29.704405],[-95.4060178,29.7043101],[-95.4059669,29.7042122],[-95.4058904,29.7041268],[-95.405643,29.7040004],[-95.4053119,29.7044745]]]}},{"type":"Feature","id":545042500,"properties":{"osmId":545042500,"category":"academic","building":"commercial","building:levels":"6","name":"Cambridge Office Building","owner":"Rice University","roof:shape":"flat","_wikiTried":true},"geometry":{"type":"Polygon","coordinates":[[[-95.3979161,29.7172385],[-95.3977609,29.7172964],[-95.397499,29.7167876],[-95.3974725,29.7167405],[-95.3974895,29.7167334],[-95.3976331,29.7166732],[-95.3979161,29.7172385]]]}},{"type":"Feature","id":545042503,"properties":{"osmId":545042503,"category":"other","amenity":"parking","building":"parking","capacity":"500","operator":"Rice University","owner":"Rice University","parking":"multi-storey","roof:shape":"flat"},"geometry":{"type":"Polygon","coordinates":[[[-95.3973955,29.7174244],[-95.3971345,29.7169213],[-95.397499,29.7167876],[-95.3977609,29.7172964],[-95.3973955,29.7174244]]]}},{"type":"Feature","id":571810573,"properties":{"osmId":571810573,"category":"residential","building":"house","name":"Duncan College Magisters House","owner":"Rice University","_wikiTried":true},"geometry":{"type":"Polygon","coordinates":[[[-95.3986429,29.7214219],[-95.3985876,29.721316],[-95.3988276,29.7212213],[-95.398883,29.7213272],[-95.3986429,29.7214219]]]}},{"type":"Feature","id":620655853,"properties":{"osmId":620655853,"category":"residential","addr:state":"TX","building":"house","ele":"15","gnis:feature_id":"2470997","name":"Lovett College Magisters House","roof:shape":"flat","source":"USGS Geonames","_wikiTried":true},"geometry":{"type":"Polygon","coordinates":[[[-95.3979386,29.7160754],[-95.3979812,29.7161532],[-95.3977827,29.7162304],[-95.3977424,29.7161552],[-95.3979386,29.7160754]]]}},{"type":"Feature","id":620655857,"properties":{"osmId":620655857,"category":"academic","addr:state":"TX","building":"yes","ele":"15","gnis:feature_id":"2470610","name":"Richardson College Magisters House","source":"USGS Geonames","_wikiTried":true},"geometry":{"type":"Polygon","coordinates":[[[-95.3986358,29.7151483],[-95.3986062,29.7150907],[-95.3987136,29.7150435],[-95.3987444,29.7151019],[-95.3986358,29.7151483]]]}},{"type":"Feature","id":620655859,"properties":{"osmId":620655859,"category":"academic","building":"yes"},"geometry":{"type":"Polygon","coordinates":[[[-95.4036232,29.7140996],[-95.40366,29.7140491],[-95.4037921,29.7141217],[-95.4037695,29.7141527],[-95.4037552,29.7141722],[-95.4036232,29.7140996]]]}},{"type":"Feature","id":620655860,"properties":{"osmId":620655860,"category":"athletic","building":"grandstand"},"geometry":{"type":"Polygon","coordinates":[[[-95.4046279,29.7136505],[-95.4048196,29.7137623],[-95.4046306,29.7139999],[-95.4046577,29.7140166],[-95.4046815,29.7140313],[-95.4045648,29.7141851],[-95.4045005,29.7141991],[-95.404518,29.7142509],[-95.4044206,29.7142706],[-95.4043473,29.7142833],[-95.4042796,29.714295],[-95.4041845,29.7143106],[-95.4041706,29.7142608],[-95.4041022,29.7142748],[-95.4039211,29.7141758],[-95.4039533,29.7141338],[-95.4036663,29.7139836],[-95.4037924,29.7138089],[-95.40385,29.7138426],[-95.4038366,29.7138624],[-95.4040539,29.7139836],[-95.4040769,29.7139507],[-95.4041581,29.7139952],[-95.4043831,29.7139497],[-95.4044336,29.7138804],[-95.404475,29.7139032],[-95.4046104,29.7137099],[-95.4045917,29.7136982],[-95.4046279,29.7136505]]]}},{"type":"Feature","id":620655862,"properties":{"osmId":620655862,"category":"academic","amenity":"pub","building":"yes","microbrewery":"yes","name":"The Roost","operator":"Karbach Brewing Co.","_wikiTried":true},"geometry":{"type":"Polygon","coordinates":[[[-95.4049048,29.7135328],[-95.4047908,29.7135398],[-95.4047875,29.7135025],[-95.4047566,29.7135042],[-95.4047499,29.7134059],[-95.4047807,29.7134035],[-95.4047787,29.7133645],[-95.4048948,29.7133581],[-95.4049048,29.7135328]]]}},{"type":"Feature","id":620655864,"properties":{"osmId":620655864,"category":"academic","building":"yes","roof:shape":"gabled"},"geometry":{"type":"Polygon","coordinates":[[[-95.4050348,29.7133548],[-95.4047727,29.7132649],[-95.4048505,29.7131007],[-95.4048693,29.7130588],[-95.4051321,29.7131519],[-95.4050348,29.7133548]]]}},{"type":"Feature","id":620655865,"properties":{"osmId":620655865,"category":"academic","building":"yes","roof:shape":"gabled"},"geometry":{"type":"Polygon","coordinates":[[[-95.4021442,29.7137265],[-95.4018509,29.7135467],[-95.4019107,29.713473],[-95.4022041,29.7136528],[-95.4021442,29.7137265]]]}},{"type":"Feature","id":620655868,"properties":{"osmId":620655868,"category":"residential","addr:state":"TX","building":"house","ele":"15","gnis:feature_id":"2470861","name":"Brown College Magisters House","source":"USGS Geonames","_wikiTried":true},"geometry":{"type":"Polygon","coordinates":[[[-95.3961802,29.7211292],[-95.3959529,29.7210955],[-95.3959724,29.7209964],[-95.3961997,29.72103],[-95.3961802,29.7211292]]]}},{"type":"Feature","id":620876531,"properties":{"osmId":620876531,"category":"academic","building":"university","name":"Brian Patterson Sports Performance Center","owner":"Rice University","_wikiTried":true},"geometry":{"type":"Polygon","coordinates":[[[-95.4096423,29.7170096],[-95.4096429,29.7170322],[-95.4096447,29.7170992],[-95.4098274,29.7170958],[-95.4098314,29.7172961],[-95.409712,29.7172949],[-95.409712,29.7174312],[-95.409645,29.7174301],[-95.4096477,29.7174731],[-95.4090308,29.7174871],[-95.4090308,29.7174487],[-95.4089034,29.7174964],[-95.4088215,29.7173462],[-95.4087931,29.7173548],[-95.4087758,29.7173177],[-95.4087676,29.7173002],[-95.4089053,29.7172479],[-95.4089007,29.7171028],[-95.4090254,29.7171074],[-95.4090245,29.7170441],[-95.4090241,29.7170174],[-95.4096423,29.7170096]]]}},{"type":"Feature","id":620876534,"properties":{"osmId":620876534,"category":"academic","building":"yes","owner":"Rice University"},"geometry":{"type":"Polygon","coordinates":[[[-95.4090496,29.7151594],[-95.4090556,29.7151594],[-95.409803,29.7151562],[-95.4098014,29.7152814],[-95.4098011,29.7153034],[-95.4098007,29.7153334],[-95.4097999,29.7153967],[-95.4096871,29.7153672],[-95.4096886,29.7154045],[-95.4095855,29.7154069],[-95.4095884,29.7154944],[-95.4095465,29.7154977],[-95.4095476,29.7155396],[-95.4090836,29.7155454],[-95.409085,29.7154988],[-95.409042,29.7154976],[-95.4090394,29.715408],[-95.4090876,29.7154068],[-95.4090876,29.7153625],[-95.4090506,29.7153613],[-95.4090505,29.7153193],[-95.4090496,29.7151594]]]}},{"type":"Feature","id":620879809,"properties":{"osmId":620879809,"category":"athletic","building":"grandstand","owner":"Rice University"},"geometry":{"type":"Polygon","coordinates":[[[-95.4090506,29.7153613],[-95.4090876,29.7153625],[-95.4090876,29.7154068],[-95.4090394,29.715408],[-95.409042,29.7154976],[-95.409085,29.7154988],[-95.4090836,29.7155454],[-95.4095476,29.7155396],[-95.4095465,29.7154977],[-95.4095884,29.7154944],[-95.4095855,29.7154069],[-95.4096886,29.7154045],[-95.4096871,29.7153672],[-95.4097999,29.7153967],[-95.4098221,29.7154064],[-95.4098656,29.7154253],[-95.4099219,29.7154558],[-95.4099785,29.7154941],[-95.4100334,29.7155374],[-95.410087,29.7155946],[-95.4102015,29.7155282],[-95.4102349,29.7155743],[-95.410247,29.7155939],[-95.4102716,29.7156289],[-95.4102903,29.715669],[-95.4103112,29.7157177],[-95.4103244,29.7157644],[-95.4103342,29.7158084],[-95.4103401,29.7158484],[-95.4103411,29.7158793],[-95.4103218,29.7158786],[-95.4103228,29.7158905],[-95.4103195,29.7159114],[-95.4103223,29.7159908],[-95.4103356,29.7159924],[-95.4103383,29.716653],[-95.410339,29.7168259],[-95.4103229,29.7168288],[-95.4103126,29.7168798],[-95.4102979,29.7169244],[-95.410279,29.7169744],[-95.4102435,29.7170418],[-95.4101925,29.717116],[-95.4101142,29.717069],[-95.409877,29.7169195],[-95.4097187,29.7168197],[-95.4097399,29.7167834],[-95.4096901,29.7167666],[-95.4096835,29.715882],[-95.4097255,29.7158693],[-95.4097134,29.715839],[-95.4096906,29.7158087],[-95.4096571,29.7157878],[-95.409628,29.715777],[-95.4095888,29.7157719],[-95.4093647,29.7157761],[-95.4093652,29.715665],[-95.4092695,29.7156652],[-95.4092708,29.7157769],[-95.4090416,29.7157768],[-95.409009,29.7157825],[-95.4089664,29.7158064],[-95.4089355,29.7158344],[-95.4089168,29.7158565],[-95.4089074,29.7158821],[-95.4089552,29.7158966],[-95.4089626,29.7167686],[-95.4089141,29.716786],[-95.4089382,29.7168337],[-95.408789,29.7169288],[-95.4085582,29.7170759],[-95.4084736,29.7171309],[-95.4084321,29.7170703],[-95.4084182,29.7170501],[-95.4083856,29.7169909],[-95.4083586,29.7169177],[-95.4083551,29.7169051],[-95.4083495,29.7168846],[-95.4083347,29.7168306],[-95.408316,29.7168311],[-95.4083085,29.7158415],[-95.4083264,29.7158416],[-95.408344,29.7157622],[-95.4083657,29.7156935],[-95.4084004,29.7156299],[-95.4084161,29.7156061],[-95.4084534,29.7155498],[-95.4085428,29.7156019],[-95.4085945,29.7155469],[-95.4086608,29.7154917],[-95.4087283,29.715445],[-95.4087836,29.7154202],[-95.4087989,29.7154133],[-95.4088436,29.7153977],[-95.4088774,29.7153859],[-95.4089628,29.7153687],[-95.4090506,29.7153613]]]}},{"type":"Feature","id":620897927,"properties":{"osmId":620897927,"category":"residential","addr:state":"TX","building":"house","ele":"15","gnis:feature_id":"2470983","name":"Jones College Magisters House","source":"USGS Geonames","_wikiTried":true},"geometry":{"type":"Polygon","coordinates":[[[-95.3974321,29.721376],[-95.3974496,29.7212619],[-95.397298,29.7212452],[-95.3972904,29.7212952],[-95.3972536,29.721291],[-95.3972606,29.7212449],[-95.3971791,29.7212355],[-95.3971687,29.7213036],[-95.3972843,29.721317],[-95.397278,29.7213579],[-95.3974321,29.721376]]]}},{"type":"Feature","id":671838887,"properties":{"osmId":671838887,"category":"academic","building":"school"},"geometry":{"type":"Polygon","coordinates":[[[-95.4121301,29.7114028],[-95.4121354,29.7122042],[-95.4113415,29.7122088],[-95.4113375,29.7120225],[-95.411776,29.7120213],[-95.411776,29.711984],[-95.4118163,29.7119572],[-95.4119437,29.7119526],[-95.4119423,29.7118687],[-95.4117894,29.7118734],[-95.4117894,29.7119386],[-95.4116674,29.7119398],[-95.4116714,29.7118326],[-95.4116486,29.7118326],[-95.4116486,29.7115915],[-95.4113348,29.711595],[-95.411334,29.7114077],[-95.4121301,29.7114028]]]}},{"type":"Feature","id":754803480,"properties":{"osmId":754803480,"category":"academic","addr:city":"Houston","addr:housenumber":"2545","addr:postcode":"77030","addr:state":"TX","addr:street":"Pressler Street","building":"school","name":"Michael E. DeBakey High School for Health Professions","wikidata":"Q5243853","_wikiTried":true},"geometry":{"type":"Polygon","coordinates":[[[-95.4081547,29.7049665],[-95.4084352,29.7048395],[-95.4084686,29.7048951],[-95.4085823,29.7048436],[-95.40862,29.7049064],[-95.4086735,29.7048822],[-95.4088319,29.705146],[-95.4087408,29.7051872],[-95.4088237,29.7053254],[-95.4087402,29.7053633],[-95.4087596,29.7053957],[-95.408507,29.70551],[-95.4084787,29.7054628],[-95.40836,29.7055165],[-95.4083311,29.7054684],[-95.4082581,29.7055015],[-95.4081472,29.7053166],[-95.4082329,29.7052778],[-95.4081978,29.7052193],[-95.4080172,29.7053011],[-95.4079037,29.7051119],[-95.4081697,29.7049915],[-95.4081547,29.7049665]]]}},{"type":"Feature","id":797599864,"properties":{"osmId":797599864,"category":"academic","building":"university","name":"Brockman Hall for Opera","owner":"Rice University","_wikiTried":true},"geometry":{"type":"Polygon","coordinates":[[[-95.4062932,29.7160405],[-95.4062895,29.7160332],[-95.4062449,29.7159457],[-95.4062189,29.7159557],[-95.4061995,29.7159175],[-95.4061835,29.7158862],[-95.4062842,29.7158475],[-95.4062581,29.7157963],[-95.4062448,29.7158014],[-95.4061631,29.715641],[-95.4061807,29.7156342],[-95.4061509,29.7155757],[-95.4060965,29.7155965],[-95.4060853,29.7155746],[-95.406042,29.7155917],[-95.4059958,29.7155009],[-95.4059709,29.7154499],[-95.4059654,29.7154388],[-95.4058903,29.7154667],[-95.405893,29.7154721],[-95.405758,29.7155244],[-95.4057425,29.7155304],[-95.4057425,29.7155305],[-95.4055521,29.7156037],[-95.4055552,29.7156099],[-95.4056363,29.7157691],[-95.4056127,29.7157772],[-95.4056344,29.7158184],[-95.4055016,29.7158712],[-95.4056104,29.7160772],[-95.4057151,29.7160355],[-95.4057421,29.7160247],[-95.4057609,29.7160603],[-95.4057822,29.7160524],[-95.4058593,29.7162038],[-95.405954,29.7161674],[-95.4059722,29.7161604],[-95.4059848,29.7161556],[-95.4059936,29.7161522],[-95.406013,29.7161903],[-95.406158,29.7161346],[-95.40614,29.7160993],[-95.4062932,29.7160405]]]}},{"type":"Feature","id":848110582,"properties":{"osmId":848110582,"category":"residential","addr:city":"Houston","addr:housenumber":"6360","addr:postcode":"77005","addr:state":"TX","addr:street":"South Main Street","building":"dormitory","building:levels":"12","contact:website":"https://sidrich.rice.edu","name":"Sid Richardson College","owner":"Rice University","roof:shape":"flat","wikimedia_commons":"File:Sid_Richardson_College.jpg","_wikiTried":true},"geometry":{"type":"Polygon","coordinates":[[[-95.3991282,29.7155641],[-95.3986611,29.7157471],[-95.3985687,29.7155902],[-95.398449,29.7157284],[-95.3982311,29.7155879],[-95.3984121,29.7153714],[-95.3986467,29.7155172],[-95.3990359,29.7153675],[-95.3991282,29.7155641]]]}},{"type":"Feature","id":902184253,"properties":{"osmId":902184253,"category":"residential","building":"house","name":"McMurtry College Magisters House","owner":"Rice University","roof:shape":"flat","_wikiTried":true},"geometry":{"type":"Polygon","coordinates":[[[-95.3983091,29.7207465],[-95.3984432,29.7206964],[-95.3985009,29.7208059],[-95.3983641,29.720856],[-95.3983091,29.7207465]]]}},{"type":"Feature","id":902184258,"properties":{"osmId":902184258,"category":"academic","building":"university","layer":"1","name":"Robert and Katherine Maxfield Hall","_wikiTried":true},"geometry":{"type":"Polygon","coordinates":[[[-95.4002225,29.7206124],[-95.3996412,29.720839],[-95.3996606,29.7208799],[-95.3996995,29.7209564],[-95.3998804,29.7208871],[-95.3999195,29.720964],[-95.4001371,29.7208898],[-95.4000868,29.7207907],[-95.4002762,29.7207181],[-95.4002404,29.7206477],[-95.4002225,29.7206124]]]}},{"type":"Feature","id":902184259,"properties":{"osmId":902184259,"category":"academic","addr:city":"Houston","addr:housenumber":"5504","addr:state":"TX","addr:street":"Chaucer Drive","building":"school","building:levels":"1","name":"Rice Children's Campus","_wikiTried":true},"geometry":{"type":"Polygon","coordinates":[[[-95.4142657,29.7166479],[-95.4143328,29.7166456],[-95.4143328,29.7167155],[-95.4143703,29.7167131],[-95.4143703,29.7166782],[-95.4144897,29.7166782],[-95.414491,29.7165454],[-95.414428,29.7165466],[-95.4144267,29.7164779],[-95.414491,29.7164755],[-95.4144857,29.7162426],[-95.414306,29.7162519],[-95.4143073,29.716295],[-95.4142657,29.7162962],[-95.4142657,29.7166479]]]}},{"type":"Feature","id":902184260,"properties":{"osmId":902184260,"category":"academic","building":"yes","layer":"1","name":"Waltrip Indoor Training Center","_wikiTried":true},"geometry":{"type":"Polygon","coordinates":[[[-95.4117687,29.7154941],[-95.4111086,29.7154966],[-95.4111144,29.7167002],[-95.4117748,29.7166977],[-95.4117687,29.7154941]]]}},{"type":"Feature","id":922153981,"properties":{"osmId":922153981,"category":"academic","alt_name":"PCF","building":"university","building:levels":"1","name":"PCF 1","nohousenumber":"yes","owner":"Rice University","roof:shape":"round","_wikiTried":true},"geometry":{"type":"Polygon","coordinates":[[[-95.4015521,29.7160226],[-95.4014121,29.7160738],[-95.4014031,29.7160563],[-95.4013192,29.7158915],[-95.4014549,29.7158368],[-95.4015521,29.7160226]]]}},{"type":"Feature","id":922153983,"properties":{"osmId":922153983,"category":"academic","alt_name":"PCF","building":"university","building:levels":"1","name":"PCF 2","nohousenumber":"yes","owner":"Rice University","roof:shape":"round","_wikiTried":true},"geometry":{"type":"Polygon","coordinates":[[[-95.4013357,29.7160747],[-95.4011957,29.7161259],[-95.4010999,29.715938],[-95.4012356,29.7158833],[-95.4013357,29.7160747]]]}},{"type":"Feature","id":922153984,"properties":{"osmId":922153984,"category":"academic","alt_name":"PCF","building":"university","building:levels":"1","name":"PCF 3","nohousenumber":"yes","owner":"Rice University","roof:shape":"round","_wikiTried":true},"geometry":{"type":"Polygon","coordinates":[[[-95.4010917,29.71609],[-95.4009517,29.7161412],[-95.400859,29.7159621],[-95.4009947,29.7159074],[-95.4010917,29.71609]]]}},{"type":"Feature","id":922153985,"properties":{"osmId":922153985,"category":"academic","alt_name":"PCF","building":"university","building:levels":"1","name":"PCF 4","nohousenumber":"yes","owner":"Rice University","roof:shape":"round","_wikiTried":true},"geometry":{"type":"Polygon","coordinates":[[[-95.4008992,29.7161935],[-95.4007592,29.7162447],[-95.4006693,29.7160714],[-95.400805,29.7160167],[-95.4008992,29.7161935]]]}},{"type":"Feature","id":923283257,"properties":{"osmId":923283257,"category":"academic","building":"yes"},"geometry":{"type":"Polygon","coordinates":[[[-95.4019165,29.7137573],[-95.4017218,29.7136436],[-95.4017976,29.7135501],[-95.4019906,29.7136653],[-95.4019165,29.7137573]]]}},{"type":"Feature","id":923283258,"properties":{"osmId":923283258,"category":"academic","building":"yes"},"geometry":{"type":"Polygon","coordinates":[[[-95.4016477,29.7135964],[-95.4015977,29.7135665],[-95.4016511,29.7134977],[-95.4017002,29.7135269],[-95.4016477,29.7135964]]]}},{"type":"Feature","id":1150857644,"properties":{"osmId":1150857644,"category":"academic","building":"yes","source":"microsoft/BuildingFootprints"},"geometry":{"type":"Polygon","coordinates":[[[-95.4046869,29.7129713],[-95.404832,29.7130634],[-95.404864,29.7130254],[-95.4047188,29.7129333],[-95.4046869,29.7129713]]]}},{"type":"Feature","id":1158042524,"properties":{"osmId":1158042524,"category":"academic","building":"yes"},"geometry":{"type":"Polygon","coordinates":[[[-95.3996872,29.7179797],[-95.3996343,29.718003],[-95.3995589,29.7178658],[-95.3993507,29.7179496],[-95.3993305,29.7179098],[-95.3995906,29.7177998],[-95.3996872,29.7179797]]]}},{"type":"Feature","id":1158042531,"properties":{"osmId":1158042531,"category":"academic","building":"yes"},"geometry":{"type":"Polygon","coordinates":[[[-95.3982032,29.7193437],[-95.3981887,29.7193154],[-95.3980812,29.719357],[-95.3980246,29.7193789],[-95.3980391,29.7194072],[-95.3982032,29.7193437]]]}},{"type":"Feature","id":1158301710,"properties":{"osmId":1158301710,"category":"academic","building":"university","name":"James Baker Hall","official_name":"James A. Baker III Hall","owner":"Rice University","_wikiTried":true},"geometry":{"type":"Polygon","coordinates":[[[-95.4034064,29.7169907],[-95.4032606,29.7166967],[-95.4031915,29.7167226],[-95.4033373,29.7170166],[-95.4034064,29.7169907]]]}},{"type":"Feature","id":1174380962,"properties":{"osmId":1174380962,"category":"academic","building":"yes"},"geometry":{"type":"Polygon","coordinates":[[[-95.3998499,29.718712],[-95.3998308,29.7186748],[-95.4000066,29.7186067],[-95.3999905,29.7185754],[-95.4000566,29.7185499],[-95.4000917,29.7186183],[-95.3998499,29.718712]]]}},{"type":"Feature","id":1278644266,"properties":{"osmId":1278644266,"category":"academic","building":"yes","source":"microsoft/BuildingFootprints"},"geometry":{"type":"Polygon","coordinates":[[[-95.4004346,29.721632],[-95.4004735,29.7217014],[-95.4006876,29.7216108],[-95.4006487,29.7215415],[-95.4004346,29.721632]]]}},{"type":"Feature","id":1278644267,"properties":{"osmId":1278644267,"category":"academic","building":"yes","source":"microsoft/BuildingFootprints"},"geometry":{"type":"Polygon","coordinates":[[[-95.4003753,29.7216808],[-95.4002141,29.7217395],[-95.4002413,29.7217959],[-95.4004025,29.7217372],[-95.4003753,29.7216808]]]}},{"type":"Feature","id":1278644268,"properties":{"osmId":1278644268,"category":"academic","building":"yes"},"geometry":{"type":"Polygon","coordinates":[[[-95.4001588,29.7218054],[-95.400051,29.721607],[-95.399644,29.7217738],[-95.3997519,29.7219723],[-95.4001588,29.7218054]]]}},{"type":"Feature","id":1455416051,"properties":{"osmId":1455416051,"category":"academic","building":"yes"},"geometry":{"type":"Polygon","coordinates":[[[-95.400198,29.7164832],[-95.4002942,29.7166695],[-95.4004292,29.7166202],[-95.4003412,29.7164282],[-95.400198,29.7164832]]]}}]}