{"type":"FeatureCollection","features":[{"type":"Feature","id":26249768,"properties":{"osmId":26249768,"category":"academic","amenity":"parking","building":"parking","name":"Stock Farm Garage","parking":"multi-storey","_wikiTried":true},"geometry":{"type":"Polygon","coordinates":[[[-122.1829094,37.4317991],[-122.182345,37.4310591],[-122.1820681,37.4311931],[-122.1817122,37.4313685],[-122.1812488,37.4315951],[-122.1818558,37.4323725],[-122.1821224,37.432236],[-122.1824846,37.4320569],[-122.1828837,37.4318538],[-122.1828624,37.4318207],[-122.1829094,37.4317991]]]}},{"type":"Feature","id":26249839,"properties":{"osmId":26249839,"category":"academic","alt_name":"Stanford Fire Truck House;Old Firehouse","building":"university","disused:amenity":"fire_station","name":"Fire Truck House","wikidata":"Q7598745","wikipedia":"en:Stanford Fire Truck House","_wikiTried":true,"wikiTitle":"Stanford_Fire_Truck_House","wikiDescription":null,"wikiExtract":"The Fire Truck House, built by Charles Hodges in 1904, served as Stanford University's firehouse until the early 1970s, when the current firehouse was built on Serra Street. It was staffed by a mix of students and professional firefighters. The students received room, board, and a stipend. A few later made firefighting a career, including William R. Bamattre, Chief of the Los Angeles City Fire Department from 1996 to 2007, and Nick Marinaro, Chief of Palo Alto Fire Department from 2004 to 2010.","wikiUrl":"https://en.wikipedia.org/wiki/Stanford_Fire_Truck_House","wikiPhoto":"https://upload.wikimedia.org/wikipedia/commons/b/ba/Stanford_Fire_Truck_House.jpg","wikiBuilt":null,"wikiHeight":null},"geometry":{"type":"Polygon","coordinates":[[[-122.1717181,37.425156],[-122.1717602,37.4250313],[-122.1716679,37.4250117],[-122.1716258,37.4251364],[-122.1717181,37.425156]]]}},{"type":"Feature","id":26250731,"properties":{"osmId":26250731,"category":"medical","amenity":"clinic","building":"yes","healthcare":"clinic","name":"Vaden Health Center","operator":"Stanford University","operator:type":"private_non_profit","operator:wikidata":"Q41506","website":"https://vaden.stanford.edu/","_wikiTried":true,"wikiTitle":"Stanford_University_Medical_Center","wikiDescription":"Private hospital affiliated with Stanford University School of Medicine","wikiExtract":"Stanford University Medical Center is an American teaching hospital which includes Stanford Health Care and Stanford Children's Health. It serves as a private hospital for the Stanford University School of Medicine. In 2022–23, it was ranked by the U.S. News as the 3rd-best hospital in California and 10th-best in the country.","wikiUrl":"https://en.wikipedia.org/wiki/Stanford_University_Medical_Center","wikiPhoto":"https://upload.wikimedia.org/wikipedia/commons/e/e2/New_Stanford_Hospital.jpg","wikiBuilt":"1959","wikiHeight":null},"geometry":{"type":"Polygon","coordinates":[[[-122.1639616,37.4219326],[-122.1634587,37.421774],[-122.1633063,37.4220791],[-122.1638091,37.4222376],[-122.1639616,37.4219326]]]}},{"type":"Feature","id":26252222,"properties":{"osmId":26252222,"category":"academic","addr:city":"Stanford","addr:housenumber":"459","addr:postcode":"94305","addr:state":"CA","addr:street":"Lagunita Drive","amenity":"community_centre","building":"university","community_centre":"student_union","community_centre:for":"student","ele":"35","gnis:feature_id":"1669799","loc_name":"Tresidder","name":"Tresidder Memorial Union","operator":"Stanford University","operator:type":"private_non_profit","operator:wikidata":"Q41506","source":"USGS Geonames","_wikiTried":true},"geometry":{"type":"Polygon","coordinates":[[[-122.1713107,37.4240526],[-122.1712785,37.4236801],[-122.1709061,37.4237004],[-122.1709076,37.4237176],[-122.1709137,37.4237889],[-122.1708885,37.4237903],[-122.1708956,37.4238732],[-122.1708968,37.4238866],[-122.1706791,37.4238984],[-122.1706942,37.4240744],[-122.1707145,37.4243121],[-122.1707176,37.4243481],[-122.1706073,37.4246803],[-122.1708698,37.4247352],[-122.1709163,37.424595],[-122.1711683,37.4246478],[-122.1712436,37.4244207],[-122.170993,37.4243682],[-122.170978,37.4243651],[-122.1709723,37.4242989],[-122.1709527,37.4240721],[-122.1710113,37.4240689],[-122.1711697,37.4240603],[-122.1713107,37.4240526]]]}},{"type":"Feature","id":26291934,"properties":{"osmId":26291934,"category":"academic","building":"yes"},"geometry":{"type":"Polygon","coordinates":[[[-122.1652384,37.4264025],[-122.1652796,37.4262788],[-122.1654644,37.4263176],[-122.1655049,37.4261959],[-122.1655251,37.4262002],[-122.1656382,37.4258598],[-122.1656122,37.4258543],[-122.1656517,37.4257353],[-122.1654634,37.4256959],[-122.1655053,37.4255698],[-122.1658369,37.4256393],[-122.1657567,37.4258805],[-122.1657856,37.4258865],[-122.1656707,37.426232],[-122.1656389,37.4262253],[-122.1655576,37.4264695],[-122.1652384,37.4264025]]]}},{"type":"Feature","id":26292283,"properties":{"osmId":26292283,"category":"academic","addr:city":"Stanford","addr:housenumber":"418","addr:postcode":"94305","addr:state":"CA","addr:street":"Panama Mall","building":"university","name":"Mechanical Engineering Laboratory","ref":"660","_wikiTried":true,"wikiTitle":"Stanford_University_School_of_Engineering","wikiDescription":"Engineering school within Stanford University","wikiExtract":"Stanford University School of Engineering is one of the schools of Stanford University. The current dean is Jennifer Widom, the former senior associate dean of faculty affairs and computer science chair. She is the school's 10th dean.","wikiUrl":"https://en.wikipedia.org/wiki/Stanford_University_School_of_Engineering","wikiPhoto":"https://upload.wikimedia.org/wikipedia/commons/6/68/Stanford_logo.png","wikiBuilt":"1925","wikiHeight":null},"geometry":{"type":"Polygon","coordinates":[[[-122.1724244,37.4258517],[-122.1724462,37.4257841],[-122.172342,37.4257628],[-122.172458,37.4254046],[-122.1719491,37.4253007],[-122.1718207,37.4256972],[-122.1721555,37.4257655],[-122.172146,37.4257949],[-122.1724244,37.4258517]]]}},{"type":"Feature","id":26292291,"properties":{"osmId":26292291,"category":"academic","building":"yes","name":"Product Realization Lab","_wikiTried":true},"geometry":{"type":"Polygon","coordinates":[[[-122.1714915,37.4254674],[-122.1715317,37.4253451],[-122.1712484,37.4252865],[-122.171285,37.4251749],[-122.1713241,37.425056],[-122.1716093,37.4251151],[-122.1716471,37.4249999],[-122.171206,37.4249086],[-122.1711296,37.4251413],[-122.1710525,37.4253765],[-122.1714915,37.4254674]]]}},{"type":"Feature","id":26292353,"properties":{"osmId":26292353,"category":"academic","building":"yes","created_by":"Potlatch 0.10b"},"geometry":{"type":"Polygon","coordinates":[[[-122.1717629,37.4255051],[-122.1717804,37.4254494],[-122.1717462,37.4254426],[-122.1717633,37.4253881],[-122.171566,37.4253489],[-122.1715313,37.4254591],[-122.1717629,37.4255051]]]}},{"type":"Feature","id":28592989,"properties":{"osmId":28592989,"category":"academic","addr:city":"Stanford","addr:housenumber":"51","addr:postcode":"94305","addr:state":"CA","addr:street":"Campus Drive West","building":"yes","name":"Arrillaga Golf Shop","shop":"sports","sport":"golf","_wikiTried":true,"wikiTitle":"Stanford_Shopping_Center","wikiDescription":"Shopping mall in Palo Alto, California, U.S.","wikiExtract":"Stanford Shopping Center is an upscale open air shopping mall located on Route 82 at Sand Hill Road in Palo Alto, California. It is on the campus of Stanford University although the university only owns the land and not the actual buildings or stores. Also, unlike the main academic campus, the shopping center and the neighboring Stanford University Medical Center are part of the city of Palo Alto, not the census-designated place (CDP) of Stanford, California. The shopping center buildings are 94.4% owned by Simon Property Group, which manages the property and leases the land from the university.","wikiUrl":"https://en.wikipedia.org/wiki/Stanford_Shopping_Center","wikiPhoto":"https://upload.wikimedia.org/wikipedia/commons/a/a7/Stanford_Shopping_Center_1.jpg","wikiBuilt":null,"wikiHeight":null},"geometry":{"type":"Polygon","coordinates":[[[-122.1815882,37.4230004],[-122.1817081,37.4229786],[-122.1816422,37.4227502],[-122.1815224,37.422772],[-122.1815882,37.4230004]]]}},{"type":"Feature","id":30721366,"properties":{"osmId":30721366,"category":"academic","building":"school"},"geometry":{"type":"Polygon","coordinates":[[[-122.1566708,37.4360567],[-122.1566216,37.4360874],[-122.1566066,37.4360744],[-122.1565759,37.4360941],[-122.1565878,37.4361093],[-122.1564832,37.4361878],[-122.1564576,37.436207],[-122.1565368,37.4362748],[-122.1565592,37.4362939],[-122.1566362,37.4363598],[-122.1566603,37.4363805],[-122.156875,37.4362276],[-122.1566708,37.4360567]]]}},{"type":"Feature","id":30721410,"properties":{"osmId":30721410,"category":"academic","building":"school","name":"Fine Arts Building","_wikiTried":true,"wikiTitle":"McMurtry_Building","wikiDescription":"Stanford University building","wikiExtract":"The McMurtry Building opened in 2015, and houses Stanford University's Department of Art and Art History at 355 Roth Way in Stanford, California.","wikiUrl":"https://en.wikipedia.org/wiki/McMurtry_Building","wikiPhoto":"https://upload.wikimedia.org/wikipedia/commons/7/7c/McMurtry_Building_at_Stanford_University.jpg","wikiBuilt":null,"wikiHeight":null},"geometry":{"type":"Polygon","coordinates":[[[-122.1570966,37.4368371],[-122.1576292,37.4372813],[-122.1573346,37.4374918],[-122.1572926,37.4375229],[-122.1567718,37.4370731],[-122.1570966,37.4368371]]]}},{"type":"Feature","id":30721445,"properties":{"osmId":30721445,"category":"academic","building":"school"},"geometry":{"type":"Polygon","coordinates":[[[-122.1560238,37.4365404],[-122.1556183,37.4368353],[-122.1555397,37.4367672],[-122.1554804,37.4367157],[-122.1554511,37.4366904],[-122.155424,37.4366668],[-122.1553175,37.4365745],[-122.155723,37.4362796],[-122.1560238,37.4365404]]]}},{"type":"Feature","id":30721512,"properties":{"osmId":30721512,"category":"academic","building":"school","name":"Language building","_wikiTried":true},"geometry":{"type":"Polygon","coordinates":[[[-122.1556367,37.4370332],[-122.1552907,37.4372758],[-122.1556104,37.4375619],[-122.1559546,37.4373126],[-122.1556367,37.4370332]]]}},{"type":"Feature","id":30721591,"properties":{"osmId":30721591,"category":"academic","building":"school","name":"English Building","_wikiTried":true},"geometry":{"type":"Polygon","coordinates":[[[-122.1564691,37.4375483],[-122.1565324,37.437603],[-122.1569271,37.4373149],[-122.156614,37.4370444],[-122.1562156,37.4373351],[-122.1562404,37.4373565],[-122.1564691,37.4375483]]]}},{"type":"Feature","id":30721624,"properties":{"osmId":30721624,"category":"academic","building":"school","name":"Science Building","_wikiTried":true,"wikiTitle":"Gates_Computer_Science_Building,_Stanford","wikiDescription":null,"wikiExtract":"The Gates Computer Science Building, or Gates building for short, is an L-shaped building that houses the Computer Science Department as well as the Institute for Human-Centered Artificial Intelligence (HAI) at 353 Jane Stanford Way, Stanford University, California. Construction on the building began in 1994 and was completed in 1996 at a cost of $36 million. It was named after Microsoft founder Bill Gates, who donated $6 million for the building's construction.","wikiUrl":"https://en.wikipedia.org/wiki/Gates_Computer_Science_Building%2C_Stanford","wikiPhoto":"https://upload.wikimedia.org/wikipedia/commons/8/83/Gates_Computer_Science_Building_-_panoramio.jpg","wikiBuilt":null,"wikiHeight":null},"geometry":{"type":"Polygon","coordinates":[[[-122.1566363,37.4356784],[-122.1565707,37.4357206],[-122.1567283,37.4358645],[-122.1564359,37.4360792],[-122.1562764,37.4359407],[-122.1562114,37.4359863],[-122.1558853,37.4357026],[-122.1559703,37.4356393],[-122.155955,37.4356236],[-122.1562022,37.435443],[-122.1562262,37.4354574],[-122.1563112,37.4353971],[-122.1566363,37.4356784]]]}},{"type":"Feature","id":30721676,"properties":{"osmId":30721676,"category":"academic","building":"school","name":"Tower Building","_wikiTried":true,"wikiTitle":"Hoover_Tower","wikiDescription":"285-foot structure on the campus of Stanford University","wikiExtract":"Hoover Tower is a 285-foot (87 m) structure on the campus of Stanford University in Stanford, California, United States. The tower houses the Hoover Institution Library and Archives, an archive collection founded by Herbert Hoover before he became president of the United States. Hoover had amassed a large collection of materials related to early 20th century history; he donated them to Stanford, his alma mater, to found a \"library of war, revolution and peace\". Hoover Tower also houses the Hoover Institution research center and think tank.","wikiUrl":"https://en.wikipedia.org/wiki/Hoover_Tower","wikiPhoto":"https://upload.wikimedia.org/wikipedia/commons/1/1e/Hoover_Tower_Stanford_January_2013.jpg","wikiBuilt":null,"wikiHeight":"285 m"},"geometry":{"type":"Polygon","coordinates":[[[-122.1576119,37.4365232],[-122.1576317,37.4365096],[-122.1576901,37.4365048],[-122.1577128,37.4364907],[-122.1577533,37.4364571],[-122.1577543,37.4364026],[-122.1576497,37.4363133],[-122.1577598,37.4362445],[-122.1577503,37.4362334],[-122.1577587,37.4362266],[-122.1577015,37.4361821],[-122.1576947,37.4361863],[-122.1576789,37.4361755],[-122.1575677,37.4362587],[-122.1575275,37.4362243],[-122.1574898,37.4362521],[-122.1572722,37.4360636],[-122.1572779,37.4360625],[-122.1573456,37.4360107],[-122.1573526,37.4360053],[-122.1573179,37.4359807],[-122.157276,37.4359372],[-122.1570706,37.4360888],[-122.1576043,37.4365171],[-122.1576119,37.4365232]]]}},{"type":"Feature","id":30721702,"properties":{"osmId":30721702,"category":"academic","building":"school","name":"Theater","_wikiTried":true},"geometry":{"type":"Polygon","coordinates":[[[-122.1575227,37.4367717],[-122.1574276,37.4366951],[-122.1576343,37.4365432],[-122.1576119,37.4365232],[-122.1576043,37.4365171],[-122.1573889,37.436665],[-122.1572043,37.4364969],[-122.157055,37.4366176],[-122.1570688,37.4366318],[-122.1570048,37.4366813],[-122.1570619,37.4367293],[-122.1571252,37.4366815],[-122.157325,37.4368522],[-122.157311,37.4368609],[-122.1573273,37.4368777],[-122.1573395,37.4368901],[-122.1573537,37.4368806],[-122.1573649,37.4368855],[-122.1575227,37.4367717]]]}},{"type":"Feature","id":30754713,"properties":{"osmId":30754713,"category":"academic","addr:city":"Stanford","addr:housenumber":"326","addr:street":"Galvez Street","building":"yes","name":"Frances C. Arrillaga Alumni Center","paloalto_ca:id":"29615","source":"City of Palo Alto CA 0713","_wikiTried":true},"geometry":{"type":"Polygon","coordinates":[[[-122.1651897,37.4300518],[-122.1650128,37.4305817],[-122.1650967,37.4305993],[-122.1650158,37.4308416],[-122.1649349,37.4308246],[-122.16486,37.4310489],[-122.165185,37.4311173],[-122.1651023,37.4313649],[-122.1648486,37.4313115],[-122.1648392,37.4313396],[-122.1646265,37.4312948],[-122.1646373,37.4312626],[-122.164469,37.4312272],[-122.1646168,37.4307846],[-122.1647432,37.4308113],[-122.1647556,37.4307742],[-122.1646758,37.4307574],[-122.1647548,37.4305208],[-122.1648499,37.4305409],[-122.1648576,37.4305176],[-122.164729,37.4304905],[-122.1648962,37.42999],[-122.1651897,37.4300518]]]}},{"type":"Feature","id":30754822,"properties":{"osmId":30754822,"category":"academic","building":"school","name":"Fairchild Building","source":"Personal Visit","_wikiTried":true},"geometry":{"type":"Polygon","coordinates":[[[-122.1754916,37.4316028],[-122.17535,37.4320336],[-122.1747988,37.4319194],[-122.1749404,37.4314886],[-122.1754916,37.4316028]]]}},{"type":"Feature","id":30775802,"properties":{"osmId":30775802,"category":"academic","building":"university","building:levels":"3","building:levels:underground":"1","name":"Clubhouse","old_name":"Women’s Clubhouse","_wikiTried":true},"geometry":{"type":"Polygon","coordinates":[[[-122.1701683,37.424741],[-122.1698581,37.424676],[-122.169809,37.4248238],[-122.170014,37.4248668],[-122.1701192,37.4248888],[-122.1701683,37.424741]]]}},{"type":"Feature","id":30775803,"properties":{"osmId":30775803,"category":"academic","building":"university","building:levels":"3","building:levels:underground":"1","name":"The Nitery","_wikiTried":true},"geometry":{"type":"Polygon","coordinates":[[[-122.1696646,37.4252318],[-122.1696103,37.4253975],[-122.170015,37.4254811],[-122.1700693,37.4253154],[-122.1698252,37.425265],[-122.1696646,37.4252318]]]}},{"type":"Feature","id":30775809,"properties":{"osmId":30775809,"category":"academic","building":"university","building:levels":"3","name":"Old Union","ref":"580","wikidata":"Q60775527","_wikiTried":true,"wikiTitle":"Old_Union_Fountain","wikiDescription":null,"wikiExtract":"Old Union Fountain is a fountain on the Stanford University campus in Stanford, California, United States. The fountain exhibits traditional mission style architecture, and is one of several on campus used in the tradition of \"fountain hopping\".","wikiUrl":"https://en.wikipedia.org/wiki/Old_Union_Fountain","wikiPhoto":"https://upload.wikimedia.org/wikipedia/commons/6/6f/Stanford_University%2C_Palo_Alto%2C_CA_USA_-_Old_Union_-_panoramio.jpg","wikiBuilt":null,"wikiHeight":null},"geometry":{"type":"Polygon","coordinates":[[[-122.1706029,37.424956],[-122.170458,37.4249254],[-122.1704036,37.4250877],[-122.1702387,37.4250529],[-122.1702128,37.4251302],[-122.1701789,37.4252313],[-122.1702072,37.4252372],[-122.1703388,37.425265],[-122.1703044,37.4253677],[-122.1703471,37.4253768],[-122.1703338,37.4254165],[-122.1704022,37.425431],[-122.1703948,37.4254531],[-122.1705567,37.4254873],[-122.1706188,37.4253019],[-122.1705753,37.4252927],[-122.170581,37.4252757],[-122.1707909,37.42532],[-122.1708264,37.4252139],[-122.1705632,37.4251583],[-122.1705705,37.4251366],[-122.1706777,37.4251593],[-122.1707173,37.4250412],[-122.1705838,37.425013],[-122.1706029,37.424956]]]}},{"type":"Feature","id":30775908,"properties":{"osmId":30775908,"category":"residential","building":"dormitory","building:levels":"3","name":"Otero","roof:shape":"gabled","_wikiTried":true},"geometry":{"type":"Polygon","coordinates":[[[-122.163969,37.4236641],[-122.1639538,37.4237089],[-122.1639381,37.4237551],[-122.1636315,37.4236895],[-122.1635833,37.4238316],[-122.1634373,37.4238003],[-122.1634821,37.4236683],[-122.1635189,37.4236762],[-122.1635772,37.4235046],[-122.1635135,37.4234909],[-122.1635428,37.4234048],[-122.1636874,37.4234358],[-122.163658,37.4235224],[-122.1636444,37.4235195],[-122.1636363,37.4235435],[-122.1639846,37.423618],[-122.163969,37.4236641]]]}},{"type":"Feature","id":30775913,"properties":{"osmId":30775913,"category":"residential","building":"dormitory","building:levels":"3","name":"Soto","roof:shape":"gabled","_wikiTried":true,"wikiTitle":"Jesús_Huerta_de_Soto","wikiDescription":"Spanish economist of the Austrian School (born 1956)","wikiExtract":"Jesús Huerta de Soto Ballester is a Spanish economist of the Austrian School. He is a professor in the Department of Applied Economics at King Juan Carlos University of Madrid, Spain and a Senior Fellow at the Mises Institute.","wikiUrl":"https://en.wikipedia.org/wiki/Jes%C3%BAs_Huerta_de_Soto","wikiPhoto":"https://upload.wikimedia.org/wikipedia/commons/2/2c/Jes%C3%BAs_Huerta_de_Soto_2014_%28cropped%29.jpg","wikiBuilt":null,"wikiHeight":null},"geometry":{"type":"Polygon","coordinates":[[[-122.1637562,37.4245588],[-122.1637401,37.4246061],[-122.163726,37.4246495],[-122.1638905,37.4246852],[-122.164005,37.4243521],[-122.1641212,37.4243773],[-122.164159,37.4242672],[-122.1640542,37.4242445],[-122.1640343,37.4243026],[-122.164003,37.4242958],[-122.1639966,37.4243144],[-122.1638301,37.4242783],[-122.1638466,37.4242303],[-122.1636781,37.4241938],[-122.1636373,37.4243124],[-122.163826,37.4243533],[-122.1637562,37.4245588]]]}},{"type":"Feature","id":31705901,"properties":{"osmId":31705901,"category":"academic","building":"roof","layer":"1"},"geometry":{"type":"Polygon","coordinates":[[[-122.1661579,37.430521],[-122.1660785,37.4305397],[-122.1660053,37.4305512],[-122.1659446,37.4305569],[-122.1658739,37.4305574],[-122.1658017,37.430551],[-122.1657528,37.4305455],[-122.1657709,37.4303715],[-122.1657743,37.4303387],[-122.1660874,37.4303173],[-122.1660988,37.4303504],[-122.1661579,37.430521]]]}},{"type":"Feature","id":31711513,"properties":{"osmId":31711513,"category":"academic","building":"university","ref":"570"},"geometry":{"type":"Polygon","coordinates":[[[-122.1710016,37.4254307],[-122.1709093,37.4257028],[-122.1715505,37.4258401],[-122.1716429,37.4255679],[-122.1710016,37.4254307]]]}},{"type":"Feature","id":31711516,"properties":{"osmId":31711516,"category":"academic","building":"university","ref":"560"},"geometry":{"type":"Polygon","coordinates":[[[-122.1718508,37.4258943],[-122.1715885,37.4258379],[-122.171629,37.4257191],[-122.1718913,37.4257756],[-122.1718508,37.4258943]]]}},{"type":"Feature","id":31711531,"properties":{"osmId":31711531,"category":"academic","building":"yes","building:levels":"1","name":"Press","_wikiTried":true},"geometry":{"type":"Polygon","coordinates":[[[-122.1727506,37.4254349],[-122.1728107,37.4252645],[-122.1722528,37.4251418],[-122.1721927,37.425319],[-122.1726562,37.4254144],[-122.1727506,37.4254349]]]}},{"type":"Feature","id":31711591,"properties":{"osmId":31711591,"category":"residential","building":"apartments","building:levels":"3","roof:shape":"gabled"},"geometry":{"type":"Polygon","coordinates":[[[-122.1623349,37.4242978],[-122.1623003,37.4242899],[-122.1622914,37.4243147],[-122.1622533,37.4243061],[-122.1622624,37.4242809],[-122.1622518,37.4242785],[-122.1622663,37.4242377],[-122.1622809,37.424241],[-122.1622858,37.4242274],[-122.1623196,37.4242351],[-122.1623158,37.4242456],[-122.1623496,37.4242532],[-122.1623349,37.4242978]]]}},{"type":"Feature","id":31711622,"properties":{"osmId":31711622,"category":"academic","building":"yes"},"geometry":{"type":"Polygon","coordinates":[[[-122.1634797,37.4242287],[-122.1635908,37.4238989],[-122.1633854,37.4238553],[-122.1633887,37.4238454],[-122.1632959,37.4238257],[-122.1632815,37.4238685],[-122.1631216,37.4238345],[-122.1631359,37.423792],[-122.1630057,37.4237644],[-122.1630026,37.4237736],[-122.1627994,37.4237304],[-122.1627704,37.4238167],[-122.1627872,37.4238202],[-122.1627349,37.4239758],[-122.1627227,37.4239732],[-122.1626934,37.42406],[-122.1628673,37.4240969],[-122.1628723,37.424082],[-122.1629825,37.4241055],[-122.1629721,37.4241363],[-122.162956,37.4241328],[-122.1629318,37.4242045],[-122.163176,37.4242564],[-122.1632002,37.4241845],[-122.1631851,37.4241812],[-122.1631943,37.4241539],[-122.1633051,37.4241774],[-122.1633006,37.4241907],[-122.1634797,37.4242287]]]}},{"type":"Feature","id":68584060,"properties":{"osmId":68584060,"category":"academic","addr:housename":"Stanford Cancer Center","addr:housenumber":"875","addr:postcode":"94305","addr:street":"Blake Wilbur Drive","building":"yes","name":"Stanford Cancer Center","source":"personal visit","_wikiTried":true,"wikiTitle":"Stanford_University_Medical_Center","wikiDescription":"Private hospital affiliated with Stanford University School of Medicine","wikiExtract":"Stanford University Medical Center is an American teaching hospital which includes Stanford Health Care and Stanford Children's Health. It serves as a private hospital for the Stanford University School of Medicine. In 2022–23, it was ranked by the U.S. News as the 3rd-best hospital in California and 10th-best in the country.","wikiUrl":"https://en.wikipedia.org/wiki/Stanford_University_Medical_Center","wikiPhoto":"https://upload.wikimedia.org/wikipedia/commons/e/e2/New_Stanford_Hospital.jpg","wikiBuilt":"1959","wikiHeight":null},"geometry":{"type":"Polygon","coordinates":[[[-122.1759645,37.4363148],[-122.1759024,37.4363015],[-122.1758978,37.4363149],[-122.1758491,37.4363045],[-122.1758737,37.436232],[-122.1758308,37.4362228],[-122.1758616,37.4361324],[-122.1759018,37.4361411],[-122.1760068,37.4358322],[-122.175903,37.4358099],[-122.1759217,37.4357551],[-122.175931,37.4357571],[-122.1759403,37.4357299],[-122.1758443,37.4357093],[-122.1758584,37.4356678],[-122.1758765,37.4356704],[-122.1758805,37.4356611],[-122.1759073,37.4356266],[-122.1759733,37.4354326],[-122.1767223,37.4355932],[-122.1768618,37.4356231],[-122.1769906,37.4356507],[-122.1769495,37.4357715],[-122.176912,37.4357635],[-122.1768582,37.4359216],[-122.1767701,37.4359027],[-122.1766315,37.435873],[-122.1765284,37.4358509],[-122.1765052,37.4359189],[-122.1765357,37.4359254],[-122.1765044,37.4360175],[-122.1764309,37.4360018],[-122.1762958,37.4363992],[-122.1762481,37.436389],[-122.1762532,37.4363737],[-122.176193,37.4363608],[-122.176183,37.4363902],[-122.1759554,37.4363414],[-122.1759645,37.4363148]]]}},{"type":"Feature","id":81794792,"properties":{"osmId":81794792,"category":"academic","building":"yes","name":"Jen-Hsun Huang Engineering","wikidata":"Q99570321","_wikiTried":true},"geometry":{"type":"Polygon","coordinates":[[[-122.1748066,37.4277548],[-122.1740255,37.4275889],[-122.1739356,37.4278559],[-122.1741401,37.4278994],[-122.1742009,37.4279123],[-122.1741965,37.4279252],[-122.1741714,37.4279998],[-122.1740984,37.4280349],[-122.1740586,37.4280516],[-122.1740286,37.4281454],[-122.1740531,37.4281813],[-122.1740917,37.4282295],[-122.1741659,37.4282455],[-122.1742414,37.4282628],[-122.174348,37.4282149],[-122.17438,37.4281234],[-122.1743106,37.4280321],[-122.1743359,37.4279569],[-122.1743403,37.427944],[-122.174716,37.4280237],[-122.1748066,37.4277548]]]}},{"type":"Feature","id":81794793,"properties":{"osmId":81794793,"category":"academic","building":"university","layer":"1","loc_name":"Y2E2","name":"Jerry Yang & Akiko Yamazaki Environment & Energy Building","short_name":"Y2E2","_wikiTried":true},"geometry":{"type":"Polygon","coordinates":[[[-122.1748813,37.4280543],[-122.1749698,37.4277896],[-122.1760918,37.4280264],[-122.1759094,37.4285716],[-122.1754285,37.4284702],[-122.1755224,37.4281895],[-122.1748813,37.4280543]]]}},{"type":"Feature","id":81794794,"properties":{"osmId":81794794,"category":"academic","addr:city":"Stanford","addr:country":"US","addr:housenumber":"348","addr:postcode":"94305","addr:state":"CA","addr:street":"Via Pueblo","alt_name":"nano building","building":"university","building:levels":"3","default_angle":"-15.495","name":"Spilker Engineering and Applied Sciences","_wikiTried":true},"geometry":{"type":"Polygon","coordinates":[[[-122.1743822,37.4290211],[-122.1744718,37.4287519],[-122.1736939,37.4285886],[-122.1736054,37.4288573],[-122.1743822,37.4290211]]]}},{"type":"Feature","id":86355804,"properties":{"osmId":86355804,"category":"academic","addr:city":"Stanford","addr:housenumber":"420","addr:postcode":"94305","addr:state":"CA","addr:street":"Via Palou","building":"university","ele":"22","gnis:feature_id":"1669678","name":"Paul G. Allen","source":"USGS Geonames","_wikiTried":true},"geometry":{"type":"Polygon","coordinates":[[[-122.1750883,37.4298491],[-122.1750782,37.4298791],[-122.1747028,37.4297996],[-122.1744212,37.42974],[-122.1745443,37.4293691],[-122.1744859,37.4293569],[-122.1745409,37.4291912],[-122.1752034,37.42933],[-122.1751462,37.4295022],[-122.175306,37.4295357],[-122.1752736,37.4296332],[-122.1751613,37.4296097],[-122.1751426,37.4296659],[-122.1752249,37.4296831],[-122.1751851,37.4298031],[-122.1753638,37.4298405],[-122.175343,37.429903],[-122.1750883,37.4298491]]]}},{"type":"Feature","id":93493591,"properties":{"osmId":93493591,"category":"academic","building":"school"},"geometry":{"type":"Polygon","coordinates":[[[-122.1563275,37.4376476],[-122.1564691,37.4375483],[-122.1562404,37.4373565],[-122.1561164,37.4374462],[-122.1561016,37.4374568],[-122.1563275,37.4376476]]]}},{"type":"Feature","id":93493592,"properties":{"osmId":93493592,"category":"academic","building":"school","name":"Woodshop","_wikiTried":true},"geometry":{"type":"Polygon","coordinates":[[[-122.1553147,37.4361095],[-122.1551704,37.4359824],[-122.154955,37.4361398],[-122.1551004,37.436263],[-122.1551203,37.4362466],[-122.1551677,37.4362853],[-122.155217,37.4362474],[-122.1551752,37.4362064],[-122.1553147,37.4361095]]]}},{"type":"Feature","id":93493593,"properties":{"osmId":93493593,"category":"academic","building":"school","name":"General Ed Building","_wikiTried":true},"geometry":{"type":"Polygon","coordinates":[[[-122.1561164,37.4374462],[-122.1560882,37.4374255],[-122.1557444,37.4376624],[-122.1560736,37.4379403],[-122.1563869,37.4376978],[-122.1563275,37.4376476],[-122.1561016,37.4374568],[-122.1561164,37.4374462]]]}},{"type":"Feature","id":109151789,"properties":{"osmId":109151789,"category":"academic","addr:housename":"Beckman Center","addr:housenumber":"279","addr:postcode":"94305","addr:street":"Campus Drive West","building":"school","name":"Beckman Center for Molecular and Genetic Medicine","short_name":"Beckman Center","wikidata":"Q22095330","wikipedia":"en:Beckman Center for Molecular and Genetic Medicine","_wikiTried":true,"wikiTitle":"Beckman_Center_for_Molecular_and_Genetic_Medicine","wikiDescription":"Research center at Stanford University","wikiExtract":"The Beckman Center for Molecular and Genetic Medicine is an interdisciplinary center, part of Stanford School of Medicine at Stanford University, Stanford, California. Considered a \"unique facility\", it was one of the first research centers to take a translational medicine approach to molecular and medical genetics.","wikiUrl":"https://en.wikipedia.org/wiki/Beckman_Center_for_Molecular_and_Genetic_Medicine","wikiPhoto":"https://upload.wikimedia.org/wikipedia/commons/1/13/Stanford_Beckman_Center_for_Molecular_and_Genetic_Medicine.jpg","wikiBuilt":"1989","wikiHeight":null},"geometry":{"type":"Polygon","coordinates":[[[-122.1768034,37.4322718],[-122.1764866,37.4322069],[-122.1765008,37.432163],[-122.1763858,37.4321394],[-122.1763087,37.4323766],[-122.1759696,37.4323071],[-122.1761312,37.4318097],[-122.1765439,37.4318943],[-122.1766017,37.4317165],[-122.17696,37.43179],[-122.1768691,37.4320689],[-122.1768034,37.4322718]]]}},{"type":"Feature","id":109151790,"properties":{"osmId":109151790,"category":"academic","building":"university","name":"Falk Center","_wikiTried":true},"geometry":{"type":"Polygon","coordinates":[[[-122.1740592,37.4353013],[-122.1737524,37.4352362],[-122.1738134,37.4350407],[-122.1737803,37.4350337],[-122.1737517,37.4350182],[-122.1737409,37.4349899],[-122.173757,37.4349586],[-122.1738,37.4349437],[-122.1738484,37.4349528],[-122.1739127,37.4347533],[-122.1742184,37.4348202],[-122.1740592,37.4353013]]]}},{"type":"Feature","id":116855068,"properties":{"osmId":116855068,"category":"academic","addr:housename":"Li Ka Shing Center","addr:housenumber":"291","addr:postcode":"94305","addr:street":"Campus Drive West","alt_name":"Li Ka Shing Center for Learning and Knowledge","building":"school","name":"Li Ka Shing Center","short_name":"LKSC","source":"Personal Visit","_wikiTried":true},"geometry":{"type":"Polygon","coordinates":[[[-122.1759383,37.4321932],[-122.1761643,37.4315466],[-122.1757319,37.4314513],[-122.1756499,37.4316857],[-122.1755059,37.4320979],[-122.1759383,37.4321932]]]}},{"type":"Feature","id":130100412,"properties":{"osmId":130100412,"category":"academic","addr:housename":"Blake Wilbur Building","addr:housenumber":"900","addr:postcode":"94304","addr:street":"Blake Wilbur Drive","building":"yes","name":"Blake Wilbur Building","source":"personal visit","_wikiTried":true},"geometry":{"type":"Polygon","coordinates":[[[-122.1772089,37.4356612],[-122.1773027,37.4353679],[-122.1772903,37.4353654],[-122.1773039,37.4353229],[-122.1773499,37.4353322],[-122.1773626,37.4352924],[-122.1776836,37.4353571],[-122.1775526,37.4357668],[-122.1772295,37.4357016],[-122.1772404,37.4356676],[-122.1772089,37.4356612]]]}},{"type":"Feature","id":130100416,"properties":{"osmId":130100416,"category":"medical","addr:housename":"Lucile Packard Children's Hospital West","addr:housenumber":"725","addr:postcode":"94304","addr:street":"Welch Road","building":"hospital","name":"Lucile Packard Children's Hospital West","source":"personal visit","_wikiTried":true,"wikiTitle":"Lucile_Packard_Children's_Hospital","wikiDescription":"Hospital in California, United States","wikiExtract":"Lucile Packard Children's Hospital at Stanford (LPCH) is a nationally ranked women's and children's hospital which is affiliated with Stanford University Health system's branding structure. Lucile Packard Children's Hospital maintains independent governance, finances, licenses and legal identities which shows them as legally and operationally distinct from Stanford Health Care and is not a unified legal corporation and which is also stated on LPCH's own discharge paperwork with states it is an \"independent nonprofit organization that is affiliated with but separate from Stanford University.\" The hospital is located adjacent to the campus at 725 Welch Road, Palo Alto, California. It was founded in 1991 and is staffed by over 650 physicians with 4,750 staff and volunteers. The hospital specializes in the care of infants, children, teens, young adults aged 0–21, but sometimes treats older adults and expectant mothers. Lucile Packard Children's Hospital is an ACS verified Level 1 regional pediatric trauma center, 1 of 7 in the state.","wikiUrl":"https://en.wikipedia.org/wiki/Lucile_Packard_Children's_Hospital","wikiPhoto":null,"wikiBuilt":"1991","wikiHeight":null},"geometry":{"type":"Polygon","coordinates":[[[-122.1750506,37.4355623],[-122.1750249,37.4356411],[-122.175308,37.4356992],[-122.1753129,37.4356841],[-122.1754235,37.4357068],[-122.1753989,37.4357824],[-122.1757808,37.4358609],[-122.1757743,37.4358809],[-122.1757978,37.4358857],[-122.1757189,37.436128],[-122.1756945,37.436123],[-122.175667,37.4362074],[-122.17556,37.4361855],[-122.1755395,37.4362486],[-122.1754443,37.4362291],[-122.1754196,37.4363052],[-122.1753233,37.4362854],[-122.1752977,37.4363642],[-122.1751452,37.4363329],[-122.1751007,37.4364696],[-122.1751025,37.4364699],[-122.1750162,37.4367348],[-122.1749589,37.436723],[-122.174973,37.4366798],[-122.174635,37.4366103],[-122.1747068,37.4363899],[-122.1747403,37.4363967],[-122.1748369,37.4361004],[-122.1743728,37.436005],[-122.1744455,37.4357817],[-122.1744584,37.4357423],[-122.1744731,37.435697],[-122.1744533,37.4356929],[-122.1742635,37.4356539],[-122.1743148,37.4354966],[-122.1742859,37.4354906],[-122.1743041,37.4354349],[-122.1743703,37.4354485],[-122.1743782,37.4354242],[-122.1743971,37.4354281],[-122.1750323,37.4355585],[-122.1750506,37.4355623]]]}},{"type":"Feature","id":131355211,"properties":{"osmId":131355211,"category":"academic","addr:city":"Stanford","addr:housenumber":"102","addr:postcode":"94305","addr:state":"CA","addr:street":"Hoskins Court","building":"university","name":"Hoskins Midrise","_wikiTried":true},"geometry":{"type":"Polygon","coordinates":[[[-122.1554761,37.4266001],[-122.1554931,37.4266068],[-122.1554151,37.4267335],[-122.1553971,37.4267264],[-122.1553591,37.4267883],[-122.1551841,37.4267208],[-122.1552431,37.426624],[-122.1552221,37.4266155],[-122.1552981,37.4264912],[-122.1553211,37.4265],[-122.1553571,37.4264405],[-122.1555321,37.4265081],[-122.1554761,37.4266001]]]}},{"type":"Feature","id":131641541,"properties":{"osmId":131641541,"category":"academic","addr:city":"Stanford","addr:housenumber":"645","addr:postcode":"94305","addr:state":"CA","addr:street":"Knight Way","building":"university","name":"Anne T. & Robert M. Bass Center","paloalto_ca:id":"29604","short_name":"Bass Center","source":"City of Palo Alto CA 0713","_wikiTried":true},"geometry":{"type":"Polygon","coordinates":[[[-122.1620088,37.4287357],[-122.1621626,37.4282847],[-122.1624281,37.4283418],[-122.1622742,37.4287928],[-122.1620088,37.4287357]]]}},{"type":"Feature","id":131641542,"properties":{"osmId":131641542,"category":"academic","addr:city":"Stanford","addr:housenumber":"643","addr:street":"Jane Stanford Way","building":"university","name":"W. Carter McClelland Building","paloalto_ca:id":"29601","short_name":"McClelland Building","source":"City of Palo Alto CA 0713","_wikiTried":true},"geometry":{"type":"Polygon","coordinates":[[[-122.1631504,37.4277639],[-122.1631438,37.4277829],[-122.1633557,37.4278289],[-122.1633033,37.4279811],[-122.1631626,37.4279506],[-122.1631473,37.4279953],[-122.1625034,37.4278555],[-122.1625719,37.4276567],[-122.1626755,37.4276792],[-122.1626814,37.427662],[-122.1631504,37.4277639]]]}},{"type":"Feature","id":131641543,"properties":{"osmId":131641543,"category":"academic","addr:city":"Stanford","addr:housenumber":"641","addr:postcode":"94305","addr:state":"CA","addr:street":"Knight Way","building":"university","name":"Lorenzo H. Zambrano Hall","short_name":"Zambrano Hall","_wikiTried":true},"geometry":{"type":"Polygon","coordinates":[[[-122.1628921,37.4284499],[-122.1632991,37.4285353],[-122.1632519,37.4286772],[-122.1632167,37.4286699],[-122.1631454,37.4288843],[-122.1628132,37.4288146],[-122.1628476,37.4287111],[-122.162808,37.4287028],[-122.1628921,37.4284499]]]}},{"type":"Feature","id":131641545,"properties":{"osmId":131641545,"category":"academic","addr:city":"Stanford","addr:housenumber":"635","addr:postcode":"94305","addr:state":"CA","addr:street":"Knight Way","building":"university","name":"John A. & Cynthia Fry Gunn Building","paloalto_ca:id":"29614","short_name":"Gunn Building","source":"City of Palo Alto CA 0713","_wikiTried":true},"geometry":{"type":"Polygon","coordinates":[[[-122.1633814,37.4281463],[-122.1634175,37.4280396],[-122.1636501,37.4280892],[-122.1635082,37.428509],[-122.1632097,37.4284454],[-122.1633155,37.4281323],[-122.1633814,37.4281463]]]}},{"type":"Feature","id":131641546,"properties":{"osmId":131641546,"category":"academic","addr:city":"Stanford","addr:housenumber":"655","addr:postcode":"94305","addr:state":"CA","addr:street":"Knight Way","building":"university","name":"Faculty Building West","_wikiTried":true},"geometry":{"type":"Polygon","coordinates":[[[-122.1617095,37.4278576],[-122.1622189,37.4279677],[-122.1621544,37.4281559],[-122.1621102,37.4281463],[-122.1620684,37.4282681],[-122.1621217,37.4282796],[-122.1620516,37.4284841],[-122.1620043,37.4284739],[-122.1619904,37.4285144],[-122.1617587,37.4284643],[-122.1617725,37.4284241],[-122.1615242,37.4283704],[-122.1615938,37.4281673],[-122.1618834,37.42823],[-122.1619261,37.4281055],[-122.1616453,37.4280448],[-122.1617095,37.4278576]]]}},{"type":"Feature","id":131641547,"properties":{"osmId":131641547,"category":"academic","addr:city":"Stanford","addr:housenumber":"655","addr:postcode":"94305","addr:state":"CA","addr:street":"Knight Way","building":"university","name":"Faculty Building East","_wikiTried":true},"geometry":{"type":"Polygon","coordinates":[[[-122.161557,37.4281602],[-122.1614881,37.4283596],[-122.1611704,37.4282904],[-122.161156,37.4283321],[-122.1609306,37.428283],[-122.1609434,37.4282461],[-122.1608719,37.4282305],[-122.1609412,37.4280299],[-122.1610138,37.4280457],[-122.161055,37.4279265],[-122.16098,37.4279101],[-122.1610484,37.4277122],[-122.1616631,37.4278462],[-122.1615954,37.4280421],[-122.1612406,37.4279648],[-122.1611999,37.4280824],[-122.161557,37.4281602]]]}},{"type":"Feature","id":131641548,"properties":{"osmId":131641548,"category":"academic","addr:city":"Stanford","addr:housenumber":"653","addr:street":"Jane Stanford Way","building":"university","name":"MBA Class of 1968 Building","paloalto_ca:id":"29602","source":"City of Palo Alto CA 0713","_wikiTried":true},"geometry":{"type":"Polygon","coordinates":[[[-122.1623615,37.4276132],[-122.1624655,37.427635],[-122.1624011,37.4278289],[-122.1617566,37.4276939],[-122.1618226,37.4274951],[-122.1618916,37.4275095],[-122.1618971,37.4274929],[-122.1623686,37.4275917],[-122.1623615,37.4276132]]]}},{"type":"Feature","id":158630338,"properties":{"osmId":158630338,"category":"academic","building":"school","name":"Clark Auditorium","source":"Personal Visit","wikidata":"Q6135114","_wikiTried":true,"wikiTitle":"James_H._Clark_Center","wikiDescription":null,"wikiExtract":"The James H. Clark Center at Stanford University, California, United States, is a building, completed in 2003, that houses interdisciplinary research in the biological sciences.","wikiUrl":"https://en.wikipedia.org/wiki/James_H._Clark_Center","wikiPhoto":"https://upload.wikimedia.org/wikipedia/commons/7/76/Clark_Center_Stanford_October_2019_HDR_1.jpg","wikiBuilt":null,"wikiHeight":null},"geometry":{"type":"Polygon","coordinates":[[[-122.174464,37.4312179],[-122.1744279,37.4312137],[-122.1743953,37.4312007],[-122.1743695,37.4311802],[-122.1743531,37.4311543],[-122.1743478,37.4311256],[-122.1743541,37.4310971],[-122.1743714,37.4310716],[-122.1743979,37.4310517],[-122.174431,37.4310394],[-122.1744672,37.431036],[-122.1745018,37.4310414],[-122.1745326,37.4310549],[-122.1745568,37.4310753],[-122.1745721,37.4311005],[-122.174577,37.4311282],[-122.1745711,37.4311557],[-122.1745549,37.4311806],[-122.17453,37.4312004],[-122.1744987,37.4312132],[-122.174464,37.4312179]]]}},{"type":"Feature","id":158630340,"properties":{"osmId":158630340,"category":"academic","addr:city":"Stanford","addr:housenumber":"318","addr:postcode":"94305","addr:state":"CA","addr:street":"Campus Drive West","alt_name":"Clark Center","building":"school","name":"James H. Clark Center","source":"Personal Visit","wikidata":"Q6135114","_wikiTried":true,"wikiTitle":"James_H._Clark_Center","wikiDescription":null,"wikiExtract":"The James H. Clark Center at Stanford University, California, United States, is a building, completed in 2003, that houses interdisciplinary research in the biological sciences.","wikiUrl":"https://en.wikipedia.org/wiki/James_H._Clark_Center","wikiPhoto":"https://upload.wikimedia.org/wikipedia/commons/7/76/Clark_Center_Stanford_October_2019_HDR_1.jpg","wikiBuilt":null,"wikiHeight":null},"geometry":{"type":"Polygon","coordinates":[[[-122.1743155,37.4311148],[-122.1743269,37.4312168],[-122.1743377,37.4313148],[-122.174335,37.4314202],[-122.1743176,37.4315118],[-122.174288,37.431597],[-122.1742438,37.4316833],[-122.1741741,37.4317802],[-122.174115,37.4318462],[-122.1740493,37.4318931],[-122.1739635,37.4319122],[-122.173879,37.431908],[-122.1737985,37.4318888],[-122.1741875,37.4307084],[-122.1749653,37.4308761],[-122.174599,37.4319685],[-122.1744906,37.4319474],[-122.1744342,37.4319229],[-122.1743913,37.4318856],[-122.1743551,37.4318324],[-122.1743417,37.4317717],[-122.174339,37.4316907],[-122.1743511,37.4315917],[-122.1743766,37.4315086],[-122.1744141,37.4314192],[-122.1744678,37.4313308],[-122.1746045,37.4311668],[-122.1746099,37.4311231],[-122.1745925,37.4310848],[-122.1745603,37.431055],[-122.1745134,37.4310305],[-122.174453,37.4310241],[-122.1743859,37.4310369],[-122.174335,37.4310731],[-122.1743155,37.4311148]]]}},{"type":"Feature","id":158646524,"properties":{"osmId":158646524,"category":"academic","alt_name":"Lucas Center","building":"yes","name":"Richard M. Lucas Center for Imaging","_wikiTried":true,"wikiTitle":"Stanford_University_Medical_Center","wikiDescription":"Private hospital affiliated with Stanford University School of Medicine","wikiExtract":"Stanford University Medical Center is an American teaching hospital which includes Stanford Health Care and Stanford Children's Health. It serves as a private hospital for the Stanford University School of Medicine. In 2022–23, it was ranked by the U.S. News as the 3rd-best hospital in California and 10th-best in the country.","wikiUrl":"https://en.wikipedia.org/wiki/Stanford_University_Medical_Center","wikiPhoto":"https://upload.wikimedia.org/wikipedia/commons/e/e2/New_Stanford_Hospital.jpg","wikiBuilt":"1959","wikiHeight":null},"geometry":{"type":"Polygon","coordinates":[[[-122.1782591,37.4332409],[-122.1784261,37.4332771],[-122.1784181,37.4332995],[-122.1790618,37.4334358],[-122.1790712,37.4334198],[-122.1791791,37.4334443],[-122.1792099,37.4333559],[-122.1792549,37.433357],[-122.1792944,37.4333453],[-122.1793206,37.4333272],[-122.1793287,37.4333016],[-122.1794433,37.4333229],[-122.1794902,37.4331738],[-122.1793456,37.4331411],[-122.1793601,37.4331025],[-122.179285,37.4330822],[-122.1792656,37.4331376],[-122.1792206,37.4331291],[-122.1792066,37.4331131],[-122.1791844,37.4331046],[-122.179157,37.4331035],[-122.1791375,37.4331057],[-122.1791147,37.4331216],[-122.1790859,37.4331152],[-122.1791013,37.4330748],[-122.1785347,37.4329502],[-122.1785294,37.4329672],[-122.1784663,37.4329502],[-122.1784616,37.4329662],[-122.1784435,37.4329481],[-122.178416,37.4329385],[-122.1783865,37.4329438],[-122.1783597,37.4329608],[-122.1783476,37.4329875],[-122.1783543,37.4330077],[-122.1783369,37.4330088],[-122.1782591,37.4332409]]]}},{"type":"Feature","id":158646528,"properties":{"osmId":158646528,"category":"academic","addr:city":"Stanford","addr:housenumber":"259","addr:street":"Campus Drive","building":"yes","gid":"22806","name":"School of Medicine Loading Dock","source":"Personal Visit","_wikiTried":true},"geometry":{"type":"Polygon","coordinates":[[[-122.1787147,37.4316784],[-122.1787406,37.4315913],[-122.1783597,37.4315019],[-122.1783556,37.4311885],[-122.1782576,37.4312321],[-122.178259,37.4313421],[-122.1782227,37.431373],[-122.1782206,37.4315724],[-122.1787147,37.4316784]]]}},{"type":"Feature","id":158646537,"properties":{"osmId":158646537,"category":"academic","alt_name":"SIM1","building":"school","name":"Lorry I. Lokey Stem Cell Research Building","source":"Personal Visit","_wikiTried":true},"geometry":{"type":"Polygon","coordinates":[[[-122.1772091,37.4309992],[-122.1770776,37.4314039],[-122.1772251,37.4314316],[-122.177193,37.4315296],[-122.1773163,37.4315572],[-122.1772842,37.4316808],[-122.1780539,37.4318427],[-122.1780486,37.4314167],[-122.1777026,37.43134],[-122.1777133,37.4313038],[-122.177783,37.4313144],[-122.1778394,37.4311377],[-122.1772091,37.4309992]]]}},{"type":"Feature","id":158646543,"properties":{"osmId":158646543,"category":"academic","addr:housename":"Center for Clinical Sciences Research","addr:housenumber":"269","addr:postcode":"94305","addr:street":"Campus Drive","alt_name":"CCSR","building":"school","name":"Center for Clinical Sciences Research","source":"Personal Visit","_wikiTried":true,"wikiTitle":"Stanford_University_Medical_Center","wikiDescription":"Private hospital affiliated with Stanford University School of Medicine","wikiExtract":"Stanford University Medical Center is an American teaching hospital which includes Stanford Health Care and Stanford Children's Health. It serves as a private hospital for the Stanford University School of Medicine. In 2022–23, it was ranked by the U.S. News as the 3rd-best hospital in California and 10th-best in the country.","wikiUrl":"https://en.wikipedia.org/wiki/Stanford_University_Medical_Center","wikiPhoto":"https://upload.wikimedia.org/wikipedia/commons/e/e2/New_Stanford_Hospital.jpg","wikiBuilt":"1959","wikiHeight":null},"geometry":{"type":"Polygon","coordinates":[[[-122.1768707,37.4325336],[-122.1779927,37.4327734],[-122.1780917,37.4324812],[-122.1780449,37.4324712],[-122.1780806,37.4323659],[-122.1779723,37.4323428],[-122.178062,37.4320782],[-122.1770952,37.4318715],[-122.1770287,37.4320667],[-122.1768707,37.4325336]]]}},{"type":"Feature","id":160447376,"properties":{"osmId":160447376,"category":"residential","addr:city":"Stanford","addr:housenumber":"455","addr:state":"CA","addr:street":"Arguello Way","building":"apartments","building:levels":"3","ele":"24","gnis:feature_id":"1669798","name":"Toyon Hall","paloalto_ca:id":"29658","source":"City of Palo Alto CA 0713","wikidata":"Q7830692","_wikiTried":true,"wikiTitle":"Toyon_Hall","wikiDescription":null,"wikiExtract":"Toyon Hall is an upperclassman dormitory at Stanford University. Its Romanesque and Mediterranean Revival Style residence halls originally housed 150 men, but today Toyon is a co-ed dorm housing 158 residents. Each of its three floors is co-ed, and most rooms are two-room doubles.","wikiUrl":"https://en.wikipedia.org/wiki/Toyon_Hall","wikiPhoto":"https://upload.wikimedia.org/wikipedia/commons/7/74/StanfordToyonHallfront.jpg","wikiBuilt":null,"wikiHeight":null},"geometry":{"type":"Polygon","coordinates":[[[-122.1633546,37.4265631],[-122.1631986,37.426531],[-122.1633457,37.42608],[-122.1631778,37.4260361],[-122.1632148,37.4259265],[-122.1633981,37.4259623],[-122.1635447,37.4255132],[-122.1636915,37.4255434],[-122.1635986,37.4258281],[-122.1639576,37.425902],[-122.1639237,37.4260062],[-122.1635518,37.4259296],[-122.1634756,37.4261629],[-122.1638498,37.4262399],[-122.163815,37.4263467],[-122.1634498,37.4262715],[-122.1633546,37.4265631]]]}},{"type":"Feature","id":161272520,"properties":{"osmId":161272520,"category":"residential","addr:city":"Stanford","addr:housenumber":"228","addr:postcode":"94305","addr:state":"CA","addr:street":"Ayrshire Farm Lane","building":"dormitory","building:levels":"3","name":"Rains, Building 228","operator":"Leland Stanford Junior University","roof:shape":"hipped","_wikiTried":true},"geometry":{"type":"Polygon","coordinates":[[[-122.1598359,37.4222994],[-122.1597029,37.4221795],[-122.1596669,37.4222048],[-122.1595969,37.4221422],[-122.1597749,37.4220172],[-122.1598139,37.4220524],[-122.1598399,37.4220347],[-122.1598709,37.422063],[-122.1598099,37.422106],[-122.1599429,37.4222257],[-122.1600089,37.4221794],[-122.1600429,37.4222105],[-122.1600179,37.4222282],[-122.1600519,37.4222585],[-122.1598709,37.4223852],[-122.1598019,37.4223231],[-122.1598359,37.4222994]]]}},{"type":"Feature","id":161272533,"properties":{"osmId":161272533,"category":"residential","addr:city":"Stanford","addr:housenumber":"227","addr:postcode":"94305","addr:state":"CA","addr:street":"Bowdoin Street","building":"dormitory","building:levels":"3","roof:shape":"hipped"},"geometry":{"type":"Polygon","coordinates":[[[-122.1602149,37.4220177],[-122.1600809,37.4218985],[-122.1600459,37.4219235],[-122.1599759,37.4218615],[-122.1601529,37.4217356],[-122.1601929,37.421771],[-122.1602179,37.4217534],[-122.1602499,37.4217815],[-122.1601879,37.4218252],[-122.1603219,37.4219442],[-122.1603869,37.4218978],[-122.1604159,37.4219219],[-122.1603899,37.4219416],[-122.1604299,37.421977],[-122.1602509,37.4221041],[-122.1601809,37.422042],[-122.1602149,37.4220177]]]}},{"type":"Feature","id":161272540,"properties":{"osmId":161272540,"category":"residential","addr:city":"Stanford","addr:housenumber":"217;220;222;224;226;230","addr:postcode":"94305","addr:state":"CA","addr:street":"Ayrshire Farm Lane","building":"dormitory","building:levels":"3","layer":"1","name":"Timoshenko Lounge","_wikiTried":true},"geometry":{"type":"Polygon","coordinates":[[[-122.1594759,37.4219856],[-122.1595229,37.4219522],[-122.1595949,37.4220165],[-122.1596509,37.4219768],[-122.1596209,37.4219497],[-122.1599119,37.4217425],[-122.1599699,37.4217937],[-122.1599409,37.4218142],[-122.1599629,37.4218341],[-122.1599039,37.4218765],[-122.1598819,37.4218571],[-122.1598499,37.4218798],[-122.1598719,37.4218998],[-122.1598229,37.4219346],[-122.1598009,37.421915],[-122.1597689,37.4219379],[-122.1597909,37.4219577],[-122.1595989,37.4220947],[-122.1594759,37.4219856]]]}},{"type":"Feature","id":161272541,"properties":{"osmId":161272541,"category":"residential","addr:city":"Stanford","addr:housenumber":"227;229;232;234;236","addr:postcode":"94305","addr:state":"CA","addr:street":"Ayrshire Farm Lane","building":"dormitory","building:levels":"3","layer":"1","name":"Fairclough Lounge","roof:shape":"hipped","_wikiTried":true},"geometry":{"type":"Polygon","coordinates":[[[-122.1600365,37.4224865],[-122.1599205,37.4223839],[-122.1601155,37.422245],[-122.1601335,37.4222616],[-122.1601675,37.4222376],[-122.1601485,37.4222206],[-122.1601985,37.4221852],[-122.1602175,37.4222023],[-122.1602465,37.4221811],[-122.1602275,37.4221639],[-122.1602895,37.4221199],[-122.1603085,37.4221372],[-122.1603415,37.4221139],[-122.1604005,37.4221661],[-122.1601035,37.422378],[-122.1600835,37.4223607],[-122.1600355,37.422395],[-122.1600935,37.4224459],[-122.1600365,37.4224865]]]}},{"type":"Feature","id":166890790,"properties":{"osmId":166890790,"category":"residential","addr:city":"Stanford","addr:housenumber":"236","addr:postcode":"94305","addr:state":"CA","addr:street":"Ayrshire Farm Lane","building":"dormitory","building:levels":"2","roof:shape":"hipped"},"geometry":{"type":"Polygon","coordinates":[[[-122.160845,37.4225545],[-122.160801,37.4225854],[-122.160725,37.4225168],[-122.16087,37.4224151],[-122.161004,37.4225361],[-122.160922,37.4225934],[-122.160878,37.4225537],[-122.160896,37.4225411],[-122.160863,37.4225115],[-122.160826,37.4225375],[-122.160845,37.4225545]]]}},{"type":"Feature","id":166890792,"properties":{"osmId":166890792,"category":"residential","addr:city":"Stanford","addr:housenumber":"223","addr:postcode":"94305","addr:state":"CA","addr:street":"Ayrshire Farm Lane","building":"dormitory","building:levels":"2"},"geometry":{"type":"Polygon","coordinates":[[[-122.1594738,37.4217075],[-122.1593352,37.4218067],[-122.1592076,37.4216942],[-122.1592861,37.4216379],[-122.1593257,37.4216728],[-122.1593111,37.4216832],[-122.1593425,37.4217109],[-122.1593755,37.4216872],[-122.1593584,37.4216721],[-122.1593999,37.4216424],[-122.1594738,37.4217075]]]}},{"type":"Feature","id":166890793,"properties":{"osmId":166890793,"category":"residential","addr:city":"Stanford","addr:housenumber":"235","addr:postcode":"94305","addr:state":"CA","addr:street":"Ayrshire Farm Lane","building":"dormitory","building:levels":"2","roof:shape":"hipped"},"geometry":{"type":"Polygon","coordinates":[[[-122.1604706,37.4226746],[-122.1603866,37.4227341],[-122.1602576,37.4226194],[-122.1603986,37.4225186],[-122.1604746,37.4225851],[-122.1604316,37.4226153],[-122.1604136,37.4225994],[-122.1603796,37.422624],[-122.1604136,37.422654],[-122.1604326,37.4226406],[-122.1604706,37.4226746]]]}},{"type":"Feature","id":166890794,"properties":{"osmId":166890794,"category":"residential","addr:city":"Stanford","addr:housenumber":"221","addr:postcode":"94305","addr:state":"CA","addr:street":"Ayrshire Farm Lane","building":"dormitory","building:levels":"2"},"geometry":{"type":"Polygon","coordinates":[[[-122.1592833,37.4215999],[-122.1591447,37.421699],[-122.159017,37.4215865],[-122.1590956,37.4215303],[-122.1591351,37.4215651],[-122.1591205,37.4215755],[-122.1591519,37.4216032],[-122.1591849,37.4215796],[-122.1591678,37.4215645],[-122.1592094,37.4215347],[-122.1592833,37.4215999]]]}},{"type":"Feature","id":166890795,"properties":{"osmId":166890795,"category":"residential","addr:city":"Stanford","addr:housenumber":"237","addr:postcode":"94305","addr:state":"CA","addr:street":"Ayrshire Farm Lane","building":"dormitory","building:levels":"2","roof:shape":"hipped"},"geometry":{"type":"Polygon","coordinates":[[[-122.1605906,37.4228245],[-122.1605076,37.422884],[-122.1603776,37.4227694],[-122.1605196,37.4226685],[-122.1605946,37.4227351],[-122.1605526,37.4227652],[-122.1605346,37.4227494],[-122.1604996,37.4227739],[-122.1605336,37.4228039],[-122.1605526,37.4227905],[-122.1605906,37.4228245]]]}},{"type":"Feature","id":166890797,"properties":{"osmId":166890797,"category":"residential","addr:city":"Stanford","addr:housenumber":"234","addr:postcode":"94305","addr:state":"CA","addr:street":"Ayrshire Farm Lane","building":"dormitory","building:levels":"2","roof:shape":"hipped"},"geometry":{"type":"Polygon","coordinates":[[[-122.1606556,37.4224465],[-122.1606116,37.4224774],[-122.1605356,37.4224089],[-122.1606806,37.4223072],[-122.1608156,37.4224281],[-122.1607336,37.4224854],[-122.1606896,37.4224457],[-122.1607076,37.4224332],[-122.1606746,37.4224035],[-122.1606376,37.4224295],[-122.1606556,37.4224465]]]}},{"type":"Feature","id":166890798,"properties":{"osmId":166890798,"category":"residential","addr:city":"Stanford","addr:housenumber":"330","addr:postcode":"94305","addr:state":"CA","addr:street":"Ayrshire Farm Lane","building":"dormitory","building:levels":"2","roof:shape":"hipped"},"geometry":{"type":"Polygon","coordinates":[[[-122.1603594,37.4225115],[-122.1602764,37.422571],[-122.1601464,37.4224563],[-122.1602884,37.4223555],[-122.1603634,37.422422],[-122.1603204,37.4224522],[-122.1603024,37.4224363],[-122.1602684,37.4224609],[-122.1603024,37.4224909],[-122.1603214,37.4224775],[-122.1603594,37.4225115]]]}},{"type":"Feature","id":166890799,"properties":{"osmId":166890799,"category":"residential","addr:city":"Stanford","addr:housenumber":"225","addr:postcode":"94305","addr:state":"CA","addr:street":"Ayrshire Farm Lane","building":"dormitory","building:levels":"2"},"geometry":{"type":"Polygon","coordinates":[[[-122.1596552,37.4218119],[-122.1595166,37.4219111],[-122.1593889,37.4217986],[-122.1594675,37.4217423],[-122.159507,37.4217772],[-122.1594924,37.4217876],[-122.1595238,37.4218153],[-122.1595568,37.4217916],[-122.1595397,37.4217765],[-122.1595813,37.4217468],[-122.1596552,37.4218119]]]}},{"type":"Feature","id":166890802,"properties":{"osmId":166890802,"category":"residential","addr:city":"Stanford","addr:housenumber":"218","addr:postcode":"94305","addr:state":"CA","addr:street":"Ayrshire Farm Lane","building":"dormitory","building:levels":"3","roof:shape":"hipped"},"geometry":{"type":"Polygon","coordinates":[[[-122.1585706,37.4213585],[-122.1585281,37.4214112],[-122.1584836,37.4213886],[-122.1585025,37.4213652],[-122.1584572,37.4213421],[-122.158586,37.4211824],[-122.1586333,37.4212064],[-122.1586473,37.421189],[-122.1586898,37.4212106],[-122.1586486,37.4212616],[-122.1588152,37.4213463],[-122.1588536,37.4212988],[-122.1588901,37.4213173],[-122.1588774,37.4213331],[-122.1589271,37.4213583],[-122.1587967,37.4215201],[-122.1587481,37.4214954],[-122.1587332,37.4215138],[-122.1586938,37.4214938],[-122.1587354,37.4214423],[-122.1585706,37.4213585]]]}},{"type":"Feature","id":166890807,"properties":{"osmId":166890807,"category":"other","access":"private","addr:city":"Stanford","addr:housenumber":"211","addr:postcode":"94305","addr:state":"CA","addr:street":"Ayrshire Farm Lane","building":"yes","fee":"no","operator":"Stanford University","operator:wikidata":"Q41506","self_service":"yes","shop":"laundry"},"geometry":{"type":"Polygon","coordinates":[[[-122.1586745,37.4215193],[-122.1586408,37.4215622],[-122.1585635,37.4215239],[-122.1585972,37.421481],[-122.1586745,37.4215193]]]}},{"type":"Feature","id":166892958,"properties":{"osmId":166892958,"category":"academic","addr:city":"Stanford","addr:housenumber":"555","addr:postcode":"94305","addr:state":"CA","addr:street":"Nathan Abbott Way","building":"university","name":"William H. Neukom Building","name:etymology":"William Horlick Neukom","name:etymology:wikidata":"Q4910332","short_name":"Neukom","_wikiTried":true},"geometry":{"type":"Polygon","coordinates":[[[-122.1679373,37.4234782],[-122.1678454,37.4235209],[-122.1679448,37.4236556],[-122.1677986,37.4237253],[-122.1676266,37.423498],[-122.1677728,37.4234282],[-122.1678147,37.4234856],[-122.1679104,37.4234415],[-122.1678698,37.4233857],[-122.1682664,37.4232032],[-122.168356,37.4233259],[-122.1683041,37.4233495],[-122.1683285,37.4233832],[-122.16838,37.4233599],[-122.16859,37.4236478],[-122.1684343,37.4237194],[-122.1684074,37.4236815],[-122.1683645,37.4237007],[-122.1683934,37.4237413],[-122.1682323,37.423812],[-122.1682124,37.4237834],[-122.1681621,37.423805],[-122.1681493,37.4238183],[-122.168132,37.423828],[-122.1681119,37.423833],[-122.1680923,37.4238331],[-122.1680734,37.4238289],[-122.1680569,37.4238206],[-122.1680439,37.4238089],[-122.168036,37.4237959],[-122.1680327,37.4237817],[-122.1680342,37.4237673],[-122.1680404,37.4237537],[-122.168053,37.42374],[-122.1680703,37.4237301],[-122.1680905,37.4237249],[-122.1680838,37.4237142],[-122.1683053,37.4236147],[-122.1683355,37.4236571],[-122.1683741,37.4236398],[-122.1682243,37.4234315],[-122.1682606,37.4234153],[-122.1682367,37.4233822],[-122.1679594,37.4235084],[-122.1679373,37.4234782]]]}},{"type":"Feature","id":182325610,"properties":{"osmId":182325610,"category":"academic","addr:city":"Stanford","addr:housenumber":"366","addr:postcode":"94305-6015","addr:state":"CA","addr:street":"Galvez Street","building":"yes","name":"John A. & Cynthia Fry Gunn Building","paloalto_ca:id":"29625","source":"City of Palo Alto CA 0713","_wikiTried":true},"geometry":{"type":"Polygon","coordinates":[[[-122.1655431,37.428893],[-122.1654401,37.4292142],[-122.1651831,37.4291622],[-122.1651391,37.4292994],[-122.1655561,37.4293841],[-122.1655831,37.4293017],[-122.1656681,37.429319],[-122.1657891,37.428943],[-122.1655431,37.428893]]]}},{"type":"Feature","id":182436545,"properties":{"osmId":182436545,"category":"residential","building":"dormitory","name":"Durand","_wikiTried":true},"geometry":{"type":"Polygon","coordinates":[[[-122.1660683,37.4189793],[-122.1659936,37.4190409],[-122.1659113,37.4189779],[-122.1658868,37.418998],[-122.1657177,37.4188686],[-122.165852,37.4187579],[-122.1659798,37.4188558],[-122.1660048,37.4188353],[-122.1660415,37.4188634],[-122.1660156,37.4188848],[-122.1659815,37.4189128],[-122.1660683,37.4189793]]]}},{"type":"Feature","id":182436546,"properties":{"osmId":182436546,"category":"residential","addr:city":"Stanford","addr:housenumber":"584","addr:street":"Mayfield Avenue","building":"dormitory","name":"Grove","_wikiTried":true},"geometry":{"type":"Polygon","coordinates":[[[-122.1682494,37.4204185],[-122.1681883,37.4205217],[-122.1680846,37.420483],[-122.1680679,37.4205112],[-122.1679621,37.4204717],[-122.167982,37.4204382],[-122.1678763,37.4203987],[-122.1679414,37.4202888],[-122.1680291,37.4203216],[-122.1680378,37.4203069],[-122.1681218,37.4203382],[-122.1681409,37.4203058],[-122.1682342,37.4203406],[-122.1681992,37.4203998],[-122.1682494,37.4204185]]]}},{"type":"Feature","id":182436547,"properties":{"osmId":182436547,"category":"residential","addr:city":"Stanford","addr:housenumber":"620","addr:postcode":"94305","addr:state":"CA","addr:street":"Mayfield Avenue","building":"dormitory","loc_name":"Haus Mitt","name":"The Warehaus","_wikiTried":true},"geometry":{"type":"Polygon","coordinates":[[[-122.1666972,37.4193531],[-122.166528,37.4194894],[-122.1664872,37.4194574],[-122.1664678,37.4194731],[-122.1664023,37.4194217],[-122.1664221,37.4194058],[-122.1663212,37.4193268],[-122.1664312,37.4192382],[-122.1665581,37.4193375],[-122.1666169,37.4192902],[-122.1666972,37.4193531]]]}},{"type":"Feature","id":182436548,"properties":{"osmId":182436548,"category":"residential","addr:city":"Stanford","addr:housenumber":"586","addr:street":"Mayfield Avenue","building":"dormitory","name":"Kairos","_wikiTried":true},"geometry":{"type":"Polygon","coordinates":[[[-122.167856,37.4201849],[-122.1676949,37.4203129],[-122.1676839,37.4203042],[-122.1676658,37.4203185],[-122.1676134,37.4202768],[-122.1676309,37.4202629],[-122.1676182,37.4202529],[-122.1675851,37.4202792],[-122.1675356,37.4202399],[-122.1675644,37.420217],[-122.1675547,37.4202093],[-122.1675397,37.4202213],[-122.1674899,37.4201817],[-122.1676709,37.4200379],[-122.167856,37.4201849]]]}},{"type":"Feature","id":182436549,"properties":{"osmId":182436549,"category":"residential","building":"dormitory","name":"Toussaint Louverture","name:fr":"Toussaint Louverture","_wikiTried":true},"geometry":{"type":"Polygon","coordinates":[[[-122.1671303,37.4195822],[-122.1668817,37.4197633],[-122.1666931,37.4196],[-122.1668275,37.419502],[-122.1668924,37.4195582],[-122.1670066,37.419475],[-122.1671303,37.4195822]]]}},{"type":"Feature","id":182436550,"properties":{"osmId":182436550,"category":"residential","addr:city":"Stanford","addr:housenumber":"572","addr:postcode":"94305","addr:state":"CA","addr:street":"Mayfield Avenue","building":"dormitory","name":"Lasuen HFD","_wikiTried":true},"geometry":{"type":"Polygon","coordinates":[[[-122.1685729,37.4211557],[-122.168533,37.4211767],[-122.1685032,37.4211409],[-122.1684612,37.4211631],[-122.1684365,37.4211335],[-122.1684315,37.4211362],[-122.1683942,37.4210914],[-122.1683592,37.4211098],[-122.1683214,37.4210645],[-122.1683576,37.4210454],[-122.168332,37.4210147],[-122.1683622,37.4209988],[-122.1683561,37.4209914],[-122.1683963,37.4209703],[-122.1684024,37.4209776],[-122.1684358,37.42096],[-122.1684479,37.4209745],[-122.1684989,37.4209476],[-122.1685355,37.4209915],[-122.1684942,37.4210132],[-122.1685144,37.4210376],[-122.1685782,37.421004],[-122.1686107,37.4210431],[-122.1685416,37.4210795],[-122.1685662,37.421109],[-122.1685547,37.4211151],[-122.1685685,37.4211317],[-122.1685577,37.4211374],[-122.1685729,37.4211557]]]}},{"type":"Feature","id":182436551,"properties":{"osmId":182436551,"category":"residential","addr:city":"Stanford","addr:housenumber":"592","addr:street":"Mayfield Avenue","building":"dormitory","name":"Phi Kappa Psi","_wikiTried":true},"geometry":{"type":"Polygon","coordinates":[[[-122.167579,37.4199371],[-122.1673409,37.420127],[-122.1672762,37.4200758],[-122.1673053,37.4200526],[-122.1672498,37.4200087],[-122.167221,37.4200317],[-122.167117,37.4199494],[-122.1671839,37.419896],[-122.1672132,37.4199192],[-122.1673455,37.4198138],[-122.1674278,37.4198789],[-122.1673699,37.419925],[-122.1674085,37.4199555],[-122.1675051,37.4198785],[-122.167579,37.4199371]]]}},{"type":"Feature","id":182436553,"properties":{"osmId":182436553,"category":"residential","addr:city":"Stanford","building":"dormitory","name":"Alpha Kappa Delta Phi Chi Omega","_wikiTried":true},"geometry":{"type":"Polygon","coordinates":[[[-122.1691633,37.4204976],[-122.1689289,37.4206173],[-122.1688932,37.4205719],[-122.1688551,37.4205671],[-122.1687494,37.4205967],[-122.1687136,37.4205188],[-122.1688041,37.4204952],[-122.1687428,37.4204294],[-122.1689688,37.4203089],[-122.1690215,37.4203721],[-122.1690474,37.4203584],[-122.1691633,37.4204976]]]}},{"type":"Feature","id":182436558,"properties":{"osmId":182436558,"category":"residential","building":"dormitory","name":"Neptune","_wikiTried":true},"geometry":{"type":"Polygon","coordinates":[[[-122.1655864,37.4185619],[-122.1655761,37.4185708],[-122.1654627,37.4186687],[-122.1654218,37.4186431],[-122.1653895,37.4186747],[-122.1653712,37.4186696],[-122.1653561,37.418685],[-122.165185,37.4185696],[-122.1652001,37.4185559],[-122.1651699,37.4185311],[-122.1652119,37.4184952],[-122.1652259,37.4185003],[-122.1652324,37.4184875],[-122.1652184,37.418479],[-122.1652184,37.4184619],[-122.1652291,37.4184508],[-122.1652496,37.4184491],[-122.1652776,37.4184183],[-122.1653077,37.4184362],[-122.1653233,37.4184238],[-122.1653238,37.4184234],[-122.1653163,37.4184149],[-122.1653314,37.4184029],[-122.1653217,37.4183952],[-122.165397,37.4183294],[-122.1654896,37.4183909],[-122.1654218,37.4184499],[-122.1654433,37.418461],[-122.1653755,37.4185208],[-122.1654325,37.4185533],[-122.1654939,37.4184978],[-122.1655864,37.4185619]]]}},{"type":"Feature","id":182440069,"properties":{"osmId":182440069,"category":"residential","building":"dormitory","building:levels":"3","name":"Okada","roof:shape":"gabled","_wikiTried":true},"geometry":{"type":"Polygon","coordinates":[[[-122.162596,37.4234572],[-122.1629336,37.4235282],[-122.162882,37.4236829],[-122.1630205,37.423712],[-122.1630417,37.4236486],[-122.1630531,37.423651],[-122.1630785,37.4235749],[-122.163023,37.4235631],[-122.1630777,37.4233993],[-122.1631392,37.4234123],[-122.1631657,37.423333],[-122.1630217,37.4233026],[-122.162998,37.4233735],[-122.163013,37.4233766],[-122.1630001,37.4234153],[-122.1626356,37.4233386],[-122.1626237,37.4233741],[-122.1626095,37.4234166],[-122.162596,37.4234572]]]}},{"type":"Feature","id":182440070,"properties":{"osmId":182440070,"category":"residential","building":"dormitory","building:levels":"3","name":"Rinconada","_wikiTried":true},"geometry":{"type":"Polygon","coordinates":[[[-122.1640377,37.423725],[-122.1640509,37.4236821],[-122.1640658,37.4236413],[-122.1642287,37.4236773],[-122.1641008,37.4240428],[-122.1639245,37.4240039],[-122.163909,37.4240483],[-122.1637333,37.4240095],[-122.1637753,37.4238896],[-122.1639649,37.4239314],[-122.1640377,37.423725]]]}},{"type":"Feature","id":182440071,"properties":{"osmId":182440071,"category":"residential","building":"dormitory","building:levels":"3","name":"Trancos","roof:shape":"gabled","_wikiTried":true},"geometry":{"type":"Polygon","coordinates":[[[-122.1636723,37.4245408],[-122.1636572,37.4245854],[-122.1636405,37.424634],[-122.1632239,37.4245437],[-122.1632688,37.424413],[-122.1632113,37.4244006],[-122.163264,37.4242472],[-122.1634158,37.4242802],[-122.1633629,37.4244339],[-122.163685,37.4245038],[-122.1636723,37.4245408]]]}},{"type":"Feature","id":182440073,"properties":{"osmId":182440073,"category":"residential","building":"apartments"},"geometry":{"type":"Polygon","coordinates":[[[-122.1625699,37.4234074],[-122.1625654,37.4234196],[-122.1625432,37.4234143],[-122.1625466,37.4234052],[-122.1625366,37.4234028],[-122.1625513,37.4233596],[-122.1625561,37.4233636],[-122.1625663,37.4233362],[-122.1626003,37.4233442],[-122.1625919,37.4233667],[-122.1626237,37.4233741],[-122.1626095,37.4234166],[-122.1625699,37.4234074]]]}},{"type":"Feature","id":182440074,"properties":{"osmId":182440074,"category":"residential","building":"apartments","building:levels":"3"},"geometry":{"type":"Polygon","coordinates":[[[-122.1637562,37.4245588],[-122.1637401,37.4246061],[-122.1637167,37.4246011],[-122.163711,37.4246179],[-122.1636786,37.4246109],[-122.1636852,37.4245915],[-122.1636572,37.4245854],[-122.1636723,37.4245408],[-122.1637562,37.4245588]]]}},{"type":"Feature","id":182440075,"properties":{"osmId":182440075,"category":"residential","building":"apartments","building:levels":"3"},"geometry":{"type":"Polygon","coordinates":[[[-122.1640377,37.423725],[-122.1640509,37.4236821],[-122.1640212,37.4236764],[-122.1640305,37.423646],[-122.1639982,37.4236397],[-122.1639896,37.423668],[-122.163969,37.4236641],[-122.1639538,37.4237089],[-122.1640377,37.423725]]]}},{"type":"Feature","id":205182889,"properties":{"osmId":205182889,"category":"academic","addr:city":"Stanford","addr:housenumber":"327","addr:postcode":"94305","addr:state":"CA","addr:street":"Lasuen Street","amenity":"theatre","building":"yes","name":"Bing Concert Hall","wikidata":"Q4914117","wikipedia":"en:Bing Concert Hall","_wikiTried":true,"wikiTitle":"Bing_Concert_Hall","wikiDescription":"Performing Arts Facility at Stanford University","wikiExtract":"Bing Concert Hall is a performing arts facility at Stanford University that opened in January 2013. The heart of the building is the oval-shaped concert hall, which has 842 seats arranged in a vineyard style surrounding the stage in terraces. All the seats are within 75 feet of the conductor, and the seats in the center section begin at the stage level. On the north side of the central concert hall is the smaller Bing Studio, which can be configured to accommodate a variety of performance types, e.g., cabaret, club, and theater.","wikiUrl":"https://en.wikipedia.org/wiki/Bing_Concert_Hall","wikiPhoto":"https://upload.wikimedia.org/wikipedia/commons/c/c3/Bing_concert_hall_at_Stanford_University.JPG","wikiBuilt":"2013","wikiHeight":null},"geometry":{"type":"Polygon","coordinates":[[[-122.1667,37.4318242],[-122.1666059,37.4318043],[-122.1663444,37.4317489],[-122.1662769,37.4317436],[-122.1656203,37.4317787],[-122.1656155,37.4318516],[-122.1655925,37.4322019],[-122.1656774,37.4322197],[-122.1656553,37.4322861],[-122.1657338,37.4323023],[-122.1657303,37.4323094],[-122.1661835,37.4324073],[-122.1661858,37.4323998],[-122.1662137,37.4324056],[-122.1662033,37.4324362],[-122.1664145,37.4324818],[-122.1664476,37.4323846],[-122.1665077,37.4323974],[-122.1665929,37.432143],[-122.1666939,37.4318422],[-122.1667,37.4318242]]]}},{"type":"Feature","id":222924978,"properties":{"osmId":222924978,"category":"athletic","amenity":"bench","building":"grandstand"},"geometry":{"type":"Polygon","coordinates":[[[-122.1538044,37.4355891],[-122.153896,37.4354993],[-122.1532734,37.4350989],[-122.1531818,37.4351887],[-122.1538044,37.4355891]]]}},{"type":"Feature","id":222928499,"properties":{"osmId":222928499,"category":"athletic","amenity":"bench","building":"grandstand"},"geometry":{"type":"Polygon","coordinates":[[[-122.1531951,37.4361724],[-122.1531502,37.4362162],[-122.152585,37.4358517],[-122.1526299,37.4358078],[-122.1531951,37.4361724]]]}},{"type":"Feature","id":232493823,"properties":{"osmId":232493823,"category":"academic","addr:city":"Stanford","addr:housenumber":"75","addr:state":"CA","addr:street":"Alta Road","building":"university","ele":"88","gnis:feature_id":"1669677","name":"Center for Advanced Study in the Behavioral Sciences","office":"research","operator":"Stanford University","operator:type":"private_non_profit","operator:wikidata":"Q41506","paloalto_ca:id":"26917","short_name":"CASBS","source":"City of Palo Alto CA 0713;USGS Geonames","wikidata":"Q5059479","_wikiTried":true,"wikiTitle":"Center_for_Advanced_Study_in_the_Behavioral_Sciences","wikiDescription":"Research center at Stanford University","wikiExtract":"The Center for Advanced Study in the Behavioral Sciences (CASBS) is an interdisciplinary research institution at Stanford University. Established with a founding grant from the Ford Foundation, the Center began operations in 1954 with a purpose \"to increase knowledge of factors which influence or determine human conduct, and extend such knowledge for the maximum benefit of individuals and society.\" The Center hosts fellows from throughout the world, organizes multi-year projects addressing societal challenges and advancing research methods, and disseminates knowledge about social and behavioral science.","wikiUrl":"https://en.wikipedia.org/wiki/Center_for_Advanced_Study_in_the_Behavioral_Sciences","wikiPhoto":null,"wikiBuilt":"1954","wikiHeight":null},"geometry":{"type":"Polygon","coordinates":[[[-122.180096,37.419723],[-122.179933,37.419613],[-122.179776,37.419759],[-122.179631,37.41966],[-122.179786,37.419514],[-122.179666,37.419429],[-122.17969,37.419406],[-122.179674,37.419394],[-122.179758,37.419317],[-122.179856,37.419382],[-122.179847,37.419391],[-122.179923,37.419443],[-122.180043,37.419331],[-122.180152,37.419406],[-122.180034,37.419518],[-122.180196,37.419628],[-122.180096,37.419723]]]}},{"type":"Feature","id":232493960,"properties":{"osmId":232493960,"category":"academic","addr:city":"Palo Alto","addr:housenumber":"215","addr:street":"Quarry Road","building":"yes","paloalto_ca:id":"16527","source":"City of Palo Alto CA 0713"},"geometry":{"type":"Polygon","coordinates":[[[-122.1683751,37.440527],[-122.1683685,37.440532],[-122.1683963,37.440555],[-122.1683421,37.4405963],[-122.1683101,37.4405698],[-122.1683041,37.4405744],[-122.16824,37.4405211],[-122.1682676,37.4405001],[-122.1682532,37.4404882],[-122.1682888,37.4404612],[-122.1682792,37.4404532],[-122.168291,37.4404442],[-122.1682767,37.4404322],[-122.1683516,37.4403755],[-122.1682219,37.4402674],[-122.1682119,37.4402749],[-122.1681979,37.4402633],[-122.1681413,37.4403061],[-122.1681904,37.4403471],[-122.1681626,37.4403681],[-122.1681734,37.4403771],[-122.1681615,37.4403861],[-122.168183,37.4404041],[-122.1681269,37.4404464],[-122.1681069,37.4404297],[-122.1680939,37.4404395],[-122.168001,37.4403619],[-122.1680447,37.4403289],[-122.1680364,37.4403219],[-122.1680615,37.440303],[-122.1680208,37.440269],[-122.168092,37.4402153],[-122.1680959,37.4402186],[-122.1681192,37.440201],[-122.1681,37.440185],[-122.168136,37.4401579],[-122.168163,37.4401805],[-122.1681729,37.440173],[-122.1681562,37.440159],[-122.168192,37.440132],[-122.168223,37.4401579],[-122.168234,37.4401496],[-122.16828,37.440188],[-122.168294,37.4401774],[-122.16831,37.4401908],[-122.168317,37.4401855],[-122.168323,37.4401905],[-122.168355,37.4401664],[-122.1683892,37.440195],[-122.16836,37.440217],[-122.168373,37.440221],[-122.16839,37.4402079],[-122.1683982,37.4402133],[-122.1684521,37.4402544],[-122.1684092,37.440292],[-122.1684261,37.4403059],[-122.1684501,37.4402875],[-122.1685056,37.4403331],[-122.1684769,37.4403551],[-122.1684854,37.440362],[-122.1684176,37.440414],[-122.1684419,37.440434],[-122.1684354,37.440439],[-122.1684657,37.440464],[-122.168407,37.4405089],[-122.168386,37.4404916],[-122.1683581,37.440513],[-122.1683751,37.440527]]]}},{"type":"Feature","id":232667108,"properties":{"osmId":232667108,"category":"academic","amenity":"school","building":"school","ele":"20","gnis:feature_id":"223245","name":"Escondido Elementary School","paloalto_ca:id":"29842","source":"City of Palo Alto CA 0713","_wikiTried":true},"geometry":{"type":"Polygon","coordinates":[[[-122.1557282,37.4218764],[-122.1556087,37.4218139],[-122.1557734,37.4216152],[-122.1557446,37.4216001],[-122.1557627,37.4215783],[-122.1557199,37.4215559],[-122.1556381,37.4216545],[-122.1555911,37.4216299],[-122.1556215,37.4215932],[-122.1556576,37.4215499],[-122.1561908,37.4209085],[-122.1562153,37.4208792],[-122.1563545,37.4207096],[-122.1566063,37.4208414],[-122.1564507,37.421029],[-122.1562487,37.4209233],[-122.1562062,37.4209746],[-122.1564019,37.421077],[-122.15641,37.4210812],[-122.1562542,37.421269],[-122.1560509,37.4211627],[-122.1560097,37.4212124],[-122.1562131,37.4213187],[-122.1560587,37.421505],[-122.1558356,37.4213884],[-122.1557897,37.4214439],[-122.1559042,37.4215038],[-122.1558543,37.4215641],[-122.1559469,37.4216125],[-122.1557282,37.4218764]]]}},{"type":"Feature","id":232667867,"properties":{"osmId":232667867,"category":"residential","addr:city":"Stanford","addr:housenumber":"592","addr:street":"Alvarado Row","building":"dormitory","building:levels":"2","description":"cooperative housing","name":"Hammarskjöld","paloalto_ca:id":"29764","source":"City of Palo Alto CA 0713","_wikiTried":true},"geometry":{"type":"Polygon","coordinates":[[[-122.1655183,37.4217593],[-122.1654087,37.4218107],[-122.1653445,37.421724],[-122.1653237,37.4217285],[-122.1653055,37.4217199],[-122.1652953,37.4217046],[-122.1652979,37.4216911],[-122.1653082,37.4216813],[-122.1652485,37.4215941],[-122.1654052,37.4215206],[-122.1654776,37.421618],[-122.1654298,37.4216404],[-122.1655183,37.4217593]]]}},{"type":"Feature","id":232668046,"properties":{"osmId":232668046,"category":"academic","addr:city":"Stanford","addr:housenumber":"1711","addr:postcode":"94305","addr:state":"CA","addr:street":"Stanford Avenue","building":"school","name":"Lucille M. Nixon Elementary School","paloalto_ca:id":"26868","source":"City of Palo Alto CA 0713","_wikiTried":true,"wikiTitle":"Palo_Alto_Unified_School_District","wikiDescription":"Public school district in Palo Alto, California","wikiExtract":"The Palo Alto Unified School District is a public school district located near Stanford University in Palo Alto, California. It consists of twelve primary schools, three middle schools, two comprehensive high schools, an alternative high school, and an adult school.","wikiUrl":"https://en.wikipedia.org/wiki/Palo_Alto_Unified_School_District","wikiPhoto":null,"wikiBuilt":"1893","wikiHeight":null},"geometry":{"type":"Polygon","coordinates":[[[-122.1560099,37.4138197],[-122.15604,37.4137708],[-122.1560865,37.4137315],[-122.1561413,37.4137088],[-122.1562079,37.4136937],[-122.1562746,37.413694],[-122.15634,37.4137103],[-122.1563926,37.4137306],[-122.1564381,37.4137757],[-122.1564621,37.4138176],[-122.1564872,37.4138783],[-122.1564868,37.4139241],[-122.1564677,37.413971],[-122.1564981,37.4139869],[-122.156468,37.414024],[-122.1564922,37.4140384],[-122.1565808,37.4140123],[-122.1566127,37.4140273],[-122.1567544,37.4139681],[-122.1567739,37.4139746],[-122.1567933,37.4139682],[-122.1568574,37.4140105],[-122.1568558,37.4140262],[-122.1568714,37.4140362],[-122.1568397,37.4142108],[-122.1568618,37.4142226],[-122.1568514,37.4142689],[-122.156802,37.4142857],[-122.1567853,37.4142727],[-122.1567365,37.4142895],[-122.1567314,37.4142786],[-122.1567143,37.4142835],[-122.1567115,37.4142981],[-122.1565838,37.4143419],[-122.1565648,37.4143312],[-122.1565513,37.4143342],[-122.1564801,37.4142963],[-122.1564832,37.4142809],[-122.156468,37.414269],[-122.1564871,37.4141647],[-122.1565021,37.4141557],[-122.1565007,37.4141404],[-122.1565167,37.4141338],[-122.1564818,37.4141133],[-122.1564153,37.4141341],[-122.1564143,37.4141605],[-122.1563601,37.4141769],[-122.156329,37.4141659],[-122.1562804,37.4141837],[-122.156276,37.414217],[-122.1563167,37.4142294],[-122.1564137,37.4142855],[-122.1564149,37.4143049],[-122.1564315,37.4143146],[-122.156416,37.414369],[-122.1563926,37.4143834],[-122.1563958,37.4144023],[-122.156269,37.4144403],[-122.1562552,37.4144328],[-122.1562403,37.4144385],[-122.1562409,37.4144531],[-122.1561902,37.4144678],[-122.1561863,37.4144879],[-122.1561415,37.4145012],[-122.1560926,37.4144783],[-122.1560982,37.4144563],[-122.156061,37.414436],[-122.1560636,37.4144236],[-122.1560482,37.4144114],[-122.1560324,37.4144159],[-122.1559213,37.4143478],[-122.1559238,37.4143334],[-122.155908,37.4143267],[-122.1559207,37.4142587],[-122.1559413,37.4142518],[-122.1559408,37.4142388],[-122.1560866,37.4141885],[-122.1561103,37.414202],[-122.1561154,37.4141664],[-122.1560585,37.4141294],[-122.1560277,37.4141406],[-122.1559822,37.4141156],[-122.1559889,37.414085],[-122.1559407,37.4140587],[-122.155901,37.4140705],[-122.1559006,37.4140931],[-122.1559124,37.4141044],[-122.1558921,37.4142094],[-122.1558779,37.4142162],[-122.155875,37.4142302],[-122.1557944,37.4142595],[-122.1557836,37.4142484],[-122.1557644,37.4142528],[-122.1556487,37.4141846],[-122.1556552,37.4141729],[-122.1556424,37.4141649],[-122.1556292,37.4141684],[-122.1555932,37.4141499],[-122.1555684,37.4141544],[-122.155482,37.414093],[-122.1555795,37.4140399],[-122.1555643,37.4140294],[-122.1555823,37.4139039],[-122.1555939,37.4138949],[-122.1555975,37.4138827],[-122.1556814,37.4138536],[-122.1556915,37.4138629],[-122.1557091,37.413858],[-122.1558158,37.4139233],[-122.1558288,37.4139507],[-122.1558717,37.4139369],[-122.1559415,37.4139827],[-122.155979,37.4139752],[-122.1559656,37.4139518],[-122.1559991,37.4139454],[-122.1559911,37.4139188],[-122.1559897,37.4138677],[-122.1560099,37.4138197]]]}},{"type":"Feature","id":232668053,"properties":{"osmId":232668053,"category":"residential","building":"dormitory","name":"Roth","paloalto_ca:id":"30674","source":"City of Palo Alto CA 0713","_wikiTried":true},"geometry":{"type":"Polygon","coordinates":[[[-122.167249,37.419234],[-122.167211,37.419266],[-122.167068,37.419154],[-122.167199,37.419041],[-122.167148,37.419],[-122.167202,37.418956],[-122.167259,37.419],[-122.167274,37.418987],[-122.167397,37.41908],[-122.167311,37.419154],[-122.167337,37.419174],[-122.167286,37.419216],[-122.167261,37.419196],[-122.167229,37.41922],[-122.167249,37.419234]]]}},{"type":"Feature","id":232668063,"properties":{"osmId":232668063,"category":"religious","addr:city":"Palo Alto","addr:housenumber":"1611","addr:street":"Stanford Avenue","amenity":"place_of_worship","building":"yes","denomination":"lutheran","ele":"23","gnis:feature_id":"1669802","name":"University Lutheran Church","paloalto_ca:id":"8243","religion":"christian","source":"City of Palo Alto CA 0713","_wikiTried":true,"wikiTitle":"Stanford_Memorial_Church","wikiDescription":"Church at Stanford University in California, US","wikiExtract":"Stanford Memorial Church is located on the Main Quad at the center of the Stanford University campus in Stanford, California, United States. It was built during the American Renaissance by Jane Stanford as a memorial to her husband Leland. Designed by architect Charles A. Coolidge, a student of Henry Hobson Richardson, the church has been called \"the University's architectural crown jewel\".","wikiUrl":"https://en.wikipedia.org/wiki/Stanford_Memorial_Church","wikiPhoto":"https://upload.wikimedia.org/wikipedia/commons/a/a6/Stanford_Memorial_Church_%282025%29-L1007381.jpg","wikiBuilt":null,"wikiHeight":null},"geometry":{"type":"Polygon","coordinates":[[[-122.15647,37.418748],[-122.156471,37.418781],[-122.156322,37.418848],[-122.156314,37.418838],[-122.156214,37.418872],[-122.156178,37.418836],[-122.156016,37.418754],[-122.155929,37.418708],[-122.155834,37.418657],[-122.155828,37.418661],[-122.155728,37.418614],[-122.155729,37.418579],[-122.155721,37.418575],[-122.155722,37.418547],[-122.155732,37.418544],[-122.155734,37.418515],[-122.155843,37.418472],[-122.155873,37.418488],[-122.155883,37.418484],[-122.155912,37.4185],[-122.155911,37.418509],[-122.155925,37.418516],[-122.155941,37.418525],[-122.155933,37.418619],[-122.155927,37.41862],[-122.155926,37.41862],[-122.155924,37.418668],[-122.155928,37.41867],[-122.156085,37.418754],[-122.15616,37.418793],[-122.15623,37.418771],[-122.15623,37.418763],[-122.156261,37.418752],[-122.156261,37.418751],[-122.156261,37.41874],[-122.156305,37.418724],[-122.156295,37.418702],[-122.156335,37.418688],[-122.156346,37.418707],[-122.156398,37.41869],[-122.156429,37.418709],[-122.156436,37.418704],[-122.15647,37.418733],[-122.15647,37.418748]]]}},{"type":"Feature","id":232668106,"properties":{"osmId":232668106,"category":"academic","building":"school","paloalto_ca:id":"29841","source":"City of Palo Alto CA 0713"},"geometry":{"type":"Polygon","coordinates":[[[-122.1548805,37.4214842],[-122.1548959,37.4214665],[-122.1550784,37.4212458],[-122.1551197,37.4212674],[-122.1551584,37.4212875],[-122.1556576,37.4215499],[-122.1556215,37.4215932],[-122.1555077,37.4215333],[-122.1553767,37.4216903],[-122.155147,37.4215693],[-122.155279,37.4214112],[-122.1552135,37.4213767],[-122.1550494,37.4215732],[-122.1548805,37.4214842]]]}},{"type":"Feature","id":232668635,"properties":{"osmId":232668635,"category":"residential","building":"dormitory","name":"Pluto","paloalto_ca:id":"30687","source":"City of Palo Alto CA 0713","_wikiTried":true},"geometry":{"type":"Polygon","coordinates":[[[-122.165896,37.418337],[-122.165874,37.418355],[-122.165799,37.418299],[-122.165818,37.418284],[-122.165779,37.418253],[-122.165828,37.418207],[-122.165855,37.418228],[-122.165908,37.418182],[-122.165846,37.418137],[-122.165925,37.418071],[-122.165956,37.418094],[-122.165959,37.418091],[-122.166082,37.418181],[-122.166029,37.418227],[-122.166016,37.418216],[-122.165936,37.418284],[-122.165956,37.418298],[-122.165903,37.418345],[-122.165896,37.418337]]]}},{"type":"Feature","id":232668663,"properties":{"osmId":232668663,"category":"academic","building":"school","paloalto_ca:id":"29849","source":"City of Palo Alto CA 0713"},"geometry":{"type":"Polygon","coordinates":[[[-122.1557196,37.4207886],[-122.1556219,37.4206315],[-122.1557434,37.4204854],[-122.1559679,37.4204955],[-122.1560625,37.4206525],[-122.1560415,37.4206773],[-122.1559779,37.4207538],[-122.1559534,37.4207831],[-122.1559402,37.4207967],[-122.1557196,37.4207886]]]}},{"type":"Feature","id":232668862,"properties":{"osmId":232668862,"category":"academic","building":"school","building:prefabricated":"yes","paloalto_ca:id":"30176","source":"City of Palo Alto CA 0713"},"geometry":{"type":"Polygon","coordinates":[[[-122.1552358,37.4141028],[-122.155268,37.4139754],[-122.1553838,37.4139939],[-122.1553517,37.4141213],[-122.1552358,37.4141028]]]}},{"type":"Feature","id":232669001,"properties":{"osmId":232669001,"category":"academic","building":"school","building:prefabricated":"yes","paloalto_ca:id":"29845","source":"City of Palo Alto CA 0713"},"geometry":{"type":"Polygon","coordinates":[[[-122.1571581,37.421139],[-122.1570561,37.421086],[-122.1571411,37.420981],[-122.1572441,37.421033],[-122.1571581,37.421139]]]}},{"type":"Feature","id":232669130,"properties":{"osmId":232669130,"category":"academic","building":"school","building:prefabricated":"yes","paloalto_ca:id":"29846","source":"City of Palo Alto CA 0713"},"geometry":{"type":"Polygon","coordinates":[[[-122.1570471,37.42108],[-122.1569461,37.421028],[-122.1570311,37.420922],[-122.1571331,37.420975],[-122.1570471,37.42108]]]}},{"type":"Feature","id":232669151,"properties":{"osmId":232669151,"category":"academic","building":"school","building:prefabricated":"yes","paloalto_ca:id":"30179","source":"City of Palo Alto CA 0713"},"geometry":{"type":"Polygon","coordinates":[[[-122.156994,37.414814],[-122.157148,37.414798],[-122.157167,37.414892],[-122.157009,37.414906],[-122.156994,37.414814]]]}},{"type":"Feature","id":232669154,"properties":{"osmId":232669154,"category":"academic","building":"school","building:levels":"1","paloalto_ca:id":"29850","roof:levels":"1","roof:shape":"gabled","source":"City of Palo Alto CA 0713"},"geometry":{"type":"Polygon","coordinates":[[[-122.1551385,37.4212447],[-122.1550013,37.4211735],[-122.1550794,37.4210786],[-122.1550609,37.421069],[-122.155124,37.4209922],[-122.15528,37.4210732],[-122.1551385,37.4212447]]]}},{"type":"Feature","id":232669250,"properties":{"osmId":232669250,"category":"academic","building":"school","building:prefabricated":"yes","paloalto_ca:id":"29844","source":"City of Palo Alto CA 0713"},"geometry":{"type":"Polygon","coordinates":[[[-122.1572681,37.421194],[-122.1571651,37.421141],[-122.1572521,37.421032],[-122.1573551,37.421086],[-122.1572681,37.421194]]]}},{"type":"Feature","id":232669264,"properties":{"osmId":232669264,"category":"academic","building":"school","building:prefabricated":"yes","paloalto_ca:id":"30178","source":"City of Palo Alto CA 0713"},"geometry":{"type":"Polygon","coordinates":[[[-122.157147,37.414788],[-122.15699,37.414805],[-122.156975,37.41471],[-122.157129,37.414692],[-122.157147,37.414788]]]}},{"type":"Feature","id":232669371,"properties":{"osmId":232669371,"category":"academic","building":"school","building:prefabricated":"yes","paloalto_ca:id":"29843","source":"City of Palo Alto CA 0713"},"geometry":{"type":"Polygon","coordinates":[[[-122.1573785,37.4212523],[-122.1573434,37.4212345],[-122.157354,37.4212214],[-122.1572832,37.4211855],[-122.1573631,37.421086],[-122.157469,37.4211397],[-122.1573785,37.4212523]]]}},{"type":"Feature","id":232669390,"properties":{"osmId":232669390,"category":"academic","building":"school","building:prefabricated":"yes","paloalto_ca:id":"30177","source":"City of Palo Alto CA 0713"},"geometry":{"type":"Polygon","coordinates":[[[-122.1553213,37.4141692],[-122.1553674,37.4141215],[-122.1554912,37.4141994],[-122.1554433,37.4142474],[-122.1553213,37.4141692]]]}},{"type":"Feature","id":232715571,"properties":{"osmId":232715571,"category":"athletic","addr:city":"Stanford","addr:housenumber":"641","addr:state":"CA","addr:street":"Campus Drive","building":"yes","ele":"20","gnis:feature_id":"1669664","leisure":"sports_centre","name":"Arrillaga Family Sports Center","paloalto_ca:id":"29552","source":"USGS Geonames","_wikiTried":true,"wikiTitle":"Arrillaga_Family_Rowing_and_Sailing_Center","wikiDescription":"Sailing center in Redwood City, California","wikiExtract":"The Stanford University Arrillaga Family Rowing and Sailing Center is a boating facility utilized by Stanford Cardinal Athletics for sailing and rowing sporting activities. It is located at the Port of Redwood City along Redwood creek in Redwood City, California.","wikiUrl":"https://en.wikipedia.org/wiki/Arrillaga_Family_Rowing_and_Sailing_Center","wikiPhoto":"https://upload.wikimedia.org/wikipedia/commons/f/f4/Stanford_Rowing_%26_Sailing_Center_front_1.jpg","wikiBuilt":null,"wikiHeight":null},"geometry":{"type":"Polygon","coordinates":[[[-122.1621909,37.4301691],[-122.1616772,37.4305379],[-122.1616258,37.4304928],[-122.1612998,37.4307269],[-122.1611012,37.4305525],[-122.1614161,37.4303264],[-122.1611884,37.4301265],[-122.1617133,37.4297496],[-122.1621909,37.4301691]]]}},{"type":"Feature","id":232715572,"properties":{"osmId":232715572,"category":"medical","addr:city":"Palo Alto","addr:housenumber":"801","addr:postcode":"94304","addr:street":"Welch Road","amenity":"clinic","building":"commercial","gnis:feature_id":"1669673","healthcare":"clinic","healthcare:speciality":"otolaryngology","name":"Stanford Comprehensive ENT Clinic","old_name":"California Ear Institute","paloalto_ca:id":"28461","phone":"+1 650 723 5281","source":"City of Palo Alto CA 0713","website":"http://med.stanford.edu/ohns/healthcare/comprehensive-ent.html","_wikiTried":true},"geometry":{"type":"Polygon","coordinates":[[[-122.177057,37.436554],[-122.176715,37.436794],[-122.176591,37.436681],[-122.176933,37.436441],[-122.177057,37.436554]]]}},{"type":"Feature","id":232715573,"properties":{"osmId":232715573,"category":"athletic","addr:city":"Stanford","addr:housenumber":"235","addr:state":"CA","addr:street":"Sam McDonald Mall","building":"yes","ele":"19","gnis:feature_id":"1669689","leisure":"sports_centre","name":"Avery Competition Pool","paloalto_ca:id":"29550","source":"USGS Geonames","sport":"swimming","_wikiTried":true},"geometry":{"type":"Polygon","coordinates":[[[-122.161408,37.431119],[-122.161372,37.431149],[-122.161466,37.431234],[-122.161378,37.431297],[-122.161393,37.431313],[-122.161356,37.431337],[-122.161342,37.431323],[-122.16129,37.431359],[-122.161305,37.431375],[-122.161187,37.431458],[-122.161171,37.431443],[-122.16112,37.43148],[-122.161135,37.431495],[-122.1611,37.43152],[-122.161086,37.431506],[-122.160996,37.431568],[-122.160901,37.431482],[-122.160862,37.431511],[-122.160419,37.431123],[-122.160585,37.431002],[-122.160665,37.431067],[-122.16064,37.431082],[-122.160937,37.43134],[-122.160955,37.431326],[-122.160975,37.431342],[-122.161189,37.431189],[-122.161171,37.431173],[-122.161191,37.43116],[-122.160893,37.430898],[-122.160876,37.430911],[-122.160798,37.430846],[-122.160964,37.43073],[-122.161408,37.431119]]]}},{"type":"Feature","id":232715574,"properties":{"osmId":232715574,"category":"academic","addr:city":"Stanford","addr:housenumber":"480","addr:postcode":"94305","addr:state":"CA","addr:street":"Oak Road","building":"university","name":"Environmental Safety Facility Building A","paloalto_ca:id":"29705","ref":"A","short_name":"ESF A","source":"City of Palo Alto CA 0713","_wikiTried":true},"geometry":{"type":"Polygon","coordinates":[[[-122.1858336,37.4292806],[-122.1858344,37.4292669],[-122.1854431,37.4292532],[-122.185453,37.4290733],[-122.1858501,37.4290872],[-122.185851,37.4290722],[-122.1858887,37.4290735],[-122.1858846,37.4291467],[-122.1858676,37.4291461],[-122.185864,37.4292113],[-122.1858794,37.4292118],[-122.1858755,37.4292821],[-122.1858336,37.4292806]]]}},{"type":"Feature","id":232715575,"properties":{"osmId":232715575,"category":"academic","addr:city":"Palo Alto","addr:housenumber":"1000","addr:street":"Welch Road","building":"yes","paloalto_ca:id":"25872","source":"City of Palo Alto CA 0713"},"geometry":{"type":"Polygon","coordinates":[[[-122.1790486,37.4358714],[-122.1790936,37.4359104],[-122.1788026,37.4361234],[-122.1786536,37.4359944],[-122.1789426,37.4357824],[-122.1789756,37.4358114],[-122.1789956,37.4357974],[-122.1790666,37.4358584],[-122.1790486,37.4358714]]]}},{"type":"Feature","id":232715579,"properties":{"osmId":232715579,"category":"residential","addr:city":"Palo Alto","addr:housenumber":"1140","addr:street":"Welch Road","building":"residential","paloalto_ca:id":"25886","source":"City of Palo Alto CA 0713"},"geometry":{"type":"Polygon","coordinates":[[[-122.1799901,37.4352859],[-122.1799791,37.435295],[-122.1799967,37.4353114],[-122.179966,37.4353366],[-122.1799459,37.4353212],[-122.1799175,37.4353445],[-122.1799212,37.4353475],[-122.1798898,37.4353727],[-122.179817,37.4353156],[-122.1798085,37.4353224],[-122.1797772,37.4352979],[-122.1798058,37.435275],[-122.1797847,37.4352584],[-122.1797804,37.4352618],[-122.179744,37.4352332],[-122.179769,37.4352131],[-122.1797437,37.4351933],[-122.1797689,37.435173],[-122.1797579,37.4351643],[-122.1797868,37.4351411],[-122.1797793,37.4351352],[-122.1798508,37.4350778],[-122.1798824,37.4351026],[-122.1798747,37.4351087],[-122.1798889,37.4351199],[-122.1799491,37.4350715],[-122.1799713,37.4350889],[-122.1799913,37.4350728],[-122.180034,37.4351064],[-122.1800416,37.4351003],[-122.1800753,37.4351268],[-122.1800642,37.4351357],[-122.1801327,37.4351895],[-122.1800964,37.4352186],[-122.1800929,37.435216],[-122.18003,37.4352665],[-122.1800216,37.4352599],[-122.1800121,37.4352677],[-122.1800318,37.4352836],[-122.1800321,37.4352947],[-122.1800207,37.4353034],[-122.1800088,37.4353027],[-122.1799901,37.4352859]]]}},{"type":"Feature","id":232715580,"properties":{"osmId":232715580,"category":"residential","addr:city":"Palo Alto","addr:housenumber":"1150","addr:street":"Welch Road","building":"residential","paloalto_ca:id":"28478","source":"City of Palo Alto CA 0713"},"geometry":{"type":"Polygon","coordinates":[[[-122.1797325,37.4350668],[-122.1797389,37.4350722],[-122.1796884,37.4351099],[-122.1796681,37.4350927],[-122.1796631,37.4350964],[-122.179553,37.4350034],[-122.1794966,37.4350454],[-122.1794633,37.4350172],[-122.1794785,37.4350059],[-122.1794739,37.4350021],[-122.1795106,37.4349747],[-122.1794804,37.4349492],[-122.1795394,37.4349051],[-122.1795415,37.4349069],[-122.1795594,37.4348937],[-122.1795448,37.4348812],[-122.1795432,37.4348705],[-122.1795535,37.4348625],[-122.1795683,37.434865],[-122.1795822,37.4348769],[-122.1795982,37.4348651],[-122.1795844,37.4348533],[-122.179608,37.434836],[-122.1796218,37.4348478],[-122.1796559,37.4348227],[-122.1796518,37.4348192],[-122.1796889,37.4347918],[-122.1796945,37.4347966],[-122.1797608,37.4348527],[-122.1797393,37.4348687],[-122.1797908,37.4349123],[-122.1797709,37.4349271],[-122.179802,37.4349535],[-122.1797569,37.4349871],[-122.179776,37.4350032],[-122.1797825,37.4349984],[-122.1798082,37.4350201],[-122.1797711,37.4350478],[-122.179765,37.4350426],[-122.1797578,37.4350479],[-122.1797611,37.4350507],[-122.1797423,37.4350646],[-122.1797391,37.4350619],[-122.1797325,37.4350668]]]}},{"type":"Feature","id":232715581,"properties":{"osmId":232715581,"category":"residential","addr:city":"Palo Alto","addr:housenumber":"1160","addr:street":"Welch Road","building":"residential","paloalto_ca:id":"25840","source":"City of Palo Alto CA 0713"},"geometry":{"type":"Polygon","coordinates":[[[-122.180284,37.435356],[-122.1802529,37.435331],[-122.1802343,37.4353456],[-122.1801848,37.4353058],[-122.1802259,37.4352736],[-122.1802037,37.4352558],[-122.1802004,37.4352583],[-122.180172,37.4352354],[-122.1801753,37.4352329],[-122.1801389,37.4352035],[-122.1801498,37.435195],[-122.1801373,37.435185],[-122.1801487,37.4351761],[-122.1801419,37.4351706],[-122.1801646,37.4351528],[-122.1801525,37.4351431],[-122.1802153,37.4350939],[-122.1802092,37.4350889],[-122.1802464,37.4350597],[-122.180277,37.4350855],[-122.1803512,37.4350315],[-122.180387,37.4350604],[-122.1803729,37.4350714],[-122.1804378,37.4351237],[-122.1804519,37.4351126],[-122.1805273,37.4351733],[-122.1804894,37.435203],[-122.1804823,37.4351972],[-122.1803904,37.4352693],[-122.180403,37.4352794],[-122.1803555,37.4353167],[-122.180345,37.4353082],[-122.180284,37.435356]]]}},{"type":"Feature","id":232715582,"properties":{"osmId":232715582,"category":"residential","addr:city":"Palo Alto","addr:housenumber":"1170","addr:street":"Welch Road","building":"residential","paloalto_ca:id":"25888","source":"City of Palo Alto CA 0713"},"geometry":{"type":"Polygon","coordinates":[[[-122.179967,37.4350464],[-122.1799614,37.4350418],[-122.1799388,37.4350587],[-122.1798922,37.4350195],[-122.1799004,37.4350134],[-122.1798353,37.4349587],[-122.1798485,37.4349488],[-122.1798548,37.4349541],[-122.1798967,37.4349227],[-122.179814,37.4348531],[-122.1798644,37.4348154],[-122.1798866,37.4348341],[-122.1799132,37.4348142],[-122.1798777,37.4347844],[-122.1799204,37.4347524],[-122.1799378,37.434767],[-122.1799711,37.4347421],[-122.1800038,37.4347696],[-122.179999,37.4347732],[-122.1800546,37.43482],[-122.1800594,37.4348164],[-122.1800767,37.4348309],[-122.1800684,37.4348371],[-122.1800965,37.4348607],[-122.1801001,37.434858],[-122.1801137,37.4348695],[-122.1801256,37.4348605],[-122.1801742,37.4349014],[-122.1801307,37.434934],[-122.1801588,37.4349577],[-122.1801618,37.4349555],[-122.1801844,37.4349746],[-122.180137,37.4350101],[-122.1801112,37.4349883],[-122.1801146,37.4349858],[-122.1801044,37.4349773],[-122.1800264,37.4350358],[-122.1800055,37.4350367],[-122.1799935,37.4350266],[-122.179967,37.4350464]]]}},{"type":"Feature","id":232715583,"properties":{"osmId":232715583,"category":"academic","addr:city":"Palo Alto","addr:housenumber":"1180","addr:street":"Welch Road","building":"garage","paloalto_ca:id":"25889","source":"City of Palo Alto CA 0713"},"geometry":{"type":"Polygon","coordinates":[[[-122.1803594,37.4350062],[-122.1802957,37.4350542],[-122.1802084,37.4349795],[-122.1802728,37.4349327],[-122.1803594,37.4350062]]]}},{"type":"Feature","id":232715584,"properties":{"osmId":232715584,"category":"academic","addr:city":"Stanford","addr:housenumber":"140","addr:street":"Sam McDonald Road","building":"yes","paloalto_ca:id":"29503","source":"City of Palo Alto CA 0713"},"geometry":{"type":"Polygon","coordinates":[[[-122.1597583,37.4341266],[-122.1593023,37.4337157],[-122.1595724,37.4335266],[-122.1597435,37.4336808],[-122.1595885,37.4337893],[-122.1598735,37.434046],[-122.1597583,37.4341266]]]}},{"type":"Feature","id":232715585,"properties":{"osmId":232715585,"category":"academic","addr:city":"Stanford","addr:housenumber":"150","addr:street":"Sam McDonald Road","building":"yes","paloalto_ca:id":"29502","source":"City of Palo Alto CA 0713"},"geometry":{"type":"Polygon","coordinates":[[[-122.160019,37.433299],[-122.159971,37.433245],[-122.15988,37.433289],[-122.159929,37.433347],[-122.159772,37.43343],[-122.15971,37.433353],[-122.15972,37.433341],[-122.15974,37.433316],[-122.159762,37.433293],[-122.159786,37.43327],[-122.159811,37.433249],[-122.159837,37.433228],[-122.159864,37.433209],[-122.159893,37.433192],[-122.159924,37.433175],[-122.159955,37.43316],[-122.159988,37.433146],[-122.160021,37.433134],[-122.160055,37.433123],[-122.16009,37.433113],[-122.160178,37.433214],[-122.160019,37.433299]]]}},{"type":"Feature","id":232715587,"properties":{"osmId":232715587,"category":"academic","addr:city":"Stanford","addr:housenumber":"169","addr:postcode":"94305","addr:state":"CA","addr:street":"Searsville Road","building":"university","name":"Puichon","name:etymology":"Puichon","name:etymology:wikidata":"Q106236990","paloalto_ca:id":"29719","source":"City of Palo Alto CA 0713","_wikiTried":true},"geometry":{"type":"Polygon","coordinates":[[[-122.183394,37.429179],[-122.183417,37.429101],[-122.18331,37.429085],[-122.183364,37.428897],[-122.18359,37.428938],[-122.183507,37.429203],[-122.183394,37.429179]]]}},{"type":"Feature","id":232715588,"properties":{"osmId":232715588,"category":"academic","addr:city":"Stanford","addr:housenumber":"173","addr:postcode":"94305","addr:state":"CA","addr:street":"Searsville Road","alt_name":"Barnes Laboratory","building":"university","ele":"38","gnis:feature_id":"1669666","name":"Barnes Hall","operator":"Stanford University","operator:wikidata":"Q41506","paloalto_ca:id":"29717","source":"City of Palo Alto CA 0713;USGS Geonames","_wikiTried":true},"geometry":{"type":"Polygon","coordinates":[[[-122.18312,37.42908],[-122.182897,37.429033],[-122.182926,37.428945],[-122.18315,37.428992],[-122.18312,37.42908]]]}},{"type":"Feature","id":232715589,"properties":{"osmId":232715589,"category":"academic","addr:city":"Stanford","addr:housenumber":"175","addr:state":"CA","addr:street":"Searsville Road","building":"university","ele":"37","gnis:feature_id":"1669668","name":"Bleeker Hall","old_name":"Bleeker Laboratory","paloalto_ca:id":"29716","source":"City of Palo Alto CA 0713;USGS Geonames","_wikiTried":true},"geometry":{"type":"Polygon","coordinates":[[[-122.183241,37.429418],[-122.182794,37.429324],[-122.18282,37.429246],[-122.183267,37.429341],[-122.183241,37.429418]]]}},{"type":"Feature","id":232715590,"properties":{"osmId":232715590,"category":"academic","addr:city":"Stanford","addr:housenumber":"177","addr:street":"Searsville Road","building":"university","name":"Wadsworth Hall","paloalto_ca:id":"29715","source":"City of Palo Alto CA 0713","_wikiTried":true},"geometry":{"type":"Polygon","coordinates":[[[-122.183328,37.429747],[-122.18318,37.429716],[-122.183303,37.429347],[-122.183451,37.429378],[-122.183328,37.429747]]]}},{"type":"Feature","id":232715591,"properties":{"osmId":232715591,"category":"academic","addr:city":"Stanford","addr:housenumber":"179","addr:postcode":"94305","addr:state":"CA","addr:street":"Searsville Road","building":"university","ele":"36","gnis:feature_id":"1669766","name":"Price Hall","old_name":"Price Laboratory","paloalto_ca:id":"29718","source":"City of Palo Alto CA 0713;USGS Geonames","_wikiTried":true,"wikiTitle":"Stanford_Hall,_Nottinghamshire","wikiDescription":"Listed building in Nottinghamshire, England","wikiExtract":"Stanford Hall is a Grade II* listed 18th-century English country house in Stanford on Soar, Nottinghamshire, just north of Loughborough. It is home to the Defence and National Rehabilitation Centre (DNRC).","wikiUrl":"https://en.wikipedia.org/wiki/Stanford_Hall%2C_Nottinghamshire","wikiPhoto":"https://upload.wikimedia.org/wikipedia/commons/f/fa/Stanford_Hall_Notts.jpg","wikiBuilt":"1774","wikiHeight":null},"geometry":{"type":"Polygon","coordinates":[[[-122.182726,37.429599],[-122.182748,37.429523],[-122.182664,37.429508],[-122.182681,37.42944],[-122.182984,37.4295],[-122.182942,37.429642],[-122.182726,37.429599]]]}},{"type":"Feature","id":232715594,"properties":{"osmId":232715594,"category":"academic","addr:city":"Stanford","addr:housenumber":"210","addr:street":"Panama Mall","building":"university","name":"Cordura Hall","paloalto_ca:id":"29196","source":"City of Palo Alto CA 0713","_wikiTried":true},"geometry":{"type":"Polygon","coordinates":[[[-122.178706,37.430604],[-122.178507,37.430607],[-122.178506,37.430543],[-122.17854,37.430542],[-122.178538,37.430472],[-122.178504,37.430473],[-122.178501,37.430376],[-122.178661,37.430374],[-122.178663,37.430444],[-122.178808,37.430442],[-122.178807,37.430398],[-122.178825,37.430383],[-122.178848,37.430383],[-122.178866,37.430395],[-122.178866,37.430405],[-122.178991,37.430403],[-122.17899,37.430372],[-122.179086,37.43037],[-122.17909,37.430537],[-122.178989,37.430539],[-122.178988,37.430517],[-122.178842,37.430519],[-122.178843,37.430571],[-122.178705,37.430574],[-122.178706,37.430604]]]}},{"type":"Feature","id":232715595,"properties":{"osmId":232715595,"category":"academic","addr:city":"Stanford","addr:housenumber":"220","addr:street":"Panama Street","building":"university","building:levels":"2","name":"Ventura Hall","paloalto_ca:id":"29195","roof:levels":"0","source":"City of Palo Alto CA 0713","_wikiTried":true},"geometry":{"type":"Polygon","coordinates":[[[-122.178843,37.430312],[-122.178661,37.430315],[-122.178659,37.430223],[-122.178734,37.430222],[-122.178731,37.430122],[-122.178655,37.430124],[-122.178654,37.430071],[-122.178666,37.430071],[-122.178665,37.430034],[-122.178841,37.430031],[-122.178842,37.430081],[-122.178833,37.430082],[-122.178834,37.430136],[-122.178853,37.430136],[-122.178855,37.430212],[-122.17883,37.430212],[-122.17883,37.430266],[-122.178842,37.430266],[-122.178843,37.430312]]]}},{"type":"Feature","id":232715596,"properties":{"osmId":232715596,"category":"academic","addr:city":"Stanford","addr:housenumber":"224","addr:street":"Panama Street","building":"university","name":"Nora Suppes Hall","paloalto_ca:id":"29194","source":"City of Palo Alto CA 0713","_wikiTried":true},"geometry":{"type":"Polygon","coordinates":[[[-122.179326,37.430356],[-122.179157,37.430358],[-122.179151,37.430034],[-122.17932,37.430032],[-122.179326,37.430356]]]}},{"type":"Feature","id":232715597,"properties":{"osmId":232715597,"category":"academic","addr:city":"Stanford","addr:housenumber":"225","addr:street":"Santa Teresa Lane","building":"yes","paloalto_ca:id":"29370","source":"City of Palo Alto CA 0713"},"geometry":{"type":"Polygon","coordinates":[[[-122.18032,37.42696],[-122.180307,37.427006],[-122.180269,37.426998],[-122.180267,37.427007],[-122.180189,37.426989],[-122.180193,37.42698],[-122.180042,37.426948],[-122.180045,37.426935],[-122.180016,37.426927],[-122.180019,37.426916],[-122.179947,37.426884],[-122.179994,37.426823],[-122.180067,37.426855],[-122.180173,37.426879],[-122.180171,37.426892],[-122.180251,37.42691],[-122.180262,37.426882],[-122.180325,37.426896],[-122.180309,37.426957],[-122.18032,37.42696]]]}},{"type":"Feature","id":232715598,"properties":{"osmId":232715598,"category":"academic","addr:city":"Stanford","addr:housenumber":"228","addr:street":"Panama Street","building":"university","name":"288","paloalto_ca:id":"29193","source":"City of Palo Alto CA 0713","_wikiTried":true},"geometry":{"type":"Polygon","coordinates":[[[-122.179668,37.430122],[-122.179566,37.430123],[-122.179566,37.429981],[-122.179667,37.42998],[-122.179668,37.430122]]]}},{"type":"Feature","id":232715599,"properties":{"osmId":232715599,"category":"academic","addr:city":"Stanford","addr:housenumber":"228","addr:street":"Searsville Road","building":"yes","paloalto_ca:id":"29363","source":"City of Palo Alto CA 0713"},"geometry":{"type":"Polygon","coordinates":[[[-122.179672,37.427807],[-122.179663,37.427833],[-122.179567,37.427813],[-122.179557,37.427838],[-122.179503,37.427826],[-122.179541,37.427696],[-122.1796,37.427709],[-122.179598,37.427721],[-122.179672,37.427735],[-122.179676,37.427728],[-122.179754,37.427746],[-122.179731,37.427817],[-122.179672,37.427807]]]}},{"type":"Feature","id":232715601,"properties":{"osmId":232715601,"category":"academic","addr:city":"Stanford","addr:housenumber":"235","addr:street":"Santa Teresa Lane","building":"yes","paloalto_ca:id":"29371","source":"City of Palo Alto CA 0713"},"geometry":{"type":"Polygon","coordinates":[[[-122.179827,37.426828],[-122.179784,37.426975],[-122.179758,37.42697],[-122.179754,37.426979],[-122.179683,37.426962],[-122.179706,37.426901],[-122.179611,37.426884],[-122.179618,37.426865],[-122.179599,37.426862],[-122.179603,37.42684],[-122.179578,37.426835],[-122.179568,37.426869],[-122.179506,37.426857],[-122.179526,37.426789],[-122.179588,37.426802],[-122.179586,37.426814],[-122.179716,37.42684],[-122.179722,37.426829],[-122.179754,37.426836],[-122.179761,37.426814],[-122.179827,37.426828]]]}},{"type":"Feature","id":232715602,"properties":{"osmId":232715602,"category":"academic","addr:city":"Stanford","addr:housenumber":"238","addr:street":"Searsville Road","building":"yes","paloalto_ca:id":"29364","source":"City of Palo Alto CA 0713"},"geometry":{"type":"Polygon","coordinates":[[[-122.179446,37.427697],[-122.179412,37.427798],[-122.179353,37.427786],[-122.179344,37.427804],[-122.179219,37.42778],[-122.179235,37.427724],[-122.179167,37.427711],[-122.17919,37.427636],[-122.179271,37.427652],[-122.179251,37.42771],[-122.17932,37.427723],[-122.179338,37.427674],[-122.179446,37.427697]]]}},{"type":"Feature","id":232715603,"properties":{"osmId":232715603,"category":"academic","addr:city":"Stanford","addr:housenumber":"241","addr:street":"Santa Teresa Lane","building":"yes","paloalto_ca:id":"29372","source":"City of Palo Alto CA 0713"},"geometry":{"type":"Polygon","coordinates":[[[-122.179459,37.426812],[-122.179459,37.426814],[-122.179436,37.426876],[-122.179334,37.426855],[-122.179341,37.42682],[-122.179236,37.426798],[-122.179257,37.426731],[-122.179273,37.426733],[-122.179279,37.426728],[-122.179312,37.426738],[-122.179315,37.426742],[-122.179409,37.426763],[-122.179419,37.426737],[-122.179499,37.426755],[-122.179477,37.426817],[-122.179459,37.426812]]]}},{"type":"Feature","id":232715604,"properties":{"osmId":232715604,"category":"academic","addr:city":"Stanford","addr:housenumber":"247","addr:street":"Santa Teresa Lane","building":"yes","paloalto_ca:id":"29373","source":"City of Palo Alto CA 0713"},"geometry":{"type":"Polygon","coordinates":[[[-122.178996,37.426849],[-122.179023,37.426754],[-122.178915,37.426733],[-122.178933,37.426671],[-122.179068,37.426694],[-122.179079,37.426663],[-122.179161,37.426679],[-122.179108,37.426868],[-122.178996,37.426849]]]}},{"type":"Feature","id":232715605,"properties":{"osmId":232715605,"category":"academic","addr:city":"Stanford","addr:housenumber":"248","addr:street":"Searsville Road","building":"yes","paloalto_ca:id":"29365","source":"City of Palo Alto CA 0713"},"geometry":{"type":"Polygon","coordinates":[[[-122.179085,37.427613],[-122.179155,37.42763],[-122.179107,37.427773],[-122.178949,37.427739],[-122.178951,37.427729],[-122.178909,37.427719],[-122.178908,37.427725],[-122.178795,37.42773],[-122.178782,37.427598],[-122.178759,37.427598],[-122.178757,37.42756],[-122.178809,37.427557],[-122.178803,37.427484],[-122.178956,37.427477],[-122.178967,37.427571],[-122.178861,37.427579],[-122.178862,37.427656],[-122.178967,37.42768],[-122.178979,37.427643],[-122.179039,37.427656],[-122.179046,37.42764],[-122.179071,37.427646],[-122.179085,37.427613]]]}},{"type":"Feature","id":232715606,"properties":{"osmId":232715606,"category":"athletic","addr:city":"Stanford","addr:housenumber":"267","addr:street":"Galvez Street","building":"grandstand","paloalto_ca:id":"29519","source":"City of Palo Alto CA 0713"},"geometry":{"type":"Polygon","coordinates":[[[-122.162934,37.4322882],[-122.1628278,37.4323702],[-122.1628744,37.4324082],[-122.162767,37.432491],[-122.162719,37.4324518],[-122.162564,37.4325714],[-122.1624975,37.4325171],[-122.162835,37.4322568],[-122.1628569,37.4322747],[-122.162888,37.4322507],[-122.162934,37.4322882]]]}},{"type":"Feature","id":232715607,"properties":{"osmId":232715607,"category":"residential","addr:city":"Stanford","addr:housenumber":"267","addr:street":"Santa Teresa Lane","building":"detached","building:levels":"1","paloalto_ca:id":"29382","roof:levels":"0","source":"City of Palo Alto CA 0713"},"geometry":{"type":"Polygon","coordinates":[[[-122.178567,37.426738],[-122.17855,37.426794],[-122.178479,37.426781],[-122.178472,37.426787],[-122.178409,37.426774],[-122.178425,37.42672],[-122.178414,37.426718],[-122.178423,37.426688],[-122.178443,37.426693],[-122.178461,37.426636],[-122.178452,37.426634],[-122.178459,37.426613],[-122.178468,37.426615],[-122.178488,37.426554],[-122.178533,37.426563],[-122.178536,37.426553],[-122.17861,37.426568],[-122.178607,37.426578],[-122.178663,37.426592],[-122.178631,37.4267],[-122.178578,37.42669],[-122.17859,37.426654],[-122.178542,37.426644],[-122.178527,37.42665],[-122.178503,37.426725],[-122.178567,37.426738]]]}},{"type":"Feature","id":232715608,"properties":{"osmId":232715608,"category":"athletic","addr:city":"Stanford","addr:housenumber":"269","addr:street":"Galvez Street","building":"grandstand","paloalto_ca:id":"29520","source":"City of Palo Alto CA 0713"},"geometry":{"type":"Polygon","coordinates":[[[-122.1630215,37.4321129],[-122.163356,37.4318542],[-122.1634697,37.4319469],[-122.1632953,37.4320817],[-122.163104,37.4322296],[-122.1630076,37.432151],[-122.1630387,37.432127],[-122.1630215,37.4321129]]]}},{"type":"Feature","id":232715610,"properties":{"osmId":232715610,"category":"academic","addr:city":"Stanford","addr:housenumber":"315","addr:street":"Bonair Siding","building":"yes","name":"Maintenance Shops (09-100)","paloalto_ca:id":"29583","source":"City of Palo Alto CA 0713","_wikiTried":true},"geometry":{"type":"Polygon","coordinates":[[[-122.157551,37.4290122],[-122.156783,37.4283202],[-122.157005,37.4281632],[-122.157773,37.4288552],[-122.157551,37.4290122]]]}},{"type":"Feature","id":232715611,"properties":{"osmId":232715611,"category":"academic","addr:city":"Stanford","addr:housenumber":"327","addr:postcode":"94305","addr:state":"CA","addr:street":"Bonair Siding","building":"yes","name":"LBRE Office (09-105)","paloalto_ca:id":"29584","source":"City of Palo Alto CA 0713","_wikiTried":true},"geometry":{"type":"Polygon","coordinates":[[[-122.157924,37.428717],[-122.157742,37.428553],[-122.157881,37.428455],[-122.158063,37.428619],[-122.157924,37.428717]]]}},{"type":"Feature","id":232715612,"properties":{"osmId":232715612,"category":"academic","addr:city":"Stanford","addr:housenumber":"340","addr:street":"Bonair Siding","building":"yes","name":"Warehouse, Maps & Records Offices (09-110)","paloalto_ca:id":"29534","source":"City of Palo Alto CA 0713","_wikiTried":true},"geometry":{"type":"Polygon","coordinates":[[[-122.159108,37.428995],[-122.1587387,37.4292602],[-122.157976,37.429807],[-122.157523,37.429402],[-122.15804,37.42903],[-122.158129,37.429109],[-122.158146,37.429098],[-122.158229,37.429171],[-122.158214,37.429181],[-122.158232,37.429199],[-122.158355,37.429108],[-122.15832,37.429074],[-122.158528,37.428926],[-122.158553,37.428949],[-122.158783,37.428788],[-122.15862,37.428645],[-122.158684,37.428599],[-122.159108,37.428995]]]}},{"type":"Feature","id":232715613,"properties":{"osmId":232715613,"category":"academic","addr:city":"Stanford","addr:housenumber":"472","addr:street":"Oak Road","building":"yes","paloalto_ca:id":"29701","source":"City of Palo Alto CA 0713"},"geometry":{"type":"Polygon","coordinates":[[[-122.1847457,37.4302302],[-122.1847427,37.4302918],[-122.1845129,37.4302806],[-122.1845179,37.4302197],[-122.1845667,37.4302225],[-122.1845681,37.4301941],[-122.1845704,37.4301677],[-122.1845203,37.4301674],[-122.184522,37.4301102],[-122.1847512,37.4301172],[-122.1847478,37.4301774],[-122.1847244,37.4301766],[-122.1847214,37.43023],[-122.1847457,37.4302302]]]}},{"type":"Feature","id":232715614,"properties":{"osmId":232715614,"category":"academic","addr:city":"Stanford","addr:housenumber":"472","addr:street":"Oak Road","building":"university","name":"Environmental Safety Facility Annex","paloalto_ca:id":"29702","source":"City of Palo Alto CA 0713","_wikiTried":true},"geometry":{"type":"Polygon","coordinates":[[[-122.1847583,37.4296654],[-122.1847503,37.429801],[-122.1846977,37.429799],[-122.1846988,37.429779],[-122.1844821,37.4297709],[-122.1844923,37.4295992],[-122.1847748,37.4296098],[-122.1847756,37.4295968],[-122.1848475,37.4295995],[-122.1848495,37.4295662],[-122.1849717,37.4295708],[-122.1849657,37.4296732],[-122.1847583,37.4296654]]]}},{"type":"Feature","id":232715615,"properties":{"osmId":232715615,"category":"academic","addr:city":"Stanford","addr:housenumber":"473","addr:postcode":"94305","addr:state":"CA","addr:street":"Oak Road","building":"university","name":"Automotive Innovation Facility","office":"research","official_name":"Stanford Automotive Innovation Facility","paloalto_ca:id":"29714","source":"City of Palo Alto CA 0713","_wikiTried":true},"geometry":{"type":"Polygon","coordinates":[[[-122.1841003,37.4300351],[-122.1840962,37.4301115],[-122.1841229,37.4301124],[-122.1841187,37.4301903],[-122.1840907,37.4301894],[-122.1840867,37.4302634],[-122.183563,37.4302457],[-122.1835752,37.4300174],[-122.1841003,37.4300351]]]}},{"type":"Feature","id":232715616,"properties":{"osmId":232715616,"category":"academic","addr:city":"Stanford","addr:housenumber":"480","addr:postcode":"94305","addr:state":"CA","addr:street":"Oak Road","building":"university","name":"Environmental Safety Facility Building C","paloalto_ca:id":"29703","ref":"C","short_name":"ESF C","source":"City of Palo Alto CA 0713","_wikiTried":true},"geometry":{"type":"Polygon","coordinates":[[[-122.1857693,37.4297667],[-122.1857678,37.4297941],[-122.1852556,37.4297765],[-122.1852627,37.4296465],[-122.185228,37.4296453],[-122.1852299,37.4296094],[-122.1856157,37.4296227],[-122.1856137,37.4296586],[-122.1857365,37.4296628],[-122.1857349,37.429692],[-122.1858165,37.4296948],[-122.1858152,37.4297177],[-122.1858494,37.4297189],[-122.1858466,37.4297693],[-122.1857693,37.4297667]]]}},{"type":"Feature","id":232715617,"properties":{"osmId":232715617,"category":"academic","addr:city":"Stanford","addr:housenumber":"497","addr:street":"Oak Road","building":"yes","height":"3.2","paloalto_ca:id":"27403","source":"City of Palo Alto CA 0713"},"geometry":{"type":"Polygon","coordinates":[[[-122.184174,37.429042],[-122.184144,37.429011],[-122.18417,37.428994],[-122.184201,37.429026],[-122.184174,37.429042]]]}},{"type":"Feature","id":232715618,"properties":{"osmId":232715618,"category":"residential","addr:city":"Stanford","addr:housenumber":"506","addr:street":"Governors Avenue South","building":"detached","building:levels":"1","paloalto_ca:id":"29378","roof:levels":"0","source":"City of Palo Alto CA 0713"},"geometry":{"type":"Polygon","coordinates":[[[-122.178537,37.427576],[-122.178536,37.427674],[-122.178454,37.427675],[-122.178451,37.427646],[-122.178439,37.427646],[-122.178438,37.427651],[-122.178412,37.427652],[-122.178411,37.427684],[-122.178335,37.427685],[-122.178335,37.427541],[-122.178348,37.427541],[-122.178348,37.427476],[-122.178457,37.427476],[-122.178457,37.427577],[-122.178537,37.427576]]]}},{"type":"Feature","id":232715619,"properties":{"osmId":232715619,"category":"residential","addr:city":"Stanford","addr:housenumber":"518","addr:street":"Governors Avenue South","building":"detached","building:levels":"2","paloalto_ca:id":"29381","roof:levels":"0","source":"City of Palo Alto CA 0713"},"geometry":{"type":"Polygon","coordinates":[[[-122.178575,37.427003],[-122.178572,37.42704],[-122.178519,37.427037],[-122.178521,37.427008],[-122.178444,37.427004],[-122.178454,37.426895],[-122.178421,37.426894],[-122.178427,37.426822],[-122.17853,37.426826],[-122.178529,37.426834],[-122.178583,37.426837],[-122.178566,37.427003],[-122.178575,37.427003]]]}},{"type":"Feature","id":232715620,"properties":{"osmId":232715620,"category":"academic","addr:city":"Stanford","addr:housenumber":"525","addr:street":"Los Arboles Avenue","building":"yes","paloalto_ca:id":"29362","source":"City of Palo Alto CA 0713"},"geometry":{"type":"Polygon","coordinates":[[[-122.179829,37.427801],[-122.179891,37.427813],[-122.17991,37.427757],[-122.17993,37.42776],[-122.179956,37.427677],[-122.180141,37.427719],[-122.180122,37.42778],[-122.180059,37.427765],[-122.180032,37.427845],[-122.180005,37.427839],[-122.179982,37.42791],[-122.179807,37.427875],[-122.179829,37.427801]]]}},{"type":"Feature","id":232715621,"properties":{"osmId":232715621,"category":"academic","addr:city":"Stanford","addr:housenumber":"535","addr:street":"Los Arboles Avenue","building":"yes","paloalto_ca:id":"29366","source":"City of Palo Alto CA 0713"},"geometry":{"type":"Polygon","coordinates":[[[-122.180074,37.427635],[-122.180014,37.427623],[-122.180007,37.427633],[-122.179989,37.427628],[-122.179982,37.427634],[-122.179907,37.427618],[-122.179922,37.42757],[-122.179992,37.427583],[-122.180021,37.427484],[-122.179938,37.427465],[-122.179957,37.427411],[-122.180144,37.427448],[-122.180147,37.427438],[-122.180216,37.427454],[-122.18019,37.427531],[-122.180113,37.427516],[-122.180074,37.427635]]]}},{"type":"Feature","id":232715622,"properties":{"osmId":232715622,"category":"academic","addr:city":"Stanford","addr:housenumber":"541","addr:street":"Los Arboles Avenue","building":"yes","paloalto_ca:id":"29369","source":"City of Palo Alto CA 0713"},"geometry":{"type":"Polygon","coordinates":[[[-122.180218,37.427238],[-122.180185,37.427232],[-122.18018,37.42724],[-122.180084,37.427221],[-122.180085,37.427212],[-122.180074,37.427211],[-122.180084,37.427173],[-122.180139,37.427183],[-122.180167,37.427094],[-122.180103,37.427081],[-122.180116,37.427039],[-122.180155,37.427048],[-122.180156,37.427044],[-122.180271,37.427067],[-122.180218,37.427238]]]}},{"type":"Feature","id":232715623,"properties":{"osmId":232715623,"category":"residential","addr:city":"Stanford","addr:housenumber":"566","addr:postcode":"94305","addr:state":"CA","addr:street":"Governors Avenue","building":"dormitory","name":"Murray House","name:etymology":"Augustus Taber Murray","name:etymology:wikidata":"Q16943920","paloalto_ca:id":"29384","source":"City of Palo Alto CA 0713","website":"https://resed.stanford.edu/residences/find-house/murray","_wikiTried":true,"wikiTitle":"Murray_House","wikiDescription":"Building in Stanley, Hong Kong","wikiExtract":"Murray House is a Victorian-era building in Stanley, Hong Kong. Built in the present-day business district of Central in 1846 as officers' quarters of the Murray Barracks, the building was moved to the south of Hong Kong Island during the 2000s. This building has become an iconic landmark in Hong Kong. After housing the Hong Kong Maritime Museum, now in Stanley, it is now home to restaurants and shops.","wikiUrl":"https://en.wikipedia.org/wiki/Murray_House","wikiPhoto":"https://upload.wikimedia.org/wikipedia/commons/1/18/Murray_House_Stanley_Hong_Kong.jpg","wikiBuilt":null,"wikiHeight":null},"geometry":{"type":"Polygon","coordinates":[[[-122.178466,37.425328],[-122.178404,37.425315],[-122.178379,37.425388],[-122.178264,37.425364],[-122.178289,37.425283],[-122.178316,37.425289],[-122.178331,37.425239],[-122.178356,37.425244],[-122.178376,37.425183],[-122.178225,37.42515],[-122.178241,37.425092],[-122.178266,37.425096],[-122.178287,37.425033],[-122.178304,37.425036],[-122.178316,37.425004],[-122.178362,37.425014],[-122.178373,37.424981],[-122.178393,37.424985],[-122.178374,37.42505],[-122.178392,37.425054],[-122.178412,37.424988],[-122.17851,37.425008],[-122.178491,37.425064],[-122.178507,37.425066],[-122.178518,37.425039],[-122.178569,37.425052],[-122.178562,37.425078],[-122.178606,37.425087],[-122.178575,37.425169],[-122.178522,37.42516],[-122.178501,37.425227],[-122.178531,37.425236],[-122.178504,37.425312],[-122.178473,37.425305],[-122.178466,37.425328]]]}},{"type":"Feature","id":232715624,"properties":{"osmId":232715624,"category":"academic","addr:city":"Stanford","addr:housenumber":"554","addr:street":"Governors Avenue","building":"yes","paloalto_ca:id":"29383","source":"City of Palo Alto CA 0713"},"geometry":{"type":"Polygon","coordinates":[[[-122.178515,37.425756],[-122.178499,37.425808],[-122.178527,37.425813],[-122.178507,37.425869],[-122.17835,37.425836],[-122.178367,37.425781],[-122.178431,37.425793],[-122.178451,37.425744],[-122.178349,37.425719],[-122.17835,37.425709],[-122.178309,37.4257],[-122.178337,37.425622],[-122.178356,37.425626],[-122.178356,37.425622],[-122.178379,37.425628],[-122.178383,37.425619],[-122.178471,37.425635],[-122.178492,37.425577],[-122.178438,37.425564],[-122.178446,37.425536],[-122.178405,37.425528],[-122.178423,37.42547],[-122.178644,37.425519],[-122.17865,37.425501],[-122.178698,37.425512],[-122.178693,37.425529],[-122.178721,37.425534],[-122.178714,37.425554],[-122.178738,37.425557],[-122.178721,37.425605],[-122.1787,37.425601],[-122.178693,37.425618],[-122.178646,37.425608],[-122.178626,37.425668],[-122.178656,37.425676],[-122.178632,37.425749],[-122.178612,37.425745],[-122.1786,37.425775],[-122.178515,37.425756]]]}},{"type":"Feature","id":232715625,"properties":{"osmId":232715625,"category":"academic","addr:city":"Stanford","addr:housenumber":"574","addr:street":"Governors Avenue","building":"yes","paloalto_ca:id":"29385","source":"City of Palo Alto CA 0713"},"geometry":{"type":"Polygon","coordinates":[[[-122.178594,37.42483],[-122.178577,37.424879],[-122.178559,37.424874],[-122.17855,37.424896],[-122.178496,37.424883],[-122.178502,37.424861],[-122.178445,37.424848],[-122.17841,37.424959],[-122.178314,37.424939],[-122.17835,37.424819],[-122.178332,37.424815],[-122.178328,37.424827],[-122.178294,37.42482],[-122.178297,37.42481],[-122.178249,37.424799],[-122.178266,37.424746],[-122.178225,37.424739],[-122.178247,37.424667],[-122.178415,37.424702],[-122.178435,37.424639],[-122.178417,37.424636],[-122.178433,37.424587],[-122.178398,37.42458],[-122.178428,37.424493],[-122.178524,37.424513],[-122.178511,37.424565],[-122.17853,37.424566],[-122.178524,37.424587],[-122.178601,37.424605],[-122.178543,37.424783],[-122.178584,37.424793],[-122.178572,37.424825],[-122.178594,37.42483]]]}},{"type":"Feature","id":232715626,"properties":{"osmId":232715626,"category":"academic","access":"private","addr:city":"Stanford","addr:housenumber":"591","addr:postcode":"94305","addr:state":"CA","addr:street":"Los Arboles Avenue","amenity":"fast_food","building":"university","fast_food":"cafeteria","name":"Avanti","paloalto_ca:id":"29397","source":"City of Palo Alto CA 0713","_wikiTried":true},"geometry":{"type":"Polygon","coordinates":[[[-122.180677,37.424609],[-122.180693,37.42455],[-122.180741,37.424559],[-122.180749,37.42453],[-122.180984,37.42457],[-122.180961,37.424648],[-122.181024,37.424659],[-122.181001,37.424733],[-122.180935,37.424721],[-122.180941,37.424687],[-122.180923,37.424686],[-122.180916,37.424699],[-122.180846,37.424686],[-122.18084,37.424709],[-122.180761,37.424695],[-122.180785,37.424595],[-122.180736,37.424587],[-122.180726,37.424618],[-122.180677,37.424609]]]}},{"type":"Feature","id":232715627,"properties":{"osmId":232715627,"category":"academic","addr:city":"Palo Alto","addr:housenumber":"700","addr:postcode":"94304","addr:state":"CA","addr:street":"Welch Road","building":"yes","building:colour":"red","building:levels":"3","building:material":"brick","name":"Stanford Barn","paloalto_ca:id":"28476","source":"City of Palo Alto CA 0713","_wikiTried":true},"geometry":{"type":"Polygon","coordinates":[[[-122.173081,37.43732],[-122.172963,37.437457],[-122.173109,37.437547],[-122.173397,37.437229],[-122.173573,37.43734],[-122.173491,37.437425],[-122.173555,37.437464],[-122.17328,37.437752],[-122.173227,37.43772],[-122.173196,37.437754],[-122.17324,37.437784],[-122.173199,37.437828],[-122.173143,37.437793],[-122.17313,37.437807],[-122.172625,37.437503],[-122.172789,37.437344],[-122.172912,37.43722],[-122.173081,37.43732]]]}},{"type":"Feature","id":232715629,"properties":{"osmId":232715629,"category":"academic","addr:city":"Stanford","addr:housenumber":"657","addr:street":"Campus Drive","building":"yes","paloalto_ca:id":"29532","source":"City of Palo Alto CA 0713"},"geometry":{"type":"Polygon","coordinates":[[[-122.160353,37.428998],[-122.159873,37.429343],[-122.159592,37.429093],[-122.160074,37.42875],[-122.160353,37.428998]]]}},{"type":"Feature","id":232715632,"properties":{"osmId":232715632,"category":"academic","addr:city":"Stanford","addr:housenumber":"694","addr:street":"Pampas Lane","amenity":"bank","atm":"yes","building":"yes","name":"Stanford Federal Credit Union","paloalto_ca:id":"29575","source":"City of Palo Alto CA 0713","_wikiTried":true,"wikiTitle":"Stanford_Federal_Credit_Union","wikiDescription":"Credit union in California, USA","wikiExtract":"Stanford Federal Credit Union is a federally chartered credit union located in Palo Alto, California. It provides banking services to the Stanford community. Stanford FCU has over $3.6 billion in assets and serves over 80,000 members.","wikiUrl":"https://en.wikipedia.org/wiki/Stanford_Federal_Credit_Union","wikiPhoto":"https://upload.wikimedia.org/wikipedia/en/5/58/Stanford_Federal_Credit_Union_%28logo%29.gif","wikiBuilt":"1959","wikiHeight":null},"geometry":{"type":"Polygon","coordinates":[[[-122.155978,37.429192],[-122.155769,37.429339],[-122.155588,37.429176],[-122.155624,37.4291505],[-122.155797,37.429028],[-122.155978,37.429192]]]}},{"type":"Feature","id":232715633,"properties":{"osmId":232715633,"category":"academic","addr:city":"Palo Alto","addr:housenumber":"730","addr:street":"Welch Road","building":"yes","paloalto_ca:id":"28470","source":"City of Palo Alto CA 0713"},"geometry":{"type":"Polygon","coordinates":[[[-122.174798,37.43793],[-122.174622,37.437887],[-122.174617,37.4379],[-122.174125,37.437781],[-122.174123,37.437766],[-122.173961,37.437727],[-122.174044,37.437508],[-122.17421,37.437549],[-122.174213,37.437542],[-122.174714,37.437664],[-122.174712,37.437667],[-122.174882,37.437709],[-122.174798,37.43793]]]}},{"type":"Feature","id":232715634,"properties":{"osmId":232715634,"category":"academic","addr:city":"Palo Alto","addr:housenumber":"750","addr:street":"Welch Road","building":"yes","paloalto_ca:id":"28471","source":"City of Palo Alto CA 0713"},"geometry":{"type":"Polygon","coordinates":[[[-122.175577,37.438184],[-122.175014,37.438047],[-122.175038,37.437984],[-122.175014,37.437979],[-122.175039,37.437914],[-122.175066,37.43792],[-122.175089,37.43786],[-122.175649,37.437995],[-122.175577,37.438184]]]}},{"type":"Feature","id":232715635,"properties":{"osmId":232715635,"category":"academic","addr:city":"Palo Alto","addr:housenumber":"770","addr:street":"Welch Road","building":"yes","paloalto_ca:id":"28473","source":"City of Palo Alto CA 0713"},"geometry":{"type":"Polygon","coordinates":[[[-122.176374,37.438017],[-122.176452,37.438195],[-122.176113,37.438293],[-122.175762,37.43821],[-122.175792,37.438133],[-122.175776,37.438131],[-122.175797,37.43807],[-122.175815,37.438074],[-122.175834,37.438029],[-122.176064,37.438081],[-122.176056,37.438067],[-122.176014,37.438056],[-122.176023,37.438034],[-122.176151,37.438027],[-122.176159,37.438058],[-122.176122,37.438068],[-122.176119,37.438089],[-122.176374,37.438017]]]}},{"type":"Feature","id":232715636,"properties":{"osmId":232715636,"category":"academic","addr:city":"Palo Alto","addr:housenumber":"777","addr:street":"Welch Road","building":"yes","paloalto_ca:id":"28463","source":"City of Palo Alto CA 0713"},"geometry":{"type":"Polygon","coordinates":[[[-122.176051,37.436972],[-122.175984,37.436821],[-122.176299,37.436731],[-122.176367,37.436882],[-122.176051,37.436972]]]}},{"type":"Feature","id":232715637,"properties":{"osmId":232715637,"category":"academic","addr:city":"Palo Alto","addr:housenumber":"780","addr:street":"Welch Road","building":"yes","paloalto_ca:id":"28474","source":"City of Palo Alto CA 0713"},"geometry":{"type":"Polygon","coordinates":[[[-122.1776253,37.4373197],[-122.1773453,37.4375306],[-122.1772234,37.4374286],[-122.1772777,37.4373876],[-122.1770457,37.4371935],[-122.1772713,37.4370235],[-122.1776253,37.4373197]]]}},{"type":"Feature","id":232715638,"properties":{"osmId":232715638,"category":"academic","addr:city":"Palo Alto","addr:housenumber":"800","addr:street":"Welch Road","building":"yes","paloalto_ca:id":"28475","source":"City of Palo Alto CA 0713"},"geometry":{"type":"Polygon","coordinates":[[[-122.1768714,37.4373447],[-122.1770455,37.4374903],[-122.177004,37.4375216],[-122.1770663,37.4375737],[-122.1770243,37.4376054],[-122.1770423,37.4376205],[-122.1768346,37.4377769],[-122.1765547,37.4375427],[-122.1766433,37.4374759],[-122.1766688,37.4374973],[-122.1768714,37.4373447]]]}},{"type":"Feature","id":232715639,"properties":{"osmId":232715639,"category":"academic","addr:city":"Palo Alto","addr:housenumber":"900","addr:street":"Welch Road","building":"yes","paloalto_ca:id":"25908","source":"City of Palo Alto CA 0713"},"geometry":{"type":"Polygon","coordinates":[[[-122.1785168,37.4363069],[-122.1786638,37.4364349],[-122.1784108,37.4366219],[-122.1783948,37.4366079],[-122.1783428,37.4366459],[-122.1783598,37.4366599],[-122.1782008,37.4367769],[-122.1780528,37.4366489],[-122.1782128,37.4365309],[-122.1782238,37.4365399],[-122.1782728,37.4365039],[-122.1782618,37.4364939],[-122.1785168,37.4363069]]]}},{"type":"Feature","id":232715640,"properties":{"osmId":232715640,"category":"academic","addr:city":"Stanford","addr:housenumber":"655","addr:street":"Campus Drive","building":"yes","name":"Maples Pavilion","paloalto_ca:id":"29531","source":"USGS Geonames","sport":"basketball","wikidata":"Q6754048","_wikiTried":true,"wikiTitle":"Maples_Pavilion","wikiDescription":"Arena at Stanford University, California, United States","wikiExtract":"Maples Pavilion is a 7,233-seat multi-purpose arena on the campus of Stanford University in Stanford, California. Opened in 1969, Maples underwent a $30 million renovation in March 2004 and reopened ahead of schedule, in time for conference play that December. It was named after its principal donor, Roscoe Maples.","wikiUrl":"https://en.wikipedia.org/wiki/Maples_Pavilion","wikiPhoto":"https://upload.wikimedia.org/wikipedia/commons/6/6f/Maples_Pavilion.jpg","wikiBuilt":"1969","wikiHeight":null},"geometry":{"type":"Polygon","coordinates":[[[-122.1606,37.429077],[-122.161147,37.429566],[-122.16109,37.429603],[-122.161156,37.429658],[-122.161001,37.429768],[-122.16105,37.429809],[-122.160786,37.429997],[-122.160739,37.429957],[-122.160584,37.430067],[-122.160524,37.430014],[-122.160472,37.43005],[-122.159966,37.429604],[-122.159997,37.429585],[-122.159985,37.429576],[-122.160119,37.42948],[-122.160001,37.429375],[-122.160026,37.429353],[-122.160002,37.429332],[-122.160368,37.429065],[-122.160416,37.429109],[-122.160484,37.429062],[-122.160543,37.429113],[-122.1606,37.429077]]]}},{"type":"Feature","id":232715641,"properties":{"osmId":232715641,"category":"academic","addr:city":"Stanford","addr:housenumber":"711","addr:state":"CA","addr:street":"Serra Street","alt_name":"Public Safety Building","amenity":"fire_station","building":"yes","ele":"18","gnis:feature_id":"2107854","name":"Palo Alto Fire Station 6","paloalto_ca:id":"29594","source":"USGS Geonames","_wikiTried":true},"geometry":{"type":"Polygon","coordinates":[[[-122.158337,37.427391],[-122.158381,37.427426],[-122.158464,37.427367],[-122.158388,37.427295],[-122.158544,37.427187],[-122.158782,37.427401],[-122.158266,37.427768],[-122.158075,37.427599],[-122.158227,37.427492],[-122.15821,37.42748],[-122.1582745,37.4274348],[-122.158337,37.427391]]]}},{"type":"Feature","id":232715642,"properties":{"osmId":232715642,"category":"academic","addr:city":"Stanford","addr:housenumber":"295","addr:state":"CA","addr:street":"Galvez Street","building":"yes","building:levels":"1","ele":"21","gnis:feature_id":"1669777","name":"Sam McDonald Track House","paloalto_ca:id":"29522","source":"USGS Geonames","_wikiTried":true},"geometry":{"type":"Polygon","coordinates":[[[-122.163746,37.431438],[-122.163712,37.431553],[-122.163693,37.431553],[-122.1636701,37.4316316],[-122.163656,37.43168],[-122.163524,37.431655],[-122.163559,37.431528],[-122.163539,37.431523],[-122.163574,37.431403],[-122.163746,37.431438]]]}},{"type":"Feature","id":232715643,"properties":{"osmId":232715643,"category":"library","addr:city":"Stanford","addr:housenumber":"691","addr:state":"CA","addr:street":"Pampas Lane","amenity":"library","building":"yes","ele":"16","gnis:feature_id":"1669784","name":"Stanford Auxiliary Library","paloalto_ca:id":"29547","source":"USGS Geonames","_wikiTried":true,"wikiTitle":"Stanford_University_Libraries","wikiDescription":"American college library system","wikiExtract":"The Stanford University Libraries (SUL), formerly known as \"Stanford University Libraries and Academic Information Resources\" (\"SULAIR\"), is the library system of Stanford University in California. It encompasses more than 24 libraries in all. Several academic departments and some residences also have their own libraries.","wikiUrl":"https://en.wikipedia.org/wiki/Stanford_University_Libraries","wikiPhoto":"https://upload.wikimedia.org/wikipedia/commons/2/2b/Stanford_University_Green_Library_Bing_Wing.jpg","wikiBuilt":null,"wikiHeight":null},"geometry":{"type":"Polygon","coordinates":[[[-122.155354,37.429998],[-122.155513,37.430138],[-122.155348,37.430255],[-122.155359,37.430265],[-122.1553163,37.430302],[-122.154967,37.430541],[-122.154485,37.430113],[-122.154678,37.429972],[-122.154687,37.42998],[-122.154983,37.429764],[-122.155103,37.429871],[-122.155044,37.429917],[-122.155229,37.430084],[-122.155354,37.429998]]]}},{"type":"Feature","id":232715645,"properties":{"osmId":232715645,"category":"academic","building":"yes","paloalto_ca:id":"29555","source":"City of Palo Alto CA 0713"},"geometry":{"type":"Polygon","coordinates":[[[-122.1619717,37.4305763],[-122.161933,37.4306037],[-122.1618361,37.4305171],[-122.1622771,37.4302055],[-122.1623057,37.430231],[-122.1622289,37.4302853],[-122.1622372,37.4302928],[-122.1621917,37.430325],[-122.1622517,37.4303785],[-122.1619717,37.4305763]]]}},{"type":"Feature","id":232715646,"properties":{"osmId":232715646,"category":"academic","building":"yes","paloalto_ca:id":"29205","source":"City of Palo Alto CA 0713"},"geometry":{"type":"Polygon","coordinates":[[[-122.178743,37.428492],[-122.179013,37.428488],[-122.179015,37.428588],[-122.178957,37.42859],[-122.17896,37.428722],[-122.178861,37.428723],[-122.17886,37.428694],[-122.178836,37.428694],[-122.178836,37.428712],[-122.178748,37.428713],[-122.178743,37.428492]]]}},{"type":"Feature","id":232715649,"properties":{"osmId":232715649,"category":"academic","building":"yes","paloalto_ca:id":"29529","source":"City of Palo Alto CA 0713"},"geometry":{"type":"Polygon","coordinates":[[[-122.159553,37.432233],[-122.1595,37.432186],[-122.159636,37.432087],[-122.159641,37.432014],[-122.159516,37.431906],[-122.159736,37.431747],[-122.159813,37.431813],[-122.159675,37.431911],[-122.159675,37.431936],[-122.159752,37.432004],[-122.159747,37.432095],[-122.159553,37.432233]]]}},{"type":"Feature","id":232715650,"properties":{"osmId":232715650,"category":"academic","addr:city":"Stanford","addr:housenumber":"343","addr:postcode":"94305","addr:state":"CA","addr:street":"Bonair Siding","building":"yes","name":"Peninsula Sanitary Service (09-950)","paloalto_ca:id":"29597","source":"City of Palo Alto CA 0713","_wikiTried":true},"geometry":{"type":"Polygon","coordinates":[[[-122.158589,37.428136],[-122.15864,37.428181],[-122.158516,37.428268],[-122.158469,37.428228],[-122.15851,37.428198],[-122.158478,37.428171],[-122.158496,37.428157],[-122.158486,37.42815],[-122.158501,37.42814],[-122.158474,37.428115],[-122.158534,37.428073],[-122.158598,37.428129],[-122.158589,37.428136]]]}},{"type":"Feature","id":232715651,"properties":{"osmId":232715651,"category":"academic","access":"private","addr:city":"Stanford","addr:housenumber":"591","addr:postcode":"94305","addr:state":"CA","addr:street":"Los Arboles Avenue","amenity":"fast_food","building":"university","fast_food":"cafeteria","name":"Middle Earth","paloalto_ca:id":"29745","source":"City of Palo Alto CA 0713","_wikiTried":true},"geometry":{"type":"Polygon","coordinates":[[[-122.180683,37.424547],[-122.180639,37.424712],[-122.180554,37.424695],[-122.180558,37.424674],[-122.180515,37.424666],[-122.180512,37.424674],[-122.18048,37.424668],[-122.180489,37.424635],[-122.180423,37.424624],[-122.180441,37.424551],[-122.180505,37.424561],[-122.180516,37.424519],[-122.180683,37.424547]]]}},{"type":"Feature","id":232715652,"properties":{"osmId":232715652,"category":"academic","building":"yes","paloalto_ca:id":"29387","source":"City of Palo Alto CA 0713"},"geometry":{"type":"Polygon","coordinates":[[[-122.177776,37.42448],[-122.177847,37.424536],[-122.177775,37.42459],[-122.177805,37.424614],[-122.177716,37.424683],[-122.177658,37.424637],[-122.177715,37.424592],[-122.177704,37.424582],[-122.177722,37.42457],[-122.177704,37.424553],[-122.177759,37.42451],[-122.17775,37.424501],[-122.177776,37.42448]]]}},{"type":"Feature","id":232715653,"properties":{"osmId":232715653,"category":"academic","building":"yes","paloalto_ca:id":"29514","source":"City of Palo Alto CA 0713"},"geometry":{"type":"Polygon","coordinates":[[[-122.162235,37.433703],[-122.162211,37.433721],[-122.162135,37.433662],[-122.162146,37.433636],[-122.162123,37.433619],[-122.162093,37.433628],[-122.162022,37.433573],[-122.162043,37.433553],[-122.162016,37.433533],[-122.162042,37.433511],[-122.162288,37.433703],[-122.162262,37.433724],[-122.162235,37.433703]]]}},{"type":"Feature","id":232715654,"properties":{"osmId":232715654,"category":"academic","access":"private","addr:city":"Stanford","addr:housenumber":"591","addr:postcode":"94305","addr:state":"CA","addr:street":"Los Arboles Avenue","amenity":"fast_food","building":"university","fast_food":"cafeteria","name":"Beefeaters","paloalto_ca:id":"29391","source":"City of Palo Alto CA 0713","_wikiTried":true},"geometry":{"type":"Polygon","coordinates":[[[-122.1809571,37.4248929],[-122.1809254,37.4248876],[-122.1808641,37.4248773],[-122.1808521,37.4249229],[-122.1807277,37.4249022],[-122.1807321,37.4248859],[-122.1807389,37.4248601],[-122.1807141,37.4248559],[-122.1807318,37.4247894],[-122.1809068,37.4248186],[-122.1809095,37.4248084],[-122.1809765,37.4248196],[-122.1809571,37.4248929]]]}},{"type":"Feature","id":232715656,"properties":{"osmId":232715656,"category":"academic","building":"yes","paloalto_ca:id":"29206","source":"City of Palo Alto CA 0713"},"geometry":{"type":"Polygon","coordinates":[[[-122.179032,37.42831],[-122.179365,37.428306],[-122.179368,37.428439],[-122.179251,37.428441],[-122.179252,37.428461],[-122.179341,37.428459],[-122.179344,37.428581],[-122.17925,37.428582],[-122.179249,37.42859],[-122.179208,37.428591],[-122.179209,37.428641],[-122.179079,37.428643],[-122.179079,37.428591],[-122.179038,37.428592],[-122.179032,37.42831]]]}},{"type":"Feature","id":232715659,"properties":{"osmId":232715659,"category":"academic","access":"private","addr:city":"Stanford","addr:housenumber":"591","addr:postcode":"94305","addr:state":"CA","addr:street":"Los Arboles Avenue","amenity":"fast_food","building":"university","fast_food":"cafeteria","name":"Bollard","paloalto_ca:id":"29392","source":"City of Palo Alto CA 0713","_wikiTried":true},"geometry":{"type":"Polygon","coordinates":[[[-122.1804766,37.4249338],[-122.1804872,37.4248943],[-122.1805303,37.4249016],[-122.1805345,37.4248859],[-122.1805307,37.4248852],[-122.1805453,37.4248307],[-122.1806378,37.4248464],[-122.1806282,37.4248823],[-122.1806222,37.4249038],[-122.1805379,37.4248891],[-122.1805352,37.4248987],[-122.1806121,37.4249122],[-122.1805823,37.42502],[-122.1805804,37.4250283],[-122.1804345,37.4250035],[-122.1804543,37.42493],[-122.1804766,37.4249338]]]}},{"type":"Feature","id":232715661,"properties":{"osmId":232715661,"category":"academic","building":"yes","paloalto_ca:id":"29743","source":"City of Palo Alto CA 0713"},"geometry":{"type":"Polygon","coordinates":[[[-122.1805823,37.42502],[-122.1806121,37.4249122],[-122.1805352,37.4248987],[-122.1805379,37.4248891],[-122.1806222,37.4249038],[-122.1806282,37.4248823],[-122.1806725,37.4248901],[-122.1806763,37.4248762],[-122.1807321,37.4248859],[-122.1807277,37.4249022],[-122.1808521,37.4249229],[-122.1808641,37.4248773],[-122.1809254,37.4248876],[-122.1809086,37.4249485],[-122.1808458,37.4249375],[-122.1808375,37.4249674],[-122.1806602,37.4249365],[-122.1806346,37.4250291],[-122.1805823,37.42502]]]}},{"type":"Feature","id":232715662,"properties":{"osmId":232715662,"category":"academic","addr:city":"Stanford","addr:housenumber":"275","addr:street":"Sam McDonald Mall","building":"yes","paloalto_ca:id":"29554","source":"City of Palo Alto CA 0713"},"geometry":{"type":"Polygon","coordinates":[[[-122.1624052,37.431001],[-122.1623887,37.4310128],[-122.1624007,37.4310233],[-122.1623792,37.4310387],[-122.1623175,37.4309844],[-122.1623119,37.4309884],[-122.1619761,37.430693],[-122.1620468,37.4306424],[-122.1619717,37.4305763],[-122.1622517,37.4303785],[-122.1623195,37.4303283],[-122.1623044,37.430315],[-122.162399,37.4302472],[-122.1625087,37.4303437],[-122.1625293,37.4303289],[-122.1625604,37.4303563],[-122.1624118,37.4304627],[-122.1624202,37.4304702],[-122.1623902,37.4304917],[-122.1623823,37.4304847],[-122.1622685,37.4305663],[-122.1622792,37.4305756],[-122.1622654,37.4305855],[-122.1622553,37.4305765],[-122.1621014,37.4306869],[-122.1623846,37.430936],[-122.1623508,37.4309602],[-122.1623696,37.4309768],[-122.1624528,37.4309172],[-122.1624381,37.4309043],[-122.162544,37.4308283],[-122.1625561,37.430839],[-122.1625799,37.4308219],[-122.1625679,37.4308113],[-122.1626936,37.4307212],[-122.1627056,37.4307318],[-122.1627279,37.4307158],[-122.1627145,37.430704],[-122.1628461,37.4306097],[-122.1629757,37.4307237],[-122.1629202,37.4307635],[-122.1629006,37.4307462],[-122.1628623,37.4307737],[-122.1628816,37.4307907],[-122.1628632,37.4308039],[-122.1628542,37.430796],[-122.1627789,37.4308499],[-122.16279,37.4308597],[-122.1626728,37.4309437],[-122.1626562,37.430929],[-122.1626403,37.4309404],[-122.1626526,37.4309512],[-122.1626134,37.4309793],[-122.1626093,37.4309756],[-122.1625971,37.4309843],[-122.162592,37.4309798],[-122.1625806,37.430988],[-122.1625763,37.4309842],[-122.1625648,37.4309925],[-122.1625595,37.4309879],[-122.1625393,37.4310024],[-122.1625442,37.4310067],[-122.1625178,37.4310199],[-122.162498,37.4310247],[-122.1624783,37.4310261],[-122.1624561,37.4310266],[-122.1624387,37.4310194],[-122.1624236,37.4310128],[-122.1624052,37.431001]]]}},{"type":"Feature","id":232715664,"properties":{"osmId":232715664,"category":"academic","addr:city":"Stanford","addr:housenumber":"480","addr:postcode":"94305","addr:state":"CA","addr:street":"Oak Road","building":"university","name":"Environmental Safety Facility Building B","paloalto_ca:id":"29704","ref":"B","short_name":"ESF B","source":"City of Palo Alto CA 0713","_wikiTried":true},"geometry":{"type":"Polygon","coordinates":[[[-122.1854716,37.4293974],[-122.1854685,37.4294531],[-122.1851325,37.4294413],[-122.1851408,37.4292909],[-122.1851131,37.42929],[-122.1851153,37.4292498],[-122.1852869,37.4292558],[-122.1852905,37.4291902],[-122.1853596,37.4291926],[-122.1853609,37.4291686],[-122.1852936,37.4291662],[-122.1852946,37.4291491],[-122.1853625,37.4291515],[-122.1853639,37.4291273],[-122.1852931,37.4291248],[-122.185297,37.4290545],[-122.1853697,37.429057],[-122.185369,37.4290704],[-122.185453,37.4290733],[-122.1854431,37.4292532],[-122.1854351,37.4293962],[-122.1854716,37.4293974]]]}},{"type":"Feature","id":232715665,"properties":{"osmId":232715665,"category":"academic","addr:city":"Stanford","addr:housenumber":"589","addr:postcode":"94305","addr:state":"CA","addr:street":"Governors Avenue","building":"university","name":"Elliott Program Center","paloalto_ca:id":"29388","source":"City of Palo Alto CA 0713","_wikiTried":true},"geometry":{"type":"Polygon","coordinates":[[[-122.178139,37.424075],[-122.178104,37.424107],[-122.178134,37.42413],[-122.178149,37.424118],[-122.178205,37.424164],[-122.178179,37.424187],[-122.178206,37.424209],[-122.178036,37.424345],[-122.177933,37.424262],[-122.177962,37.424235],[-122.177955,37.424227],[-122.177829,37.424325],[-122.177725,37.424242],[-122.177834,37.424155],[-122.177808,37.424129],[-122.17788,37.424072],[-122.177911,37.424098],[-122.178019,37.424012],[-122.178036,37.424028],[-122.178067,37.424003],[-122.178131,37.424051],[-122.178123,37.424059],[-122.178139,37.424075]]]}},{"type":"Feature","id":232715666,"properties":{"osmId":232715666,"category":"dining","addr:city":"Stanford","addr:housenumber":"238","addr:postcode":"94305","addr:state":"CA","addr:street":"Santa Teresa Street","amenity":"restaurant","building":"yes","name":"Ricker Dining Hall","paloalto_ca:id":"29389","source":"City of Palo Alto CA 0713;local knowledge","website":"https://rde.stanford.edu/dining/ricker-dining","_wikiTried":true},"geometry":{"type":"Polygon","coordinates":[[[-122.1805735,37.4256406],[-122.1805625,37.4256656],[-122.1802905,37.4256076],[-122.1803075,37.4255576],[-122.1802455,37.4255446],[-122.1802555,37.4255106],[-122.1802305,37.4255036],[-122.1802075,37.4254716],[-122.1802195,37.4254366],[-122.1802635,37.4254176],[-122.1802855,37.4254236],[-122.1802965,37.4253876],[-122.1803715,37.4254036],[-122.1803835,37.4253596],[-122.1805425,37.4253966],[-122.1805395,37.4254096],[-122.1807375,37.4254536],[-122.1807315,37.4254716],[-122.1807225,37.4254696],[-122.1807005,37.4255236],[-122.1807615,37.4255366],[-122.1807335,37.4256136],[-122.1807175,37.4256096],[-122.1806965,37.4256666],[-122.1805735,37.4256406]]]}},{"type":"Feature","id":232715668,"properties":{"osmId":232715668,"category":"academic","building":"yes","paloalto_ca:id":"29393","source":"City of Palo Alto CA 0713"},"geometry":{"type":"Polygon","coordinates":[[[-122.180107,37.424892],[-122.180093,37.42494],[-122.179817,37.424893],[-122.179829,37.424845],[-122.179841,37.424846],[-122.179851,37.424805],[-122.179866,37.424806],[-122.179872,37.424779],[-122.17988,37.424781],[-122.179883,37.424763],[-122.179873,37.42476],[-122.179883,37.424716],[-122.179873,37.424713],[-122.179884,37.424678],[-122.179944,37.424688],[-122.179944,37.424694],[-122.180065,37.424713],[-122.180054,37.424761],[-122.179974,37.424746],[-122.179965,37.424777],[-122.179958,37.424775],[-122.179954,37.424793],[-122.17996,37.424794],[-122.179955,37.42481],[-122.179977,37.424815],[-122.179972,37.424827],[-122.180105,37.42485],[-122.180094,37.424888],[-122.180107,37.424892]]]}},{"type":"Feature","id":232715669,"properties":{"osmId":232715669,"category":"academic","building":"yes","paloalto_ca:id":"29395","source":"City of Palo Alto CA 0713"},"geometry":{"type":"Polygon","coordinates":[[[-122.179571,37.424809],[-122.179559,37.424857],[-122.179447,37.424838],[-122.179448,37.424834],[-122.179359,37.424818],[-122.179358,37.424823],[-122.179284,37.42481],[-122.179297,37.424763],[-122.179306,37.424764],[-122.179319,37.42472],[-122.179332,37.424722],[-122.179339,37.424695],[-122.179346,37.424696],[-122.179351,37.424678],[-122.179337,37.424676],[-122.179348,37.424633],[-122.17934,37.424632],[-122.17935,37.424594],[-122.17941,37.424605],[-122.179411,37.42461],[-122.179539,37.42463],[-122.179528,37.42468],[-122.179439,37.424664],[-122.17943,37.424695],[-122.179424,37.424693],[-122.179421,37.42471],[-122.179426,37.424711],[-122.179423,37.424727],[-122.179441,37.42473],[-122.179429,37.424775],[-122.179444,37.424778],[-122.179454,37.424745],[-122.179574,37.424764],[-122.179562,37.424807],[-122.179571,37.424809]]]}},{"type":"Feature","id":232715670,"properties":{"osmId":232715670,"category":"academic","building":"yes","paloalto_ca:id":"29203","source":"City of Palo Alto CA 0713"},"geometry":{"type":"Polygon","coordinates":[[[-122.17891,37.429181],[-122.178695,37.429184],[-122.178691,37.42898],[-122.178906,37.428977],[-122.17891,37.429181]]]}},{"type":"Feature","id":232715671,"properties":{"osmId":232715671,"category":"academic","building":"garage","paloalto_ca:id":"25846","source":"City of Palo Alto CA 0713"},"geometry":{"type":"Polygon","coordinates":[[[-122.1801226,37.4354032],[-122.1801826,37.4354552],[-122.1801246,37.4354972],[-122.1800646,37.4354452],[-122.1801226,37.4354032]]]}},{"type":"Feature","id":232715672,"properties":{"osmId":232715672,"category":"academic","building":"yes","paloalto_ca:id":"29526","source":"City of Palo Alto CA 0713"},"geometry":{"type":"Polygon","coordinates":[[[-122.157832,37.432105],[-122.15743,37.431745],[-122.157668,37.43157],[-122.158081,37.431933],[-122.157832,37.432105]]]}},{"type":"Feature","id":232715673,"properties":{"osmId":232715673,"category":"academic","building":"yes","paloalto_ca:id":"29201","source":"City of Palo Alto CA 0713"},"geometry":{"type":"Polygon","coordinates":[[[-122.179357,37.429057],[-122.179249,37.429059],[-122.179247,37.428964],[-122.179355,37.428963],[-122.179357,37.429057]]]}},{"type":"Feature","id":232715674,"properties":{"osmId":232715674,"category":"academic","building":"yes","paloalto_ca:id":"29507","source":"City of Palo Alto CA 0713"},"geometry":{"type":"Polygon","coordinates":[[[-122.159456,37.434421],[-122.159406,37.434433],[-122.15937,37.434342],[-122.15942,37.43433],[-122.159456,37.434421]]]}},{"type":"Feature","id":232715675,"properties":{"osmId":232715675,"category":"academic","building":"garage","paloalto_ca:id":"25895","source":"City of Palo Alto CA 0713"},"geometry":{"type":"Polygon","coordinates":[[[-122.1804803,37.4349283],[-122.1805873,37.4350213],[-122.1805403,37.4350553],[-122.1804343,37.4349633],[-122.1804803,37.4349283]]]}},{"type":"Feature","id":232715676,"properties":{"osmId":232715676,"category":"academic","building":"yes","paloalto_ca:id":"29706","source":"City of Palo Alto CA 0713"},"geometry":{"type":"Polygon","coordinates":[[[-122.1854411,37.4295073],[-122.185436,37.4296038],[-122.1853879,37.4296022],[-122.185393,37.4295057],[-122.1854411,37.4295073]]]}},{"type":"Feature","id":232715677,"properties":{"osmId":232715677,"category":"academic","building":"yes","paloalto_ca:id":"29593","source":"City of Palo Alto CA 0713"},"geometry":{"type":"Polygon","coordinates":[[[-122.158371,37.427938],[-122.158324,37.427971],[-122.158279,37.42793],[-122.158326,37.427897],[-122.158371,37.427938]]]}},{"type":"Feature","id":232715678,"properties":{"osmId":232715678,"category":"academic","building":"garage","paloalto_ca:id":"25852","source":"City of Palo Alto CA 0713"},"geometry":{"type":"Polygon","coordinates":[[[-122.1806427,37.4352936],[-122.1805637,37.4353506],[-122.1805203,37.4353123],[-122.1806003,37.4352553],[-122.1806427,37.4352936]]]}},{"type":"Feature","id":232715679,"properties":{"osmId":232715679,"category":"academic","building":"yes","paloalto_ca:id":"29544","source":"City of Palo Alto CA 0713"},"geometry":{"type":"Polygon","coordinates":[[[-122.1562066,37.4309646],[-122.1561772,37.4309855],[-122.156079,37.4308981],[-122.1561084,37.4308773],[-122.1562066,37.4309646]]]}},{"type":"Feature","id":232715681,"properties":{"osmId":232715681,"category":"academic","building":"garage","paloalto_ca:id":"25854","source":"City of Palo Alto CA 0713"},"geometry":{"type":"Polygon","coordinates":[[[-122.1806674,37.4350788],[-122.1807358,37.4351393],[-122.1807329,37.4351414],[-122.1806852,37.4351758],[-122.1806168,37.4351153],[-122.1806674,37.4350788]]]}},{"type":"Feature","id":232715685,"properties":{"osmId":232715685,"category":"academic","building":"yes","paloalto_ca:id":"29374","source":"City of Palo Alto CA 0713"},"geometry":{"type":"Polygon","coordinates":[[[-122.179544,37.42688],[-122.179534,37.426907],[-122.179507,37.426899],[-122.179516,37.426874],[-122.179544,37.42688]]]}},{"type":"Feature","id":232715688,"properties":{"osmId":232715688,"category":"academic","building":"yes","paloalto_ca:id":"29367","source":"City of Palo Alto CA 0713"},"geometry":{"type":"Polygon","coordinates":[[[-122.179805,37.427547],[-122.179781,37.427617],[-122.179704,37.427602],[-122.179728,37.427529],[-122.179805,37.427547]]]}},{"type":"Feature","id":232715692,"properties":{"osmId":232715692,"category":"academic","building":"yes","height":"3.6","paloalto_ca:id":"32102","source":"City of Palo Alto CA 0713"},"geometry":{"type":"Polygon","coordinates":[[[-122.1814374,37.4291771],[-122.1812589,37.4291423],[-122.1813373,37.4288961],[-122.1815137,37.4289309],[-122.1814374,37.4291771]]]}},{"type":"Feature","id":232715695,"properties":{"osmId":232715695,"category":"academic","building":"garage","paloalto_ca:id":"25845","source":"City of Palo Alto CA 0713"},"geometry":{"type":"Polygon","coordinates":[[[-122.1795334,37.4359828],[-122.1795416,37.4359751],[-122.179485,37.4359372],[-122.1795118,37.4359119],[-122.1795971,37.4359691],[-122.1795621,37.4360021],[-122.1795334,37.4359828]]]}},{"type":"Feature","id":232715696,"properties":{"osmId":232715696,"category":"academic","building":"yes","paloalto_ca:id":"29515","source":"City of Palo Alto CA 0713"},"geometry":{"type":"Polygon","coordinates":[[[-122.162446,37.433889],[-122.162404,37.433913],[-122.162379,37.433887],[-122.162423,37.433862],[-122.162446,37.433889]]]}},{"type":"Feature","id":232715700,"properties":{"osmId":232715700,"category":"academic","addr:city":"Stanford","addr:housenumber":"321","addr:postcode":"94305","addr:state":"CA","addr:street":"Bonair Siding","building":"yes","name":"Steamfitters Shop (09-130)","paloalto_ca:id":"29585","source":"City of Palo Alto CA 0713","_wikiTried":true},"geometry":{"type":"Polygon","coordinates":[[[-122.157637,37.428462],[-122.157446,37.42829],[-122.157505,37.428248],[-122.157695,37.428421],[-122.157637,37.428462]]]}},{"type":"Feature","id":232715701,"properties":{"osmId":232715701,"category":"academic","building":"yes","paloalto_ca:id":"25837","source":"City of Palo Alto CA 0713"},"geometry":{"type":"Polygon","coordinates":[[[-122.179665,37.435306],[-122.17972,37.435267],[-122.179769,37.43531],[-122.179714,37.43535],[-122.179665,37.435306]]]}},{"type":"Feature","id":232715702,"properties":{"osmId":232715702,"category":"academic","building":"yes","paloalto_ca:id":"29208","source":"City of Palo Alto CA 0713"},"geometry":{"type":"Polygon","coordinates":[[[-122.178939,37.428471],[-122.178597,37.428422],[-122.178621,37.428313],[-122.178963,37.428362],[-122.178939,37.428471]]]}},{"type":"Feature","id":232715703,"properties":{"osmId":232715703,"category":"academic","addr:city":"Stanford","addr:housenumber":"333","addr:postcode":"94305","addr:state":"CA","addr:street":"Bonair Siding","building":"yes","name":"IT Offices (09-190)","paloalto_ca:id":"29588","source":"City of Palo Alto CA 0713","_wikiTried":true},"geometry":{"type":"Polygon","coordinates":[[[-122.1581836,37.428586],[-122.1577529,37.4281929],[-122.157909,37.4280851],[-122.1583396,37.4284783],[-122.1581836,37.428586]]]}},{"type":"Feature","id":232715704,"properties":{"osmId":232715704,"category":"academic","building":"garage","paloalto_ca:id":"25900","source":"City of Palo Alto CA 0713"},"geometry":{"type":"Polygon","coordinates":[[[-122.1796078,37.43452],[-122.1795908,37.434568],[-122.1795318,37.434555],[-122.1795498,37.434507],[-122.1796078,37.43452]]]}},{"type":"Feature","id":232715705,"properties":{"osmId":232715705,"category":"academic","building":"yes","paloalto_ca:id":"28464","source":"City of Palo Alto CA 0713"},"geometry":{"type":"Polygon","coordinates":[[[-122.175971,37.436764],[-122.175886,37.436573],[-122.176193,37.436486],[-122.176278,37.436677],[-122.175971,37.436764]]]}},{"type":"Feature","id":232715706,"properties":{"osmId":232715706,"category":"academic","building":"yes","paloalto_ca:id":"28477","source":"City of Palo Alto CA 0713"},"geometry":{"type":"Polygon","coordinates":[[[-122.173284,37.437256],[-122.17319,37.437198],[-122.173252,37.437134],[-122.173346,37.437192],[-122.173284,37.437256]]]}},{"type":"Feature","id":232715707,"properties":{"osmId":232715707,"category":"academic","building":"yes","paloalto_ca:id":"29509","source":"City of Palo Alto CA 0713"},"geometry":{"type":"Polygon","coordinates":[[[-122.1616005,37.435775],[-122.1614805,37.435786],[-122.1614745,37.435745],[-122.1615945,37.435734],[-122.1616005,37.435775]]]}},{"type":"Feature","id":232715710,"properties":{"osmId":232715710,"category":"academic","building":"garage","paloalto_ca:id":"25838","source":"City of Palo Alto CA 0713"},"geometry":{"type":"Polygon","coordinates":[[[-122.1795683,37.4358382],[-122.1796176,37.4358036],[-122.1796604,37.4358422],[-122.1796101,37.4358768],[-122.1795683,37.4358382]]]}},{"type":"Feature","id":232715712,"properties":{"osmId":232715712,"category":"academic","building":"yes","paloalto_ca:id":"29380","source":"City of Palo Alto CA 0713"},"geometry":{"type":"Polygon","coordinates":[[[-122.179009,37.427282],[-122.178835,37.427245],[-122.178842,37.427225],[-122.179015,37.427262],[-122.179009,37.427282]]]}},{"type":"Feature","id":232715713,"properties":{"osmId":232715713,"category":"academic","building":"garage","paloalto_ca:id":"25891","source":"City of Palo Alto CA 0713"},"geometry":{"type":"Polygon","coordinates":[[[-122.1798819,37.4347113],[-122.1798583,37.434778],[-122.1797418,37.4347536],[-122.1797653,37.4346859],[-122.1798819,37.4347113]]]}},{"type":"Feature","id":232715715,"properties":{"osmId":232715715,"category":"academic","building":"yes","paloalto_ca:id":"29599","source":"City of Palo Alto CA 0713"},"geometry":{"type":"Polygon","coordinates":[[[-122.157881,37.428338],[-122.157834,37.428371],[-122.157816,37.428354],[-122.157863,37.428321],[-122.157881,37.428338]]]}},{"type":"Feature","id":232715716,"properties":{"osmId":232715716,"category":"academic","building":"garage","paloalto_ca:id":"25894","source":"City of Palo Alto CA 0713"},"geometry":{"type":"Polygon","coordinates":[[[-122.1800015,37.4356994],[-122.1800455,37.4357374],[-122.1799685,37.4357934],[-122.1799255,37.4357554],[-122.1800015,37.4356994]]]}},{"type":"Feature","id":232715720,"properties":{"osmId":232715720,"category":"academic","building":"garage","paloalto_ca:id":"25850","source":"City of Palo Alto CA 0713"},"geometry":{"type":"Polygon","coordinates":[[[-122.1802728,37.4354957],[-122.1803572,37.4354355],[-122.180398,37.4354716],[-122.1803136,37.4355318],[-122.1802728,37.4354957]]]}},{"type":"Feature","id":232715721,"properties":{"osmId":232715721,"category":"academic","building":"yes","name":"Stanford Mausoleum","paloalto_ca:id":"26786","source":"City of Palo Alto CA 0713","tomb":"mausoleum","wikidata":"Q7598774","wikipedia":"en:Stanford Mausoleum","_wikiTried":true,"wikiTitle":"Stanford_Mausoleum","wikiDescription":"Burial place in Palo Alto, California","wikiExtract":"The Stanford Mausoleum, located in the Northwest of the Stanford University campus in the Stanford University Arboretum, holds the remains of the university's namesake Leland Stanford, Jr. and his parents Leland and Jane Stanford.","wikiUrl":"https://en.wikipedia.org/wiki/Stanford_Mausoleum","wikiPhoto":"https://upload.wikimedia.org/wikipedia/commons/7/7a/Stanford_Mausoleum.jpg","wikiBuilt":null,"wikiHeight":null},"geometry":{"type":"Polygon","coordinates":[[[-122.17003,37.436538],[-122.169965,37.436584],[-122.169859,37.436486],[-122.169887,37.4364666],[-122.169921,37.436443],[-122.17003,37.436538]]]}},{"type":"Feature","id":232715723,"properties":{"osmId":232715723,"category":"academic","building":"yes","paloalto_ca:id":"32112","source":"City of Palo Alto CA 0713"},"geometry":{"type":"Polygon","coordinates":[[[-122.181763,37.428966],[-122.181645,37.428941],[-122.181701,37.428773],[-122.181819,37.428798],[-122.181763,37.428966]]]}},{"type":"Feature","id":232715732,"properties":{"osmId":232715732,"category":"academic","building":"garage","paloalto_ca:id":"25899","source":"City of Palo Alto CA 0713"},"geometry":{"type":"Polygon","coordinates":[[[-122.1796121,37.4345722],[-122.1796265,37.4345315],[-122.1796789,37.4345432],[-122.1796645,37.4345839],[-122.1796121,37.4345722]]]}},{"type":"Feature","id":232715734,"properties":{"osmId":232715734,"category":"academic","building":"garage","paloalto_ca:id":"25843","source":"City of Palo Alto CA 0713"},"geometry":{"type":"Polygon","coordinates":[[[-122.1792683,37.4358163],[-122.1791453,37.4357363],[-122.1791813,37.4357023],[-122.1793033,37.4357823],[-122.1792683,37.4358163]]]}},{"type":"Feature","id":232715735,"properties":{"osmId":232715735,"category":"academic","building":"yes","paloalto_ca:id":"29530","source":"City of Palo Alto CA 0713"},"geometry":{"type":"Polygon","coordinates":[[[-122.159017,37.430951],[-122.158965,37.430987],[-122.158859,37.430889],[-122.158911,37.430853],[-122.159017,37.430951]]]}},{"type":"Feature","id":232715736,"properties":{"osmId":232715736,"category":"academic","building":"yes","paloalto_ca:id":"29199","source":"City of Palo Alto CA 0713"},"geometry":{"type":"Polygon","coordinates":[[[-122.179681,37.429057],[-122.179558,37.429059],[-122.179555,37.428959],[-122.179678,37.428957],[-122.179681,37.429057]]]}},{"type":"Feature","id":232715737,"properties":{"osmId":232715737,"category":"academic","building":"garage","paloalto_ca:id":"25853","source":"City of Palo Alto CA 0713"},"geometry":{"type":"Polygon","coordinates":[[[-122.1806836,37.435195],[-122.1807265,37.4352319],[-122.1806829,37.4352637],[-122.18064,37.4352268],[-122.1806836,37.435195]]]}},{"type":"Feature","id":232715738,"properties":{"osmId":232715738,"category":"academic","building":"yes","paloalto_ca:id":"29209","source":"City of Palo Alto CA 0713"},"geometry":{"type":"Polygon","coordinates":[[[-122.178766,37.428314],[-122.178643,37.428297],[-122.17867,37.428167],[-122.178793,37.428183],[-122.178766,37.428314]]]}},{"type":"Feature","id":232715740,"properties":{"osmId":232715740,"category":"academic","building":"yes","paloalto_ca:id":"28482","source":"City of Palo Alto CA 0713"},"geometry":{"type":"Polygon","coordinates":[[[-122.174316,37.438054],[-122.174275,37.438044],[-122.174307,37.43796],[-122.174348,37.43797],[-122.174316,37.438054]]]}},{"type":"Feature","id":232715741,"properties":{"osmId":232715741,"category":"academic","building":"garage","paloalto_ca:id":"25844","source":"City of Palo Alto CA 0713"},"geometry":{"type":"Polygon","coordinates":[[[-122.179426,37.4359165],[-122.1793493,37.4358605],[-122.1793878,37.4358268],[-122.1794644,37.4358828],[-122.179426,37.4359165]]]}},{"type":"Feature","id":232715744,"properties":{"osmId":232715744,"category":"academic","building":"yes","paloalto_ca:id":"25882","source":"City of Palo Alto CA 0713"},"geometry":{"type":"Polygon","coordinates":[[[-122.1795231,37.4354221],[-122.1795761,37.4354691],[-122.1795188,37.4355097],[-122.1794668,37.4354617],[-122.1795231,37.4354221]]]}},{"type":"Feature","id":232715746,"properties":{"osmId":232715746,"category":"academic","building":"yes","height":"3.6","paloalto_ca:id":"32101","source":"City of Palo Alto CA 0713"},"geometry":{"type":"Polygon","coordinates":[[[-122.1814913,37.4291885],[-122.1814374,37.4291771],[-122.1814555,37.4291197],[-122.1815102,37.4291318],[-122.1814913,37.4291885]]]}},{"type":"Feature","id":232715748,"properties":{"osmId":232715748,"category":"academic","addr:city":"Stanford","addr:housenumber":"679","addr:postcode":"94305","addr:street":"Pampas Lane","building":"yes","paloalto_ca:id":"29540","source":"City of Palo Alto CA 0713"},"geometry":{"type":"Polygon","coordinates":[[[-122.1566375,37.4307911],[-122.1564069,37.430954],[-122.1563361,37.4308908],[-122.1565666,37.4307279],[-122.1566375,37.4307911]]]}},{"type":"Feature","id":232715756,"properties":{"osmId":232715756,"category":"academic","building":"yes","paloalto_ca:id":"29523","source":"City of Palo Alto CA 0713"},"geometry":{"type":"Polygon","coordinates":[[[-122.157427,37.431915],[-122.157346,37.431974],[-122.157284,37.431918],[-122.157365,37.431859],[-122.157427,37.431915]]]}},{"type":"Feature","id":232715759,"properties":{"osmId":232715759,"category":"academic","building":"yes","paloalto_ca:id":"29517","source":"City of Palo Alto CA 0713"},"geometry":{"type":"Polygon","coordinates":[[[-122.1599978,37.4362071],[-122.1598814,37.4362877],[-122.1598168,37.4362289],[-122.1599332,37.4361483],[-122.1599978,37.4362071]]]}},{"type":"Feature","id":232715761,"properties":{"osmId":232715761,"category":"academic","building":"yes","height":"3.1","paloalto_ca:id":"29582","source":"City of Palo Alto CA 0713"},"geometry":{"type":"Polygon","coordinates":[[[-122.1565061,37.4288445],[-122.156452,37.4287961],[-122.1565342,37.4287382],[-122.1565882,37.4287866],[-122.1565061,37.4288445]]]}},{"type":"Feature","id":232715762,"properties":{"osmId":232715762,"category":"academic","building":"garage","paloalto_ca:id":"25848","source":"City of Palo Alto CA 0713"},"geometry":{"type":"Polygon","coordinates":[[[-122.1801143,37.4356828],[-122.1800713,37.4356458],[-122.1801513,37.4355868],[-122.1801943,37.4356228],[-122.1801143,37.4356828]]]}},{"type":"Feature","id":232715764,"properties":{"osmId":232715764,"category":"academic","building":"yes","paloalto_ca:id":"25890","source":"City of Palo Alto CA 0713"},"geometry":{"type":"Polygon","coordinates":[[[-122.1796875,37.4347913],[-122.1796611,37.4347858],[-122.1796755,37.4347375],[-122.179702,37.4347419],[-122.1796875,37.4347913]]]}},{"type":"Feature","id":232715766,"properties":{"osmId":232715766,"category":"academic","building":"yes","paloalto_ca:id":"29197","source":"City of Palo Alto CA 0713"},"geometry":{"type":"Polygon","coordinates":[[[-122.179684,37.429201],[-122.179396,37.429205],[-122.179394,37.429087],[-122.179681,37.429083],[-122.179684,37.429201]]]}},{"type":"Feature","id":232715768,"properties":{"osmId":232715768,"category":"academic","building":"yes","paloalto_ca:id":"28462","source":"City of Palo Alto CA 0713"},"geometry":{"type":"Polygon","coordinates":[[[-122.176128,37.437132],[-122.176083,37.437031],[-122.176392,37.436943],[-122.176437,37.437044],[-122.176128,37.437132]]]}},{"type":"Feature","id":232715769,"properties":{"osmId":232715769,"category":"academic","building":"yes","paloalto_ca:id":"29198","source":"City of Palo Alto CA 0713"},"geometry":{"type":"Polygon","coordinates":[[[-122.17936,37.429204],[-122.179108,37.429207],[-122.179105,37.429089],[-122.179357,37.429085],[-122.17936,37.429204]]]}},{"type":"Feature","id":232715770,"properties":{"osmId":232715770,"category":"academic","building":"yes","paloalto_ca:id":"28481","source":"City of Palo Alto CA 0713"},"geometry":{"type":"Polygon","coordinates":[[[-122.174261,37.438223],[-122.1742,37.438208],[-122.174239,37.438106],[-122.1743,37.438121],[-122.174261,37.438223]]]}},{"type":"Feature","id":232715772,"properties":{"osmId":232715772,"category":"academic","building":"garage","paloalto_ca:id":"25849","source":"City of Palo Alto CA 0713"},"geometry":{"type":"Polygon","coordinates":[[[-122.1802493,37.435512],[-122.180293,37.435549],[-122.1802101,37.4356107],[-122.1801664,37.4355737],[-122.1802493,37.435512]]]}},{"type":"Feature","id":232715775,"properties":{"osmId":232715775,"category":"academic","building":"yes","paloalto_ca:id":"29595","source":"City of Palo Alto CA 0713"},"geometry":{"type":"Polygon","coordinates":[[[-122.15773,37.427689],[-122.157691,37.427717],[-122.157633,37.427664],[-122.157672,37.427637],[-122.15773,37.427689]]]}},{"type":"Feature","id":232715777,"properties":{"osmId":232715777,"category":"academic","building":"garage","paloalto_ca:id":"25898","source":"City of Palo Alto CA 0713"},"geometry":{"type":"Polygon","coordinates":[[[-122.1797507,37.4345484],[-122.1797512,37.4345471],[-122.1799258,37.4345837],[-122.1799085,37.434636],[-122.1799074,37.4346358],[-122.1797339,37.4346004],[-122.1797507,37.4345484]]]}},{"type":"Feature","id":232715778,"properties":{"osmId":232715778,"category":"academic","building":"yes","paloalto_ca:id":"29543","source":"City of Palo Alto CA 0713"},"geometry":{"type":"Polygon","coordinates":[[[-122.1562736,37.4310422],[-122.1562562,37.4310548],[-122.156191,37.4309975],[-122.1562085,37.4309849],[-122.1562736,37.4310422]]]}},{"type":"Feature","id":232715779,"properties":{"osmId":232715779,"category":"academic","building":"yes","paloalto_ca:id":"32111","source":"City of Palo Alto CA 0713"},"geometry":{"type":"Polygon","coordinates":[[[-122.181537,37.428862],[-122.181427,37.428839],[-122.181458,37.428745],[-122.181568,37.428769],[-122.181537,37.428862]]]}},{"type":"Feature","id":232715781,"properties":{"osmId":232715781,"category":"academic","building":"yes","paloalto_ca:id":"29598","source":"City of Palo Alto CA 0713"},"geometry":{"type":"Polygon","coordinates":[[[-122.158504,37.428276],[-122.158455,37.428311],[-122.158435,37.428293],[-122.158484,37.428258],[-122.158504,37.428276]]]}},{"type":"Feature","id":232715782,"properties":{"osmId":232715782,"category":"academic","building":"yes","paloalto_ca:id":"25842","source":"City of Palo Alto CA 0713"},"geometry":{"type":"Polygon","coordinates":[[[-122.1796984,37.4347837],[-122.1797053,37.4347622],[-122.1798264,37.4347857],[-122.1798195,37.4348072],[-122.1796984,37.4347837]]]}},{"type":"Feature","id":232715783,"properties":{"osmId":232715783,"category":"academic","building":"yes","paloalto_ca:id":"29518","source":"City of Palo Alto CA 0713"},"geometry":{"type":"Polygon","coordinates":[[[-122.1597194,37.4359565],[-122.1596423,37.436011],[-122.1595981,37.4359715],[-122.1596752,37.435917],[-122.1597194,37.4359565]]]}},{"type":"Feature","id":232715784,"properties":{"osmId":232715784,"category":"academic","building":"yes","paloalto_ca:id":"29377","source":"City of Palo Alto CA 0713"},"geometry":{"type":"Polygon","coordinates":[[[-122.178786,37.427079],[-122.178787,37.427098],[-122.178754,37.427098],[-122.178752,37.427078],[-122.178786,37.427079]]]}},{"type":"Feature","id":232715786,"properties":{"osmId":232715786,"category":"academic","building":"garage","paloalto_ca:id":"25871","source":"City of Palo Alto CA 0713"},"geometry":{"type":"Polygon","coordinates":[[[-122.1796984,37.43592],[-122.1797366,37.4359527],[-122.1796747,37.4359964],[-122.1796795,37.4360007],[-122.1796632,37.4360123],[-122.1796601,37.4360144],[-122.1796476,37.4360031],[-122.1796507,37.436001],[-122.1796187,37.4359721],[-122.1796352,37.4359601],[-122.1796387,37.4359632],[-122.1796984,37.43592]]]}},{"type":"Feature","id":232715787,"properties":{"osmId":232715787,"category":"academic","building":"yes","paloalto_ca:id":"29379","source":"City of Palo Alto CA 0713"},"geometry":{"type":"Polygon","coordinates":[[[-122.178991,37.427317],[-122.178983,37.427338],[-122.17891,37.427319],[-122.178919,37.427296],[-122.178991,37.427317]]]}},{"type":"Feature","id":232715788,"properties":{"osmId":232715788,"category":"academic","building":"yes","paloalto_ca:id":"29539","source":"City of Palo Alto CA 0713"},"geometry":{"type":"Polygon","coordinates":[[[-122.1567944,37.4306739],[-122.1566487,37.4307765],[-122.1566124,37.430744],[-122.1567581,37.4306413],[-122.1567944,37.4306739]]]}},{"type":"Feature","id":232715789,"properties":{"osmId":232715789,"category":"academic","building":"yes","height":"3.6","paloalto_ca:id":"32104","source":"City of Palo Alto CA 0713"},"geometry":{"type":"Polygon","coordinates":[[[-122.1816719,37.4292258],[-122.1814913,37.4291885],[-122.1815102,37.4291318],[-122.1815459,37.4290247],[-122.1817245,37.4290632],[-122.1816719,37.4292258]]]}},{"type":"Feature","id":232715800,"properties":{"osmId":232715800,"category":"academic","building":"garage","paloalto_ca:id":"25851","source":"City of Palo Alto CA 0713"},"geometry":{"type":"Polygon","coordinates":[[[-122.180453,37.435363],[-122.180497,37.435401],[-122.180418,37.435459],[-122.180375,37.435421],[-122.180453,37.435363]]]}},{"type":"Feature","id":232715802,"properties":{"osmId":232715802,"category":"academic","building":"yes","paloalto_ca:id":"29202","source":"City of Palo Alto CA 0713"},"geometry":{"type":"Polygon","coordinates":[[[-122.179208,37.429032],[-122.179081,37.429033],[-122.17908,37.428981],[-122.179207,37.428979],[-122.179208,37.429032]]]}},{"type":"Feature","id":232715804,"properties":{"osmId":232715804,"category":"academic","building":"garage","paloalto_ca:id":"25897","source":"City of Palo Alto CA 0713"},"geometry":{"type":"Polygon","coordinates":[[[-122.1802312,37.4347804],[-122.1802782,37.4347464],[-122.1803132,37.4347774],[-122.1802662,37.4348114],[-122.1802312,37.4347804]]]}},{"type":"Feature","id":232715805,"properties":{"osmId":232715805,"category":"academic","building":"yes","paloalto_ca:id":"29538","source":"City of Palo Alto CA 0713"},"geometry":{"type":"Polygon","coordinates":[[[-122.15694,37.430552],[-122.156889,37.430589],[-122.156866,37.430568],[-122.156916,37.430532],[-122.15694,37.430552]]]}},{"type":"Feature","id":232715806,"properties":{"osmId":232715806,"category":"academic","building":"yes","paloalto_ca:id":"29200","source":"City of Palo Alto CA 0713"},"geometry":{"type":"Polygon","coordinates":[[[-122.179517,37.429056],[-122.179397,37.429058],[-122.179395,37.428961],[-122.179515,37.428959],[-122.179517,37.429056]]]}},{"type":"Feature","id":232715807,"properties":{"osmId":232715807,"category":"academic","addr:city":"Stanford","addr:housenumber":"341","addr:postcode":"94305","addr:state":"CA","addr:street":"Bonair Siding","building":"yes","name":"Maintenance Shops (09-140)","paloalto_ca:id":"29589","source":"City of Palo Alto CA 0713","_wikiTried":true},"geometry":{"type":"Polygon","coordinates":[[[-122.1587962,37.4282086],[-122.1584809,37.4284304],[-122.1584187,37.4283746],[-122.1587339,37.4281528],[-122.1587962,37.4282086]]]}},{"type":"Feature","id":232715808,"properties":{"osmId":232715808,"category":"academic","building":"yes","paloalto_ca:id":"25841","source":"City of Palo Alto CA 0713"},"geometry":{"type":"Polygon","coordinates":[[[-122.1802417,37.4350597],[-122.1801804,37.4350072],[-122.1801997,37.4349931],[-122.1802609,37.4350455],[-122.1802417,37.4350597]]]}},{"type":"Feature","id":232715809,"properties":{"osmId":232715809,"category":"academic","building":"yes","source":"City of Palo Alto CA 0713"},"geometry":{"type":"Polygon","coordinates":[[[-122.179655,37.428847],[-122.179173,37.428854],[-122.179171,37.428738],[-122.179652,37.42873],[-122.179655,37.428847]]]}},{"type":"Feature","id":232715810,"properties":{"osmId":232715810,"category":"academic","building":"yes","paloalto_ca:id":"32597","source":"City of Palo Alto CA 0713"},"geometry":{"type":"Polygon","coordinates":[[[-122.174789,37.43812],[-122.174749,37.438221],[-122.174649,37.438199],[-122.17469,37.438095],[-122.174789,37.43812]]]}},{"type":"Feature","id":232715812,"properties":{"osmId":232715812,"category":"academic","building":"garage","paloalto_ca:id":"25856","source":"City of Palo Alto CA 0713"},"geometry":{"type":"Polygon","coordinates":[[[-122.1800595,37.4346693],[-122.1799936,37.4346543],[-122.1800096,37.4346046],[-122.1800756,37.4346181],[-122.1800595,37.4346693]]]}},{"type":"Feature","id":232715813,"properties":{"osmId":232715813,"category":"academic","building":"yes","paloalto_ca:id":"29527","roof:colour":"#d6d6d6","source":"City of Palo Alto CA 0713"},"geometry":{"type":"Polygon","coordinates":[[[-122.1587751,37.432633],[-122.1587751,37.4326457],[-122.158935,37.4326456],[-122.158935,37.4326954],[-122.1588174,37.4326954],[-122.1587912,37.4327162],[-122.1586659,37.4327162],[-122.1586397,37.4326954],[-122.1585221,37.4326954],[-122.1585221,37.4326456],[-122.158682,37.4326457],[-122.158682,37.432633],[-122.1587751,37.432633]]]}},{"type":"Feature","id":232715816,"properties":{"osmId":232715816,"category":"academic","building":"garage","paloalto_ca:id":"25847","source":"City of Palo Alto CA 0713"},"geometry":{"type":"Polygon","coordinates":[[[-122.1801444,37.4353895],[-122.1802054,37.4353455],[-122.1802644,37.4353975],[-122.1802034,37.4354415],[-122.1801444,37.4353895]]]}},{"type":"Feature","id":232715818,"properties":{"osmId":232715818,"category":"academic","building":"yes","building:levels":"1","paloalto_ca:id":"29521","source":"City of Palo Alto CA 0713"},"geometry":{"type":"Polygon","coordinates":[[[-122.163472,37.43208],[-122.1635,37.432103],[-122.163455,37.432137],[-122.163426,37.432112],[-122.163472,37.43208]]]}},{"type":"Feature","id":232715819,"properties":{"osmId":232715819,"category":"academic","building":"yes","paloalto_ca:id":"29376","source":"City of Palo Alto CA 0713"},"geometry":{"type":"Polygon","coordinates":[[[-122.178895,37.427066],[-122.178892,37.427088],[-122.178838,37.427081],[-122.178842,37.427059],[-122.178895,37.427066]]]}},{"type":"Feature","id":232715820,"properties":{"osmId":232715820,"category":"academic","building":"garage","paloalto_ca:id":"25896","source":"City of Palo Alto CA 0713"},"geometry":{"type":"Polygon","coordinates":[[[-122.1804383,37.4348821],[-122.1803887,37.4349183],[-122.1803047,37.434847],[-122.1803052,37.4348467],[-122.1803515,37.4348111],[-122.1803533,37.4348098],[-122.1804383,37.4348821]]]}},{"type":"Feature","id":232715822,"properties":{"osmId":232715822,"category":"academic","building":"yes","height":"3.1","paloalto_ca:id":"29707","source":"City of Palo Alto CA 0713"},"geometry":{"type":"Polygon","coordinates":[[[-122.18601,37.429542],[-122.186005,37.429635],[-122.185963,37.429634],[-122.185967,37.42954],[-122.18601,37.429542]]]}},{"type":"Feature","id":232715823,"properties":{"osmId":232715823,"category":"academic","building":"yes","paloalto_ca:id":"29375","source":"City of Palo Alto CA 0713"},"geometry":{"type":"Polygon","coordinates":[[[-122.179114,37.426964],[-122.179103,37.426997],[-122.179077,37.426992],[-122.179087,37.426958],[-122.179114,37.426964]]]}},{"type":"Feature","id":232715826,"properties":{"osmId":232715826,"category":"academic","building":"yes","paloalto_ca:id":"29551","source":"City of Palo Alto CA 0713"},"geometry":{"type":"Polygon","coordinates":[[[-122.1617234,37.4307243],[-122.1614011,37.430959],[-122.1613739,37.4309355],[-122.1614367,37.4308898],[-122.1614214,37.4308766],[-122.161611,37.4307385],[-122.1616274,37.4307528],[-122.1616974,37.4307018],[-122.1617234,37.4307243]]]}},{"type":"Feature","id":232715832,"properties":{"osmId":232715832,"category":"academic","building":"yes","height":"3.1","paloalto_ca:id":"29576","source":"City of Palo Alto CA 0713"},"geometry":{"type":"Polygon","coordinates":[[[-122.1562254,37.428753],[-122.1561024,37.428839],[-122.1560434,37.428785],[-122.1561654,37.428699],[-122.1562254,37.428753]]]}},{"type":"Feature","id":232715833,"properties":{"osmId":232715833,"category":"academic","building":"garage","paloalto_ca:id":"25839","source":"City of Palo Alto CA 0713"},"geometry":{"type":"Polygon","coordinates":[[[-122.1796824,37.4357311],[-122.1797714,37.4356661],[-122.1798301,37.4357164],[-122.1797411,37.4357814],[-122.1797268,37.4357692],[-122.1797295,37.4357672],[-122.1797178,37.4357572],[-122.1797151,37.4357592],[-122.1796824,37.4357311]]]}},{"type":"Feature","id":232715835,"properties":{"osmId":232715835,"category":"academic","building":"yes","paloalto_ca:id":"29506","source":"City of Palo Alto CA 0713"},"geometry":{"type":"Polygon","coordinates":[[[-122.158952,37.433802],[-122.15892,37.433806],[-122.158887,37.433727],[-122.158921,37.433719],[-122.158952,37.433802]]]}},{"type":"Feature","id":232715836,"properties":{"osmId":232715836,"category":"academic","building":"garage","paloalto_ca:id":"25855","source":"City of Palo Alto CA 0713"},"geometry":{"type":"Polygon","coordinates":[[[-122.1802151,37.4346904],[-122.1801691,37.4347244],[-122.1801311,37.4346934],[-122.1801771,37.4346584],[-122.1802151,37.4346904]]]}},{"type":"Feature","id":232715837,"properties":{"osmId":232715837,"category":"academic","building":"yes","paloalto_ca:id":"29207","source":"City of Palo Alto CA 0713"},"geometry":{"type":"Polygon","coordinates":[[[-122.178911,37.428963],[-122.178698,37.428933],[-122.178741,37.428737],[-122.178954,37.428767],[-122.178911,37.428963]]]}},{"type":"Feature","id":232715838,"properties":{"osmId":232715838,"category":"academic","addr:city":"Stanford","addr:housenumber":"319","addr:postcode":"94305","addr:state":"CA","addr:street":"Bonair Siding","building":"yes","name":"Carpenters Shop (09-135)","paloalto_ca:id":"29586","source":"City of Palo Alto CA 0713","_wikiTried":true},"geometry":{"type":"Polygon","coordinates":[[[-122.157372,37.42823],[-122.157246,37.428115],[-122.157306,37.428073],[-122.157433,37.428187],[-122.157372,37.42823]]]}},{"type":"Feature","id":232715839,"properties":{"osmId":232715839,"category":"academic","building":"yes","paloalto_ca:id":"29396","source":"City of Palo Alto CA 0713"},"geometry":{"type":"Polygon","coordinates":[[[-122.179343,37.424327],[-122.179336,37.424344],[-122.179238,37.424325],[-122.179223,37.424398],[-122.179359,37.424419],[-122.179348,37.424457],[-122.179357,37.424458],[-122.179345,37.424518],[-122.179272,37.424505],[-122.179276,37.424487],[-122.179145,37.424465],[-122.179142,37.424474],[-122.179064,37.42446],[-122.179079,37.424413],[-122.17909,37.424414],[-122.179105,37.424352],[-122.179113,37.424353],[-122.179132,37.424299],[-122.179111,37.424294],[-122.179125,37.424247],[-122.179197,37.42426],[-122.179195,37.424271],[-122.17928,37.424284],[-122.179283,37.42427],[-122.179292,37.424223],[-122.179351,37.424232],[-122.179347,37.424244],[-122.179397,37.424252],[-122.179395,37.424263],[-122.179458,37.424275],[-122.17946,37.424258],[-122.179627,37.42429],[-122.179629,37.424273],[-122.179704,37.424286],[-122.179692,37.42433],[-122.179678,37.424329],[-122.179663,37.424372],[-122.179642,37.42437],[-122.179637,37.424387],[-122.179666,37.424391],[-122.179657,37.424432],[-122.179668,37.424435],[-122.179654,37.424486],[-122.179572,37.424471],[-122.179573,37.424459],[-122.179501,37.424448],[-122.179527,37.424364],[-122.179471,37.424352],[-122.179343,37.424327]]]}},{"type":"Feature","id":232715841,"properties":{"osmId":232715841,"category":"academic","building":"yes","paloalto_ca:id":"29542","source":"City of Palo Alto CA 0713"},"geometry":{"type":"Polygon","coordinates":[[[-122.1562315,37.4306802],[-122.1562858,37.4307293],[-122.1562028,37.4307899],[-122.1562075,37.4307942],[-122.1560641,37.430899],[-122.155946,37.4307949],[-122.1560276,37.4307396],[-122.1562285,37.4306744],[-122.1562315,37.4306802]]]}},{"type":"Feature","id":232715842,"properties":{"osmId":232715842,"category":"academic","building":"yes","paloalto_ca:id":"29394","source":"City of Palo Alto CA 0713"},"geometry":{"type":"Polygon","coordinates":[[[-122.180062,37.424543],[-122.180196,37.424565],[-122.180203,37.424541],[-122.180212,37.424543],[-122.180223,37.424498],[-122.180077,37.424473],[-122.180079,37.424457],[-122.179939,37.424434],[-122.179927,37.424482],[-122.179936,37.424483],[-122.179924,37.42452],[-122.179843,37.424507],[-122.17984,37.424516],[-122.179763,37.424502],[-122.179776,37.424453],[-122.179788,37.424455],[-122.179797,37.42441],[-122.179833,37.424417],[-122.179836,37.4244],[-122.17981,37.424395],[-122.179819,37.424355],[-122.179807,37.424353],[-122.179816,37.424309],[-122.179893,37.424322],[-122.179892,37.424335],[-122.179962,37.424347],[-122.179963,37.424354],[-122.179997,37.42436],[-122.179999,37.424355],[-122.180055,37.424363],[-122.180054,37.424379],[-122.180111,37.424389],[-122.180115,37.424377],[-122.180165,37.424386],[-122.180167,37.424377],[-122.180224,37.424388],[-122.180216,37.424431],[-122.180205,37.424446],[-122.180293,37.424461],[-122.180294,37.424449],[-122.180367,37.42446],[-122.180355,37.424506],[-122.180336,37.424504],[-122.180319,37.424566],[-122.180326,37.424568],[-122.180311,37.424626],[-122.18032,37.424628],[-122.180308,37.424675],[-122.180233,37.424663],[-122.180234,37.424655],[-122.180102,37.424632],[-122.180098,37.424649],[-122.180027,37.424636],[-122.180041,37.42458],[-122.180051,37.424581],[-122.180062,37.424543]]]}},{"type":"Feature","id":232715843,"properties":{"osmId":232715843,"category":"academic","building":"yes","paloalto_ca:id":"29548","source":"City of Palo Alto CA 0713"},"geometry":{"type":"Polygon","coordinates":[[[-122.155255,37.429738],[-122.155089,37.429856],[-122.154996,37.429775],[-122.155014,37.429761],[-122.154945,37.429702],[-122.155093,37.429597],[-122.155255,37.429738]]]}},{"type":"Feature","id":232715844,"properties":{"osmId":232715844,"category":"academic","building":"garage","paloalto_ca:id":"25901","source":"City of Palo Alto CA 0713"},"geometry":{"type":"Polygon","coordinates":[[[-122.1796535,37.4347408],[-122.1796386,37.4347884],[-122.1795548,37.43477],[-122.1795848,37.434679],[-122.1796471,37.4346913],[-122.1796319,37.4347367],[-122.1796535,37.4347408]]]}},{"type":"Feature","id":232715845,"properties":{"osmId":232715845,"category":"academic","building":"yes","paloalto_ca:id":"29516","source":"City of Palo Alto CA 0713"},"geometry":{"type":"Polygon","coordinates":[[[-122.1626,37.435033],[-122.162593,37.435064],[-122.162563,37.435059],[-122.162597,37.434933],[-122.162649,37.434942],[-122.16262,37.435035],[-122.1626,37.435033]]]}},{"type":"Feature","id":232715847,"properties":{"osmId":232715847,"category":"academic","building":"yes","paloalto_ca:id":"29592","source":"City of Palo Alto CA 0713"},"geometry":{"type":"Polygon","coordinates":[[[-122.158518,37.428068],[-122.15844,37.428125],[-122.158296,37.427996],[-122.158356,37.427952],[-122.158387,37.427979],[-122.158404,37.427967],[-122.158518,37.428068]]]}},{"type":"Feature","id":232715848,"properties":{"osmId":232715848,"category":"academic","building":"yes","paloalto_ca:id":"29501","source":"City of Palo Alto CA 0713"},"geometry":{"type":"Polygon","coordinates":[[[-122.160938,37.433264],[-122.160935,37.433289],[-122.160772,37.433275],[-122.160779,37.433233],[-122.160898,37.433244],[-122.160896,37.43326],[-122.160938,37.433264]]]}},{"type":"Feature","id":232715849,"properties":{"osmId":232715849,"category":"academic","building":"yes","paloalto_ca:id":"29368","source":"City of Palo Alto CA 0713"},"geometry":{"type":"Polygon","coordinates":[[[-122.179973,37.427326],[-122.179978,37.427303],[-122.179945,37.427295],[-122.179959,37.427245],[-122.180058,37.427261],[-122.180037,37.427339],[-122.179973,37.427326]]]}},{"type":"Feature","id":232715851,"properties":{"osmId":232715851,"category":"academic","addr:city":"Stanford","addr:housenumber":"357","addr:postcode":"94305","addr:state":"CA","addr:street":"Bonair Siding","building":"yes","name":"Storage Shed (09-150)","paloalto_ca:id":"29587","source":"City of Palo Alto CA 0713","_wikiTried":true},"geometry":{"type":"Polygon","coordinates":[[[-122.157604,37.428022],[-122.157562,37.428061],[-122.15746,37.427988],[-122.157466,37.427977],[-122.157436,37.42796],[-122.15748,37.427927],[-122.157604,37.428022]]]}},{"type":"Feature","id":232715852,"properties":{"osmId":232715852,"category":"academic","building":"yes","paloalto_ca:id":"29508","source":"City of Palo Alto CA 0713"},"geometry":{"type":"Polygon","coordinates":[[[-122.160444,37.435423],[-122.160425,37.43544],[-122.160394,37.435417],[-122.160377,37.435429],[-122.16029,37.435365],[-122.160325,37.435335],[-122.160444,37.435423]]]}},{"type":"Feature","id":232715856,"properties":{"osmId":232715856,"category":"academic","building":"yes","man_made":"tower","name":"Fire Training Tower (09-210)","paloalto_ca:id":"29596","source":"City of Palo Alto CA 0713","tower:type":"firefighter_training","training":"fire_fighting","_wikiTried":true},"geometry":{"type":"Polygon","coordinates":[[[-122.158538,37.427766],[-122.158572,37.427797],[-122.158551,37.427813],[-122.158558,37.42782],[-122.158538,37.427833],[-122.158531,37.427827],[-122.158513,37.427841],[-122.158478,37.427809],[-122.158538,37.427766]]]}},{"type":"Feature","id":232715859,"properties":{"osmId":232715859,"category":"academic","building":"toilets","paloalto_ca:id":"29731","source":"City of Palo Alto CA 0713"},"geometry":{"type":"Polygon","coordinates":[[[-122.163862,37.434295],[-122.163785,37.434364],[-122.163725,37.43432],[-122.163799,37.434253],[-122.163785,37.434237],[-122.163841,37.434194],[-122.163931,37.43426],[-122.163883,37.434306],[-122.163862,37.434295]]]}},{"type":"Feature","id":232715860,"properties":{"osmId":232715860,"category":"academic","building":"yes","paloalto_ca:id":"29545","source":"City of Palo Alto CA 0713"},"geometry":{"type":"Polygon","coordinates":[[[-122.1566134,37.431495],[-122.1567077,37.4315787],[-122.156635,37.4316304],[-122.156285,37.4313199],[-122.1563579,37.4312681],[-122.1564524,37.431352],[-122.1564879,37.4313268],[-122.1566489,37.4314697],[-122.1566134,37.431495]]]}},{"type":"Feature","id":232715861,"properties":{"osmId":232715861,"category":"academic","building":"yes","height":"35","paloalto_ca:id":"29513","source":"City of Palo Alto CA 0713"},"geometry":{"type":"Polygon","coordinates":[[[-122.1620238,37.4337155],[-122.1619505,37.4337669],[-122.1619206,37.4337404],[-122.1619175,37.4337422],[-122.1618819,37.4337113],[-122.1619626,37.4336543],[-122.1619971,37.4336861],[-122.1619939,37.433689],[-122.1620238,37.4337155]]]}},{"type":"Feature","id":232715862,"properties":{"osmId":232715862,"category":"residential","addr:city":"Stanford","addr:housenumber":"121","addr:postcode":"94305","addr:state":"CA","addr:street":"Campus Drive West","addr:unit":"C","building":"dormitory","name":"Lyman Building 3","name:etymology":"Richard Wall Lyman","name:etymology:wikidata":"Q2150863","paloalto_ca:id":"29399","ref":"3","source":"City of Palo Alto CA 0713","_wikiTried":true},"geometry":{"type":"Polygon","coordinates":[[[-122.181864,37.425035],[-122.181857,37.425059],[-122.181765,37.425041],[-122.181772,37.425017],[-122.18173,37.425009],[-122.18174,37.424978],[-122.181733,37.424977],[-122.181744,37.424942],[-122.18175,37.424944],[-122.181758,37.42492],[-122.181747,37.424895],[-122.18174,37.424897],[-122.181725,37.424864],[-122.181732,37.424862],[-122.181721,37.424839],[-122.181695,37.424823],[-122.181691,37.424828],[-122.181655,37.424807],[-122.181659,37.424803],[-122.181633,37.424788],[-122.181648,37.424754],[-122.181608,37.424746],[-122.1816,37.424781],[-122.181569,37.424785],[-122.18157,37.42479],[-122.181526,37.424795],[-122.181525,37.424789],[-122.181493,37.424793],[-122.18147,37.42481],[-122.181474,37.424814],[-122.181441,37.424838],[-122.181437,37.424834],[-122.181413,37.424851],[-122.181405,37.424875],[-122.181412,37.424877],[-122.181402,37.424911],[-122.181395,37.42491],[-122.181385,37.42494],[-122.181328,37.424929],[-122.181321,37.424953],[-122.181319,37.424952],[-122.18132,37.42495],[-122.181303,37.424947],[-122.181302,37.424949],[-122.181244,37.424938],[-122.181251,37.424913],[-122.181241,37.424911],[-122.18127,37.424817],[-122.181338,37.42483],[-122.181354,37.424807],[-122.181308,37.424766],[-122.181337,37.424745],[-122.181332,37.424741],[-122.181365,37.424717],[-122.18137,37.424722],[-122.181399,37.424701],[-122.181446,37.424742],[-122.181475,37.424731],[-122.181466,37.424682],[-122.181505,37.424677],[-122.181504,37.424672],[-122.181548,37.424667],[-122.181549,37.424672],[-122.181588,37.424668],[-122.181592,37.424691],[-122.181625,37.424688],[-122.181628,37.424709],[-122.181652,37.424714],[-122.181668,37.424696],[-122.181694,37.424711],[-122.181711,37.424692],[-122.181742,37.42471],[-122.181747,37.424706],[-122.181782,37.424727],[-122.181779,37.424732],[-122.18181,37.42475],[-122.181774,37.42479],[-122.181794,37.424811],[-122.181852,37.424794],[-122.181866,37.424823],[-122.181872,37.42482],[-122.181887,37.424855],[-122.181882,37.424856],[-122.181894,37.424886],[-122.181835,37.424903],[-122.181837,37.424929],[-122.181905,37.424943],[-122.181875,37.425037],[-122.181864,37.425035]]]}},{"type":"Feature","id":232715864,"properties":{"osmId":232715864,"category":"residential","addr:city":"Stanford","addr:housenumber":"121","addr:postcode":"94305","addr:state":"CA","addr:street":"Campus Drive","addr:unit":"A","building":"dormitory","name":"Lyman Building 1","name:etymology":"Richard Wall Lyman","name:etymology:wikidata":"Q2150863","paloalto_ca:id":"29398","ref":"1","source":"City of Palo Alto CA 0713","_wikiTried":true,"wikiTitle":"Christopher_Lyman_Magee_Memorial","wikiDescription":"Monument in Pittsburgh, Pennsylvania, US","wikiExtract":"The Christopher Lyman Magee Memorial is a public memorial in the Oakland neighborhood of Pittsburgh, Pennsylvania, United States. Located outside of the Carnegie Library of Pittsburgh in Schenley Park, the memorial honors Christopher Magee, a local political boss and philanthropist during the late 1800s. It was designed by sculptor Augustus Saint-Gaudens, with assistance from Henry Hering, while Stanford White and Henry Bacon served as architects for the project. The memorial was dedicated on Independence Day, July 4, 1908, before a crowd of two thousand spectators. It was one of the last works created by Saint-Gaudens, who died several months before its dedication.","wikiUrl":"https://en.wikipedia.org/wiki/Christopher_Lyman_Magee_Memorial","wikiPhoto":"https://upload.wikimedia.org/wikipedia/commons/6/6d/Christopher_Lyman_Magee_memorial_-_IMG_0783.jpg","wikiBuilt":null,"wikiHeight":null},"geometry":{"type":"Polygon","coordinates":[[[-122.181338,37.426294],[-122.181327,37.426289],[-122.181313,37.42631],[-122.18126,37.426287],[-122.181262,37.426284],[-122.181247,37.426278],[-122.181235,37.426295],[-122.181179,37.42627],[-122.181193,37.426249],[-122.181206,37.426254],[-122.181215,37.42624],[-122.181203,37.426234],[-122.181222,37.426207],[-122.181216,37.426204],[-122.181238,37.426173],[-122.181243,37.426176],[-122.181282,37.426121],[-122.181275,37.426119],[-122.181297,37.426088],[-122.181303,37.426091],[-122.181322,37.426063],[-122.181348,37.426074],[-122.181359,37.426057],[-122.181332,37.426047],[-122.181348,37.426018],[-122.181342,37.426016],[-122.181359,37.425983],[-122.181367,37.425986],[-122.181398,37.425928],[-122.181391,37.425926],[-122.181409,37.425894],[-122.181416,37.425896],[-122.181433,37.425868],[-122.181459,37.425877],[-122.181468,37.425859],[-122.18144,37.425851],[-122.181453,37.425821],[-122.181446,37.425819],[-122.181461,37.425786],[-122.181468,37.425787],[-122.181493,37.425729],[-122.181486,37.425727],[-122.1815,37.425693],[-122.181508,37.425695],[-122.18152,37.425666],[-122.181547,37.425673],[-122.181554,37.425653],[-122.181527,37.425648],[-122.181536,37.425618],[-122.181529,37.425616],[-122.18154,37.425582],[-122.181547,37.425583],[-122.181566,37.425523],[-122.181559,37.425521],[-122.18157,37.425487],[-122.181577,37.425488],[-122.181586,37.425458],[-122.1816,37.425461],[-122.181605,37.425445],[-122.181592,37.425442],[-122.181598,37.425418],[-122.181661,37.425431],[-122.181655,37.42545],[-122.181672,37.425453],[-122.181673,37.425451],[-122.181731,37.425462],[-122.181724,37.425486],[-122.181736,37.425487],[-122.181676,37.425678],[-122.181665,37.425675],[-122.181655,37.425702],[-122.181658,37.425703],[-122.181646,37.425733],[-122.181653,37.425735],[-122.181638,37.425768],[-122.181632,37.425766],[-122.181606,37.425826],[-122.181613,37.425828],[-122.181598,37.425861],[-122.181591,37.425859],[-122.181579,37.425887],[-122.181593,37.425891],[-122.181578,37.425921],[-122.181565,37.425916],[-122.18155,37.425943],[-122.181557,37.425946],[-122.181538,37.425978],[-122.181531,37.425976],[-122.1815,37.426033],[-122.181507,37.426036],[-122.181488,37.426068],[-122.181482,37.426065],[-122.181466,37.426094],[-122.181463,37.426093],[-122.181447,37.426118],[-122.181456,37.426122],[-122.181338,37.426294]]]}},{"type":"Feature","id":232805655,"properties":{"osmId":232805655,"category":"residential","addr:city":"Stanford","addr:housenumber":"566","addr:street":"Mayfield Avenue","building":"dormitory","name":"BOB (Robert S Moore S)","paloalto_ca:id":"29460","source":"City of Palo Alto CA 0713","_wikiTried":true},"geometry":{"type":"Polygon","coordinates":[[[-122.169109,37.421554],[-122.169062,37.421634],[-122.168962,37.421622],[-122.168948,37.421616],[-122.168937,37.421637],[-122.168908,37.421646],[-122.168876,37.421635],[-122.168866,37.421612],[-122.168878,37.421591],[-122.168863,37.421585],[-122.168891,37.421535],[-122.168883,37.421517],[-122.168888,37.421509],[-122.168876,37.421485],[-122.168865,37.42148],[-122.168856,37.421462],[-122.168799,37.421442],[-122.168788,37.421417],[-122.168814,37.421371],[-122.168846,37.421361],[-122.168864,37.421369],[-122.168905,37.421298],[-122.169006,37.421335],[-122.168933,37.421465],[-122.168948,37.421495],[-122.169109,37.421554]]]}},{"type":"Feature","id":232805656,"properties":{"osmId":232805656,"category":"academic","addr:city":"Stanford","addr:housenumber":"584","addr:postcode":"94305","addr:state":"CA","addr:street":"Capistrano Way","building":"university","name":"Bechtel International Center","paloalto_ca:id":"29306","source":"City of Palo Alto CA 0713","website":"https://bechtel.stanford.edu/","_wikiTried":true},"geometry":{"type":"Polygon","coordinates":[[[-122.1727264,37.4231706],[-122.1727507,37.4232153],[-122.1727256,37.4232239],[-122.172748,37.423265],[-122.1726539,37.4232973],[-122.1726331,37.4232591],[-122.1723325,37.4233623],[-122.172307,37.4233155],[-122.1723149,37.4233127],[-122.1722559,37.4232044],[-122.1722052,37.4232218],[-122.1721835,37.423182],[-122.172489,37.4230771],[-122.1725242,37.4231417],[-122.1723662,37.4231959],[-122.1723856,37.4232317],[-122.1724195,37.4232201],[-122.1724336,37.4232461],[-122.1724046,37.423256],[-122.1724136,37.4232726],[-122.1726179,37.4232025],[-122.1726055,37.4231797],[-122.1726861,37.4231521],[-122.1727009,37.4231793],[-122.1727264,37.4231706]]]}},{"type":"Feature","id":232805657,"properties":{"osmId":232805657,"category":"residential","addr:city":"Stanford","addr:housenumber":"655","addr:state":"CA","addr:street":"Escondido Road","building":"apartments","building:levels":"3","ele":"23","gnis:feature_id":"1669669","name":"Branner Hall","paloalto_ca:id":"29659","source":"City of Palo Alto CA 0713","_wikiTried":true},"geometry":{"type":"Polygon","coordinates":[[[-122.162792,37.425938],[-122.162773,37.425993],[-122.162615,37.425958],[-122.162633,37.425903],[-122.162571,37.42589],[-122.162607,37.425784],[-122.162665,37.425798],[-122.162734,37.425585],[-122.162655,37.425568],[-122.162703,37.425434],[-122.162287,37.425345],[-122.162322,37.42524],[-122.162603,37.425299],[-122.162694,37.425043],[-122.16282,37.425072],[-122.162736,37.42533],[-122.163027,37.425392],[-122.163112,37.425136],[-122.163247,37.425163],[-122.163162,37.425418],[-122.163443,37.425478],[-122.163405,37.425585],[-122.162991,37.425496],[-122.162947,37.42563],[-122.16287,37.425614],[-122.162796,37.425826],[-122.162872,37.425842],[-122.162837,37.425945],[-122.162792,37.425938]]]}},{"type":"Feature","id":232805658,"properties":{"osmId":232805658,"category":"academic","addr:city":"Stanford","addr:housenumber":"615","addr:state":"CA","addr:street":"Jane Stanford Way","building":"yes","ele":"23","gnis:feature_id":"1669672","name":"Burnham Pavilion","paloalto_ca:id":"29630","source":"USGS Geonames","_wikiTried":true,"wikiTitle":"Burnham_Pavilion_(Stanford_University)","wikiDescription":"Building in Stanford, California, United States","wikiExtract":"Burnham Pavilion is a multi-purpose arena in Stanford, California. It was built in 1921–22 at a cost of $153,000 by Bakewell and Brown and originally named the \"Stanford Pavilion\".","wikiUrl":"https://en.wikipedia.org/wiki/Burnham_Pavilion_(Stanford_University)","wikiPhoto":"https://upload.wikimedia.org/wikipedia/commons/3/34/Burnham_Pavilion_-_2019-06-21.jpg","wikiBuilt":null,"wikiHeight":null},"geometry":{"type":"Polygon","coordinates":[[[-122.1645438,37.4283871],[-122.1642068,37.4283151],[-122.1642408,37.4282165],[-122.1643308,37.4282362],[-122.1643458,37.4281929],[-122.1644164,37.4282082],[-122.1644968,37.4282258],[-122.1644818,37.4282678],[-122.1645778,37.4282887],[-122.1645438,37.4283871]]]}},{"type":"Feature","id":232805659,"properties":{"osmId":232805659,"category":"academic","addr:city":"Stanford","addr:housenumber":"660","addr:postcode":"94305-8180","addr:street":"Lomita Court","building":"yes","name":"The Knoll","paloalto_ca:id":"26629","source":"City of Palo Alto CA 0713","wikidata":"Q118133754","_wikiTried":true},"geometry":{"type":"Polygon","coordinates":[[[-122.1727579,37.4209501],[-122.1725169,37.4211373],[-122.1724187,37.4211162],[-122.1724106,37.4211185],[-122.1723941,37.4211232],[-122.1723663,37.4211169],[-122.1723561,37.421107],[-122.1723505,37.4211016],[-122.1722272,37.4210751],[-122.1721427,37.4208171],[-122.172213,37.4208026],[-122.1722528,37.4207944],[-122.1723259,37.4210174],[-122.1723607,37.4210249],[-122.1723796,37.421029],[-122.1723846,37.4210144],[-122.172408,37.4210015],[-122.1724389,37.4210082],[-122.1724509,37.4210287],[-122.1724459,37.4210433],[-122.1724617,37.4210466],[-122.1724911,37.421053],[-122.1726921,37.4208967],[-122.1727193,37.4209187],[-122.1727579,37.4209501]]]}},{"type":"Feature","id":232805660,"properties":{"osmId":232805660,"category":"academic","addr:city":"Stanford","addr:housenumber":"557","addr:postcode":"94305","addr:state":"CA","addr:street":"Escondido Mall","building":"university","name":"East Wing","paloalto_ca:id":"29638","source":"USGS Geonames","wikidata":"Q131372983","_wikiTried":true},"geometry":{"type":"Polygon","coordinates":[[[-122.1671076,37.4269374],[-122.1671372,37.4269435],[-122.167116,37.4270079],[-122.1669502,37.4269735],[-122.1669333,37.4270246],[-122.1667406,37.4269846],[-122.1667639,37.4269142],[-122.166598,37.4268797],[-122.1666208,37.4268106],[-122.1664516,37.4267754],[-122.1664866,37.4266693],[-122.1664528,37.4266623],[-122.1664803,37.426579],[-122.1665586,37.4263412],[-122.1665969,37.4263492],[-122.1666226,37.4262713],[-122.1667706,37.4263021],[-122.1667936,37.4262322],[-122.1670002,37.4262752],[-122.1669562,37.4264089],[-122.1671143,37.4264418],[-122.1671212,37.4264432],[-122.1670735,37.426588],[-122.1671578,37.4266055],[-122.1672341,37.4266214],[-122.1672411,37.4266228],[-122.1672105,37.4267158],[-122.1671826,37.42671],[-122.1671076,37.4269374]]]}},{"type":"Feature","id":232805661,"properties":{"osmId":232805661,"category":"residential","addr:city":"Stanford","addr:housenumber":"549","addr:street":"Lasuen Mall","building":"dormitory","name":"Columbae House","paloalto_ca:id":"29449","source":"City of Palo Alto CA 0713","_wikiTried":true},"geometry":{"type":"Polygon","coordinates":[[[-122.168844,37.422942],[-122.168943,37.423111],[-122.168804,37.423165],[-122.168784,37.423141],[-122.168618,37.423204],[-122.168557,37.423098],[-122.168724,37.423033],[-122.168702,37.422996],[-122.168844,37.422942]]]}},{"type":"Feature","id":232805662,"properties":{"osmId":232805662,"category":"dining","addr:city":"Stanford","addr:housenumber":"571","addr:postcode":"94305","addr:state":"CA","addr:street":"Escondido Mall","amenity":"cafe","branch":"Stanford – Green Library","brand":"Coupa Café","building":"yes","name":"Coupa Café","outdoor_seating":"only","paloalto_ca:id":"29639","source":"City of Palo Alto CA 0713","website":"https://www.coupacafe.com/Locations/Stanford-Green-Library/","_wikiTried":true},"geometry":{"type":"Polygon","coordinates":[[[-122.1670227,37.4262416],[-122.166908,37.4262174],[-122.1669252,37.4261659],[-122.1670399,37.42619],[-122.1670227,37.4262416]]]}},{"type":"Feature","id":232805663,"properties":{"osmId":232805663,"category":"academic","addr:city":"Stanford","addr:housenumber":"485","addr:street":"Lasuen Mall","building":"university","name":"Cubberly Education Building","paloalto_ca:id":"29410","source":"City of Palo Alto CA 0713","wikidata":"Q14684024","wikipedia":"en:Stanford Graduate School of Education","_wikiTried":true,"wikiTitle":"Stanford_Graduate_School_of_Education","wikiDescription":"Private graduate school in Stanford, California, US","wikiExtract":"The Stanford University Graduate School of Education is one of the top education schools in the United States. It offers master's and doctoral programs in more than 25 areas of specialization, along with joint degrees with other programs at Stanford University including business, law, and public policy. The current dean of Stanford GSE is Daniel L. Schwartz.","wikiUrl":"https://en.wikipedia.org/wiki/Stanford_University_Graduate_School_of_Education","wikiPhoto":"https://upload.wikimedia.org/wikipedia/commons/3/3d/Stanford_Graduate_School_of_Education_building_1.jpg","wikiBuilt":null,"wikiHeight":null},"geometry":{"type":"Polygon","coordinates":[[[-122.1685665,37.4265892],[-122.1684986,37.4265751],[-122.1684553,37.4267062],[-122.1683154,37.4266771],[-122.1683599,37.426542],[-122.1681514,37.4264987],[-122.1681371,37.4265422],[-122.1681102,37.4266238],[-122.1681075,37.4266319],[-122.1680481,37.4266196],[-122.1679736,37.4266041],[-122.1681338,37.426118],[-122.1681742,37.4259955],[-122.1682789,37.4260173],[-122.1682348,37.4261511],[-122.1684749,37.4262009],[-122.1685189,37.4260674],[-122.1686583,37.4260964],[-122.1686146,37.4262291],[-122.1686807,37.4262428],[-122.1685665,37.4265892]]]}},{"type":"Feature","id":232805665,"properties":{"osmId":232805665,"category":"academic","building":"university","ele":"33","gnis:feature_id":"1669690","loc_name":"Dinkelspiel Auditorium","name":"Dinkelspiel Memorial Music Auditorium","paloalto_ca:id":"29403","source":"USGS Geonames","_wikiTried":true,"wikiTitle":"Braun_Music_Center","wikiDescription":null,"wikiExtract":"Braun Music Center, known colloquially as Braun, is a music education building at Stanford University in California. Opening its doors in 1984, Braun serves as both the epicenter for music at Stanford, as well as a link between Stanford's main residential and activities centers. As the main building for the Department of Music, Braun is the venue for the department's concerts and recitals and offers rehearsal studios and practice facilities as well as classrooms and offices.","wikiUrl":"https://en.wikipedia.org/wiki/Braun_Music_Center","wikiPhoto":"https://upload.wikimedia.org/wikipedia/commons/2/2f/StanfordBraunMusicCenter.jpg","wikiBuilt":null,"wikiHeight":null},"geometry":{"type":"Polygon","coordinates":[[[-122.169636,37.424216],[-122.169613,37.423938],[-122.169884,37.423888],[-122.169891,37.423911],[-122.170046,37.423883],[-122.170068,37.423928],[-122.170137,37.423915],[-122.170182,37.424053],[-122.170157,37.424187],[-122.17008,37.424182],[-122.170075,37.424229],[-122.169829,37.424208],[-122.169825,37.424232],[-122.169636,37.424216]]]}},{"type":"Feature","id":232805666,"properties":{"osmId":232805666,"category":"academic","addr:city":"Stanford","addr:housenumber":"556","addr:postcode":"94305","addr:state":"CA","addr:street":"O'Conner Lane","building":"yes","building:levels":"4","building:levels:underground":"1","name":"Drell House","paloalto_ca:id":"29453","source":"City of Palo Alto CA 0713;local knowledge","_wikiTried":true},"geometry":{"type":"Polygon","coordinates":[[[-122.1683459,37.4226626],[-122.1682303,37.4227165],[-122.168151,37.4226079],[-122.1682699,37.4225566],[-122.1683459,37.4226626]]]}},{"type":"Feature","id":232805667,"properties":{"osmId":232805667,"category":"residential","addr:city":"Stanford","addr:housenumber":"1115","addr:postcode":"94305","addr:state":"CA","addr:street":"Campus Drive East","building":"dormitory","name":"Enchanted Broccoli Forest","paloalto_ca:id":"32274","source":"City of Palo Alto CA 0713","_wikiTried":true},"geometry":{"type":"Polygon","coordinates":[[[-122.174154,37.419817],[-122.174132,37.419857],[-122.174005,37.419813],[-122.174034,37.41976],[-122.174005,37.419751],[-122.173992,37.419775],[-122.17389,37.41974],[-122.173877,37.419764],[-122.17394,37.419787],[-122.173883,37.419889],[-122.173755,37.419844],[-122.173811,37.419742],[-122.173817,37.419743],[-122.173864,37.419657],[-122.173799,37.419635],[-122.173856,37.419531],[-122.173986,37.419576],[-122.173929,37.41968],[-122.173924,37.419678],[-122.173911,37.419701],[-122.173956,37.419716],[-122.17396,37.419709],[-122.174017,37.419729],[-122.174013,37.419736],[-122.174042,37.419746],[-122.174061,37.419711],[-122.174187,37.419755],[-122.17418,37.41977],[-122.174249,37.419794],[-122.174277,37.419743],[-122.174404,37.419789],[-122.174348,37.419892],[-122.17422,37.419847],[-122.174223,37.419842],[-122.174154,37.419817]]]}},{"type":"Feature","id":232805668,"properties":{"osmId":232805668,"category":"athletic","addr:city":"Stanford","addr:housenumber":"341","addr:state":"CA","addr:street":"Galvez Street","building":"yes","ele":"21","gnis:feature_id":"1669697","leisure":"sports_centre","loc_name":"Nearrillaga","name":"Arrillaga Center for Sports and Recreation","name:etymology":"John Arrillaga","name:etymology:wikidata":"Q4263319","operator":"Stanford Recreation & Wellness","operator:wikidata":"Q110721262","paloalto_ca:id":"29627","short_name":"ACSR","sport":"basketball","wikidata":"Q110721049","_wikiTried":true},"geometry":{"type":"Polygon","coordinates":[[[-122.164041,37.430312],[-122.163381,37.430172],[-122.163556,37.429648],[-122.164215,37.429788],[-122.164041,37.430312]]]}},{"type":"Feature","id":232805670,"properties":{"osmId":232805670,"category":"academic","addr:city":"Stanford","addr:housenumber":"615","addr:state":"CA","addr:street":"Jane Stanford Way","building":"yes","ele":"22","gnis:feature_id":"1669706","name":"Burnham Pavilion","paloalto_ca:id":"29630","source":"USGS Geonames","_wikiTried":true},"geometry":{"type":"Polygon","coordinates":[[[-122.1645438,37.4283871],[-122.1646318,37.4284058],[-122.1646148,37.4284546],[-122.1646218,37.428456],[-122.1646148,37.4284766],[-122.1646788,37.4284903],[-122.1646248,37.4286496],[-122.1645618,37.4286361],[-122.1645548,37.4286559],[-122.1645508,37.428655],[-122.1645338,37.4287041],[-122.1640148,37.4285932],[-122.1640278,37.4285543],[-122.1640058,37.4285497],[-122.1640728,37.4283526],[-122.1640948,37.4283572],[-122.1641148,37.4282956],[-122.1642068,37.4283151],[-122.1645438,37.4283871]]]}},{"type":"Feature","id":232805671,"properties":{"osmId":232805671,"category":"academic","addr:city":"Stanford","addr:housenumber":"365","addr:street":"Galvez Street","building":"yes","name":"Ford Center For Sports & Recreation","paloalto_ca:id":"29628","source":"City of Palo Alto CA 0713","wikidata":"Q123270614","_wikiTried":true},"geometry":{"type":"Polygon","coordinates":[[[-122.1648457,37.4288995],[-122.1647507,37.4291815],[-122.1646237,37.4291545],[-122.1646137,37.4291775],[-122.1643787,37.4291275],[-122.1643737,37.4291425],[-122.1642317,37.4291125],[-122.1642367,37.4290955],[-122.1641447,37.4290765],[-122.1641257,37.4291305],[-122.1640757,37.4291209],[-122.1640327,37.4291125],[-122.1640497,37.4290565],[-122.1639557,37.4290365],[-122.1639517,37.4290525],[-122.1638097,37.4290205],[-122.1638127,37.4290055],[-122.1636787,37.4289775],[-122.1637877,37.4286485],[-122.1639087,37.4286735],[-122.1639297,37.4286135],[-122.1642077,37.4286705],[-122.1642197,37.4286385],[-122.1643067,37.4286575],[-122.1642957,37.4286905],[-122.1645417,37.4287425],[-122.1645217,37.4288045],[-122.1647247,37.4288485],[-122.1647197,37.4288745],[-122.1648457,37.4288995]]]}},{"type":"Feature","id":232805672,"properties":{"osmId":232805672,"category":"academic","addr:city":"Stanford","addr:housenumber":"434","addr:street":"Galvez Mall","building":"yes","ele":"25","gnis:feature_id":"1669717","loc_name":"Hoover Building","name":"Herbert Hoover Memorial Building","paloalto_ca:id":"29636","source":"USGS Geonames","_wikiTried":true},"geometry":{"type":"Polygon","coordinates":[[[-122.1666216,37.4274155],[-122.1659656,37.4272765],[-122.1660336,37.4270715],[-122.1666896,37.4272105],[-122.1666216,37.4274155]]]}},{"type":"Feature","id":232805673,"properties":{"osmId":232805673,"category":"academic","addr:housenumber":"1035","building":"yes","name":"Kappa Sigma","paloalto_ca:id":"29463","source":"City of Palo Alto CA 0713","_wikiTried":true},"geometry":{"type":"Polygon","coordinates":[[[-122.170427,37.420088],[-122.170291,37.420184],[-122.170319,37.420205],[-122.170335,37.420194],[-122.170555,37.420387],[-122.170427,37.420476],[-122.170212,37.42028],[-122.170234,37.420267],[-122.170208,37.420245],[-122.170171,37.420267],[-122.170149,37.420249],[-122.170054,37.420314],[-122.17006,37.420319],[-122.170021,37.420347],[-122.170017,37.420343],[-122.169972,37.420373],[-122.169947,37.42035],[-122.16994,37.420355],[-122.16989,37.420311],[-122.169896,37.420307],[-122.169878,37.420285],[-122.170081,37.42014],[-122.170104,37.420162],[-122.170207,37.42009],[-122.170202,37.420082],[-122.170259,37.420041],[-122.170266,37.420047],[-122.170328,37.419999],[-122.170356,37.420019],[-122.170362,37.420015],[-122.170414,37.420058],[-122.170408,37.420063],[-122.170427,37.420088]]]}},{"type":"Feature","id":232805674,"properties":{"osmId":232805674,"category":"academic","addr:city":"Stanford","addr:housenumber":"320","addr:street":"Panama Street","building":"yes","name":"Bambi","paloalto_ca:id":"29253","source":"City of Palo Alto CA 0713","_wikiTried":true},"geometry":{"type":"Polygon","coordinates":[[[-122.176023,37.427273],[-122.175559,37.427175],[-122.175614,37.42701],[-122.176078,37.427109],[-122.176023,37.427273]]]}},{"type":"Feature","id":232805676,"properties":{"osmId":232805676,"category":"academic","addr:city":"Stanford","addr:housenumber":"355","addr:street":"Galvez Street","building":"yes","name":"Montag Hall","paloalto_ca:id":"29626","source":"City of Palo Alto CA 0713","_wikiTried":true},"geometry":{"type":"Polygon","coordinates":[[[-122.1644957,37.4297094],[-122.1642977,37.4296674],[-122.1644167,37.4293104],[-122.1646147,37.4293524],[-122.1644957,37.4297094]]]}},{"type":"Feature","id":232805678,"properties":{"osmId":232805678,"category":"other","addr:city":"Stanford","addr:housenumber":"419","addr:postcode":"94305","addr:state":"CA","addr:street":"Lasuen Mall","building":"yes","fee":"no","name":"Stanford Art Gallery","name:etymology":"Thomas Welton Stanford","name:etymology:wikidata":"Q7794983","official_name":"Thomas Welton Stanford Art Gallery","opening_hours":"Tu-Su 12:00-18:00, Sa-Su 15:00-15:30 off","operator":"Stanford University Department of Art & Art History","paloalto_ca:id":"29631","source":"City of Palo Alto CA 0713","tourism":"gallery","website":"https://art.stanford.edu/exhibition-spaces/stanford-art-gallery/","_wikiTried":true},"geometry":{"type":"Polygon","coordinates":[[[-122.1680235,37.4281218],[-122.1679375,37.4281498],[-122.1673375,37.4280208],[-122.1673925,37.4278548],[-122.1680635,37.4279928],[-122.1680235,37.4281218]]]}},{"type":"Feature","id":232805680,"properties":{"osmId":232805680,"category":"academic","addr:city":"Stanford","addr:housenumber":"459","addr:postcode":"94305","addr:state":"CA","addr:street":"Lasuen Mall","building":"university","name":"Bing Wing","name:etymology":"Peter Bing","name:etymology:wikidata":"Q93997119","paloalto_ca:id":"29411","source":"City of Palo Alto CA 0713","wikidata":"Q131372976","_wikiTried":true},"geometry":{"type":"Polygon","coordinates":[[[-122.1671472,37.4270987],[-122.1671598,37.4270605],[-122.1671665,37.42704],[-122.1671944,37.4269554],[-122.1671666,37.4269496],[-122.1671372,37.4269435],[-122.1671076,37.4269374],[-122.1671826,37.42671],[-122.1672105,37.4267158],[-122.1672769,37.4267296],[-122.1673221,37.4265925],[-122.1680099,37.4267354],[-122.1680323,37.4266675],[-122.1681154,37.4266848],[-122.1680567,37.4268627],[-122.1680888,37.4268694],[-122.168043,37.4270084],[-122.1679973,37.4271472],[-122.1679593,37.4271393],[-122.1679197,37.4272593],[-122.1678949,37.4272541],[-122.1678795,37.4272509],[-122.1678655,37.427248],[-122.1677837,37.427231],[-122.1677609,37.4272263],[-122.1675422,37.4271808],[-122.1675022,37.4271725],[-122.1674588,37.4271635],[-122.1673789,37.4271469],[-122.167185,37.4271066],[-122.1671678,37.427103],[-122.1671472,37.4270987]]]}},{"type":"Feature","id":232805681,"properties":{"osmId":232805681,"category":"academic","addr:city":"Stanford","addr:housenumber":"482","addr:street":"Galvez Mall","building":"yes","name":"Galvez Modular","paloalto_ca:id":"29640","source":"City of Palo Alto CA 0713","_wikiTried":true},"geometry":{"type":"Polygon","coordinates":[[[-122.16643,37.426152],[-122.166217,37.426103],[-122.166377,37.425661],[-122.166579,37.425704],[-122.16643,37.426152]]]}},{"type":"Feature","id":232805682,"properties":{"osmId":232805682,"category":"academic","addr:city":"Stanford","addr:housenumber":"491","addr:street":"South Service Road","building":"yes","name":"HEPL South","paloalto_ca:id":"29230","source":"City of Palo Alto CA 0713","_wikiTried":true},"geometry":{"type":"Polygon","coordinates":[[[-122.174893,37.427303],[-122.174854,37.427439],[-122.174627,37.427391],[-122.174595,37.427479],[-122.174292,37.427412],[-122.174493,37.426804],[-122.174479,37.4268],[-122.1745,37.426725],[-122.17487,37.426802],[-122.174832,37.426923],[-122.17493,37.426945],[-122.174902,37.427031],[-122.175013,37.427054],[-122.174928,37.42731],[-122.174893,37.427303]]]}},{"type":"Feature","id":232805683,"properties":{"osmId":232805683,"category":"academic","addr:city":"Stanford","addr:housenumber":"501","addr:street":"Lasuen Mall","building":"yes","paloalto_ca:id":"29644","source":"City of Palo Alto CA 0713"},"geometry":{"type":"Polygon","coordinates":[[[-122.1688611,37.4259276],[-122.1688431,37.4259826],[-122.1688071,37.4259746],[-122.1688601,37.4258106],[-122.1688971,37.4258196],[-122.1688711,37.4258996],[-122.1689371,37.4259136],[-122.1689271,37.4259426],[-122.1688611,37.4259276]]]}},{"type":"Feature","id":232805684,"properties":{"osmId":232805684,"category":"academic","addr:city":"Stanford","addr:housenumber":"505","addr:postcode":"94305","addr:state":"CA","addr:street":"Lasuen Mall","building":"university","name":"Barnum Center","name:etymology":"Bill Barnum;Donnalisa Barnum","official_name":"Barnum Family Center for School and Community Partnerships","paloalto_ca:id":"29645","source":"City of Palo Alto CA 0713","_wikiTried":true},"geometry":{"type":"Polygon","coordinates":[[[-122.1687005,37.425724],[-122.1686668,37.4257169],[-122.1686322,37.4258205],[-122.1686205,37.425818],[-122.1685094,37.4257946],[-122.1685759,37.4255959],[-122.168753,37.4256332],[-122.1687903,37.4255217],[-122.1690274,37.4255717],[-122.1689474,37.4258105],[-122.1686897,37.4257561],[-122.1687005,37.425724]]]}},{"type":"Feature","id":232805685,"properties":{"osmId":232805685,"category":"academic","addr:city":"Stanford","addr:housenumber":"518","addr:street":"Memorial Way","amenity":"library","building":"university","building:levels":"4","name":"Lathrop Library","old_name":"Stanford Graduate School of Business","paloalto_ca:id":"29622","source":"City of Palo Alto CA 0713","wikidata":"Q18153439","_wikiTried":true},"geometry":{"type":"Polygon","coordinates":[[[-122.1676101,37.4293285],[-122.1674757,37.4297322],[-122.1669021,37.4296117],[-122.1669067,37.4295978],[-122.1668606,37.4295881],[-122.1669872,37.4292081],[-122.1671383,37.4292398],[-122.1672355,37.4289477],[-122.1670729,37.4289135],[-122.1671545,37.4286685],[-122.1677887,37.4288017],[-122.1677086,37.4290422],[-122.1676434,37.4290286],[-122.1675479,37.4293155],[-122.1676101,37.4293285]]]}},{"type":"Feature","id":232805686,"properties":{"osmId":232805686,"category":"academic","addr:city":"Stanford","addr:housenumber":"519","addr:street":"Lasuen Mall","building":"yes","building:levels":"2","building:min_level":"-1","name":"Stanford Bookstore","paloalto_ca:id":"29408","shop":"books","source":"City of Palo Alto CA 0713","website":"https://www.bkstr.com/stanfordstore/home","_wikiTried":true},"geometry":{"type":"Polygon","coordinates":[[[-122.168967,37.425009],[-122.168961,37.42501],[-122.1689317,37.4250973],[-122.1686808,37.4250442],[-122.1686685,37.425081],[-122.1684113,37.4250265],[-122.1684498,37.4249119],[-122.1683003,37.4248803],[-122.1683984,37.4245882],[-122.1685327,37.4246166],[-122.1685528,37.4245568],[-122.1686538,37.4245782],[-122.1686518,37.4245842],[-122.1687298,37.4246009],[-122.1687593,37.424607],[-122.1687662,37.4245861],[-122.1688412,37.4246018],[-122.1690844,37.424651],[-122.1690554,37.4247405],[-122.1691001,37.4247496],[-122.169056,37.4248858],[-122.1690131,37.4250184],[-122.168967,37.425009]]]}},{"type":"Feature","id":232805687,"properties":{"osmId":232805687,"category":"academic","addr:city":"Stanford","addr:housenumber":"521","addr:street":"Memorial Way","building":"yes","paloalto_ca:id":"29621","source":"City of Palo Alto CA 0713"},"geometry":{"type":"Polygon","coordinates":[[[-122.167188,37.430078],[-122.167183,37.430096],[-122.167133,37.430085],[-122.167112,37.430141],[-122.166774,37.430067],[-122.166793,37.430014],[-122.166773,37.43001],[-122.166778,37.429994],[-122.166734,37.429983],[-122.166751,37.429925],[-122.167156,37.430012],[-122.167139,37.430067],[-122.167188,37.430078]]]}},{"type":"Feature","id":232805688,"properties":{"osmId":232805688,"category":"academic","addr:city":"Stanford","addr:housenumber":"550","addr:state":"CA","addr:street":"Jane Stanford Way","building":"school","building:levels":"14","height":"87","name":"Hoover Tower","paloalto_ca:id":"29632","source":"City of Palo Alto CA 0713","tourism":"museum","wikidata":"Q5898829","_wikiTried":true},"geometry":{"type":"Polygon","coordinates":[[[-122.167147,37.4278188],[-122.1670144,37.4277914],[-122.1670081,37.4278106],[-122.1669864,37.4278061],[-122.1669789,37.4278291],[-122.1669245,37.4278178],[-122.1668714,37.4278069],[-122.1668798,37.427781],[-122.1668584,37.4277766],[-122.166864,37.4277597],[-122.1667374,37.4277336],[-122.1668427,37.4274124],[-122.1672524,37.427497],[-122.167147,37.4278188]]]}},{"type":"Feature","id":232805689,"properties":{"osmId":232805689,"category":"academic","addr:city":"Stanford","addr:housenumber":"559","addr:street":"Memorial Way","building":"yes","paloalto_ca:id":"29692","roof:colour":"#7a3e2c","roof:shape":"flat","source":"City of Palo Alto CA 0713"},"geometry":{"type":"Polygon","coordinates":[[[-122.1659345,37.4298405],[-122.1658097,37.4298143],[-122.1657584,37.4298035],[-122.1657638,37.4297874],[-122.1657843,37.4297258],[-122.1659604,37.4297628],[-122.1659492,37.4297965],[-122.1659345,37.4298405]]]}},{"type":"Feature","id":232805690,"properties":{"osmId":232805690,"category":"academic","addr:city":"Stanford","addr:housenumber":"561","addr:street":"Lomita Drive","building":"yes","name":"Harmony House","paloalto_ca:id":"29304","source":"City of Palo Alto CA 0713","_wikiTried":true},"geometry":{"type":"Polygon","coordinates":[[[-122.173117,37.424299],[-122.173099,37.424347],[-122.172974,37.424318],[-122.173008,37.424225],[-122.173157,37.42426],[-122.17314,37.424303],[-122.173117,37.424299]]]}},{"type":"Feature","id":232805691,"properties":{"osmId":232805691,"category":"residential","addr:city":"Stanford","addr:housenumber":"562","addr:postcode":"94305","addr:state":"CA","addr:street":"Salvatierra Walk","alt_name":"Cardinal Service","building":"house","building:use":"university","loc_name":"Haas Center","name":"Haas Center for Public Service","official_name":"Haas Center for Public Service at Stanford University","paloalto_ca:id":"29456","source":"City of Palo Alto CA 0713","website":"https://haas.stanford.edu/","wikidata":"Q5636550","_wikiTried":true},"geometry":{"type":"Polygon","coordinates":[[[-122.167601,37.422592],[-122.167609,37.422603],[-122.167552,37.422629],[-122.167544,37.422618],[-122.16754,37.422621],[-122.167521,37.422616],[-122.167512,37.422604],[-122.167506,37.422607],[-122.167489,37.422582],[-122.167494,37.422579],[-122.167481,37.422561],[-122.167448,37.422575],[-122.167444,37.422588],[-122.167415,37.422601],[-122.167396,37.422575],[-122.167386,37.422573],[-122.167328,37.422492],[-122.167334,37.422489],[-122.167284,37.42242],[-122.167289,37.422405],[-122.167293,37.422403],[-122.167286,37.422392],[-122.167342,37.422366],[-122.16735,37.422377],[-122.167354,37.422375],[-122.167373,37.422379],[-122.167413,37.422433],[-122.167484,37.4224],[-122.167502,37.422425],[-122.167508,37.422422],[-122.167593,37.42254],[-122.167591,37.422548],[-122.167611,37.422575],[-122.167605,37.42259],[-122.167601,37.422592]]]}},{"type":"Feature","id":232805692,"properties":{"osmId":232805692,"category":"academic","addr:city":"Stanford","addr:housenumber":"563","addr:street":"Salvatierra Walk","building":"yes","paloalto_ca:id":"29440","source":"City of Palo Alto CA 0713"},"geometry":{"type":"Polygon","coordinates":[[[-122.166992,37.422622],[-122.167074,37.422736],[-122.167011,37.422764],[-122.167005,37.422756],[-122.166754,37.42287],[-122.166722,37.422827],[-122.1668,37.422791],[-122.166747,37.422718],[-122.166676,37.422751],[-122.166626,37.422683],[-122.16675,37.422626],[-122.166753,37.422631],[-122.166875,37.422575],[-122.166871,37.422571],[-122.166935,37.422542],[-122.166938,37.422546],[-122.166959,37.422537],[-122.166993,37.422584],[-122.167002,37.42258],[-122.167022,37.422608],[-122.166992,37.422622]]]}},{"type":"Feature","id":232805693,"properties":{"osmId":232805693,"category":"academic","addr:city":"Mountain View","addr:housenumber":"565","addr:street":"Mayfield Avenue","building":"yes","paloalto_ca:id":"29457","source":"City of Palo Alto CA 0713"},"geometry":{"type":"Polygon","coordinates":[[[-122.168335,37.421901],[-122.168358,37.421933],[-122.168208,37.422005],[-122.168176,37.421962],[-122.168218,37.42194],[-122.16816,37.421865],[-122.168205,37.42184],[-122.168209,37.421834],[-122.168236,37.421821],[-122.168248,37.421821],[-122.168266,37.421813],[-122.168293,37.421847],[-122.168317,37.421839],[-122.168357,37.421888],[-122.168335,37.421901]]]}},{"type":"Feature","id":232805697,"properties":{"osmId":232805697,"category":"academic","addr:city":"Stanford","addr:housenumber":"661","addr:street":"Escondido Road","building":"yes","paloalto_ca:id":"29661","source":"City of Palo Alto CA 0713"},"geometry":{"type":"Polygon","coordinates":[[[-122.162328,37.425602],[-122.16225,37.425834],[-122.162088,37.425799],[-122.162126,37.425689],[-122.161974,37.425656],[-122.161967,37.425677],[-122.161828,37.425647],[-122.161809,37.425714],[-122.161762,37.425704],[-122.161749,37.425742],[-122.161667,37.425725],[-122.16168,37.425685],[-122.161635,37.425676],[-122.161645,37.425642],[-122.161595,37.425632],[-122.161651,37.42546],[-122.161703,37.42547],[-122.161715,37.425438],[-122.161762,37.425448],[-122.161775,37.425413],[-122.161853,37.425429],[-122.161841,37.425465],[-122.161887,37.425474],[-122.161899,37.42544],[-122.162143,37.425492],[-122.162111,37.425589],[-122.162156,37.425599],[-122.162165,37.425567],[-122.162328,37.425602]]]}},{"type":"Feature","id":232805698,"properties":{"osmId":232805698,"category":"academic","addr:city":"Stanford","addr:housenumber":"662","addr:street":"Lomita Court","building":"yes","paloalto_ca:id":"29751","source":"City of Palo Alto CA 0713"},"geometry":{"type":"Polygon","coordinates":[[[-122.1729898,37.4207906],[-122.1729118,37.4208526],[-122.1728588,37.4208106],[-122.1729368,37.4207456],[-122.1729898,37.4207906]]]}},{"type":"Feature","id":232805699,"properties":{"osmId":232805699,"category":"academic","addr:city":"Stanford","addr:housenumber":"663","addr:postcode":"94305","addr:state":"CA","addr:street":"Jane Stanford Way","building":"university","name":"William J. Patterson Building","name:etymology":"William J. Patterson","paloalto_ca:id":"29603","short_name":"Patterson Building","source":"City of Palo Alto CA 0713","_wikiTried":true},"geometry":{"type":"Polygon","coordinates":[[[-122.1617782,37.4274875],[-122.1617128,37.4276833],[-122.161103,37.4275548],[-122.1611677,37.4273612],[-122.1612376,37.4273759],[-122.1612439,37.4273569],[-122.1617112,37.4274554],[-122.1617056,37.4274722],[-122.1617782,37.4274875]]]}},{"type":"Feature","id":232805702,"properties":{"osmId":232805702,"category":"residential","addr:city":"Stanford","addr:housenumber":"675","addr:street":"Lomita Drive","building":"dormitory","disused:short_name":"ΘΔΧ","disused:short_name:el":"ΘΔΧ","disused:short_name:en":"TDX","name":"Alpha Phi Kappa Kappa Gamma","old_name":"Theta Delta Chi","paloalto_ca:id":"29461","source":"City of Palo Alto CA 0713","_wikiTried":true},"geometry":{"type":"Polygon","coordinates":[[[-122.170152,37.420983],[-122.170289,37.421114],[-122.170183,37.421189],[-122.170007,37.421034],[-122.170034,37.421015],[-122.169939,37.420928],[-122.169929,37.420935],[-122.169879,37.42089],[-122.169885,37.420884],[-122.169862,37.420861],[-122.169892,37.42084],[-122.169885,37.420834],[-122.169934,37.420801],[-122.16994,37.420806],[-122.169973,37.420786],[-122.170103,37.420899],[-122.17015,37.420867],[-122.17008,37.420803],[-122.170314,37.420641],[-122.170426,37.420744],[-122.170199,37.420906],[-122.170179,37.42089],[-122.170131,37.420923],[-122.170175,37.420965],[-122.170152,37.420983]]]}},{"type":"Feature","id":232805703,"properties":{"osmId":232805703,"category":"residential","addr:city":"Stanford","addr:housenumber":"680","addr:street":"Lomita Drive","building":"dormitory","paloalto_ca:id":"29347","source":"City of Palo Alto CA 0713"},"geometry":{"type":"Polygon","coordinates":[[[-122.171337,37.420555],[-122.171317,37.420538],[-122.171286,37.420558],[-122.171041,37.420337],[-122.171182,37.420239],[-122.171425,37.420456],[-122.171385,37.420487],[-122.171407,37.420506],[-122.171488,37.420447],[-122.17151,37.420467],[-122.171568,37.420424],[-122.171562,37.42042],[-122.171629,37.420372],[-122.171634,37.420378],[-122.171658,37.420362],[-122.171691,37.420393],[-122.171701,37.420386],[-122.171737,37.420418],[-122.171728,37.420424],[-122.17176,37.420453],[-122.171608,37.42056],[-122.171582,37.420536],[-122.171466,37.420617],[-122.171474,37.420623],[-122.171408,37.420671],[-122.1714,37.420665],[-122.171338,37.420709],[-122.171317,37.420687],[-122.171305,37.420694],[-122.171256,37.420648],[-122.171265,37.420642],[-122.171243,37.420622],[-122.171337,37.420555]]]}},{"type":"Feature","id":232805704,"properties":{"osmId":232805704,"category":"residential","addr:city":"Stanford","addr:housenumber":"750","addr:street":"Campus Drive","building":"dormitory","name":"Lantana","paloalto_ca:id":"29662","source":"City of Palo Alto CA 0713","_wikiTried":true},"geometry":{"type":"Polygon","coordinates":[[[-122.1607011,37.425868],[-122.1606801,37.4259231],[-122.1606309,37.4259118],[-122.1606232,37.4259196],[-122.1605208,37.4258949],[-122.1605244,37.4258883],[-122.1604695,37.4258759],[-122.16049,37.425807],[-122.160534,37.425815],[-122.160566,37.425726],[-122.160576,37.425728],[-122.1605931,37.4256632],[-122.160566,37.4256567],[-122.1605559,37.4256381],[-122.1605755,37.4256179],[-122.1606105,37.425621],[-122.160622,37.4255936],[-122.1606349,37.4255583],[-122.1606001,37.425548],[-122.1606366,37.4254474],[-122.1608113,37.4254842],[-122.1607777,37.4255853],[-122.1607419,37.4255773],[-122.1607292,37.4256252],[-122.1608985,37.4256605],[-122.1609,37.425653],[-122.1609347,37.4256604],[-122.1609461,37.42562],[-122.1610093,37.4256319],[-122.1609993,37.4256679],[-122.161061,37.425678],[-122.161094,37.425699],[-122.1611133,37.4257393],[-122.1611106,37.4257544],[-122.1611032,37.4257675],[-122.1610868,37.425782],[-122.161057,37.42579],[-122.1610319,37.4257901],[-122.1609991,37.4257843],[-122.1609558,37.425777],[-122.16095,37.425795],[-122.160935,37.425805],[-122.160912,37.425807],[-122.1608888,37.4257949],[-122.1608908,37.4257634],[-122.1608672,37.4257587],[-122.1608674,37.4257482],[-122.160698,37.4257106],[-122.1606809,37.4257565],[-122.1606924,37.4257614],[-122.1606886,37.4257711],[-122.1606816,37.4257879],[-122.1606626,37.4258451],[-122.1606703,37.4258603],[-122.1607011,37.425868]]]}},{"type":"Feature","id":232805705,"properties":{"osmId":232805705,"category":"academic","addr:city":"Stanford","addr:housenumber":"752","addr:street":"Campus Drive","building":"yes","paloalto_ca:id":"29663","source":"City of Palo Alto CA 0713"},"geometry":{"type":"Polygon","coordinates":[[[-122.160733,37.42543],[-122.160725,37.425455],[-122.160703,37.425451],[-122.160712,37.425426],[-122.160701,37.425423],[-122.160704,37.425415],[-122.160668,37.425407],[-122.160681,37.425368],[-122.160667,37.425365],[-122.160682,37.425319],[-122.160696,37.425321],[-122.16071,37.425283],[-122.160745,37.425291],[-122.160748,37.425282],[-122.160759,37.425285],[-122.160768,37.425258],[-122.16079,37.425263],[-122.160781,37.425289],[-122.160792,37.425292],[-122.160789,37.4253],[-122.160879,37.425319],[-122.160869,37.425348],[-122.16092,37.425359],[-122.160914,37.425375],[-122.160922,37.425392],[-122.160897,37.425424],[-122.160847,37.425414],[-122.160837,37.425443],[-122.160747,37.425424],[-122.160744,37.425432],[-122.160733,37.42543]]]}},{"type":"Feature","id":232805707,"properties":{"osmId":232805707,"category":"residential","addr:city":"Stanford","addr:housenumber":"658","addr:street":"Lomita Court","building":"dormitory","building:levels":"3","name":"Jerry","paloalto_ca:id":"32279","roof:levels":"0","source":"City of Palo Alto CA 0713","website":"https://resed.stanford.edu/houses/row-houses/jerry","_wikiTried":true},"geometry":{"type":"Polygon","coordinates":[[[-122.17362,37.421333],[-122.173433,37.421267],[-122.173499,37.421141],[-122.173603,37.421177],[-122.173627,37.42114],[-122.173602,37.421131],[-122.173618,37.421101],[-122.173595,37.421092],[-122.173634,37.421023],[-122.173655,37.421032],[-122.17367,37.421006],[-122.173694,37.421013],[-122.173714,37.420976],[-122.173613,37.420937],[-122.17368,37.420814],[-122.173869,37.42088],[-122.173797,37.421008],[-122.173776,37.421],[-122.173757,37.421036],[-122.17383,37.421063],[-122.173821,37.421078],[-122.17384,37.421086],[-122.173789,37.421177],[-122.173766,37.421171],[-122.173757,37.421187],[-122.173685,37.421162],[-122.173663,37.421199],[-122.173688,37.421208],[-122.17362,37.421333]]]}},{"type":"Feature","id":232805712,"properties":{"osmId":232805712,"category":"academic","addr:city":"Stanford","addr:housenumber":"419","addr:street":"Lagunita Drive","building":"yes","name":"Kennedy Grove","paloalto_ca:id":"29305","source":"City of Palo Alto CA 0713","_wikiTried":true},"geometry":{"type":"Polygon","coordinates":[[[-122.173066,37.423915],[-122.172979,37.423945],[-122.172985,37.423955],[-122.172952,37.423967],[-122.172946,37.423955],[-122.17283,37.423997],[-122.172836,37.424007],[-122.172802,37.424019],[-122.172796,37.424007],[-122.172708,37.424039],[-122.172674,37.423977],[-122.17265,37.423986],[-122.172624,37.42394],[-122.172649,37.423931],[-122.172621,37.423882],[-122.172732,37.423844],[-122.172756,37.423887],[-122.172792,37.423876],[-122.172785,37.423864],[-122.172853,37.423841],[-122.172861,37.423851],[-122.172896,37.423839],[-122.17287,37.423795],[-122.172978,37.423757],[-122.173006,37.423806],[-122.173034,37.423798],[-122.173057,37.423844],[-122.173032,37.423853],[-122.173066,37.423915]]]}},{"type":"Feature","id":232805713,"properties":{"osmId":232805713,"category":"academic","addr:city":"Stanford","addr:housenumber":"661","addr:state":"CA","addr:street":"Escondido Road","building":"yes","ele":"23","gnis:feature_id":"1669728","name":"Kimball Hall","paloalto_ca:id":"29660","source":"USGS Geonames","_wikiTried":true},"geometry":{"type":"Polygon","coordinates":[[[-122.1622223,37.4251633],[-122.1622019,37.4251588],[-122.1621623,37.4252724],[-122.1621755,37.4252753],[-122.1621389,37.4253811],[-122.1619833,37.4253471],[-122.1620193,37.425243],[-122.1620318,37.4252458],[-122.162061,37.4251607],[-122.1619085,37.4251277],[-122.1618773,37.4252188],[-122.16178,37.4251977],[-122.1618102,37.4251097],[-122.1616621,37.4250776],[-122.1616344,37.4251584],[-122.1616456,37.4251608],[-122.1616098,37.4252662],[-122.161456,37.4252333],[-122.1614908,37.4251304],[-122.1615036,37.4251331],[-122.1615429,37.4250165],[-122.1615168,37.4250109],[-122.1615325,37.4249643],[-122.1615592,37.42497],[-122.1615979,37.4248544],[-122.1615846,37.4248516],[-122.1615882,37.4248408],[-122.1615508,37.4248329],[-122.1615587,37.424809],[-122.1615565,37.4248086],[-122.1615673,37.424776],[-122.1615734,37.4247773],[-122.1615815,37.4247526],[-122.1616147,37.4247595],[-122.1616181,37.4247492],[-122.1616673,37.4247594],[-122.1616721,37.4247449],[-122.1616923,37.4247363],[-122.1617183,37.4247415],[-122.1617312,37.4247557],[-122.1617259,37.4247716],[-122.1617693,37.4247807],[-122.1617354,37.4248821],[-122.1617233,37.4248796],[-122.1616939,37.4249674],[-122.1618441,37.4249992],[-122.16185,37.4249814],[-122.1619102,37.4249942],[-122.161956,37.4250038],[-122.1619494,37.4250237],[-122.162101,37.4250557],[-122.1621313,37.4249653],[-122.1621173,37.4249624],[-122.1621511,37.4248616],[-122.1621979,37.4248715],[-122.1622016,37.4248606],[-122.1622226,37.4248507],[-122.1622437,37.4248567],[-122.1622581,37.42487],[-122.1622536,37.4248827],[-122.1622999,37.424893],[-122.1622632,37.4249976],[-122.1622518,37.4249951],[-122.162212,37.4251088],[-122.1622392,37.4251149],[-122.1622223,37.4251633]]]}},{"type":"Feature","id":232805714,"properties":{"osmId":232805714,"category":"academic","addr:city":"Stanford","addr:housenumber":"564","addr:street":"Lane A","building":"yes","name":"Koret Pavillion","paloalto_ca:id":"29454","source":"City of Palo Alto CA 0713","_wikiTried":true},"geometry":{"type":"Polygon","coordinates":[[[-122.168144,37.422142],[-122.167936,37.422242],[-122.167781,37.422035],[-122.167989,37.421936],[-122.168144,37.422142]]]}},{"type":"Feature","id":232805715,"properties":{"osmId":232805715,"category":"academic","addr:city":"Stanford","addr:housenumber":"562","addr:street":"Mayfield Avenue","building":"yes","name":"The Well House (Robert S Moore N)","paloalto_ca:id":"29459","source":"City of Palo Alto CA 0713","_wikiTried":true},"geometry":{"type":"Polygon","coordinates":[[[-122.169307,37.421934],[-122.169316,37.421954],[-122.169248,37.421974],[-122.169238,37.421954],[-122.169133,37.421986],[-122.169142,37.422006],[-122.169075,37.422026],[-122.169064,37.422005],[-122.169039,37.422013],[-122.169016,37.421962],[-122.169056,37.421951],[-122.169033,37.421903],[-122.169025,37.421906],[-122.168997,37.421842],[-122.169061,37.421823],[-122.169051,37.421802],[-122.16922,37.421751],[-122.16923,37.421772],[-122.169256,37.421765],[-122.169314,37.421887],[-122.169299,37.421891],[-122.169304,37.421901],[-122.169314,37.421905],[-122.169321,37.421903],[-122.169332,37.421926],[-122.169307,37.421934]]]}},{"type":"Feature","id":232805716,"properties":{"osmId":232805716,"category":"academic","addr:city":"Stanford","addr:housenumber":"579","addr:postcode":"94305","addr:state":"CA","addr:street":"Jane Stanford Way","building":"university","name":"Landau Economics Building","paloalto_ca:id":"29624","source":"City of Palo Alto CA 0713","_wikiTried":true},"geometry":{"type":"Polygon","coordinates":[[[-122.166047,37.428748],[-122.165999,37.428878],[-122.165621,37.428797],[-122.165646,37.428734],[-122.165578,37.428721],[-122.165674,37.428426],[-122.165726,37.428436],[-122.165733,37.428421],[-122.165745,37.428426],[-122.165763,37.428379],[-122.166144,37.428458],[-122.166101,37.42859],[-122.165959,37.428562],[-122.165911,37.428718],[-122.166047,37.428748]]]}},{"type":"Feature","id":232805717,"properties":{"osmId":232805717,"category":"academic","addr:city":"Stanford","addr:housenumber":"365","addr:state":"CA","addr:street":"Lasuen Street","building":"yes","ele":"22","gnis:feature_id":"1669732","name":"Littlefield Center","paloalto_ca:id":"29620","source":"USGS Geonames","_wikiTried":true},"geometry":{"type":"Polygon","coordinates":[[[-122.167903,37.430211],[-122.167921,37.430161],[-122.168016,37.430181],[-122.167893,37.430547],[-122.1675017,37.4304643],[-122.167093,37.430378],[-122.167214,37.43001],[-122.1673,37.430027],[-122.167286,37.430074],[-122.167343,37.430083],[-122.167276,37.430295],[-122.1675399,37.4303505],[-122.167775,37.4304],[-122.167845,37.430201],[-122.167903,37.430211]]]}},{"type":"Feature","id":232805718,"properties":{"osmId":232805718,"category":"academic","addr:city":"Stanford","addr:housenumber":"580","addr:street":"Jane Stanford Way","building":"yes","ele":"25","gnis:feature_id":"1669734","name":"Lou Henry Hoover Building","paloalto_ca:id":"29633","source":"USGS Geonames","_wikiTried":true},"geometry":{"type":"Polygon","coordinates":[[[-122.1664794,37.4278575],[-122.1658194,37.4277175],[-122.1658904,37.4275045],[-122.1665504,37.4276445],[-122.1664794,37.4278575]]]}},{"type":"Feature","id":232805719,"properties":{"osmId":232805719,"category":"residential","addr:city":"Stanford","addr:housenumber":"685","addr:state":"CA","addr:street":"Escondido Road","building":"dormitory","ele":"21","gnis:feature_id":"1669739","name":"Castaño","paloalto_ca:id":"29664","source":"USGS Geonames","_wikiTried":true},"geometry":{"type":"Polygon","coordinates":[[[-122.160871,37.425248],[-122.160861,37.425277],[-122.160697,37.425243],[-122.160727,37.425153],[-122.160763,37.42516],[-122.160782,37.425107],[-122.160785,37.425083],[-122.160751,37.425075],[-122.160744,37.425051],[-122.160761,37.425037],[-122.160799,37.425043],[-122.160828,37.424968],[-122.160819,37.424966],[-122.160849,37.424876],[-122.160802,37.424866],[-122.160821,37.424809],[-122.160877,37.424822],[-122.160879,37.424815],[-122.160915,37.424822],[-122.160914,37.42483],[-122.160939,37.424835],[-122.16094,37.424828],[-122.16103,37.424855],[-122.161011,37.424912],[-122.160961,37.424901],[-122.160933,37.42499],[-122.16092,37.424987],[-122.160901,37.425047],[-122.161088,37.425087],[-122.161093,37.425078],[-122.161118,37.425082],[-122.161139,37.425038],[-122.161175,37.425034],[-122.161194,37.425055],[-122.161184,37.425097],[-122.161273,37.425122],[-122.161287,37.425136],[-122.161293,37.425159],[-122.16131,37.425169],[-122.161308,37.425177],[-122.161298,37.425182],[-122.161286,37.425178],[-122.161266,37.425197],[-122.161227,37.425205],[-122.161062,37.425171],[-122.161065,37.425161],[-122.160875,37.42512],[-122.160855,37.425181],[-122.16089,37.425188],[-122.160871,37.425248]]]}},{"type":"Feature","id":232805720,"properties":{"osmId":232805720,"category":"academic","building":"yes","name":"Mariposa","paloalto_ca:id":"29313","source":"City of Palo Alto CA 0713","_wikiTried":true},"geometry":{"type":"Polygon","coordinates":[[[-122.171756,37.423287],[-122.171752,37.423119],[-122.171877,37.423117],[-122.171885,37.423109],[-122.171905,37.423123],[-122.171896,37.423134],[-122.171896,37.423161],[-122.171905,37.423172],[-122.171906,37.423191],[-122.1719,37.4232],[-122.171901,37.423257],[-122.17191,37.423263],[-122.171891,37.423279],[-122.171886,37.423274],[-122.171815,37.423275],[-122.171815,37.423286],[-122.171756,37.423287]]]}},{"type":"Feature","id":232805721,"properties":{"osmId":232805721,"category":"residential","addr:city":"Mountain View","addr:housenumber":"553","addr:street":"Mayfield Avenue","building":"dormitory","name":"Mars","paloalto_ca:id":"29450","source":"City of Palo Alto CA 0713","_wikiTried":true},"geometry":{"type":"Polygon","coordinates":[[[-122.168759,37.422781],[-122.168624,37.422828],[-122.168498,37.422594],[-122.168633,37.422548],[-122.168759,37.422781]]]}},{"type":"Feature","id":232805722,"properties":{"osmId":232805722,"category":"academic","addr:city":"Stanford","addr:housenumber":"551","addr:state":"CA","addr:street":"Jane Stanford Way","building":"yes","ele":"24","gnis:feature_id":"1669747","name":"Memorial Hall","paloalto_ca:id":"29623","source":"USGS Geonames","wikidata":"Q7598775","_wikiTried":true},"geometry":{"type":"Polygon","coordinates":[[[-122.166833,37.429169],[-122.166787,37.429313],[-122.166794,37.429316],[-122.166772,37.429384],[-122.166558,37.429333],[-122.16654,37.429388],[-122.166241,37.429323],[-122.166252,37.42927],[-122.166035,37.429223],[-122.166058,37.429153],[-122.166074,37.429153],[-122.166122,37.429008],[-122.166114,37.429006],[-122.166132,37.428959],[-122.166293,37.428995],[-122.166355,37.428801],[-122.166335,37.428795],[-122.166373,37.42866],[-122.166452,37.428675],[-122.166468,37.428641],[-122.166549,37.428658],[-122.166551,37.428652],[-122.1666524,37.4286572],[-122.16669,37.42868],[-122.166687,37.428688],[-122.16677,37.428705],[-122.166759,37.428744],[-122.166832,37.428757],[-122.166793,37.428896],[-122.166743,37.428887],[-122.166681,37.429079],[-122.16686,37.429119],[-122.166841,37.429171],[-122.166833,37.429169]]]}},{"type":"Feature","id":232805723,"properties":{"osmId":232805723,"category":"residential","addr:city":"Stanford","addr:housenumber":"566","addr:street":"Arguello Way","building":"dormitory","name":"Munger Building 1","paloalto_ca:id":"29438","source":"City of Palo Alto CA 0713","_wikiTried":true},"geometry":{"type":"Polygon","coordinates":[[[-122.165958,37.423512],[-122.165925,37.423612],[-122.165495,37.423519],[-122.165512,37.423476],[-122.165463,37.423464],[-122.165447,37.42351],[-122.165267,37.423471],[-122.165279,37.423306],[-122.16531,37.423305],[-122.165312,37.42327],[-122.165282,37.423265],[-122.165268,37.423096],[-122.165351,37.423094],[-122.165373,37.423094],[-122.165394,37.423093],[-122.165415,37.423091],[-122.165436,37.423088],[-122.165453,37.423085],[-122.165461,37.423113],[-122.165508,37.423108],[-122.165501,37.423081],[-122.165607,37.423061],[-122.165712,37.423036],[-122.165764,37.423023],[-122.165923,37.422965],[-122.165981,37.423059],[-122.165964,37.423064],[-122.165974,37.423088],[-122.165991,37.423081],[-122.166056,37.423178],[-122.165884,37.423245],[-122.16572,37.423281],[-122.165697,37.42322],[-122.165484,37.423265],[-122.165482,37.423338],[-122.165667,37.423379],[-122.165687,37.423318],[-122.166002,37.423383],[-122.165966,37.42349],[-122.165947,37.423486],[-122.165939,37.423507],[-122.165958,37.423512]]]}},{"type":"Feature","id":232805724,"properties":{"osmId":232805724,"category":"academic","addr:city":"Stanford","addr:housenumber":"895","addr:street":"Campus Drive","building":"yes","name":"Munger Building 2","paloalto_ca:id":"29441","source":"City of Palo Alto CA 0713","_wikiTried":true},"geometry":{"type":"Polygon","coordinates":[[[-122.16664,37.422913],[-122.166187,37.423123],[-122.166039,37.422918],[-122.166491,37.422709],[-122.16664,37.422913]]]}},{"type":"Feature","id":232805725,"properties":{"osmId":232805725,"category":"residential","addr:city":"Stanford","addr:housenumber":"610","addr:street":"Bowdoin Lane","building":"dormitory","name":"Munger Building 3","paloalto_ca:id":"29437","source":"City of Palo Alto CA 0713","_wikiTried":true},"geometry":{"type":"Polygon","coordinates":[[[-122.166558,37.423749],[-122.166057,37.423643],[-122.166134,37.423414],[-122.166634,37.423521],[-122.166558,37.423749]]]}},{"type":"Feature","id":232805726,"properties":{"osmId":232805726,"category":"academic","addr:city":"Stanford","addr:housenumber":"555","addr:street":"Salvatierra Walk","building":"yes","name":"Munger Building 4","paloalto_ca:id":"29439","source":"City of Palo Alto CA 0713","_wikiTried":true},"geometry":{"type":"Polygon","coordinates":[[[-122.16749,37.423211],[-122.167514,37.423245],[-122.167406,37.423296],[-122.167391,37.423277],[-122.1673633,37.42329],[-122.1673078,37.423316],[-122.16728,37.423329],[-122.167295,37.423349],[-122.167226,37.42338],[-122.1671655,37.4232975],[-122.167064,37.423159],[-122.166989,37.423193],[-122.166978,37.423179],[-122.166915,37.423209],[-122.166924,37.423223],[-122.166688,37.423332],[-122.16667,37.423394],[-122.166548,37.423367],[-122.166555,37.423343],[-122.166528,37.42334],[-122.16652,37.423362],[-122.166394,37.423335],[-122.166445,37.423178],[-122.166782,37.423027],[-122.166791,37.42304],[-122.166856,37.423011],[-122.166845,37.422994],[-122.166836,37.422997],[-122.166834,37.422992],[-122.166847,37.422986],[-122.166853,37.422992],[-122.167162,37.422849],[-122.167179,37.422873],[-122.16719,37.422887],[-122.167188,37.42289],[-122.167197,37.422904],[-122.1672,37.422905],[-122.167202,37.422905],[-122.167208,37.422912],[-122.167216,37.422908],[-122.167219,37.422912],[-122.167259,37.422893],[-122.167288,37.422933],[-122.16728,37.422936],[-122.167275,37.42293],[-122.167239,37.422946],[-122.167246,37.422955],[-122.1673115,37.4230446],[-122.1674129,37.4231831],[-122.167448,37.423231],[-122.16749,37.423211]]]}},{"type":"Feature","id":232805727,"properties":{"osmId":232805727,"category":"academic","addr:city":"Stanford","addr:housenumber":"554","addr:street":"Salvatierra Street","building":"yes","name":"Munger Building 5","paloalto_ca:id":"29455","source":"City of Palo Alto CA 0713","_wikiTried":true},"geometry":{"type":"Polygon","coordinates":[[[-122.168041,37.422944],[-122.168075,37.42299],[-122.167963,37.423042],[-122.167948,37.423022],[-122.167915,37.423037],[-122.167929,37.423058],[-122.167817,37.42311],[-122.167813,37.423105],[-122.167773,37.423124],[-122.167744,37.423086],[-122.167751,37.423083],[-122.167756,37.423088],[-122.16779,37.423071],[-122.167585,37.422788],[-122.16755,37.422804],[-122.167554,37.42281],[-122.167546,37.422814],[-122.167518,37.422773],[-122.16756,37.422754],[-122.167556,37.42275],[-122.167665,37.4227],[-122.167678,37.422716],[-122.167718,37.422697],[-122.167705,37.422681],[-122.167815,37.422631],[-122.167848,37.422678],[-122.167874,37.422666],[-122.167903,37.422707],[-122.167896,37.42271],[-122.167886,37.422697],[-122.167889,37.422696],[-122.167875,37.422677],[-122.167872,37.422679],[-122.167868,37.422673],[-122.167846,37.422684],[-122.167857,37.4227],[-122.167852,37.422702],[-122.16785,37.4227],[-122.167816,37.422716],[-122.167828,37.422733],[-122.167862,37.422717],[-122.167861,37.422715],[-122.167866,37.422713],[-122.167891,37.422746],[-122.167914,37.422736],[-122.167909,37.422729],[-122.167917,37.422726],[-122.167925,37.422736],[-122.167898,37.422749],[-122.167989,37.422874],[-122.168016,37.422862],[-122.168024,37.422873],[-122.168016,37.422877],[-122.168011,37.42287],[-122.167971,37.422888],[-122.167969,37.422883],[-122.167971,37.422883],[-122.167964,37.422874],[-122.167944,37.422883],[-122.167993,37.422951],[-122.168014,37.422942],[-122.167999,37.422922],[-122.167997,37.422923],[-122.167994,37.422919],[-122.168008,37.422912],[-122.16801,37.422914],[-122.168028,37.422905],[-122.168027,37.422903],[-122.168033,37.4229],[-122.168029,37.422895],[-122.168037,37.422891],[-122.168067,37.422932],[-122.168041,37.422944]]]}},{"type":"Feature","id":232805728,"properties":{"osmId":232805728,"category":"residential","addr:city":"Stanford","addr:housenumber":"543","addr:street":"Lasuen Mall","building":"dormitory","name":"Muwekmah-tah-ruk","name:etymology":"Muwekma Ohlone","name:etymology:wikidata":"Q598406","paloalto_ca:id":"29448","source":"City of Palo Alto CA 0713","_wikiTried":true},"geometry":{"type":"Polygon","coordinates":[[[-122.16913,37.423448],[-122.16915,37.423488],[-122.16904,37.423529],[-122.169019,37.423497],[-122.16895,37.423521],[-122.16893,37.423491],[-122.168913,37.423498],[-122.168874,37.423435],[-122.168894,37.423427],[-122.168887,37.423414],[-122.168967,37.423382],[-122.168947,37.423348],[-122.169046,37.423312],[-122.169068,37.42335],[-122.169075,37.423348],[-122.169133,37.423445],[-122.16913,37.423448]]]}},{"type":"Feature","id":232805730,"properties":{"osmId":232805730,"category":"residential","addr:city":"Stanford","addr:housenumber":"1135","addr:street":"Campus Drive","building":"dormitory","name":"Narnia","paloalto_ca:id":"32273","source":"City of Palo Alto CA 0713","_wikiTried":true},"geometry":{"type":"Polygon","coordinates":[[[-122.17505,37.420091],[-122.174971,37.420228],[-122.174847,37.420184],[-122.174857,37.420166],[-122.174787,37.420142],[-122.17478,37.420145],[-122.17466,37.420103],[-122.174757,37.419928],[-122.174697,37.419906],[-122.174753,37.419805],[-122.174855,37.41984],[-122.174881,37.419792],[-122.174819,37.419773],[-122.174873,37.41967],[-122.175006,37.419717],[-122.175077,37.419746],[-122.175083,37.419741],[-122.175212,37.419785],[-122.175151,37.41989],[-122.175085,37.419866],[-122.175071,37.419895],[-122.175074,37.419902],[-122.175038,37.419964],[-122.175138,37.42],[-122.175082,37.420102],[-122.17505,37.420091]]]}},{"type":"Feature","id":232805731,"properties":{"osmId":232805731,"category":"academic","addr:city":"Stanford","addr:housenumber":"552","addr:postcode":"94305","addr:state":"CA","addr:street":"O'Conner Lane","building":"yes","building:levels":"4","building:levels:underground":"1","description":"Faculty Staff Housing - Office","name":"Owen House","paloalto_ca:id":"29452","source":"City of Palo Alto CA 0713;local knowledge","_wikiTried":true},"geometry":{"type":"Polygon","coordinates":[[[-122.1684885,37.4228604],[-122.1683766,37.4229132],[-122.1682986,37.4228033],[-122.1684129,37.4227494],[-122.1684885,37.4228604]]]}},{"type":"Feature","id":232805733,"properties":{"osmId":232805733,"category":"academic","addr:city":"Stanford","addr:housenumber":"374","addr:state":"CA","addr:street":"Santa Teresa Street","building":"yes","ele":"39","gnis:feature_id":"1669773","name":"Roble Hall","paloalto_ca:id":"29334","source":"USGS Geonames","wikidata":"Q14683824","_wikiTried":true},"geometry":{"type":"Polygon","coordinates":[[[-122.175245,37.424337],[-122.174995,37.424686],[-122.174856,37.424628],[-122.174978,37.424464],[-122.17481,37.424387],[-122.174696,37.424555],[-122.174565,37.424497],[-122.174673,37.42433],[-122.174657,37.424322],[-122.174626,37.424365],[-122.1744249,37.424275],[-122.174186,37.424168],[-122.174212,37.424127],[-122.174198,37.424122],[-122.174085,37.424284],[-122.173949,37.424224],[-122.174194,37.423867],[-122.174327,37.423928],[-122.174236,37.424059],[-122.174264,37.424072],[-122.174303,37.424086],[-122.174349,37.424019],[-122.174357,37.424022],[-122.174392,37.424007],[-122.174416,37.424009],[-122.174436,37.424032],[-122.174433,37.424057],[-122.174443,37.424061],[-122.174453,37.424049],[-122.174617,37.424121],[-122.174608,37.424133],[-122.174616,37.424138],[-122.174647,37.424121],[-122.174683,37.424131],[-122.174696,37.42415],[-122.174692,37.424173],[-122.174704,37.42418],[-122.174665,37.424233],[-122.174724,37.424261],[-122.174811,37.424142],[-122.174946,37.424204],[-122.17483,37.424368],[-122.174991,37.424442],[-122.17511,37.424277],[-122.175245,37.424337]]]}},{"type":"Feature","id":232805734,"properties":{"osmId":232805734,"category":"academic","building":"yes","name":"Rogers","paloalto_ca:id":"29312","source":"City of Palo Alto CA 0713","_wikiTried":true},"geometry":{"type":"Polygon","coordinates":[[[-122.171992,37.423472],[-122.171933,37.423483],[-122.171925,37.42349],[-122.171895,37.423495],[-122.171881,37.423491],[-122.171815,37.423502],[-122.171794,37.423423],[-122.171859,37.423412],[-122.171851,37.423374],[-122.171961,37.423354],[-122.171992,37.423472]]]}},{"type":"Feature","id":232805735,"properties":{"osmId":232805735,"category":"academic","addr:city":"Stanford","addr:housenumber":"559","addr:postcode":"94305","addr:state":"CA","addr:street":"Nathan Abbott Way","alt_name":"Stanford Law School","building":"university","name":"School of Law","paloalto_ca:id":"29445","short_name":"SLS","source":"City of Palo Alto CA 0713","wikidata":"Q8012895","wikipedia":"en:Stanford Law School","_wikiTried":true},"geometry":{"type":"Polygon","coordinates":[[[-122.1682618,37.4239449],[-122.1682755,37.4239041],[-122.1685301,37.423958],[-122.1683672,37.4244433],[-122.1680588,37.424378],[-122.168113,37.4242165],[-122.1679619,37.4241832],[-122.1677701,37.4241438],[-122.1677161,37.4243043],[-122.1670824,37.4241697],[-122.1672461,37.4236836],[-122.1678182,37.423805],[-122.1678043,37.4238464],[-122.1678688,37.4238601],[-122.1678154,37.4240189],[-122.1681543,37.4240907],[-122.1682072,37.4239333],[-122.1682618,37.4239449]]]}},{"type":"Feature","id":232805736,"properties":{"osmId":232805736,"category":"residential","addr:housenumber":"589","addr:street":"Capistrano Way","building":"house","name":"Attneave","name:etymology":"Carolyn Lewis Attneave","name:etymology:wikidata":"Q18631273","official_name":"Carolyn Lewis Attneave House","old_name":"Serra","old_name:etymology":"Junípero Serra","old_name:etymology:wikidata":"Q522107","paloalto_ca:id":"29314","_wikiTried":true},"geometry":{"type":"Polygon","coordinates":[[[-122.171933,37.422922],[-122.171922,37.423033],[-122.171742,37.423022],[-122.171752,37.422912],[-122.171685,37.422909],[-122.171692,37.422857],[-122.171767,37.422862],[-122.171769,37.422856],[-122.171831,37.422859],[-122.171828,37.422892],[-122.17184,37.422893],[-122.171859,37.42291],[-122.171856,37.422918],[-122.171933,37.422922]]]}},{"type":"Feature","id":232805737,"properties":{"osmId":232805737,"category":"residential","addr:city":"Stanford","addr:housenumber":"1047","addr:postcode":"94305","addr:state":"CA","addr:street":"Campus Drive East","building":"dormitory","name":"Sigma Phi Epsilon","operator":"Leland Stanford Junior University","paloalto_ca:id":"29464","source":"City of Palo Alto CA 0713","_wikiTried":true},"geometry":{"type":"Polygon","coordinates":[[[-122.170939,37.420168],[-122.170999,37.420226],[-122.170922,37.420279],[-122.170776,37.420148],[-122.170859,37.420081],[-122.170809,37.420037],[-122.170769,37.420064],[-122.170752,37.420045],[-122.170744,37.420047],[-122.170693,37.420002],[-122.170701,37.419997],[-122.170675,37.419976],[-122.170879,37.41983],[-122.17087,37.419821],[-122.170926,37.419784],[-122.170932,37.41979],[-122.170959,37.419767],[-122.171002,37.4198],[-122.171007,37.419796],[-122.171016,37.419803],[-122.171076,37.41976],[-122.171067,37.419752],[-122.171189,37.41967],[-122.171223,37.419703],[-122.171232,37.41969],[-122.171283,37.419732],[-122.171275,37.41974],[-122.1713,37.419764],[-122.171093,37.419915],[-122.17104,37.419872],[-122.170873,37.419996],[-122.17092,37.420038],[-122.170977,37.419998],[-122.171067,37.420079],[-122.170939,37.420168]]]}},{"type":"Feature","id":232805738,"properties":{"osmId":232805738,"category":"academic","addr:city":"Stanford","addr:housenumber":"550","addr:street":"Lasuen Mall","building":"yes","name":"Sigma Chi","paloalto_ca:id":"29447","source":"City of Palo Alto CA 0713","_wikiTried":true},"geometry":{"type":"Polygon","coordinates":[[[-122.169727,37.422771],[-122.169763,37.422871],[-122.16962,37.422899],[-122.169634,37.422936],[-122.169518,37.422961],[-122.169447,37.422743],[-122.169561,37.422721],[-122.169592,37.422802],[-122.169727,37.422771]]]}},{"type":"Feature","id":232805739,"properties":{"osmId":232805739,"category":"academic","addr:city":"Stanford","addr:housenumber":"557","addr:street":"Mayfield Avenue","building":"yes","name":"Sigma Nu","paloalto_ca:id":"29451","source":"City of Palo Alto CA 0713","_wikiTried":true},"geometry":{"type":"Polygon","coordinates":[[[-122.168529,37.422362],[-122.168376,37.422414],[-122.168264,37.422206],[-122.168417,37.422154],[-122.168529,37.422362]]]}},{"type":"Feature","id":232805740,"properties":{"osmId":232805740,"category":"academic","addr:city":"Stanford","addr:housenumber":"520","addr:state":"CA","addr:street":"Galvez Mall","building":"university","ele":"24","gnis:feature_id":"1669785","loc_name":"CERAS","name":"Stanford Center for Research and Development in Education","operator":"Stanford School of Education","paloalto_ca:id":"29443","source":"City of Palo Alto CA 0713","_wikiTried":true},"geometry":{"type":"Polygon","coordinates":[[[-122.166622,37.424845],[-122.166764,37.424421],[-122.166873,37.424445],[-122.166968,37.424406],[-122.166984,37.424428],[-122.167073,37.424387],[-122.167056,37.424365],[-122.167106,37.42434],[-122.167163,37.424353],[-122.167169,37.424365],[-122.167297,37.424394],[-122.167151,37.424821],[-122.167037,37.424796],[-122.166946,37.424835],[-122.166931,37.424813],[-122.166841,37.424853],[-122.166858,37.424876],[-122.166805,37.424899],[-122.166755,37.424888],[-122.166743,37.424871],[-122.166622,37.424845]]]}},{"type":"Feature","id":232805741,"properties":{"osmId":232805741,"category":"academic","addr:city":"Stanford","addr:country":"US","addr:housenumber":"531","addr:postcode":"94305","addr:state":"CA","addr:street":"Lasuen Mall","alt_name":"Stanford Branch Palo Alto Post Office","amenity":"post_office","building":"yes","ele":"30","gnis:feature_id":"1828430","name":"Stanford Station Post Office","operator":"United States Postal Service","operator:short":"USPS","operator:type":"public","operator:website":"https://www.usps.com","operator:wikidata":"Q668687","operator:wikipedia":"en:United States Postal Service","paloalto_ca:id":"29409","postal_code":"94305;94309","short_name":"USPS","source":"City of Palo Alto CA 0713","_wikiTried":true},"geometry":{"type":"Polygon","coordinates":[[[-122.168625,37.424385],[-122.168713,37.424105],[-122.169171,37.424205],[-122.1691215,37.4243536],[-122.169078,37.424484],[-122.1688934,37.4244445],[-122.168789,37.4244227],[-122.168625,37.424385]]]}},{"type":"Feature","id":232805742,"properties":{"osmId":232805742,"category":"residential","addr:city":"Stanford","addr:housenumber":"544","addr:street":"Lasuen Mall","building":"dormitory","name":"Storey","paloalto_ca:id":"29446","source":"City of Palo Alto CA 0713","_wikiTried":true},"geometry":{"type":"Polygon","coordinates":[[[-122.169871,37.423291],[-122.169637,37.423334],[-122.169587,37.42316],[-122.169821,37.423117],[-122.169871,37.423291]]]}},{"type":"Feature","id":232805743,"properties":{"osmId":232805743,"category":"academic","addr:city":"Stanford","addr:housenumber":"590","addr:state":"CA","addr:street":"Escondido Mall","building":"university","ele":"23","gnis:feature_id":"1669795","name":"Sweet Hall","paloalto_ca:id":"29641","source":"City of Palo Alto CA 0713;USGS Geonames","wikidata":"Q7598796","_wikiTried":true},"geometry":{"type":"Polygon","coordinates":[[[-122.1667053,37.4253915],[-122.1666909,37.4254351],[-122.1664835,37.4253918],[-122.1666087,37.4250132],[-122.166927,37.4250796],[-122.1669856,37.4251642],[-122.1668789,37.4252108],[-122.1668438,37.4251602],[-122.1667678,37.4251444],[-122.1666874,37.4253877],[-122.1667053,37.4253915]]]}},{"type":"Feature","id":232805745,"properties":{"osmId":232805745,"category":"academic","addr:city":"Stanford","addr:housenumber":"558","addr:street":"Mayfield Avenue","building":"yes","name":"Xanadu","paloalto_ca:id":"29458","source":"City of Palo Alto CA 0713","_wikiTried":true},"geometry":{"type":"Polygon","coordinates":[[[-122.169309,37.42228],[-122.169349,37.422366],[-122.169273,37.42239],[-122.169249,37.422382],[-122.169256,37.422369],[-122.169226,37.422358],[-122.169202,37.422303],[-122.169223,37.422296],[-122.16921,37.422266],[-122.169149,37.422245],[-122.169121,37.422186],[-122.169263,37.422141],[-122.169258,37.422133],[-122.169331,37.42211],[-122.169365,37.422124],[-122.169455,37.422105],[-122.169495,37.422187],[-122.169334,37.422236],[-122.169329,37.422246],[-122.169332,37.422252],[-122.169325,37.422267],[-122.169316,37.422269],[-122.169309,37.42228]]]}},{"type":"Feature","id":232805746,"properties":{"osmId":232805746,"category":"academic","building":"yes","paloalto_ca:id":"29635","source":"City of Palo Alto CA 0713"},"geometry":{"type":"Polygon","coordinates":[[[-122.1660902,37.4274864],[-122.1660796,37.4275166],[-122.1659831,37.4274952],[-122.1659938,37.4274648],[-122.1659505,37.4274552],[-122.1659892,37.427345],[-122.1660303,37.4273541],[-122.1660411,37.4273232],[-122.1661385,37.4273448],[-122.1661271,37.4273774],[-122.1661691,37.4273867],[-122.1661309,37.4274954],[-122.1660902,37.4274864]]]}},{"type":"Feature","id":232805747,"properties":{"osmId":232805747,"category":"academic","building":"yes","paloalto_ca:id":"29634","source":"City of Palo Alto CA 0713"},"geometry":{"type":"Polygon","coordinates":[[[-122.1665275,37.4275789],[-122.1665177,37.4276091],[-122.1663784,37.4275806],[-122.1663896,37.4275461],[-122.1663513,37.4275382],[-122.1663864,37.4274298],[-122.166428,37.4274383],[-122.1664375,37.4274092],[-122.1665737,37.427437],[-122.1665628,37.4274704],[-122.1666011,37.4274782],[-122.1665659,37.4275867],[-122.1665275,37.4275789]]]}},{"type":"Feature","id":232805748,"properties":{"osmId":232805748,"category":"academic","building":"yes","building:levels":"2","name":"Thornton Center","paloalto_ca:id":"29252","source":"City of Palo Alto CA 0713","_wikiTried":true},"geometry":{"type":"Polygon","coordinates":[[[-122.1739374,37.4256836],[-122.1734628,37.4255826],[-122.1735116,37.4254379],[-122.1739862,37.4255389],[-122.1739374,37.4256836]]]}},{"type":"Feature","id":232805752,"properties":{"osmId":232805752,"category":"academic","building":"yes","paloalto_ca:id":"29303","source":"City of Palo Alto CA 0713"},"geometry":{"type":"Polygon","coordinates":[[[-122.172782,37.424471],[-122.172545,37.424455],[-122.172556,37.424354],[-122.172792,37.42437],[-122.172782,37.424471]]]}},{"type":"Feature","id":232805754,"properties":{"osmId":232805754,"category":"academic","building":"garage","paloalto_ca:id":"29752","source":"City of Palo Alto CA 0713"},"geometry":{"type":"Polygon","coordinates":[[[-122.173542,37.422041],[-122.173582,37.42211],[-122.173498,37.422138],[-122.173461,37.422075],[-122.173542,37.422041]]]}},{"type":"Feature","id":232805758,"properties":{"osmId":232805758,"category":"academic","addr:city":"Stanford","addr:housenumber":"677","addr:postcode":"94305","addr:state":"CA","addr:street":"Lomita Drive","building":"shed","old_name":"Theta Delta Chi Storage Building","paloalto_ca:id":"29462","source":"City of Palo Alto CA 0713"},"geometry":{"type":"Polygon","coordinates":[[[-122.170399,37.420528],[-122.170429,37.420558],[-122.170351,37.420615],[-122.170319,37.420586],[-122.170399,37.420528]]]}},{"type":"Feature","id":232805761,"properties":{"osmId":232805761,"category":"academic","building":"yes","paloalto_ca:id":"29616","roof:colour":"darkgrey","roof:shape":"flat","source":"City of Palo Alto CA 0713"},"geometry":{"type":"Polygon","coordinates":[[[-122.1656967,37.4315255],[-122.1654269,37.4314914],[-122.1654453,37.4313996],[-122.1657151,37.4314337],[-122.1656967,37.4315255]]]}},{"type":"Feature","id":232805762,"properties":{"osmId":232805762,"category":"academic","building":"yes","name":"Black Community Service Center","paloalto_ca:id":"29302","source":"City of Palo Alto CA 0713","wikidata":"Q4920563","_wikiTried":true},"geometry":{"type":"Polygon","coordinates":[[[-122.172628,37.424605],[-122.172634,37.424584],[-122.172565,37.424569],[-122.172583,37.424514],[-122.172769,37.424553],[-122.172743,37.424628],[-122.172628,37.424605]]]}},{"type":"Feature","id":232805765,"properties":{"osmId":232805765,"category":"residential","addr:city":"Stanford","addr:housenumber":"636","addr:postcode":"94305","addr:state":"CA","addr:street":"Lomita Court","building":"house","name":"Lake House","paloalto_ca:id":"29753","source":"City of Palo Alto CA 0713","_wikiTried":true},"geometry":{"type":"Polygon","coordinates":[[[-122.1735627,37.4219995],[-122.1735312,37.4219427],[-122.173577,37.4219267],[-122.1735233,37.4218302],[-122.1736512,37.4217854],[-122.1737133,37.4218969],[-122.1736218,37.421929],[-122.1736449,37.4219707],[-122.1735627,37.4219995]]]}},{"type":"Feature","id":232841876,"properties":{"osmId":232841876,"category":"academic","building":"yes","name":"Acacia","paloalto_ca:id":"29190","source":"City of Palo Alto CA 0713","_wikiTried":true},"geometry":{"type":"Polygon","coordinates":[[[-122.17733,37.430411],[-122.177176,37.430378],[-122.177235,37.430205],[-122.177388,37.430238],[-122.17733,37.430411]]]}},{"type":"Feature","id":232841877,"properties":{"osmId":232841877,"category":"academic","building":"yes","name":"Birch","paloalto_ca:id":"29185","source":"City of Palo Alto CA 0713","_wikiTried":true},"geometry":{"type":"Polygon","coordinates":[[[-122.177905,37.430667],[-122.177753,37.430634],[-122.177823,37.430429],[-122.177975,37.430462],[-122.177905,37.430667]]]}},{"type":"Feature","id":232841878,"properties":{"osmId":232841878,"category":"academic","addr:city":"Stanford","addr:housenumber":"439","addr:postcode":"94305","addr:state":"CA","addr:street":"Panama Mall","building":"university","description":"The John A. Blume Earthquake Engineering Center at Stanford University is devoted to the advancement of research, education and practice in earthquake engineering.","email":"jabeec-email@stanford.edu","name":"Blume Earthquake Engineering Center","paloalto_ca:id":"29240","ref":"540","source":"City of Palo Alto CA 0713","_wikiTried":true},"geometry":{"type":"Polygon","coordinates":[[[-122.17151,37.426024],[-122.171462,37.426167],[-122.170823,37.426032],[-122.170871,37.425888],[-122.17151,37.426024]]]}},{"type":"Feature","id":232841881,"properties":{"osmId":232841881,"category":"academic","addr:city":"Stanford","addr:housenumber":"440","addr:state":"CA","addr:street":"Via Ortega Street","building":"yes","ele":"30","gnis:feature_id":"1669676","name":"Cedar Hall","paloalto_ca:id":"29212","source":"USGS Geonames","_wikiTried":true},"geometry":{"type":"Polygon","coordinates":[[[-122.176585,37.429347],[-122.176262,37.429278],[-122.176298,37.429171],[-122.176544,37.429221],[-122.176563,37.429163],[-122.176318,37.429111],[-122.176353,37.429005],[-122.176677,37.429074],[-122.176585,37.429347]]]}},{"type":"Feature","id":232841882,"properties":{"osmId":232841882,"category":"academic","addr:city":"Stanford","addr:housenumber":"496","addr:postcode":"94305","addr:state":"CA","addr:street":"Lomita Mall","building":"school","ele":"32","gnis:feature_id":"1669692","name":"Durand Building","operator":"Stanford University","paloalto_ca:id":"29232","source":"USGS Geonames","_wikiTried":true},"geometry":{"type":"Polygon","coordinates":[[[-122.1734552,37.4269785],[-122.1733424,37.4273218],[-122.1729781,37.4272463],[-122.1730666,37.4269772],[-122.1730758,37.4269489],[-122.1730947,37.4268916],[-122.1731371,37.4269003],[-122.1731548,37.4268464],[-122.1731139,37.4268379],[-122.1731295,37.4267904],[-122.1731996,37.4265767],[-122.1732579,37.4263992],[-122.173623,37.4264749],[-122.1734797,37.4269112],[-122.1734324,37.4269014],[-122.1734101,37.4269692],[-122.1734552,37.4269785]]]}},{"type":"Feature","id":232841883,"properties":{"osmId":232841883,"category":"academic","addr:city":"Stanford","addr:housenumber":"615","addr:street":"Crothers Way","building":"yes","name":"Encina Commons","paloalto_ca:id":"29652","source":"City of Palo Alto CA 0713","_wikiTried":true},"geometry":{"type":"Polygon","coordinates":[[[-122.1652476,37.4271689],[-122.1651526,37.4271514],[-122.1652096,37.4269952],[-122.1649176,37.4269356],[-122.1648746,37.4270483],[-122.1647306,37.4270177],[-122.1647676,37.4269034],[-122.1644506,37.4268325],[-122.1643996,37.4269952],[-122.1643276,37.4269799],[-122.1644856,37.4265129],[-122.1654016,37.4267069],[-122.1653876,37.4267467],[-122.1652476,37.4271689]]]}},{"type":"Feature","id":232841884,"properties":{"osmId":232841884,"category":"academic","addr:city":"Stanford","addr:housenumber":"275","addr:state":"CA","addr:street":"Panama Street","building":"yes","ele":"34","gnis:feature_id":"1669707","name":"Forsythe Data Center","paloalto_ca:id":"29229","source":"USGS Geonames","_wikiTried":true},"geometry":{"type":"Polygon","coordinates":[[[-122.1772296,37.4287064],[-122.1771569,37.428691],[-122.1771664,37.4286626],[-122.1770978,37.4286481],[-122.1771623,37.4284554],[-122.1774638,37.428519],[-122.1774737,37.4284895],[-122.1774387,37.4284821],[-122.1774789,37.4283621],[-122.1776772,37.4284039],[-122.1776826,37.4283877],[-122.1777573,37.4284035],[-122.1777124,37.4285374],[-122.1776708,37.4285286],[-122.1776597,37.4285618],[-122.1778949,37.4286115],[-122.1778633,37.4287059],[-122.1778911,37.4287118],[-122.177859,37.4288079],[-122.1774998,37.4287321],[-122.1774901,37.4287612],[-122.1774211,37.4287466],[-122.1774308,37.4287175],[-122.1772394,37.4286771],[-122.1772296,37.4287064]]]}},{"type":"Feature","id":232841885,"properties":{"osmId":232841885,"category":"academic","addr:city":"Stanford","addr:housenumber":"353","addr:state":"CA","addr:street":"Jane Stanford Way","building":"university","building:levels":"5","ele":"21","gnis:feature_id":"1669711","name":"Gates Computer Science","paloalto_ca:id":"29426","source":"USGS Geonames","wikidata":"Q5527099","_wikiTried":true},"geometry":{"type":"Polygon","coordinates":[[[-122.1734514,37.4301733],[-122.1733562,37.430465],[-122.173292,37.4304518],[-122.1730498,37.430402],[-122.1731475,37.4301024],[-122.1731178,37.4300963],[-122.1731215,37.430085],[-122.1730895,37.430044],[-122.1730785,37.430004],[-122.1730915,37.429943],[-122.1731375,37.429894],[-122.1731875,37.429871],[-122.1731931,37.4298539],[-122.1733936,37.4298952],[-122.1739733,37.4300146],[-122.1738919,37.4302639],[-122.1734514,37.4301733]]]}},{"type":"Feature","id":232841887,"properties":{"osmId":232841887,"category":"academic","addr:city":"Stanford","addr:housenumber":"371","addr:state":"CA","addr:street":"Jane Stanford Way","building":"university","ele":"22","gnis:feature_id":"1669712","name":"Gilbert Hall","paloalto_ca:id":"29429","source":"USGS Geonames","_wikiTried":true},"geometry":{"type":"Polygon","coordinates":[[[-122.1725753,37.4303593],[-122.1723144,37.4303035],[-122.1722261,37.4302845],[-122.1722706,37.4301536],[-122.1724183,37.4297186],[-122.1727675,37.4297933],[-122.1726212,37.430224],[-122.1725753,37.4303593]]]}},{"type":"Feature","id":232841888,"properties":{"osmId":232841888,"category":"academic","addr:city":"Stanford","addr:housenumber":"257","addr:postcode":"94305","addr:street":"Campus Drive","building":"school","building:levels":"2","name":"Hagey Laboratory for Pediatric Regenerative Medicine","paloalto_ca:id":"29171","roof:levels":"0","source":"Personal Visit","_wikiTried":true},"geometry":{"type":"Polygon","coordinates":[[[-122.1786375,37.4319851],[-122.1785562,37.4322077],[-122.1784926,37.432193],[-122.1784871,37.432208],[-122.1784498,37.4321994],[-122.178455,37.4321851],[-122.1783946,37.4321712],[-122.1783889,37.4321867],[-122.1783293,37.432173],[-122.178334,37.4321601],[-122.1782822,37.4321481],[-122.1782975,37.4321062],[-122.1782817,37.4321025],[-122.1782929,37.432072],[-122.1783077,37.4320755],[-122.1783348,37.4320016],[-122.1783184,37.4319978],[-122.1783297,37.4319669],[-122.1783451,37.4319705],[-122.1783604,37.4319287],[-122.1784263,37.4319439],[-122.1784311,37.4319307],[-122.1784674,37.4319391],[-122.1784625,37.4319526],[-122.1785237,37.4319667],[-122.1785307,37.4319476],[-122.1785782,37.4319586],[-122.1785738,37.4319705],[-122.1786375,37.4319851]]]}},{"type":"Feature","id":232841892,"properties":{"osmId":232841892,"category":"academic","addr:city":"Stanford","addr:housenumber":"370","addr:street":"Jane Stanford Way","building":"university","name":"Hewlett Teaching Center","paloalto_ca:id":"29243","source":"City of Palo Alto CA 0713","wikidata":"Q7669772","_wikiTried":true},"geometry":{"type":"Polygon","coordinates":[[[-122.1727277,37.4291953],[-122.1727327,37.4291803],[-122.1727027,37.4291733],[-122.1727137,37.4291423],[-122.1727467,37.4291493],[-122.1727757,37.4290543],[-122.1725687,37.4290123],[-122.1726127,37.4288733],[-122.1726847,37.4288863],[-122.1727077,37.4288133],[-122.1730547,37.4288833],[-122.1730367,37.4289433],[-122.1731427,37.4289623],[-122.1731517,37.4289333],[-122.1731917,37.4289433],[-122.1731837,37.4289673],[-122.1732027,37.4289713],[-122.1731957,37.4290133],[-122.1731507,37.4290903],[-122.1730777,37.4291533],[-122.1729867,37.4291973],[-122.1728827,37.4292163],[-122.1727747,37.4292093],[-122.1727277,37.4291953]]]}},{"type":"Feature","id":232841893,"properties":{"osmId":232841893,"category":"academic","addr:city":"Stanford","addr:housenumber":"255","addr:street":"Panama Street","building":"yes","name":"Polya Hall","paloalto_ca:id":"29215","source":"City of Palo Alto CA 0713","_wikiTried":true},"geometry":{"type":"Polygon","coordinates":[[[-122.177913,37.429053],[-122.177879,37.429154],[-122.177843,37.429146],[-122.177839,37.429157],[-122.177788,37.429146],[-122.17779,37.42914],[-122.177792,37.429136],[-122.177757,37.429128],[-122.177743,37.429172],[-122.177659,37.429154],[-122.177662,37.429143],[-122.177646,37.429139],[-122.177642,37.429151],[-122.17759,37.42914],[-122.177594,37.42913],[-122.177437,37.429098],[-122.177435,37.429107],[-122.177315,37.429081],[-122.177319,37.429071],[-122.177304,37.429068],[-122.177342,37.428951],[-122.177156,37.42891],[-122.177167,37.428877],[-122.177148,37.428873],[-122.177172,37.428799],[-122.177191,37.428804],[-122.177196,37.428788],[-122.177334,37.428817],[-122.17733,37.428833],[-122.177346,37.428836],[-122.177322,37.428908],[-122.177357,37.428915],[-122.177398,37.428793],[-122.177546,37.428824],[-122.177476,37.429037],[-122.177601,37.429063],[-122.17767,37.428856],[-122.177686,37.428859],[-122.17769,37.42885],[-122.17774,37.42886],[-122.177737,37.428868],[-122.177756,37.428872],[-122.177759,37.428863],[-122.177807,37.428874],[-122.177804,37.428884],[-122.177819,37.428887],[-122.177753,37.429088],[-122.177769,37.429092],[-122.177791,37.429025],[-122.177825,37.429032],[-122.177828,37.429023],[-122.177882,37.429035],[-122.177878,37.429046],[-122.177913,37.429053]]]}},{"type":"Feature","id":232841895,"properties":{"osmId":232841895,"category":"academic","access":"private","addr:city":"Stanford","addr:housenumber":"285","addr:state":"CA","addr:street":"Panama Street","amenity":"parking","building":"parking","building:levels":"5","loc_name":"Parking Structure 2","maxheight":"8'0\"","maxspeed":"10 mph","name":"Via Ortega Garage","paloalto_ca:id":"29216","parking":"multi-storey","roof:levels":"0","source":"City of Palo Alto CA 0713","_wikiTried":true},"geometry":{"type":"Polygon","coordinates":[[[-122.177055,37.428362],[-122.177045,37.428383],[-122.176371,37.428241],[-122.176352,37.428231],[-122.176344,37.428218],[-122.1764229,37.4279664],[-122.176486,37.427765],[-122.176504,37.427771],[-122.176523,37.427767],[-122.176537,37.427753],[-122.176537,37.427739],[-122.177129,37.427864],[-122.177146,37.427892],[-122.177141,37.42792],[-122.177248,37.427943],[-122.177262,37.427954],[-122.177269,37.42798],[-122.177259,37.428006],[-122.177306,37.428018],[-122.177317,37.428027],[-122.1772672,37.428185],[-122.177232,37.428297],[-122.177215,37.428304],[-122.17717,37.428293],[-122.177154,37.428323],[-122.177129,37.428324],[-122.177112,37.428372],[-122.177055,37.428362]]]}},{"type":"Feature","id":232841897,"properties":{"osmId":232841897,"category":"academic","addr:city":"Stanford","addr:housenumber":"337","addr:street":"Campus Drive","building":"university","name":"Lorry Lokey Labs","paloalto_ca:id":"29412","source":"City of Palo Alto CA 0713","_wikiTried":true},"geometry":{"type":"Polygon","coordinates":[[[-122.173219,37.4320705],[-122.1731718,37.4322092],[-122.1727496,37.4321187],[-122.1727553,37.4321018],[-122.1726685,37.4320832],[-122.1726628,37.4321001],[-122.1723436,37.4320317],[-122.172392,37.4318892],[-122.1724146,37.431894],[-122.1724232,37.4318688],[-122.1724331,37.4318395],[-122.1724085,37.4318342],[-122.1724442,37.4317291],[-122.1727635,37.4317974],[-122.172758,37.4318136],[-122.1728486,37.431833],[-122.1728528,37.4318206],[-122.1732699,37.4319099],[-122.1732368,37.4320075],[-122.1732133,37.4320024],[-122.1732035,37.4320326],[-122.1731921,37.4320647],[-122.173219,37.4320705]]]}},{"type":"Feature","id":232841898,"properties":{"osmId":232841898,"category":"academic","addr:city":"Stanford","addr:housenumber":"345","addr:street":"Campus Drive","amenity":"parking","building":"parking","name":"Roth Way Garage","paloalto_ca:id":"29687","parking":"multi-storey","source":"City of Palo Alto CA 0713","_wikiTried":true},"geometry":{"type":"Polygon","coordinates":[[[-122.172564,37.433463],[-122.1720051,37.4333398],[-122.171897,37.433316],[-122.172243,37.432281],[-122.1723668,37.4323072],[-122.172919,37.432424],[-122.172934,37.432449],[-122.172894,37.432556],[-122.172957,37.432576],[-122.172958,37.432577],[-122.172962,37.43258],[-122.172965,37.432583],[-122.172968,37.432586],[-122.172971,37.43259],[-122.172974,37.432593],[-122.172977,37.432597],[-122.172979,37.432601],[-122.172981,37.432605],[-122.172983,37.432609],[-122.172841,37.433026],[-122.17284,37.433027],[-122.172839,37.433027],[-122.172839,37.433028],[-122.172838,37.433029],[-122.172837,37.433029],[-122.172836,37.43303],[-122.172835,37.433031],[-122.172834,37.433031],[-122.172833,37.433031],[-122.172832,37.433032],[-122.172831,37.433032],[-122.17283,37.433033],[-122.172829,37.433033],[-122.172828,37.433033],[-122.172826,37.433033],[-122.172825,37.433034],[-122.172824,37.433034],[-122.172823,37.433034],[-122.172822,37.433034],[-122.172784,37.433026],[-122.1727795,37.4330394],[-122.172777,37.433047],[-122.172823,37.433057],[-122.172828,37.433068],[-122.172807,37.433131],[-122.172792,37.433136],[-122.172753,37.43313],[-122.172746,37.433149],[-122.172747,37.433149],[-122.172749,37.43315],[-122.172751,37.433151],[-122.172753,37.433152],[-122.172755,37.433154],[-122.172757,37.433155],[-122.172759,37.433156],[-122.17276,37.433158],[-122.172762,37.433159],[-122.172763,37.433161],[-122.172765,37.433162],[-122.172708,37.433326],[-122.172707,37.433327],[-122.172706,37.433328],[-122.172705,37.43333],[-122.172704,37.433331],[-122.172703,37.433332],[-122.172701,37.433333],[-122.1727,37.433334],[-122.172699,37.433335],[-122.172697,37.433336],[-122.172696,37.433337],[-122.172694,37.433338],[-122.172692,37.433339],[-122.172691,37.433339],[-122.172689,37.43334],[-122.172687,37.43334],[-122.172686,37.433341],[-122.172684,37.433341],[-122.172682,37.433342],[-122.17268,37.433342],[-122.172678,37.433342],[-122.172676,37.433342],[-122.172674,37.433342],[-122.172673,37.433342],[-122.172671,37.433342],[-122.172669,37.433342],[-122.172667,37.433341],[-122.172665,37.433341],[-122.172663,37.433341],[-122.172663,37.43334],[-122.172662,37.43334],[-122.172661,37.433339],[-122.17266,37.433339],[-122.172659,37.433339],[-122.172659,37.433338],[-122.172658,37.433338],[-122.172657,37.433338],[-122.172656,37.433338],[-122.172655,37.433338],[-122.172654,37.433338],[-122.172653,37.433338],[-122.172652,37.433338],[-122.172651,37.433338],[-122.17265,37.433338],[-122.172649,37.433338],[-122.172648,37.433338],[-122.172647,37.433338],[-122.172647,37.433339],[-122.172646,37.433339],[-122.172645,37.433339],[-122.172644,37.433339],[-122.172643,37.43334],[-122.172642,37.433341],[-122.172641,37.433341],[-122.172641,37.433342],[-122.17264,37.433342],[-122.17264,37.433343],[-122.172639,37.433343],[-122.172639,37.433344],[-122.172638,37.433344],[-122.172638,37.433345],[-122.172637,37.433346],[-122.172602,37.433444],[-122.172564,37.433463]]]}},{"type":"Feature","id":232841900,"properties":{"osmId":232841900,"category":"academic","addr:city":"Stanford","addr:housenumber":"369","addr:street":"North-South Axis","building":"university","name":"Stauffer I","paloalto_ca:id":"29417","source":"City of Palo Alto CA 0713","_wikiTried":true},"geometry":{"type":"Polygon","coordinates":[[[-122.172366,37.43133],[-122.171895,37.4312336],[-122.1719224,37.4311492],[-122.1719494,37.431066],[-122.1724204,37.4311624],[-122.172394,37.4312371],[-122.172366,37.43133]]]}},{"type":"Feature","id":232841901,"properties":{"osmId":232841901,"category":"academic","addr:city":"Stanford","addr:housenumber":"375","addr:street":"North-South Axis","building":"university","name":"Stauffer II","paloalto_ca:id":"29419","source":"City of Palo Alto CA 0713","_wikiTried":true},"geometry":{"type":"Polygon","coordinates":[[[-122.1724773,37.430999],[-122.1720119,37.4308986],[-122.1720434,37.4308066],[-122.1720683,37.4307341],[-122.1725336,37.4308346],[-122.1725056,37.4309162],[-122.1724773,37.430999]]]}},{"type":"Feature","id":232841903,"properties":{"osmId":232841903,"category":"academic","addr:city":"Stanford","addr:housenumber":"380","addr:street":"Roth Way","building":"university","name":"Keck Science","paloalto_ca:id":"29414","source":"City of Palo Alto CA 0713","_wikiTried":true},"geometry":{"type":"Polygon","coordinates":[[[-122.1722233,37.4317472],[-122.1721863,37.4318612],[-122.1720753,37.4318372],[-122.1720523,37.4319022],[-122.1717073,37.4318282],[-122.1717153,37.4318072],[-122.1716853,37.4318009],[-122.1716533,37.4317942],[-122.1716443,37.4318152],[-122.1713053,37.4317412],[-122.1713253,37.4316782],[-122.1712133,37.4316552],[-122.1712503,37.4315422],[-122.1713643,37.4315642],[-122.1713863,37.4315022],[-122.1717273,37.4315742],[-122.1717203,37.4315952],[-122.1717485,37.4316015],[-122.1717833,37.4316092],[-122.1717903,37.4315872],[-122.1721333,37.4316612],[-122.1721133,37.4317252],[-122.1721273,37.4317279],[-122.1722233,37.4317472]]]}},{"type":"Feature","id":232841904,"properties":{"osmId":232841904,"category":"academic","addr:city":"Palo Alto","addr:housenumber":"395","addr:street":"Quarry Road","amenity":"bank","brand":"Bank of America","brand:wikidata":"Q487907","building":"yes","name":"Bank of America","paloalto_ca:id":"27072","source":"City of Palo Alto CA 0713","_wikiTried":true},"geometry":{"type":"Polygon","coordinates":[[[-122.170704,37.439658],[-122.170694,37.439661],[-122.170428,37.439737],[-122.170406,37.439667],[-122.170363,37.439653],[-122.170434,37.439525],[-122.170519,37.439556],[-122.170593,37.439558],[-122.17064,37.439573],[-122.170671,37.439592],[-122.170704,37.439658]]]}},{"type":"Feature","id":232841905,"properties":{"osmId":232841905,"category":"academic","addr:city":"Palo Alto","addr:housenumber":"401","addr:street":"Quarry Road","building":"yes","paloalto_ca:id":"29697","source":"City of Palo Alto CA 0713"},"geometry":{"type":"Polygon","coordinates":[[[-122.170803,37.438707],[-122.17069,37.438938],[-122.170501,37.438877],[-122.170521,37.438839],[-122.17026,37.438757],[-122.170296,37.438682],[-122.170344,37.438697],[-122.1704,37.43858],[-122.170354,37.438561],[-122.170392,37.438492],[-122.170439,37.438508],[-122.170498,37.438388],[-122.170448,37.438373],[-122.170483,37.4383],[-122.17073,37.43838],[-122.170641,37.438576],[-122.170855,37.43864],[-122.17095,37.438448],[-122.171201,37.438527],[-122.171164,37.438599],[-122.171112,37.438584],[-122.171053,37.438705],[-122.171105,37.438723],[-122.171065,37.438791],[-122.170803,37.438707]]]}},{"type":"Feature","id":232841906,"properties":{"osmId":232841906,"category":"academic","addr:city":"Stanford","addr:housenumber":"417","addr:street":"Galvez Mall","building":"yes","paloalto_ca:id":"29650","source":"City of Palo Alto CA 0713"},"geometry":{"type":"Polygon","coordinates":[[[-122.1651846,37.4275925],[-122.1649836,37.4275505],[-122.1649946,37.4275165],[-122.1650566,37.4273325],[-122.1651196,37.4271435],[-122.1651526,37.4271514],[-122.1652476,37.4271689],[-122.1653206,37.4271855],[-122.1651846,37.4275925]]]}},{"type":"Feature","id":232841907,"properties":{"osmId":232841907,"category":"academic","addr:city":"Stanford","addr:housenumber":"451","addr:street":"Panama Mall","building":"university","building:levels":"1","gid":"29608","name":"Mechanical Engineering, TSG","paloalto_ca:id":"29647","ref":"520","roof:levels":"1","source":"City of Palo Alto CA 0713","_wikiTried":true},"geometry":{"type":"Polygon","coordinates":[[[-122.170655,37.42599],[-122.170315,37.425917],[-122.170015,37.425854],[-122.170058,37.425723],[-122.170699,37.425859],[-122.170655,37.42599]]]}},{"type":"Feature","id":232841908,"properties":{"osmId":232841908,"category":"academic","addr:city":"Stanford","addr:housenumber":"452","addr:street":"Escondido Mall","building":"university","building:levels":"1","name":"Mechanical Engineering, TSG","paloalto_ca:id":"29646","ref":"520","roof:levels":"1","source":"City of Palo Alto CA 0713","_wikiTried":true},"geometry":{"type":"Polygon","coordinates":[[[-122.17058,37.426213],[-122.17024,37.426141],[-122.170315,37.425917],[-122.170655,37.42599],[-122.17058,37.426213]]]}},{"type":"Feature","id":232841909,"properties":{"osmId":232841909,"category":"academic","addr:city":"Stanford","addr:housenumber":"452","addr:street":"Lomita Mall","building":"university","name":"Physics and Astrophysics","paloalto_ca:id":"29246","source":"City of Palo Alto CA 0713","_wikiTried":true},"geometry":{"type":"Polygon","coordinates":[[[-122.172977,37.4284202],[-122.1729028,37.4284031],[-122.1726968,37.42836],[-122.172287,37.4282732],[-122.1723255,37.4281587],[-122.172368,37.4280322],[-122.1728186,37.4281275],[-122.173058,37.4281782],[-122.172977,37.4284202]]]}},{"type":"Feature","id":232841910,"properties":{"osmId":232841910,"category":"academic","addr:city":"Stanford","addr:housenumber":"466","addr:street":"Lomita Mall","building":"university","name":"Moore Material Research","paloalto_ca:id":"29247","source":"City of Palo Alto CA 0713","_wikiTried":true},"geometry":{"type":"Polygon","coordinates":[[[-122.1731219,37.4280124],[-122.1728767,37.4279602],[-122.1724557,37.4278705],[-122.1725369,37.4276304],[-122.1730383,37.4277374],[-122.173203,37.4277725],[-122.1731219,37.4280124]]]}},{"type":"Feature","id":232841911,"properties":{"osmId":232841911,"category":"academic","addr:city":"Stanford","addr:housenumber":"466","addr:state":"CA","addr:street":"Via Ortega Street","building":"yes","building:levels":"1","ele":"32","gnis:feature_id":"1669688","name":"Cypress Hall","paloalto_ca:id":"29218","source":"City of Palo Alto CA 0713;USGS Geonames","_wikiTried":true},"geometry":{"type":"Polygon","coordinates":[[[-122.176416,37.428853],[-122.176418,37.428843],[-122.176406,37.42884],[-122.176408,37.428835],[-122.176398,37.428833],[-122.176408,37.428799],[-122.176423,37.428802],[-122.176431,37.428781],[-122.176422,37.428779],[-122.176433,37.428751],[-122.176454,37.428755],[-122.176458,37.428743],[-122.176711,37.428797],[-122.176729,37.428743],[-122.176463,37.428683],[-122.176466,37.428671],[-122.176454,37.428669],[-122.176465,37.428636],[-122.176475,37.428638],[-122.17648,37.428621],[-122.176467,37.428618],[-122.176478,37.428589],[-122.176489,37.428591],[-122.176496,37.428569],[-122.176765,37.428627],[-122.176781,37.428578],[-122.176517,37.42852],[-122.176521,37.428506],[-122.176508,37.428504],[-122.176518,37.428471],[-122.176532,37.428473],[-122.176538,37.428456],[-122.176524,37.428453],[-122.176536,37.428419],[-122.176549,37.428421],[-122.176553,37.428408],[-122.176872,37.42848],[-122.176868,37.42849],[-122.176882,37.428493],[-122.176852,37.428577],[-122.176843,37.428575],[-122.176815,37.428652],[-122.176829,37.428655],[-122.176816,37.428693],[-122.176805,37.42869],[-122.176797,37.428706],[-122.176811,37.42871],[-122.176801,37.42874],[-122.176789,37.428737],[-122.176758,37.428819],[-122.176773,37.428823],[-122.176761,37.428856],[-122.17675,37.428853],[-122.176742,37.42887],[-122.176757,37.428874],[-122.176744,37.428906],[-122.176732,37.428903],[-122.176727,37.428919],[-122.176416,37.428853]]]}},{"type":"Feature","id":232841912,"properties":{"osmId":232841912,"category":"academic","addr:city":"Stanford","addr:housenumber":"468","addr:street":"Via Ortega Street","building":"yes","name":"Spruce Hall","paloalto_ca:id":"29217","source":"City of Palo Alto CA 0713","_wikiTried":true},"geometry":{"type":"Polygon","coordinates":[[[-122.1771,37.428458],[-122.176968,37.428858],[-122.176949,37.428854],[-122.176943,37.428871],[-122.176841,37.428849],[-122.176844,37.428839],[-122.176828,37.428836],[-122.176965,37.428428],[-122.176978,37.428431],[-122.176981,37.428424],[-122.177027,37.428434],[-122.177023,37.428444],[-122.177039,37.428447],[-122.177043,37.428437],[-122.177088,37.428446],[-122.177085,37.428455],[-122.1771,37.428458]]]}},{"type":"Feature","id":232841913,"properties":{"osmId":232841913,"category":"academic","addr:city":"Stanford","addr:housenumber":"481","addr:street":"Panama Mall","building":"yes","gid":"29610","name":"Center for Turbulence Research","office":"research","paloalto_ca:id":"29256","source":"City of Palo Alto CA 0713","website":"https://ctr.stanford.edu/","_wikiTried":true},"geometry":{"type":"Polygon","coordinates":[[[-122.1698282,37.4257371],[-122.1696763,37.425705],[-122.1697021,37.4256279],[-122.1698541,37.42566],[-122.1698282,37.4257371]]]}},{"type":"Feature","id":232841914,"properties":{"osmId":232841914,"category":"academic","addr:city":"Stanford","addr:housenumber":"488","addr:street":"Escondido Mall","building":"yes","paloalto_ca:id":"29255","source":"City of Palo Alto CA 0713"},"geometry":{"type":"Polygon","coordinates":[[[-122.1699365,37.4258937],[-122.1699327,37.4259041],[-122.1698805,37.4260613],[-122.1698788,37.4260663],[-122.1691745,37.4259178],[-122.169232,37.4257457],[-122.1693652,37.4257738],[-122.1694082,37.4256452],[-122.1696598,37.4256982],[-122.169617,37.4258264],[-122.1699365,37.4258937]]]}},{"type":"Feature","id":232841915,"properties":{"osmId":232841915,"category":"academic","addr:city":"Stanford","addr:housenumber":"616","addr:street":"Jane Stanford Way","building":"yes","paloalto_ca:id":"29651","source":"City of Palo Alto CA 0713"},"geometry":{"type":"Polygon","coordinates":[[[-122.1650566,37.4273325],[-122.1649946,37.4275165],[-122.1646604,37.4274451],[-122.1643306,37.4273745],[-122.1643916,37.4271915],[-122.1646136,37.4272395],[-122.1646246,37.4272045],[-122.1645756,37.4271925],[-122.1646026,37.4271029],[-122.1646486,37.4271107],[-122.1646666,37.4270557],[-122.1649016,37.4270985],[-122.1648846,37.4271575],[-122.1649386,37.4271685],[-122.1649066,37.4272675],[-122.1648516,37.4272535],[-122.1648406,37.4272885],[-122.1650566,37.4273325]]]}},{"type":"Feature","id":232841916,"properties":{"osmId":232841916,"category":"academic","building":"yes","name":"Juniper","paloalto_ca:id":"29188","source":"City of Palo Alto CA 0713","_wikiTried":true},"geometry":{"type":"Polygon","coordinates":[[[-122.177636,37.430426],[-122.177418,37.430379],[-122.177451,37.430283],[-122.177668,37.43033],[-122.177636,37.430426]]]}},{"type":"Feature","id":232841917,"properties":{"osmId":232841917,"category":"academic","building":"yes","name":"Laurel","paloalto_ca:id":"29189","source":"City of Palo Alto CA 0713","_wikiTried":true},"geometry":{"type":"Polygon","coordinates":[[[-122.177343,37.430551],[-122.177086,37.430496],[-122.177127,37.430376],[-122.177384,37.430431],[-122.177343,37.430551]]]}},{"type":"Feature","id":232841918,"properties":{"osmId":232841918,"category":"academic","addr:city":"Stanford","addr:housenumber":"476","addr:street":"Lomita Mall","building":"university","name":"McCullough","paloalto_ca:id":"29248","source":"City of Palo Alto CA 0713","_wikiTried":true},"geometry":{"type":"Polygon","coordinates":[[[-122.1732605,37.4276832],[-122.1730621,37.4276415],[-122.1725623,37.4275363],[-122.1725727,37.4275051],[-122.1725326,37.4274967],[-122.1725604,37.4274134],[-122.1725922,37.427318],[-122.1726352,37.4273271],[-122.1726451,37.4272973],[-122.1730789,37.4273887],[-122.1733405,37.4274437],[-122.1732605,37.4276832]]]}},{"type":"Feature","id":232841919,"properties":{"osmId":232841919,"category":"academic","addr:city":"Stanford","addr:housenumber":"440","addr:postcode":"94305","addr:state":"CA","addr:street":"Escondido Mall","building":"university","building:levels":"1","name":"Mechanical Engineering Administration","office":"university","paloalto_ca:id":"29242","ref":"530","roof:levels":"1","source":"City of Palo Alto CA 0713","website":"https://me.stanford.edu/","_wikiTried":true},"geometry":{"type":"Polygon","coordinates":[[[-122.171438,37.426243],[-122.171389,37.426387],[-122.17075,37.426251],[-122.170798,37.426107],[-122.171438,37.426243]]]}},{"type":"Feature","id":232841921,"properties":{"osmId":232841921,"category":"academic","addr:city":"Stanford","addr:housenumber":"397","addr:state":"CA","addr:street":"Panama Mall","building":"yes","ele":"32","gnis:feature_id":"1669748","name":"Mitchell Earth Science Building","paloalto_ca:id":"29249","source":"City of Palo Alto CA 0713","_wikiTried":true},"geometry":{"type":"Polygon","coordinates":[[[-122.172944,37.4266402],[-122.1722984,37.4264966],[-122.1724007,37.4262068],[-122.1730463,37.4263505],[-122.172944,37.4266402]]]}},{"type":"Feature","id":232841922,"properties":{"osmId":232841922,"category":"academic","addr:city":"Stanford","addr:housenumber":"333","addr:state":"CA","addr:street":"Campus Drive","building":"university","ele":"24","gnis:feature_id":"1669749","name":"Mudd Hall","paloalto_ca:id":"29413","source":"USGS Geonames","_wikiTried":true},"geometry":{"type":"Polygon","coordinates":[[[-122.1733474,37.4315306],[-122.1732794,37.4317618],[-122.1731971,37.4317493],[-122.1731851,37.431781],[-122.1725871,37.4316549],[-122.1725948,37.4316219],[-122.1725155,37.4316043],[-122.1725827,37.4313648],[-122.1726599,37.4313814],[-122.1726716,37.431347],[-122.1730183,37.4314214],[-122.1732778,37.4314769],[-122.1732656,37.4315131],[-122.1733474,37.4315306]]]}},{"type":"Feature","id":232841923,"properties":{"osmId":232841923,"category":"academic","building":"yes","name":"Oak","paloalto_ca:id":"29186","source":"City of Palo Alto CA 0713","_wikiTried":true},"geometry":{"type":"Polygon","coordinates":[[[-122.177754,37.430599],[-122.177601,37.430566],[-122.177671,37.430361],[-122.177824,37.430394],[-122.177754,37.430599]]]}},{"type":"Feature","id":232841924,"properties":{"osmId":232841924,"category":"academic","addr:city":"Stanford","addr:housenumber":"416","addr:postcode":"94305","addr:state":"CA","addr:street":"Panama Mall","building":"university","name":"Peterson Laboratory","paloalto_ca:id":"29237","ref":"550","source":"City of Palo Alto CA 0713","_wikiTried":true},"geometry":{"type":"Polygon","coordinates":[[[-122.171518,37.426415],[-122.171569,37.426271],[-122.171996,37.426362],[-122.17202,37.426284],[-122.171595,37.426194],[-122.17164,37.426051],[-122.172252,37.426179],[-122.172129,37.426547],[-122.171519,37.426416],[-122.171518,37.426415]]]}},{"type":"Feature","id":232841926,"properties":{"osmId":232841926,"category":"academic","addr:city":"Stanford","addr:housenumber":"241","addr:state":"CA","addr:street":"Panama Street","building":"yes","ele":"33","gnis:feature_id":"1669764","name":"Pine Hall","paloalto_ca:id":"29214","source":"USGS Geonames","_wikiTried":true},"geometry":{"type":"Polygon","coordinates":[[[-122.177882,37.429669],[-122.177862,37.429719],[-122.177577,37.429658],[-122.177581,37.429645],[-122.177561,37.42964],[-122.177572,37.429611],[-122.177374,37.429569],[-122.177378,37.429558],[-122.177364,37.429556],[-122.177383,37.429499],[-122.177398,37.429502],[-122.177429,37.429414],[-122.177415,37.429411],[-122.177432,37.429356],[-122.177448,37.429359],[-122.177453,37.429348],[-122.177606,37.429381],[-122.17762,37.429339],[-122.177649,37.429345],[-122.177691,37.429227],[-122.177943,37.429281],[-122.177919,37.429337],[-122.177876,37.429468],[-122.177915,37.429477],[-122.177904,37.429502],[-122.177917,37.429505],[-122.177902,37.429547],[-122.177852,37.429537],[-122.177849,37.42955],[-122.177869,37.429554],[-122.177837,37.429647],[-122.177869,37.429656],[-122.17787,37.429656],[-122.177871,37.429657],[-122.177872,37.429657],[-122.177873,37.429658],[-122.177874,37.429658],[-122.177875,37.429659],[-122.177876,37.42966],[-122.177877,37.429661],[-122.177877,37.429662],[-122.177878,37.429662],[-122.177879,37.429663],[-122.177879,37.429664],[-122.17788,37.429665],[-122.177881,37.429666],[-122.177881,37.429667],[-122.177881,37.429668],[-122.177882,37.429669]]]}},{"type":"Feature","id":232841928,"properties":{"osmId":232841928,"category":"academic","building":"yes","name":"Poplar","paloalto_ca:id":"29191","source":"City of Palo Alto CA 0713","_wikiTried":true},"geometry":{"type":"Polygon","coordinates":[[[-122.177582,37.43059],[-122.177359,37.430542],[-122.177401,37.430417],[-122.177624,37.430465],[-122.177582,37.43059]]]}},{"type":"Feature","id":232841929,"properties":{"osmId":232841929,"category":"academic","addr:city":"Stanford","addr:housenumber":"243","addr:state":"CA","addr:street":"Panama Street","building":"yes","ele":"33","gnis:feature_id":"1669770","name":"Redwood Hall","paloalto_ca:id":"29213","source":"USGS Geonames","_wikiTried":true},"geometry":{"type":"Polygon","coordinates":[[[-122.177297,37.429376],[-122.176875,37.429287],[-122.176896,37.429225],[-122.176885,37.429223],[-122.176916,37.429131],[-122.176928,37.429133],[-122.176949,37.429071],[-122.177369,37.429161],[-122.177349,37.429224],[-122.177363,37.429228],[-122.177333,37.429318],[-122.177318,37.429315],[-122.177297,37.429376]]]}},{"type":"Feature","id":232841930,"properties":{"osmId":232841930,"category":"academic","addr:state":"CA","building":"university","ele":"21","gnis:feature_id":"1669779","name":"Sequoia Hall","operator":"Department of Statistics","paloalto_ca:id":"29244","source":"USGS Geonames","wikidata":"Q7452541","_wikiTried":true},"geometry":{"type":"Polygon","coordinates":[[[-122.1725369,37.4289739],[-122.1724839,37.4291339],[-122.1720152,37.4290358],[-122.1720131,37.4290138],[-122.1719939,37.428984],[-122.1719648,37.428965],[-122.17205,37.4287002],[-122.1722477,37.4287412],[-122.1721978,37.4289059],[-122.1725369,37.4289739]]]}},{"type":"Feature","id":232841931,"properties":{"osmId":232841931,"category":"academic","addr:state":"CA","building":"yes","ele":"26","gnis:feature_id":"1669745","name":"Skilling Building","paloalto_ca:id":"29233","source":"USGS Geonames","_wikiTried":true},"geometry":{"type":"Polygon","coordinates":[[[-122.172997,37.427061],[-122.172938,37.427237],[-122.172718,37.427192],[-122.172775,37.427013],[-122.1728648,37.4270324],[-122.1729072,37.4270416],[-122.172997,37.427061]]]}},{"type":"Feature","id":232841932,"properties":{"osmId":232841932,"category":"academic","addr:city":"Stanford","addr:housenumber":"382","addr:street":"Via Pueblo Mall","alt_name":"Varian Hall","building":"university","ele":"22","gnis:feature_id":"1669804","name":"Varian Physics Laboratory","official_name":"The Russel H. Varian Laboratory of Physics","paloalto_ca:id":"29245","source":"USGS Geonames","_wikiTried":true},"geometry":{"type":"Polygon","coordinates":[[[-122.172874,37.4287357],[-122.172594,37.4286771],[-122.1725684,37.4286717],[-122.1721744,37.4285893],[-122.1721857,37.4285551],[-122.1721413,37.4285458],[-122.1721704,37.4284581],[-122.1721995,37.4283704],[-122.1722449,37.4283799],[-122.1722551,37.4283491],[-122.172669,37.4284357],[-122.1726801,37.4284023],[-122.1726968,37.42836],[-122.1729028,37.4284031],[-122.1728741,37.4284815],[-122.1729529,37.428498],[-122.1729367,37.4285469],[-122.172874,37.4287357]]]}},{"type":"Feature","id":232841933,"properties":{"osmId":232841933,"category":"academic","addr:city":"Stanford","addr:housenumber":"350","addr:postcode":"94305","addr:state":"CA","addr:street":"Jane Stanford Way","alt_name":"David Packard Electrical Engineering","building":"university","building:levels":"3","name":"Packard","paloalto_ca:id":"29222","roof:levels":"0","source":"City of Palo Alto CA 0713","_wikiTried":true},"geometry":{"type":"Polygon","coordinates":[[[-122.1740273,37.4294699],[-122.1740063,37.4295289],[-122.1735815,37.4294368],[-122.1735033,37.4294199],[-122.1735446,37.429277],[-122.1735533,37.4292469],[-122.1734043,37.4291539],[-122.1735033,37.4289879],[-122.1742853,37.4291549],[-122.1742463,37.4292629],[-122.1742783,37.4292679],[-122.1742563,37.4293299],[-122.1742343,37.4293919],[-122.1742073,37.4293849],[-122.1741683,37.4295029],[-122.1740273,37.4294699]]]}},{"type":"Feature","id":232841935,"properties":{"osmId":232841935,"category":"academic","building":"yes","paloalto_ca:id":"29654","source":"City of Palo Alto CA 0713"},"geometry":{"type":"Polygon","coordinates":[[[-122.164892,37.4262796],[-122.1648777,37.4263225],[-122.1645537,37.4262539],[-122.1646236,37.4260456],[-122.1646318,37.4260213],[-122.1645986,37.4260143],[-122.1647228,37.4256443],[-122.1647543,37.4256509],[-122.1647614,37.4256297],[-122.1648324,37.4254181],[-122.165157,37.4254867],[-122.1651431,37.4255282],[-122.1651614,37.4255321],[-122.1651467,37.4255762],[-122.1651291,37.4255725],[-122.1651149,37.4256151],[-122.164935,37.4255773],[-122.1648969,37.4256914],[-122.1648767,37.4256872],[-122.1647589,37.4260403],[-122.1647736,37.4260434],[-122.1647343,37.426161],[-122.1649186,37.4261998],[-122.1649048,37.4262412],[-122.1649224,37.4262449],[-122.1649096,37.4262833],[-122.164892,37.4262796]]]}},{"type":"Feature","id":232841936,"properties":{"osmId":232841936,"category":"academic","building":"yes","paloalto_ca:id":"29700","source":"City of Palo Alto CA 0713"},"geometry":{"type":"Polygon","coordinates":[[[-122.173379,37.434358],[-122.173288,37.434338],[-122.173324,37.43423],[-122.173415,37.43425],[-122.173379,37.434358]]]}},{"type":"Feature","id":232841946,"properties":{"osmId":232841946,"category":"academic","building":"yes","paloalto_ca:id":"29648","source":"City of Palo Alto CA 0713"},"geometry":{"type":"Polygon","coordinates":[[[-122.1702155,37.4261397],[-122.1699378,37.4260815],[-122.1699404,37.4260738],[-122.1698805,37.4260613],[-122.1699327,37.4259041],[-122.1699966,37.4259175],[-122.1700052,37.4258916],[-122.170279,37.425949],[-122.1702155,37.4261397]]]}},{"type":"Feature","id":232841950,"properties":{"osmId":232841950,"category":"academic","building":"yes","name":"Mark Taper Student Center","paloalto_ca:id":"29653","source":"City of Palo Alto CA 0713","_wikiTried":true},"geometry":{"type":"Polygon","coordinates":[[[-122.1654662,37.425554],[-122.1654352,37.425654],[-122.1651862,37.425601],[-122.1652182,37.425502],[-122.1652462,37.425489],[-122.1653516,37.4255109],[-122.1654532,37.425532],[-122.1654662,37.425554]]]}},{"type":"Feature","id":232841951,"properties":{"osmId":232841951,"category":"academic","building":"yes","paloalto_ca:id":"29418","source":"City of Palo Alto CA 0713"},"geometry":{"type":"Polygon","coordinates":[[[-122.1723237,37.4310203],[-122.1723131,37.4310549],[-122.1723033,37.4310885],[-122.1722205,37.4311058],[-122.1721596,37.4310599],[-122.1721819,37.4309906],[-122.1722607,37.4309734],[-122.1723237,37.4310203]]]}},{"type":"Feature","id":232841954,"properties":{"osmId":232841954,"category":"academic","building":"yes","paloalto_ca:id":"29649","source":"City of Palo Alto CA 0713"},"geometry":{"type":"Polygon","coordinates":[[[-122.1643216,37.4274025],[-122.1641286,37.4273615],[-122.1642606,37.4269655],[-122.1643276,37.4269799],[-122.1643996,37.4269952],[-122.1644536,37.4270065],[-122.1643916,37.4271915],[-122.1643306,37.4273745],[-122.1643216,37.4274025]]]}},{"type":"Feature","id":255490604,"properties":{"osmId":255490604,"category":"athletic","addr:city":"Stanford","addr:housenumber":"285","addr:postcode":"94305","addr:state":"CA","addr:street":"Santa Teresa Street","building":"yes","leisure":"sports_centre","loc_name":"Farrillaga","name":"Arrillaga Outdoor Education and Recreation Center","name:etymology":"John Arrillaga","name:etymology:wikidata":"Q4263319","operator":"Stanford Recreation & Wellness","operator:wikidata":"Q110721262","short_name":"AOERC","sport":"basketball;volleyball;badminton","wheelchair":"yes","wikidata":"Q110721075","_wikiTried":true},"geometry":{"type":"Polygon","coordinates":[[[-122.1777529,37.4270816],[-122.1779299,37.4265366],[-122.1772389,37.426395],[-122.1770618,37.42694],[-122.1777529,37.4270816]]]}},{"type":"Feature","id":307364465,"properties":{"osmId":307364465,"category":"academic","addr:housenumber":"443","building":"university","building:levels":"3","name":"Shriram Center for Bioengineering & Chemical Engineering","roof:levels":"0","_wikiTried":true},"geometry":{"type":"Polygon","coordinates":[[[-122.1756586,37.4292888],[-122.1758286,37.4287813],[-122.1753557,37.4286814],[-122.1752748,37.428923],[-122.1746308,37.4287869],[-122.1745417,37.4290528],[-122.1756586,37.4292888]]]}},{"type":"Feature","id":324983017,"properties":{"osmId":324983017,"category":"academic","amenity":"parking","building":"parking","name":"Hoover Pavilion Garage","parking":"multi-storey","_wikiTried":true},"geometry":{"type":"Polygon","coordinates":[[[-122.1693859,37.4412184],[-122.1692846,37.441138],[-122.1690748,37.4409713],[-122.1689836,37.4410459],[-122.1685115,37.4406668],[-122.1689031,37.4403367],[-122.1696144,37.4408772],[-122.1697158,37.4409543],[-122.1693859,37.4412184]]]}},{"type":"Feature","id":333374283,"properties":{"osmId":333374283,"category":"dining","addr:city":"Stanford","addr:housenumber":"489","addr:postcode":"94305","addr:state":"CA","addr:street":"Arguello Way","amenity":"restaurant","building":"yes","name":"Arrillaga Family Dining Commons","website":"https://rde.stanford.edu/dining/arrillaga-family-dining-commons","_wikiTried":true},"geometry":{"type":"Polygon","coordinates":[[[-122.1643192,37.4256676],[-122.163817,37.4255604],[-122.1638972,37.4253236],[-122.1638507,37.4253137],[-122.1638987,37.4251717],[-122.1644013,37.425279],[-122.1643535,37.4254202],[-122.1643085,37.4254106],[-122.1642759,37.425507],[-122.164367,37.4255264],[-122.1643192,37.4256676]]]}},{"type":"Feature","id":338080122,"properties":{"osmId":338080122,"category":"academic","amenity":"toilets","building":"yes","female":"no","male":"yes","unisex":"no"},"geometry":{"type":"Polygon","coordinates":[[[-122.1696584,37.4267243],[-122.1695149,37.4266966],[-122.169541,37.426621],[-122.1696852,37.4266508],[-122.1696584,37.4267243]]]}},{"type":"Feature","id":341941035,"properties":{"osmId":341941035,"category":"academic","addr:city":"Stanford","addr:housenumber":"408","addr:postcode":"94305","addr:state":"CA","addr:street":"Panama Mall","building":"university","building:levels":"2","office":"university","operator":"Stanford University","operator:wikidata":"Q41506"},"geometry":{"type":"Polygon","coordinates":[[[-122.1727241,37.4260121],[-122.1727077,37.4260086],[-122.1726826,37.4260828],[-122.1726078,37.4260669],[-122.1726025,37.4260823],[-122.1724365,37.426047],[-122.1724519,37.4260016],[-122.1723717,37.4259845],[-122.1723591,37.4260217],[-122.1720778,37.4259618],[-122.1721201,37.4258365],[-122.1724826,37.4259136],[-122.1726115,37.4255318],[-122.1728679,37.4255864],[-122.1727241,37.4260121]]]}},{"type":"Feature","id":343020505,"properties":{"osmId":343020505,"category":"residential","building":"dormitory","building:levels":"3","name":"Arroyo","roof:shape":"gabled","_wikiTried":true},"geometry":{"type":"Polygon","coordinates":[[[-122.1628783,37.4241632],[-122.1628335,37.4242984],[-122.1627831,37.4242879],[-122.1627377,37.4244248],[-122.1623216,37.4243379],[-122.1623349,37.4242978],[-122.1623496,37.4242532],[-122.162362,37.4242158],[-122.1626874,37.4242838],[-122.1627371,37.4241337],[-122.1628783,37.4241632]]]}},{"type":"Feature","id":343020506,"properties":{"osmId":343020506,"category":"residential","building":"dormitory","building:levels":"3","name":"Cedro","_wikiTried":true},"geometry":{"type":"Polygon","coordinates":[[[-122.162235,37.4243258],[-122.1620647,37.4242877],[-122.1621803,37.4239618],[-122.1620576,37.4239343],[-122.1620758,37.4238828],[-122.1620933,37.4238867],[-122.1621175,37.4238185],[-122.162201,37.4238372],[-122.1621791,37.4238987],[-122.1622125,37.4239062],[-122.1622082,37.4239186],[-122.1623571,37.4239519],[-122.1623746,37.4239027],[-122.1625653,37.4239453],[-122.1625194,37.4240748],[-122.1623384,37.4240344],[-122.1622663,37.4242377],[-122.1622518,37.4242785],[-122.162235,37.4243258]]]}},{"type":"Feature","id":343020507,"properties":{"osmId":343020507,"category":"residential","building":"dormitory","building:levels":"3","name":"Junipero","_wikiTried":true},"geometry":{"type":"Polygon","coordinates":[[[-122.1623034,37.4236586],[-122.162469,37.4236942],[-122.1624533,37.4237403],[-122.1626245,37.4237771],[-122.1626657,37.4236563],[-122.1624649,37.4236131],[-122.1625366,37.4234028],[-122.1625513,37.4233596],[-122.1625365,37.4233564],[-122.1625502,37.4233161],[-122.1624051,37.4232849],[-122.1622939,37.423611],[-122.1621935,37.4235894],[-122.1621533,37.4237075],[-122.1622423,37.4237267],[-122.162263,37.4236659],[-122.1622983,37.4236735],[-122.1623034,37.4236586]]]}},{"type":"Feature","id":369801232,"properties":{"osmId":369801232,"category":"academic","building":"school","name":"Math and Social Studies Building","_wikiTried":true},"geometry":{"type":"Polygon","coordinates":[[[-122.1552142,37.4372522],[-122.155531,37.4370183],[-122.1555358,37.4368586],[-122.1552329,37.4365956],[-122.154837,37.4368934],[-122.1548309,37.4369573],[-122.1550977,37.4371873],[-122.1551415,37.4371866],[-122.1552142,37.4372522]]]}},{"type":"Feature","id":369801244,"properties":{"osmId":369801244,"category":"academic","building":"school","name":"Media Arts Center","_wikiTried":true},"geometry":{"type":"Polygon","coordinates":[[[-122.1565932,37.4376622],[-122.1569372,37.4374113],[-122.1570317,37.4374113],[-122.1570775,37.4374128],[-122.1570971,37.4373991],[-122.1570985,37.4373565],[-122.1572282,37.4374707],[-122.1572115,37.4374798],[-122.1571848,37.4375002],[-122.1571516,37.4375002],[-122.1571275,37.4375168],[-122.1572314,37.4376138],[-122.1570207,37.4377608],[-122.156958,37.4378066],[-122.1569341,37.4377845],[-122.1568086,37.4378588],[-122.1565932,37.4376622]]]}},{"type":"Feature","id":383998357,"properties":{"osmId":383998357,"category":"academic","building":"yes"},"geometry":{"type":"Polygon","coordinates":[[[-122.1810195,37.4347131],[-122.1809,37.4346077],[-122.1809307,37.4345858],[-122.1809439,37.4345872],[-122.1809951,37.4346323],[-122.1809905,37.4346356],[-122.181052,37.4346899],[-122.1810415,37.4346974],[-122.1810464,37.4347017],[-122.1810365,37.4347087],[-122.1810316,37.4347045],[-122.1810195,37.4347131]]]}},{"type":"Feature","id":383998358,"properties":{"osmId":383998358,"category":"academic","addr:city":"Stanford","addr:housenumber":"1230","addr:street":"Welch Road","building":"yes","name":"Comparative Medicine Pavilion","short_name":"CMP","_wikiTried":true},"geometry":{"type":"Polygon","coordinates":[[[-122.1803643,37.4334006],[-122.1799246,37.4333166],[-122.1799841,37.4331202],[-122.1801108,37.4331444],[-122.1801594,37.4329838],[-122.1800804,37.4329688],[-122.180139,37.4327755],[-122.1805305,37.4328503],[-122.1804704,37.4330486],[-122.1804185,37.4330386],[-122.1803707,37.4331964],[-122.1804231,37.4332064],[-122.1803643,37.4334006]]]}},{"type":"Feature","id":383998360,"properties":{"osmId":383998360,"category":"academic","building":"garage"},"geometry":{"type":"Polygon","coordinates":[[[-122.1797302,37.4358938],[-122.1797773,37.4358611],[-122.1798197,37.4358996],[-122.1797727,37.4359323],[-122.1797302,37.4358938]]]}},{"type":"Feature","id":383998363,"properties":{"osmId":383998363,"category":"academic","building":"garage"},"geometry":{"type":"Polygon","coordinates":[[[-122.1798277,37.4358917],[-122.1797871,37.4358573],[-122.1798823,37.4357863],[-122.1799229,37.4358207],[-122.1798277,37.4358917]]]}},{"type":"Feature","id":383998364,"properties":{"osmId":383998364,"category":"academic","building":"garage"},"geometry":{"type":"Polygon","coordinates":[[[-122.179104,37.4356473],[-122.1791726,37.4356938],[-122.1791338,37.43573],[-122.1790543,37.4356761],[-122.1790859,37.4356466],[-122.179104,37.4356473]]]}},{"type":"Feature","id":383998365,"properties":{"osmId":383998365,"category":"academic","addr:city":"Stanford","addr:housenumber":"321","addr:street":"Oak Road","alt_name":"Central Process Steam Plant","building":"yes","name":"Central Process Steam Building","_wikiTried":true},"geometry":{"type":"Polygon","coordinates":[[[-122.1810329,37.433108],[-122.1809278,37.4330876],[-122.180955,37.4329991],[-122.1808256,37.432974],[-122.1808458,37.4329084],[-122.1810803,37.432954],[-122.1810329,37.433108]]]}},{"type":"Feature","id":396320262,"properties":{"osmId":396320262,"category":"academic","building":"yes","height":"3.1"},"geometry":{"type":"Polygon","coordinates":[[[-122.1562636,37.4286551],[-122.1564887,37.4284966],[-122.1565144,37.4285195],[-122.1562892,37.4286781],[-122.1562636,37.4286551]]]}},{"type":"Feature","id":442933293,"properties":{"osmId":442933293,"category":"athletic","building":"grandstand"},"geometry":{"type":"Polygon","coordinates":[[[-122.1579456,37.4335268],[-122.1579633,37.4335139],[-122.1574962,37.433108],[-122.1574806,37.4331193],[-122.1574437,37.4331459],[-122.1579087,37.4335533],[-122.1579456,37.4335268]]]}},{"type":"Feature","id":469393555,"properties":{"osmId":469393555,"category":"academic","addr:city":"Stanford","addr:housenumber":"376","addr:street":"Lomita Drive","alt_name":"Science Teaching & Learning Center;Old Chemistry Building","building":"university","name":"Sapp Center for Science Teaching and Learning","short_name":"STLC","_wikiTried":true},"geometry":{"type":"Polygon","coordinates":[[[-122.17154,37.4310066],[-122.1714135,37.4309796],[-122.1713983,37.4310243],[-122.1712467,37.430992],[-122.1712631,37.4309435],[-122.1711774,37.4309252],[-122.1712193,37.4308015],[-122.1712638,37.430811],[-122.1712704,37.4307914],[-122.1712818,37.4307576],[-122.1713474,37.4305635],[-122.1713583,37.4305312],[-122.1713647,37.4305123],[-122.1713177,37.4305023],[-122.1713582,37.4303823],[-122.1714407,37.4303999],[-122.1714565,37.430353],[-122.1716102,37.4303857],[-122.171595,37.4304306],[-122.1717246,37.4304582],[-122.1716856,37.4305737],[-122.1717171,37.4305804],[-122.1717302,37.4305417],[-122.1717729,37.4305508],[-122.1719323,37.4305848],[-122.1717994,37.4309781],[-122.1716602,37.4309485],[-122.1716267,37.4309413],[-122.1715947,37.4309345],[-122.1716098,37.4308898],[-122.1715815,37.4308838],[-122.1715595,37.430949],[-122.17154,37.4310066]]]}},{"type":"Feature","id":482908287,"properties":{"osmId":482908287,"category":"academic","access":"yes","amenity":"toilets","building":"yes","fee":"no","unisex":"yes","wheelchair":"yes"},"geometry":{"type":"Polygon","coordinates":[[[-122.1716032,37.4270643],[-122.1716243,37.427001],[-122.1717189,37.4270206],[-122.171696,37.4270852],[-122.1716032,37.4270643]]]}},{"type":"Feature","id":493811440,"properties":{"osmId":493811440,"category":"other","addr:housenumber":"314","addr:street":"Lomita Drive","building":"yes","name":"Anderson Collection at Stanford University","opening_hours":"We-Mo 11:00-17:00; Th 11:00-20:00","operator":"Stanford University","phone":"+1-650-721-6055","tourism":"museum","website":"https://anderson.stanford.edu/","_wikiTried":true},"geometry":{"type":"Polygon","coordinates":[[[-122.1710929,37.4339662],[-122.170857,37.4339148],[-122.1704139,37.4338562],[-122.1704959,37.4336657],[-122.1705389,37.4335676],[-122.1708819,37.433662],[-122.1711519,37.4336993],[-122.1710929,37.4339662]]]}},{"type":"Feature","id":518906030,"properties":{"osmId":518906030,"category":"residential","addr:city":"Stanford","addr:county":"Santa Clara","addr:housenumber":"326","addr:postcode":"94305","addr:state":"CA","addr:street":"Santa Teresa Street","building":"dormitory","name":"Meier Hall","note":"opened Fall 2016 per https://giving.stanford.edu/stanford-benefactor/stories/meier-hall-and-norcliffe-hall-open-in-lagunita-court","start_date":"2016","_wikiTried":true},"geometry":{"type":"Polygon","coordinates":[[[-122.1753831,37.4248251],[-122.1753504,37.4249258],[-122.1753726,37.4249304],[-122.175355,37.4249847],[-122.1753306,37.4249797],[-122.1752538,37.425217],[-122.1753423,37.4252351],[-122.1753713,37.4251453],[-122.1754633,37.4251641],[-122.1754522,37.4251986],[-122.175488,37.4252059],[-122.1754671,37.4252707],[-122.1755616,37.42529],[-122.1755798,37.4252337],[-122.1756824,37.4252546],[-122.1756537,37.4253435],[-122.175756,37.4253643],[-122.1757491,37.4253855],[-122.1755202,37.4253388],[-122.1755168,37.4253493],[-122.1754869,37.4253434],[-122.1754709,37.4253399],[-122.1754742,37.4253295],[-122.1754512,37.4253248],[-122.1754374,37.4253669],[-122.1753365,37.4253462],[-122.1753392,37.4253381],[-122.174969,37.4252619],[-122.1749772,37.4252367],[-122.1749561,37.4252323],[-122.1749715,37.4251853],[-122.1749954,37.4251902],[-122.1750049,37.4251609],[-122.1751311,37.4251869],[-122.175258,37.4247977],[-122.1752968,37.4248057],[-122.1753013,37.424792],[-122.1753582,37.4248037],[-122.1753532,37.4248189],[-122.1753831,37.4248251]]]}},{"type":"Feature","id":518906031,"properties":{"osmId":518906031,"category":"academic","building":"yes","name":"Windhover","_wikiTried":true},"geometry":{"type":"Polygon","coordinates":[[[-122.174371,37.4252903],[-122.174217,37.4252616],[-122.174383,37.4246991],[-122.174537,37.4247277],[-122.174371,37.4252903]]]}},{"type":"Feature","id":545210038,"properties":{"osmId":545210038,"category":"academic","addr:city":"Stanford","addr:housenumber":"435","addr:postcode":"94305","addr:state":"CA","addr:street":"Lasuen Mall","building":"university","name":"David & Joan Traitel Building","operator":"Hoover Institution","operator:wikidata":"Q1147088","_wikiTried":true},"geometry":{"type":"Polygon","coordinates":[[[-122.1682752,37.4274581],[-122.1681905,37.4277084],[-122.1679196,37.4276506],[-122.1678968,37.4277179],[-122.1679153,37.4277219],[-122.1678577,37.4278921],[-122.16769,37.4278563],[-122.1677479,37.4276857],[-122.1677617,37.4276886],[-122.1677839,37.4276231],[-122.1673728,37.4275352],[-122.1673894,37.4274861],[-122.167326,37.4274725],[-122.1673849,37.427299],[-122.1674475,37.4273124],[-122.1674573,37.4272835],[-122.1682752,37.4274581]]]}},{"type":"Feature","id":561917008,"properties":{"osmId":561917008,"category":"academic","building":"yes","name":"Jack McDonald Hall","_wikiTried":true},"geometry":{"type":"Polygon","coordinates":[[[-122.1638712,37.4273378],[-122.163463,37.4272517],[-122.1635187,37.4270853],[-122.1637952,37.4271436],[-122.1638939,37.4268483],[-122.1637372,37.4268153],[-122.1636483,37.4270811],[-122.1633733,37.4270232],[-122.1634253,37.4268678],[-122.1635676,37.4268978],[-122.1635852,37.4268454],[-122.1635243,37.4268325],[-122.1635699,37.4266958],[-122.1636661,37.4267161],[-122.1636761,37.4266863],[-122.1640619,37.4267676],[-122.1638712,37.4273378]]]}},{"type":"Feature","id":561917009,"properties":{"osmId":561917009,"category":"academic","building":"yes"},"geometry":{"type":"Polygon","coordinates":[[[-122.1633751,37.4270598],[-122.1630358,37.4269889],[-122.1630813,37.4268516],[-122.1633917,37.4269165],[-122.1634258,37.4268135],[-122.1630595,37.4267369],[-122.1630829,37.4266662],[-122.1629407,37.4266364],[-122.162883,37.4268105],[-122.1629628,37.4268272],[-122.162946,37.4268779],[-122.1628972,37.4268677],[-122.1629003,37.4268583],[-122.162835,37.4268447],[-122.1628171,37.4268987],[-122.1628771,37.4269112],[-122.1628803,37.4269015],[-122.1629346,37.4269129],[-122.1629181,37.4269626],[-122.1628357,37.4269454],[-122.1627837,37.4271024],[-122.1633241,37.4272153],[-122.1633284,37.4272026],[-122.1633892,37.4272153],[-122.1634182,37.4271279],[-122.1633568,37.427115],[-122.1633751,37.4270598]]]}},{"type":"Feature","id":565268627,"properties":{"osmId":565268627,"category":"academic","building":"yes"},"geometry":{"type":"Polygon","coordinates":[[[-122.1620149,37.4258612],[-122.1619625,37.4260153],[-122.1619858,37.4260203],[-122.1619724,37.4260596],[-122.1619191,37.4260481],[-122.1618921,37.4261275],[-122.1618572,37.42612],[-122.1618532,37.4261318],[-122.1617972,37.4261198],[-122.1618013,37.4261075],[-122.161765,37.4260997],[-122.1617823,37.4260488],[-122.1616681,37.4260243],[-122.1616574,37.4260558],[-122.1615067,37.4260234],[-122.1615167,37.4259939],[-122.161377,37.425964],[-122.1613599,37.4260145],[-122.1613209,37.4260062],[-122.161317,37.4260177],[-122.1612604,37.4260056],[-122.1612642,37.4259946],[-122.1612286,37.4259869],[-122.1612554,37.4259079],[-122.1612145,37.4258992],[-122.1612041,37.4258847],[-122.1612091,37.4258709],[-122.1612259,37.4258615],[-122.1612353,37.4258635],[-122.1612872,37.4257103],[-122.1614238,37.4257394],[-122.1614034,37.4257997],[-122.1613941,37.4257977],[-122.1613754,37.4258529],[-122.161555,37.4258913],[-122.1615595,37.4258781],[-122.1616041,37.4258877],[-122.161629,37.4258141],[-122.1617253,37.4258347],[-122.1616963,37.4259203],[-122.1618464,37.4259524],[-122.1618656,37.4258958],[-122.1618557,37.4258937],[-122.1618768,37.4258316],[-122.1620149,37.4258612]]]}},{"type":"Feature","id":572186352,"properties":{"osmId":572186352,"category":"academic","building":"school","name":"PAHS Library","_wikiTried":true},"geometry":{"type":"Polygon","coordinates":[[[-122.1560963,37.4373127],[-122.1556475,37.4369255],[-122.1561304,37.4365653],[-122.1565808,37.4369446],[-122.1560963,37.4373127]]]}},{"type":"Feature","id":580337064,"properties":{"osmId":580337064,"category":"academic","building":"roof"},"geometry":{"type":"Polygon","coordinates":[[[-122.1687298,37.4246009],[-122.168789,37.4244227],[-122.1688934,37.4244445],[-122.1688412,37.4246018],[-122.1687662,37.4245861],[-122.1687593,37.424607],[-122.1687298,37.4246009]]]}},{"type":"Feature","id":597085021,"properties":{"osmId":597085021,"category":"academic","addr:city":"Stanford","addr:housenumber":"327","addr:postcode":"94305","addr:state":"CA","addr:street":"Campus Drive","alt_name":"Bass Biology Center","building":"university","check_date":"2025-06-08","loc_name":"Bass Biology","name":"Anne T. and Robert M. Bass Biology Research Building","name:etymology":"Anne T. Bass;Robert M. Bass","name:etymology:wikidata":"Q93982466;Q429075","office":"research","_wikiTried":true},"geometry":{"type":"Polygon","coordinates":[[[-122.1736418,37.4306899],[-122.1735793,37.4308765],[-122.173475,37.4308545],[-122.1734594,37.4309009],[-122.1733596,37.4308798],[-122.1733333,37.4309584],[-122.173411,37.4309748],[-122.1733933,37.4310277],[-122.1734592,37.4310416],[-122.1733617,37.4313329],[-122.1731802,37.4312946],[-122.173127,37.4312833],[-122.1731624,37.4311774],[-122.1730986,37.4311639],[-122.1731792,37.430923],[-122.1732366,37.4309351],[-122.1732538,37.4309387],[-122.1732787,37.4308642],[-122.1732613,37.4308605],[-122.1729768,37.4308074],[-122.1728837,37.4307809],[-122.1729331,37.4306224],[-122.1731058,37.4306618],[-122.1731423,37.4306695],[-122.1731688,37.43059],[-122.1736418,37.4306899]]]}},{"type":"Feature","id":643965064,"properties":{"osmId":643965064,"category":"academic","addr:housenumber":"382","building":"yes","name":"Annette's Cafe","_wikiTried":true},"geometry":{"type":"Polygon","coordinates":[[[-122.1725325,37.4304876],[-122.1725553,37.4304188],[-122.1723842,37.4303831],[-122.1723615,37.430452],[-122.1725325,37.4304876]]]}},{"type":"Feature","id":657542639,"properties":{"osmId":657542639,"category":"athletic","building":"stadium","height":"0"},"geometry":{"type":"Polygon","coordinates":[[[-122.15937,37.4322348],[-122.1593022,37.4321726],[-122.1592877,37.4321594],[-122.1592461,37.4321212],[-122.1592269,37.4321036],[-122.1590181,37.4322506],[-122.1589342,37.4323072],[-122.1589075,37.4323241],[-122.1588694,37.4323428],[-122.1588331,37.4323546],[-122.1587914,37.4323669],[-122.1587427,37.432365],[-122.1587003,37.432362],[-122.158655,37.432345],[-122.1586218,37.4323305],[-122.1585909,37.4323139],[-122.1585639,37.4322924],[-122.1584942,37.4322273],[-122.1583091,37.4320615],[-122.1582866,37.4320765],[-122.1582311,37.432116],[-122.1582164,37.4321269],[-122.1581412,37.4321796],[-122.1582321,37.432261],[-122.1583266,37.4323472],[-122.1583972,37.4324117],[-122.1585108,37.432496],[-122.158657,37.4325367],[-122.1587427,37.4325427],[-122.1588199,37.4325381],[-122.1589573,37.4325089],[-122.1590755,37.4324394],[-122.1591575,37.4323824],[-122.1592624,37.4323095],[-122.15937,37.4322348]]]}},{"type":"Feature","id":657542640,"properties":{"osmId":657542640,"category":"athletic","building":"stadium"},"geometry":{"type":"Polygon","coordinates":[[[-122.1575154,37.4313005],[-122.1574391,37.4312381],[-122.1572481,37.4313776],[-122.1572123,37.4313948],[-122.1571792,37.4313973],[-122.1571389,37.4313904],[-122.1570984,37.4313665],[-122.1569331,37.431221],[-122.1568613,37.4312792],[-122.1570813,37.431456],[-122.1571342,37.43147],[-122.1571352,37.4314862],[-122.1572189,37.4314881],[-122.1572207,37.4314746],[-122.157274,37.4314628],[-122.1575154,37.4313005]]]}},{"type":"Feature","id":663770749,"properties":{"osmId":663770749,"category":"academic","building":"parking"},"geometry":{"type":"Polygon","coordinates":[[[-122.1649269,37.4234969],[-122.164942,37.4234528],[-122.1649713,37.4234591],[-122.1649906,37.4234024],[-122.1650085,37.4234063],[-122.1650368,37.4233233],[-122.1650126,37.4233181],[-122.1650385,37.4232421],[-122.1650278,37.4231867],[-122.1649781,37.423176],[-122.1649354,37.4233005],[-122.1649137,37.4232958],[-122.1648874,37.4233726],[-122.1649133,37.4233782],[-122.1648764,37.423486],[-122.1649269,37.4234969]]]}},{"type":"Feature","id":663770753,"properties":{"osmId":663770753,"category":"athletic","building":"parking","building:levels":"1"},"geometry":{"type":"Polygon","coordinates":[[[-122.1635894,37.4232316],[-122.1636011,37.4231952],[-122.1635806,37.4231911],[-122.1635873,37.4231702],[-122.1635345,37.4231596],[-122.1635289,37.4231771],[-122.1634651,37.4231642],[-122.1634526,37.4232035],[-122.1635164,37.4232164],[-122.1635115,37.4232317],[-122.1635648,37.4232424],[-122.1635695,37.4232276],[-122.1635894,37.4232316]]]}},{"type":"Feature","id":666427563,"properties":{"osmId":666427563,"category":"academic","addr:city":"Stanford","addr:housenumber":"641","addr:street":"Knight Way","building":"university","name":"North Building","paloalto_ca:id":"32144","_wikiTried":true},"geometry":{"type":"Polygon","coordinates":[[[-122.1627139,37.4284014],[-122.1627637,37.4283925],[-122.162807,37.4283711],[-122.1628391,37.4283395],[-122.1628563,37.4283013],[-122.1628568,37.4282608],[-122.1628404,37.4282224],[-122.1628091,37.4281903],[-122.1627663,37.4281683],[-122.1627167,37.4281586],[-122.1626673,37.4281621],[-122.1626219,37.4281779],[-122.1625852,37.4282045],[-122.1625612,37.4282389],[-122.1625522,37.4282776],[-122.1625593,37.4283166],[-122.1625817,37.4283518],[-122.1626171,37.4283794],[-122.162612,37.4283945],[-122.1624732,37.428365],[-122.1623902,37.4286113],[-122.162808,37.4287028],[-122.1628921,37.4284499],[-122.1627094,37.4284147],[-122.1627139,37.4284014]]]}},{"type":"Feature","id":689417360,"properties":{"osmId":689417360,"category":"medical","addr:housename":"Lucile Packard Children's Hospital Main","building":"hospital","name":"Lucile Packard Children's Hospital Main","_wikiTried":true},"geometry":{"type":"Polygon","coordinates":[[[-122.174429,37.4368478],[-122.1737114,37.4366963],[-122.1735039,37.4366525],[-122.1735762,37.4364366],[-122.1736197,37.4364458],[-122.1736896,37.4362368],[-122.1737594,37.4362515],[-122.1737807,37.4361876],[-122.1731048,37.4360451],[-122.1731784,37.4358248],[-122.173203,37.43583],[-122.1732132,37.4357994],[-122.173867,37.4359374],[-122.1738816,37.4358936],[-122.1738186,37.4358803],[-122.173906,37.4356193],[-122.1739875,37.4356365],[-122.1739945,37.4356154],[-122.1740939,37.4356364],[-122.1740853,37.4356618],[-122.1741177,37.4356687],[-122.1741051,37.4357062],[-122.1740259,37.4359425],[-122.1741485,37.4359684],[-122.1741367,37.4360036],[-122.1740647,37.4362184],[-122.1740102,37.4362069],[-122.1739409,37.4364136],[-122.1738752,37.4363997],[-122.1738582,37.4364502],[-122.1743614,37.4365565],[-122.1745157,37.436589],[-122.174429,37.4368478]]]}},{"type":"Feature","id":690412907,"properties":{"osmId":690412907,"category":"academic","building":"yes","shop":"ticket"},"geometry":{"type":"Polygon","coordinates":[[[-122.162483,37.4357144],[-122.1624252,37.4357562],[-122.1624449,37.4357734],[-122.1625028,37.4357316],[-122.162483,37.4357144]]]}},{"type":"Feature","id":694964416,"properties":{"osmId":694964416,"category":"academic","addr:city":"Stanford","addr:housenumber":"291","addr:postcode":"94305","addr:state":"CA","addr:street":"Lasuen Street","amenity":"toilets","building":"yes","building:levels":"1","name":"Lasuen Restroom","_wikiTried":true},"geometry":{"type":"Polygon","coordinates":[[[-122.1658348,37.4340328],[-122.1657605,37.434083],[-122.1657195,37.4340447],[-122.1657023,37.4340563],[-122.1657327,37.4340846],[-122.1656785,37.4341212],[-122.1656257,37.434072],[-122.1657713,37.4339736],[-122.1658348,37.4340328]]]}},{"type":"Feature","id":695758822,"properties":{"osmId":695758822,"category":"academic","building":"university"},"geometry":{"type":"Polygon","coordinates":[[[-122.1554675,37.4224106],[-122.1554209,37.4224632],[-122.1554338,37.42247],[-122.1553964,37.4225139],[-122.1553817,37.4225061],[-122.155278,37.4226363],[-122.1552446,37.42262],[-122.1552084,37.4226459],[-122.155213,37.4226547],[-122.155211,37.4226654],[-122.1551924,37.4226711],[-122.155199,37.4226845],[-122.1551094,37.4227121],[-122.1551133,37.4227202],[-122.1550587,37.4227371],[-122.155054,37.4227276],[-122.1550425,37.4227311],[-122.1550345,37.422715],[-122.1549027,37.4227562],[-122.1548451,37.4226401],[-122.154828,37.4226454],[-122.1548069,37.4226028],[-122.1548228,37.4225979],[-122.154798,37.422548],[-122.1547898,37.4225484],[-122.15477,37.4225163],[-122.154782,37.4225116],[-122.1547191,37.4224097],[-122.1548495,37.422359],[-122.1548678,37.4223886],[-122.1548859,37.4223903],[-122.154921,37.4224623],[-122.1549528,37.4224532],[-122.1550197,37.4226227],[-122.1551384,37.4225898],[-122.1551506,37.4225748],[-122.1551433,37.422571],[-122.1551615,37.4225486],[-122.1551542,37.4225449],[-122.1551818,37.4225111],[-122.1551885,37.4225166],[-122.155236,37.4224553],[-122.1552299,37.4224496],[-122.1552553,37.4224194],[-122.1552635,37.4224237],[-122.1552794,37.4224048],[-122.1552713,37.4224005],[-122.1552965,37.4223704],[-122.1553057,37.4223744],[-122.1553295,37.4223439],[-122.1554675,37.4224106]]]}},{"type":"Feature","id":738808361,"properties":{"osmId":738808361,"category":"academic","addr:city":"Stanford","addr:housenumber":"290","addr:postcode":"94305","addr:state":"CA","addr:street":"Jane Stanford Way","building":"university","name":"Stanford ChEM-H Building","official_name":"Chemistry, Engineering & Medicine for Human Health","website":"https://chemh.stanford.edu/","_wikiTried":true},"geometry":{"type":"Polygon","coordinates":[[[-122.1770719,37.4303914],[-122.1772634,37.4297864],[-122.1770045,37.4297332],[-122.1767913,37.4298812],[-122.1768302,37.429903],[-122.1768584,37.4299313],[-122.1768747,37.4299612],[-122.1768856,37.4299858],[-122.1768805,37.4300074],[-122.1768626,37.4300325],[-122.1768178,37.4300556],[-122.1767631,37.4300697],[-122.1766931,37.4300712],[-122.1766257,37.4300664],[-122.1765556,37.4300563],[-122.1764802,37.4300334],[-122.1762697,37.4302262],[-122.1770719,37.4303914]]]}},{"type":"Feature","id":738808362,"properties":{"osmId":738808362,"category":"academic","addr:city":"Stanford","addr:housenumber":"290","addr:postcode":"94305","addr:state":"CA","addr:street":"Jane Stanford Way","building":"university","name":"Stanford Neurosciences Building","_wikiTried":true},"geometry":{"type":"Polygon","coordinates":[[[-122.1768826,37.4296735],[-122.1760524,37.4294903],[-122.1758459,37.4300899],[-122.1758807,37.4300984],[-122.1758741,37.4301115],[-122.1758696,37.4301274],[-122.1758691,37.4301465],[-122.1758735,37.4301719],[-122.1758848,37.4301991],[-122.1758934,37.4301955],[-122.1758997,37.430206],[-122.1759117,37.4302155],[-122.1759217,37.43022],[-122.1759337,37.4302224],[-122.1759477,37.430223],[-122.175984,37.4302145],[-122.1760162,37.4302038],[-122.1760188,37.4302098],[-122.1760397,37.4302036],[-122.1760605,37.4301921],[-122.1760787,37.4301805],[-122.1760956,37.4301657],[-122.1760887,37.4301596],[-122.1760918,37.4301468],[-122.1760908,37.4301351],[-122.1761437,37.4301452],[-122.176389,37.429978],[-122.1763682,37.4299541],[-122.1763555,37.4299344],[-122.1763461,37.4299078],[-122.1763541,37.4298833],[-122.1763722,37.4298609],[-122.1763984,37.4298471],[-122.17645,37.4298306],[-122.1765043,37.4298226],[-122.1765741,37.4298216],[-122.1767123,37.4298407],[-122.1768826,37.4296735]]]}},{"type":"Feature","id":753430022,"properties":{"osmId":753430022,"category":"academic","building":"industrial"},"geometry":{"type":"Polygon","coordinates":[[[-122.1780954,37.4328704],[-122.176875,37.4326042],[-122.1767946,37.4328406],[-122.1768237,37.4328464],[-122.1768073,37.432897],[-122.1770651,37.4329543],[-122.1770393,37.4330304],[-122.1776432,37.4331595],[-122.1776696,37.4330839],[-122.1780043,37.4331523],[-122.1780954,37.4328704]]]}},{"type":"Feature","id":753567324,"properties":{"osmId":753567324,"category":"academic","building":"yes"},"geometry":{"type":"Polygon","coordinates":[[[-122.1738808,37.4335646],[-122.1735629,37.4334911],[-122.1733403,37.4341524],[-122.173583,37.4342035],[-122.1736179,37.4340971],[-122.1736984,37.434113],[-122.1738808,37.4335646]]]}},{"type":"Feature","id":757988111,"properties":{"osmId":757988111,"category":"academic","building":"bridge","layer":"1"},"geometry":{"type":"Polygon","coordinates":[[[-122.1763844,37.434231],[-122.1756156,37.4340623],[-122.1754484,37.4341403],[-122.1754388,37.4341603],[-122.1754712,37.4341672],[-122.1754992,37.4341732],[-122.1756253,37.4341137],[-122.1763702,37.4342723],[-122.1763767,37.4342534],[-122.1763844,37.434231]]]}},{"type":"Feature","id":757988119,"properties":{"osmId":757988119,"category":"academic","building":"yes"},"geometry":{"type":"Polygon","coordinates":[[[-122.1779053,37.4343812],[-122.1778074,37.4343604],[-122.1778649,37.43419],[-122.1779628,37.4342108],[-122.177932,37.4343004],[-122.1779053,37.4343812]]]}},{"type":"Feature","id":757988124,"properties":{"osmId":757988124,"category":"academic","building":"yes"},"geometry":{"type":"Polygon","coordinates":[[[-122.1790767,37.434528],[-122.1790089,37.4345139],[-122.1790008,37.4345387],[-122.1790686,37.4345527],[-122.1790767,37.434528]]]}},{"type":"Feature","id":757988125,"properties":{"osmId":757988125,"category":"academic","building":"yes"},"geometry":{"type":"Polygon","coordinates":[[[-122.1791508,37.4345391],[-122.1791176,37.4345319],[-122.1791306,37.4344939],[-122.1791638,37.434501],[-122.1791508,37.4345391]]]}},{"type":"Feature","id":757988133,"properties":{"osmId":757988133,"category":"academic","building":"yes"},"geometry":{"type":"Polygon","coordinates":[[[-122.1781173,37.4344245],[-122.178086,37.4344178],[-122.1780525,37.4344106],[-122.178042,37.4344411],[-122.1781069,37.4344551],[-122.1781173,37.4344245]]]}},{"type":"Feature","id":784079435,"properties":{"osmId":784079435,"category":"medical","building":"hospital","layer":"1"},"geometry":{"type":"Polygon","coordinates":[[[-122.1741177,37.4356687],[-122.1744584,37.4357423],[-122.1744455,37.4357817],[-122.1741051,37.4357062],[-122.1741177,37.4356687]]]}},{"type":"Feature","id":795793418,"properties":{"osmId":795793418,"category":"academic","building":"yes"},"geometry":{"type":"Polygon","coordinates":[[[-122.180067,37.425694],[-122.1801,37.425606],[-122.179779,37.425538],[-122.17975,37.425619],[-122.179644,37.4255977],[-122.179585,37.425586],[-122.179532,37.425736],[-122.179577,37.425746],[-122.179567,37.425777],[-122.179561,37.425799],[-122.179619,37.425811],[-122.17963,37.425787],[-122.179661,37.425692],[-122.179831,37.425728],[-122.1798569,37.4256493],[-122.180067,37.425694]]]}},{"type":"Feature","id":886812786,"properties":{"osmId":886812786,"category":"academic","addr:city":"Stanford","addr:housenumber":"456","addr:postcode":"94305","addr:state":"CA","addr:street":"Panama Street","building":"university","building:levels":"2","name":"Lorry I. Lokey Stanford Daily Building","name:etymology":"Lorry I. Lokey;The Stanford Daily","name:etymology:wikidata":"Q6681747;Q7766234","ref":"595","_wikiTried":true},"geometry":{"type":"Polygon","coordinates":[[[-122.1707793,37.4256848],[-122.1708196,37.4255664],[-122.1705792,37.4255148],[-122.1705389,37.4256332],[-122.1707793,37.4256848]]]}},{"type":"Feature","id":887293796,"properties":{"osmId":887293796,"category":"academic","building":"university"},"geometry":{"type":"Polygon","coordinates":[[[-122.1841279,37.4296851],[-122.1841364,37.4295123],[-122.1839569,37.4295067],[-122.1839553,37.4295394],[-122.1839024,37.4295378],[-122.1838977,37.4296336],[-122.1839468,37.4296351],[-122.1839446,37.4296794],[-122.1841279,37.4296851]]]}},{"type":"Feature","id":887293797,"properties":{"osmId":887293797,"category":"academic","addr:city":"Stanford","addr:housenumber":"484","addr:postcode":"94305","addr:state":"CA","addr:street":"Oak Road","building":"university","name":"Environmental Health & Safety","_wikiTried":true},"geometry":{"type":"Polygon","coordinates":[[[-122.1851008,37.429171],[-122.1851095,37.4290122],[-122.1845973,37.4289946],[-122.1845886,37.4291533],[-122.1851008,37.429171]]]}},{"type":"Feature","id":891732465,"properties":{"osmId":891732465,"category":"academic","addr:housenumber":"1189","addr:street":"Welch Road","amenity":"parking","building":"garage","name":"Pasteur Staff Garage","parking":"multi-storey","_wikiTried":true},"geometry":{"type":"Polygon","coordinates":[[[-122.1790555,37.4346689],[-122.1788788,37.4351885],[-122.1784492,37.4350964],[-122.1778273,37.434963],[-122.1776424,37.4349234],[-122.1778205,37.4344047],[-122.1779761,37.4344386],[-122.1780385,37.4344522],[-122.1785492,37.4345611],[-122.1786305,37.4345784],[-122.1790555,37.4346689]]]}},{"type":"Feature","id":891732466,"properties":{"osmId":891732466,"category":"medical","addr:city":"Stanford","addr:housenumber":"500","addr:postcode":"94305","addr:street":"Pasteur Drive","building":"hospital","name":"Stanford Hospital","_wikiTried":true},"geometry":{"type":"Polygon","coordinates":[[[-122.1776424,37.4349234],[-122.1775371,37.4352324],[-122.1768415,37.4350801],[-122.1767472,37.4353515],[-122.1761245,37.4352156],[-122.1762212,37.4349295],[-122.1761502,37.4349121],[-122.1763702,37.4342723],[-122.1763767,37.4342534],[-122.1763844,37.434231],[-122.1763928,37.4342065],[-122.1766782,37.4342661],[-122.17669,37.4342315],[-122.1767107,37.4342217],[-122.1768569,37.4341527],[-122.176882,37.4341408],[-122.1769268,37.4341512],[-122.1770044,37.433924],[-122.177892,37.4341113],[-122.1778649,37.43419],[-122.1778074,37.4343604],[-122.1777938,37.4343989],[-122.1778205,37.4344047],[-122.1776424,37.4349234]]]}},{"type":"Feature","id":905706377,"properties":{"osmId":905706377,"category":"academic","building":"kindergarten","building:prefabricated":"yes","fixme":"Which modular is modular 2?","name":"Modular 2","_wikiTried":true},"geometry":{"type":"Polygon","coordinates":[[[-122.1813305,37.4304502],[-122.1813839,37.4303207],[-122.1812258,37.4302796],[-122.1811723,37.430409],[-122.1813305,37.4304502]]]}},{"type":"Feature","id":905706378,"properties":{"osmId":905706378,"category":"academic","building":"kindergarten","building:prefabricated":"yes","fixme":"Which modular is modular 1?","name":"Modular 1","_wikiTried":true},"geometry":{"type":"Polygon","coordinates":[[[-122.1811666,37.4303912],[-122.1812201,37.4302617],[-122.1810619,37.4302206],[-122.1810085,37.43035],[-122.1811666,37.4303912]]]}},{"type":"Feature","id":905706379,"properties":{"osmId":905706379,"category":"academic","building":"kindergarten","building:prefabricated":"yes","fixme":"Which modular is modular 3?","name":"Modular 3","_wikiTried":true},"geometry":{"type":"Polygon","coordinates":[[[-122.1812055,37.4302442],[-122.1812589,37.4301148],[-122.1811008,37.4300736],[-122.1810474,37.430203],[-122.1812055,37.4302442]]]}},{"type":"Feature","id":905706380,"properties":{"osmId":905706380,"category":"academic","building":"kindergarten","building:prefabricated":"yes","fixme":"Which modular is modular 5?","name":"Modular 5","_wikiTried":true},"geometry":{"type":"Polygon","coordinates":[[[-122.1812833,37.4300973],[-122.1813367,37.4299678],[-122.1811786,37.4299266],[-122.1811251,37.4300561],[-122.1812833,37.4300973]]]}},{"type":"Feature","id":905706381,"properties":{"osmId":905706381,"category":"academic","building":"kindergarten","building:prefabricated":"yes","fixme":"Which modular is modular 4?","name":"Modular 4","_wikiTried":true},"geometry":{"type":"Polygon","coordinates":[[[-122.1814082,37.4303042],[-122.1814476,37.4302119],[-122.1812883,37.4301691],[-122.181249,37.4302614],[-122.1814082,37.4303042]]]}},{"type":"Feature","id":905706382,"properties":{"osmId":905706382,"category":"academic","building":"kindergarten","building:prefabricated":"yes"},"geometry":{"type":"Polygon","coordinates":[[[-122.1814451,37.4301679],[-122.1814845,37.4300755],[-122.1813252,37.4300328],[-122.1812859,37.4301251],[-122.1814451,37.4301679]]]}},{"type":"Feature","id":905706383,"properties":{"osmId":905706383,"category":"academic","building":"roof","generator:method":"photovoltaic","generator:output:electricity":"yes","generator:source":"solar","generator:type":"solar_photovoltaic_panel","layer":"1","power":"generator"},"geometry":{"type":"Polygon","coordinates":[[[-122.1829477,37.4318298],[-122.1823509,37.431065],[-122.1821498,37.431164],[-122.1827467,37.4319287],[-122.1829477,37.4318298]]]}},{"type":"Feature","id":905706384,"properties":{"osmId":905706384,"category":"academic","building":"roof","generator:method":"photovoltaic","generator:output:electricity":"yes","generator:source":"solar","generator:type":"solar_photovoltaic_panel","layer":"1","power":"generator"},"geometry":{"type":"Polygon","coordinates":[[[-122.1827207,37.4319383],[-122.1821236,37.4311705],[-122.1819584,37.4312515],[-122.1825553,37.4320194],[-122.1827207,37.4319383]]]}},{"type":"Feature","id":905706385,"properties":{"osmId":905706385,"category":"academic","building":"roof","generator:method":"photovoltaic","generator:output:electricity":"yes","generator:source":"solar","generator:type":"solar_photovoltaic_panel","layer":"1","power":"generator"},"geometry":{"type":"Polygon","coordinates":[[[-122.1825304,37.4320346],[-122.181932,37.4312697],[-122.1817956,37.431337],[-122.1823941,37.4321018],[-122.1825304,37.4320346]]]}},{"type":"Feature","id":905706386,"properties":{"osmId":905706386,"category":"academic","building":"roof","generator:method":"photovoltaic","generator:output:electricity":"yes","generator:source":"solar","generator:type":"solar_photovoltaic_panel","layer":"1","power":"generator"},"geometry":{"type":"Polygon","coordinates":[[[-122.1823712,37.4321146],[-122.1817741,37.4313468],[-122.1816089,37.4314278],[-122.1822058,37.4321957],[-122.1823712,37.4321146]]]}},{"type":"Feature","id":905706387,"properties":{"osmId":905706387,"category":"academic","building":"roof","generator:method":"photovoltaic","generator:output:electricity":"yes","generator:source":"solar","generator:type":"solar_photovoltaic_panel","layer":"1","power":"generator"},"geometry":{"type":"Polygon","coordinates":[[[-122.1821826,37.4322036],[-122.1815855,37.4314358],[-122.1814203,37.4315168],[-122.1820172,37.4322847],[-122.1821826,37.4322036]]]}},{"type":"Feature","id":905706388,"properties":{"osmId":905706388,"category":"academic","building":"roof","generator:method":"photovoltaic","generator:output:electricity":"yes","generator:source":"solar","generator:type":"solar_photovoltaic_panel","layer":"1","power":"generator"},"geometry":{"type":"Polygon","coordinates":[[[-122.1819988,37.4322987],[-122.1814015,37.4315279],[-122.1812558,37.431599],[-122.1818531,37.4323699],[-122.1819988,37.4322987]]]}},{"type":"Feature","id":917710378,"properties":{"osmId":917710378,"category":"residential","addr:city":"Stanford","addr:county":"Santa Clara","addr:state":"CA","building":"dormitory","name":"Norcliffe","_wikiTried":true},"geometry":{"type":"Polygon","coordinates":[[[-122.1772521,37.4257417],[-122.1772618,37.4257125],[-122.1772796,37.4257163],[-122.1772921,37.4256788],[-122.1772728,37.4256747],[-122.1772826,37.4256454],[-122.1771546,37.4256184],[-122.1772842,37.4252298],[-122.1772504,37.4252227],[-122.1772559,37.4252062],[-122.1772073,37.4251961],[-122.1772008,37.4252155],[-122.1771647,37.4252079],[-122.1771308,37.4253101],[-122.1771108,37.425306],[-122.1770972,37.4253473],[-122.1771201,37.425352],[-122.1770387,37.4255992],[-122.1769354,37.4255777],[-122.1769661,37.4254848],[-122.1768871,37.4254684],[-122.1768765,37.4255005],[-122.1768317,37.4254912],[-122.1768131,37.4255476],[-122.1767278,37.4255299],[-122.1767471,37.4254713],[-122.1766245,37.4254459],[-122.1765915,37.4255463],[-122.1767067,37.4255702],[-122.1766981,37.4255965],[-122.1767562,37.4256087],[-122.1767859,37.4256147],[-122.176774,37.4256508],[-122.1768833,37.4256735],[-122.1768861,37.4256652],[-122.1772521,37.4257417]]]}},{"type":"Feature","id":918557147,"properties":{"osmId":918557147,"category":"academic","building":"yes"},"geometry":{"type":"Polygon","coordinates":[[[-122.1814977,37.422743],[-122.1814644,37.4226215],[-122.1813831,37.4226355],[-122.1814164,37.4227571],[-122.1814977,37.422743]]]}},{"type":"Feature","id":922801147,"properties":{"osmId":922801147,"category":"academic","addr:city":"Stanford","addr:housenumber":"175","addr:postcode":"94305","addr:state":"CA","addr:street":"Electioneer Road","building":"barn","name":"Huffington Barn","_wikiTried":true},"geometry":{"type":"Polygon","coordinates":[[[-122.1836061,37.426877],[-122.1836606,37.4267697],[-122.183249,37.4266378],[-122.1831946,37.426745],[-122.1836061,37.426877]]]}},{"type":"Feature","id":922801148,"properties":{"osmId":922801148,"category":"academic","building":"greenhouse","name":"Green House","_wikiTried":true},"geometry":{"type":"Polygon","coordinates":[[[-122.1837449,37.4267438],[-122.1837776,37.4266814],[-122.1836563,37.4266413],[-122.1836236,37.4267037],[-122.1837449,37.4267438]]]}},{"type":"Feature","id":922801149,"properties":{"osmId":922801149,"category":"academic","building":"farm_auxiliary"},"geometry":{"type":"Polygon","coordinates":[[[-122.183634,37.4266261],[-122.1836818,37.4265326],[-122.1835985,37.4265057],[-122.1835506,37.4265992],[-122.183634,37.4266261]]]}},{"type":"Feature","id":922801150,"properties":{"osmId":922801150,"category":"academic","addr:city":"Stanford","addr:housenumber":"175","addr:postcode":"94305","addr:state":"CA","addr:street":"Electioneer Road","building":"farm_auxiliary","name":"Lathe House","_wikiTried":true},"geometry":{"type":"Polygon","coordinates":[[[-122.1834865,37.4266625],[-122.1835209,37.426597],[-122.1834029,37.4265578],[-122.1833685,37.4266233],[-122.1834865,37.4266625]]]}},{"type":"Feature","id":922815501,"properties":{"osmId":922815501,"category":"academic","addr:city":"Stanford","addr:housenumber":"180","addr:postcode":"94305","addr:state":"CA","addr:street":"Stock Farm Road","building":"yes","building:prefabricated":"yes","operator":"The Whiting-Turner Contracting Company"},"geometry":{"type":"Polygon","coordinates":[[[-122.1821955,37.4301331],[-122.1822175,37.4300688],[-122.1820869,37.4300405],[-122.1820648,37.4301049],[-122.1821955,37.4301331]]]}},{"type":"Feature","id":922815502,"properties":{"osmId":922815502,"category":"academic","addr:city":"Stanford","addr:housenumber":"180","addr:postcode":"94305","addr:state":"CA","addr:street":"Stock Farm Road","building":"yes","building:prefabricated":"yes","operator":"The Whiting-Turner Contracting Company"},"geometry":{"type":"Polygon","coordinates":[[[-122.1822324,37.4300382],[-122.1822545,37.4299738],[-122.1821238,37.4299456],[-122.1821017,37.4300099],[-122.1822324,37.4300382]]]}},{"type":"Feature","id":922815503,"properties":{"osmId":922815503,"category":"academic","addr:city":"Stanford","addr:housenumber":"180","addr:postcode":"94305","addr:state":"CA","addr:street":"Stock Farm Road","building":"yes","building:prefabricated":"yes","operator":"The Whiting-Turner Contracting Company"},"geometry":{"type":"Polygon","coordinates":[[[-122.1822606,37.4299519],[-122.1822827,37.4298876],[-122.182152,37.4298593],[-122.1821299,37.4299237],[-122.1822606,37.4299519]]]}},{"type":"Feature","id":927548450,"properties":{"osmId":927548450,"category":"academic","addr:city":"Stanford","addr:housenumber":"359","addr:postcode":"94305","addr:state":"CA","addr:street":"Campus Drive","building":"yes","name":"District Work Center, Campus Drive","short_name":"DWC Campus Drive","_wikiTried":true},"geometry":{"type":"Polygon","coordinates":[[[-122.1725423,37.4335205],[-122.1722153,37.4334484],[-122.1721733,37.4335679],[-122.1725013,37.4336401],[-122.1725423,37.4335205]]]}},{"type":"Feature","id":936563698,"properties":{"osmId":936563698,"category":"academic","addr:city":"Stanford","addr:housenumber":"580","addr:state":"CA","addr:street":"Lomita Drive","building":"yes","name":"Denning House","wikidata":"Q92323722","_wikiTried":true},"geometry":{"type":"Polygon","coordinates":[[[-122.173616,37.4233569],[-122.1736982,37.4233552],[-122.1738396,37.4233647],[-122.1739354,37.4233887],[-122.1740905,37.4234544],[-122.1741946,37.4235275],[-122.1740434,37.4236493],[-122.1740105,37.4236241],[-122.1739667,37.4236589],[-122.1738757,37.4236101],[-122.1737749,37.4235814],[-122.1736829,37.4235745],[-122.1736785,37.4235249],[-122.1736325,37.4235275],[-122.173616,37.4233569]]]}},{"type":"Feature","id":963012173,"properties":{"osmId":963012173,"category":"academic","building":"school","building:prefabricated":"yes"},"geometry":{"type":"Polygon","coordinates":[[[-122.1556521,37.4142925],[-122.1555201,37.4142101],[-122.1554679,37.4142628],[-122.1554409,37.4142901],[-122.1555728,37.4143725],[-122.1556521,37.4142925]]]}},{"type":"Feature","id":978632013,"properties":{"osmId":978632013,"category":"academic","addr:city":"Stanford","addr:housenumber":"319","addr:street":"Oak Road","building":"data_center","name":"Northwest Data Center and Communications Hub","short_name":"NDCCH","telecom":"data_center","_wikiTried":true},"geometry":{"type":"Polygon","coordinates":[[[-122.1808558,37.4332467],[-122.1808751,37.4331836],[-122.1809588,37.4331997],[-122.1809403,37.4332602],[-122.1809489,37.4332661],[-122.1808807,37.4334849],[-122.1808009,37.4334693],[-122.1807841,37.4335231],[-122.1807975,37.4335258],[-122.1807614,37.4336419],[-122.1804564,37.4335822],[-122.1804964,37.4334534],[-122.1806867,37.4334906],[-122.1806976,37.4334553],[-122.1806894,37.4334537],[-122.1807583,37.4332279],[-122.1808558,37.4332467]]]}},{"type":"Feature","id":980496149,"properties":{"osmId":980496149,"category":"academic","building":"yes"},"geometry":{"type":"Polygon","coordinates":[[[-122.168097,37.4405445],[-122.1679984,37.4404689],[-122.1678444,37.4405954],[-122.1679429,37.4406711],[-122.168097,37.4405445]]]}},{"type":"Feature","id":980962134,"properties":{"osmId":980962134,"category":"academic","building":"yes","name":"Memorial Way District Work Center","roof:colour":"#7a3e2c","roof:shape":"hipped","_wikiTried":true},"geometry":{"type":"Polygon","coordinates":[[[-122.1665356,37.4300204],[-122.166192,37.4299479],[-122.1662236,37.4298532],[-122.1662353,37.4298185],[-122.1665789,37.429891],[-122.1665356,37.4300204]]]}},{"type":"Feature","id":981290803,"properties":{"osmId":981290803,"category":"academic","building":"yes","wikidata":"Q120405701"},"geometry":{"type":"Polygon","coordinates":[[[-122.1753016,37.4300932],[-122.1751853,37.4300686],[-122.1751803,37.4300833],[-122.174285,37.4298938],[-122.1743423,37.4297233],[-122.1744212,37.42974],[-122.1747028,37.4297996],[-122.1750782,37.4298791],[-122.1750883,37.4298491],[-122.175343,37.429903],[-122.175364,37.4299074],[-122.1753016,37.4300932]]]}},{"type":"Feature","id":981626392,"properties":{"osmId":981626392,"category":"academic","building":"yes"},"geometry":{"type":"Polygon","coordinates":[[[-122.1717331,37.4253432],[-122.1716022,37.4253152],[-122.1715909,37.4253487],[-122.1717218,37.4253766],[-122.1717331,37.4253432]]]}},{"type":"Feature","id":981628183,"properties":{"osmId":981628183,"category":"academic","building":"yes"},"geometry":{"type":"Polygon","coordinates":[[[-122.1717223,37.4256978],[-122.1716872,37.4256904],[-122.1717119,37.4256167],[-122.1717469,37.4256241],[-122.1717223,37.4256978]]]}},{"type":"Feature","id":981628184,"properties":{"osmId":981628184,"category":"academic","building":"yes"},"geometry":{"type":"Polygon","coordinates":[[[-122.171744,37.4255911],[-122.1716923,37.4255791],[-122.1717053,37.4255437],[-122.171757,37.4255557],[-122.171744,37.4255911]]]}},{"type":"Feature","id":982390317,"properties":{"osmId":982390317,"category":"academic","building":"yes","roof:colour":"darkgrey","roof:shape":"flat"},"geometry":{"type":"Polygon","coordinates":[[[-122.1668749,37.4308533],[-122.1667813,37.430882],[-122.1667231,37.4307621],[-122.1668167,37.4307334],[-122.1668749,37.4308533]]]}},{"type":"Feature","id":982390318,"properties":{"osmId":982390318,"category":"academic","building":"yes","roof:colour":"darkgrey","roof:shape":"flat"},"geometry":{"type":"Polygon","coordinates":[[[-122.1668165,37.430679],[-122.1667149,37.4306733],[-122.1667272,37.4305366],[-122.1668288,37.4305424],[-122.1668165,37.430679]]]}},{"type":"Feature","id":983125297,"properties":{"osmId":983125297,"category":"academic","building":"yes"},"geometry":{"type":"Polygon","coordinates":[[[-122.1723023,37.4239859],[-122.1721256,37.4240381],[-122.1720613,37.4239037],[-122.1719742,37.4239244],[-122.1719602,37.4239204],[-122.1719491,37.4239006],[-122.1720499,37.4238766],[-122.1720301,37.4238343],[-122.1720007,37.423843],[-122.1719545,37.4237445],[-122.172182,37.4236772],[-122.1722615,37.4238467],[-122.17224,37.423853],[-122.1723023,37.4239859]]]}},{"type":"Feature","id":983231129,"properties":{"osmId":983231129,"category":"academic","building":"yes"},"geometry":{"type":"Polygon","coordinates":[[[-122.177919,37.4247074],[-122.1778448,37.4247603],[-122.1777915,37.4247132],[-122.1778714,37.4246563],[-122.1778398,37.4246283],[-122.1779151,37.4245747],[-122.1779229,37.4245816],[-122.1779439,37.4245666],[-122.177991,37.4246083],[-122.177889,37.4246809],[-122.177919,37.4247074]]]}},{"type":"Feature","id":984192537,"properties":{"osmId":984192537,"category":"academic","building":"yes","layer":"1","name":"Arrillaga Hall","_wikiTried":true},"geometry":{"type":"Polygon","coordinates":[[[-122.1637254,37.4291539],[-122.1634691,37.429097],[-122.1633462,37.429473],[-122.1635993,37.4295299],[-122.1637254,37.4291539]]]}},{"type":"Feature","id":984226616,"properties":{"osmId":984226616,"category":"academic","building":"yes"},"geometry":{"type":"Polygon","coordinates":[[[-122.1629521,37.4295723],[-122.1629302,37.4295882],[-122.16273,37.4294145],[-122.1627519,37.4293986],[-122.1629521,37.4295723]]]}},{"type":"Feature","id":984846691,"properties":{"osmId":984846691,"category":"academic","building":"university"},"geometry":{"type":"Polygon","coordinates":[[[-122.1627526,37.4264486],[-122.162568,37.4264103],[-122.1626332,37.4262119],[-122.1628178,37.4262501],[-122.1627526,37.4264486]]]}},{"type":"Feature","id":985734158,"properties":{"osmId":985734158,"category":"academic","building":"yes"},"geometry":{"type":"Polygon","coordinates":[[[-122.1567322,37.4292695],[-122.1568491,37.4293728],[-122.1567038,37.4294758],[-122.1565873,37.4293728],[-122.1567322,37.4292695]]]}},{"type":"Feature","id":985734159,"properties":{"osmId":985734159,"category":"academic","building":"yes"},"geometry":{"type":"Polygon","coordinates":[[[-122.1564732,37.4296393],[-122.156358,37.4295379],[-122.1562327,37.4296277],[-122.1562398,37.4296308],[-122.1561886,37.4296675],[-122.1562699,37.4297392],[-122.1563173,37.4297053],[-122.1563454,37.4297299],[-122.1564732,37.4296393]]]}},{"type":"Feature","id":985734160,"properties":{"osmId":985734160,"category":"academic","building":"yes"},"geometry":{"type":"Polygon","coordinates":[[[-122.1568688,37.4293589],[-122.1570158,37.4294896],[-122.1569578,37.4295308],[-122.1569428,37.4295174],[-122.1569092,37.4295412],[-122.1569275,37.4295574],[-122.1564326,37.4299081],[-122.1562825,37.4297745],[-122.1563454,37.4297299],[-122.1564732,37.4296393],[-122.1567038,37.4294758],[-122.1568491,37.4293728],[-122.1568688,37.4293589]]]}},{"type":"Feature","id":985734161,"properties":{"osmId":985734161,"category":"academic","building":"yes"},"geometry":{"type":"Polygon","coordinates":[[[-122.1565196,37.4290836],[-122.1565994,37.4291523],[-122.156279,37.4293868],[-122.1561992,37.429318],[-122.1565196,37.4290836]]]}},{"type":"Feature","id":985734162,"properties":{"osmId":985734162,"category":"academic","building":"yes","height":"3.1"},"geometry":{"type":"Polygon","coordinates":[[[-122.1563362,37.4288855],[-122.1562282,37.4289541],[-122.156177,37.4289032],[-122.1562851,37.4288346],[-122.1563362,37.4288855]]]}},{"type":"Feature","id":985743262,"properties":{"osmId":985743262,"category":"academic","building":"yes"},"geometry":{"type":"Polygon","coordinates":[[[-122.1571544,37.4304088],[-122.15705,37.430485],[-122.1568998,37.430355],[-122.1570042,37.4302789],[-122.1571544,37.4304088]]]}},{"type":"Feature","id":985744771,"properties":{"osmId":985744771,"category":"academic","building":"yes"},"geometry":{"type":"Polygon","coordinates":[[[-122.1584485,37.4304898],[-122.1580934,37.4301775],[-122.1581695,37.430123],[-122.1582666,37.4302084],[-122.1582987,37.4301854],[-122.1584569,37.4303246],[-122.1584265,37.4303464],[-122.1585262,37.4304341],[-122.1584485,37.4304898]]]}},{"type":"Feature","id":1029436493,"properties":{"osmId":1029436493,"category":"academic","addr:city":"Palo Alto","addr:housenumber":"453","addr:postcode":"94304","addr:street":"Quarry Road","building":"yes","name":"Center for Academic Medicine","_wikiTried":true},"geometry":{"type":"Polygon","coordinates":[[[-122.1717414,37.437495],[-122.1714537,37.4374051],[-122.1714718,37.4373684],[-122.171414,37.4373504],[-122.1714045,37.4373693],[-122.1708442,37.437194],[-122.1709475,37.4369858],[-122.1710816,37.4370278],[-122.1715661,37.4371794],[-122.1717075,37.4368947],[-122.1712209,37.4367424],[-122.1711793,37.4367294],[-122.1712734,37.4365398],[-122.1717496,37.4366888],[-122.1717391,37.43671],[-122.1717916,37.4367264],[-122.1718379,37.4366332],[-122.1718505,37.4366371],[-122.1718575,37.4366232],[-122.1720863,37.4366947],[-122.1721311,37.4367087],[-122.1717414,37.437495]]]}},{"type":"Feature","id":1038158805,"properties":{"osmId":1038158805,"category":"academic","building":"yes"},"geometry":{"type":"Polygon","coordinates":[[[-122.1716929,37.4313683],[-122.1715929,37.4313443],[-122.1716119,37.4312948],[-122.1717119,37.4313188],[-122.1716929,37.4313683]]]}},{"type":"Feature","id":1038158806,"properties":{"osmId":1038158806,"category":"academic","building":"yes"},"geometry":{"type":"Polygon","coordinates":[[[-122.1717308,37.431478],[-122.171443,37.4314171],[-122.1715192,37.4311902],[-122.1717322,37.4312353],[-122.1717087,37.4313053],[-122.1715854,37.4312792],[-122.1715564,37.4313656],[-122.1717545,37.4314076],[-122.1717308,37.431478]]]}},{"type":"Feature","id":1038160838,"properties":{"osmId":1038160838,"category":"academic","addr:city":"Stanford","addr:housenumber":"1265","addr:postcode":"94305","addr:state":"CA","addr:street":"Welch Road","building":"yes","name":"Medical School Office Building","_wikiTried":true},"geometry":{"type":"Polygon","coordinates":[[[-122.1796949,37.4321878],[-122.1792499,37.4320934],[-122.1792702,37.4320297],[-122.1792273,37.4320194],[-122.1792227,37.4320358],[-122.1791664,37.4320225],[-122.1791573,37.4320054],[-122.1788275,37.4319354],[-122.1788941,37.4317311],[-122.1791932,37.4317974],[-122.1791862,37.4318193],[-122.1792146,37.4318267],[-122.1792587,37.4318351],[-122.1792926,37.4318479],[-122.1793052,37.4318659],[-122.1793058,37.4318856],[-122.1797618,37.4319831],[-122.1797555,37.4320085],[-122.1797862,37.4320235],[-122.1797722,37.4320812],[-122.1797295,37.4320799],[-122.1796949,37.4321878]]]}},{"type":"Feature","id":1040231570,"properties":{"osmId":1040231570,"category":"residential","addr:city":"Stanford","addr:housenumber":"326","addr:postcode":"94305","addr:state":"CA","addr:street":"Santa Teresa Street","building":"dormitory","name":"Ujamaa B","_wikiTried":true},"geometry":{"type":"Polygon","coordinates":[[[-122.1756685,37.4246489],[-122.1757036,37.4245294],[-122.1752836,37.4244348],[-122.1752441,37.4245574],[-122.1756685,37.4246489]]]}},{"type":"Feature","id":1040377400,"properties":{"osmId":1040377400,"category":"residential","addr:city":"Stanford","addr:housenumber":"326","addr:postcode":"94305","addr:state":"CA","addr:street":"Santa Teresa Street","building":"dormitory","name":"Granada","_wikiTried":true},"geometry":{"type":"Polygon","coordinates":[[[-122.1775533,37.4250521],[-122.1775933,37.4249274],[-122.1770777,37.4248234],[-122.1770353,37.4249476],[-122.1775533,37.4250521]]]}},{"type":"Feature","id":1040629365,"properties":{"osmId":1040629365,"category":"residential","addr:city":"Stanford","addr:housenumber":"326","addr:postcode":"94305","addr:state":"CA","addr:street":"Santa Teresa Street","building":"dormitory","name":"Adelfa","_wikiTried":true},"geometry":{"type":"Polygon","coordinates":[[[-122.176422,37.4256546],[-122.176287,37.4256273],[-122.1763409,37.4254677],[-122.176425,37.4251951],[-122.176496,37.4252091],[-122.17651,37.4251652],[-122.176443,37.4251518],[-122.176471,37.425062],[-122.176616,37.4250909],[-122.1765828,37.4251954],[-122.176571,37.4252325],[-122.176558,37.4252296],[-122.176422,37.4256546]]]}},{"type":"Feature","id":1040629366,"properties":{"osmId":1040629366,"category":"residential","addr:city":"Stanford","addr:housenumber":"326","addr:postcode":"94305","addr:state":"CA","addr:street":"Santa Teresa Street","building":"dormitory","name":"Naranja","_wikiTried":true},"geometry":{"type":"Polygon","coordinates":[[[-122.175876,37.4255374],[-122.175727,37.4255072],[-122.175894,37.4249483],[-122.176053,37.4249802],[-122.175876,37.4255374]]]}},{"type":"Feature","id":1040629367,"properties":{"osmId":1040629367,"category":"residential","addr:city":"Stanford","addr:housenumber":"326","addr:postcode":"94305","addr:state":"CA","addr:street":"Santa Teresa Street","building":"dormitory","name":"Admin","_wikiTried":true},"geometry":{"type":"Polygon","coordinates":[[[-122.1763401,37.4254678],[-122.1761921,37.4254384],[-122.1761838,37.4254648],[-122.176048,37.4254381],[-122.1760571,37.425409],[-122.1759269,37.4253834],[-122.1759351,37.425357],[-122.1760637,37.4253823],[-122.176072,37.4253555],[-122.1762126,37.4253832],[-122.1762045,37.4254093],[-122.1763491,37.4254385],[-122.1763401,37.4254678]]]}},{"type":"Feature","id":1040629368,"properties":{"osmId":1040629368,"category":"residential","addr:city":"Stanford","addr:housenumber":"326","addr:postcode":"94305","addr:state":"CA","addr:street":"Santa Teresa Street","building":"dormitory","name":"Ujamaa A","_wikiTried":true},"geometry":{"type":"Polygon","coordinates":[[[-122.1757595,37.4251178],[-122.1756001,37.4250861],[-122.1757492,37.4246122],[-122.1756832,37.4245992],[-122.1756935,37.4245642],[-122.1757542,37.4245762],[-122.1757773,37.4245028],[-122.1759234,37.4245318],[-122.1759056,37.4245884],[-122.1760283,37.4246127],[-122.1760083,37.4246763],[-122.1759844,37.4247524],[-122.1759194,37.4247395],[-122.175864,37.4249161],[-122.1758231,37.424908],[-122.1757865,37.4250245],[-122.1758647,37.42504],[-122.1758513,37.4250827],[-122.1757753,37.4250676],[-122.1757595,37.4251178]]]}},{"type":"Feature","id":1040629369,"properties":{"osmId":1040629369,"category":"residential","addr:city":"Stanford","addr:housenumber":"326","addr:postcode":"94305","addr:state":"CA","addr:street":"Santa Teresa Street","building":"dormitory","name":"Eucalipto","_wikiTried":true},"geometry":{"type":"Polygon","coordinates":[[[-122.1768139,37.425337],[-122.176642,37.4253025],[-122.1766587,37.4252502],[-122.1766323,37.4252451],[-122.1765718,37.4252328],[-122.1765835,37.4251957],[-122.1766757,37.4252141],[-122.1767686,37.424922],[-122.1766818,37.4249037],[-122.176733,37.4247554],[-122.1770751,37.4248243],[-122.1770519,37.4248972],[-122.1769599,37.4248787],[-122.1768139,37.425337]]]}},{"type":"Feature","id":1040629370,"properties":{"osmId":1040629370,"category":"residential","addr:city":"Stanford","addr:housenumber":"326","addr:postcode":"94305","addr:state":"CA","addr:street":"Santa Teresa Street","building":"dormitory","name":"Lakeside Dining","_wikiTried":true},"geometry":{"type":"Polygon","coordinates":[[[-122.1767854,37.4245925],[-122.1767018,37.4248303],[-122.1766063,37.424811],[-122.176583,37.4248827],[-122.1765307,37.424872],[-122.1765218,37.4248996],[-122.1761172,37.4248168],[-122.1761296,37.4247786],[-122.1760712,37.4247667],[-122.1760951,37.4246928],[-122.176011,37.4246756],[-122.1760581,37.4245304],[-122.1761495,37.4245491],[-122.1761296,37.4246106],[-122.1762677,37.4246389],[-122.1763124,37.4245011],[-122.1767854,37.4245925]]]}},{"type":"Feature","id":1122834586,"properties":{"osmId":1122834586,"category":"academic","building":"yes"},"geometry":{"type":"Polygon","coordinates":[[[-122.1783218,37.4316796],[-122.1782355,37.4316618],[-122.1782441,37.4316353],[-122.1783305,37.4316531],[-122.1783218,37.4316796]]]}},{"type":"Feature","id":1169137068,"properties":{"osmId":1169137068,"category":"residential","building":"dormitory","name":"Kappa Alpha","_wikiTried":true},"geometry":{"type":"Polygon","coordinates":[[[-122.1740041,37.4202899],[-122.173943,37.4202683],[-122.1739525,37.4202513],[-122.1737921,37.4201948],[-122.1737213,37.4203215],[-122.1738817,37.4203781],[-122.1739174,37.4203142],[-122.1739785,37.4203357],[-122.1739648,37.4203603],[-122.1740324,37.4203841],[-122.1740262,37.4203951],[-122.1740022,37.4203867],[-122.1739818,37.4204233],[-122.1739626,37.4204165],[-122.1739329,37.4204696],[-122.1739521,37.4204764],[-122.1739317,37.4205129],[-122.1739577,37.4205221],[-122.1739497,37.4205364],[-122.1738781,37.4205112],[-122.1738088,37.420635],[-122.1739663,37.4206905],[-122.1740355,37.4205667],[-122.1740154,37.4205596],[-122.1740235,37.4205452],[-122.1740918,37.4205693],[-122.1741623,37.4204431],[-122.1740953,37.4204195],[-122.1741015,37.4204085],[-122.1741251,37.4204168],[-122.1741945,37.4202926],[-122.1740342,37.4202361],[-122.1740041,37.4202899]]]}},{"type":"Feature","id":1169967277,"properties":{"osmId":1169967277,"category":"academic","building":"yes","name":"Breer Library","_wikiTried":true},"geometry":{"type":"Polygon","coordinates":[[[-122.1716575,37.4208693],[-122.1716295,37.420844],[-122.171622,37.4208492],[-122.1716098,37.4208382],[-122.1715864,37.4208545],[-122.171574,37.4208434],[-122.1715084,37.4208892],[-122.1715192,37.420899],[-122.1714908,37.4209188],[-122.1714401,37.420873],[-122.1714021,37.4208387],[-122.171387,37.4208492],[-122.1713938,37.4208554],[-122.1713823,37.4208634],[-122.171271,37.4207629],[-122.1712573,37.4207725],[-122.1712503,37.4207662],[-122.1711963,37.4208038],[-122.171205,37.4208117],[-122.1711729,37.4208341],[-122.1712421,37.4208966],[-122.1712778,37.4208717],[-122.1713368,37.4209249],[-122.1713442,37.4209198],[-122.1713695,37.4209427],[-122.1714198,37.4209076],[-122.1714577,37.4209419],[-122.171445,37.4209508],[-122.1714537,37.4209586],[-122.1713932,37.4210008],[-122.1714602,37.4210613],[-122.1716401,37.4209358],[-122.1716212,37.4209188],[-122.1716682,37.420886],[-122.1716531,37.4208724],[-122.1716575,37.4208693]]]}},{"type":"Feature","id":1172347006,"properties":{"osmId":1172347006,"category":"academic","building":"yes"},"geometry":{"type":"Polygon","coordinates":[[[-122.1680323,37.4266675],[-122.1680402,37.4266435],[-122.1680481,37.4266196],[-122.1681075,37.4266319],[-122.1681312,37.4266368],[-122.1681233,37.4266608],[-122.1681154,37.4266848],[-122.1680323,37.4266675]]]}},{"type":"Feature","id":1193027684,"properties":{"osmId":1193027684,"category":"academic","building":"yes","height":"3.2"},"geometry":{"type":"Polygon","coordinates":[[[-122.1858911,37.429952],[-122.1858971,37.4299683],[-122.1858542,37.4299784],[-122.1858475,37.4299654],[-122.1858401,37.4299438],[-122.1858817,37.4299326],[-122.1858911,37.429952]]]}},{"type":"Feature","id":1239343476,"properties":{"osmId":1239343476,"category":"academic","building":"school","building:prefabricated":"yes"},"geometry":{"type":"Polygon","coordinates":[[[-122.1575509,37.4213308],[-122.1576179,37.421248],[-122.1574782,37.4211766],[-122.1574111,37.4212595],[-122.1575334,37.4213219],[-122.1575509,37.4213308]]]}},{"type":"Feature","id":1239343477,"properties":{"osmId":1239343477,"category":"academic","building":"school","building:prefabricated":"yes"},"geometry":{"type":"Polygon","coordinates":[[[-122.1574596,37.4214127],[-122.1575267,37.4213298],[-122.157387,37.4212585],[-122.1573199,37.4213413],[-122.1574596,37.4214127]]]}},{"type":"Feature","id":1239343478,"properties":{"osmId":1239343478,"category":"academic","building":"school","building:prefabricated":"yes"},"geometry":{"type":"Polygon","coordinates":[[[-122.1568335,37.4209731],[-122.1569394,37.4210245],[-122.157026,37.420912],[-122.1569202,37.4208606],[-122.1568335,37.4209731]]]}},{"type":"Feature","id":1239343479,"properties":{"osmId":1239343479,"category":"academic","building":"school","building:prefabricated":"yes"},"geometry":{"type":"Polygon","coordinates":[[[-122.1567182,37.4209178],[-122.156824,37.4209691],[-122.1569107,37.4208566],[-122.1568048,37.4208052],[-122.1567182,37.4209178]]]}},{"type":"Feature","id":1239343480,"properties":{"osmId":1239343480,"category":"academic","building":"school","building:prefabricated":"yes"},"geometry":{"type":"Polygon","coordinates":[[[-122.1560415,37.4206773],[-122.1562502,37.4207878],[-122.1563409,37.4206797],[-122.1561323,37.4205693],[-122.1560625,37.4206525],[-122.1560415,37.4206773]]]}},{"type":"Feature","id":1239343500,"properties":{"osmId":1239343500,"category":"academic","building":"school","building:prefabricated":"yes"},"geometry":{"type":"Polygon","coordinates":[[[-122.1562625,37.4206236],[-122.156278,37.4206055],[-122.1561624,37.4205435],[-122.1561469,37.4205616],[-122.1562625,37.4206236]]]}},{"type":"Feature","id":1239343501,"properties":{"osmId":1239343501,"category":"academic","building":"school","building:prefabricated":"yes"},"geometry":{"type":"Polygon","coordinates":[[[-122.1561115,37.4205467],[-122.1561269,37.4205286],[-122.1560113,37.4204666],[-122.1559959,37.4204847],[-122.1561115,37.4205467]]]}},{"type":"Feature","id":1239343502,"properties":{"osmId":1239343502,"category":"academic","building":"school","building:prefabricated":"yes"},"geometry":{"type":"Polygon","coordinates":[[[-122.156772,37.4208122],[-122.156749,37.4208001],[-122.1566718,37.4208923],[-122.1566948,37.4209045],[-122.156772,37.4208122]]]}},{"type":"Feature","id":1239343503,"properties":{"osmId":1239343503,"category":"academic","building":"school"},"geometry":{"type":"Polygon","coordinates":[[[-122.1553451,37.4209944],[-122.1554657,37.4208483],[-122.155344,37.4207844],[-122.1552989,37.4208386],[-122.1552836,37.4208306],[-122.1552074,37.4209221],[-122.1553451,37.4209944]]]}},{"type":"Feature","id":1239343504,"properties":{"osmId":1239343504,"category":"academic","building":"school"},"geometry":{"type":"Polygon","coordinates":[[[-122.1561908,37.4209085],[-122.1562153,37.4208792],[-122.1559779,37.4207538],[-122.1559534,37.4207831],[-122.1560158,37.420816],[-122.1561908,37.4209085]]]}},{"type":"Feature","id":1239343509,"properties":{"osmId":1239343509,"category":"athletic","building":"roof","generator:method":"photovoltaic","generator:output:electricity":"yes","generator:source":"solar","generator:type":"solar_photovoltaic_panel","layer":"1","power":"generator"},"geometry":{"type":"Polygon","coordinates":[[[-122.1569174,37.4217459],[-122.1569911,37.4216545],[-122.1567789,37.4215464],[-122.1567051,37.4216378],[-122.1569174,37.4217459]]]}},{"type":"Feature","id":1239343510,"properties":{"osmId":1239343510,"category":"athletic","building":"roof","generator:method":"photovoltaic","generator:output:electricity":"yes","generator:source":"solar","generator:type":"solar_photovoltaic_panel","layer":"1","power":"generator"},"geometry":{"type":"Polygon","coordinates":[[[-122.1567025,37.4216357],[-122.1567758,37.4215432],[-122.1565942,37.4214525],[-122.1565209,37.4215451],[-122.1567025,37.4216357]]]}},{"type":"Feature","id":1302742360,"properties":{"osmId":1302742360,"category":"academic","building":"service","building:levels":"1"},"geometry":{"type":"Polygon","coordinates":[[[-122.1603655,37.426777],[-122.1603818,37.4267289],[-122.1601515,37.4266798],[-122.1601352,37.4267278],[-122.1603655,37.426777]]]}},{"type":"Feature","id":1302742362,"properties":{"osmId":1302742362,"category":"academic","building":"yes","building:levels":"1"},"geometry":{"type":"Polygon","coordinates":[[[-122.1601352,37.4267278],[-122.1601267,37.4267527],[-122.1600105,37.4267278],[-122.159889,37.4267018],[-122.1599192,37.4266128],[-122.1599205,37.426609],[-122.1600257,37.4266315],[-122.1600409,37.4266348],[-122.1601582,37.4266599],[-122.1601515,37.4266798],[-122.1601352,37.4267278]]]}},{"type":"Feature","id":1302742371,"properties":{"osmId":1302742371,"category":"academic","building":"yes","building:levels":"1"},"geometry":{"type":"Polygon","coordinates":[[[-122.1610087,37.4260697],[-122.1610194,37.4260377],[-122.1609856,37.4260306],[-122.1609912,37.4260139],[-122.1608407,37.4259821],[-122.1608176,37.4260511],[-122.1609362,37.4260762],[-122.1609701,37.4260834],[-122.160977,37.426063],[-122.1610087,37.4260697]]]}},{"type":"Feature","id":1302742384,"properties":{"osmId":1302742384,"category":"residential","building":"dormitory"},"geometry":{"type":"Polygon","coordinates":[[[-122.1623859,37.4265017],[-122.1627855,37.4265853],[-122.1626398,37.4270248],[-122.1621662,37.4269258],[-122.1621707,37.4269124],[-122.1622718,37.4266075],[-122.162446,37.4266439],[-122.1624197,37.4267232],[-122.1623717,37.4267132],[-122.1623459,37.4267909],[-122.162566,37.4268369],[-122.162626,37.426656],[-122.1623536,37.4265991],[-122.1623758,37.4265322],[-122.1623859,37.4265017]]]}},{"type":"Feature","id":1302912205,"properties":{"osmId":1302912205,"category":"academic","building":"yes","building:levels":"1"},"geometry":{"type":"Polygon","coordinates":[[[-122.1660553,37.4302956],[-122.1660464,37.4302119],[-122.1660125,37.4302142],[-122.1660213,37.4302979],[-122.1660553,37.4302956]]]}},{"type":"Feature","id":1302912206,"properties":{"osmId":1302912206,"category":"academic","building":"yes","building:levels":"1"},"geometry":{"type":"Polygon","coordinates":[[[-122.1658675,37.4303061],[-122.1658594,37.4302219],[-122.1658031,37.4302253],[-122.1658111,37.4303095],[-122.1658675,37.4303061]]]}},{"type":"Feature","id":1343423854,"properties":{"osmId":1343423854,"category":"academic","addr:city":"Stanford","addr:housenumber":"471","addr:state":"CA","addr:street":"South Service Road","building":"yes","building:levels":"1","name":"LBRE District Work Center","_wikiTried":true},"geometry":{"type":"Polygon","coordinates":[[[-122.1753876,37.4277028],[-122.1754352,37.4275539],[-122.175536,37.4275732],[-122.1755773,37.4274496],[-122.175095,37.427343],[-122.1750619,37.4274728],[-122.1750109,37.4274562],[-122.1749818,37.4275516],[-122.1750509,37.4276445],[-122.1753876,37.4277028]]]}},{"type":"Feature","id":1355821547,"properties":{"osmId":1355821547,"category":"academic","building":"yes"},"geometry":{"type":"Polygon","coordinates":[[[-122.1603053,37.4336728],[-122.1601324,37.4337949],[-122.1601219,37.4337855],[-122.1601638,37.4337558],[-122.1601531,37.4337463],[-122.1602393,37.4336855],[-122.16025,37.4336951],[-122.1602948,37.4336635],[-122.1603053,37.4336728]]]}},{"type":"Feature","id":1355821548,"properties":{"osmId":1355821548,"category":"academic","building":"yes"},"geometry":{"type":"Polygon","coordinates":[[[-122.162035,37.4352697],[-122.1620457,37.4352792],[-122.1619595,37.43534],[-122.1619488,37.4353304],[-122.161904,37.435362],[-122.1618935,37.4353527],[-122.1620664,37.4352306],[-122.1620769,37.43524],[-122.162035,37.4352697]]]}},{"type":"Feature","id":1357063452,"properties":{"osmId":1357063452,"category":"academic","building":"yes","height":"25","min_height":"24"},"geometry":{"type":"Polygon","coordinates":[[[-122.1616651,37.43378],[-122.1616842,37.4337645],[-122.1618087,37.4338691],[-122.1619505,37.4337669],[-122.1620238,37.4337155],[-122.1620391,37.4337337],[-122.1618023,37.433901],[-122.1617526,37.4338571],[-122.1617365,37.433843],[-122.1616651,37.43378]]]}},{"type":"Feature","id":1387116920,"properties":{"osmId":1387116920,"category":"academic","building":"yes"},"geometry":{"type":"Polygon","coordinates":[[[-122.1841163,37.4264179],[-122.1841023,37.4264452],[-122.1840854,37.4264782],[-122.184282,37.4265416],[-122.1843128,37.4264812],[-122.1841163,37.4264179]]]}},{"type":"Feature","id":1434557267,"properties":{"osmId":1434557267,"category":"academic","addr:city":"Stanford","addr:housenumber":"389","addr:postcode":"94305","addr:state":"CA","addr:street":"Jane Stanford Way","building":"university","building:levels":"4","construction":"yes","name":"Computing & Data Science","short_name":"CODA","_wikiTried":true},"geometry":{"type":"Polygon","coordinates":[[[-122.1720862,37.4302569],[-122.1722103,37.4299689],[-122.1722162,37.4299394],[-122.1722078,37.4299013],[-122.1721585,37.4298499],[-122.1720842,37.4298273],[-122.1720164,37.4298374],[-122.1719455,37.4298658],[-122.1718988,37.4299018],[-122.1718609,37.4299468],[-122.1717602,37.4299289],[-122.1718228,37.4296919],[-122.1717874,37.4296863],[-122.1718126,37.4295998],[-122.1716101,37.4295587],[-122.1715861,37.4296451],[-122.171539,37.4296351],[-122.1713933,37.4300954],[-122.1714295,37.4301021],[-122.1713981,37.4301904],[-122.1715828,37.4302312],[-122.1715914,37.4302005],[-122.1716561,37.4302132],[-122.1717103,37.4300477],[-122.1718118,37.4300656],[-122.1718016,37.4301844],[-122.1718116,37.4302515],[-122.1718337,37.4302978],[-122.1718697,37.4303283],[-122.1719012,37.4303366],[-122.1719543,37.4303443],[-122.1720187,37.4303234],[-122.1720862,37.4302569]]]}}]}