{"type":"FeatureCollection","features":[{"type":"Feature","id":31801768,"properties":{"osmId":31801768,"category":"medical","addr:housenumber":"9415","building":"hospital","name":"Shiley Eye Institute","sangis:OBJECTID":"1067","sangis:TYPE":"Hospital","source":"SanGIS Footprints_Nonresidential_SD public domain (http://www.sangis.org/)","_wikiTried":true},"geometry":{"type":"Polygon","coordinates":[[[-117.2233861,32.8797012],[-117.2233222,32.8796722],[-117.2232523,32.8796728],[-117.2231421,32.8796737],[-117.2231417,32.8796474],[-117.2226365,32.8796517],[-117.2226358,32.8795932],[-117.2225705,32.8795937],[-117.2225701,32.8795651],[-117.2226401,32.8795645],[-117.2226397,32.879535],[-117.2226157,32.8795353],[-117.2226128,32.879301],[-117.2227028,32.8793003],[-117.2227034,32.8793482],[-117.2227995,32.8793474],[-117.2227988,32.8792923],[-117.2229376,32.8792911],[-117.2229375,32.8792813],[-117.22314,32.8792795],[-117.2231401,32.8792897],[-117.2232158,32.8792891],[-117.2232193,32.879581],[-117.2232504,32.8795808],[-117.2232812,32.8795805],[-117.2232807,32.8795371],[-117.2233829,32.8795344],[-117.2233861,32.8797012]]]}},{"type":"Feature","id":31802078,"properties":{"osmId":31802078,"category":"academic","addr:state":"CA","building":"university","building:levels":"10","building_type":"education","ele":"123","gnis:feature_id":"2456408","name":"Tioga Hall","sangis:OBJECTID":"1065","sangis:TYPE":"Education","source":"SanGIS Footprints_Nonresidential_SD public domain (http://www.sangis.org/);USGS Geonames","_wikiTried":true},"geometry":{"type":"Polygon","coordinates":[[[-117.2432978,32.8791148],[-117.2432979,32.8790748],[-117.243298,32.8790327],[-117.2432981,32.879012],[-117.2432981,32.8789933],[-117.2432242,32.8789931],[-117.2432243,32.8789505],[-117.2432244,32.8789328],[-117.2432245,32.8788768],[-117.2434982,32.8788773],[-117.2435567,32.8788774],[-117.2435564,32.8790008],[-117.2434738,32.8790006],[-117.2434735,32.8791233],[-117.2435621,32.8791235],[-117.2435617,32.8792476],[-117.2432347,32.879247],[-117.2432348,32.8791964],[-117.243235,32.8791147],[-117.2432978,32.8791148]]]}},{"type":"Feature","id":31802320,"properties":{"osmId":31802320,"category":"medical","amenity":"clinic","building":"yes","building_type":"education","healthcare":"clinic","name":"Student Health Services","phone":"+1-858-534-3300","sangis:OBJECTID":"1066","sangis:TYPE":"Education","source":"SanGIS Footprints_Nonresidential_SD public domain (http://www.sangis.org/)","website":"https://studenthealth.ucsd.edu/","_wikiTried":true},"geometry":{"type":"Polygon","coordinates":[[[-117.2379109,32.8794445],[-117.2377638,32.8794458],[-117.2377624,32.8793287],[-117.2379094,32.8793274],[-117.237909,32.8793104],[-117.237909,32.879295],[-117.2378829,32.8792952],[-117.2378814,32.8791669],[-117.2381028,32.8791651],[-117.2381086,32.8793324],[-117.2382406,32.8793313],[-117.2382412,32.8794283],[-117.2381141,32.8794294],[-117.2381148,32.8794809],[-117.2382392,32.8794798],[-117.2382412,32.8796421],[-117.2383522,32.8796411],[-117.2383532,32.8797201],[-117.2381843,32.8797215],[-117.2381845,32.8797376],[-117.2380461,32.8797388],[-117.2380449,32.8796389],[-117.2380798,32.8796386],[-117.2380794,32.8796071],[-117.2379128,32.8796085],[-117.2379109,32.8794445]]]}},{"type":"Feature","id":31807101,"properties":{"osmId":31807101,"category":"academic","building":"university","building:levels":"1","building_type":"education","name":"Peterson Hall","sangis:OBJECTID":"11010","sangis:TYPE":"Education","source":"SanGIS Footprints_Nonresidential_SD public domain (http://www.sangis.org/)","_wikiTried":true},"geometry":{"type":"Polygon","coordinates":[[[-117.2401041,32.8801444],[-117.2401036,32.8801129],[-117.2400768,32.8801132],[-117.2400585,32.880099],[-117.2400391,32.8800841],[-117.240039,32.8800606],[-117.2399854,32.8800608],[-117.2399849,32.8799057],[-117.2400356,32.8799055],[-117.2400355,32.8798833],[-117.2400537,32.8798676],[-117.2400726,32.8798514],[-117.2401023,32.8798511],[-117.2401021,32.8798349],[-117.2402005,32.8798341],[-117.2402166,32.8798207],[-117.2402509,32.8798204],[-117.2402687,32.8798342],[-117.2404592,32.879833],[-117.2404598,32.8799103],[-117.2404953,32.8799101],[-117.2404958,32.8799704],[-117.240458,32.8799707],[-117.2404581,32.8799871],[-117.2404963,32.8799869],[-117.2404968,32.8800481],[-117.2404579,32.8800484],[-117.2404588,32.8801426],[-117.2402699,32.8801438],[-117.2402548,32.880154],[-117.2402201,32.8801542],[-117.2402047,32.8801433],[-117.2401041,32.8801444]]]}},{"type":"Feature","id":31807309,"properties":{"osmId":31807309,"category":"academic","building":"yes","building_type":"education","sangis:OBJECTID":"11186","sangis:TYPE":"Education","source":"SanGIS Footprints_Nonresidential_SD public domain (http://www.sangis.org/)"},"geometry":{"type":"Polygon","coordinates":[[[-117.2430895,32.8830041],[-117.2430751,32.8830041],[-117.2430751,32.8829686],[-117.2430457,32.8829686],[-117.2430458,32.8829353],[-117.2430856,32.8829354],[-117.2430858,32.8828439],[-117.2432121,32.882844],[-117.2432121,32.8828783],[-117.2432268,32.8828783],[-117.2432267,32.8829163],[-117.2432405,32.8829163],[-117.2432405,32.8829512],[-117.2432733,32.8829512],[-117.2432733,32.8829644],[-117.2433152,32.8829644],[-117.2433152,32.8829279],[-117.2433299,32.8829279],[-117.2433299,32.8828907],[-117.2434381,32.8828907],[-117.2434381,32.8829269],[-117.2434529,32.8829268],[-117.243453,32.882963],[-117.2434667,32.882963],[-117.2434667,32.8829568],[-117.2435337,32.8829567],[-117.2435336,32.8829328],[-117.2435721,32.8829327],[-117.2435722,32.8829721],[-117.2435846,32.8829721],[-117.2435847,32.8829794],[-117.2436046,32.8829793],[-117.2436042,32.882997],[-117.243605,32.8830906],[-117.2435883,32.8830907],[-117.2435883,32.8830959],[-117.2435753,32.8830959],[-117.2435755,32.8831301],[-117.2435344,32.8831302],[-117.2435344,32.8831143],[-117.243525,32.8831143],[-117.2435251,32.8831197],[-117.2434979,32.8831198],[-117.2434977,32.8830689],[-117.2434807,32.883069],[-117.2434807,32.8830537],[-117.243466,32.8830537],[-117.243466,32.8830512],[-117.243457,32.8830512],[-117.2434572,32.8830891],[-117.2434441,32.8830892],[-117.2434443,32.8831284],[-117.2433316,32.8831287],[-117.2433315,32.8830938],[-117.243319,32.8830938],[-117.2433189,32.8830546],[-117.2433081,32.8830546],[-117.2433082,32.8830782],[-117.2433028,32.8830782],[-117.2432843,32.8830782],[-117.2432703,32.8830783],[-117.2432585,32.8830783],[-117.2432583,32.8830025],[-117.2432276,32.8830026],[-117.2432278,32.8830434],[-117.2432141,32.8830434],[-117.2432142,32.8830816],[-117.2431034,32.8830818],[-117.2431032,32.883043],[-117.2430896,32.8830431],[-117.2430895,32.8830041]]]}},{"type":"Feature","id":31807415,"properties":{"osmId":31807415,"category":"academic","building":"yes","building_type":"education","sangis:OBJECTID":"11018","sangis:TYPE":"Education","source":"SanGIS Footprints_Nonresidential_SD public domain (http://www.sangis.org/)"},"geometry":{"type":"Polygon","coordinates":[[[-117.2293772,32.87874],[-117.2294747,32.8787688],[-117.2294225,32.8788933],[-117.229325,32.8788644],[-117.2293772,32.87874]]]}},{"type":"Feature","id":31807920,"properties":{"osmId":31807920,"category":"residential","building":"dormitory","building:colour":"beige","building:levels":"4","building:material":"stucco","building_type":"education","name":"Earth Hall","roof:colour":"lightgrey","sangis:OBJECTID":"11204","sangis:TYPE":"Education","source":"SanGIS Footprints_Nonresidential_SD public domain (http://www.sangis.org/)","year_of_construction":"2003","_wikiTried":true},"geometry":{"type":"Polygon","coordinates":[[[-117.2427976,32.8851796],[-117.2427748,32.8851799],[-117.2427702,32.8851333],[-117.2427643,32.8850709],[-117.242786,32.8850702],[-117.242775,32.8849822],[-117.2427547,32.884982],[-117.242742,32.8849315],[-117.2427299,32.8848771],[-117.2427532,32.8848709],[-117.2427298,32.8847847],[-117.2427111,32.8847876],[-117.2426951,32.8847356],[-117.2426804,32.8846865],[-117.2427058,32.8846813],[-117.2426882,32.8846351],[-117.2428418,32.8845953],[-117.2428623,32.8846488],[-117.2428438,32.8846534],[-117.2428781,32.8847593],[-117.2428932,32.8847573],[-117.2429165,32.8848492],[-117.2429004,32.8848519],[-117.242921,32.8849607],[-117.2429334,32.8849592],[-117.2429494,32.8850643],[-117.2429354,32.8850651],[-117.2429469,32.8851723],[-117.242961,32.885172],[-117.2429625,32.8852282],[-117.2428012,32.8852316],[-117.2427976,32.8851796]]]}},{"type":"Feature","id":31808118,"properties":{"osmId":31808118,"category":"academic","building":"university","building_type":"education","name":"Visual Arts Facility - Building 3","sangis:OBJECTID":"11020","sangis:TYPE":"Education","source":"SanGIS Footprints_Nonresidential_SD public domain (http://www.sangis.org/)","_wikiTried":true},"geometry":{"type":"Polygon","coordinates":[[[-117.2338822,32.8786981],[-117.2339813,32.8787177],[-117.234017,32.8787248],[-117.2339972,32.8787954],[-117.2339709,32.8788891],[-117.2339008,32.8788752],[-117.2339211,32.878803],[-117.2338563,32.8787901],[-117.2338781,32.8787126],[-117.2338822,32.8786981]]]}},{"type":"Feature","id":31808133,"properties":{"osmId":31808133,"category":"academic","building":"yes","building_type":"education","created_by":"polyshp2osm","sangis:OBJECTID":"11170","sangis:TYPE":"Education","source":"SanGIS Footprints_Nonresidential_SD public domain (http://www.sangis.org/)"},"geometry":{"type":"Polygon","coordinates":[[[-117.2430748,32.8819249],[-117.2431845,32.881924],[-117.243186,32.8820586],[-117.2430763,32.8820595],[-117.2430748,32.8819249]]]}},{"type":"Feature","id":31808385,"properties":{"osmId":31808385,"category":"academic","addr:housenumber":"3366","addr:street":"N Torry Pines Court","building":"yes","building_type":"industrial","height":"9","sangis:OBJECTID":"11049","sangis:TYPE":"Industrial","source":"SanGIS Footprints_Nonresidential_SD public domain (http://www.sangis.org/)"},"geometry":{"type":"Polygon","coordinates":[[[-117.2418477,32.8934305],[-117.2418557,32.8934301],[-117.2418557,32.8934305],[-117.241871,32.8936656],[-117.2418735,32.8937052],[-117.2418911,32.8939764],[-117.2418745,32.8939769],[-117.2417145,32.8939813],[-117.2416402,32.8939834],[-117.2416401,32.8939819],[-117.2416237,32.8937072],[-117.2416078,32.893442],[-117.2418477,32.8934305]]]}},{"type":"Feature","id":31808523,"properties":{"osmId":31808523,"category":"academic","building":"yes","building_type":"education","sangis:OBJECTID":"11178","sangis:TYPE":"Education","source":"SanGIS Footprints_Nonresidential_SD public domain (http://www.sangis.org/)"},"geometry":{"type":"Polygon","coordinates":[[[-117.2430278,32.8823756],[-117.243191,32.882376],[-117.2431903,32.882581],[-117.2430272,32.8825806],[-117.2430278,32.8823756]]]}},{"type":"Feature","id":31808533,"properties":{"osmId":31808533,"category":"academic","building":"university","building_type":"education","name":"Warren Student Activity Center","sangis:OBJECTID":"11044","sangis:TYPE":"Education","source":"SanGIS Footprints_Nonresidential_SD public domain (http://www.sangis.org/)","_wikiTried":true},"geometry":{"type":"Polygon","coordinates":[[[-117.2331186,32.8823099],[-117.233104,32.8822512],[-117.2331795,32.8821896],[-117.2332118,32.8822145],[-117.2332344,32.8821951],[-117.2333483,32.8822755],[-117.2333417,32.8822836],[-117.2333644,32.8823038],[-117.2333643,32.8823246],[-117.2333362,32.8823459],[-117.2333754,32.8823758],[-117.2333816,32.8823693],[-117.2334696,32.8824377],[-117.2333892,32.8825065],[-117.2334885,32.8825892],[-117.2334052,32.8826625],[-117.233384,32.8826452],[-117.2333795,32.8826487],[-117.2332593,32.8825482],[-117.2332811,32.8825269],[-117.233242,32.8824941],[-117.2332313,32.8825028],[-117.2332035,32.8824797],[-117.2332176,32.8824661],[-117.2331539,32.8824144],[-117.2331677,32.8824011],[-117.2331435,32.8823831],[-117.2331671,32.8823611],[-117.2331444,32.8823419],[-117.2331186,32.8823099]]]}},{"type":"Feature","id":31808835,"properties":{"osmId":31808835,"category":"academic","building":"university","building_type":"education","name":"Robinson Auditorium","sangis:OBJECTID":"11199","sangis:TYPE":"Education","source":"SanGIS Footprints_Nonresidential_SD public domain (http://www.sangis.org/)","_wikiTried":true},"geometry":{"type":"Polygon","coordinates":[[[-117.2409294,32.8841847],[-117.2409624,32.8841981],[-117.2409866,32.8842214],[-117.2410062,32.8842458],[-117.2410524,32.8842428],[-117.2410532,32.8842561],[-117.2410558,32.884277],[-117.2410507,32.884301],[-117.2410491,32.8843105],[-117.2410363,32.8843432],[-117.2410308,32.8843513],[-117.2410168,32.8843742],[-117.2409866,32.8843984],[-117.2409491,32.8843764],[-117.2409218,32.8843876],[-117.2408958,32.8843909],[-117.2407601,32.8843175],[-117.2407519,32.8842848],[-117.2407571,32.8842543],[-117.2407688,32.8842294],[-117.2407883,32.8842088],[-117.2408177,32.8841912],[-117.2408552,32.8841797],[-117.2408925,32.8841775],[-117.2409294,32.8841847]]]}},{"type":"Feature","id":31808837,"properties":{"osmId":31808837,"category":"academic","building":"yes","building_type":"education","created_by":"polyshp2osm","sangis:OBJECTID":"11015","sangis:TYPE":"Education","source":"SanGIS Footprints_Nonresidential_SD public domain (http://www.sangis.org/)"},"geometry":{"type":"Polygon","coordinates":[[[-117.2430507,32.8818579],[-117.2430426,32.8816519],[-117.2431844,32.881648],[-117.2431925,32.881854],[-117.2430507,32.8818579]]]}},{"type":"Feature","id":31808898,"properties":{"osmId":31808898,"category":"residential","addr:city":"La Jolla","addr:housenumber":"2915","addr:postcode":"92037","addr:state":"CA","addr:street":"Pangea Drive","building":"apartments","name":"Pangea Residence Halls","sangis:OBJECTID":"11196","sangis:TYPE":"Education","source":"SanGIS Footprints_Nonresidential_SD public domain (http://www.sangis.org/)","_wikiTried":true},"geometry":{"type":"Polygon","coordinates":[[[-117.2426482,32.8836685],[-117.2426483,32.8836355],[-117.2426352,32.8836354],[-117.2426353,32.8835974],[-117.2426248,32.8835974],[-117.2426248,32.8836006],[-117.2425932,32.8836005],[-117.2425932,32.8836077],[-117.242567,32.8836077],[-117.242567,32.8836004],[-117.2425551,32.8836003],[-117.2425551,32.8836177],[-117.2425175,32.8836177],[-117.2425176,32.8835816],[-117.2425017,32.8835816],[-117.2425017,32.8835734],[-117.2424849,32.8835734],[-117.242485,32.8834637],[-117.2425013,32.8834637],[-117.2425013,32.8834573],[-117.2425146,32.8834573],[-117.2425147,32.883422],[-117.2425544,32.883422],[-117.2425544,32.8834401],[-117.2425639,32.8834401],[-117.2425639,32.8834335],[-117.2425892,32.8834335],[-117.2425892,32.8834856],[-117.2426059,32.8834856],[-117.2426107,32.8834856],[-117.2426107,32.8835018],[-117.2426157,32.8835018],[-117.242619,32.8835018],[-117.242619,32.8835047],[-117.2426275,32.8835047],[-117.2426353,32.8835047],[-117.2426353,32.8834655],[-117.2426495,32.8834655],[-117.2426495,32.8834294],[-117.2427573,32.8834293],[-117.2427573,32.8834665],[-117.2427736,32.8834664],[-117.2427737,32.8835039],[-117.2427934,32.8835039],[-117.2428016,32.8835039],[-117.2428015,32.8834816],[-117.2428069,32.883482],[-117.2428098,32.8834821],[-117.2428249,32.883482],[-117.2428377,32.8834819],[-117.2428542,32.8834816],[-117.2428542,32.8835019],[-117.2428663,32.8835019],[-117.2428662,32.8834665],[-117.2428796,32.8834665],[-117.2428795,32.8834312],[-117.2429897,32.883431],[-117.2429898,32.8834675],[-117.2430055,32.8834674],[-117.2430057,32.8835046],[-117.2430207,32.8835045],[-117.2430209,32.88354],[-117.2430782,32.8835398],[-117.243078,32.8835063],[-117.243094,32.8835062],[-117.2430934,32.8834834],[-117.2430938,32.8834662],[-117.2431057,32.8834662],[-117.2431055,32.8834291],[-117.2432182,32.8834286],[-117.2432184,32.883466],[-117.243233,32.883466],[-117.2432333,32.883506],[-117.2432502,32.8835059],[-117.2432627,32.8835059],[-117.2432623,32.8834318],[-117.2432712,32.8834318],[-117.2433115,32.8834316],[-117.2433116,32.8834488],[-117.2433195,32.8834487],[-117.2433193,32.8834096],[-117.2433335,32.8834095],[-117.2433333,32.8833758],[-117.2434393,32.8833755],[-117.2434395,32.8834072],[-117.2434522,32.8834072],[-117.2434523,32.8834439],[-117.2434773,32.8834438],[-117.2434857,32.8834438],[-117.2434856,32.8834267],[-117.2434907,32.8834267],[-117.2435041,32.8834267],[-117.2435039,32.8833765],[-117.2435198,32.8833765],[-117.2435199,32.8833835],[-117.2435392,32.8833835],[-117.2435392,32.8833666],[-117.2435717,32.8833666],[-117.2435717,32.8834017],[-117.2435877,32.8834017],[-117.2435877,32.8834073],[-117.2436067,32.8834073],[-117.2436065,32.8835146],[-117.2435897,32.8835146],[-117.2435897,32.8835208],[-117.243575,32.8835207],[-117.2435748,32.8835562],[-117.2435405,32.8835561],[-117.2435406,32.8835393],[-117.2435259,32.8835392],[-117.2435258,32.8835466],[-117.2435037,32.8835465],[-117.2435037,32.8835356],[-117.2434702,32.8835354],[-117.2434702,32.883532],[-117.2434613,32.883532],[-117.2434609,32.8835713],[-117.243447,32.8835712],[-117.2434466,32.8836072],[-117.2433367,32.8836065],[-117.243337,32.8835761],[-117.2433235,32.883576],[-117.2433238,32.8835387],[-117.2433114,32.8835386],[-117.2433114,32.8835443],[-117.2432857,32.8835441],[-117.243281,32.8835441],[-117.2432809,32.8835564],[-117.2432467,32.8835562],[-117.2432464,32.8835906],[-117.2432328,32.8835905],[-117.2432325,32.8836297],[-117.2432207,32.8836296],[-117.2432204,32.883667],[-117.2431084,32.8836663],[-117.2431087,32.8836361],[-117.2430931,32.8836361],[-117.2430935,32.8835979],[-117.2430871,32.8835979],[-117.2430871,32.883601],[-117.2430788,32.883601],[-117.2430526,32.8836008],[-117.2430529,32.8835608],[-117.2430318,32.8835607],[-117.2430174,32.8835606],[-117.2430172,32.8835932],[-117.2430029,32.8835931],[-117.2430026,32.8836305],[-117.2429888,32.8836304],[-117.2429885,32.8836679],[-117.2428812,32.8836674],[-117.2428814,32.8836342],[-117.2428677,32.8836342],[-117.242868,32.883595],[-117.2428562,32.8835949],[-117.2428523,32.8835949],[-117.2428523,32.8835997],[-117.2428269,32.8835995],[-117.2428272,32.8835619],[-117.242805,32.8835618],[-117.2427916,32.8835617],[-117.2427913,32.8835973],[-117.2427747,32.8835972],[-117.2427745,32.8836301],[-117.2427627,32.88363],[-117.2427624,32.8836692],[-117.2426482,32.8836685]]]}},{"type":"Feature","id":31809598,"properties":{"osmId":31809598,"category":"academic","building":"university","building_type":"education","name":"Oceanview Terrace Lounge","sangis:OBJECTID":"11191","sangis:TYPE":"Education","source":"SanGIS Footprints_Nonresidential_SD public domain (http://www.sangis.org/)","_wikiTried":true},"geometry":{"type":"Polygon","coordinates":[[[-117.2425246,32.882979],[-117.2426117,32.8829782],[-117.2426529,32.8829778],[-117.2427908,32.8829759],[-117.2427909,32.8830289],[-117.2428198,32.8830302],[-117.2428559,32.8830301],[-117.2428565,32.8830592],[-117.2428567,32.8830852],[-117.2429219,32.8830844],[-117.2429219,32.883118],[-117.2429456,32.8831327],[-117.2429632,32.8831558],[-117.2429723,32.8831834],[-117.2429728,32.8832075],[-117.2429681,32.8832268],[-117.2429572,32.8832473],[-117.2429435,32.8832618],[-117.2429261,32.8832751],[-117.2429245,32.8833126],[-117.2428355,32.8833126],[-117.2428227,32.8833127],[-117.2428075,32.8833129],[-117.2425257,32.8833137],[-117.2425257,32.88331],[-117.2425256,32.883301],[-117.2425255,32.8832499],[-117.2425254,32.8832299],[-117.242525,32.8831831],[-117.2425251,32.8831415],[-117.2425246,32.882979]]]}},{"type":"Feature","id":31809850,"properties":{"osmId":31809850,"category":"academic","building":"yes","building_type":"education","sangis:OBJECTID":"11183","sangis:TYPE":"Education","source":"SanGIS Footprints_Nonresidential_SD public domain (http://www.sangis.org/)"},"geometry":{"type":"Polygon","coordinates":[[[-117.2433241,32.882575],[-117.2433228,32.8824057],[-117.24345,32.882405],[-117.2434512,32.8825743],[-117.2433241,32.882575]]]}},{"type":"Feature","id":31810077,"properties":{"osmId":31810077,"category":"academic","building":"yes","building_type":"education","sangis:OBJECTID":"11194","sangis:TYPE":"Education","source":"SanGIS Footprints_Nonresidential_SD public domain (http://www.sangis.org/)"},"geometry":{"type":"Polygon","coordinates":[[[-117.2407811,32.8836322],[-117.2407807,32.8835936],[-117.2407937,32.8835935],[-117.2407933,32.8835565],[-117.2407818,32.8835566],[-117.2407815,32.8835211],[-117.2408085,32.883521],[-117.2408084,32.8835103],[-117.2408708,32.8835099],[-117.2408706,32.8834864],[-117.2408097,32.8834867],[-117.2408096,32.8834749],[-117.2407828,32.883475],[-117.2407825,32.8834401],[-117.2407936,32.88344],[-117.2407933,32.8834014],[-117.2407821,32.8834014],[-117.2407819,32.8833659],[-117.2408067,32.8833658],[-117.2408066,32.8833544],[-117.2408666,32.8833542],[-117.2408665,32.8833417],[-117.2409141,32.8833415],[-117.2409143,32.8833743],[-117.2409917,32.8833739],[-117.2409915,32.8833432],[-117.2410407,32.883343],[-117.2410408,32.8833551],[-117.2411,32.8833548],[-117.2411001,32.8833674],[-117.2411274,32.8833673],[-117.2411276,32.8834026],[-117.2411193,32.8834027],[-117.2411195,32.883435],[-117.2411298,32.883435],[-117.2411301,32.8834761],[-117.2411057,32.8834763],[-117.2411058,32.8834892],[-117.2410447,32.8834896],[-117.2410448,32.8835013],[-117.240991,32.8835016],[-117.2409907,32.8834704],[-117.2409219,32.8834708],[-117.2409223,32.8835229],[-117.2409602,32.8835226],[-117.2409611,32.8836221],[-117.2409186,32.8836224],[-117.2409189,32.8836535],[-117.2408685,32.8836538],[-117.2408684,32.8836429],[-117.2408071,32.8836433],[-117.240807,32.883632],[-117.2407811,32.8836322]]]}},{"type":"Feature","id":31810081,"properties":{"osmId":31810081,"category":"academic","building":"yes","building_type":"education","name":"CSC Fleet Services","sangis:OBJECTID":"11046","sangis:TYPE":"Education","source":"SanGIS Footprints_Nonresidential_SD public domain (http://www.sangis.org/)","_wikiTried":true},"geometry":{"type":"Polygon","coordinates":[[[-117.2292264,32.8835485],[-117.2292247,32.8837422],[-117.2289509,32.8837405],[-117.2289526,32.8835468],[-117.2292264,32.8835485]]]}},{"type":"Feature","id":31810537,"properties":{"osmId":31810537,"category":"academic","building":"yes","building_type":"education","name":"400","sangis:OBJECTID":"11023","sangis:TYPE":"Education","source":"SanGIS Footprints_Nonresidential_SD public domain (http://www.sangis.org/)","_wikiTried":true},"geometry":{"type":"Polygon","coordinates":[[[-117.2299273,32.878963],[-117.2299206,32.8789775],[-117.2299088,32.8789741],[-117.2299053,32.8789835],[-117.229806,32.8789526],[-117.2298102,32.8789419],[-117.2297982,32.8789383],[-117.2298052,32.878921],[-117.2296948,32.8788868],[-117.2296995,32.8788747],[-117.2296861,32.8788704],[-117.2297303,32.8787688],[-117.2297415,32.8787728],[-117.2297466,32.8787627],[-117.2298749,32.8788044],[-117.2298707,32.8788146],[-117.2298812,32.8788181],[-117.229875,32.878833],[-117.2299454,32.8788558],[-117.2299562,32.8788327],[-117.2300791,32.8788733],[-117.2300702,32.8788945],[-117.2301559,32.8789213],[-117.2301521,32.8789322],[-117.2301634,32.8789362],[-117.2301572,32.8789526],[-117.2302424,32.8789797],[-117.2302378,32.8789892],[-117.2302857,32.8790045],[-117.2302305,32.8791168],[-117.2300879,32.8790707],[-117.2300924,32.8790598],[-117.2300809,32.8790564],[-117.2300868,32.8790402],[-117.229999,32.8790146],[-117.2300039,32.8790043],[-117.2299921,32.8790007],[-117.2299991,32.8789854],[-117.2299273,32.878963]]]}},{"type":"Feature","id":31810565,"properties":{"osmId":31810565,"category":"academic","addr:city":"San Diego","addr:housenumber":"10350","addr:postcode":"92121","addr:street":"North Torrey Pines Road","building":"yes","building_type":"industrial","height":"10","name":"West Health Institute","office":"research","phone":"+1-858-535-7000","sangis:OBJECTID":"11052","sangis:TYPE":"Industrial","source":"SanGIS Footprints_Nonresidential_SD public domain (http://www.sangis.org/)","source:addr":"SanGIS Addresses Public Domain (http://www.sangis.org/)","website":"https://www.westhealth.org/","_wikiTried":true},"geometry":{"type":"Polygon","coordinates":[[[-117.2415206,32.8914825],[-117.2416279,32.8913418],[-117.2418461,32.8914625],[-117.2419245,32.8915059],[-117.2419392,32.8915141],[-117.241848,32.8916291],[-117.2417349,32.8917717],[-117.2415225,32.8916536],[-117.2414295,32.8916019],[-117.2415,32.8915093],[-117.2415206,32.8914825]]]}},{"type":"Feature","id":31810880,"properties":{"osmId":31810880,"category":"academic","addr:state":"CA","building":"university","building_type":"education","ele":"110","gnis:feature_id":"2456285","name":"Charles Lee Powell Structural Systems Laboratory","sangis:OBJECTID":"11038","sangis:TYPE":"Education","source":"SanGIS Footprints_Nonresidential_SD public domain (http://www.sangis.org/);USGS Geonames","wikipedia":"en:Jacobs School of Engineering","_wikiTried":true},"geometry":{"type":"Polygon","coordinates":[[[-117.234873,32.880502],[-117.2350482,32.8805005],[-117.2350487,32.8805426],[-117.2350485,32.8805765],[-117.2350487,32.880597],[-117.235049,32.8806159],[-117.2350523,32.8808437],[-117.2348765,32.8808452],[-117.2348758,32.8807864],[-117.2348367,32.8807867],[-117.234834,32.8805592],[-117.2348737,32.8805589],[-117.234873,32.880502]]]}},{"type":"Feature","id":31816001,"properties":{"osmId":31816001,"category":"academic","amenity":"studio","building":"university","building_type":"education","ele":"125","name":"Molli and Arthur Wagner Dance Building","sangis:OBJECTID":"8556","sangis:TYPE":"Education","source":"SanGIS Footprints_Nonresidential_SD public domain (http://www.sangis.org/)","type":"dance","wikidata":"Q120405650","_wikiTried":true},"geometry":{"type":"Polygon","coordinates":[[[-117.2398841,32.8719312],[-117.2399648,32.8717711],[-117.2400375,32.8717963],[-117.2400773,32.871759],[-117.240043,32.8717075],[-117.2402502,32.8716146],[-117.2403306,32.8717398],[-117.2401965,32.871803],[-117.2402325,32.871861],[-117.2403311,32.8718707],[-117.2403066,32.8720494],[-117.2401789,32.8720359],[-117.2401843,32.8719999],[-117.2401633,32.8719984],[-117.2401736,32.8718937],[-117.240115,32.8718746],[-117.2400238,32.8720682],[-117.2400008,32.8720744],[-117.2399923,32.8721295],[-117.239991,32.8721858],[-117.2399177,32.8721789],[-117.2399157,32.8721934],[-117.23984,32.8721864],[-117.2398614,32.872001],[-117.2399292,32.8720075],[-117.239956,32.8719574],[-117.2398841,32.8719312]]]}},{"type":"Feature","id":31816189,"properties":{"osmId":31816189,"category":"academic","addr:city":"La Jolla","addr:housenumber":"8750","addr:postcode":"92037","addr:state":"CA","addr:street":"Biological Grade","building":"university","building_type":"education","name":"Hubbs Hall","sangis:OBJECTID":"8581","sangis:TYPE":"Education","source":"SanGIS Footprints_Nonresidential_SD public domain (http://www.sangis.org/)","_wikiTried":true},"geometry":{"type":"Polygon","coordinates":[[[-117.2536005,32.8671749],[-117.2536021,32.8676589],[-117.2536023,32.8677423],[-117.2532445,32.8677432],[-117.2532445,32.8677344],[-117.2532426,32.8671757],[-117.2532701,32.8671757],[-117.2536005,32.8671749]]]}},{"type":"Feature","id":31816207,"properties":{"osmId":31816207,"category":"academic","addr:state":"CA","building":"university","building:levels":"4","building_type":"education","ele":"125","gnis:feature_id":"2456416","name":"York Hall","sangis:OBJECTID":"8559","sangis:TYPE":"Education","source":"SanGIS Footprints_Nonresidential_SD public domain (http://www.sangis.org/);USGS Geonames","_wikiTried":true},"geometry":{"type":"Polygon","coordinates":[[[-117.2401673,32.8744219],[-117.2401651,32.8743204],[-117.2397051,32.8743253],[-117.2397044,32.8740953],[-117.2402789,32.874099],[-117.2402943,32.8740989],[-117.2403031,32.8749369],[-117.239886,32.8749417],[-117.2398865,32.874963],[-117.2396503,32.8749673],[-117.239649,32.8749165],[-117.2397131,32.8749153],[-117.2397081,32.8747111],[-117.2401637,32.8747048],[-117.2401616,32.8746074],[-117.2398326,32.8746124],[-117.2398286,32.874427],[-117.2401673,32.8744219]]]}},{"type":"Feature","id":31816208,"properties":{"osmId":31816208,"category":"academic","building":"university","building_type":"education","name":"Humanities & Social Sciences","sangis:OBJECTID":"8571","sangis:TYPE":"Education","source":"SanGIS Footprints_Nonresidential_SD public domain (http://www.sangis.org/)","_wikiTried":true},"geometry":{"type":"Polygon","coordinates":[[[-117.241588,32.8781095],[-117.241792,32.8781079],[-117.241795,32.8783874],[-117.24159,32.8783889],[-117.241588,32.8781095]]]}},{"type":"Feature","id":31816254,"properties":{"osmId":31816254,"category":"residential","building":"residential","building:levels":"6","building_type":"education","name":"Brennan Hall","sangis:OBJECTID":"8706","sangis:TYPE":"Education","source":"SanGIS Footprints_Nonresidential_SD public domain (http://www.sangis.org/)","_wikiTried":true},"geometry":{"type":"Polygon","coordinates":[[[-117.233164,32.883002],[-117.2331917,32.8829813],[-117.2332179,32.8830044],[-117.2332374,32.8829884],[-117.2332812,32.8829525],[-117.233271,32.8829438],[-117.2332854,32.882929],[-117.2332609,32.8829097],[-117.2332367,32.8829282],[-117.2331824,32.8828858],[-117.2331724,32.8828931],[-117.2331342,32.8828596],[-117.2331161,32.882874],[-117.2331015,32.8828611],[-117.2330665,32.88283],[-117.2330558,32.8828388],[-117.2330169,32.8828078],[-117.2329605,32.8828509],[-117.232999,32.8828816],[-117.2329886,32.8828908],[-117.2330141,32.8829118],[-117.2329743,32.8829462],[-117.2330101,32.8829775],[-117.232985,32.8829979],[-117.2329729,32.8829881],[-117.232934,32.8830214],[-117.2329075,32.8830018],[-117.2329178,32.8829922],[-117.2328422,32.8829314],[-117.2328175,32.8829513],[-117.2328437,32.8829722],[-117.2328108,32.8830001],[-117.2328207,32.8830083],[-117.232795,32.8830282],[-117.232736,32.8829785],[-117.2327246,32.8829857],[-117.2327005,32.882963],[-117.232738,32.8829284],[-117.2326941,32.8828908],[-117.2326789,32.8829011],[-117.2326522,32.8828806],[-117.2326282,32.8829034],[-117.2325976,32.8828763],[-117.2325857,32.8828851],[-117.2325586,32.8828626],[-117.2326188,32.8828124],[-117.2325863,32.8827847],[-117.2325627,32.8828054],[-117.2325025,32.882757],[-117.2325537,32.8827149],[-117.2325198,32.8826872],[-117.2325024,32.8827014],[-117.2324857,32.8826883],[-117.2324757,32.8826956],[-117.2324628,32.8826813],[-117.2324514,32.8826882],[-117.2324285,32.8826687],[-117.2324867,32.8826173],[-117.2324517,32.8825893],[-117.2324254,32.8826113],[-117.2323573,32.8825543],[-117.2323863,32.8825299],[-117.2323952,32.8825383],[-117.2324606,32.8824823],[-117.2324026,32.8824336],[-117.2324263,32.8824115],[-117.232416,32.8824019],[-117.232448,32.8823748],[-117.2324948,32.8824118],[-117.2325228,32.8823871],[-117.2324729,32.8823465],[-117.2325331,32.8822942],[-117.2325617,32.8823157],[-117.2325888,32.8822952],[-117.2326113,32.8823162],[-117.2325862,32.8823374],[-117.2326209,32.882369],[-117.2325263,32.8824472],[-117.2325527,32.8824692],[-117.2324939,32.882519],[-117.2325098,32.8825313],[-117.2324934,32.8825439],[-117.2325363,32.882576],[-117.2325263,32.8825839],[-117.2325826,32.8826301],[-117.2325652,32.8826461],[-117.2326037,32.8826761],[-117.2325921,32.8826837],[-117.2326435,32.8827269],[-117.2326207,32.8827488],[-117.2326371,32.8827639],[-117.2326495,32.8827541],[-117.2327099,32.8828068],[-117.2326995,32.882816],[-117.2327126,32.8828261],[-117.2326897,32.8828462],[-117.2327357,32.8828843],[-117.2327782,32.8829195],[-117.2328302,32.8828767],[-117.2328593,32.8828528],[-117.232834,32.8828296],[-117.2328597,32.8828066],[-117.232835,32.882787],[-117.2328648,32.8827607],[-117.2328548,32.8827525],[-117.2328824,32.8827264],[-117.2329402,32.8827779],[-117.2330102,32.8827207],[-117.2329984,32.8827097],[-117.233023,32.8826911],[-117.2330629,32.8827204],[-117.2330752,32.8827113],[-117.2331058,32.8827372],[-117.2330943,32.8827468],[-117.2331076,32.882758],[-117.2330802,32.8827787],[-117.233101,32.8827962],[-117.23316,32.8827456],[-117.2332176,32.882795],[-117.2332088,32.8828014],[-117.2332221,32.8828127],[-117.2331993,32.8828313],[-117.2332221,32.8828488],[-117.2332786,32.8828016],[-117.2333361,32.8828494],[-117.2333036,32.8828784],[-117.233423,32.8829629],[-117.2333564,32.8830196],[-117.2333294,32.8829998],[-117.233298,32.8830259],[-117.2332936,32.8830291],[-117.2332469,32.8830698],[-117.2332577,32.8830785],[-117.2332313,32.8831002],[-117.233167,32.8830468],[-117.2331909,32.8830234],[-117.233164,32.883002]]]}},{"type":"Feature","id":31816297,"properties":{"osmId":31816297,"category":"academic","building":"university","building_type":"education","name":"Mandeville Center","sangis:OBJECTID":"8570","sangis:TYPE":"Education","source":"SanGIS Footprints_Nonresidential_SD public domain (http://www.sangis.org/)","_wikiTried":true},"geometry":{"type":"Polygon","coordinates":[[[-117.2399712,32.8780538],[-117.2399708,32.8779136],[-117.2399046,32.8779138],[-117.2399046,32.8778977],[-117.2398014,32.877898],[-117.2398016,32.8779603],[-117.2391545,32.8779617],[-117.2391535,32.8776538],[-117.2391682,32.8776538],[-117.2393586,32.8776533],[-117.2397308,32.8776525],[-117.2397309,32.8777044],[-117.2399731,32.8777038],[-117.2399723,32.8774495],[-117.2406786,32.8774479],[-117.2406793,32.8776703],[-117.2408088,32.87767],[-117.2408095,32.8778985],[-117.2407379,32.8778987],[-117.2405841,32.877899],[-117.2405848,32.8781054],[-117.2404307,32.8781057],[-117.2402569,32.8781061],[-117.2402266,32.8781062],[-117.2402261,32.8779736],[-117.2401668,32.8779737],[-117.2401666,32.8779049],[-117.2400703,32.8779051],[-117.2400709,32.8781062],[-117.2400713,32.8782291],[-117.2400519,32.8782291],[-117.2399718,32.8782293],[-117.2399712,32.8780538]]]}},{"type":"Feature","id":31816327,"properties":{"osmId":31816327,"category":"academic","building":"yes","building_type":"education","name":"409 University Center","sangis:OBJECTID":"8693","sangis:TYPE":"Education","source":"SanGIS Footprints_Nonresidential_SD public domain (http://www.sangis.org/)","_wikiTried":true},"geometry":{"type":"Polygon","coordinates":[[[-117.2345231,32.8790335],[-117.2345927,32.8790238],[-117.2345611,32.8788646],[-117.2348722,32.8788211],[-117.2348997,32.8789592],[-117.2349323,32.8789546],[-117.2349647,32.8791176],[-117.2349858,32.8791146],[-117.2350036,32.8792046],[-117.2345691,32.8792654],[-117.2345231,32.8790335]]]}},{"type":"Feature","id":31816432,"properties":{"osmId":31816432,"category":"academic","building":"yes","building_type":"education","name":"1400","sangis:OBJECTID":"12723","sangis:TYPE":"Education","source":"SanGIS Footprints_Nonresidential_SD public domain (http://www.sangis.org/)","_wikiTried":true},"geometry":{"type":"Polygon","coordinates":[[[-117.2308266,32.8779492],[-117.2307553,32.8779272],[-117.2307494,32.8779398],[-117.2307355,32.877936],[-117.2307292,32.8779525],[-117.2306177,32.8779202],[-117.2306764,32.8777865],[-117.2307711,32.8778146],[-117.2307781,32.8777994],[-117.2307947,32.8778042],[-117.2308014,32.8777962],[-117.2308994,32.877825],[-117.2308938,32.8778363],[-117.2309058,32.877841],[-117.2308989,32.8778567],[-117.2310259,32.8778983],[-117.2309663,32.8780103],[-117.2309323,32.8779989],[-117.2309254,32.8780109],[-117.2308287,32.8779793],[-117.2308342,32.8779678],[-117.2308209,32.8779621],[-117.2308266,32.8779492]]]}},{"type":"Feature","id":31816451,"properties":{"osmId":31816451,"category":"academic","addr:state":"CA","building":"university","building:levels":"4","building_type":"education","ele":"108","faculty":"bio_engineering","gnis:feature_id":"2456342","name":"Powell-Focht Bioengineering Hall","sangis:OBJECTID":"8702","sangis:TYPE":"Education","source":"SanGIS Footprints_Nonresidential_SD public domain (http://www.sangis.org/);USGS Geonames","wikipedia":"en:Jacobs School of Engineering","_wikiTried":true},"geometry":{"type":"Polygon","coordinates":[[[-117.2345568,32.881359],[-117.2345598,32.881673],[-117.2344612,32.8816741],[-117.2344618,32.8817054],[-117.2344666,32.8817109],[-117.2344677,32.8817145],[-117.2344711,32.8817215],[-117.2344712,32.881732],[-117.2344784,32.8817376],[-117.2344957,32.881723],[-117.2345237,32.8817465],[-117.2348056,32.8819766],[-117.2347093,32.8820621],[-117.2347022,32.882058],[-117.2346435,32.8821091],[-117.2345003,32.8820007],[-117.2342844,32.8818152],[-117.2342441,32.8817804],[-117.2342409,32.8816775],[-117.2342336,32.8814928],[-117.234233,32.8814783],[-117.2342283,32.8813504],[-117.2345496,32.8813527],[-117.2345568,32.881359]]]}},{"type":"Feature","id":31816463,"properties":{"osmId":31816463,"category":"academic","building":"university","building_type":"education","name":"School of Medicine Building 2","sangis:OBJECTID":"8635","sangis:TYPE":"Education","source":"SanGIS Footprints_Nonresidential_SD public domain (http://www.sangis.org/)","_wikiTried":true},"geometry":{"type":"Polygon","coordinates":[[[-117.2339966,32.8755027],[-117.2339931,32.8754412],[-117.2339135,32.8754412],[-117.2339141,32.8753677],[-117.2339894,32.8753642],[-117.2339893,32.8753063],[-117.2342304,32.8753001],[-117.2342355,32.8753768],[-117.2342802,32.8753762],[-117.2342817,32.8754589],[-117.2342152,32.8754598],[-117.2342159,32.8754975],[-117.2341747,32.875498],[-117.2339966,32.8755027]]]}},{"type":"Feature","id":31816488,"properties":{"osmId":31816488,"category":"athletic","building":"yes","building_type":"education","layer":"1","leisure":"sports_centre","name":"RIMAC Arena","sangis:OBJECTID":"8480","sangis:TYPE":"Education","seats":"5000","source":"SanGIS Footprints_Nonresidential_SD public domain (http://www.sangis.org/)","sport":"basketball","sport_1":"volleyball","wheelchair":"yes","wikidata":"Q7276790","wikipedia":"en:RIMAC","_wikiTried":true},"geometry":{"type":"Polygon","coordinates":[[[-117.239865,32.8856427],[-117.2398635,32.8856806],[-117.2398624,32.8857196],[-117.2395663,32.8857467],[-117.2395126,32.8857516],[-117.2394625,32.8857562],[-117.2392631,32.8857745],[-117.2392631,32.8857977],[-117.2391637,32.8857984],[-117.2390684,32.8857991],[-117.239066,32.8857883],[-117.2389929,32.8857932],[-117.2389916,32.8857823],[-117.2389894,32.8857629],[-117.2389872,32.8857442],[-117.2389859,32.885733],[-117.238815,32.8857362],[-117.2388145,32.8856949],[-117.2387859,32.8856954],[-117.2387863,32.8856796],[-117.238786,32.8856672],[-117.2388148,32.8856665],[-117.2388151,32.8856292],[-117.2387612,32.8856295],[-117.2387622,32.8855244],[-117.238777,32.8855245],[-117.2387778,32.8854005],[-117.238727,32.8854009],[-117.238722,32.8851751],[-117.2387744,32.8851731],[-117.2387704,32.8850443],[-117.2387227,32.8850453],[-117.2387173,32.8848995],[-117.2387637,32.8848998],[-117.2387778,32.8848998],[-117.2387977,32.8849],[-117.238813,32.8848999],[-117.2388115,32.8849336],[-117.2388471,32.8848998],[-117.2391038,32.8848985],[-117.2391365,32.8849269],[-117.2391361,32.8849702],[-117.2392831,32.8849707],[-117.2394467,32.8849695],[-117.2394469,32.8849595],[-117.2394472,32.8849437],[-117.2394494,32.8849149],[-117.2394793,32.8849129],[-117.2395328,32.8849526],[-117.2395582,32.8849715],[-117.2396562,32.8849692],[-117.2396728,32.8849692],[-117.239873,32.8849691],[-117.2398973,32.8849691],[-117.2399286,32.884969],[-117.2400514,32.884969],[-117.2400516,32.884994],[-117.2400698,32.8849942],[-117.2400865,32.8849944],[-117.2400868,32.8849712],[-117.2404338,32.8849696],[-117.240434,32.8850022],[-117.240541,32.8850017],[-117.2405422,32.8851834],[-117.2405413,32.8852078],[-117.2405418,32.8852159],[-117.240441,32.8852163],[-117.2404411,32.885256],[-117.2403026,32.8852629],[-117.240307,32.8853492],[-117.240311,32.8854124],[-117.2401957,32.8854187],[-117.2401924,32.8854369],[-117.2401934,32.8854559],[-117.2402052,32.8856154],[-117.239952,32.8856354],[-117.2399089,32.885639],[-117.239865,32.8856427]]]}},{"type":"Feature","id":31816526,"properties":{"osmId":31816526,"category":"academic","addr:city":"La Jolla","addr:housenumber":"8855","addr:postcode":"92037","addr:state":"CA","addr:street":"Biological Grade","building":"university","building_type":"education","name":"Isaacs Hall","sangis:OBJECTID":"8584","sangis:TYPE":"Education","source":"SanGIS Footprints_Nonresidential_SD public domain (http://www.sangis.org/)","_wikiTried":true},"geometry":{"type":"Polygon","coordinates":[[[-117.252239,32.8698523],[-117.2522415,32.8697479],[-117.2521696,32.8697467],[-117.2521748,32.869527],[-117.2524301,32.8695312],[-117.2524264,32.8696892],[-117.2525025,32.8696904],[-117.2524986,32.8698566],[-117.252239,32.8698523]]]}},{"type":"Feature","id":31816539,"properties":{"osmId":31816539,"category":"medical","building":"hospital","building_type":"hospital","name":"Hamilton Glaucoma and Jacobs Retina Center","sangis:OBJECTID":"8531","sangis:TYPE":"Hospital","source":"SanGIS Footprints_Nonresidential_SD public domain (http://www.sangis.org/)","_wikiTried":true},"geometry":{"type":"Polygon","coordinates":[[[-117.2231391,32.8789987],[-117.2231749,32.8789984],[-117.2231751,32.8790118],[-117.2231767,32.8791572],[-117.2231408,32.8791573],[-117.2228151,32.879158],[-117.2224894,32.8791587],[-117.2223272,32.8791591],[-117.2223256,32.8790185],[-117.2223255,32.8790051],[-117.2224877,32.8790039],[-117.2228134,32.8790013],[-117.2231391,32.8789987]]]}},{"type":"Feature","id":31816549,"properties":{"osmId":31816549,"category":"academic","building":"yes","building_type":"education","sangis:OBJECTID":"12653","sangis:TYPE":"Education","source":"SanGIS Footprints_Nonresidential_SD public domain (http://www.sangis.org/)"},"geometry":{"type":"Polygon","coordinates":[[[-117.2372752,32.8784661],[-117.2372957,32.8785713],[-117.2371396,32.8785928],[-117.2371191,32.8784875],[-117.2372752,32.8784661]]]}},{"type":"Feature","id":31816846,"properties":{"osmId":31816846,"category":"academic","addr:city":"La Jolla","addr:housenumber":"8755","addr:postcode":"92037","addr:state":"CA","addr:street":"Biological Grade","building":"university","building:levels":"3","building_type":"education","name":"Eckart Building","sangis:OBJECTID":"8580","sangis:TYPE":"Education","source":"SanGIS Footprints_Nonresidential_SD public domain (http://www.sangis.org/)","_wikiTried":true},"geometry":{"type":"Polygon","coordinates":[[[-117.2523233,32.8674686],[-117.2523681,32.8673369],[-117.2523273,32.8673088],[-117.2523565,32.8672346],[-117.2524653,32.8669589],[-117.2524715,32.8669432],[-117.2525168,32.8669585],[-117.2525867,32.8669821],[-117.2525605,32.8670563],[-117.2526446,32.8670815],[-117.2528381,32.8671395],[-117.2528037,32.867231],[-117.2527006,32.867505],[-117.2526492,32.8674901],[-117.2524907,32.8674441],[-117.252455,32.8675087],[-117.252418,32.8675756],[-117.2523243,32.8675545],[-117.2522963,32.8675482],[-117.2523093,32.8675099],[-117.2523233,32.8674686]]]}},{"type":"Feature","id":31816857,"properties":{"osmId":31816857,"category":"academic","building":"yes","building_type":"education","name":"800","sangis:OBJECTID":"12725","sangis:TYPE":"Education","source":"SanGIS Footprints_Nonresidential_SD public domain (http://www.sangis.org/)","_wikiTried":true},"geometry":{"type":"Polygon","coordinates":[[[-117.2296496,32.8778533],[-117.2298085,32.8779001],[-117.2297802,32.8779677],[-117.2299079,32.8780054],[-117.2298586,32.8781234],[-117.229715,32.878081],[-117.2297376,32.878027],[-117.2295946,32.8779848],[-117.2296496,32.8778533]]]}},{"type":"Feature","id":31816858,"properties":{"osmId":31816858,"category":"academic","building":"university","building:levels":"3","building_type":"education","ele":"114","name":"Center Hall","roof:shape":"skillion","sangis:OBJECTID":"8569","sangis:TYPE":"Education","source":"SanGIS Footprints_Nonresidential_SD public domain (http://www.sangis.org/)","_wikiTried":true},"geometry":{"type":"Polygon","coordinates":[[[-117.236894,32.8781699],[-117.2368875,32.8781454],[-117.236723,32.8781666],[-117.2366977,32.8780296],[-117.2367641,32.8780167],[-117.2367532,32.8779568],[-117.2371239,32.877907],[-117.2371631,32.8778788],[-117.2371614,32.8777337],[-117.2371605,32.8776077],[-117.2371602,32.8774975],[-117.2371919,32.8774979],[-117.2371925,32.877452],[-117.2371643,32.8774519],[-117.2371431,32.8774657],[-117.2371004,32.8774212],[-117.237128,32.8774015],[-117.2371258,32.8773844],[-117.2370875,32.8773848],[-117.2370505,32.8773828],[-117.2370495,32.877269],[-117.2371681,32.877268],[-117.2371679,32.8772547],[-117.2372391,32.8772637],[-117.2372679,32.8772762],[-117.237293,32.8772563],[-117.2373214,32.8772767],[-117.2373437,32.8773011],[-117.2373412,32.8773079],[-117.2373591,32.877336],[-117.237333,32.8773547],[-117.2373436,32.8773851],[-117.2373424,32.8774619],[-117.2373257,32.8774632],[-117.2373237,32.8775149],[-117.2374387,32.8775162],[-117.237443,32.8779272],[-117.2373442,32.8779301],[-117.2373319,32.8779713],[-117.2373161,32.878002],[-117.2372893,32.8780275],[-117.2372656,32.8780431],[-117.2372155,32.8780577],[-117.2372317,32.878124],[-117.236894,32.8781699]]]}},{"type":"Feature","id":31816878,"properties":{"osmId":31816878,"category":"academic","building":"university","building_type":"education","name":"Medical Genetics","sangis:OBJECTID":"8634","sangis:TYPE":"Education","source":"SanGIS Footprints_Nonresidential_SD public domain (http://www.sangis.org/)","_wikiTried":true},"geometry":{"type":"Polygon","coordinates":[[[-117.2335577,32.8752543],[-117.2338319,32.8752531],[-117.2338348,32.875491],[-117.2335605,32.875494],[-117.2335577,32.8752543]]]}},{"type":"Feature","id":31816958,"properties":{"osmId":31816958,"category":"academic","building":"university","building_type":"education","ele":"126","name":"Solis Hall","sangis:OBJECTID":"8472","sangis:TYPE":"Education","source":"SanGIS Footprints_Nonresidential_SD public domain (http://www.sangis.org/)","_wikiTried":true},"geometry":{"type":"Polygon","coordinates":[[[-117.2394903,32.8810168],[-117.239441,32.881018],[-117.2394388,32.8809196],[-117.2395092,32.8809176],[-117.2395106,32.8808589],[-117.239525,32.8808457],[-117.2397049,32.8808178],[-117.2397343,32.8807939],[-117.2397656,32.8807941],[-117.239776,32.8808001],[-117.2398713,32.8808001],[-117.2398752,32.8810408],[-117.2397852,32.881041],[-117.2397045,32.8811051],[-117.2395017,32.8810888],[-117.2394891,32.8810791],[-117.2394903,32.8810168]]]}},{"type":"Feature","id":31817117,"properties":{"osmId":31817117,"category":"residential","building":"residential","building_type":"education","ele":"107","name":"Stewart Hall","sangis:OBJECTID":"8713","sangis:TYPE":"Education","source":"SanGIS Footprints_Nonresidential_SD public domain (http://www.sangis.org/)","_wikiTried":true},"geometry":{"type":"Polygon","coordinates":[[[-117.2322636,32.884302],[-117.2322814,32.8842839],[-117.2322716,32.8842698],[-117.2322858,32.8842568],[-117.2322545,32.8842345],[-117.2322632,32.88422],[-117.2322398,32.8842022],[-117.2323126,32.8841349],[-117.2323386,32.8841542],[-117.2323498,32.8841453],[-117.2323857,32.8841715],[-117.2323994,32.8841611],[-117.232421,32.8841779],[-117.2324808,32.8841299],[-117.2324483,32.8841048],[-117.2324595,32.8840962],[-117.2324323,32.8840722],[-117.232507,32.884011],[-117.2325346,32.8840307],[-117.2325501,32.8840188],[-117.2325783,32.8840491],[-117.2325931,32.8840366],[-117.2326494,32.8840821],[-117.2326387,32.8840959],[-117.2326695,32.8841207],[-117.2326581,32.8841309],[-117.2326856,32.8841546],[-117.2326103,32.884221],[-117.2325865,32.8841993],[-117.2325745,32.8842092],[-117.2325411,32.8841833],[-117.2325243,32.884195],[-117.2325049,32.8841753],[-117.2324606,32.8842124],[-117.2324723,32.8842244],[-117.2324599,32.8842334],[-117.2324632,32.8842531],[-117.2324463,32.884265],[-117.232423,32.884264],[-117.2324114,32.8842743],[-117.2323969,32.884264],[-117.2323696,32.8842834],[-117.2323903,32.8843006],[-117.2323693,32.8843179],[-117.2323945,32.8843388],[-117.2324139,32.8843177],[-117.2324294,32.8843354],[-117.2324619,32.8843065],[-117.2324701,32.8843168],[-117.2324998,32.8842934],[-117.2325764,32.8843575],[-117.232551,32.8843794],[-117.2325618,32.8843924],[-117.2325325,32.8844149],[-117.2325423,32.8844283],[-117.2324855,32.8844801],[-117.2324716,32.8844676],[-117.2324392,32.8844935],[-117.2324263,32.884485],[-117.2324014,32.884507],[-117.2323241,32.8844439],[-117.2323534,32.8844214],[-117.2323385,32.8844112],[-117.232369,32.8843876],[-117.2323559,32.8843724],[-117.2323782,32.8843517],[-117.2323308,32.8843153],[-117.2323057,32.8843327],[-117.2322636,32.884302]]]}},{"type":"Feature","id":31817156,"properties":{"osmId":31817156,"category":"academic","building":"university","building_type":"education","name":"Center for Magnetic Recording Research","sangis:OBJECTID":"8700","sangis:TYPE":"Education","source":"SanGIS Footprints_Nonresidential_SD public domain (http://www.sangis.org/)","wikidata":"Q6119768","wikipedia":"en:Jacobs School of Engineering","_wikiTried":true},"geometry":{"type":"Polygon","coordinates":[[[-117.2353341,32.8808932],[-117.2353337,32.8808666],[-117.2353226,32.8808666],[-117.2352999,32.8808666],[-117.2352556,32.8808667],[-117.2352555,32.8808636],[-117.2352756,32.8808634],[-117.2352749,32.8808484],[-117.2351491,32.8808479],[-117.2351483,32.8808252],[-117.2351478,32.8808124],[-117.2351131,32.8808127],[-117.2351126,32.8807566],[-117.2351474,32.8807577],[-117.2351471,32.8807178],[-117.2352522,32.8807148],[-117.2352538,32.8806694],[-117.2352971,32.8806694],[-117.2352967,32.8806131],[-117.2352703,32.8806139],[-117.2352703,32.8805961],[-117.2352695,32.8805757],[-117.235268,32.8805161],[-117.2352219,32.8805162],[-117.2352206,32.880442],[-117.2352702,32.8804424],[-117.2352699,32.8803735],[-117.2353053,32.8803732],[-117.2353054,32.8804033],[-117.2353283,32.8804037],[-117.2353285,32.88039],[-117.2353649,32.8803899],[-117.2353656,32.8803548],[-117.2356903,32.8803534],[-117.2356887,32.8803879],[-117.2357042,32.8803882],[-117.2357817,32.8803894],[-117.2357824,32.8804221],[-117.2357466,32.880422],[-117.2357479,32.8804764],[-117.2357625,32.8804766],[-117.2357624,32.8804363],[-117.2358331,32.8804367],[-117.2358353,32.8805519],[-117.235763,32.880553],[-117.2357621,32.8805132],[-117.2357468,32.8805136],[-117.2357487,32.8805715],[-117.2357481,32.8805854],[-117.2357664,32.8805848],[-117.235766,32.8806228],[-117.2354076,32.8806223],[-117.2354067,32.8806745],[-117.2354067,32.8806941],[-117.2354744,32.8806944],[-117.2354749,32.880737],[-117.2354554,32.8807379],[-117.2354547,32.8807848],[-117.2355003,32.8807843],[-117.2355,32.8807509],[-117.2356027,32.8807496],[-117.2356027,32.880786],[-117.2355656,32.8807867],[-117.2355642,32.880799],[-117.235517,32.8807984],[-117.2355166,32.8808209],[-117.2355175,32.8808368],[-117.2354888,32.8808367],[-117.2354894,32.8808451],[-117.2354776,32.8808452],[-117.235477,32.8808753],[-117.2354568,32.8808757],[-117.2354573,32.8808931],[-117.2353341,32.8808932]]]}},{"type":"Feature","id":31817284,"properties":{"osmId":31817284,"category":"academic","building":"yes","building_type":"education","sangis:OBJECTID":"8467","sangis:TYPE":"Education","source":"SanGIS Footprints_Nonresidential_SD public domain (http://www.sangis.org/)"},"geometry":{"type":"Polygon","coordinates":[[[-117.2371179,32.8788966],[-117.2371041,32.8787613],[-117.2370966,32.8787618],[-117.2370811,32.8786089],[-117.2372119,32.8785996],[-117.2372143,32.8786239],[-117.2372339,32.8786225],[-117.2372363,32.8786461],[-117.2372869,32.8786425],[-117.2372917,32.8786899],[-117.2372785,32.8786908],[-117.2372846,32.8787504],[-117.2372694,32.8787515],[-117.2372704,32.8787615],[-117.2373479,32.8787559],[-117.2373525,32.8788007],[-117.2373303,32.8788023],[-117.2373375,32.8788724],[-117.237286,32.8788762],[-117.237287,32.8788857],[-117.2372054,32.8788915],[-117.2372174,32.8790086],[-117.2370466,32.8790209],[-117.2369346,32.879029],[-117.2369272,32.8789566],[-117.2370182,32.87895],[-117.2370135,32.8789041],[-117.2371179,32.8788966]]]}},{"type":"Feature","id":31817292,"properties":{"osmId":31817292,"category":"academic","building":"yes","building_type":"education","sangis:OBJECTID":"8707","sangis:TYPE":"Education","source":"SanGIS Footprints_Nonresidential_SD public domain (http://www.sangis.org/)"},"geometry":{"type":"Polygon","coordinates":[[[-117.2327709,32.8834617],[-117.2327778,32.8834526],[-117.2326933,32.8833837],[-117.2326585,32.8834146],[-117.2325937,32.8833631],[-117.2326551,32.8833086],[-117.232612,32.8832743],[-117.2325872,32.8832963],[-117.2325644,32.8832781],[-117.2325574,32.8832883],[-117.2325325,32.883268],[-117.2325948,32.883214],[-117.2325573,32.8831835],[-117.2325364,32.8832016],[-117.2325016,32.8831732],[-117.232491,32.8831824],[-117.232469,32.8831645],[-117.2325241,32.8831168],[-117.232464,32.8830678],[-117.2324882,32.8830468],[-117.2324783,32.8830326],[-117.2325026,32.8830112],[-117.2325151,32.8830212],[-117.2325544,32.8829866],[-117.2325824,32.8830091],[-117.2325679,32.8830219],[-117.2326261,32.8830687],[-117.2326044,32.8830877],[-117.2325982,32.8830827],[-117.2325789,32.8830996],[-117.232615,32.8831288],[-117.232589,32.8831515],[-117.2326823,32.8832269],[-117.2326645,32.8832424],[-117.2327554,32.8833159],[-117.232736,32.8833352],[-117.2327829,32.8833709],[-117.2328231,32.8833366],[-117.2328306,32.883342],[-117.2328836,32.8833022],[-117.2329069,32.8833199],[-117.232938,32.883297],[-117.2329467,32.8833065],[-117.2329702,32.8833257],[-117.2329449,32.8833474],[-117.2329751,32.8833721],[-117.2329471,32.8833962],[-117.2329573,32.8834046],[-117.23293,32.8834281],[-117.232866,32.8833757],[-117.2328316,32.8834054],[-117.2328571,32.8834263],[-117.232794,32.8834806],[-117.2327709,32.8834617]]]}},{"type":"Feature","id":31817368,"properties":{"osmId":31817368,"category":"academic","addr:city":"La Jolla","addr:housenumber":"8765","addr:postcode":"92037","addr:state":"CA","addr:street":"Biological Grade","building":"university","building_type":"education","name":"IGPP, Revelle Lab Building 2000","sangis:OBJECTID":"8582","sangis:TYPE":"Education","source":"SanGIS Footprints_Nonresidential_SD public domain (http://www.sangis.org/)","_wikiTried":true},"geometry":{"type":"Polygon","coordinates":[[[-117.2524059,32.8676672],[-117.2525547,32.8676939],[-117.2524763,32.8680016],[-117.2523281,32.8679749],[-117.2524059,32.8676672]]]}},{"type":"Feature","id":31817376,"properties":{"osmId":31817376,"category":"academic","addr:city":"La Jolla","addr:housenumber":"8800","addr:postcode":"92037","addr:state":"CA","addr:street":"Biological Grade","building":"university","building_type":"education","name":"IGPP, Munk Laboratory","sangis:OBJECTID":"12661","sangis:TYPE":"Education","source":"SanGIS Footprints_Nonresidential_SD public domain (http://www.sangis.org/)","_wikiTried":true},"geometry":{"type":"Polygon","coordinates":[[[-117.2528198,32.868532],[-117.2528226,32.8684025],[-117.2526388,32.8683997],[-117.2526421,32.8682492],[-117.2528275,32.868252],[-117.2528347,32.867919],[-117.2529141,32.8679203],[-117.2530017,32.8679216],[-117.2529945,32.8682509],[-117.2533467,32.8682563],[-117.2534369,32.8682577],[-117.2534335,32.8684118],[-117.2530026,32.8684051],[-117.2529998,32.8685347],[-117.2528198,32.868532]]]}},{"type":"Feature","id":31817466,"properties":{"osmId":31817466,"category":"academic","addr:city":"La Jolla","addr:housenumber":"8785","addr:postcode":"92037","addr:state":"CA","addr:street":"Biological Grade","building":"university","building_type":"education","name":"IGPP, Revelle Lab Building 4000","sangis:OBJECTID":"8583","sangis:TYPE":"Education","source":"SanGIS Footprints_Nonresidential_SD public domain (http://www.sangis.org/)","_wikiTried":true},"geometry":{"type":"Polygon","coordinates":[[[-117.2520752,32.8685462],[-117.2520671,32.8684486],[-117.2521294,32.8684468],[-117.252131,32.868414],[-117.2520954,32.8684145],[-117.252093,32.8683871],[-117.2520801,32.8683876],[-117.2520725,32.8682497],[-117.2521662,32.8682429],[-117.2522321,32.8682382],[-117.2522485,32.8684418],[-117.2523219,32.868439],[-117.2523301,32.8685371],[-117.2520752,32.8685462]]]}},{"type":"Feature","id":31817469,"properties":{"osmId":31817469,"category":"academic","addr:city":"La Jolla","addr:housenumber":"2310","addr:postcode":"92037","addr:state":"CA","addr:street":"Downwind Way","building":"university","building_type":"education","name":"Deep Sea Drilling East","sangis:OBJECTID":"8640","sangis:TYPE":"Education","source":"SanGIS Footprints_Nonresidential_SD public domain (http://www.sangis.org/)","_wikiTried":true},"geometry":{"type":"Polygon","coordinates":[[[-117.2511918,32.8676548],[-117.2510717,32.8676541],[-117.2510752,32.8675181],[-117.25107,32.8675179],[-117.2510837,32.8671914],[-117.2512218,32.8671918],[-117.2512122,32.8675187],[-117.251195,32.8675196],[-117.2511918,32.8676548]]]}},{"type":"Feature","id":31817636,"properties":{"osmId":31817636,"category":"academic","building":"university","building_type":"education","name":"Visual Arts Facility - Building 1","sangis:OBJECTID":"8694","sangis:TYPE":"Education","source":"SanGIS Footprints_Nonresidential_SD public domain (http://www.sangis.org/)","_wikiTried":true},"geometry":{"type":"Polygon","coordinates":[[[-117.2342505,32.8793387],[-117.234333,32.8793059],[-117.2343605,32.8793013],[-117.2343991,32.879489],[-117.234261,32.8795056],[-117.2341711,32.8794945],[-117.2340929,32.8795053],[-117.2340688,32.8793604],[-117.2342505,32.8793387]]]}},{"type":"Feature","id":31817670,"properties":{"osmId":31817670,"category":"academic","building":"yes","building_type":"education","name":"Gildred Latin American Studies","sangis:OBJECTID":"8481","sangis:TYPE":"Education","source":"SanGIS Footprints_Nonresidential_SD public domain (http://www.sangis.org/)","_wikiTried":true},"geometry":{"type":"Polygon","coordinates":[[[-117.2411769,32.8856963],[-117.2411747,32.8854593],[-117.2414651,32.8854574],[-117.2415517,32.8854569],[-117.2415539,32.8856939],[-117.2414661,32.8856945],[-117.2414503,32.8856946],[-117.2411769,32.8856963]]]}},{"type":"Feature","id":31817687,"properties":{"osmId":31817687,"category":"academic","building":"university","building_type":"education","ele":"106","name":"Brown Hall","sangis:OBJECTID":"8709","sangis:TYPE":"Education","source":"SanGIS Footprints_Nonresidential_SD public domain (http://www.sangis.org/)","_wikiTried":true},"geometry":{"type":"Polygon","coordinates":[[[-117.2320956,32.8834936],[-117.2321157,32.8834784],[-117.2320975,32.8834649],[-117.2321778,32.8833962],[-117.2322243,32.8834316],[-117.2322409,32.8834187],[-117.2321844,32.883371],[-117.2322045,32.8833542],[-117.232171,32.883325],[-117.2322012,32.8832991],[-117.2322087,32.8833049],[-117.2322162,32.8832966],[-117.2321863,32.8832704],[-117.2322311,32.8832328],[-117.2322637,32.883259],[-117.2322749,32.8832498],[-117.2323213,32.8832894],[-117.2323112,32.8832978],[-117.2323253,32.8833101],[-117.2322819,32.8833464],[-117.2323065,32.8833675],[-117.2323182,32.8833567],[-117.2323284,32.8833662],[-117.2323594,32.883342],[-117.2324046,32.8833793],[-117.2323759,32.8834052],[-117.2323866,32.8834139],[-117.2323774,32.883422],[-117.2323924,32.8834334],[-117.2324096,32.8834196],[-117.2324166,32.8834264],[-117.2324479,32.883401],[-117.2324978,32.883444],[-117.2324618,32.8834717],[-117.2324739,32.8834828],[-117.2324693,32.8834865],[-117.2324997,32.8835149],[-117.2324525,32.8835525],[-117.2324232,32.8835262],[-117.2324119,32.8835348],[-117.2323772,32.883508],[-117.232366,32.8835172],[-117.2323904,32.8835366],[-117.2323792,32.8835469],[-117.2324082,32.8835718],[-117.2323627,32.8836103],[-117.2323344,32.8835861],[-117.232321,32.883597],[-117.2323089,32.8835866],[-117.2322847,32.8836085],[-117.2323283,32.8836449],[-117.2323169,32.8836544],[-117.2323276,32.883665],[-117.2322798,32.8837064],[-117.2322661,32.8836969],[-117.2322377,32.8837211],[-117.2321913,32.8836829],[-117.2322199,32.8836584],[-117.2322113,32.8836498],[-117.2322043,32.8836569],[-117.2321749,32.8836326],[-117.2322184,32.8835923],[-117.2322106,32.8835867],[-117.232233,32.8835688],[-117.2322172,32.8835558],[-117.2322235,32.8835508],[-117.2322058,32.8835379],[-117.232193,32.8835464],[-117.2321679,32.8835268],[-117.2321548,32.8835377],[-117.2320956,32.8834936]]]}},{"type":"Feature","id":31817884,"properties":{"osmId":31817884,"category":"academic","building":"yes","building_type":"education","name":"Friend's Thrift Shop","sangis:OBJECTID":"12651","sangis:TYPE":"Education","source":"SanGIS Footprints_Nonresidential_SD public domain (http://www.sangis.org/)","_wikiTried":true},"geometry":{"type":"Polygon","coordinates":[[[-117.237275,32.8783213],[-117.2372935,32.878423],[-117.237155,32.8784408],[-117.2371365,32.8783391],[-117.237275,32.8783213]]]}},{"type":"Feature","id":31817888,"properties":{"osmId":31817888,"category":"academic","building":"university","building_type":"education","name":"High Bay Physics","sangis:OBJECTID":"8695","sangis:TYPE":"Education","source":"SanGIS Footprints_Nonresidential_SD public domain (http://www.sangis.org/)","wikipedia":"en:Jacobs School of Engineering","_wikiTried":true},"geometry":{"type":"Polygon","coordinates":[[[-117.2341689,32.8796665],[-117.2340163,32.879685],[-117.234002,32.8796158],[-117.2340001,32.8796063],[-117.234156,32.8795847],[-117.2341558,32.8795751],[-117.2344273,32.8795731],[-117.2345287,32.8795724],[-117.2345328,32.8798437],[-117.2345335,32.8798522],[-117.2341722,32.8798539],[-117.2341689,32.8796665]]]}},{"type":"Feature","id":31817925,"properties":{"osmId":31817925,"category":"academic","addr:city":"La Jolla","addr:housenumber":"8820","addr:postcode":"92037","addr:state":"CA","addr:street":"Shellback Way","building":"university","building_type":"education","level":"1","name":"Spiess Hall","sangis:OBJECTID":"8641","sangis:TYPE":"Education","source":"SanGIS Footprints_Nonresidential_SD public domain (http://www.sangis.org/)","_wikiTried":true},"geometry":{"type":"Polygon","coordinates":[[[-117.2507391,32.8691586],[-117.2506334,32.8691581],[-117.2506353,32.8688888],[-117.2507902,32.8688896],[-117.2507901,32.8688965],[-117.2507921,32.8690587],[-117.250933,32.8690575],[-117.2512764,32.8690563],[-117.2512756,32.8689134],[-117.2513587,32.8689131],[-117.2513599,32.8691396],[-117.251145,32.8691404],[-117.2511451,32.8691656],[-117.2509451,32.8691662],[-117.2508009,32.8691656],[-117.2508006,32.8692047],[-117.2507388,32.8692044],[-117.2507391,32.8691586]]]}},{"type":"Feature","id":31817939,"properties":{"osmId":31817939,"category":"residential","building":"residential","building_type":"education","ele":"109","name":"Bates Hall","sangis:OBJECTID":"8711","sangis:TYPE":"Education","source":"SanGIS Footprints_Nonresidential_SD public domain (http://www.sangis.org/)","_wikiTried":true},"geometry":{"type":"Polygon","coordinates":[[[-117.2320923,32.883852],[-117.2320733,32.8838367],[-117.2320811,32.8838302],[-117.2320352,32.8837933],[-117.2320643,32.8837674],[-117.2320719,32.8837737],[-117.2320819,32.8837665],[-117.2320528,32.8837437],[-117.2320979,32.8837014],[-117.2321272,32.8837265],[-117.2321411,32.8837172],[-117.2321897,32.8837575],[-117.2321766,32.8837674],[-117.2321892,32.8837771],[-117.2321433,32.8838129],[-117.2321706,32.8838353],[-117.2321828,32.8838254],[-117.2321929,32.8838321],[-117.232222,32.8838083],[-117.2322684,32.8838479],[-117.2322407,32.8838722],[-117.232252,32.8838828],[-117.2322383,32.883895],[-117.2322551,32.8838992],[-117.2322713,32.8838883],[-117.2323214,32.8839297],[-117.2322998,32.8839464],[-117.232321,32.8839648],[-117.2322766,32.8840039],[-117.2322423,32.8839763],[-117.2322308,32.883987],[-117.2322525,32.8840072],[-117.232243,32.8840166],[-117.2322716,32.8840395],[-117.2322254,32.8840797],[-117.2321969,32.8840566],[-117.2321867,32.8840645],[-117.2321738,32.8840558],[-117.232151,32.8840775],[-117.2321913,32.8841119],[-117.2321792,32.8841223],[-117.2321907,32.8841339],[-117.232145,32.8841728],[-117.2321325,32.8841635],[-117.2321026,32.8841886],[-117.2320577,32.8841501],[-117.2320834,32.8841271],[-117.2320763,32.884121],[-117.232068,32.8841275],[-117.2320354,32.884101],[-117.2320818,32.8840589],[-117.2320757,32.8840543],[-117.2320964,32.8840374],[-117.2320819,32.8840254],[-117.2320881,32.884019],[-117.2320696,32.8840039],[-117.2320588,32.884015],[-117.232018,32.8839824],[-117.2320426,32.8839594],[-117.2320316,32.8839493],[-117.2320431,32.8839399],[-117.232011,32.8839164],[-117.2320574,32.8838738],[-117.2320886,32.8838992],[-117.2321066,32.8838862],[-117.2320784,32.8838647],[-117.2320923,32.883852]]]}},{"type":"Feature","id":31817981,"properties":{"osmId":31817981,"category":"academic","building":"yes","building_type":"education","name":"Institute of the Americas","sangis:OBJECTID":"8479","sangis:TYPE":"Education","source":"SanGIS Footprints_Nonresidential_SD public domain (http://www.sangis.org/)","_wikiTried":true},"geometry":{"type":"Polygon","coordinates":[[[-117.2411493,32.8851412],[-117.2411494,32.8852926],[-117.2411494,32.8853126],[-117.2411494,32.8853302],[-117.2411495,32.8854586],[-117.241067,32.8854586],[-117.24088,32.8854587],[-117.2408799,32.8853091],[-117.240879,32.8852164],[-117.2408798,32.8851767],[-117.2408407,32.8851767],[-117.2408405,32.884953],[-117.241117,32.8849528],[-117.241117,32.88498],[-117.2411172,32.8851412],[-117.2411493,32.8851412]]]}},{"type":"Feature","id":31818072,"properties":{"osmId":31818072,"category":"academic","addr:city":"La Jolla","addr:housenumber":"8831","addr:postcode":"92037","addr:state":"CA","addr:street":"Shellback Way","building":"university","building_type":"education","name":"Keck OAR Building 3","sangis:OBJECTID":"8642","sangis:TYPE":"Education","source":"SanGIS Footprints_Nonresidential_SD public domain (http://www.sangis.org/)","_wikiTried":true},"geometry":{"type":"Polygon","coordinates":[[[-117.2507185,32.8692783],[-117.2508742,32.8692675],[-117.25088,32.8695458],[-117.2507227,32.8695543],[-117.2507185,32.8692783]]]}},{"type":"Feature","id":31818239,"properties":{"osmId":31818239,"category":"academic","addr:state":"CA","building":"university","building:levels":"6","building_type":"education","ele":"124","gnis:feature_id":"2456338","name":"Pacific Hall","sangis:OBJECTID":"8562","sangis:TYPE":"Education","source":"SanGIS Footprints_Nonresidential_SD public domain (http://www.sangis.org/);USGS Geonames","_wikiTried":true},"geometry":{"type":"Polygon","coordinates":[[[-117.241752,32.8759612],[-117.2417974,32.8759609],[-117.2417965,32.8758809],[-117.2418307,32.8758175],[-117.2419251,32.8757831],[-117.2425932,32.8757789],[-117.2425967,32.875779],[-117.242703,32.8757852],[-117.2427834,32.8758393],[-117.2427843,32.8758909],[-117.242755,32.8758913],[-117.242756,32.8759502],[-117.2425632,32.8759525],[-117.2425646,32.8760825],[-117.2419248,32.8760872],[-117.2419265,32.8762509],[-117.2417551,32.8762522],[-117.241752,32.8759612]]]}},{"type":"Feature","id":31818271,"properties":{"osmId":31818271,"category":"academic","building":"university","building_type":"education","name":"Cognitive Science Building","sangis:OBJECTID":"8471","sangis:TYPE":"Education","source":"SanGIS Footprints_Nonresidential_SD public domain (http://www.sangis.org/)","_wikiTried":true},"geometry":{"type":"Polygon","coordinates":[[[-117.2393103,32.8806533],[-117.2392553,32.8807023],[-117.239145,32.8806147],[-117.239072,32.8806796],[-117.2390384,32.8807084],[-117.238871,32.8805706],[-117.2388969,32.8805485],[-117.2388617,32.8805195],[-117.2388319,32.8804943],[-117.2390308,32.8803289],[-117.2390515,32.8803464],[-117.2390892,32.8803151],[-117.2391228,32.8803436],[-117.2391728,32.880302],[-117.239173,32.8802657],[-117.239253,32.8802661],[-117.2394625,32.8804406],[-117.2396645,32.8802695],[-117.2398736,32.8804425],[-117.2394801,32.8807881],[-117.2393103,32.8806533]]]}},{"type":"Feature","id":31818307,"properties":{"osmId":31818307,"category":"academic","building":"university","building_type":"education","name":"Tuolumne Apartments","sangis:OBJECTID":"8573","sangis:TYPE":"Education","source":"SanGIS Footprints_Nonresidential_SD public domain (http://www.sangis.org/)","_wikiTried":true},"geometry":{"type":"Polygon","coordinates":[[[-117.2432847,32.8785946],[-117.243286,32.8785505],[-117.243211,32.8785514],[-117.2432049,32.878427],[-117.2433031,32.8784238],[-117.2433042,32.8784078],[-117.2433681,32.8784071],[-117.2433706,32.8783613],[-117.2433151,32.8783618],[-117.2433152,32.8783776],[-117.2432398,32.878378],[-117.2432407,32.8783104],[-117.2431351,32.8783074],[-117.2431399,32.8783663],[-117.2431166,32.8783662],[-117.2431165,32.8784494],[-117.2429589,32.8784505],[-117.2429582,32.8784329],[-117.2428724,32.8784339],[-117.2428731,32.878476],[-117.2428191,32.8784766],[-117.2428185,32.8784601],[-117.2427184,32.8784612],[-117.2427172,32.8783296],[-117.2428051,32.8783325],[-117.2428042,32.8783098],[-117.2428577,32.8783107],[-117.2428581,32.8782976],[-117.2428408,32.8782965],[-117.2428403,32.8782561],[-117.2428606,32.8782566],[-117.2428615,32.8781746],[-117.2430132,32.8781732],[-117.2430124,32.8782564],[-117.2430357,32.8782555],[-117.2430358,32.8783074],[-117.2430906,32.8783065],[-117.2430891,32.8782533],[-117.2431088,32.8782529],[-117.2431088,32.878193],[-117.2432566,32.878191],[-117.2432554,32.8782528],[-117.2432776,32.8782526],[-117.2432768,32.8782938],[-117.2433113,32.8782946],[-117.2433095,32.8782604],[-117.2433741,32.8782635],[-117.2433726,32.8782875],[-117.2434355,32.8782866],[-117.2434347,32.878306],[-117.2435068,32.8783073],[-117.2435069,32.8784276],[-117.2434357,32.8784277],[-117.2434371,32.8784433],[-117.2433704,32.878444],[-117.2433714,32.8784925],[-117.243439,32.878493],[-117.243438,32.8785097],[-117.2435377,32.8785116],[-117.2435385,32.8786358],[-117.2434399,32.8786362],[-117.2434408,32.8786564],[-117.2433752,32.8786568],[-117.2433735,32.8786847],[-117.2433672,32.8786846],[-117.2433498,32.8786843],[-117.2433474,32.8787615],[-117.2431934,32.8787581],[-117.2431938,32.8787037],[-117.2431923,32.8786773],[-117.2431778,32.8786771],[-117.2431748,32.8786341],[-117.2432363,32.8786362],[-117.2432321,32.8785951],[-117.2432847,32.8785946]]]}},{"type":"Feature","id":31818367,"properties":{"osmId":31818367,"category":"academic","alt_name":"SERF","building":"university","building:levels":"4","building_type":"education","name":"Science and Engineering Research Facility","sangis:OBJECTID":"8698","sangis:TYPE":"Education","source":"SanGIS Footprints_Nonresidential_SD public domain (http://www.sangis.org/)","wikipedia":"en:Jacobs School of Engineering","_wikiTried":true},"geometry":{"type":"Polygon","coordinates":[[[-117.2347607,32.8798571],[-117.2348035,32.8798519],[-117.2347818,32.8798268],[-117.2347893,32.8797913],[-117.234752,32.8797969],[-117.2347431,32.8797641],[-117.2346797,32.8797706],[-117.2346643,32.8796259],[-117.2346644,32.8795866],[-117.2346846,32.8795485],[-117.2347193,32.8795274],[-117.2353808,32.8794391],[-117.2354273,32.8796733],[-117.2353889,32.8796771],[-117.2353945,32.8797095],[-117.2353483,32.8797166],[-117.2353732,32.8797464],[-117.2353578,32.8797824],[-117.2354456,32.87977],[-117.2354759,32.8799395],[-117.2353253,32.8799614],[-117.2353044,32.8798599],[-117.2349343,32.8799103],[-117.2349534,32.8800204],[-117.2348541,32.8800183],[-117.2347926,32.8800259],[-117.2347607,32.8798571]]]}},{"type":"Feature","id":31818467,"properties":{"osmId":31818467,"category":"residential","building":"residential","building:levels":"6","building_type":"education","layer":"1","name":"Douglas Hall","sangis:OBJECTID":"8708","sangis:TYPE":"Education","source":"SanGIS Footprints_Nonresidential_SD public domain (http://www.sangis.org/)","_wikiTried":true},"geometry":{"type":"Polygon","coordinates":[[[-117.2331733,32.8835793],[-117.2331091,32.883531],[-117.2330561,32.883581],[-117.233021,32.8835557],[-117.2330295,32.8835484],[-117.2330028,32.8835253],[-117.2330266,32.8835034],[-117.2330031,32.8834842],[-117.2330279,32.8834613],[-117.233059,32.8834842],[-117.2330933,32.8834544],[-117.2331539,32.8835035],[-117.2331705,32.8834935],[-117.2331867,32.8835033],[-117.2332277,32.8834704],[-117.2332365,32.883477],[-117.2332874,32.8834357],[-117.2333121,32.8834547],[-117.2333447,32.8834283],[-117.2332913,32.8833825],[-117.2332767,32.8833952],[-117.233181,32.8833143],[-117.2331558,32.8833374],[-117.2330288,32.8832362],[-117.2329467,32.8833065],[-117.232938,32.883297],[-117.2328615,32.8832302],[-117.2328321,32.883253],[-117.2328049,32.8832316],[-117.2328284,32.8832076],[-117.2328072,32.8831906],[-117.232871,32.8831357],[-117.2328973,32.8831564],[-117.2328896,32.8831646],[-117.2329638,32.883224],[-117.2329884,32.8832064],[-117.232951,32.8831759],[-117.2330125,32.883131],[-117.2330735,32.8831814],[-117.2330835,32.8831744],[-117.2331061,32.883193],[-117.2330708,32.8832266],[-117.2331181,32.8832647],[-117.2331314,32.8832527],[-117.2331427,32.8832599],[-117.2332029,32.8832095],[-117.2332281,32.88323],[-117.2332145,32.8832414],[-117.2332809,32.8832927],[-117.2333139,32.8832703],[-117.2333381,32.8832863],[-117.2333287,32.8832949],[-117.2333606,32.8833204],[-117.2333382,32.8833413],[-117.2333868,32.8833834],[-117.2334232,32.8833511],[-117.2334787,32.8834004],[-117.2334221,32.8834504],[-117.2334326,32.88346],[-117.2334057,32.8834822],[-117.2333782,32.8834601],[-117.2333521,32.8834818],[-117.2333778,32.8835055],[-117.2333224,32.8835538],[-117.2332709,32.8835113],[-117.2332402,32.8835394],[-117.2332762,32.8835743],[-117.2332513,32.8835966],[-117.2332365,32.8835854],[-117.2331954,32.8836213],[-117.2331635,32.8835922],[-117.2331733,32.8835793]]]}},{"type":"Feature","id":31818522,"properties":{"osmId":31818522,"category":"academic","building":"yes","building:levels":"3","building_type":"education","name":"Cellular and Molecular Medicine East","name:en":"Center for Neural Circuits and Behavior","sangis:OBJECTID":"8563","sangis:TYPE":"Education","source":"SanGIS Footprints_Nonresidential_SD public domain (http://www.sangis.org/)","_wikiTried":true},"geometry":{"type":"Polygon","coordinates":[[[-117.2376671,32.8767841],[-117.2376133,32.876573],[-117.2374933,32.8765744],[-117.2374928,32.8763491],[-117.2375117,32.8763474],[-117.2375079,32.8760323],[-117.2374878,32.8760317],[-117.2374838,32.8759565],[-117.2375397,32.8759565],[-117.2375409,32.875944],[-117.2378238,32.8759411],[-117.2378236,32.876029],[-117.2378065,32.8760356],[-117.2378061,32.8761232],[-117.2378052,32.8763246],[-117.2379217,32.8763239],[-117.2379309,32.876466],[-117.2378909,32.8764728],[-117.2379544,32.8767216],[-117.2381072,32.8767219],[-117.2381846,32.8763969],[-117.2381283,32.87639],[-117.2381332,32.8763407],[-117.2382072,32.8763514],[-117.2382056,32.8763954],[-117.2382374,32.8763962],[-117.2382472,32.8763512],[-117.2382748,32.8763456],[-117.2382715,32.876024],[-117.2382035,32.8760227],[-117.238203,32.8759583],[-117.2382151,32.8759572],[-117.2382149,32.8759328],[-117.2382138,32.8757732],[-117.2381847,32.8757734],[-117.2381829,32.8757866],[-117.2381242,32.8757884],[-117.2381249,32.8758791],[-117.238082,32.8758808],[-117.2380799,32.8759083],[-117.2380134,32.8759085],[-117.2380121,32.8758825],[-117.2379696,32.8758814],[-117.2379685,32.8757753],[-117.2379449,32.8757754],[-117.2379452,32.8757593],[-117.2379458,32.8757277],[-117.2379147,32.8757273],[-117.2379164,32.8756224],[-117.2379275,32.8756223],[-117.2379273,32.8756044],[-117.2379689,32.8756035],[-117.2379688,32.875595],[-117.2379809,32.8755946],[-117.2379799,32.8755698],[-117.2380229,32.8755705],[-117.2380225,32.8755298],[-117.2380359,32.8755294],[-117.2380368,32.8754771],[-117.2380614,32.8754762],[-117.2380615,32.8754994],[-117.2380765,32.8755002],[-117.2380809,32.8755834],[-117.2381448,32.8755833],[-117.238151,32.8756574],[-117.2381764,32.8756572],[-117.238215,32.8756569],[-117.2382141,32.8755021],[-117.2382287,32.8755019],[-117.238228,32.8753555],[-117.238311,32.8753566],[-117.238311,32.8752785],[-117.2384442,32.8752775],[-117.2384468,32.8753378],[-117.2385071,32.8753362],[-117.2385089,32.8754128],[-117.2385399,32.8754141],[-117.238548,32.8756872],[-117.2385558,32.8756883],[-117.2385564,32.875719],[-117.2384923,32.87572],[-117.2384911,32.8757397],[-117.2384728,32.8757396],[-117.2384727,32.8757708],[-117.2383324,32.8757724],[-117.2383352,32.8759567],[-117.2385813,32.8759569],[-117.2385808,32.8760214],[-117.2385603,32.8760195],[-117.238567,32.8763793],[-117.2386335,32.8763793],[-117.2386364,32.8764448],[-117.2384686,32.8764471],[-117.2383915,32.876776],[-117.2383244,32.8767651],[-117.2383241,32.8767929],[-117.238296,32.8767939],[-117.2382992,32.8768123],[-117.2377428,32.8768113],[-117.2377234,32.8767791],[-117.2376671,32.8767841]]]}},{"type":"Feature","id":31818563,"properties":{"osmId":31818563,"category":"academic","building":"university","building_type":"education","ele":"106","name":"Canyon Vista Administration building","sangis:OBJECTID":"8710","sangis:TYPE":"Education","source":"SanGIS Footprints_Nonresidential_SD public domain (http://www.sangis.org/)","_wikiTried":true},"geometry":{"type":"Polygon","coordinates":[[[-117.2333752,32.8841207],[-117.2333182,32.8840729],[-117.2333046,32.8840615],[-117.2332844,32.8840766],[-117.2332416,32.8840414],[-117.2332271,32.8840551],[-117.2331775,32.8840949],[-117.2331565,32.8841101],[-117.2331365,32.8840935],[-117.2331206,32.8841063],[-117.2330909,32.8841314],[-117.2330707,32.8841146],[-117.2330938,32.8840946],[-117.2331156,32.8840758],[-117.2330931,32.8840564],[-117.2331149,32.8840371],[-117.2330913,32.8840172],[-117.233153,32.8839662],[-117.2331358,32.8839521],[-117.2331528,32.8839341],[-117.2330956,32.8838823],[-117.2331161,32.8838657],[-117.2330934,32.8838449],[-117.2331546,32.8837926],[-117.2331783,32.8838104],[-117.2332792,32.8837235],[-117.2334489,32.8838647],[-117.2333911,32.8839103],[-117.2334505,32.8839643],[-117.2335038,32.8840128],[-117.2334669,32.8840461],[-117.2334876,32.8840649],[-117.2334231,32.8841192],[-117.2334145,32.8841127],[-117.2334,32.8841017],[-117.2333752,32.8841207]]]}},{"type":"Feature","id":31818737,"properties":{"osmId":31818737,"category":"academic","building":"yes","building_type":"education","name":"School of Medicine Building 4","sangis:OBJECTID":"8767","sangis:TYPE":"Education","source":"SanGIS Footprints_Nonresidential_SD public domain (http://www.sangis.org/)","_wikiTried":true},"geometry":{"type":"Polygon","coordinates":[[[-117.2338258,32.8748181],[-117.2340311,32.8748142],[-117.2340283,32.87494],[-117.2339877,32.8749381],[-117.2339844,32.8749732],[-117.2339559,32.8749751],[-117.2339595,32.8750666],[-117.2339369,32.875071],[-117.2339341,32.8751179],[-117.2339042,32.8751204],[-117.2339004,32.8752177],[-117.233799,32.8752203],[-117.2337991,32.8752072],[-117.2336081,32.8752074],[-117.2336065,32.8750605],[-117.2337111,32.8750597],[-117.2337098,32.8749732],[-117.2337352,32.8749719],[-117.2337365,32.8749418],[-117.2338248,32.8749363],[-117.2338258,32.8748181]]]}},{"type":"Feature","id":31818824,"properties":{"osmId":31818824,"category":"academic","building":"university","building_type":"education","layer":"0","name":"Jacobs Hall","name:en":"EBU-1","ref":"EBU1","sangis:OBJECTID":"8703","sangis:TYPE":"Education","source":"SanGIS Footprints_Nonresidential_SD public domain (http://www.sangis.org/)","wikipedia":"en:Jacobs School of Engineering","_wikiTried":true},"geometry":{"type":"Polygon","coordinates":[[[-117.235286,32.8821475],[-117.235284,32.8820649],[-117.235183,32.8820659],[-117.23518,32.8818602],[-117.235049,32.8818615],[-117.235048,32.8817822],[-117.234935,32.8817834],[-117.2349325,32.8817614],[-117.234898,32.8817617],[-117.234899,32.8817045],[-117.234829,32.8817052],[-117.234828,32.8816387],[-117.234819,32.8816388],[-117.234818,32.8816092],[-117.2347284,32.8816099],[-117.2347283,32.8815416],[-117.234804,32.8815408],[-117.2348031,32.8815362],[-117.234804,32.881389],[-117.234838,32.8813886],[-117.234837,32.8813376],[-117.234872,32.8813373],[-117.234872,32.8813915],[-117.234902,32.8813913],[-117.234903,32.8815037],[-117.2349665,32.8815031],[-117.235028,32.8815026],[-117.235027,32.8813875],[-117.235056,32.8813873],[-117.235055,32.8813348],[-117.235094,32.8813345],[-117.235094,32.8813837],[-117.235124,32.8813835],[-117.235126,32.8815016],[-117.2351914,32.8815011],[-117.235254,32.8815006],[-117.235253,32.881392],[-117.235285,32.8813918],[-117.2352848,32.8813791],[-117.235284,32.8813254],[-117.23533,32.881325],[-117.235331,32.8813942],[-117.235352,32.8813941],[-117.235352,32.8814186],[-117.235387,32.8814184],[-117.235403,32.8814358],[-117.235426,32.8814365],[-117.235454,32.8814563],[-117.235472,32.8814557],[-117.235538,32.8814533],[-117.235574,32.8814851],[-117.235601,32.881485],[-117.2356,32.8813854],[-117.23563,32.8813852],[-117.23563,32.8813329],[-117.235661,32.8813327],[-117.235662,32.881386],[-117.23569,32.8813859],[-117.235691,32.8815155],[-117.235804,32.881515],[-117.235806,32.8817547],[-117.235764,32.8817549],[-117.235764,32.8817699],[-117.235707,32.8817702],[-117.235708,32.8818495],[-117.235674,32.8818496],[-117.235675,32.8818871],[-117.235605,32.8818874],[-117.235605,32.8818192],[-117.235519,32.8818196],[-117.235518,32.881681],[-117.23545,32.8816813],[-117.235453,32.8820391],[-117.235476,32.8820389],[-117.235476,32.8820748],[-117.235382,32.8820754],[-117.235383,32.8821345],[-117.235361,32.8821347],[-117.235361,32.8821468],[-117.235286,32.8821475]]]}},{"type":"Feature","id":31818876,"properties":{"osmId":31818876,"category":"academic","addr:state":"CA","building":"university","building_type":"education","ele":"126","gnis:feature_id":"2456411","name":"Urey Hall","sangis:OBJECTID":"8561","sangis:TYPE":"Education","source":"SanGIS Footprints_Nonresidential_SD public domain (http://www.sangis.org/);USGS Geonames","_wikiTried":true},"geometry":{"type":"Polygon","coordinates":[[[-117.2410087,32.8757151],[-117.2410056,32.8756794],[-117.240901,32.8756818],[-117.2409007,32.8755491],[-117.2409787,32.8755502],[-117.2409772,32.8754476],[-117.2409539,32.8754472],[-117.240926,32.8754731],[-117.2409036,32.8754747],[-117.2409057,32.8751441],[-117.2412428,32.8751437],[-117.2411692,32.8752122],[-117.2415499,32.8752147],[-117.2415493,32.8753428],[-117.2414522,32.8753415],[-117.2414532,32.8753972],[-117.2415386,32.8753971],[-117.2415382,32.8754424],[-117.2416368,32.8754422],[-117.2416375,32.8755477],[-117.2417527,32.8755482],[-117.2417513,32.8755989],[-117.2416378,32.8755991],[-117.2416376,32.8756709],[-117.2416123,32.875673],[-117.2416115,32.8757105],[-117.2410087,32.8757151]]]}},{"type":"Feature","id":31818990,"properties":{"osmId":31818990,"category":"residential","building":"residential","building:levels":"6","building_type":"education","name":"Black Hall","sangis:OBJECTID":"8705","sangis:TYPE":"Education","source":"SanGIS Footprints_Nonresidential_SD public domain (http://www.sangis.org/)","_wikiTried":true},"geometry":{"type":"Polygon","coordinates":[[[-117.2327234,32.8825378],[-117.2327091,32.8825269],[-117.2327234,32.8825154],[-117.2327154,32.8825076],[-117.2327435,32.8824815],[-117.2327855,32.8825142],[-117.2327999,32.882502],[-117.2328051,32.8825064],[-117.2328637,32.8824584],[-117.2328791,32.8824678],[-117.2329192,32.8824353],[-117.2329302,32.8824447],[-117.2329526,32.8824238],[-117.2328841,32.8823696],[-117.232894,32.882361],[-117.2328721,32.8823434],[-117.2328879,32.8823294],[-117.232847,32.8822959],[-117.2328584,32.882286],[-117.2328079,32.8822441],[-117.2328202,32.8822305],[-117.232782,32.8822004],[-117.2327925,32.8821908],[-117.2327395,32.8821483],[-117.232764,32.8821243],[-117.232738,32.8821018],[-117.2326623,32.8821646],[-117.2327019,32.8821979],[-117.2326736,32.8822192],[-117.232636,32.8821887],[-117.2326114,32.8822087],[-117.2325226,32.8821406],[-117.2325527,32.8821148],[-117.2325808,32.8821369],[-117.2326556,32.8820762],[-117.2326298,32.8820567],[-117.2325942,32.8820881],[-117.2325383,32.8820379],[-117.232599,32.8819867],[-117.2325879,32.8819772],[-117.2326134,32.8819548],[-117.2326658,32.8819956],[-117.2327393,32.8819358],[-117.2327163,32.881915],[-117.2327351,32.8818976],[-117.2327249,32.8818896],[-117.2327653,32.8818566],[-117.232758,32.8818489],[-117.2327745,32.8818342],[-117.2326955,32.8817663],[-117.2327027,32.8817597],[-117.2326948,32.8817516],[-117.232703,32.8817441],[-117.2326475,32.881699],[-117.2325803,32.8817544],[-117.2325963,32.8817669],[-117.2325051,32.8818441],[-117.2325302,32.8818658],[-117.2325147,32.8818799],[-117.2325246,32.8818888],[-117.2324983,32.8819107],[-117.232437,32.8818586],[-117.2324265,32.8818677],[-117.2323998,32.8818453],[-117.2324399,32.8818103],[-117.2324216,32.8817932],[-117.2324474,32.8817727],[-117.2324942,32.8818094],[-117.2325256,32.8817808],[-117.2324663,32.8817337],[-117.232493,32.8817108],[-117.2325004,32.8817165],[-117.2325585,32.8816709],[-117.2325828,32.8816891],[-117.232603,32.8816729],[-117.2325769,32.8816506],[-117.2326401,32.8816008],[-117.2327236,32.8816718],[-117.2327483,32.881652],[-117.2328043,32.8816995],[-117.2328151,32.8816906],[-117.2328401,32.8817144],[-117.2327837,32.8817647],[-117.2327893,32.8817704],[-117.2328036,32.88176],[-117.2328241,32.8817779],[-117.2328533,32.881757],[-117.2328832,32.8817822],[-117.2328702,32.8817943],[-117.2329109,32.8818256],[-117.2328859,32.8818466],[-117.2328751,32.8818385],[-117.2328053,32.8818996],[-117.2328649,32.881951],[-117.232843,32.881971],[-117.2328322,32.8819621],[-117.2328009,32.8819883],[-117.2327763,32.8819679],[-117.2327503,32.8819904],[-117.2327247,32.8819686],[-117.2326662,32.8820212],[-117.2327491,32.8820894],[-117.2327852,32.8820584],[-117.2328079,32.8820799],[-117.2328353,32.8820582],[-117.2328911,32.8821101],[-117.2328333,32.8821605],[-117.2328568,32.8821802],[-117.2328945,32.8821492],[-117.2329564,32.8822053],[-117.2328987,32.8822573],[-117.2329325,32.8822844],[-117.2329574,32.8822637],[-117.2329878,32.8822886],[-117.2330014,32.8822803],[-117.2330248,32.8823019],[-117.2329656,32.8823545],[-117.2330343,32.8824152],[-117.2330465,32.8824047],[-117.2330721,32.8824269],[-117.2330033,32.8824832],[-117.2329788,32.8824638],[-117.2329303,32.8825047],[-117.2329532,32.882526],[-117.2329231,32.8825511],[-117.2329338,32.8825616],[-117.2329037,32.8825858],[-117.2328466,32.8825354],[-117.2327805,32.8825887],[-117.2327904,32.8825972],[-117.2327615,32.8826209],[-117.2326924,32.8825667],[-117.2327234,32.8825378]]]}},{"type":"Feature","id":31819120,"properties":{"osmId":31819120,"category":"academic","building":"university","building_type":"education","layer":"1","name":"Leichtag Family Foundation Biomedical Research Building","sangis:OBJECTID":"8564","sangis:TYPE":"Education","source":"SanGIS Footprints_Nonresidential_SD public domain (http://www.sangis.org/)","_wikiTried":true},"geometry":{"type":"Polygon","coordinates":[[[-117.2365293,32.8768047],[-117.2365283,32.8767981],[-117.2364667,32.8767983],[-117.236464,32.8767661],[-117.2364214,32.8767686],[-117.2364227,32.8767038],[-117.2364228,32.876695],[-117.236423,32.8766817],[-117.2364233,32.8766531],[-117.2364244,32.8765984],[-117.2364571,32.8765971],[-117.2364553,32.8765884],[-117.2364532,32.8765769],[-117.2364669,32.8765748],[-117.2364655,32.876566],[-117.2364438,32.8765662],[-117.236447,32.8765345],[-117.2364812,32.8765346],[-117.2364812,32.8764151],[-117.2366352,32.8764151],[-117.2366333,32.8765124],[-117.2370548,32.8765104],[-117.2370527,32.8764937],[-117.2370786,32.8764886],[-117.2370108,32.8763996],[-117.2371137,32.8763504],[-117.2371087,32.8763146],[-117.2372427,32.8762898],[-117.2372477,32.8763332],[-117.237279,32.8763333],[-117.2373067,32.8764376],[-117.2372707,32.8764443],[-117.2372966,32.8765365],[-117.237331,32.8765308],[-117.2373565,32.8766517],[-117.2372953,32.8766613],[-117.237328,32.8767962],[-117.2371574,32.8767954],[-117.2371587,32.8768052],[-117.2365293,32.8768047]]]}},{"type":"Feature","id":31819178,"properties":{"osmId":31819178,"category":"academic","building":"university","building_type":"education","name":"Career Services Center","sangis:OBJECTID":"8572","sangis:TYPE":"Education","source":"SanGIS Footprints_Nonresidential_SD public domain (http://www.sangis.org/)","_wikiTried":true},"geometry":{"type":"Polygon","coordinates":[[[-117.237814,32.878279],[-117.2378489,32.8782776],[-117.2378485,32.8782651],[-117.2379148,32.8782638],[-117.2379162,32.8782761],[-117.2379607,32.8782755],[-117.2379591,32.8783199],[-117.238204,32.8783197],[-117.2382686,32.8782744],[-117.238325,32.8783224],[-117.2382732,32.8783668],[-117.2382748,32.878378],[-117.238272,32.8783887],[-117.2382654,32.878398],[-117.2382556,32.8784051],[-117.2382436,32.8784092],[-117.2382307,32.8784098],[-117.2382182,32.878407],[-117.2382116,32.8784034],[-117.2380181,32.8784042],[-117.2380174,32.8784505],[-117.2380212,32.8784522],[-117.2380287,32.8784592],[-117.2380334,32.8784677],[-117.2380348,32.878477],[-117.2380327,32.8784862],[-117.2380274,32.8784945],[-117.2380194,32.878501],[-117.2380094,32.8785052],[-117.2379971,32.8785065],[-117.2379849,32.8785044],[-117.2379744,32.8784989],[-117.2379666,32.8784907],[-117.2379626,32.8784809],[-117.2379627,32.8784704],[-117.2379658,32.8784614],[-117.2379145,32.8784615],[-117.2378287,32.8784623],[-117.2378304,32.878531],[-117.2377882,32.8785315],[-117.2377886,32.8785404],[-117.2377599,32.87854],[-117.2377603,32.878551],[-117.2377289,32.8785515],[-117.2377286,32.8785219],[-117.2376948,32.878522],[-117.2376916,32.8784601],[-117.23772,32.87846],[-117.2377161,32.8783687],[-117.2378166,32.8783666],[-117.237814,32.878279]]]}},{"type":"Feature","id":31819246,"properties":{"osmId":31819246,"category":"academic","building":"university","building_type":"education","level":"1","name":"Applied Physics and Mathematics","sangis:OBJECTID":"8469","sangis:TYPE":"Education","source":"SanGIS Footprints_Nonresidential_SD public domain (http://www.sangis.org/)","_wikiTried":true},"geometry":{"type":"Polygon","coordinates":[[[-117.2411477,32.8795736],[-117.2409898,32.8795753],[-117.2409893,32.8795126],[-117.2409395,32.8795131],[-117.2409362,32.879193],[-117.2409851,32.8791923],[-117.2409879,32.879183],[-117.241025,32.8791813],[-117.2410266,32.8791468],[-117.2410287,32.879109],[-117.2409984,32.8791099],[-117.2409955,32.8791358],[-117.2407158,32.8791319],[-117.2407125,32.87893],[-117.2410063,32.8789293],[-117.2410051,32.8789376],[-117.2415656,32.8789413],[-117.2415624,32.8791327],[-117.2411038,32.8791317],[-117.241104,32.8791482],[-117.2411064,32.8791855],[-117.2411435,32.8791858],[-117.2411435,32.8791986],[-117.2411946,32.8791991],[-117.2411993,32.8795082],[-117.2411489,32.8795112],[-117.2411477,32.8795736]]]}},{"type":"Feature","id":31819503,"properties":{"osmId":31819503,"category":"residential","building":"residential","building_type":"education","name":"Frankfurter Hall","sangis:OBJECTID":"8717","sangis:TYPE":"Education","source":"SanGIS Footprints_Nonresidential_SD public domain (http://www.sangis.org/)","_wikiTried":true},"geometry":{"type":"Polygon","coordinates":[[[-117.2328264,32.8845996],[-117.2328994,32.8845378],[-117.2329257,32.8845597],[-117.2329399,32.8845477],[-117.2329708,32.8845726],[-117.2329856,32.8845609],[-117.2330096,32.8845802],[-117.2330327,32.8845594],[-117.2330061,32.8845403],[-117.2330282,32.8845202],[-117.233002,32.8845015],[-117.2329844,32.8845155],[-117.2329676,32.8845031],[-117.2329514,32.8845054],[-117.2329359,32.8844924],[-117.2329382,32.8844758],[-117.2329238,32.8844643],[-117.2329345,32.8844539],[-117.232914,32.8844375],[-117.2328919,32.8844199],[-117.2328742,32.8844354],[-117.232859,32.8844238],[-117.2328271,32.884451],[-117.2328162,32.8844412],[-117.2327893,32.8844642],[-117.2327117,32.8844],[-117.2327393,32.8843767],[-117.2327272,32.8843668],[-117.2327564,32.8843387],[-117.2327434,32.8843274],[-117.2328034,32.8842761],[-117.2328172,32.8842873],[-117.2328476,32.8842611],[-117.2328602,32.8842711],[-117.2328868,32.8842484],[-117.2329644,32.8843131],[-117.2329388,32.8843358],[-117.2329508,32.8843443],[-117.2329188,32.8843731],[-117.2329445,32.8843945],[-117.2329768,32.8844194],[-117.2329991,32.8844017],[-117.2330144,32.8844137],[-117.2330481,32.8843845],[-117.2330593,32.8843935],[-117.2330832,32.8843744],[-117.2331602,32.8844376],[-117.2331346,32.8844592],[-117.2331466,32.8844701],[-117.233115,32.8844982],[-117.2331291,32.8845094],[-117.2331169,32.8845211],[-117.2331491,32.8845474],[-117.2331069,32.8845849],[-117.2330674,32.8845537],[-117.2330245,32.8845907],[-117.2330482,32.8846096],[-117.2330316,32.8846237],[-117.2330603,32.8846476],[-117.2330485,32.8846576],[-117.233076,32.8846805],[-117.2330011,32.8847439],[-117.232977,32.8847238],[-117.2329646,32.8847343],[-117.2329321,32.8847072],[-117.2329165,32.8847205],[-117.2328535,32.884668],[-117.2328692,32.8846547],[-117.2328402,32.8846305],[-117.2328517,32.8846207],[-117.2328264,32.8845996]]]}},{"type":"Feature","id":31819686,"properties":{"osmId":31819686,"category":"academic","building":"yes","building_type":"education","check_date":"2026-03-28","ele":"105","leisure":"sports_hall","name":"Canyonview Aquatics and Activities Center","sangis:OBJECTID":"8699","sangis:TYPE":"Education","source":"SanGIS Footprints_Nonresidential_SD public domain (http://www.sangis.org/)","wikipedia":"en:Canyonview Aquatic Center","_wikiTried":true},"geometry":{"type":"Polygon","coordinates":[[[-117.2318229,32.8807164],[-117.2317956,32.8807196],[-117.2317853,32.8806583],[-117.2317056,32.8806677],[-117.2316992,32.8806295],[-117.2316733,32.8806326],[-117.2316619,32.8805649],[-117.2316929,32.8805612],[-117.2316751,32.8804551],[-117.232007,32.8804158],[-117.232029,32.8805471],[-117.2319597,32.8805553],[-117.2320095,32.8808524],[-117.2318489,32.8808714],[-117.2318229,32.8807164]]]}},{"type":"Feature","id":31819709,"properties":{"osmId":31819709,"category":"academic","building":"university","building:levels":"4","building_type":"education","name":"Price Center","sangis:OBJECTID":"8470","sangis:TYPE":"Education","source":"SanGIS Footprints_Nonresidential_SD public domain (http://www.sangis.org/)","wikidata":"Q7242568","wikipedia":"en:Price Center","_wikiTried":true},"geometry":{"type":"Polygon","coordinates":[[[-117.2363813,32.8800586],[-117.2363809,32.8800115],[-117.2363804,32.8798179],[-117.2363341,32.8798185],[-117.2363321,32.8797599],[-117.2362789,32.8797605],[-117.2362702,32.8798186],[-117.2362642,32.8798587],[-117.2362442,32.8799879],[-117.2362124,32.8802072],[-117.2359866,32.8802051],[-117.235932,32.8800978],[-117.2358945,32.880032],[-117.2358177,32.8800324],[-117.235787,32.8800319],[-117.2357716,32.8800629],[-117.2356469,32.8800651],[-117.235588,32.8797798],[-117.2355369,32.8795245],[-117.235675,32.8795178],[-117.2357032,32.879618],[-117.2357248,32.879617],[-117.2357501,32.8796158],[-117.2358119,32.8794574],[-117.235819,32.8794344],[-117.235839,32.8793828],[-117.2359172,32.8793804],[-117.235921,32.8793688],[-117.2360502,32.8793678],[-117.2359462,32.8796303],[-117.2360353,32.8796302],[-117.2361244,32.8796301],[-117.2362388,32.8793398],[-117.2362559,32.8792941],[-117.2363456,32.8792948],[-117.236352,32.8792873],[-117.2363739,32.8792892],[-117.2363811,32.8792832],[-117.2364569,32.879283],[-117.2364746,32.8792681],[-117.2364758,32.8792681],[-117.236586,32.8792674],[-117.2365857,32.8792753],[-117.236616,32.8792759],[-117.2367011,32.879278],[-117.2367012,32.8793544],[-117.2367356,32.879354],[-117.2367687,32.8793536],[-117.2367677,32.8792792],[-117.2367944,32.8792797],[-117.2367914,32.8792191],[-117.2373775,32.8791286],[-117.2373822,32.879235],[-117.2373839,32.879277],[-117.2373846,32.8793065],[-117.237454,32.8793062],[-117.2374721,32.8793064],[-117.2374229,32.8793559],[-117.2373565,32.8794114],[-117.2373359,32.8794296],[-117.2373491,32.8794415],[-117.2372168,32.8795462],[-117.2372009,32.8795456],[-117.2371697,32.8795729],[-117.2371279,32.8795719],[-117.237117,32.879582],[-117.236842,32.8795852],[-117.236841,32.8796006],[-117.236833,32.8796248],[-117.236824,32.8796465],[-117.236797,32.8796326],[-117.236788,32.879648],[-117.236767,32.8796706],[-117.2367462,32.8796865],[-117.236728,32.8796964],[-117.236698,32.8797075],[-117.236664,32.8797101],[-117.236666,32.8798716],[-117.236714,32.8799284],[-117.2367704,32.8799276],[-117.2368301,32.8799261],[-117.237013,32.8799241],[-117.2370613,32.8799109],[-117.2370634,32.8798984],[-117.2370665,32.8798872],[-117.237082,32.8798714],[-117.2371003,32.8798631],[-117.2371202,32.879861],[-117.2371335,32.8798358],[-117.2371348,32.8798073],[-117.23715,32.8798072],[-117.2371926,32.8798069],[-117.2371927,32.8798231],[-117.2372195,32.879823],[-117.2372481,32.8798228],[-117.2372484,32.879851],[-117.2372882,32.8798507],[-117.2372885,32.8798902],[-117.2373442,32.8798899],[-117.2373445,32.8799282],[-117.2373931,32.879928],[-117.2373934,32.8799657],[-117.2374479,32.8799654],[-117.2374487,32.8800591],[-117.2374303,32.8800592],[-117.2374306,32.8801031],[-117.2372041,32.8801042],[-117.2372044,32.8801549],[-117.2371745,32.880155],[-117.2371746,32.8801699],[-117.237129,32.8801701],[-117.2371289,32.8801566],[-117.2370979,32.8801567],[-117.2370978,32.88015],[-117.236941,32.8801528],[-117.2368235,32.8801509],[-117.2366724,32.8801514],[-117.2366723,32.8801353],[-117.236672,32.8800657],[-117.2367045,32.8800656],[-117.2367044,32.8800357],[-117.2367345,32.8800356],[-117.2367344,32.880008],[-117.2367732,32.8800078],[-117.236773,32.8799558],[-117.2367333,32.8799558],[-117.2366658,32.8799559],[-117.2366184,32.8799931],[-117.2366285,32.8800011],[-117.2365689,32.8800441],[-117.2365599,32.8800368],[-117.2365112,32.8800788],[-117.2365016,32.8800711],[-117.2364571,32.8801152],[-117.2364469,32.8801077],[-117.2363813,32.8800586]]]}},{"type":"Feature","id":31819817,"properties":{"osmId":31819817,"category":"residential","building":"apartments","building_type":"education","fixme":"name","name":"Pepper Canyon Assistant Dean's Residence","sangis:OBJECTID":"12728","sangis:TYPE":"Education","source":"SanGIS Footprints_Nonresidential_SD public domain (http://www.sangis.org/)","_wikiTried":true},"geometry":{"type":"Polygon","coordinates":[[[-117.2305337,32.8780773],[-117.2305941,32.8779593],[-117.2307158,32.8780042],[-117.2306986,32.8780369],[-117.230834,32.8780872],[-117.2307772,32.8781965],[-117.2306238,32.8781408],[-117.2306279,32.8781113],[-117.2305337,32.8780773]]]}},{"type":"Feature","id":31819876,"properties":{"osmId":31819876,"category":"academic","amenity":"theatre","building":"university","building_type":"education","ele":"125","name":"Mandell Weiss Theatre","operator":"La Jolla Playhouse","sangis:OBJECTID":"8585","sangis:TYPE":"Education","source":"SanGIS Footprints_Nonresidential_SD public domain (http://www.sangis.org/)","wikidata":"Q54958557","_wikiTried":true},"geometry":{"type":"Polygon","coordinates":[[[-117.241203,32.8711273],[-117.2410471,32.8709178],[-117.24099,32.8709457],[-117.240908,32.8708244],[-117.2412802,32.8706485],[-117.2413691,32.8707697],[-117.2414157,32.870748],[-117.2414878,32.8708527],[-117.241407,32.8708915],[-117.2414659,32.8709807],[-117.2415325,32.8710001],[-117.241573,32.8710553],[-117.2415887,32.8710589],[-117.2416551,32.8710742],[-117.2416459,32.8711064],[-117.2415265,32.8711659],[-117.2415122,32.8711637],[-117.2414975,32.8711452],[-117.2414896,32.8711353],[-117.2413817,32.8711856],[-117.2413567,32.8712564],[-117.2413255,32.8712161],[-117.2412775,32.8712436],[-117.2412853,32.8712566],[-117.2411794,32.87131],[-117.2411522,32.8712693],[-117.2411237,32.8712801],[-117.2410677,32.8712018],[-117.241203,32.8711273]]]}},{"type":"Feature","id":31819901,"properties":{"osmId":31819901,"category":"academic","addr:city":"La Jolla","addr:housenumber":"8890","addr:postcode":"92093","addr:street":"Biological Grade","building":"yes","building_type":"office","name":"Marine Conservation Facility","sangis:OBJECTID":"8574","sangis:TYPE":"Office","source":"SanGIS Footprints_Nonresidential_SD public domain (http://www.sangis.org/);local knowledge","_wikiTried":true},"geometry":{"type":"Polygon","coordinates":[[[-117.2520365,32.8708874],[-117.2521288,32.8708096],[-117.2522101,32.870741],[-117.2523011,32.8708082],[-117.2523523,32.870846],[-117.2523617,32.8708381],[-117.2523984,32.8708074],[-117.2524881,32.8707324],[-117.252567,32.870806],[-117.2526075,32.8708439],[-117.2523697,32.8710419],[-117.2524104,32.8710822],[-117.2524892,32.8711599],[-117.2523665,32.8712581],[-117.252241,32.8713584],[-117.2522212,32.8713743],[-117.2521679,32.8713844],[-117.2520736,32.8714687],[-117.2520428,32.871441],[-117.2519538,32.8713607],[-117.2518119,32.8712329],[-117.2519136,32.8711357],[-117.251857,32.8710866],[-117.251829,32.8710624],[-117.2520365,32.8708874]]]}},{"type":"Feature","id":31819982,"properties":{"osmId":31819982,"category":"academic","building":"university","building_type":"education","name":"Central Utilities Building","sangis:OBJECTID":"8558","sangis:TYPE":"Education","source":"SanGIS Footprints_Nonresidential_SD public domain (http://www.sangis.org/)","_wikiTried":true},"geometry":{"type":"Polygon","coordinates":[[[-117.2388908,32.8745686],[-117.2391547,32.874566],[-117.2391521,32.8743743],[-117.2389573,32.8743761],[-117.2389561,32.874288],[-117.238829,32.8742892],[-117.2388249,32.8739836],[-117.2391058,32.8739809],[-117.2391076,32.8741111],[-117.2394722,32.8741076],[-117.2394766,32.8744351],[-117.2395465,32.8744344],[-117.2395483,32.8745668],[-117.2394786,32.8745675],[-117.2394796,32.8746391],[-117.2394495,32.8746393],[-117.23945,32.874673],[-117.2393721,32.8746737],[-117.2393716,32.8746402],[-117.2393365,32.8746405],[-117.2393355,32.8745692],[-117.2392252,32.8745702],[-117.2392271,32.8747092],[-117.2388927,32.8747124],[-117.2388908,32.8745686]]]}},{"type":"Feature","id":31819984,"properties":{"osmId":31819984,"category":"academic","building":"yes","building_type":"education","name":"Copley International Conference Center","sangis:OBJECTID":"8477","sangis:TYPE":"Education","source":"SanGIS Footprints_Nonresidential_SD public domain (http://www.sangis.org/)","_wikiTried":true},"geometry":{"type":"Polygon","coordinates":[[[-117.2415415,32.884904],[-117.2415486,32.8851386],[-117.2414591,32.8851405],[-117.241173,32.8851466],[-117.2411678,32.8849797],[-117.2411659,32.884912],[-117.2415415,32.884904]]]}},{"type":"Feature","id":31819997,"properties":{"osmId":31819997,"category":"residential","building":"residential","building_type":"education","ele":"104","name":"Harlan Hall","sangis:OBJECTID":"8719","sangis:TYPE":"Education","source":"SanGIS Footprints_Nonresidential_SD public domain (http://www.sangis.org/)","_wikiTried":true},"geometry":{"type":"Polygon","coordinates":[[[-117.2322859,32.8848314],[-117.2322737,32.8848207],[-117.2322929,32.884801],[-117.2322373,32.8847551],[-117.2322055,32.8847814],[-117.2321936,32.88477],[-117.2321703,32.884793],[-117.2320906,32.8847302],[-117.232117,32.8847075],[-117.2321059,32.8846973],[-117.2321378,32.8846693],[-117.2321233,32.8846565],[-117.2321776,32.8846064],[-117.2321957,32.8846197],[-117.2322238,32.8845937],[-117.2322362,32.8846024],[-117.2322627,32.8845777],[-117.2322884,32.8845985],[-117.2323087,32.8845827],[-117.2323393,32.884608],[-117.2323205,32.8846237],[-117.2323432,32.8846432],[-117.2323176,32.8846651],[-117.2323298,32.884675],[-117.2322984,32.8847019],[-117.2323135,32.8847144],[-117.2322941,32.8847309],[-117.2323147,32.8847485],[-117.2323356,32.8847664],[-117.2323484,32.8847548],[-117.232363,32.8847668],[-117.2323804,32.8847666],[-117.2323962,32.8847792],[-117.232396,32.8847953],[-117.2324103,32.8848072],[-117.2323915,32.8848243],[-117.2324402,32.8848643],[-117.2324836,32.8848275],[-117.2324617,32.8848067],[-117.2324746,32.8847945],[-117.2324432,32.8847676],[-117.232455,32.8847569],[-117.23243,32.8847359],[-117.2325036,32.8846708],[-117.2325295,32.8846926],[-117.2325427,32.8846818],[-117.2325756,32.88471],[-117.2325894,32.8846977],[-117.2326501,32.8847482],[-117.2326365,32.8847604],[-117.2326698,32.8847866],[-117.2326591,32.8847966],[-117.232684,32.8848183],[-117.2326073,32.884884],[-117.2325814,32.8848626],[-117.2325696,32.8848733],[-117.232536,32.8848454],[-117.2325206,32.8848581],[-117.2324972,32.8848386],[-117.2324551,32.8848749],[-117.2324922,32.8849087],[-117.2324502,32.8849472],[-117.2324164,32.8849183],[-117.2324028,32.8849289],[-117.2323888,32.8849181],[-117.2323581,32.8849444],[-117.2323452,32.8849352],[-117.232321,32.8849569],[-117.2322389,32.8848938],[-117.2322682,32.8848703],[-117.2322536,32.8848589],[-117.2322859,32.8848314]]]}},{"type":"Feature","id":31838907,"properties":{"osmId":31838907,"category":"academic","building":"yes","building_type":"education","sangis:OBJECTID":"11171","sangis:TYPE":"Education","source":"SanGIS Footprints_Nonresidential_SD public domain (http://www.sangis.org/)"},"geometry":{"type":"Polygon","coordinates":[[[-117.2435515,32.8817902],[-117.2436181,32.8817889],[-117.2436272,32.8821156],[-117.2434769,32.8821185],[-117.2434697,32.88186],[-117.2435534,32.8818584],[-117.2435515,32.8817902]]]}},{"type":"Feature","id":31838973,"properties":{"osmId":31838973,"category":"academic","building":"university","building:levels":"4","building_type":"education","name":"Discovery Hall","sangis:OBJECTID":"13705","sangis:TYPE":"Education","source":"SanGIS Footprints_Nonresidential_SD public domain (http://www.sangis.org/)","_wikiTried":true},"geometry":{"type":"Polygon","coordinates":[[[-117.242004,32.874005],[-117.2420047,32.8740889],[-117.2419999,32.8740882],[-117.2420002,32.8741402],[-117.2418941,32.8741409],[-117.2418951,32.8741953],[-117.2417396,32.8741966],[-117.2417414,32.8740611],[-117.2418783,32.8740605],[-117.2418754,32.8740063],[-117.242004,32.874005]]]}},{"type":"Feature","id":31839247,"properties":{"osmId":31839247,"category":"residential","building":"residential","building_type":"education","name":"Goldberg Hall","sangis:OBJECTID":"11045","sangis:TYPE":"Education","source":"SanGIS Footprints_Nonresidential_SD public domain (http://www.sangis.org/)","_wikiTried":true},"geometry":{"type":"Polygon","coordinates":[[[-117.2337882,32.8833964],[-117.2338191,32.8833698],[-117.23378,32.8833378],[-117.2337215,32.8833884],[-117.2337017,32.8833722],[-117.2337101,32.8833649],[-117.2336823,32.8833422],[-117.2337061,32.8833216],[-117.2336663,32.8832891],[-117.2336055,32.8833416],[-117.2335763,32.8833178],[-117.2335865,32.883309],[-117.2335555,32.8832836],[-117.2335796,32.8832628],[-117.2334962,32.8831945],[-117.2334875,32.883202],[-117.2334576,32.8831776],[-117.2335264,32.8831184],[-117.2335506,32.8831382],[-117.233582,32.8831112],[-117.2335229,32.8830627],[-117.2335483,32.8830409],[-117.2335579,32.8830488],[-117.2336138,32.883001],[-117.2336668,32.8830446],[-117.2336292,32.8830769],[-117.2336571,32.8830999],[-117.2335655,32.8831782],[-117.2336316,32.8832326],[-117.2336455,32.8832208],[-117.2336564,32.8832298],[-117.2336669,32.8832209],[-117.2337068,32.8832541],[-117.2336906,32.8832678],[-117.2337379,32.8833073],[-117.2337676,32.8832821],[-117.2338426,32.8833446],[-117.2338875,32.8833066],[-117.233865,32.8832879],[-117.2339946,32.8831781],[-117.2339767,32.8831633],[-117.2339674,32.8831712],[-117.2339051,32.8831197],[-117.2338819,32.8831396],[-117.2338563,32.8831185],[-117.2338325,32.8831389],[-117.2338005,32.8831126],[-117.2337928,32.8831192],[-117.2337583,32.8830911],[-117.2338474,32.8830138],[-117.2338962,32.8830535],[-117.2338788,32.8830685],[-117.2339175,32.8830999],[-117.2339832,32.8830428],[-117.2339062,32.8829803],[-117.2339399,32.882951],[-117.2338385,32.8828685],[-117.2338633,32.882847],[-117.2338367,32.8828254],[-117.2338258,32.8828348],[-117.2338047,32.8828176],[-117.233823,32.8828019],[-117.2337975,32.8827809],[-117.233771,32.8828036],[-117.23368,32.8827285],[-117.2336577,32.8827476],[-117.2336434,32.8827357],[-117.2335868,32.8827836],[-117.2336091,32.8828022],[-117.2335938,32.8828151],[-117.2336025,32.8828225],[-117.2335773,32.8828436],[-117.2334962,32.8827752],[-117.233575,32.8827092],[-117.2336022,32.8827321],[-117.2336738,32.8826722],[-117.2336586,32.8826593],[-117.2336832,32.8826387],[-117.2337578,32.8827015],[-117.2337357,32.88272],[-117.2337563,32.8827373],[-117.2338138,32.8826891],[-117.23385,32.8827195],[-117.2338404,32.8827275],[-117.2338717,32.8827536],[-117.2338485,32.8827731],[-117.233884,32.8828027],[-117.2339139,32.8827773],[-117.2339889,32.8828396],[-117.2339559,32.8828675],[-117.2339772,32.8828852],[-117.2339918,32.8828728],[-117.2340603,32.8829293],[-117.2339956,32.8829846],[-117.2340206,32.8830052],[-117.2340576,32.8829735],[-117.2340893,32.8829996],[-117.2340731,32.8830135],[-117.2341114,32.8830451],[-117.2340869,32.8830661],[-117.234076,32.8830571],[-117.2339969,32.8831251],[-117.2340288,32.8831512],[-117.2340634,32.8831213],[-117.2341143,32.883163],[-117.2340545,32.8832145],[-117.2340658,32.8832237],[-117.2340446,32.8832419],[-117.2340067,32.8832108],[-117.2339591,32.8832517],[-117.2339727,32.8832628],[-117.2339624,32.8832717],[-117.2340239,32.883322],[-117.2339966,32.8833455],[-117.2339879,32.8833383],[-117.2339587,32.8833635],[-117.2339363,32.8833452],[-117.2338875,32.8833873],[-117.2339042,32.883401],[-117.2338395,32.8834568],[-117.2338058,32.8834293],[-117.2338168,32.8834198],[-117.2337882,32.8833964]]]}},{"type":"Feature","id":31839265,"properties":{"osmId":31839265,"category":"academic","amenity":"restaurant","building":"university","building_type":"education","name":"Foodworx","sangis:OBJECTID":"11019","sangis:TYPE":"Education","source":"SanGIS Footprints_Nonresidential_SD public domain (http://www.sangis.org/)","takeaway":"only","_wikiTried":true},"geometry":{"type":"Polygon","coordinates":[[[-117.2303081,32.8788303],[-117.2303312,32.8787761],[-117.2303509,32.8787812],[-117.2303615,32.8787568],[-117.2303708,32.8787594],[-117.2303771,32.8787461],[-117.2303989,32.8787522],[-117.2304018,32.8787447],[-117.2304383,32.8787286],[-117.2304864,32.878743],[-117.2304813,32.8787539],[-117.2304874,32.8787559],[-117.2304989,32.8787759],[-117.2304951,32.8787839],[-117.2305149,32.8787897],[-117.2305077,32.8788054],[-117.2305172,32.8788072],[-117.2305001,32.8788438],[-117.2304716,32.8788355],[-117.2304491,32.8788827],[-117.2303336,32.8788463],[-117.230327,32.8788358],[-117.2303081,32.8788303]]]}},{"type":"Feature","id":31839344,"properties":{"osmId":31839344,"category":"academic","building":"yes","building_type":"education","name":"1200","sangis:OBJECTID":"12713","sangis:TYPE":"Education","source":"SanGIS Footprints_Nonresidential_SD public domain (http://www.sangis.org/)","_wikiTried":true},"geometry":{"type":"Polygon","coordinates":[[[-117.22988,32.8776599],[-117.2298577,32.8776233],[-117.2299016,32.8775295],[-117.2299612,32.8775495],[-117.2300277,32.8775727],[-117.2300571,32.8775135],[-117.23017,32.877553],[-117.2301859,32.8775208],[-117.2303296,32.8775714],[-117.2302747,32.8776846],[-117.2301273,32.8776354],[-117.2301135,32.8776645],[-117.2300156,32.8776318],[-117.2299861,32.8776941],[-117.2299643,32.8776869],[-117.22988,32.8776599]]]}},{"type":"Feature","id":31839388,"properties":{"osmId":31839388,"category":"academic","building":"yes","building_type":"education","height":"9","name":"Torry Pines Center North","sangis:OBJECTID":"11299","sangis:TYPE":"Education","source":"SanGIS Footprints_Nonresidential_SD public domain (http://www.sangis.org/)","_wikiTried":true},"geometry":{"type":"Polygon","coordinates":[[[-117.2424867,32.8910349],[-117.2424638,32.8910658],[-117.2423121,32.8909795],[-117.2424221,32.8908453],[-117.2428454,32.891087],[-117.2425623,32.8914363],[-117.2423557,32.8913201],[-117.2425559,32.8910743],[-117.2424867,32.8910349]]]}},{"type":"Feature","id":31839391,"properties":{"osmId":31839391,"category":"academic","building":"university","building_type":"education","name":"Communications","sangis:OBJECTID":"11014","sangis:TYPE":"Education","source":"SanGIS Footprints_Nonresidential_SD public domain (http://www.sangis.org/)","_wikiTried":true},"geometry":{"type":"Polygon","coordinates":[[[-117.2402036,32.8812792],[-117.2402603,32.8812283],[-117.2405312,32.8814512],[-117.2405141,32.8814648],[-117.2405705,32.8815112],[-117.2405713,32.8815248],[-117.2404561,32.8816233],[-117.240285,32.8817696],[-117.2402284,32.8817248],[-117.2402537,32.8817053],[-117.2401603,32.8816291],[-117.2401722,32.8816198],[-117.2400847,32.881546],[-117.2400472,32.8815754],[-117.2399322,32.8814807],[-117.2400692,32.8813684],[-117.2401364,32.88142],[-117.2402527,32.8813202],[-117.2402036,32.8812792]]]}},{"type":"Feature","id":31839441,"properties":{"osmId":31839441,"category":"academic","building":"university","building_type":"education","name":"Visual Arts Facility - Building 6","sangis:OBJECTID":"11030","sangis:TYPE":"Education","source":"SanGIS Footprints_Nonresidential_SD public domain (http://www.sangis.org/)","_wikiTried":true},"geometry":{"type":"Polygon","coordinates":[[[-117.2336194,32.8790637],[-117.2336634,32.8793041],[-117.2335194,32.879323],[-117.2334744,32.8790826],[-117.2336194,32.8790637]]]}},{"type":"Feature","id":31839469,"properties":{"osmId":31839469,"category":"academic","building":"yes","building_type":"education","created_by":"polyshp2osm","sangis:OBJECTID":"11177","sangis:TYPE":"Education","source":"SanGIS Footprints_Nonresidential_SD public domain (http://www.sangis.org/)"},"geometry":{"type":"Polygon","coordinates":[[[-117.2434868,32.8821993],[-117.2435716,32.8821986],[-117.2435735,32.8823711],[-117.2434887,32.8823718],[-117.2434868,32.8821993]]]}},{"type":"Feature","id":31839670,"properties":{"osmId":31839670,"category":"academic","building":"yes","building_type":"education","name":"Transit Operations Trailer","sangis:OBJECTID":"11048","sangis:TYPE":"Education","source":"SanGIS Footprints_Nonresidential_SD public domain (http://www.sangis.org/)","_wikiTried":true},"geometry":{"type":"Polygon","coordinates":[[[-117.2294874,32.8844176],[-117.2297322,32.8844132],[-117.2297363,32.8845742],[-117.2294915,32.8845786],[-117.2294874,32.8844176]]]}},{"type":"Feature","id":31839732,"properties":{"osmId":31839732,"category":"residential","building":"dormitory","building:colour":"beige","building:levels":"4","building:material":"stucco","building_type":"education","name":"Earth Hall","roof:colour":"lightgrey","sangis:OBJECTID":"10677","sangis:TYPE":"Education","source":"SanGIS Footprints_Nonresidential_SD public domain (http://www.sangis.org/)","year_of_construction":"2003","_wikiTried":true},"geometry":{"type":"Polygon","coordinates":[[[-117.2426979,32.8858916],[-117.2427122,32.8858409],[-117.2427149,32.8858321],[-117.2427284,32.8857883],[-117.242748,32.885789],[-117.2427696,32.8856964],[-117.2427502,32.8856932],[-117.2427579,32.8856466],[-117.2427675,32.8855931],[-117.2427876,32.885593],[-117.2427932,32.8854978],[-117.242771,32.8854969],[-117.2427743,32.8854477],[-117.2427785,32.8853931],[-117.2427848,32.885393],[-117.2428044,32.8853927],[-117.2428034,32.8853455],[-117.2429692,32.8853471],[-117.2429666,32.8854029],[-117.2429425,32.8854038],[-117.2429393,32.8855072],[-117.2429536,32.8855099],[-117.2429437,32.8856082],[-117.242927,32.8856076],[-117.2429117,32.8857214],[-117.2429232,32.8857235],[-117.242914,32.8857742],[-117.2429062,32.885819],[-117.242888,32.8858167],[-117.2428629,32.8859215],[-117.2428747,32.8859232],[-117.2428592,32.8859781],[-117.2427047,32.8859393],[-117.2427185,32.8858961],[-117.2426979,32.8858916]]]}},{"type":"Feature","id":31839879,"properties":{"osmId":31839879,"category":"academic","building":"university","building_type":"education","name":"Biology","sangis:OBJECTID":"12654","sangis:TYPE":"Education","source":"SanGIS Footprints_Nonresidential_SD public domain (http://www.sangis.org/)","_wikiTried":true},"geometry":{"type":"Polygon","coordinates":[[[-117.2410053,32.8787717],[-117.2410048,32.8787168],[-117.2409654,32.878717],[-117.2409532,32.878717],[-117.2409545,32.8781257],[-117.2409588,32.8781257],[-117.2409979,32.8781254],[-117.2409976,32.8780815],[-117.2411104,32.8780809],[-117.2411108,32.8781396],[-117.2411495,32.8781394],[-117.2411538,32.8787093],[-117.2411224,32.8787095],[-117.2411229,32.878771],[-117.2410053,32.8787717]]]}},{"type":"Feature","id":31840070,"properties":{"osmId":31840070,"category":"academic","building":"university","building_type":"education","name":"Medical Teaching","sangis:OBJECTID":"13773","sangis:TYPE":"Education","source":"SanGIS Footprints_Nonresidential_SD public domain (http://www.sangis.org/)","_wikiTried":true},"geometry":{"type":"Polygon","coordinates":[[[-117.2353863,32.8758592],[-117.2353855,32.8758065],[-117.2353851,32.8757465],[-117.2352782,32.8757473],[-117.2352751,32.8754516],[-117.2356038,32.8754492],[-117.2356069,32.8757492],[-117.2354903,32.8757501],[-117.2354905,32.8758056],[-117.2354914,32.8758561],[-117.2356073,32.8758574],[-117.2356086,32.8758649],[-117.235611,32.8760998],[-117.2356149,32.8763376],[-117.2355511,32.8763381],[-117.2355249,32.8763383],[-117.2355089,32.8763384],[-117.2352823,32.8763402],[-117.2352812,32.8762664],[-117.2352771,32.87586],[-117.2353863,32.8758592]]]}},{"type":"Feature","id":31840140,"properties":{"osmId":31840140,"category":"academic","building":"university","building_type":"education","sangis:OBJECTID":"11198","sangis:TYPE":"Education","source":"SanGIS Footprints_Nonresidential_SD public domain (http://www.sangis.org/)"},"geometry":{"type":"Polygon","coordinates":[[[-117.2413152,32.8842297],[-117.241302,32.8842198],[-117.2412504,32.8841806],[-117.2412179,32.8841819],[-117.2411882,32.8841828],[-117.2411582,32.8841837],[-117.2411238,32.8841554],[-117.2410334,32.8840802],[-117.2410045,32.8840812],[-117.2407046,32.8838331],[-117.2407298,32.8838329],[-117.2407554,32.8838328],[-117.241099,32.8838307],[-117.2411994,32.8839134],[-117.2413966,32.8840758],[-117.2413407,32.8840774],[-117.2413414,32.8840921],[-117.2414694,32.8840934],[-117.2413152,32.8842297]]]}},{"type":"Feature","id":31840207,"properties":{"osmId":31840207,"category":"academic","building":"yes","building_type":"education","name":"600","sangis:OBJECTID":"13782","sangis:TYPE":"Education","source":"SanGIS Footprints_Nonresidential_SD public domain (http://www.sangis.org/)","_wikiTried":true},"geometry":{"type":"Polygon","coordinates":[[[-117.2294906,32.8783786],[-117.2295463,32.8782515],[-117.2297067,32.878301],[-117.2296655,32.878395],[-117.2296514,32.8784273],[-117.2296514,32.8784283],[-117.2294906,32.8783786]]]}},{"type":"Feature","id":31840682,"properties":{"osmId":31840682,"category":"residential","building":"dormitory","building:colour":"beige","building:levels":"4","building:material":"stucco","building_type":"residential","name":"Africa Hall","roof:colour":"lightgrey","sangis:OBJECTID":"10679","sangis:TYPE":"Education","source":"SanGIS Footprints_Nonresidential_SD public domain (http://www.sangis.org/);local knowledge;streetlevel imagery","year_of_construction":"2003","_wikiTried":true},"geometry":{"type":"Polygon","coordinates":[[[-117.2433702,32.8862712],[-117.2433702,32.8862675],[-117.2433705,32.8862176],[-117.2433865,32.8862177],[-117.2433872,32.8860833],[-117.2433731,32.8860832],[-117.243373,32.8860601],[-117.2433736,32.8860335],[-117.2434301,32.8860337],[-117.2434404,32.8860249],[-117.243446,32.8860337],[-117.243468,32.8860338],[-117.2434783,32.8860249],[-117.2434848,32.8860338],[-117.2435064,32.8860339],[-117.2435167,32.8860252],[-117.2435231,32.8860339],[-117.2435439,32.886034],[-117.2435542,32.8860249],[-117.2435607,32.886034],[-117.2435821,32.886034],[-117.2435924,32.8860253],[-117.2435989,32.8860341],[-117.2436347,32.8860345],[-117.2436344,32.8860855],[-117.243627,32.8860855],[-117.2436269,32.886098],[-117.2435875,32.8860979],[-117.2435869,32.8862033],[-117.2436229,32.8862034],[-117.2436228,32.8862175],[-117.2436352,32.8862175],[-117.2436349,32.8862726],[-117.2435955,32.8862724],[-117.243589,32.8862811],[-117.2435788,32.8862723],[-117.2435573,32.8862722],[-117.2435507,32.8862812],[-117.2435405,32.8862721],[-117.2435197,32.886272],[-117.2435132,32.8862807],[-117.243503,32.8862719],[-117.2434814,32.8862718],[-117.2434749,32.8862807],[-117.2434647,32.8862717],[-117.2434426,32.8862716],[-117.2434369,32.8862804],[-117.2434267,32.8862715],[-117.2433702,32.8862712]]]}},{"type":"Feature","id":31840760,"properties":{"osmId":31840760,"category":"academic","building":"yes","building_type":"education","sangis:OBJECTID":"11175","sangis:TYPE":"Education","source":"SanGIS Footprints_Nonresidential_SD public domain (http://www.sangis.org/)"},"geometry":{"type":"Polygon","coordinates":[[[-117.243429,32.8821433],[-117.2434334,32.8822508],[-117.2433559,32.882253],[-117.2433569,32.8822788],[-117.2431768,32.882284],[-117.2431714,32.8821507],[-117.243429,32.8821433]]]}},{"type":"Feature","id":31840902,"properties":{"osmId":31840902,"category":"academic","addr:city":"La Jolla","addr:housenumber":"8825","addr:postcode":"92037","addr:state":"CA","addr:street":"Biological Grade","building":"university","building_type":"education","name":"Hydraulics Laboratory","sangis:OBJECTID":"12663","sangis:TYPE":"Education","source":"SanGIS Footprints_Nonresidential_SD public domain (http://www.sangis.org/)","_wikiTried":true},"geometry":{"type":"Polygon","coordinates":[[[-117.2524109,32.8686885],[-117.252422,32.8691383],[-117.2520796,32.8691461],[-117.2520648,32.8686958],[-117.2524109,32.8686885]]]}},{"type":"Feature","id":31841108,"properties":{"osmId":31841108,"category":"academic","building":"yes","building_type":"education","roof:colour":"white","sangis:OBJECTID":"11016","sangis:TYPE":"Education","source":"SanGIS Footprints_Nonresidential_SD public domain (http://www.sangis.org/)"},"geometry":{"type":"Polygon","coordinates":[[[-117.2433846,32.8817629],[-117.2433848,32.8818888],[-117.2432802,32.8818889],[-117.2432799,32.881763],[-117.2433846,32.8817629]]]}},{"type":"Feature","id":31841184,"properties":{"osmId":31841184,"category":"academic","building":"service","building_type":"education","sangis:OBJECTID":"13795","sangis:TYPE":"Education","source":"SanGIS Footprints_Nonresidential_SD public domain (http://www.sangis.org/)"},"geometry":{"type":"Polygon","coordinates":[[[-117.2314668,32.8786],[-117.2315312,32.8785426],[-117.2316755,32.8786574],[-117.2316574,32.8786735],[-117.2316784,32.878691],[-117.2316329,32.8787315],[-117.2314668,32.8786]]]}},{"type":"Feature","id":31841258,"properties":{"osmId":31841258,"category":"academic","addr:housenumber":"3333","addr:street":"N Torrey Pines Court","building":"yes","building_type":"industrial","height":"9","sangis:OBJECTID":"11051","sangis:TYPE":"Industrial","source":"SanGIS Footprints_Nonresidential_SD public domain (http://www.sangis.org/)"},"geometry":{"type":"Polygon","coordinates":[[[-117.2425025,32.89189],[-117.2425151,32.8918713],[-117.2428263,32.8920313],[-117.2428154,32.8920485],[-117.2426542,32.8923035],[-117.2425063,32.8922243],[-117.2423372,32.8921337],[-117.2423927,32.8920519],[-117.2425025,32.89189]]]}},{"type":"Feature","id":31841267,"properties":{"osmId":31841267,"category":"academic","building":"yes","building_type":"education","sangis:OBJECTID":"11195","sangis:TYPE":"Education","source":"SanGIS Footprints_Nonresidential_SD public domain (http://www.sangis.org/)"},"geometry":{"type":"Polygon","coordinates":[[[-117.2415423,32.883645],[-117.2415422,32.883625],[-117.2415291,32.883625],[-117.2415286,32.8835729],[-117.2415167,32.883573],[-117.2415163,32.8835322],[-117.2415543,32.883532],[-117.2415537,32.8834626],[-117.2414773,32.883463],[-117.2414776,32.883499],[-117.2413723,32.8834996],[-117.241372,32.8834644],[-117.241334,32.8834646],[-117.2413337,32.8834283],[-117.2413457,32.8834282],[-117.2413453,32.8833753],[-117.2413584,32.8833752],[-117.2413582,32.8833538],[-117.2414018,32.8833536],[-117.2414019,32.8833615],[-117.2414441,32.8833613],[-117.2414441,32.883353],[-117.24149,32.8833527],[-117.2414901,32.8833727],[-117.2415042,32.8833727],[-117.2415045,32.8834259],[-117.241519,32.8834259],[-117.2415275,32.8834258],[-117.2415272,32.8833729],[-117.2415402,32.8833728],[-117.2415401,32.8833524],[-117.2415849,32.8833522],[-117.2415849,32.8833608],[-117.2416281,32.8833606],[-117.241628,32.8833528],[-117.2416719,32.8833526],[-117.2416721,32.8833721],[-117.241688,32.8833721],[-117.2416883,32.8834215],[-117.241703,32.8834215],[-117.2417194,32.8834214],[-117.2417194,32.8834363],[-117.2417196,32.8834663],[-117.2416627,32.8834666],[-117.2416631,32.8835311],[-117.241737,32.8835308],[-117.2417368,32.8834972],[-117.2418441,32.8834968],[-117.2418444,32.8835318],[-117.2418764,32.8835317],[-117.241877,32.8836204],[-117.241855,32.8836205],[-117.2418551,32.8836414],[-117.2418119,32.8836416],[-117.2418118,32.8836343],[-117.2417692,32.8836346],[-117.2417693,32.883644],[-117.2417247,32.8836442],[-117.2417246,32.8836229],[-117.2417125,32.8836229],[-117.2417121,32.8835708],[-117.2416989,32.8835709],[-117.241688,32.883571],[-117.2416884,32.8836234],[-117.2416744,32.8836235],[-117.2416745,32.8836441],[-117.2416294,32.8836444],[-117.2416294,32.8836358],[-117.2415876,32.883636],[-117.2415877,32.8836448],[-117.2415423,32.883645]]]}},{"type":"Feature","id":31841304,"properties":{"osmId":31841304,"category":"academic","building":"yes","building_type":"education","sangis:OBJECTID":"11185","sangis:TYPE":"Education","source":"SanGIS Footprints_Nonresidential_SD public domain (http://www.sangis.org/)"},"geometry":{"type":"Polygon","coordinates":[[[-117.2410845,32.882943],[-117.2410838,32.8828901],[-117.2410721,32.8828902],[-117.2410717,32.882857],[-117.2411069,32.8828567],[-117.2411061,32.8827841],[-117.2410334,32.882785],[-117.2410341,32.8828214],[-117.2409285,32.8828224],[-117.2409282,32.8827887],[-117.2408732,32.882789],[-117.2408728,32.8827512],[-117.2409025,32.882751],[-117.2409021,32.8826976],[-117.2409148,32.8826975],[-117.2409147,32.8826778],[-117.2409532,32.8826777],[-117.2409532,32.8826865],[-117.2410053,32.8826865],[-117.2410053,32.8826769],[-117.2410443,32.882677],[-117.2410443,32.8826958],[-117.2410563,32.8826959],[-117.241056,32.8827478],[-117.2410746,32.8827479],[-117.2410839,32.8827479],[-117.2410843,32.8826944],[-117.2410961,32.8826945],[-117.2410963,32.8826752],[-117.2411402,32.8826754],[-117.2411402,32.8826813],[-117.2411836,32.8826816],[-117.2411836,32.8826733],[-117.2412301,32.8826736],[-117.2412299,32.8826918],[-117.2412415,32.8826918],[-117.2412412,32.8827364],[-117.2412536,32.8827365],[-117.2412533,32.8827809],[-117.2412162,32.8827808],[-117.2412158,32.8828467],[-117.2412858,32.882847],[-117.241286,32.8828125],[-117.2412914,32.8828125],[-117.2413533,32.8828128],[-117.2413985,32.8828129],[-117.2413983,32.8828455],[-117.2414355,32.8828456],[-117.2414353,32.8828901],[-117.2414243,32.8828901],[-117.2414243,32.8829406],[-117.2414133,32.8829406],[-117.2414133,32.8829618],[-117.2413644,32.8829618],[-117.2413643,32.8829561],[-117.2413265,32.8829563],[-117.2413266,32.8829639],[-117.241276,32.8829643],[-117.2412758,32.882943],[-117.2412639,32.8829431],[-117.2412633,32.8828925],[-117.241252,32.8828926],[-117.2412393,32.8828928],[-117.2412399,32.8829418],[-117.2412272,32.8829419],[-117.2412274,32.8829614],[-117.2411849,32.8829619],[-117.2411848,32.8829558],[-117.2411395,32.8829563],[-117.2411396,32.8829644],[-117.2410963,32.8829648],[-117.2410961,32.8829429],[-117.2410845,32.882943]]]}},{"type":"Feature","id":31841315,"properties":{"osmId":31841315,"category":"academic","addr:city":"La Jolla","addr:housenumber":"9500","addr:postcode":"92093-0068","addr:street":"Gilman Drive","building":"university","building_type":"education","name":"Pepper Canyon Market","opening_hours":"Mo-Fr 07:00-13:00; Sa-Su 09:00-13:00","phone":"+1-858-534-9480","sangis:OBJECTID":"11027","sangis:TYPE":"Education","shop":"convenience","source":"SanGIS Footprints_Nonresidential_SD public domain (http://www.sangis.org/)","_wikiTried":true},"geometry":{"type":"Polygon","coordinates":[[[-117.2308307,32.8791571],[-117.230868,32.8790747],[-117.2311119,32.8791524],[-117.2310747,32.8792348],[-117.2308307,32.8791571]]]}},{"type":"Feature","id":31841321,"properties":{"osmId":31841321,"category":"academic","building":"yes","building_type":"education","sangis:OBJECTID":"11184","sangis:TYPE":"Education","source":"SanGIS Footprints_Nonresidential_SD public domain (http://www.sangis.org/)"},"geometry":{"type":"Polygon","coordinates":[[[-117.2430153,32.8826447],[-117.2431797,32.8826448],[-117.2431796,32.8827182],[-117.2430153,32.8827181],[-117.2430153,32.8826447]]]}},{"type":"Feature","id":31841369,"properties":{"osmId":31841369,"category":"medical","addr:city":"La Jolla","addr:country":"US","addr:housenumber":"9350","addr:postcode":"92037","addr:state":"CA","addr:street":"Campus Point Drive","amenity":"clinic","building":"hospital","gnis:feature_id":"2457084","healthcare":"clinic","name":"Perlman Ambulatory Care Center","operator":"UC San Diego Health","sangis:OBJECTID":"13732","sangis:TYPE":"Hospital","source":"SanGIS Footprints_Nonresidential_SD public domain (http://www.sangis.org/)","_wikiTried":true},"geometry":{"type":"Polygon","coordinates":[[[-117.2247188,32.8779229],[-117.224859,32.877944],[-117.2250067,32.8781229],[-117.2250027,32.8781437],[-117.2249842,32.8782384],[-117.2246876,32.8784149],[-117.2244234,32.8780978],[-117.2245735,32.8780076],[-117.2247188,32.8779229]]]}},{"type":"Feature","id":31841387,"properties":{"osmId":31841387,"category":"academic","building":"university","building_type":"education","sangis:OBJECTID":"11201","sangis:TYPE":"Education","source":"SanGIS Footprints_Nonresidential_SD public domain (http://www.sangis.org/)"},"geometry":{"type":"Polygon","coordinates":[[[-117.2407558,32.8847931],[-117.2407548,32.8847408],[-117.2407888,32.8847405],[-117.2407868,32.8845696],[-117.2407568,32.8845699],[-117.2407558,32.8844988],[-117.2408918,32.884465],[-117.2408918,32.8844996],[-117.2409368,32.8844982],[-117.2409379,32.8845419],[-117.2409304,32.8845536],[-117.2409141,32.8845604],[-117.2408918,32.8845611],[-117.2408918,32.884569],[-117.2408578,32.8845691],[-117.2408578,32.8846921],[-117.2409078,32.8847314],[-117.2411588,32.8845093],[-117.2411388,32.8844932],[-117.2411758,32.884492],[-117.241205,32.8844675],[-117.2412134,32.8844669],[-117.2412218,32.8844737],[-117.2412166,32.8844776],[-117.2412306,32.8844902],[-117.2412408,32.8844899],[-117.2412498,32.8844969],[-117.2412841,32.8844636],[-117.2413128,32.8844398],[-117.2413118,32.8842987],[-117.2414758,32.8842982],[-117.2414768,32.8844593],[-117.2413968,32.8844596],[-117.2413338,32.8845157],[-117.2413018,32.8845438],[-117.2413048,32.8845915],[-117.2412328,32.8845939],[-117.2409718,32.8848215],[-117.2409338,32.8847906],[-117.2409148,32.8847909],[-117.2409158,32.8848348],[-117.2408138,32.8848364],[-117.2408138,32.8848236],[-117.2407938,32.8848239],[-117.2407768,32.8848181],[-117.2407648,32.8848102],[-117.2407558,32.8847931]]]}},{"type":"Feature","id":31841431,"properties":{"osmId":31841431,"category":"academic","building":"university","building_type":"education","name":"Visual Arts Facility - Building 4","sangis:OBJECTID":"11026","sangis:TYPE":"Education","source":"SanGIS Footprints_Nonresidential_SD public domain (http://www.sangis.org/)","_wikiTried":true},"geometry":{"type":"Polygon","coordinates":[[[-117.2335754,32.878828],[-117.2336644,32.8787947],[-117.2337334,32.8787688],[-117.2339109,32.8791026],[-117.2337529,32.8791619],[-117.2335754,32.878828]]]}},{"type":"Feature","id":31841606,"properties":{"osmId":31841606,"category":"academic","building":"university","building:levels":"4","building_type":"education","name":"Atlantis Hall","sangis:OBJECTID":"13702","sangis:TYPE":"Education","source":"SanGIS Footprints_Nonresidential_SD public domain (http://www.sangis.org/)","_wikiTried":true},"geometry":{"type":"Polygon","coordinates":[[[-117.2423815,32.873788],[-117.2425573,32.8737865],[-117.2425589,32.8739215],[-117.2424592,32.8739222],[-117.2424598,32.8739793],[-117.2422962,32.8739805],[-117.2422946,32.8738392],[-117.2423821,32.8738385],[-117.2423815,32.873788]]]}},{"type":"Feature","id":31841722,"properties":{"osmId":31841722,"category":"academic","addr:city":"La Jolla","addr:housenumber":"2350","addr:postcode":"92037","addr:state":"CA","addr:street":"Downwind Way","building":"university","building:levels":"1","building_type":"education","name":"Deep Sea Drilling West","sangis:OBJECTID":"13717","sangis:TYPE":"Education","source":"SanGIS Footprints_Nonresidential_SD public domain (http://www.sangis.org/)","_wikiTried":true},"geometry":{"type":"Polygon","coordinates":[[[-117.251644,32.867693],[-117.2516129,32.8676923],[-117.2516244,32.8674351],[-117.2516451,32.8674357],[-117.2516464,32.8674077],[-117.2516897,32.8674091],[-117.2517047,32.8670941],[-117.2519278,32.8671016],[-117.2519115,32.8674437],[-117.2518887,32.867443],[-117.2518725,32.8677903],[-117.2516404,32.8677841],[-117.251644,32.867693]]]}},{"type":"Feature","id":31841883,"properties":{"osmId":31841883,"category":"academic","building":"university","building_type":"education","name":"Social Sciences Research Building","sangis:OBJECTID":"11011","sangis:TYPE":"Education","source":"SanGIS Footprints_Nonresidential_SD public domain (http://www.sangis.org/)","_wikiTried":true},"geometry":{"type":"Polygon","coordinates":[[[-117.2400159,32.8807237],[-117.2400174,32.8805873],[-117.2399926,32.8805882],[-117.2400015,32.880371],[-117.2400695,32.8803696],[-117.2402198,32.8803663],[-117.2402175,32.8803121],[-117.2402428,32.8802963],[-117.2402809,32.8802958],[-117.2402897,32.8805826],[-117.2402652,32.8805829],[-117.2402667,32.8807094],[-117.240313,32.8807471],[-117.240329,32.8807335],[-117.2404989,32.8808858],[-117.2403147,32.8810411],[-117.2403072,32.8810353],[-117.2402882,32.8810512],[-117.2400119,32.8808167],[-117.2399983,32.8807928],[-117.239999,32.8807353],[-117.2400159,32.8807237]]]}},{"type":"Feature","id":31841960,"properties":{"osmId":31841960,"category":"academic","building":"yes","building_type":"education","name":"Environmental Management Facility","name:en":"Campus Services Shops","sangis:OBJECTID":"11047","sangis:TYPE":"Education","source":"SanGIS Footprints_Nonresidential_SD public domain (http://www.sangis.org/)","_wikiTried":true},"geometry":{"type":"Polygon","coordinates":[[[-117.2296027,32.8843149],[-117.2296018,32.8842804],[-117.2290637,32.8842908],[-117.2290524,32.8839997],[-117.2290578,32.8839995],[-117.2296054,32.8839917],[-117.2295982,32.8836099],[-117.2293228,32.8836124],[-117.2293173,32.8834005],[-117.2292563,32.8834016],[-117.229242,32.8827573],[-117.2294072,32.8827555],[-117.2294067,32.8827079],[-117.2295911,32.8827064],[-117.2295917,32.882754],[-117.229735,32.8827527],[-117.2297449,32.8833405],[-117.2295982,32.8833418],[-117.2295995,32.8834467],[-117.2297542,32.8834452],[-117.2297717,32.884312],[-117.2296027,32.8843149]]]}},{"type":"Feature","id":31842034,"properties":{"osmId":31842034,"category":"academic","building":"university","building:colour":"beige","building:material":"stucco","building_type":"education","name":"Great Hall","roof:colour":"lightgrey","sangis:OBJECTID":"11197","sangis:TYPE":"Education","source":"SanGIS Footprints_Nonresidential_SD public domain (http://www.sangis.org/)","year_of_construction":"2003","_wikiTried":true},"geometry":{"type":"Polygon","coordinates":[[[-117.2421909,32.8838831],[-117.2421593,32.8839184],[-117.2421106,32.883958],[-117.2420459,32.8839924],[-117.2419596,32.8840223],[-117.2418911,32.8840387],[-117.2418792,32.8840416],[-117.2417976,32.8840577],[-117.2417452,32.8838815],[-117.2417323,32.8838367],[-117.2418268,32.8838352],[-117.2418612,32.8838346],[-117.2418894,32.8838342],[-117.242111,32.8838331],[-117.2421909,32.8838831]]]}},{"type":"Feature","id":31842038,"properties":{"osmId":31842038,"category":"academic","building":"school","building:levels":"3","building_type":"education","ele":"128","name":"Galbraith Hall","sangis:OBJECTID":"13703","sangis:TYPE":"Education","source":"SanGIS Footprints_Nonresidential_SD public domain (http://www.sangis.org/)","_wikiTried":true},"geometry":{"type":"Polygon","coordinates":[[[-117.240616,32.8735582],[-117.2412785,32.8735544],[-117.241283,32.8741169],[-117.2406206,32.8741208],[-117.240616,32.8735582]]]}},{"type":"Feature","id":31842102,"properties":{"osmId":31842102,"category":"academic","addr:housenumber":"3294","addr:street":"Voigt Drive","building":"college","building_type":"education","name":"Canyonview Recreation & Athletics Administration","sangis:OBJECTID":"11037","sangis:TYPE":"Education","source":"SanGIS Footprints_Nonresidential_SD public domain (http://www.sangis.org/)","_wikiTried":true},"geometry":{"type":"Polygon","coordinates":[[[-117.2325984,32.8805252],[-117.2325915,32.8804986],[-117.2325627,32.8805019],[-117.232532,32.8803424],[-117.2326199,32.8803312],[-117.2326583,32.8805643],[-117.2326265,32.8805688],[-117.232629,32.8805954],[-117.23251,32.8806105],[-117.2324967,32.880535],[-117.2325984,32.8805252]]]}},{"type":"Feature","id":31842117,"properties":{"osmId":31842117,"category":"academic","building":"university","building_type":"education","name":"Visual Arts Facility - Building 5","sangis:OBJECTID":"11032","sangis:TYPE":"Education","source":"SanGIS Footprints_Nonresidential_SD public domain (http://www.sangis.org/)","_wikiTried":true},"geometry":{"type":"Polygon","coordinates":[[[-117.233902,32.8792126],[-117.233965,32.8795027],[-117.2338013,32.8795278],[-117.2337383,32.8792377],[-117.233902,32.8792126]]]}},{"type":"Feature","id":31842121,"properties":{"osmId":31842121,"category":"academic","building":"yes","building_type":"commercial","sangis:OBJECTID":"12689","sangis:TYPE":"Commercial","source":"SanGIS Footprints_Nonresidential_SD public domain (http://www.sangis.org/)"},"geometry":{"type":"Polygon","coordinates":[[[-117.2216979,32.8801376],[-117.2218862,32.8801359],[-117.2218927,32.8806529],[-117.2217044,32.8806546],[-117.2216979,32.8801376]]]}},{"type":"Feature","id":31842124,"properties":{"osmId":31842124,"category":"academic","building":"university","building:levels":"5","building_type":"education","name":"Student Services Center","sangis:OBJECTID":"12655","sangis:TYPE":"Education","source":"SanGIS Footprints_Nonresidential_SD public domain (http://www.sangis.org/)","_wikiTried":true},"geometry":{"type":"Polygon","coordinates":[[[-117.2356784,32.8789003],[-117.2357662,32.878888],[-117.2358532,32.8788759],[-117.2358377,32.8787977],[-117.235826,32.8787379],[-117.2358035,32.8786242],[-117.2357172,32.8786362],[-117.2355912,32.8786539],[-117.2355128,32.8786648],[-117.2355231,32.8787169],[-117.2350882,32.8787776],[-117.235076,32.8787181],[-117.2350558,32.8786137],[-117.2351718,32.8785975],[-117.2351632,32.878559],[-117.23516,32.8785434],[-117.2358755,32.8784396],[-117.235913,32.8784341],[-117.235918,32.878455],[-117.235968,32.8787204],[-117.2359797,32.8787796],[-117.2360666,32.8792176],[-117.2357661,32.8792594],[-117.2357499,32.8792618],[-117.2357316,32.879173],[-117.235723,32.8791294],[-117.2357142,32.8790845],[-117.2356784,32.8789003]]]}},{"type":"Feature","id":31842149,"properties":{"osmId":31842149,"category":"academic","building":"yes","building_type":"education","name":"300","sangis:OBJECTID":"13794","sangis:TYPE":"Education","source":"SanGIS Footprints_Nonresidential_SD public domain (http://www.sangis.org/)","_wikiTried":true},"geometry":{"type":"Polygon","coordinates":[[[-117.2296541,32.8787556],[-117.2295036,32.8787101],[-117.2294928,32.8787354],[-117.2293606,32.8786956],[-117.2293639,32.8786877],[-117.2294074,32.8785729],[-117.2295201,32.878603],[-117.2295277,32.8785831],[-117.2296352,32.878612],[-117.2296488,32.8786164],[-117.2297128,32.8786407],[-117.2296867,32.8786893],[-117.2296606,32.8787407],[-117.2296541,32.8787556]]]}},{"type":"Feature","id":31842162,"properties":{"osmId":31842162,"category":"academic","building":"university","building_type":"education","name":"Visual Arts Facility - Building 3","sangis:OBJECTID":"11021","sangis:TYPE":"Education","source":"SanGIS Footprints_Nonresidential_SD public domain (http://www.sangis.org/)","_wikiTried":true},"geometry":{"type":"Polygon","coordinates":[[[-117.2342328,32.8786619],[-117.2342714,32.8788733],[-117.2340308,32.8789043],[-117.2340114,32.8787979],[-117.234099,32.8787866],[-117.2340798,32.8786816],[-117.2342328,32.8786619]]]}},{"type":"Feature","id":31842191,"properties":{"osmId":31842191,"category":"academic","building":"university","building:levels":"4","building_type":"education","name":"Beagle Hall","sangis:OBJECTID":"13704","sangis:TYPE":"Education","source":"SanGIS Footprints_Nonresidential_SD public domain (http://www.sangis.org/)","_wikiTried":true},"geometry":{"type":"Polygon","coordinates":[[[-117.2426032,32.8739982],[-117.2427784,32.8739968],[-117.24278,32.8741312],[-117.2426805,32.874132],[-117.2426812,32.8741893],[-117.2425178,32.8741905],[-117.2425162,32.8740493],[-117.2426038,32.8740486],[-117.2426032,32.8739982]]]}},{"type":"Feature","id":31842194,"properties":{"osmId":31842194,"category":"academic","building":"university","building_type":"education","name":"Rec Gym","sangis:OBJECTID":"13709","sangis:TYPE":"Education","source":"SanGIS Footprints_Nonresidential_SD public domain (http://www.sangis.org/)","_wikiTried":true},"geometry":{"type":"Polygon","coordinates":[[[-117.2410851,32.8768863],[-117.2410786,32.8765897],[-117.2416219,32.8765858],[-117.2416199,32.8768629],[-117.2413815,32.8768613],[-117.2413813,32.8768821],[-117.241356,32.876882],[-117.2410851,32.8768863]]]}},{"type":"Feature","id":31842197,"properties":{"osmId":31842197,"category":"academic","building":"yes","building:colour":"beige","building:levels":"1","building:material":"stucco","building_type":"education","name":"ERC Laundry South","roof:colour":"lightgrey","sangis:OBJECTID":"11200","sangis:TYPE":"Education","self_service":"yes","shop":"laundry","source":"SanGIS Footprints_Nonresidential_SD public domain (http://www.sangis.org/)","year_of_construction":"2003","_wikiTried":true},"geometry":{"type":"Polygon","coordinates":[[[-117.2429139,32.8845796],[-117.2431877,32.8845757],[-117.2433069,32.884574],[-117.2433062,32.8845959],[-117.2433071,32.8846706],[-117.2429463,32.8846786],[-117.2429139,32.8845796]]]}},{"type":"Feature","id":31842288,"properties":{"osmId":31842288,"category":"academic","building":"yes","building_type":"education","name":"700","sangis:OBJECTID":"13779","sangis:TYPE":"Education","source":"SanGIS Footprints_Nonresidential_SD public domain (http://www.sangis.org/)","_wikiTried":true},"geometry":{"type":"Polygon","coordinates":[[[-117.2296359,32.8780971],[-117.2297918,32.8781542],[-117.2297321,32.8782691],[-117.2295762,32.878212],[-117.2296359,32.8780971]]]}},{"type":"Feature","id":31842334,"properties":{"osmId":31842334,"category":"academic","addr:city":"La Jolla","addr:housenumber":"8810","addr:postcode":"92037","addr:state":"CA","addr:street":"Shellback Way","building":"university","building_type":"education","name":"Nierenberg Hall","sangis:OBJECTID":"13718","sangis:TYPE":"Education","source":"SanGIS Footprints_Nonresidential_SD public domain (http://www.sangis.org/)","_wikiTried":true},"geometry":{"type":"Polygon","coordinates":[[[-117.2510489,32.8688906],[-117.2510404,32.868435],[-117.2510678,32.8684347],[-117.2511737,32.8684337],[-117.2511868,32.8682242],[-117.2511718,32.8682181],[-117.2509927,32.8682186],[-117.2509932,32.868047],[-117.2513612,32.8680468],[-117.2513693,32.8684839],[-117.2512567,32.8685751],[-117.2512208,32.868576],[-117.2512268,32.8687262],[-117.2512952,32.8687242],[-117.2513909,32.8686248],[-117.2514517,32.8686238],[-117.2514579,32.8688841],[-117.2510489,32.8688906]]]}},{"type":"Feature","id":31842387,"properties":{"osmId":31842387,"category":"residential","building":"dormitory","building:colour":"beige","building:levels":"4","building:material":"stucco","building_type":"education","name":"Middle East Hall","roof:colour":"lightgrey","sangis:OBJECTID":"10675","sangis:TYPE":"Education","source":"SanGIS Footprints_Nonresidential_SD public domain (http://www.sangis.org/)","year_of_construction":"2003","_wikiTried":true},"geometry":{"type":"Polygon","coordinates":[[[-117.2425512,32.8854492],[-117.2426504,32.8854481],[-117.2426554,32.8858251],[-117.2426341,32.8858253],[-117.2425633,32.8858259],[-117.242556,32.885826],[-117.2425512,32.8854492]]]}},{"type":"Feature","id":31842522,"properties":{"osmId":31842522,"category":"academic","building":"university","building:levels":"2","building_type":"education","name":"International Center West","roof:shape":"flat","sangis:OBJECTID":"13710","sangis:TYPE":"Education","source":"SanGIS Footprints_Nonresidential_SD public domain (http://www.sangis.org/)","_wikiTried":true},"geometry":{"type":"Polygon","coordinates":[[[-117.2387331,32.87742],[-117.2387317,32.8772804],[-117.2386465,32.877281],[-117.2386452,32.8771477],[-117.2386917,32.8771474],[-117.2387641,32.877206],[-117.2387963,32.8772049],[-117.2388339,32.8771711],[-117.2388338,32.8771215],[-117.2390773,32.877121],[-117.2390776,32.877244],[-117.238913,32.8772443],[-117.2388781,32.8772803],[-117.2388795,32.877419],[-117.2387331,32.87742]]]}},{"type":"Feature","id":31842540,"properties":{"osmId":31842540,"category":"academic","building":"university","building:levels":"4","building_type":"education","name":"Challenger Hall","sangis:OBJECTID":"13706","sangis:TYPE":"Education","source":"SanGIS Footprints_Nonresidential_SD public domain (http://www.sangis.org/)","_wikiTried":true},"geometry":{"type":"Polygon","coordinates":[[[-117.2423208,32.874257],[-117.2423201,32.8741966],[-117.2422244,32.8741973],[-117.242224,32.8741603],[-117.2421962,32.8741605],[-117.2421952,32.8740765],[-117.2423466,32.8740753],[-117.242347,32.8741123],[-117.2424203,32.8741117],[-117.2424784,32.8741113],[-117.24248,32.8742557],[-117.2423208,32.874257]]]}},{"type":"Feature","id":31842565,"properties":{"osmId":31842565,"category":"academic","building":"yes","building_type":"education","name":"Biomedical Sciences Building","sangis:OBJECTID":"13708","sangis:TYPE":"Education","source":"SanGIS Footprints_Nonresidential_SD public domain (http://www.sangis.org/)","_wikiTried":true},"geometry":{"type":"Polygon","coordinates":[[[-117.2366065,32.8753862],[-117.2366061,32.8757148],[-117.236544,32.8757122],[-117.2364057,32.8757127],[-117.236406,32.8757827],[-117.2364061,32.8758292],[-117.2363138,32.8758309],[-117.2363167,32.8760556],[-117.2363189,32.8764895],[-117.23628,32.8764893],[-117.2362807,32.8765149],[-117.2362054,32.8765163],[-117.2362063,32.8765476],[-117.2361814,32.8765479],[-117.2361626,32.8765482],[-117.2361438,32.8765484],[-117.2360648,32.8765494],[-117.2360629,32.8765162],[-117.2360177,32.8765165],[-117.235989,32.8765166],[-117.2359116,32.8765171],[-117.2359043,32.8761623],[-117.2358992,32.8758597],[-117.2358992,32.8758177],[-117.2359388,32.875817],[-117.2359379,32.8758016],[-117.2359361,32.8757456],[-117.2359371,32.8757186],[-117.2358992,32.8757184],[-117.235897,32.8754536],[-117.2358971,32.8754481],[-117.2358971,32.8754312],[-117.2358986,32.8751519],[-117.2359671,32.8751519],[-117.235967,32.875131],[-117.2359671,32.8751245],[-117.235967,32.875113],[-117.235967,32.8749677],[-117.2359262,32.874968],[-117.235926,32.8749625],[-117.2359262,32.8748939],[-117.2364453,32.8748925],[-117.2364452,32.8749628],[-117.2364069,32.8749635],[-117.236408,32.875114],[-117.2363416,32.8751143],[-117.2363453,32.8753897],[-117.2366065,32.8753862]]]}},{"type":"Feature","id":31842580,"properties":{"osmId":31842580,"category":"academic","addr:housenumber":"3377","addr:street":"N Torrey Pines Court","building":"yes","building_type":"industrial","height":"9","sangis:OBJECTID":"11205","sangis:TYPE":"Industrial","source":"SanGIS Footprints_Nonresidential_SD public domain (http://www.sangis.org/)"},"geometry":{"type":"Polygon","coordinates":[[[-117.2415256,32.8919301],[-117.2417453,32.8919218],[-117.2417512,32.892057],[-117.2417632,32.8923318],[-117.241769,32.8924657],[-117.2415318,32.8924796],[-117.241524,32.89248],[-117.2415162,32.8923338],[-117.2415014,32.892059],[-117.2414945,32.8919312],[-117.2415256,32.8919301]]]}},{"type":"Feature","id":31842784,"properties":{"osmId":31842784,"category":"academic","building":"yes","building_type":"education","name":"Electric Shop","name:en":"Emergency Services","sangis:OBJECTID":"11043","sangis:TYPE":"Education","source":"SanGIS Footprints_Nonresidential_SD public domain (http://www.sangis.org/)","_wikiTried":true},"geometry":{"type":"Polygon","coordinates":[[[-117.2296625,32.8820406],[-117.2295026,32.8820426],[-117.2295006,32.8820695],[-117.2290725,32.8820761],[-117.2290715,32.8820445],[-117.2290335,32.8820451],[-117.2289775,32.8820451],[-117.2289775,32.882004],[-117.2289785,32.8819653],[-117.2290325,32.8819662],[-117.2290645,32.8819672],[-117.2290675,32.881894],[-117.2292285,32.8818292],[-117.2294585,32.881821],[-117.2296623,32.8818913],[-117.2296655,32.8819591],[-117.2297293,32.8819564],[-117.2297331,32.8820851],[-117.2297693,32.882088],[-117.2297695,32.8826663],[-117.2296346,32.8826714],[-117.2296294,32.8824935],[-117.229601,32.8824917],[-117.2296008,32.8826773],[-117.2292649,32.88267],[-117.2292647,32.8826515],[-117.2292297,32.8826509],[-117.2292307,32.8825221],[-117.2291917,32.8825224],[-117.2291969,32.8824955],[-117.2292619,32.8824973],[-117.2292619,32.88249],[-117.2295044,32.8824889],[-117.2294992,32.8820862],[-117.2296114,32.8820861],[-117.2296102,32.882098],[-117.229629,32.8820995],[-117.22963,32.8820859],[-117.2296655,32.8820858],[-117.2296625,32.8820406]]]}},{"type":"Feature","id":31842826,"properties":{"osmId":31842826,"category":"academic","building":"university","building_type":"education","name":"Literature","sangis:OBJECTID":"11039","sangis:TYPE":"Education","source":"SanGIS Footprints_Nonresidential_SD public domain (http://www.sangis.org/)","_wikiTried":true},"geometry":{"type":"Polygon","coordinates":[[[-117.2337795,32.8808709],[-117.2337795,32.8808427],[-117.2337334,32.8808444],[-117.2337328,32.8806983],[-117.2335835,32.8806984],[-117.2335841,32.8806756],[-117.2335225,32.8806762],[-117.233524,32.8806303],[-117.2335095,32.8806294],[-117.2335099,32.8805827],[-117.2335532,32.8805838],[-117.2335509,32.8805714],[-117.233739,32.8805711],[-117.2337371,32.8804933],[-117.2337754,32.8804921],[-117.2337749,32.8802936],[-117.2337876,32.8802928],[-117.2337868,32.880256],[-117.2338457,32.8802533],[-117.2338469,32.8802365],[-117.2339035,32.8802373],[-117.2339036,32.8802885],[-117.2339292,32.8802889],[-117.2339324,32.880488],[-117.2339566,32.8804892],[-117.2339549,32.8806507],[-117.2339152,32.8806523],[-117.2339154,32.8806876],[-117.2339172,32.8808387],[-117.233894,32.8808378],[-117.2338949,32.8808809],[-117.2338365,32.8808815],[-117.2338355,32.88087],[-117.2337795,32.8808709]]]}},{"type":"Feature","id":31842883,"properties":{"osmId":31842883,"category":"medical","building":"hospital","emergency":"yes","name":"The John M and Sally B Thornton Hospital","operator":"UC San Diego Health","sangis:OBJECTID":"13733","sangis:TYPE":"Hospital","source":"SanGIS Footprints_Nonresidential_SD public domain (http://www.sangis.org/)","_wikiTried":true},"geometry":{"type":"Polygon","coordinates":[[[-117.2254436,32.8782506],[-117.2253523,32.8783011],[-117.2253067,32.8783233],[-117.2251878,32.8783074],[-117.2251472,32.8782543],[-117.2251182,32.8782191],[-117.2251253,32.8781637],[-117.225139,32.8781125],[-117.2252711,32.8780468],[-117.2250228,32.8777302],[-117.2250943,32.8776809],[-117.2251373,32.8776904],[-117.2251626,32.877676],[-117.2255009,32.8774842],[-117.225513,32.8774511],[-117.2255261,32.8774438],[-117.2255892,32.8774088],[-117.2256616,32.8775004],[-117.2258239,32.8777031],[-117.2258779,32.8776747],[-117.2259383,32.8777459],[-117.226079,32.8779134],[-117.226025,32.8779413],[-117.2263287,32.8783236],[-117.2259001,32.8785764],[-117.225774,32.8786501],[-117.2254436,32.8782506]]]}},{"type":"Feature","id":31842936,"properties":{"osmId":31842936,"category":"academic","building":"yes","building_type":"education","name":"1600","sangis:OBJECTID":"13777","sangis:TYPE":"Education","source":"SanGIS Footprints_Nonresidential_SD public domain (http://www.sangis.org/)","_wikiTried":true},"geometry":{"type":"Polygon","coordinates":[[[-117.2306436,32.8772071],[-117.2307745,32.8772499],[-117.2307882,32.8773051],[-117.230867,32.8773318],[-117.2308565,32.8773532],[-117.2309428,32.8773831],[-117.2309551,32.8773869],[-117.2309439,32.8774119],[-117.2309354,32.8774323],[-117.2309427,32.8774345],[-117.2310564,32.8774651],[-117.2310129,32.8775791],[-117.2309485,32.8775617],[-117.2308834,32.8775425],[-117.2309061,32.8774884],[-117.2308175,32.8774621],[-117.2308297,32.8774332],[-117.2307191,32.8774003],[-117.2307322,32.8773695],[-117.2306165,32.8773349],[-117.2305887,32.8773259],[-117.2306436,32.8772071]]]}},{"type":"Feature","id":31842998,"properties":{"osmId":31842998,"category":"academic","building":"university","building_type":"education","height":"12","name":"Spanos Athletic Performance Center","sangis:OBJECTID":"10680","sangis:TYPE":"Education","source":"SanGIS Footprints_Nonresidential_SD public domain (http://www.sangis.org/)","_wikiTried":true},"geometry":{"type":"Polygon","coordinates":[[[-117.2405599,32.8895318],[-117.2405871,32.8900773],[-117.2403589,32.8900858],[-117.2403321,32.8895353],[-117.2405599,32.8895318]]]}},{"type":"Feature","id":31843016,"properties":{"osmId":31843016,"category":"academic","building":"yes","building_type":"education","roof:colour":"white","roof:shape":"pyramidal","sangis:OBJECTID":"11172","sangis:TYPE":"Education","source":"SanGIS Footprints_Nonresidential_SD public domain (http://www.sangis.org/)"},"geometry":{"type":"Polygon","coordinates":[[[-117.2433076,32.8820566],[-117.243306,32.8819763],[-117.2434061,32.881975],[-117.2434076,32.8820553],[-117.2433076,32.8820566]]]}},{"type":"Feature","id":31843111,"properties":{"osmId":31843111,"category":"academic","addr:city":"La Jolla","addr:housenumber":"8660","addr:postcode":"92037","addr:state":"CA","addr:street":"Kennel Way","building":"university","building_type":"education","name":"MSDC Building A","sangis:OBJECTID":"12660","sangis:TYPE":"Education","source":"SanGIS Footprints_Nonresidential_SD public domain (http://www.sangis.org/)","_wikiTried":true},"geometry":{"type":"Polygon","coordinates":[[[-117.2536993,32.8667159],[-117.2537688,32.8665387],[-117.2538672,32.866566],[-117.2537977,32.8667431],[-117.2536993,32.8667159]]]}},{"type":"Feature","id":31843296,"properties":{"osmId":31843296,"category":"residential","building":"dormitory","building:colour":"beige","building:levels":"4","building:material":"stucco","building_type":"education","name":"Oceania Hall","roof:colour":"lightgrey","sangis:OBJECTID":"11203","sangis:TYPE":"Education","source":"SanGIS Footprints_Nonresidential_SD public domain (http://www.sangis.org/)","year_of_construction":"2003","_wikiTried":true},"geometry":{"type":"Polygon","coordinates":[[[-117.2425412,32.8847594],[-117.2426209,32.8847587],[-117.2426425,32.8847586],[-117.2426466,32.8851335],[-117.2425454,32.8851343],[-117.2425412,32.8847594]]]}},{"type":"Feature","id":31843377,"properties":{"osmId":31843377,"category":"residential","building":"apartments","building_type":"education","name":"1000","sangis:OBJECTID":"12727","sangis:TYPE":"Education","source":"SanGIS Footprints_Nonresidential_SD public domain (http://www.sangis.org/)","_wikiTried":true},"geometry":{"type":"Polygon","coordinates":[[[-117.2302535,32.8781071],[-117.2301815,32.8780831],[-117.2301754,32.8780991],[-117.2301608,32.8780949],[-117.2301565,32.8781057],[-117.2300591,32.8780747],[-117.2300643,32.8780632],[-117.2300517,32.8780592],[-117.2300984,32.8779556],[-117.230111,32.87796],[-117.2301168,32.8779495],[-117.2302007,32.8779776],[-117.2302079,32.8779621],[-117.2302199,32.877966],[-117.2302252,32.8779551],[-117.230322,32.8779867],[-117.2303167,32.8779976],[-117.2303299,32.8780026],[-117.2303103,32.8780429],[-117.2303958,32.8780711],[-117.2303912,32.8780815],[-117.230405,32.8780866],[-117.2303569,32.8781889],[-117.2303451,32.8781848],[-117.230341,32.8781932],[-117.2302494,32.8781629],[-117.230256,32.8781485],[-117.2302384,32.878142],[-117.2302535,32.8781071]]]}},{"type":"Feature","id":31843384,"properties":{"osmId":31843384,"category":"academic","building":"university","building:levels":"4","building_type":"education","name":"Galathea Hall","sangis:OBJECTID":"13700","sangis:TYPE":"Education","source":"SanGIS Footprints_Nonresidential_SD public domain (http://www.sangis.org/)","_wikiTried":true},"geometry":{"type":"Polygon","coordinates":[[[-117.2418233,32.8738544],[-117.2418225,32.8738033],[-117.2418092,32.8738032],[-117.2418095,32.8737161],[-117.2419412,32.8737165],[-117.2419425,32.873774],[-117.2420808,32.8737725],[-117.2420815,32.8738304],[-117.2420883,32.8738304],[-117.2420875,32.8739086],[-117.2419281,32.8739094],[-117.2419277,32.8738549],[-117.2418233,32.8738544]]]}},{"type":"Feature","id":31843591,"properties":{"osmId":31843591,"category":"academic","building":"yes","building_type":"education","name":"1700","sangis:OBJECTID":"13774","sangis:TYPE":"Education","source":"SanGIS Footprints_Nonresidential_SD public domain (http://www.sangis.org/)","_wikiTried":true},"geometry":{"type":"Polygon","coordinates":[[[-117.2304497,32.8773276],[-117.2303441,32.8772936],[-117.2303365,32.8773102],[-117.2302846,32.8772934],[-117.2302028,32.8772654],[-117.2301882,32.8772955],[-117.230106,32.8772673],[-117.230133,32.8772118],[-117.2299755,32.8771577],[-117.2300363,32.8770328],[-117.2302071,32.8770914],[-117.2301755,32.8771565],[-117.2302417,32.8771792],[-117.2302543,32.8771531],[-117.2302812,32.8771623],[-117.2303469,32.8771835],[-117.2303676,32.8771381],[-117.2304437,32.8771626],[-117.2304502,32.8771485],[-117.2306179,32.8772025],[-117.2305541,32.8773424],[-117.2304572,32.8773112],[-117.2304497,32.8773276]]]}},{"type":"Feature","id":31843608,"properties":{"osmId":31843608,"category":"academic","building":"yes","building_type":"education","name":"1800","sangis:OBJECTID":"13775","sangis:TYPE":"Education","source":"SanGIS Footprints_Nonresidential_SD public domain (http://www.sangis.org/)","_wikiTried":true},"geometry":{"type":"Polygon","coordinates":[[[-117.2301905,32.8775063],[-117.2300745,32.8774703],[-117.2300748,32.8774925],[-117.2299389,32.877453],[-117.2299125,32.8774385],[-117.2299593,32.8773239],[-117.2299607,32.8773243],[-117.2300782,32.8773608],[-117.2300884,32.8773378],[-117.2302435,32.877386],[-117.2301905,32.8775063]]]}},{"type":"Feature","id":31843757,"properties":{"osmId":31843757,"category":"academic","building":"yes","building_type":"education","sangis:OBJECTID":"11174","sangis:TYPE":"Education","source":"SanGIS Footprints_Nonresidential_SD public domain (http://www.sangis.org/)"},"geometry":{"type":"Polygon","coordinates":[[[-117.2427156,32.8820836],[-117.2428007,32.8820837],[-117.2428007,32.8822505],[-117.2425164,32.8822504],[-117.2425165,32.8821839],[-117.2427156,32.8821839],[-117.2427156,32.8820836]]]}},{"type":"Feature","id":31843857,"properties":{"osmId":31843857,"category":"academic","building":"university","building_type":"education","name":"Visual Arts Facility - Building 2","sangis:OBJECTID":"11029","sangis:TYPE":"Education","source":"SanGIS Footprints_Nonresidential_SD public domain (http://www.sangis.org/)","_wikiTried":true},"geometry":{"type":"Polygon","coordinates":[[[-117.2343606,32.8791438],[-117.2343452,32.8791459],[-117.2342886,32.8791535],[-117.2343074,32.8792521],[-117.2339778,32.8792965],[-117.2339506,32.8791542],[-117.2342742,32.8791106],[-117.2342691,32.8790843],[-117.2339527,32.8791269],[-117.2339258,32.8789864],[-117.2342418,32.8789438],[-117.2342615,32.8790472],[-117.2343245,32.8790387],[-117.2343401,32.8790366],[-117.2343606,32.8791438]]]}},{"type":"Feature","id":31844002,"properties":{"osmId":31844002,"category":"academic","building":"yes","building_type":"education","name":"900","sangis:OBJECTID":"13781","sangis:TYPE":"Education","source":"SanGIS Footprints_Nonresidential_SD public domain (http://www.sangis.org/)","_wikiTried":true},"geometry":{"type":"Polygon","coordinates":[[[-117.2302754,32.8783424],[-117.2302702,32.8783535],[-117.2301836,32.8783249],[-117.230177,32.878339],[-117.2301649,32.8783353],[-117.2301602,32.878346],[-117.2300617,32.8783148],[-117.2300663,32.8783036],[-117.2300533,32.8782994],[-117.2300603,32.878284],[-117.2299873,32.8782605],[-117.2299796,32.8782761],[-117.2299679,32.8782723],[-117.2299629,32.878283],[-117.2298674,32.8782516],[-117.2298713,32.8782421],[-117.2298371,32.8782303],[-117.2298471,32.8782092],[-117.229826,32.8782024],[-117.2298554,32.8781395],[-117.2298766,32.8781462],[-117.2298856,32.8781277],[-117.2299169,32.878138],[-117.2299225,32.8781271],[-117.2300053,32.8781553],[-117.2300137,32.8781374],[-117.2300225,32.8781403],[-117.2300269,32.8781314],[-117.2301302,32.8781654],[-117.230126,32.8781747],[-117.2301385,32.8781795],[-117.2301322,32.878193],[-117.2302035,32.8782183],[-117.230212,32.8782035],[-117.2302216,32.8782066],[-117.2302273,32.8781959],[-117.2303257,32.8782276],[-117.2303205,32.8782386],[-117.2303315,32.878242],[-117.2302877,32.8783466],[-117.2302754,32.8783424]]]}},{"type":"Feature","id":31844028,"properties":{"osmId":31844028,"category":"academic","building":"yes","building_type":"education","name":"500","sangis:OBJECTID":"13787","sangis:TYPE":"Education","source":"SanGIS Footprints_Nonresidential_SD public domain (http://www.sangis.org/)","_wikiTried":true},"geometry":{"type":"Polygon","coordinates":[[[-117.2294839,32.8784121],[-117.2296364,32.8784595],[-117.229589,32.8785671],[-117.2294365,32.8785198],[-117.2294839,32.8784121]]]}},{"type":"Feature","id":31844221,"properties":{"osmId":31844221,"category":"academic","addr:city":"La Jolla","addr:housenumber":"8795","addr:postcode":"92037","addr:state":"CA","addr:street":"Biological Grade","building":"university","building_type":"education","name":"IGPP, Revelle Lab Building 1000","sangis:OBJECTID":"12662","sangis:TYPE":"Education","source":"SanGIS Footprints_Nonresidential_SD public domain (http://www.sangis.org/)","_wikiTried":true},"geometry":{"type":"Polygon","coordinates":[[[-117.2523452,32.8682732],[-117.2523969,32.8682696],[-117.2524089,32.8683911],[-117.2524881,32.8683856],[-117.2525098,32.8686074],[-117.2525149,32.8686507],[-117.2523893,32.8686612],[-117.2523452,32.8682732]]]}},{"type":"Feature","id":31844239,"properties":{"osmId":31844239,"category":"academic","building":"university","building_type":"education","name":"School of Medicine Building 1","sangis:OBJECTID":"13771","sangis:TYPE":"Education","source":"SanGIS Footprints_Nonresidential_SD public domain (http://www.sangis.org/)","_wikiTried":true},"geometry":{"type":"Polygon","coordinates":[[[-117.234149,32.8752334],[-117.234149,32.8751765],[-117.234078,32.8751765],[-117.2340782,32.8751225],[-117.234053,32.875118],[-117.2340495,32.8749842],[-117.2340775,32.8749838],[-117.2340845,32.8749085],[-117.2343147,32.8749078],[-117.2343282,32.8751752],[-117.234284,32.8752282],[-117.234149,32.8752334]]]}},{"type":"Feature","id":31844295,"properties":{"osmId":31844295,"category":"academic","building":"yes","building_type":"education","name":"1100","sangis:OBJECTID":"12721","sangis:TYPE":"Education","source":"SanGIS Footprints_Nonresidential_SD public domain (http://www.sangis.org/)","_wikiTried":true},"geometry":{"type":"Polygon","coordinates":[[[-117.2298997,32.8779605],[-117.2299044,32.8779499],[-117.2298913,32.8779457],[-117.2298977,32.8779313],[-117.2298163,32.8779057],[-117.2298211,32.877895],[-117.2298052,32.87789],[-117.2298279,32.8778391],[-117.2298172,32.8778357],[-117.2298129,32.8778453],[-117.2297403,32.8778223],[-117.2297448,32.8778123],[-117.2297117,32.8778018],[-117.2297205,32.8777823],[-117.2297109,32.8777792],[-117.2297475,32.8776982],[-117.2299103,32.87775],[-117.2298959,32.8777818],[-117.2299861,32.8778105],[-117.2299726,32.8778402],[-117.2300568,32.877867],[-117.2300519,32.8778779],[-117.2300812,32.8778872],[-117.2300714,32.8779091],[-117.2300866,32.8779139],[-117.2300565,32.877981],[-117.2300385,32.8779753],[-117.2300314,32.8779911],[-117.2299982,32.8779806],[-117.2299939,32.8779902],[-117.2298997,32.8779605]]]}},{"type":"Feature","id":31844339,"properties":{"osmId":31844339,"category":"academic","building":"yes","building_type":"education","sangis:OBJECTID":"11042","sangis:TYPE":"Education","source":"SanGIS Footprints_Nonresidential_SD public domain (http://www.sangis.org/)"},"geometry":{"type":"Polygon","coordinates":[[[-117.2300103,32.8818757],[-117.2301474,32.8818566],[-117.2301613,32.881927],[-117.2300242,32.8819461],[-117.2300103,32.8818757]]]}},{"type":"Feature","id":31844360,"properties":{"osmId":31844360,"category":"residential","building":"apartments","building:levels":"2","building_type":"education","name":"A","sangis:OBJECTID":"11024","sangis:TYPE":"Education","source":"SanGIS Footprints_Nonresidential_SD public domain (http://www.sangis.org/)","_wikiTried":true},"geometry":{"type":"Polygon","coordinates":[[[-117.2311115,32.8789713],[-117.2310984,32.8789672],[-117.2311163,32.8789268],[-117.2311509,32.8789373],[-117.2311669,32.8789054],[-117.2312716,32.87894],[-117.2312572,32.8789727],[-117.2313221,32.8789939],[-117.231348,32.8789339],[-117.2312996,32.8789173],[-117.2313173,32.8788764],[-117.2313442,32.8788862],[-117.2313665,32.8788392],[-117.2313796,32.8788431],[-117.2313869,32.8788248],[-117.2314233,32.878836],[-117.2314272,32.8788452],[-117.2314688,32.8788583],[-117.2314823,32.8788542],[-117.2315139,32.878864],[-117.2315051,32.8788836],[-117.2315155,32.8788867],[-117.2315,32.8789247],[-117.2315217,32.8789314],[-117.2315387,32.8788944],[-117.2315449,32.8788963],[-117.231552,32.8788983],[-117.2315611,32.8788792],[-117.2315925,32.8788889],[-117.2315986,32.8788998],[-117.231639,32.8789122],[-117.231652,32.8789073],[-117.2316832,32.8789186],[-117.2316734,32.8789402],[-117.2316846,32.8789442],[-117.2316473,32.8790271],[-117.2316258,32.8790207],[-117.2316099,32.8790538],[-117.2315062,32.8790208],[-117.23152,32.8789899],[-117.2314536,32.8789685],[-117.2314266,32.8790275],[-117.2314607,32.8790374],[-117.2314514,32.8790585],[-117.2314279,32.8790513],[-117.2313963,32.8791185],[-117.231388,32.879138],[-117.2313549,32.8791278],[-117.2313508,32.8791186],[-117.2313081,32.8791045],[-117.2312979,32.8791088],[-117.2312654,32.8790983],[-117.2312754,32.879077],[-117.2312614,32.8790727],[-117.231278,32.8790348],[-117.231256,32.8790284],[-117.2312399,32.8790649],[-117.2312265,32.8790611],[-117.2312189,32.8790832],[-117.2311877,32.8790731],[-117.23118,32.8790618],[-117.2311364,32.8790484],[-117.2311255,32.879053],[-117.2310939,32.8790427],[-117.231104,32.8790213],[-117.231091,32.8790171],[-117.2311115,32.8789713]]]}},{"type":"Feature","id":31844528,"properties":{"osmId":31844528,"category":"academic","building":"yes","building_type":"education","created_by":"polyshp2osm","sangis:OBJECTID":"11180","sangis:TYPE":"Education","source":"SanGIS Footprints_Nonresidential_SD public domain (http://www.sangis.org/)"},"geometry":{"type":"Polygon","coordinates":[[[-117.2434949,32.8824769],[-117.2435747,32.8824763],[-117.2435766,32.8826404],[-117.2434968,32.882641],[-117.2434949,32.8824769]]]}},{"type":"Feature","id":31844551,"properties":{"osmId":31844551,"category":"academic","building":"university","building:levels":"4","building_type":"education","name":"Meteor Hall","sangis:OBJECTID":"13701","sangis:TYPE":"Education","source":"SanGIS Footprints_Nonresidential_SD public domain (http://www.sangis.org/)","_wikiTried":true},"geometry":{"type":"Polygon","coordinates":[[[-117.2416575,32.8737913],[-117.2417811,32.873791],[-117.2417785,32.8739264],[-117.2416755,32.8739267],[-117.2416755,32.8739839],[-117.2415125,32.8739852],[-117.2415105,32.873844],[-117.2416579,32.8738453],[-117.2416575,32.8737913]]]}},{"type":"Feature","id":31844605,"properties":{"osmId":31844605,"category":"academic","building":"university","building_type":"education","name":"Warren Lecture Hall","sangis:OBJECTID":"11040","sangis:TYPE":"Education","source":"SanGIS Footprints_Nonresidential_SD public domain (http://www.sangis.org/)","_wikiTried":true},"geometry":{"type":"Polygon","coordinates":[[[-117.23406,32.8807546],[-117.2340588,32.880686],[-117.2340428,32.8806862],[-117.2340416,32.8806152],[-117.2341058,32.8806144],[-117.234103,32.880438],[-117.234078,32.8804383],[-117.2340775,32.8803997],[-117.2341886,32.8803986],[-117.2341878,32.8803396],[-117.2340185,32.8803412],[-117.2340169,32.8802241],[-117.2344318,32.8802203],[-117.2344321,32.8802452],[-117.2346719,32.880243],[-117.2346779,32.8807127],[-117.2346934,32.8807126],[-117.2346961,32.8809118],[-117.2345474,32.8809132],[-117.2345471,32.8808957],[-117.2344799,32.8808964],[-117.2344797,32.8808837],[-117.2344312,32.8808843],[-117.2344314,32.8808965],[-117.2342697,32.8808985],[-117.2342701,32.8809237],[-117.2339862,32.8809273],[-117.2339831,32.8807555],[-117.23406,32.8807546]]]}},{"type":"Feature","id":31844680,"properties":{"osmId":31844680,"category":"academic","addr:state":"CA","building":"university","building_type":"education","ele":"124","gnis:feature_id":"2456404","name":"Tenaya Hall","sangis:OBJECTID":"11008","sangis:TYPE":"Education","source":"SanGIS Footprints_Nonresidential_SD public domain (http://www.sangis.org/);USGS Geonames","_wikiTried":true},"geometry":{"type":"Polygon","coordinates":[[[-117.2427953,32.8795725],[-117.2427902,32.8792981],[-117.242863,32.8792972],[-117.2429417,32.8792962],[-117.2429429,32.8793638],[-117.2430533,32.8793623],[-117.2430839,32.8793619],[-117.2430825,32.8792866],[-117.2432343,32.8792846],[-117.2432395,32.8795584],[-117.2430963,32.8795604],[-117.243095,32.8794932],[-117.242934,32.8794954],[-117.2429354,32.8795707],[-117.2427953,32.8795725]]]}},{"type":"Feature","id":31844763,"properties":{"osmId":31844763,"category":"academic","addr:city":"La Jolla","addr:housenumber":"2330","addr:postcode":"92037","addr:state":"CA","addr:street":"Downwind Way","building":"university","building_type":"education","name":"Deep Sea Drilling Building C","sangis:OBJECTID":"13715","sangis:TYPE":"Education","source":"SanGIS Footprints_Nonresidential_SD public domain (http://www.sangis.org/)","_wikiTried":true},"geometry":{"type":"Polygon","coordinates":[[[-117.2512706,32.8670659],[-117.2512758,32.8669945],[-117.2514343,32.8670026],[-117.2514291,32.867074],[-117.2512706,32.8670659]]]}},{"type":"Feature","id":33647441,"properties":{"osmId":33647441,"category":"religious","addr:housenumber":"7474","addr:postcode":"92122","addr:street":"Charmant Drive","amenity":"place_of_worship","building":"temple","denomination":"mormon","name":"San Diego California Temple","operator":"The Church of Jesus Christ of Latter-day Saints","operator:wikidata":"Q42504","religion":"christian","website":"https://www.churchofjesuschrist.org/temples/details/san-diego-california-temple","wikidata":"Q3132715","wikipedia":"en:San Diego California Temple","_wikiTried":true},"geometry":{"type":"Polygon","coordinates":[[[-117.2290536,32.8664151],[-117.2290261,32.8663882],[-117.2290203,32.8663879],[-117.2290058,32.8663995],[-117.2289418,32.8663375],[-117.2289542,32.8663276],[-117.2289547,32.86632],[-117.2288259,32.8661958],[-117.2287485,32.8662528],[-117.2287168,32.8662236],[-117.2286837,32.8662478],[-117.2286133,32.8661795],[-117.2284613,32.8662843],[-117.2284608,32.8662939],[-117.2284702,32.8663031],[-117.2283986,32.8663549],[-117.2283866,32.8663433],[-117.2283724,32.8663421],[-117.228348,32.8663565],[-117.2283453,32.8663816],[-117.2283693,32.8664044],[-117.2283781,32.8664047],[-117.2283949,32.8663927],[-117.2284599,32.8664579],[-117.2284444,32.8664691],[-117.228444,32.8664758],[-117.2285729,32.8665985],[-117.2286493,32.866544],[-117.2286831,32.8665773],[-117.2287213,32.8665475],[-117.2287854,32.866613],[-117.2289377,32.8665088],[-117.2289381,32.8664998],[-117.2289193,32.866483],[-117.228995,32.8664278],[-117.2290151,32.866448],[-117.2290214,32.8664481],[-117.2290527,32.8664261],[-117.2290536,32.8664151]]]}},{"type":"Feature","id":38019912,"properties":{"osmId":38019912,"category":"academic","addr:state":"CA","amenity":"parking","building":"university","capacity":"500","ele":"106","gnis:feature_id":"2456306","name":"Gilman Parking Structure","parking":"multi-storey","source":"USGS Geonames","_wikiTried":true},"geometry":{"type":"Polygon","coordinates":[[[-117.2340522,32.877915],[-117.233943,32.877931],[-117.2335884,32.8779832],[-117.2335803,32.8779445],[-117.2334405,32.8779651],[-117.2334324,32.8779286],[-117.2334131,32.8778362],[-117.2334018,32.8777823],[-117.2333827,32.8776909],[-117.2333712,32.8776357],[-117.2333516,32.8775421],[-117.2333402,32.8774875],[-117.2333209,32.8773949],[-117.2333092,32.8773391],[-117.2332985,32.8772836],[-117.2332952,32.8772668],[-117.2333566,32.877257],[-117.2333492,32.8772216],[-117.233415,32.8772119],[-117.2335478,32.8771932],[-117.2339023,32.8772436],[-117.23391,32.8772855],[-117.2339489,32.8772804],[-117.2339826,32.8774625],[-117.2340097,32.877459],[-117.2340711,32.8777906],[-117.2340279,32.8777962],[-117.2340333,32.8778247],[-117.2340522,32.877915]]]}},{"type":"Feature","id":38561158,"properties":{"osmId":38561158,"category":"academic","building":"university","building:levels":"4","level":"-1;0;1;2;3","name":"Computer Science & Engineering","name1":"CSE Building","ref":"EBU3b","wikipedia":"en:Jacobs School of Engineering","_wikiTried":true},"geometry":{"type":"Polygon","coordinates":[[[-117.2339801,32.8814104],[-117.2339757,32.8813733],[-117.2339231,32.8813553],[-117.2338591,32.8813744],[-117.2337786,32.8814584],[-117.2337835,32.8814624],[-117.2337875,32.8814654],[-117.2337985,32.8814739],[-117.2337745,32.8814956],[-117.2337526,32.8815155],[-117.2337305,32.8815355],[-117.2337078,32.8815561],[-117.2336859,32.881576],[-117.2336638,32.8815961],[-117.233642,32.8816158],[-117.2336196,32.8816361],[-117.2335964,32.8816571],[-117.2335748,32.8816766],[-117.2335571,32.8816927],[-117.2335501,32.8816843],[-117.2334816,32.88176],[-117.2334551,32.8817868],[-117.2334352,32.8818068],[-117.2334271,32.8818017],[-117.233421,32.8817979],[-117.233331,32.8818577],[-117.2333436,32.8818709],[-117.2333177,32.8818922],[-117.2333108,32.8818978],[-117.2333798,32.8819639],[-117.2333947,32.881976],[-117.2333867,32.8819828],[-117.2333721,32.8819949],[-117.2334295,32.8820407],[-117.2334429,32.8820291],[-117.2334509,32.8820223],[-117.2334743,32.8820412],[-117.2334972,32.8820603],[-117.2335207,32.8820798],[-117.2335441,32.8820992],[-117.2335672,32.8821184],[-117.2335912,32.8821383],[-117.2336149,32.882158],[-117.233639,32.882178],[-117.2336624,32.8821974],[-117.2336859,32.8822169],[-117.2337094,32.8822364],[-117.2337334,32.8822563],[-117.233756,32.8822751],[-117.2337801,32.8822951],[-117.2338059,32.8823165],[-117.2338238,32.882301],[-117.2338385,32.8822883],[-117.2338531,32.8822756],[-117.2338846,32.8822484],[-117.2338937,32.8822406],[-117.2339006,32.8822347],[-117.2339663,32.8822884],[-117.2339944,32.8822643],[-117.2340283,32.8822357],[-117.2340023,32.8822178],[-117.2339893,32.8822069],[-117.2339942,32.8822018],[-117.2340037,32.8821932],[-117.2340179,32.8822054],[-117.2340902,32.8821594],[-117.2341153,32.882142],[-117.2340403,32.8820693],[-117.2339937,32.8820241],[-117.2339518,32.8819836],[-117.2339358,32.8819795],[-117.2338157,32.8819491],[-117.2337705,32.8819309],[-117.2337749,32.8818984],[-117.2337694,32.8818922],[-117.233761,32.8818808],[-117.2337375,32.8818685],[-117.2337542,32.881854],[-117.2337767,32.8818345],[-117.2337989,32.8818152],[-117.2338213,32.8817958],[-117.2338315,32.8817869],[-117.2338433,32.8817767],[-117.2338652,32.8817576],[-117.2338846,32.8817408],[-117.233888,32.8817379],[-117.2339095,32.8817192],[-117.2339319,32.8816997],[-117.233955,32.8816798],[-117.2339614,32.8816863],[-117.2339868,32.8816722],[-117.2340175,32.8816552],[-117.234005,32.8816405],[-117.23404,32.8816223],[-117.2340216,32.8815954],[-117.2340109,32.8816001],[-117.2340055,32.8815897],[-117.234042,32.8815695],[-117.2340215,32.8815431],[-117.2340104,32.8815491],[-117.2340038,32.8815403],[-117.2340386,32.8815179],[-117.2340133,32.8814905],[-117.234,32.8814992],[-117.2339943,32.8814927],[-117.2340225,32.881469],[-117.2339923,32.8814342],[-117.2339792,32.8814345],[-117.2339801,32.8814104]]]}},{"type":"Feature","id":38561159,"properties":{"osmId":38561159,"category":"academic","alt_name":"CalIT2 Building","building":"university","building:levels":"6","name":"Atkinson Hall (Calit2)","name:full":"California Institute for Telecommunications and Information Technology","ref":"EBU3a","website":"http://www.calit2.net","wikidata":"Q5020630","wikipedia":"en:California Institute for Telecommunications and Information Technology","_wikiTried":true},"geometry":{"type":"Polygon","coordinates":[[[-117.2341539,32.8822416],[-117.2341298,32.8822649],[-117.2340982,32.8822469],[-117.2340904,32.8822424],[-117.2339486,32.8823527],[-117.2339679,32.8823704],[-117.2339119,32.8824207],[-117.2342515,32.8827074],[-117.2342625,32.8826971],[-117.2345765,32.8828378],[-117.2348312,32.8827492],[-117.2349215,32.8825588],[-117.2352795,32.8827755],[-117.2354985,32.8826872],[-117.2355485,32.8825978],[-117.2354965,32.8825536],[-117.2355045,32.8825508],[-117.2352241,32.8823089],[-117.2349935,32.8821091],[-117.2347544,32.8823136],[-117.2346091,32.8824421],[-117.234605,32.8824354],[-117.2345994,32.8824272],[-117.2345882,32.8824065],[-117.234565,32.8824164],[-117.2345544,32.8824207],[-117.2345409,32.8824262],[-117.2345204,32.8823988],[-117.2344819,32.8824231],[-117.2344514,32.8824419],[-117.2341539,32.8822416]]]}},{"type":"Feature","id":39337193,"properties":{"osmId":39337193,"category":"academic","building":"university","building_type":"education","highway":"elevator"},"geometry":{"type":"Polygon","coordinates":[[[-117.2515851,32.8689547],[-117.2515397,32.8689547],[-117.2515374,32.8688964],[-117.2515857,32.8688973],[-117.2515851,32.8689547]]]}},{"type":"Feature","id":39337279,"properties":{"osmId":39337279,"category":"residential","addr:housenumber":"9310","building":"dormitory"},"geometry":{"type":"Polygon","coordinates":[[[-117.2474453,32.8693449],[-117.2475707,32.8693386],[-117.2475703,32.8695799],[-117.2474527,32.8695853],[-117.2474453,32.8693449]]]}},{"type":"Feature","id":39337280,"properties":{"osmId":39337280,"category":"residential","addr:housenumber":"9334","building":"dormitory"},"geometry":{"type":"Polygon","coordinates":[[[-117.2470848,32.8698225],[-117.247152,32.8697304],[-117.2468698,32.8695949],[-117.2468116,32.8696918],[-117.2470848,32.8698225]]]}},{"type":"Feature","id":39337281,"properties":{"osmId":39337281,"category":"residential","building":"dormitory"},"geometry":{"type":"Polygon","coordinates":[[[-117.2470051,32.8700298],[-117.2466845,32.8699361],[-117.2467221,32.8698424],[-117.2470391,32.8699361],[-117.2470051,32.8700298]]]}},{"type":"Feature","id":39337282,"properties":{"osmId":39337282,"category":"residential","addr:housenumber":"9321","building":"dormitory"},"geometry":{"type":"Polygon","coordinates":[[[-117.247598,32.8699207],[-117.2475036,32.8699135],[-117.2475637,32.869654],[-117.2476753,32.8696684],[-117.247598,32.8699207]]]}},{"type":"Feature","id":39337285,"properties":{"osmId":39337285,"category":"academic","building":"yes"},"geometry":{"type":"Polygon","coordinates":[[[-117.2474865,32.8707569],[-117.2474006,32.8706848],[-117.2471775,32.8708074],[-117.2472633,32.8709011],[-117.2474865,32.8707569]]]}},{"type":"Feature","id":39337286,"properties":{"osmId":39337286,"category":"academic","building":"yes"},"geometry":{"type":"Polygon","coordinates":[[[-117.2471517,32.8710164],[-117.2468513,32.8710164],[-117.2468599,32.8709299],[-117.2471517,32.8709299],[-117.2471517,32.8710164]]]}},{"type":"Feature","id":39337287,"properties":{"osmId":39337287,"category":"residential","building":"dormitory"},"geometry":{"type":"Polygon","coordinates":[[[-117.2468685,32.8703604],[-117.2465509,32.8703316],[-117.2465681,32.8702451],[-117.2468771,32.8702523],[-117.2468685,32.8703604]]]}},{"type":"Feature","id":39337288,"properties":{"osmId":39337288,"category":"academic","building":"yes"},"geometry":{"type":"Polygon","coordinates":[[[-117.2468599,32.8705767],[-117.2465681,32.8705839],[-117.2465681,32.8705046],[-117.2468685,32.8704974],[-117.2468599,32.8705767]]]}},{"type":"Feature","id":39337289,"properties":{"osmId":39337289,"category":"academic","building":"yes"},"geometry":{"type":"Polygon","coordinates":[[[-117.246714,32.8710512],[-117.2464936,32.8708952],[-117.246567,32.870819],[-117.2468,32.8709719],[-117.246714,32.8710512]]]}},{"type":"Feature","id":39337290,"properties":{"osmId":39337290,"category":"residential","building":"dormitory"},"geometry":{"type":"Polygon","coordinates":[[[-117.2476667,32.8700721],[-117.2475809,32.87031],[-117.2474779,32.8702739],[-117.2475809,32.870036],[-117.2476667,32.8700721]]]}},{"type":"Feature","id":39337291,"properties":{"osmId":39337291,"category":"academic","building":"yes"},"geometry":{"type":"Polygon","coordinates":[[[-117.2474521,32.8705983],[-117.2473921,32.8705623],[-117.2475465,32.8703604],[-117.2476324,32.8704037],[-117.2474521,32.8705983]]]}},{"type":"Feature","id":39337936,"properties":{"osmId":39337936,"category":"medical","building":"hospital","building:levels":"4","name":"Spinal Cord Injury Building","_wikiTried":true},"geometry":{"type":"Polygon","coordinates":[[[-117.2313975,32.8761477],[-117.2312369,32.8761487],[-117.2312365,32.8761077],[-117.2311576,32.8761082],[-117.2311574,32.8760773],[-117.2310805,32.8760778],[-117.231079,32.8759103],[-117.2310038,32.8759108],[-117.2310041,32.8759352],[-117.2309579,32.8759355],[-117.230958,32.8759481],[-117.2307345,32.8759495],[-117.2307342,32.8759131],[-117.2305945,32.8759139],[-117.2305924,32.8756719],[-117.2311569,32.8756685],[-117.2311565,32.8756193],[-117.231277,32.8756186],[-117.2312762,32.8755186],[-117.2315804,32.8755168],[-117.2315813,32.8756196],[-117.231485,32.8756201],[-117.2314852,32.8756377],[-117.231393,32.8756382],[-117.2313975,32.8761477]]]}},{"type":"Feature","id":39390496,"properties":{"osmId":39390496,"category":"academic","building":"yes"},"geometry":{"type":"Polygon","coordinates":[[[-117.2392437,32.8735933],[-117.2392502,32.8736331],[-117.2392409,32.8736726],[-117.2392167,32.8737073],[-117.2391803,32.8737334],[-117.2391357,32.8737481],[-117.2390879,32.8737498],[-117.239042,32.8737382],[-117.2390032,32.8737147],[-117.2389757,32.8736818],[-117.2389625,32.8736437],[-117.2389648,32.8736041],[-117.2389821,32.8735672],[-117.2390126,32.873537],[-117.2390531,32.8735167],[-117.2390992,32.8735084],[-117.2391461,32.8735131],[-117.2391887,32.8735302],[-117.2392224,32.8735579],[-117.2392437,32.8735933]]]}},{"type":"Feature","id":39390497,"properties":{"osmId":39390497,"category":"academic","building":"industrial","cooling:method":"mechanical_draft","man_made":"cooling"},"geometry":{"type":"Polygon","coordinates":[[[-117.2395441,32.8737307],[-117.239424,32.8737324],[-117.2394137,32.8732244],[-117.2395338,32.8732227],[-117.2395441,32.8737307]]]}},{"type":"Feature","id":39390499,"properties":{"osmId":39390499,"category":"academic","building":"industrial","cooling:method":"mechanical_draft","man_made":"cooling"},"geometry":{"type":"Polygon","coordinates":[[[-117.2395408,32.8739855],[-117.2394164,32.8739861],[-117.2394151,32.8737951],[-117.2395395,32.8737945],[-117.2395408,32.8739855]]]}},{"type":"Feature","id":39623389,"properties":{"osmId":39623389,"category":"academic","amenity":"parking","building":"university","capacity":"1395","description":"Lots P341 through P347","name":"Hopkins Parking Structure","operator":"UC San Diego","parking":"multi-storey","wheelchair":"yes","_wikiTried":true},"geometry":{"type":"Polygon","coordinates":[[[-117.2399157,32.8840577],[-117.2397121,32.8840593],[-117.2392872,32.8840626],[-117.2388084,32.8840664],[-117.238808,32.8840271],[-117.2388075,32.8839857],[-117.2388068,32.8839208],[-117.2388031,32.88359],[-117.238803,32.8835791],[-117.2388028,32.8835648],[-117.2389061,32.883564],[-117.2389055,32.8835171],[-117.2389268,32.8835169],[-117.2389391,32.8835168],[-117.2389563,32.8835167],[-117.2389569,32.8835683],[-117.2389753,32.8835681],[-117.2389751,32.8835494],[-117.239023,32.883549],[-117.239807,32.8835429],[-117.2398639,32.8835424],[-117.2399099,32.8835421],[-117.2399148,32.8839784],[-117.2399149,32.8839865],[-117.239915,32.8839942],[-117.2399157,32.8840577]]]}},{"type":"Feature","id":42854054,"properties":{"osmId":42854054,"category":"academic","amenity":"library","building":"university","building:levels":"2","name":"WongAvery Library","official_name":"Sally T. WongAvery Library","old_name":"Biomedical Library","sangis:OBJECTID":"13708","sangis:TYPE":"Education","source":"SanGIS Footprints_Nonresidential_SD public domain (http://www.sangis.org/)","wikidata":"Q71143792","_wikiTried":true},"geometry":{"type":"Polygon","coordinates":[[[-117.2366061,32.8757148],[-117.2366065,32.8753862],[-117.2366044,32.8753463],[-117.236754,32.8753441],[-117.2367855,32.8753441],[-117.2367844,32.8748567],[-117.237179,32.8748515],[-117.2371887,32.8753383],[-117.2373295,32.8753367],[-117.2373326,32.8757064],[-117.236798,32.8757126],[-117.2367505,32.8757132],[-117.2366061,32.8757148]]]}},{"type":"Feature","id":67750292,"properties":{"osmId":67750292,"category":"residential","building":"dormitory","building:levels":"4","name":"Village West Building 4","_wikiTried":true},"geometry":{"type":"Polygon","coordinates":[[[-117.2430349,32.887568],[-117.243021,32.8876133],[-117.2431291,32.8876159],[-117.2432011,32.8873841],[-117.2431077,32.8873401],[-117.2430942,32.8873837],[-117.2430201,32.8873667],[-117.2429608,32.8875515],[-117.2430349,32.887568]]]}},{"type":"Feature","id":67750293,"properties":{"osmId":67750293,"category":"residential","building":"dormitory","building:levels":"3","name":"Village West Building 6","_wikiTried":true},"geometry":{"type":"Polygon","coordinates":[[[-117.2431657,32.8882795],[-117.2431114,32.8882671],[-117.2431093,32.8882811],[-117.2429734,32.8882828],[-117.2430366,32.8880828],[-117.2431319,32.8877899],[-117.2432632,32.8877862],[-117.2432564,32.8878053],[-117.2433118,32.887819],[-117.2431657,32.8882795]]]}},{"type":"Feature","id":67750294,"properties":{"osmId":67750294,"category":"residential","building":"dormitory","building:levels":"3","name":"Village West Building 8","_wikiTried":true},"geometry":{"type":"Polygon","coordinates":[[[-117.2427267,32.8890479],[-117.2425632,32.8889801],[-117.24291,32.8883907],[-117.2430508,32.8883945],[-117.2430299,32.8884301],[-117.2430784,32.8884502],[-117.2427267,32.8890479]]]}},{"type":"Feature","id":67750295,"properties":{"osmId":67750295,"category":"residential","building":"dormitory","building:levels":"5","name":"Village West Building 3","_wikiTried":true},"geometry":{"type":"Polygon","coordinates":[[[-117.2427537,32.8876764],[-117.2426909,32.8876639],[-117.242688,32.8876797],[-117.2425815,32.8876802],[-117.2426312,32.8875231],[-117.2425336,32.8875012],[-117.2426503,32.8871241],[-117.2428393,32.8872124],[-117.2428332,32.8872332],[-117.2428894,32.8872453],[-117.2427537,32.8876764]]]}},{"type":"Feature","id":67750296,"properties":{"osmId":67750296,"category":"residential","building":"dormitory","building:levels":"5","name":"Village West Building 2","source":"Bing","_wikiTried":true},"geometry":{"type":"Polygon","coordinates":[[[-117.2425669,32.8882755],[-117.2425059,32.8882632],[-117.2425004,32.8882835],[-117.2423901,32.8882856],[-117.242547,32.8877879],[-117.2426882,32.8877863],[-117.2426723,32.8878355],[-117.2427001,32.887843],[-117.2425669,32.8882755]]]}},{"type":"Feature","id":67750297,"properties":{"osmId":67750297,"category":"residential","building":"dormitory","building:levels":"4","name":"Village West Building 7","_wikiTried":true},"geometry":{"type":"Polygon","coordinates":[[[-117.242915,32.8882825],[-117.2428064,32.8882804],[-117.2428201,32.8882359],[-117.2427474,32.8882193],[-117.2428057,32.888033],[-117.2428794,32.8880499],[-117.2428962,32.8880051],[-117.2429891,32.8880469],[-117.242915,32.8882825]]]}},{"type":"Feature","id":67750298,"properties":{"osmId":67750298,"category":"residential","building":"dormitory","building:levels":"15","name":"Village West Building 1","source":"Bing","_wikiTried":true},"geometry":{"type":"Polygon","coordinates":[[[-117.2422346,32.8888305],[-117.2421453,32.8887934],[-117.2421634,32.8887627],[-117.2420638,32.8887214],[-117.2422144,32.8884654],[-117.2422388,32.8884755],[-117.242289,32.8883903],[-117.2423145,32.8884009],[-117.2423289,32.8883765],[-117.2423769,32.8883965],[-117.2423824,32.8883872],[-117.2424733,32.888425],[-117.2422346,32.8888305]]]}},{"type":"Feature","id":99148767,"properties":{"osmId":99148767,"category":"academic","amenity":"pub","building":"university","name":"Stage Room at the Pub","smoking":"no","_wikiTried":true},"geometry":{"type":"Polygon","coordinates":[[[-117.2394495,32.8770043],[-117.2392979,32.8770032],[-117.2392969,32.8770958],[-117.2394041,32.8771941],[-117.2394806,32.8771352],[-117.2396258,32.8771363],[-117.2396284,32.8768996],[-117.2394506,32.8768982],[-117.2394495,32.8770043]]]}},{"type":"Feature","id":103615499,"properties":{"osmId":103615499,"category":"academic","building":"university","building_type":"education","name":"Skaggs School of Pharmacy and Pharmaceutical Sciences","sangis:TYPE":"Education","source":"SanGIS Footprints_Nonresidential_SD public domain (http://www.sangis.org/)","wikidata":"Q7533741","wikipedia":"en:Skaggs School of Pharmacy","_wikiTried":true},"geometry":{"type":"Polygon","coordinates":[[[-117.2359298,32.8746231],[-117.2358403,32.8746259],[-117.2358409,32.874653],[-117.2357328,32.8746597],[-117.2356898,32.8744983],[-117.2355943,32.8744948],[-117.2355869,32.8739417],[-117.2356265,32.873939],[-117.2356278,32.8738761],[-117.2359019,32.8738752],[-117.2359034,32.8739008],[-117.2359641,32.8739158],[-117.2359691,32.8739611],[-117.2359332,32.8739622],[-117.2359298,32.8746231]]]}},{"type":"Feature","id":103615500,"properties":{"osmId":103615500,"category":"academic","addr:city":"La Jolla","addr:housenumber":"3147","addr:state":"CA","addr:street":"Biomedical Sciences Way","building":"university","name":"Biomedical Research Facility II (BRF II)","_wikiTried":true},"geometry":{"type":"Polygon","coordinates":[[[-117.2352778,32.8738698],[-117.2352794,32.8746879],[-117.2347921,32.8746886],[-117.2347919,32.874603],[-117.2347579,32.874603],[-117.2347578,32.8745278],[-117.2349047,32.8745277],[-117.2349035,32.8738703],[-117.234947,32.8738703],[-117.2352489,32.8738699],[-117.2352778,32.8738698]]]}},{"type":"Feature","id":120632643,"properties":{"osmId":120632643,"category":"academic","building":"roof","layer":"1"},"geometry":{"type":"Polygon","coordinates":[[[-117.2359989,32.8803838],[-117.2359981,32.8803416],[-117.2361246,32.8803399],[-117.2361255,32.880382],[-117.2359989,32.8803838]]]}},{"type":"Feature","id":120908913,"properties":{"osmId":120908913,"category":"residential","building":"apartments","name":"Rita Atkinson Residences","source":"Bing","website":"https://hdh.ucsd.edu/rar/","_wikiTried":true},"geometry":{"type":"Polygon","coordinates":[[[-117.2357232,32.8722962],[-117.2353778,32.872296],[-117.2353771,32.8722408],[-117.2353021,32.8722401],[-117.2353053,32.8723288],[-117.2353703,32.8723296],[-117.2353762,32.8725159],[-117.2353986,32.8725881],[-117.235377,32.8725926],[-117.2353608,32.8725964],[-117.2353626,32.8726707],[-117.2353678,32.8728874],[-117.235312,32.8728879],[-117.2352831,32.8728882],[-117.2352556,32.8728884],[-117.235201,32.8728889],[-117.2351983,32.8726965],[-117.2351973,32.872625],[-117.2351973,32.8726022],[-117.2349635,32.8726023],[-117.2349643,32.8725558],[-117.2348828,32.8725568],[-117.234885,32.8726266],[-117.2349487,32.8726265],[-117.234938,32.8729928],[-117.2347698,32.8730039],[-117.2347819,32.8725407],[-117.2347524,32.8725407],[-117.2347663,32.8724441],[-117.2351971,32.8724455],[-117.235197,32.8722408],[-117.235169,32.8722422],[-117.2351699,32.8721597],[-117.2356961,32.8721571],[-117.2356962,32.8722001],[-117.2357283,32.8721989],[-117.2357232,32.8722962]]]}},{"type":"Feature","id":130101300,"properties":{"osmId":130101300,"category":"academic","building":"university","building_type":"education","name":"Medical Education and Telemedicine Building","source":"Bing","_wikiTried":true},"geometry":{"type":"Polygon","coordinates":[[[-117.2351167,32.8754477],[-117.2347446,32.8754516],[-117.234745,32.8754366],[-117.2344664,32.8754385],[-117.2344532,32.8749715],[-117.235114,32.8749568],[-117.2351148,32.8751471],[-117.2351148,32.875165],[-117.2351153,32.8752846],[-117.2351154,32.8753006],[-117.2351159,32.8754344],[-117.2351167,32.8754477]]]}},{"type":"Feature","id":139958208,"properties":{"osmId":139958208,"category":"academic","building":"university"},"geometry":{"type":"Polygon","coordinates":[[[-117.2397743,32.8775596],[-117.2397737,32.8774768],[-117.2395175,32.877478],[-117.2395181,32.8775608],[-117.2397743,32.8775596]]]}},{"type":"Feature","id":139958506,"properties":{"osmId":139958506,"category":"academic","building":"university","building_type":"education","name":"Student Center","sangis:OBJECTID":"8566","source":"SanGIS Footprints_Nonresidential_SD public domain (http://www.sangis.org/)","_wikiTried":true},"geometry":{"type":"Polygon","coordinates":[[[-117.2404838,32.8773623],[-117.2406438,32.8773614],[-117.2406444,32.8774364],[-117.2404841,32.8774373],[-117.2404838,32.877406],[-117.2404307,32.8774063],[-117.240431,32.8774377],[-117.240172,32.8774392],[-117.2401718,32.8774119],[-117.2400209,32.8774125],[-117.240021,32.8773498],[-117.2399698,32.8773497],[-117.2399696,32.877422],[-117.2398516,32.8774218],[-117.2398075,32.8773936],[-117.2397482,32.8774591],[-117.2397087,32.8774599],[-117.239706,32.8773775],[-117.2396356,32.8773791],[-117.2396323,32.8772765],[-117.2399138,32.8772707],[-117.2399127,32.8772297],[-117.2399094,32.8768696],[-117.2400142,32.8768688],[-117.2401789,32.8768676],[-117.2401817,32.8771757],[-117.2401819,32.8772033],[-117.2403162,32.8772026],[-117.240316,32.8772239],[-117.2403169,32.8772845],[-117.2403821,32.8772841],[-117.2403825,32.8773347],[-117.2404836,32.8773341],[-117.2404838,32.8773623]]]}},{"type":"Feature","id":159385495,"properties":{"osmId":159385495,"category":"academic","amenity":"library","architect":"William Pereira","architect:wikidata":"Q1859204","building":"university","name":"Geisel Library","operator":"University of California, San Diego","wikidata":"Q63969880","wikipedia":"en:Geisel Library","_wikiTried":true},"geometry":{"type":"Polygon","coordinates":[[[-117.237927,32.8812522],[-117.2378604,32.881253],[-117.2378553,32.881258],[-117.237856,32.8813034],[-117.2378162,32.8813035],[-117.2378108,32.8813077],[-117.2378109,32.8813285],[-117.2377869,32.8813294],[-117.237782,32.8813345],[-117.2377821,32.881367],[-117.2377294,32.8813674],[-117.2377246,32.8813702],[-117.2377249,32.8814297],[-117.237444,32.8814304],[-117.2374432,32.8813741],[-117.2374378,32.8813689],[-117.2373839,32.8813692],[-117.2373839,32.8813366],[-117.2373758,32.8813308],[-117.2373531,32.8813314],[-117.2373527,32.8813133],[-117.2373462,32.8813078],[-117.2373096,32.8813081],[-117.2373093,32.8812652],[-117.2373026,32.8812581],[-117.2372355,32.8812579],[-117.2372334,32.8810263],[-117.2372964,32.8810247],[-117.2373061,32.8810187],[-117.2373043,32.8809739],[-117.2373445,32.8809735],[-117.2373516,32.8809676],[-117.2373502,32.8809483],[-117.2373744,32.8809484],[-117.2373802,32.8809438],[-117.2373792,32.880908],[-117.2374339,32.8809087],[-117.2374393,32.8809035],[-117.2374378,32.880875],[-117.2374364,32.8808468],[-117.2375273,32.8808464],[-117.2375733,32.8808462],[-117.2376118,32.8808461],[-117.2377171,32.8808466],[-117.2377174,32.8808734],[-117.2377177,32.8809009],[-117.2377229,32.8809064],[-117.2377773,32.8809061],[-117.2377788,32.8809398],[-117.2377833,32.8809451],[-117.2378052,32.8809451],[-117.2378066,32.880964],[-117.2378116,32.8809687],[-117.2378489,32.8809692],[-117.2378496,32.8810118],[-117.2378567,32.8810179],[-117.2379232,32.8810171],[-117.237927,32.8812522]]]}},{"type":"Feature","id":165682124,"properties":{"osmId":165682124,"category":"other","addr:state":"CA","amenity":"parking","building":"yes","capacity":"961","description":"Lots P371 through P376","ele":"116","gnis:feature_id":"2456339","name":"Pangea Parking Structure","operator":"University of California San Diego","parking":"multi-storey","source":"Bing;USGS Geonames","_wikiTried":true},"geometry":{"type":"Polygon","coordinates":[[[-117.2435869,32.8845151],[-117.243584,32.8840039],[-117.2435841,32.8839626],[-117.2427713,32.8839675],[-117.2427728,32.8840163],[-117.242741,32.8840171],[-117.242685,32.8840175],[-117.2426639,32.8840177],[-117.2426554,32.8840178],[-117.2426138,32.8840181],[-117.242604,32.8840182],[-117.2426042,32.8840369],[-117.2426041,32.8840491],[-117.2426055,32.8841771],[-117.2426065,32.8842607],[-117.2426078,32.8843793],[-117.242608,32.884399],[-117.242609,32.8844447],[-117.2426097,32.8844963],[-117.2426099,32.8845179],[-117.2426101,32.8845231],[-117.2426206,32.8845227],[-117.2426307,32.8845224],[-117.2426451,32.8845223],[-117.2427239,32.8845217],[-117.2427446,32.8845215],[-117.2427732,32.8845213],[-117.24289,32.8845204],[-117.2431858,32.8845182],[-117.2435094,32.8845157],[-117.2435869,32.8845151]]]}},{"type":"Feature","id":180765919,"properties":{"osmId":180765919,"category":"residential","building":"dormitory","building:levels":"5","height":"6","name":"Village East Building 5","_wikiTried":true},"geometry":{"type":"Polygon","coordinates":[[[-117.2419088,32.8878734],[-117.2416218,32.8878885],[-117.2416208,32.8878784],[-117.2415799,32.8878805],[-117.2415668,32.8878812],[-117.2415798,32.8878449],[-117.2416198,32.8878424],[-117.2416178,32.8878238],[-117.2418806,32.8878073],[-117.2418974,32.8878062],[-117.2419118,32.8878053],[-117.2419148,32.8878395],[-117.2419228,32.887839],[-117.2419088,32.8878734]]]}},{"type":"Feature","id":180765922,"properties":{"osmId":180765922,"category":"dining","amenity":"restaurant","building":"yes","cuisine":"asian;fusion","name":"The Bistro at the Strand","_wikiTried":true},"geometry":{"type":"Polygon","coordinates":[[[-117.2421085,32.8880625],[-117.2421614,32.8877973],[-117.2421239,32.8877981],[-117.2420558,32.8877984],[-117.2419773,32.8877992],[-117.2419538,32.8878557],[-117.2419692,32.8880539],[-117.2421085,32.8880625]]]}},{"type":"Feature","id":180765923,"properties":{"osmId":180765923,"category":"residential","building":"dormitory","building:levels":"13","name":"Village East Building 1","_wikiTried":true},"geometry":{"type":"Polygon","coordinates":[[[-117.2417735,32.8887407],[-117.2411755,32.8887441],[-117.2411745,32.8885649],[-117.2414215,32.8885628],[-117.2414234,32.8885954],[-117.2416143,32.8885906],[-117.2416251,32.8885903],[-117.2418084,32.8885579],[-117.2418232,32.8886177],[-117.2417456,32.8886387],[-117.2417502,32.8886559],[-117.2417717,32.8886509],[-117.2417735,32.8887407]]]}},{"type":"Feature","id":180765924,"properties":{"osmId":180765924,"category":"academic","building":"yes"},"geometry":{"type":"Polygon","coordinates":[[[-117.241651,32.8874541],[-117.2416396,32.8874921],[-117.2416282,32.8874897],[-117.2415768,32.8876619],[-117.2416994,32.8876878],[-117.2419033,32.8876874],[-117.2419031,32.8876188],[-117.2417111,32.8876192],[-117.2416743,32.8876114],[-117.2417063,32.8875044],[-117.2416827,32.8874995],[-117.2416936,32.8874631],[-117.241651,32.8874541]]]}},{"type":"Feature","id":180765925,"properties":{"osmId":180765925,"category":"academic","building":"yes"},"geometry":{"type":"Polygon","coordinates":[[[-117.2421826,32.8876849],[-117.2422119,32.88754],[-117.2419299,32.8874976],[-117.2419346,32.8876882],[-117.2419878,32.8876875],[-117.2421826,32.8876849]]]}},{"type":"Feature","id":180765926,"properties":{"osmId":180765926,"category":"residential","building":"dormitory","building:levels":"5","name":"Village East Building 3","_wikiTried":true},"geometry":{"type":"Polygon","coordinates":[[[-117.2413624,32.8882895],[-117.2413614,32.888224],[-117.2414254,32.8882235],[-117.2414254,32.8882146],[-117.2414254,32.888206],[-117.2415143,32.8882053],[-117.2417607,32.8882034],[-117.2419062,32.8882022],[-117.2419244,32.8882021],[-117.2419244,32.8882169],[-117.2419844,32.8882165],[-117.2419854,32.8882847],[-117.2413624,32.8882895]]]}},{"type":"Feature","id":180765928,"properties":{"osmId":180765928,"category":"residential","building":"dormitory","building:levels":"5","name":"Village East Building 2","_wikiTried":true},"geometry":{"type":"Polygon","coordinates":[[[-117.2411692,32.8884888],[-117.2411683,32.8884067],[-117.2411789,32.8884066],[-117.2413881,32.8884049],[-117.2414582,32.8884044],[-117.2415128,32.8884039],[-117.2415783,32.8884034],[-117.2415976,32.8884032],[-117.2417089,32.8884023],[-117.2417615,32.8884019],[-117.2417622,32.8884611],[-117.2416959,32.8884617],[-117.2416954,32.8884177],[-117.2416556,32.888418],[-117.2416281,32.8884851],[-117.2411692,32.8884888]]]}},{"type":"Feature","id":180765929,"properties":{"osmId":180765929,"category":"residential","building":"dormitory","building:levels":"5","height":"5","name":"Village East Building 4","_wikiTried":true},"geometry":{"type":"Polygon","coordinates":[[[-117.2419349,32.8881176],[-117.2419159,32.8881165],[-117.2416229,32.888096],[-117.2416209,32.8881154],[-117.2415479,32.8881107],[-117.2415479,32.8880988],[-117.2414189,32.8880761],[-117.2414629,32.8878977],[-117.2414759,32.8879004],[-117.2414859,32.8878666],[-117.2415017,32.8878694],[-117.2415183,32.8878724],[-117.2415289,32.8878743],[-117.2415209,32.8879081],[-117.2415469,32.8879138],[-117.241539,32.8879432],[-117.2415219,32.8880067],[-117.2419429,32.8880323],[-117.2419438,32.8880535],[-117.2419349,32.8881176]]]}},{"type":"Feature","id":234850625,"properties":{"osmId":234850625,"category":"academic","amenity":"parking","building":"yes","building:levels":"6","name":"One Miramar Parking Structure","parking":"multi-storey","_wikiTried":true},"geometry":{"type":"Polygon","coordinates":[[[-117.2257702,32.8738348],[-117.2252375,32.8738604],[-117.2249451,32.8738745],[-117.2249418,32.8738251],[-117.2248798,32.8738281],[-117.2248635,32.8735891],[-117.2249228,32.8735862],[-117.2249194,32.8735372],[-117.2256039,32.8735042],[-117.2256858,32.8735003],[-117.2256892,32.8735498],[-117.2257505,32.8735469],[-117.225766,32.8737743],[-117.2257702,32.8738348]]]}},{"type":"Feature","id":234850739,"properties":{"osmId":234850739,"category":"residential","addr:city":"La Jolla","addr:housenumber":"1","addr:postcode":"92092","addr:street":"Miramar Street","building":"apartments","building:use":"residential","name":"One Miramar Street, building 1","_wikiTried":true},"geometry":{"type":"Polygon","coordinates":[[[-117.2258197,32.8737022],[-117.225857,32.8736912],[-117.2258746,32.8737428],[-117.226002,32.8737133],[-117.2259998,32.873693],[-117.2261931,32.8736377],[-117.226169,32.8735897],[-117.2262041,32.8735823],[-117.2262107,32.8736247],[-117.2264106,32.8735915],[-117.2264194,32.87361],[-117.2265271,32.873586],[-117.2265205,32.8735436],[-117.2265688,32.873527],[-117.226593,32.8735878],[-117.2269027,32.8734956],[-117.2269796,32.8734827],[-117.2269774,32.8734126],[-117.2269335,32.873372],[-117.2268808,32.8733996],[-117.2268324,32.8733185],[-117.226727,32.8733591],[-117.2267358,32.8733775],[-117.2265205,32.873431],[-117.2265007,32.873383],[-117.226448,32.8733886],[-117.2264546,32.8734089],[-117.2261734,32.8734624],[-117.2261734,32.873479],[-117.2259537,32.873538],[-117.2259427,32.8735214],[-117.2258219,32.8735528],[-117.2258307,32.8735731],[-117.2257933,32.8735897],[-117.2258197,32.8737022]]]}},{"type":"Feature","id":234850789,"properties":{"osmId":234850789,"category":"residential","addr:city":"La Jolla","addr:housenumber":"1","addr:postcode":"92092","addr:street":"Miramar Street","building":"apartments","building:use":"residential","name":"One Miramar Street, building 2","_wikiTried":true},"geometry":{"type":"Polygon","coordinates":[[[-117.2268961,32.8733055],[-117.2270653,32.8734402],[-117.2271488,32.8733683],[-117.2271202,32.8733443],[-117.227252,32.8732299],[-117.2272015,32.8731838],[-117.2273685,32.8731284],[-117.2274453,32.8732908],[-117.2274981,32.8732742],[-117.2275398,32.8733314],[-117.2274849,32.8733092],[-117.2272828,32.8734882],[-117.2272718,32.8734679],[-117.2272379,32.8735038],[-117.22723,32.8735122],[-117.2271795,32.8734661],[-117.2271004,32.8735011],[-117.2271109,32.8735105],[-117.2272432,32.8736284],[-117.2274827,32.8737908],[-117.2274695,32.8738056],[-117.2275047,32.8738664],[-117.2275947,32.8738092],[-117.227553,32.8737705],[-117.2276189,32.8737244],[-117.2276101,32.8737096],[-117.2276321,32.8736782],[-117.2275596,32.87361],[-117.2275398,32.8736229],[-117.2274673,32.8735602],[-117.2276079,32.8734329],[-117.2276189,32.8734532],[-117.2277068,32.8733646],[-117.227665,32.8733074],[-117.2275442,32.8730657],[-117.2275728,32.8730602],[-117.2275244,32.8729642],[-117.2271224,32.8731007],[-117.2268961,32.8733055]]]}},{"type":"Feature","id":234850944,"properties":{"osmId":234850944,"category":"residential","addr:city":"La Jolla","addr:housenumber":"1","addr:postcode":"92092","addr:street":"Miramar Street","building":"apartments","building:use":"residential","name":"One Miramar Street, building 3","_wikiTried":true},"geometry":{"type":"Polygon","coordinates":[[[-117.2272454,32.8741192],[-117.2273003,32.8740952],[-117.2273289,32.8741247],[-117.2274366,32.8740565],[-117.2273882,32.873955],[-117.2273728,32.8739624],[-117.2272806,32.8738092],[-117.227241,32.8738277],[-117.2272235,32.8738],[-117.2272586,32.8737779],[-117.2271576,32.8736284],[-117.2271795,32.8736192],[-117.2271114,32.8735325],[-117.2269291,32.8736118],[-117.2267424,32.8737059],[-117.226571,32.8737963],[-117.2266281,32.8738867],[-117.2266523,32.8738775],[-117.2267533,32.8740288],[-117.2267841,32.8740104],[-117.2268061,32.8740362],[-117.2267577,32.8740454],[-117.2268654,32.8742908],[-117.2268214,32.8742945],[-117.2268434,32.8743757],[-117.2269467,32.8743517],[-117.2269489,32.8743019],[-117.2270016,32.8742871],[-117.2270038,32.8742668],[-117.2270675,32.8742484],[-117.2270216,32.8741476],[-117.2269357,32.8739901],[-117.2269137,32.8739956],[-117.2268851,32.8739642],[-117.2269181,32.8739495],[-117.2268214,32.8737926],[-117.2269247,32.8737427],[-117.2269796,32.8737078],[-117.2270851,32.8738664],[-117.2271246,32.8738443],[-117.2271422,32.8738664],[-117.2270938,32.8738794],[-117.2272454,32.8741192]]]}},{"type":"Feature","id":234850952,"properties":{"osmId":234850952,"category":"residential","addr:city":"La Jolla","addr:housenumber":"1","addr:postcode":"92092","addr:street":"Miramar Street","building":"apartments","building:use":"residential","name":"One Miramar Street, building 4","_wikiTried":true},"geometry":{"type":"Polygon","coordinates":[[[-117.2265051,32.8738111],[-117.226548,32.873909],[-117.2265282,32.8739163],[-117.2266051,32.8740787],[-117.2265502,32.8740916],[-117.2265612,32.8741267],[-117.2265897,32.8741193],[-117.2266754,32.8743776],[-117.2266996,32.8743721],[-117.2267325,32.8744717],[-117.226682,32.8744791],[-117.2266886,32.8744938],[-117.226649,32.8745012],[-117.2266007,32.874516],[-117.2265919,32.8744846],[-117.226526,32.8744994],[-117.2264074,32.8741636],[-117.2264557,32.8741525],[-117.2264469,32.8741267],[-117.2264096,32.8741396],[-117.2263415,32.8739717],[-117.2262734,32.873992],[-117.2262822,32.874016],[-117.2262514,32.8740215],[-117.2262316,32.8740012],[-117.2261657,32.8740234],[-117.2262338,32.8741949],[-117.2262009,32.8742042],[-117.2262053,32.8742355],[-117.226236,32.8742318],[-117.2262943,32.8744347],[-117.2263415,32.874599],[-117.2263151,32.8746082],[-117.2263107,32.8745898],[-117.2262646,32.874599],[-117.2262734,32.8746175],[-117.2262097,32.8746218],[-117.2262097,32.8746717],[-117.2260911,32.8746735],[-117.2260845,32.8746016],[-117.2261394,32.8745997],[-117.2260603,32.8742584],[-117.2260889,32.8742547],[-117.2260823,32.8742344],[-117.2260427,32.8742436],[-117.2259856,32.8740757],[-117.2259593,32.8740849],[-117.2259263,32.8739835],[-117.2265051,32.8738111]]]}},{"type":"Feature","id":234850953,"properties":{"osmId":234850953,"category":"academic","building":"university","name":"Residential Services Building","_wikiTried":true},"geometry":{"type":"Polygon","coordinates":[[[-117.2259855,32.8738607],[-117.2259344,32.8737796],[-117.2258014,32.8738317],[-117.2257202,32.8739251],[-117.2258101,32.8739827],[-117.2258773,32.8739051],[-117.2259855,32.8738607]]]}},{"type":"Feature","id":275142113,"properties":{"osmId":275142113,"category":"residential","addr:city":"La Jolla","addr:housenumber":"9230","addr:postcode":"92037","addr:street":"Regents Road","building":"apartments","building:levels":"2"},"geometry":{"type":"Polygon","coordinates":[[[-117.2226291,32.8730636],[-117.2226898,32.8730131],[-117.2227063,32.8730255],[-117.2227509,32.872989],[-117.2227125,32.8729559],[-117.222717,32.8729497],[-117.2226991,32.8729335],[-117.2226918,32.8729384],[-117.2226528,32.8729092],[-117.2226262,32.8728874],[-117.2226329,32.8728811],[-117.2226248,32.8728735],[-117.2226177,32.8728793],[-117.2225941,32.8728596],[-117.2226533,32.8728099],[-117.2226774,32.8728301],[-117.2226991,32.8728112],[-117.2227281,32.8728361],[-117.2227063,32.8728545],[-117.2227374,32.87288],[-117.2227587,32.8728622],[-117.2227894,32.8728874],[-117.2227677,32.872905],[-117.2227884,32.8729229],[-117.2228178,32.8729454],[-117.2228107,32.8729524],[-117.2228243,32.8729646],[-117.2228305,32.872969],[-117.2228381,32.8729627],[-117.2228637,32.8729846],[-117.2228099,32.8730284],[-117.2227961,32.8730161],[-117.222739,32.8730654],[-117.2227539,32.8730779],[-117.2227007,32.8731219],[-117.2226751,32.873101],[-117.2226817,32.8730949],[-117.2226616,32.8730782],[-117.2226541,32.8730844],[-117.2226291,32.8730636]]]}},{"type":"Feature","id":275142117,"properties":{"osmId":275142117,"category":"residential","addr:city":"La Jolla","addr:housenumber":"9232","addr:postcode":"92037","addr:street":"Regents Road","building":"apartments","building:levels":"2"},"geometry":{"type":"Polygon","coordinates":[[[-117.2221817,32.8728941],[-117.2222073,32.872915],[-117.2222319,32.8728955],[-117.2222607,32.8729197],[-117.222246,32.8729328],[-117.2223007,32.8729773],[-117.2223239,32.8729572],[-117.2223179,32.8729533],[-117.2223375,32.8729363],[-117.2223441,32.8729411],[-117.2223484,32.8729375],[-117.2223484,32.8729356],[-117.222382,32.8729076],[-117.2224279,32.8729448],[-117.2224131,32.8729575],[-117.2224751,32.8730072],[-117.2224992,32.8729867],[-117.2224911,32.8729795],[-117.2224967,32.8729739],[-117.2225045,32.8729802],[-117.2225433,32.8729486],[-117.2224878,32.8729048],[-117.2224715,32.8729177],[-117.22245,32.8729002],[-117.2224136,32.8728699],[-117.2224171,32.8728655],[-117.2224287,32.8728562],[-117.2223763,32.8728121],[-117.2223581,32.8728267],[-117.2223652,32.8728328],[-117.2223379,32.8728545],[-117.2223311,32.8728495],[-117.2222904,32.8728824],[-117.2222525,32.87285],[-117.2222738,32.8728335],[-117.2222448,32.8728093],[-117.2222225,32.8728272],[-117.2221982,32.8728063],[-117.2221371,32.8728573],[-117.2221628,32.872878],[-117.22217,32.8728721],[-117.2221826,32.8728817],[-117.2221897,32.8728881],[-117.2221817,32.8728941]]]}},{"type":"Feature","id":275142119,"properties":{"osmId":275142119,"category":"residential","addr:city":"La Jolla","addr:postcode":"92037","addr:street":"Regents Road","building":"apartments","building:levels":"2"},"geometry":{"type":"Polygon","coordinates":[[[-117.2229343,32.8731595],[-117.2229639,32.8731346],[-117.2229877,32.8731539],[-117.2230104,32.873134],[-117.2230041,32.873127],[-117.2230192,32.8731141],[-117.2230234,32.8731118],[-117.2230306,32.8731178],[-117.2230811,32.8730758],[-117.2230724,32.8730688],[-117.2230929,32.8730519],[-117.2231014,32.8730583],[-117.2231225,32.8730408],[-117.2231249,32.8730376],[-117.2231232,32.8730346],[-117.223102,32.8730169],[-117.2231296,32.8729924],[-117.223147,32.873007],[-117.2231987,32.8729632],[-117.2231602,32.8729325],[-117.2231529,32.8729386],[-117.2231436,32.8729306],[-117.2231512,32.8729243],[-117.2231275,32.8729049],[-117.2230738,32.8729511],[-117.2230747,32.8729524],[-117.2230709,32.8729554],[-117.2230854,32.8729683],[-117.2230483,32.8729996],[-117.2230255,32.8729839],[-117.2230088,32.8729953],[-117.2229976,32.873005],[-117.2230016,32.8730072],[-117.2230209,32.8730241],[-117.2229702,32.8730662],[-117.2229482,32.8730471],[-117.2229196,32.8730707],[-117.2229401,32.873088],[-117.2229009,32.8731211],[-117.222887,32.873108],[-117.2228274,32.8731588],[-117.2228518,32.8731786],[-117.2228596,32.8731722],[-117.2228808,32.8731894],[-117.2228733,32.8731965],[-117.2228967,32.8732162],[-117.2229499,32.873172],[-117.2229343,32.8731595]]]}},{"type":"Feature","id":275142121,"properties":{"osmId":275142121,"category":"residential","addr:city":"La Jolla","addr:housenumber":"9234","addr:postcode":"92037","addr:street":"Regents Road","building":"apartments","building:levels":"2"},"geometry":{"type":"Polygon","coordinates":[[[-117.2218609,32.873249],[-117.2217915,32.8731939],[-117.2218535,32.8731439],[-117.2218657,32.8731561],[-117.2219108,32.8731178],[-117.2218709,32.8730854],[-117.2218792,32.873079],[-117.2218586,32.8730617],[-117.2218508,32.8730682],[-117.2218262,32.8730477],[-117.2218506,32.8730275],[-117.2218212,32.8730032],[-117.2218063,32.873015],[-117.2217525,32.8729699],[-117.2217868,32.8729421],[-117.2217951,32.8729485],[-117.221804,32.8729416],[-117.2217959,32.8729341],[-117.2218427,32.8728929],[-117.2218219,32.872875],[-117.221851,32.8728512],[-117.2218693,32.8728674],[-117.2219017,32.8728408],[-117.2218823,32.8728253],[-117.2219111,32.8728005],[-117.2219322,32.8728184],[-117.2219566,32.8727981],[-117.2220177,32.872848],[-117.2219922,32.8728688],[-117.2219847,32.8728626],[-117.2219645,32.8728781],[-117.2219747,32.8728863],[-117.2219262,32.8729268],[-117.2219163,32.8729203],[-117.2218987,32.8729367],[-117.2219062,32.8729429],[-117.2218666,32.8729754],[-117.2219043,32.8730072],[-117.221923,32.8729916],[-117.2219528,32.8730156],[-117.2219316,32.8730339],[-117.22198,32.8730754],[-117.2219723,32.873082],[-117.2219929,32.8730992],[-117.2220002,32.8730931],[-117.2220231,32.8731129],[-117.2219723,32.8731575],[-117.2219564,32.873145],[-117.2218979,32.8731933],[-117.2219134,32.8732056],[-117.2218609,32.873249]]]}},{"type":"Feature","id":275142128,"properties":{"osmId":275142128,"category":"residential","addr:city":"La Jolla","addr:housenumber":"9226","addr:postcode":"92037","addr:street":"Regents Road","building":"apartments","building:levels":"2"},"geometry":{"type":"Polygon","coordinates":[[[-117.2229069,32.8727058],[-117.2229406,32.8726786],[-117.2229191,32.8726605],[-117.2229485,32.8726361],[-117.222971,32.8726556],[-117.2230184,32.8726153],[-117.2230265,32.8726215],[-117.2230344,32.8726145],[-117.2230262,32.872607],[-117.2230627,32.8725764],[-117.2231168,32.8726215],[-117.223101,32.8726347],[-117.2231298,32.8726582],[-117.2231494,32.8726414],[-117.2231538,32.8726389],[-117.2231768,32.8726588],[-117.2231697,32.8726656],[-117.2231884,32.8726807],[-117.2231956,32.8726756],[-117.2232402,32.8727122],[-117.2232465,32.8727176],[-117.2232395,32.8727245],[-117.2232589,32.8727404],[-117.223266,32.8727344],[-117.2232904,32.8727544],[-117.2232678,32.872775],[-117.2232965,32.8727986],[-117.2233139,32.8727854],[-117.2233652,32.8728294],[-117.2233404,32.8728503],[-117.2233326,32.8728445],[-117.2233255,32.8728496],[-117.2233141,32.8728598],[-117.2233223,32.8728663],[-117.2233012,32.8728845],[-117.223297,32.8728856],[-117.2232372,32.8728358],[-117.223252,32.8728244],[-117.2232217,32.8727982],[-117.2232152,32.8727929],[-117.2231937,32.8728098],[-117.2231643,32.8727841],[-117.2231863,32.8727661],[-117.2231395,32.8727259],[-117.2231168,32.8727441],[-117.2230873,32.8727192],[-117.2231071,32.8727021],[-117.2230716,32.8726722],[-117.2230296,32.8727063],[-117.2230201,32.8726989],[-117.2230018,32.8727142],[-117.223011,32.8727227],[-117.2229608,32.8727648],[-117.2229532,32.8727588],[-117.2229392,32.8727692],[-117.2229336,32.8727749],[-117.2229416,32.8727804],[-117.2229165,32.8728012],[-117.2228539,32.8727497],[-117.2228797,32.8727288],[-117.2228584,32.8727115],[-117.2228887,32.8726899],[-117.2229069,32.8727058]]]}},{"type":"Feature","id":275142129,"properties":{"osmId":275142129,"category":"residential","addr:city":"La Jolla","addr:housenumber":"9240","addr:postcode":"92037","addr:street":"Regents Road","building":"apartments","building:levels":"2"},"geometry":{"type":"Polygon","coordinates":[[[-117.2218861,32.8735388],[-117.2219186,32.873567],[-117.2219401,32.8735489],[-117.2219691,32.8735735],[-117.221946,32.8735924],[-117.2219939,32.8736323],[-117.2219865,32.873639],[-117.2219949,32.8736457],[-117.2220039,32.8736388],[-117.2220404,32.8736694],[-117.2219866,32.8737148],[-117.2219708,32.8737015],[-117.2219428,32.8737258],[-117.2219627,32.873742],[-117.2219657,32.8737459],[-117.2219421,32.8737652],[-117.221934,32.8737592],[-117.221916,32.8737749],[-117.221922,32.873781],[-117.2218784,32.8738183],[-117.221872,32.8738237],[-117.2218638,32.8738178],[-117.2218449,32.8738341],[-117.221852,32.87384],[-117.2218282,32.8738605],[-117.2218035,32.8738415],[-117.2217754,32.8738656],[-117.2217912,32.8738802],[-117.2217387,32.8739233],[-117.2217139,32.8739024],[-117.2217207,32.8738959],[-117.2217147,32.87389],[-117.2217027,32.8738804],[-117.2216947,32.8738873],[-117.2216731,32.8738696],[-117.2216719,32.873866],[-117.2217312,32.8738158],[-117.2217447,32.8738282],[-117.2217761,32.8738028],[-117.2217823,32.8737974],[-117.2217622,32.8737794],[-117.2217928,32.8737547],[-117.2218141,32.8737732],[-117.2218621,32.8737338],[-117.2218404,32.8737148],[-117.2218701,32.8736901],[-117.2218905,32.8737067],[-117.221926,32.8736768],[-117.2218855,32.8736417],[-117.2218942,32.8736337],[-117.2218761,32.8736183],[-117.2218658,32.873626],[-117.2218157,32.8735839],[-117.221823,32.8735775],[-117.2218105,32.8735658],[-117.2218038,32.873561],[-117.2217972,32.8735678],[-117.2217724,32.8735467],[-117.2218338,32.8734943],[-117.2218586,32.8735158],[-117.2218792,32.873498],[-117.221905,32.8735235],[-117.2218861,32.8735388]]]}},{"type":"Feature","id":275142165,"properties":{"osmId":275142165,"category":"residential","addr:city":"La Jolla","addr:housenumber":"9156","addr:postcode":"92037","addr:street":"Regents Road","building":"apartments","building:levels":"2"},"geometry":{"type":"Polygon","coordinates":[[[-117.2221685,32.8722034],[-117.2222703,32.8722028],[-117.2222703,32.8721932],[-117.2222866,32.8721929],[-117.2222859,32.8721779],[-117.2222706,32.8721781],[-117.2222701,32.8720894],[-117.2221675,32.8720898],[-117.2221666,32.8721127],[-117.2221242,32.8721137],[-117.2221257,32.8721913],[-117.2221678,32.8721913],[-117.2221685,32.8722034]]]}},{"type":"Feature","id":275142167,"properties":{"osmId":275142167,"category":"residential","addr:city":"La Jolla","addr:housenumber":"9184","addr:postcode":"92037","addr:street":"Regents Road","building":"apartments","building:levels":"2"},"geometry":{"type":"Polygon","coordinates":[[[-117.2245281,32.8725969],[-117.2246307,32.8725965],[-117.2246313,32.8725825],[-117.2246767,32.8725821],[-117.2246748,32.8725036],[-117.2246317,32.8725047],[-117.2246317,32.8724822],[-117.2245269,32.8724834],[-117.2245266,32.8725452],[-117.2245276,32.8725486],[-117.2245279,32.872569],[-117.2245124,32.872569],[-117.2245124,32.8725848],[-117.2245281,32.8725848],[-117.2245281,32.8725969]]]}},{"type":"Feature","id":275142170,"properties":{"osmId":275142170,"category":"residential","addr:city":"La Jolla","addr:housenumber":"9160","addr:postcode":"92037","addr:street":"Regents Road","building":"apartments","building:levels":"2"},"geometry":{"type":"Polygon","coordinates":[[[-117.2224692,32.8719943],[-117.2223337,32.8719943],[-117.2223337,32.871965],[-117.2223435,32.871965],[-117.2223435,32.8719357],[-117.2223344,32.8719357],[-117.2223344,32.8718754],[-117.2223435,32.8718754],[-117.2223435,32.8718478],[-117.2223344,32.8718478],[-117.2223344,32.871798],[-117.2223938,32.871798],[-117.2223938,32.8718056],[-117.2224763,32.8718056],[-117.2224763,32.8717559],[-117.2225573,32.8717559],[-117.2225573,32.8717336],[-117.2226397,32.8717336],[-117.2226397,32.8717435],[-117.2226984,32.8717435],[-117.2226984,32.8717735],[-117.2226872,32.8717735],[-117.2226872,32.8718033],[-117.2226984,32.8718033],[-117.2226984,32.8718326],[-117.2226362,32.8718326],[-117.2226362,32.8718226],[-117.2226236,32.8718226],[-117.2226236,32.8718068],[-117.2225824,32.8718068],[-117.2225824,32.8718677],[-117.2225454,32.8718677],[-117.2225454,32.8718572],[-117.2225091,32.8718572],[-117.2225091,32.8718689],[-117.222421,32.8718689],[-117.222421,32.8719246],[-117.2224692,32.8719246],[-117.2224692,32.8719943]]]}},{"type":"Feature","id":275142171,"properties":{"osmId":275142171,"category":"residential","addr:city":"La Jolla","addr:housenumber":"9168","addr:postcode":"92037","addr:street":"Regents Road","building":"apartments","building:levels":"2"},"geometry":{"type":"Polygon","coordinates":[[[-117.2232744,32.8717159],[-117.2232744,32.8718355],[-117.2233389,32.8718355],[-117.2233389,32.871828],[-117.2233593,32.871828],[-117.2233593,32.8718091],[-117.2234013,32.8718091],[-117.2234013,32.8718696],[-117.2234374,32.8718696],[-117.2234374,32.8718608],[-117.2234697,32.8718608],[-117.2234697,32.8718684],[-117.2235178,32.8718684],[-117.2235178,32.8718809],[-117.2235366,32.8718809],[-117.2235366,32.871927],[-117.223526,32.871927],[-117.223526,32.8719573],[-117.223478,32.8719573],[-117.223478,32.8720297],[-117.223611,32.8720297],[-117.223611,32.8719963],[-117.2236027,32.8719963],[-117.2236027,32.8719673],[-117.2236147,32.8719673],[-117.2236147,32.8719409],[-117.2236282,32.8719409],[-117.2236282,32.8718684],[-117.2236132,32.8718684],[-117.2236132,32.8718204],[-117.223578,32.8718204],[-117.223578,32.8718273],[-117.2235449,32.8718273],[-117.2235449,32.8718204],[-117.2235087,32.8718204],[-117.2235087,32.8717581],[-117.2234268,32.8717581],[-117.2234268,32.8717335],[-117.2233457,32.8717335],[-117.2233457,32.8717152],[-117.2232744,32.8717159]]]}},{"type":"Feature","id":275142176,"properties":{"osmId":275142176,"category":"residential","addr:city":"La Jolla","addr:housenumber":"9172","addr:postcode":"92037","addr:street":"Regents Road","building":"apartments","building:levels":"2"},"geometry":{"type":"Polygon","coordinates":[[[-117.2234917,32.8723886],[-117.2234318,32.8723886],[-117.2234318,32.8723802],[-117.2233513,32.8723802],[-117.2233513,32.8723689],[-117.2233171,32.8723689],[-117.2233171,32.8723599],[-117.2232821,32.8723599],[-117.2232821,32.8723701],[-117.2232473,32.8723701],[-117.2232473,32.8722578],[-117.2233307,32.8722578],[-117.2233307,32.8722947],[-117.2233641,32.8722947],[-117.2233641,32.8723085],[-117.2234211,32.8723085],[-117.2234211,32.87229],[-117.2234347,32.87229],[-117.2234347,32.8722488],[-117.2234454,32.8722488],[-117.2234454,32.8722201],[-117.2234347,32.8722201],[-117.2234347,32.872189],[-117.2235089,32.872189],[-117.2235089,32.8721537],[-117.2234874,32.8721537],[-117.2234874,32.872143],[-117.223476,32.872143],[-117.223476,32.8720928],[-117.2235131,32.8720928],[-117.2235131,32.8721024],[-117.2235487,32.8721024],[-117.2235487,32.8720922],[-117.2235801,32.8720922],[-117.2235801,32.8721418],[-117.2235951,32.8721418],[-117.2235951,32.8722135],[-117.2235687,32.8722135],[-117.2235687,32.872281],[-117.2234924,32.872281],[-117.2234924,32.8723096],[-117.2234839,32.8723096],[-117.2234839,32.8723396],[-117.2234924,32.8723396],[-117.2234917,32.8723886]]]}},{"type":"Feature","id":275142178,"properties":{"osmId":275142178,"category":"residential","addr:city":"La Jolla","addr:housenumber":"9180","addr:postcode":"92037","addr:street":"Regents Road","building":"apartments","building:levels":"2"},"geometry":{"type":"Polygon","coordinates":[[[-117.2242718,32.8724502],[-117.2242735,32.8725107],[-117.224314,32.8725101],[-117.224315,32.872494],[-117.2243316,32.872494],[-117.2243325,32.8724849],[-117.224389,32.8724844],[-117.224389,32.8725152],[-117.2243789,32.8725152],[-117.2243789,32.8725438],[-117.224388,32.8725438],[-117.2243881,32.8725478],[-117.2243855,32.8725724],[-117.2243276,32.8725732],[-117.2243278,32.8725864],[-117.2242465,32.8725871],[-117.2242448,32.8725599],[-117.224166,32.8725627],[-117.2241632,32.8725021],[-117.2241306,32.8725016],[-117.2241299,32.8724914],[-117.2240958,32.8724919],[-117.2240954,32.8724991],[-117.2240409,32.8724993],[-117.224039,32.8724476],[-117.2240468,32.8724474],[-117.2240443,32.8723827],[-117.2240617,32.8723818],[-117.224061,32.8723526],[-117.2240715,32.8723521],[-117.224071,32.8723238],[-117.2240602,32.8723234],[-117.2240595,32.8722941],[-117.2241918,32.8722933],[-117.2241925,32.8723626],[-117.2241471,32.8723632],[-117.2241471,32.872392],[-117.2241324,32.8723914],[-117.2241324,32.8724249],[-117.2241333,32.8724394],[-117.2241548,32.8724394],[-117.2241554,32.8724519],[-117.2242025,32.8724514],[-117.2242025,32.8724585],[-117.2242392,32.8724584],[-117.2242392,32.8724508],[-117.2242718,32.8724502]]]}},{"type":"Feature","id":275142179,"properties":{"osmId":275142179,"category":"residential","addr:city":"La Jolla","addr:housenumber":"9192","addr:postcode":"92037","addr:street":"Regents Road","building":"apartments","building:levels":"2"},"geometry":{"type":"Polygon","coordinates":[[[-117.2251035,32.8723989],[-117.2251042,32.872387],[-117.2251859,32.8723867],[-117.2251863,32.8724257],[-117.2252199,32.8724257],[-117.2252199,32.872437],[-117.2252772,32.8724374],[-117.2252771,32.8724204],[-117.2252928,32.8724196],[-117.2252928,32.8724098],[-117.2253487,32.8724102],[-117.2253485,32.8724395],[-117.2253413,32.8724399],[-117.2253411,32.8724592],[-117.2253414,32.8724692],[-117.2253425,32.8724703],[-117.2253484,32.8724712],[-117.225348,32.8724968],[-117.2252988,32.8724966],[-117.2252943,32.8724985],[-117.2252944,32.8725118],[-117.2252095,32.8725112],[-117.2252091,32.8724973],[-117.2251733,32.8724975],[-117.2251733,32.8724907],[-117.2251416,32.8724903],[-117.2251409,32.8724971],[-117.2251047,32.8724973],[-117.2251048,32.8725127],[-117.2250242,32.8725124],[-117.2250245,32.872536],[-117.2249435,32.8725364],[-117.2249422,32.8725409],[-117.2248819,32.8725401],[-117.2248824,32.8724915],[-117.2248909,32.8724909],[-117.2248917,32.8724633],[-117.2248821,32.8724626],[-117.2248826,32.8724347],[-117.2249411,32.8724348],[-117.2249418,32.8724422],[-117.224954,32.8724421],[-117.2249538,32.87246],[-117.2249979,32.8724599],[-117.2249989,32.8724003],[-117.2250322,32.8724003],[-117.2250326,32.8724098],[-117.2250678,32.8724098],[-117.2250678,32.8723995],[-117.2251035,32.8723989]]]}},{"type":"Feature","id":275142182,"properties":{"osmId":275142182,"category":"residential","addr:city":"La Jolla","addr:housenumber":"9152","addr:postcode":"92037","addr:street":"Regents Road","building":"apartments","building:levels":"2"},"geometry":{"type":"Polygon","coordinates":[[[-117.2218872,32.8721137],[-117.2219446,32.8721137],[-117.2219446,32.8720835],[-117.2219359,32.8720832],[-117.221936,32.8720553],[-117.2219482,32.8720553],[-117.2219476,32.8720245],[-117.2218901,32.8720245],[-117.2218898,32.8720119],[-117.2218031,32.8720121],[-117.2218031,32.8720355],[-117.2217206,32.8720357],[-117.2217201,32.8720987],[-117.2216871,32.8720982],[-117.2216865,32.8721065],[-117.2216799,32.8721068],[-117.2216525,32.8721064],[-117.2216525,32.8720985],[-117.2215935,32.8720984],[-117.221593,32.8721476],[-117.2216009,32.8721479],[-117.2216009,32.8722165],[-117.2216153,32.8722161],[-117.2216153,32.8722466],[-117.2216251,32.8722466],[-117.2216245,32.8722747],[-117.2216149,32.8722744],[-117.2216145,32.8723488],[-117.2215486,32.8723498],[-117.2215481,32.8723111],[-117.2214616,32.8723117],[-117.2214624,32.8724236],[-117.2214995,32.8724235],[-117.2214995,32.8724141],[-117.2215315,32.8724141],[-117.2215315,32.8724232],[-117.2216052,32.872424],[-117.2216052,32.8724141],[-117.2216382,32.8724141],[-117.2216392,32.8724238],[-117.2216745,32.8724236],[-117.2216742,32.8723747],[-117.2216916,32.8723739],[-117.2216905,32.8723075],[-117.2217494,32.872307],[-117.2217489,32.8722348],[-117.2217054,32.8722353],[-117.2217049,32.872206],[-117.2216896,32.8722054],[-117.2216901,32.8721609],[-117.2217096,32.8721609],[-117.2217096,32.8721477],[-117.2217577,32.8721472],[-117.2217577,32.8721392],[-117.2217933,32.8721387],[-117.2217935,32.8721476],[-117.2218283,32.8721476],[-117.2218289,32.8720861],[-117.2218697,32.8720857],[-117.2218702,32.8721039],[-117.221886,32.8721041],[-117.2218872,32.8721137]]]}},{"type":"Feature","id":275142183,"properties":{"osmId":275142183,"category":"residential","addr:city":"La Jolla","addr:housenumber":"9148","addr:postcode":"92037","addr:street":"Regents Road","building":"apartments","building:levels":"2"},"geometry":{"type":"Polygon","coordinates":[[[-117.2222654,32.8719132],[-117.2222654,32.8718048],[-117.2221814,32.8718048],[-117.2221814,32.8718427],[-117.2221442,32.8718427],[-117.2221442,32.8718536],[-117.2220893,32.8718536],[-117.2220893,32.8718359],[-117.2220748,32.8718359],[-117.2220748,32.8717953],[-117.2220651,32.8717953],[-117.2220651,32.8717655],[-117.2220763,32.8717655],[-117.2220763,32.8717167],[-117.2220149,32.8717167],[-117.2220149,32.8717262],[-117.2219342,32.8717262],[-117.2219342,32.871737],[-117.2218971,32.871737],[-117.2218971,32.8717452],[-117.2218631,32.8717452],[-117.2218631,32.8717357],[-117.2218292,32.8717357],[-117.2218292,32.8717248],[-117.2217452,32.8717248],[-117.2217452,32.8717615],[-117.2216756,32.8717615],[-117.2216756,32.871718],[-117.2215982,32.871718],[-117.2215982,32.8717872],[-117.2216159,32.8717872],[-117.2216159,32.8718374],[-117.2216499,32.8718374],[-117.2216499,32.8718278],[-117.2216821,32.8718278],[-117.2216821,32.8718374],[-117.2217597,32.8718374],[-117.2217597,32.8718251],[-117.2217919,32.8718251],[-117.2217919,32.8718359],[-117.2218259,32.8718359],[-117.2218259,32.8718481],[-117.2219131,32.8718481],[-117.2219131,32.8718115],[-117.2219471,32.8718115],[-117.2219471,32.871798],[-117.222002,32.871798],[-117.222002,32.8718183],[-117.2220149,32.8718183],[-117.2220149,32.8718577],[-117.2220247,32.8718577],[-117.2220247,32.8718888],[-117.2220149,32.8718888],[-117.2220149,32.8719159],[-117.2220748,32.8719159],[-117.2220748,32.8719294],[-117.2221556,32.8719294],[-117.2221556,32.8719173],[-117.2221911,32.8719173],[-117.2221911,32.8719064],[-117.222225,32.8719064],[-117.222225,32.8719146],[-117.2222654,32.8719132]]]}},{"type":"Feature","id":275142184,"properties":{"osmId":275142184,"category":"residential","addr:city":"La Jolla","addr:housenumber":"9162","addr:postcode":"92037","addr:street":"Regents Road","building":"apartments","building:levels":"2"},"geometry":{"type":"Polygon","coordinates":[[[-117.2229243,32.8719977],[-117.2229245,32.8719781],[-117.2228818,32.8719786],[-117.2228807,32.871922],[-117.2229699,32.8719209],[-117.2229698,32.8719125],[-117.2230026,32.8719121],[-117.2230027,32.8719205],[-117.2230394,32.87192],[-117.2230383,32.8718588],[-117.2230824,32.8718582],[-117.2230828,32.8718774],[-117.2230967,32.8718772],[-117.2230968,32.8718875],[-117.2231571,32.8718867],[-117.2231566,32.8718573],[-117.2231471,32.8718574],[-117.2231465,32.8718275],[-117.2231565,32.8718274],[-117.2231559,32.8717984],[-117.2230975,32.8717992],[-117.2230973,32.8717856],[-117.2230153,32.8717866],[-117.2230157,32.8718085],[-117.2229333,32.8718096],[-117.2229342,32.8718588],[-117.2228517,32.8718599],[-117.2228515,32.8718513],[-117.2227909,32.871852],[-117.2227917,32.8719013],[-117.2228024,32.8719011],[-117.2228028,32.8719296],[-117.2227917,32.8719298],[-117.2227929,32.8719909],[-117.2228028,32.8719909],[-117.2228028,32.8719992],[-117.2228028,32.8720215],[-117.2227927,32.8720213],[-117.2227933,32.8720498],[-117.2227783,32.872051],[-117.2227789,32.8721205],[-117.2228207,32.8721197],[-117.2228211,32.8721503],[-117.2228354,32.8721496],[-117.2228365,32.8721957],[-117.2228164,32.8721965],[-117.2228164,32.8722083],[-117.2228052,32.8722087],[-117.2228061,32.8722598],[-117.222839,32.8722588],[-117.222839,32.8722503],[-117.2228498,32.8722496],[-117.2228744,32.8722493],[-117.2228747,32.8722588],[-117.2229092,32.872258],[-117.2229085,32.8722082],[-117.2229238,32.8722084],[-117.2229243,32.8721385],[-117.2229105,32.8721382],[-117.2229107,32.8721098],[-117.2229008,32.8721098],[-117.2229002,32.8720813],[-117.2229103,32.8720813],[-117.2229098,32.8720495],[-117.2229243,32.8720489],[-117.2229243,32.8719977]]]}},{"type":"Feature","id":275142186,"properties":{"osmId":275142186,"category":"residential","addr:city":"La Jolla","addr:housenumber":"9188","addr:postcode":"92037","addr:street":"Regents Road","building":"apartments","building:levels":"2"},"geometry":{"type":"Polygon","coordinates":[[[-117.2250317,32.8721817],[-117.225032,32.8722183],[-117.2249974,32.8722178],[-117.2249965,32.8722287],[-117.2249442,32.872228],[-117.2249444,32.8722135],[-117.2249274,32.8722121],[-117.2249278,32.8721715],[-117.2249155,32.872171],[-117.2249164,32.8721421],[-117.2249265,32.8721421],[-117.2249272,32.8721136],[-117.2248723,32.8721128],[-117.2248715,32.8721053],[-117.2247902,32.8721041],[-117.2247895,32.8721145],[-117.2247553,32.8721141],[-117.2247542,32.8721217],[-117.2247234,32.8721211],[-117.2247212,32.8721203],[-117.2247196,32.8721164],[-117.2247092,32.8721164],[-117.2246709,32.8721158],[-117.2246703,32.8721033],[-117.2245885,32.8721049],[-117.2245893,32.8721415],[-117.2245211,32.8721423],[-117.2245207,32.8721101],[-117.2245205,32.8720952],[-117.2244406,32.8720971],[-117.2244416,32.8721668],[-117.2244604,32.8721668],[-117.2244599,32.8722144],[-117.2244948,32.8722144],[-117.2244948,32.8722055],[-117.2245289,32.8722058],[-117.2245289,32.8722146],[-117.2246005,32.8722153],[-117.2246005,32.872206],[-117.2246358,32.8722062],[-117.2246365,32.8722148],[-117.2246693,32.8722146],[-117.2246701,32.8722278],[-117.2247099,32.872227],[-117.2247662,32.8722274],[-117.2247668,32.872187],[-117.224798,32.8721879],[-117.224798,32.8721789],[-117.2248534,32.8721793],[-117.2248536,32.8721931],[-117.2248681,32.8721936],[-117.2248675,32.8722328],[-117.2248795,32.8722327],[-117.2248789,32.8722613],[-117.2248687,32.8722613],[-117.2248676,32.8723073],[-117.2249319,32.8723084],[-117.2249319,32.872303],[-117.2250105,32.872304],[-117.2250105,32.8722908],[-117.2250401,32.8722907],[-117.2250408,32.872283],[-117.2250776,32.8722834],[-117.225078,32.8722901],[-117.2251129,32.8722905],[-117.2251152,32.8721822],[-117.2250404,32.8721808],[-117.2250317,32.8721817]]]}},{"type":"Feature","id":275142187,"properties":{"osmId":275142187,"category":"residential","addr:city":"La Jolla","addr:housenumber":"9176","addr:postcode":"92037","addr:street":"Regents Road","building":"apartments","building:levels":"2"},"geometry":{"type":"Polygon","coordinates":[[[-117.2238837,32.8717243],[-117.2238835,32.871713],[-117.2239518,32.8717124],[-117.2239522,32.8717337],[-117.2240347,32.8717326],[-117.2240352,32.8717585],[-117.2241158,32.8717575],[-117.2241169,32.8718196],[-117.2241515,32.8718191],[-117.2241517,32.8718271],[-117.2241882,32.8718265],[-117.224188,32.8718179],[-117.2242209,32.8718175],[-117.2242217,32.8718662],[-117.2242358,32.8718661],[-117.2242371,32.871936],[-117.2242222,32.8719362],[-117.2242227,32.8719661],[-117.2242123,32.8719662],[-117.2242127,32.8719897],[-117.2242144,32.8720652],[-117.2242808,32.8720639],[-117.2242804,32.8720267],[-117.2243644,32.8720264],[-117.2243658,32.8721381],[-117.2243331,32.8721387],[-117.2243282,32.872138],[-117.2243276,32.8721316],[-117.2242985,32.8721316],[-117.2242935,32.8721329],[-117.2242942,32.8721388],[-117.2242217,32.8721399],[-117.224221,32.8721309],[-117.2241878,32.8721307],[-117.2241884,32.8721403],[-117.2241376,32.8721409],[-117.2241317,32.8721408],[-117.224131,32.8721032],[-117.224132,32.8720879],[-117.2241351,32.8720879],[-117.2241376,32.8720865],[-117.2241362,32.8720326],[-117.2241373,32.8720233],[-117.2240783,32.8720243],[-117.2240783,32.8719885],[-117.2240778,32.8719578],[-117.2241256,32.8719572],[-117.2241251,32.8719274],[-117.2241363,32.8719272],[-117.2241361,32.8719141],[-117.2241355,32.8718816],[-117.2241148,32.8718819],[-117.2241146,32.871867],[-117.2240678,32.8718675],[-117.2240676,32.8718604],[-117.2240349,32.8718609],[-117.224035,32.871868],[-117.2240003,32.8718684],[-117.2239991,32.8718102],[-117.2239542,32.8718108],[-117.2239545,32.8718242],[-117.2239404,32.8718243],[-117.2239407,32.8718362],[-117.2238835,32.8718368],[-117.2238828,32.8718055],[-117.223896,32.8718053],[-117.2238956,32.8717769],[-117.2238824,32.8717772],[-117.2238815,32.8717292],[-117.2238837,32.8717243]]]}},{"type":"Feature","id":275142195,"properties":{"osmId":275142195,"category":"academic","addr:city":"La Jolla","addr:housenumber":"9224","addr:postcode":"92037","addr:street":"Regents Road","building":"university"},"geometry":{"type":"Polygon","coordinates":[[[-117.2228235,32.8735843],[-117.2228235,32.8738104],[-117.2229837,32.8738116],[-117.2229837,32.8735843],[-117.2228235,32.8735843]]]}},{"type":"Feature","id":275142196,"properties":{"osmId":275142196,"category":"academic","addr:city":"La Jolla","addr:housenumber":"9224","addr:postcode":"92037","addr:street":"Regents Road","building":"university"},"geometry":{"type":"Polygon","coordinates":[[[-117.2228208,32.8738568],[-117.2229864,32.8738568],[-117.2229837,32.8739867],[-117.2228208,32.8739867],[-117.2228208,32.8738568]]]}},{"type":"Feature","id":275142197,"properties":{"osmId":275142197,"category":"academic","addr:city":"La Jolla","addr:housenumber":"9224","addr:postcode":"92037","addr:street":"Regents Road","building":"university"},"geometry":{"type":"Polygon","coordinates":[[[-117.2230831,32.8738452],[-117.2230831,32.8739646],[-117.2235139,32.8739658],[-117.2235139,32.8738452],[-117.2230831,32.8738452]]]}},{"type":"Feature","id":275142198,"properties":{"osmId":275142198,"category":"academic","addr:city":"La Jolla","addr:housenumber":"9224","addr:postcode":"92037","addr:street":"Regents Road","building":"university"},"geometry":{"type":"Polygon","coordinates":[[[-117.2232446,32.8736051],[-117.2236794,32.8736655],[-117.2236532,32.8737861],[-117.2232156,32.873727],[-117.2232446,32.8736051]]]}},{"type":"Feature","id":275142199,"properties":{"osmId":275142199,"category":"academic","addr:city":"La Jolla","addr:postcode":"92037","addr:street":"Regents Road","building":"university"},"geometry":{"type":"Polygon","coordinates":[[[-117.2233695,32.873417],[-117.2232867,32.8734623],[-117.2231968,32.8733468],[-117.2232805,32.873301],[-117.2233695,32.873417]]]}},{"type":"Feature","id":275142200,"properties":{"osmId":275142200,"category":"academic","addr:city":"La Jolla","addr:postcode":"92037","addr:street":"Regents Road","building":"university"},"geometry":{"type":"Polygon","coordinates":[[[-117.2236938,32.873157],[-117.2235013,32.873274],[-117.2234479,32.8732111],[-117.22364,32.873093],[-117.2236938,32.873157]]]}},{"type":"Feature","id":275142201,"properties":{"osmId":275142201,"category":"academic","addr:city":"La Jolla","addr:postcode":"92037","addr:street":"Regents Road","building":"university"},"geometry":{"type":"Polygon","coordinates":[[[-117.2235476,32.8734978],[-117.2236529,32.873435],[-117.2235639,32.8733261],[-117.2234571,32.8733897],[-117.2235476,32.8734978]]]}},{"type":"Feature","id":275171537,"properties":{"osmId":275171537,"category":"academic","addr:city":"San Diego","addr:postcode":"92092","building":"university"},"geometry":{"type":"Polygon","coordinates":[[[-117.2417846,32.8785918],[-117.242049,32.8785921],[-117.2420496,32.8782348],[-117.2419128,32.8782346],[-117.2419126,32.8783426],[-117.2419272,32.8783426],[-117.2419271,32.8783848],[-117.2419165,32.8783848],[-117.2419164,32.8784742],[-117.2419227,32.8784742],[-117.241922,32.8785012],[-117.2419226,32.8785124],[-117.2417847,32.8785122],[-117.2417846,32.8785918]]]}},{"type":"Feature","id":275171538,"properties":{"osmId":275171538,"category":"academic","addr:city":"San Diego","addr:postcode":"92092","building":"university"},"geometry":{"type":"Polygon","coordinates":[[[-117.2415871,32.8786036],[-117.2415873,32.8785245],[-117.2414559,32.8785243],[-117.2414555,32.8785052],[-117.241456,32.8784883],[-117.2414665,32.8784883],[-117.2414667,32.8783929],[-117.2414541,32.8783928],[-117.2414542,32.8783484],[-117.2414668,32.8783485],[-117.241467,32.8782509],[-117.2413251,32.8782507],[-117.2413246,32.8784876],[-117.241335,32.8784876],[-117.2413349,32.8785286],[-117.2413266,32.8785286],[-117.2413265,32.8786032],[-117.2415871,32.8786036]]]}},{"type":"Feature","id":275171539,"properties":{"osmId":275171539,"category":"academic","addr:city":"San Diego","addr:postcode":"92092","building":"university","building:levels":"6","name":"Structural and Materials Engineering","wikipedia":"en:Jacobs School of Engineering","_wikiTried":true},"geometry":{"type":"Polygon","coordinates":[[[-117.232322,32.8798072],[-117.2323124,32.8798149],[-117.2323384,32.8798646],[-117.232402,32.8799335],[-117.232536,32.8800201],[-117.2326365,32.8800526],[-117.2326966,32.8800617],[-117.232789,32.8800629],[-117.2329433,32.8800481],[-117.2330028,32.8800412],[-117.2329948,32.8800034],[-117.2330904,32.8799879],[-117.2330935,32.8800017],[-117.2338004,32.8799155],[-117.2337486,32.8796462],[-117.2329162,32.8797536],[-117.2329197,32.8797675],[-117.2328838,32.8797727],[-117.2328012,32.8797824],[-117.232763,32.879772],[-117.2327362,32.8797646],[-117.2326758,32.8796987],[-117.2325963,32.8797192],[-117.2325778,32.8796773],[-117.2324543,32.8797193],[-117.2324352,32.8796834],[-117.2323213,32.8797243],[-117.2323397,32.8797711],[-117.232308,32.8797801],[-117.232322,32.8798072]]]}},{"type":"Feature","id":275171540,"properties":{"osmId":275171540,"category":"academic","addr:city":"San Diego","addr:postcode":"92092","addr:state":"CA","building":"university","name":"Main Gym","_wikiTried":true},"geometry":{"type":"Polygon","coordinates":[[[-117.2414635,32.8774138],[-117.2410095,32.8774171],[-117.2410085,32.8773281],[-117.2409565,32.8773284],[-117.2409535,32.8770091],[-117.2410065,32.8770087],[-117.2410052,32.8769457],[-117.2414725,32.8769444],[-117.2414745,32.8770065],[-117.2415255,32.8770061],[-117.2415265,32.8771556],[-117.2415373,32.8771555],[-117.2415745,32.8771553],[-117.2415735,32.8770664],[-117.2416065,32.8770662],[-117.2416055,32.8770181],[-117.2420085,32.8770152],[-117.2420115,32.8773079],[-117.2416075,32.8773108],[-117.2416075,32.8772619],[-117.2415775,32.8772621],[-117.2415765,32.877175],[-117.2415373,32.8771753],[-117.2415275,32.8771754],[-117.2415295,32.8773251],[-117.2414755,32.8773255],[-117.2414765,32.8774129],[-117.2414635,32.877413],[-117.2414635,32.8774138]]]}},{"type":"Feature","id":275171542,"properties":{"osmId":275171542,"category":"academic","addr:city":"San Diego","addr:postcode":"92092","building":"university"},"geometry":{"type":"Polygon","coordinates":[[[-117.2417606,32.8786849],[-117.2416291,32.8786849],[-117.2416291,32.8788495],[-117.2417606,32.8788495],[-117.2417606,32.8786849]]]}},{"type":"Feature","id":280216854,"properties":{"osmId":280216854,"category":"academic","addr:city":"La Jolla","addr:housenumber":"10000","addr:postcode":"92093","addr:street":"Hopkins Drive","building":"university","building:levels":"2","name":"RIMAC Annex","smoking":"no","wikipedia":"en:RIMAC#RIMAC Annex","_wikiTried":true},"geometry":{"type":"Polygon","coordinates":[[[-117.2403523,32.8857023],[-117.2404711,32.8857899],[-117.2404721,32.8858171],[-117.2404662,32.8858802],[-117.2404583,32.886022],[-117.2404976,32.88602],[-117.240497,32.8861042],[-117.2404979,32.8861194],[-117.2405135,32.886119],[-117.2405966,32.8861145],[-117.2405922,32.8860049],[-117.2405915,32.8859882],[-117.2405493,32.8859877],[-117.2405643,32.8856751],[-117.2405762,32.8856748],[-117.240568,32.8855979],[-117.2404728,32.8856026],[-117.2404689,32.8856289],[-117.2404455,32.8856097],[-117.2403523,32.8857023]]]}},{"type":"Feature","id":289500542,"properties":{"osmId":289500542,"category":"academic","building":"yes","height":"12","name":"Sanford Consortium for Regenerative Medicine","_wikiTried":true},"geometry":{"type":"Polygon","coordinates":[[[-117.2437266,32.8890425],[-117.2435153,32.8889551],[-117.2434295,32.8891364],[-117.2436368,32.8891999],[-117.2436382,32.8892773],[-117.2436385,32.8892982],[-117.2438793,32.8892983],[-117.2438819,32.8898981],[-117.2442519,32.8898969],[-117.2442519,32.8898835],[-117.244265,32.8898829],[-117.2442614,32.8893234],[-117.2442508,32.8893221],[-117.2442504,32.8892952],[-117.2442825,32.8892357],[-117.2440278,32.8891356],[-117.2440225,32.889042],[-117.2437266,32.8890425]]]}},{"type":"Feature","id":295142027,"properties":{"osmId":295142027,"category":"academic","addr:state":"CA","building":"university","ele":"125","gnis:feature_id":"2456330","layer":"1","name":"Mayer Hall","source":"USGS Geonames","_wikiTried":true},"geometry":{"type":"Polygon","coordinates":[[[-117.2406166,32.8751731],[-117.2406156,32.8754694],[-117.2403004,32.8754687],[-117.2402741,32.8754686],[-117.2402535,32.8754686],[-117.2402263,32.8754685],[-117.2398576,32.8754676],[-117.2398566,32.8755208],[-117.2399876,32.875522],[-117.2399916,32.8757058],[-117.2399716,32.8757065],[-117.2399726,32.8757394],[-117.2399646,32.8757404],[-117.2399646,32.8757491],[-117.2399476,32.8757566],[-117.2399296,32.8757582],[-117.2399096,32.8757556],[-117.2398816,32.8757411],[-117.2396166,32.8754195],[-117.2395886,32.8752843],[-117.2394676,32.8752905],[-117.2394576,32.8750432],[-117.2398396,32.8750474],[-117.2398406,32.8751227],[-117.2398996,32.875124],[-117.2398996,32.8751713],[-117.2406166,32.8751731]]]}},{"type":"Feature","id":295142029,"properties":{"osmId":295142029,"category":"academic","addr:state":"CA","building":"university","building:levels":"6","ele":"127","gnis:feature_id":"2456273","name":"Argo Hall","source":"USGS Geonames","_wikiTried":true},"geometry":{"type":"Polygon","coordinates":[[[-117.2418271,32.8746931],[-117.2414168,32.8746977],[-117.2414112,32.8743498],[-117.2418216,32.8743452],[-117.2418271,32.8746931]]]}},{"type":"Feature","id":295142030,"properties":{"osmId":295142030,"category":"academic","building":"university","name":"Revelle Commons","_wikiTried":true},"geometry":{"type":"Polygon","coordinates":[[[-117.242225,32.8750155],[-117.2422226,32.8748416],[-117.2422186,32.8746286],[-117.2422194,32.8744501],[-117.2426372,32.8744439],[-117.2426356,32.8744662],[-117.242687,32.8744661],[-117.242692,32.8748394],[-117.2423751,32.8748402],[-117.24238,32.8750149],[-117.242225,32.8750155]]]}},{"type":"Feature","id":295142031,"properties":{"osmId":295142031,"category":"academic","building":"university","building:levels":"6","name":"Natural Science Building","_wikiTried":true},"geometry":{"type":"Polygon","coordinates":[[[-117.2430152,32.8754103],[-117.2429335,32.8754212],[-117.2429297,32.87538],[-117.2429099,32.8753799],[-117.2428986,32.8754605],[-117.2428574,32.8754571],[-117.2428623,32.8754088],[-117.2428296,32.8754091],[-117.2428096,32.8754274],[-117.2423107,32.8754312],[-117.2423064,32.8752879],[-117.2422948,32.8752887],[-117.2422933,32.8752073],[-117.2423063,32.8752053],[-117.2423058,32.8751776],[-117.2423921,32.8751761],[-117.2423935,32.8751863],[-117.2427078,32.8751817],[-117.2427071,32.8749143],[-117.242693,32.8749147],[-117.2426933,32.8748714],[-117.2429895,32.8748638],[-117.242991,32.8751817],[-117.2430123,32.8751834],[-117.2430127,32.8752376],[-117.2429606,32.87524],[-117.2429595,32.8752789],[-117.2429939,32.8752752],[-117.2430152,32.8754103]]]}},{"type":"Feature","id":295154441,"properties":{"osmId":295154441,"category":"academic","addr:state":"CA","building":"university","building:levels":"4","ele":"126","gnis:feature_id":"2456276","name":"Blake Hall","source":"USGS Geonames","_wikiTried":true},"geometry":{"type":"Polygon","coordinates":[[[-117.2414254,32.8751454],[-117.2418211,32.875141],[-117.2418157,32.8748001],[-117.2414199,32.8748045],[-117.2414254,32.8751454]]]}},{"type":"Feature","id":295155737,"properties":{"osmId":295155737,"category":"academic","addr:state":"CA","building":"university","ele":"124","gnis:feature_id":"2456277","name":"Bonner Hall","source":"USGS Geonames","_wikiTried":true},"geometry":{"type":"Polygon","coordinates":[[[-117.2406411,32.8765124],[-117.2406401,32.8761716],[-117.2406381,32.8758174],[-117.2406371,32.875774],[-117.2402591,32.8757755],[-117.2402631,32.8765138],[-117.2406411,32.8765124]]]}},{"type":"Feature","id":295155740,"properties":{"osmId":295155740,"category":"academic","addr:state":"CA","building":"university","ele":"125","gnis:feature_id":"2456331","name":"McGill Hall","source":"USGS Geonames","_wikiTried":true},"geometry":{"type":"Polygon","coordinates":[[[-117.24231,32.8791426],[-117.2418498,32.879144],[-117.2418485,32.8791208],[-117.241809,32.8791218],[-117.241809,32.8789489],[-117.2418486,32.8789489],[-117.2418484,32.8789203],[-117.2423062,32.878914],[-117.2423082,32.8789435],[-117.242345,32.8789443],[-117.242346,32.8791174],[-117.2423096,32.8791197],[-117.24231,32.8791426]]]}},{"type":"Feature","id":295155741,"properties":{"osmId":295155741,"category":"academic","building":"university","name":"Mandler Hall","_wikiTried":true},"geometry":{"type":"Polygon","coordinates":[[[-117.2423102,32.8794257],[-117.2421565,32.8794255],[-117.242014,32.8794253],[-117.2420077,32.8791956],[-117.242304,32.8791945],[-117.2423102,32.8794257]]]}},{"type":"Feature","id":326164252,"properties":{"osmId":326164252,"category":"academic","artist:wikidata":"Q3033213","artist_name":"Do Ho Suh","artwork_type":"installation","building":"university","layer":"2","name":"Fallen Star","start_date":"2012","tourism":"artwork","website":"https://stuartcollection.ucsd.edu/artist/suh.html","wikidata":"Q24037508","wikipedia":"en:Fallen Star","_wikiTried":true},"geometry":{"type":"Polygon","coordinates":[[[-117.2353485,32.8814237],[-117.2353341,32.8814145],[-117.2353184,32.8814041],[-117.2353075,32.8813966],[-117.2353233,32.881379],[-117.2353495,32.8813514],[-117.2353905,32.8813785],[-117.2353532,32.8814181],[-117.2353485,32.8814237]]]}},{"type":"Feature","id":331423269,"properties":{"osmId":331423269,"category":"residential","building":"apartments","building:levels":"10","name":"Keeling Apartments North Tower","_wikiTried":true},"geometry":{"type":"Polygon","coordinates":[[[-117.243326,32.8743323],[-117.2428363,32.8743361],[-117.2428323,32.8742999],[-117.2428034,32.8742982],[-117.2428035,32.8741939],[-117.2433251,32.8741844],[-117.243326,32.8743323]]]}},{"type":"Feature","id":331423271,"properties":{"osmId":331423271,"category":"residential","building":"apartments","building:levels":"6","name":"Keeling Apartments West Bar","_wikiTried":true},"geometry":{"type":"Polygon","coordinates":[[[-117.2430907,32.874149],[-117.2431652,32.8738014],[-117.2431813,32.8738028],[-117.2431985,32.8737638],[-117.2431891,32.8737593],[-117.2431724,32.8734984],[-117.2433064,32.8734946],[-117.2433191,32.8737392],[-117.2432203,32.8741465],[-117.2430907,32.874149]]]}},{"type":"Feature","id":331423272,"properties":{"osmId":331423272,"category":"residential","building":"apartments","building:levels":"8","name":"Keeling Apartments South Tower","_wikiTried":true},"geometry":{"type":"Polygon","coordinates":[[[-117.2431285,32.8737124],[-117.2426293,32.8737175],[-117.2426295,32.8736806],[-117.242604,32.8736803],[-117.2426024,32.8735797],[-117.2431289,32.8735742],[-117.2431285,32.8737124]]]}},{"type":"Feature","id":331424980,"properties":{"osmId":331424980,"category":"academic","amenity":"restaurant","building":"university","cuisine":"dining_hall","name":"64 Degrees","smoking":"no","takeaway":"yes","_wikiTried":true},"geometry":{"type":"Polygon","coordinates":[[[-117.2421956,32.8748871],[-117.2418837,32.8748888],[-117.2418814,32.874582],[-117.2421933,32.8745803],[-117.2421956,32.8748871]]]}},{"type":"Feature","id":331459770,"properties":{"osmId":331459770,"category":"academic","building":"university","building:levels":"4","name":"Housing Dining and Hospitality Administration Building","_wikiTried":true},"geometry":{"type":"Polygon","coordinates":[[[-117.2432809,32.8746545],[-117.2428288,32.8746616],[-117.2428311,32.8744373],[-117.2432041,32.8744306],[-117.2432041,32.8744559],[-117.2433062,32.8744575],[-117.2433085,32.8745549],[-117.2432819,32.8745564],[-117.2432809,32.8746545]]]}},{"type":"Feature","id":332225880,"properties":{"osmId":332225880,"category":"medical","addr:city":"La Jolla","addr:country":"US","addr:housenumber":"9434","addr:postcode":"92037","addr:state":"CA","addr:street":"Medical Center Drive","building":"hospital","building:levels":"4","name":"Sulpizio Cardiovascular Center","operator":"UC San Diego Health","_wikiTried":true},"geometry":{"type":"Polygon","coordinates":[[[-117.2263287,32.8783236],[-117.2264725,32.8784948],[-117.2265043,32.8785324],[-117.2265362,32.8785694],[-117.2265967,32.8786404],[-117.2266171,32.8786641],[-117.226451,32.8787623],[-117.2264375,32.8787452],[-117.2263728,32.8787825],[-117.2261639,32.8789046],[-117.2257719,32.8791399],[-117.2256266,32.8789559],[-117.2256604,32.8789376],[-117.22564,32.8789163],[-117.2256832,32.8788803],[-117.225776,32.8788163],[-117.2259872,32.878675],[-117.2259515,32.8786326],[-117.2259001,32.8785764],[-117.2263287,32.8783236]]]}},{"type":"Feature","id":334733487,"properties":{"osmId":334733487,"category":"residential","building":"apartments","building:levels":"11","name":"Tamarack Apartments","_wikiTried":true},"geometry":{"type":"Polygon","coordinates":[[[-117.2426223,32.8783812],[-117.2424818,32.8783824],[-117.2424826,32.8783201],[-117.2424112,32.8783196],[-117.2424115,32.8783375],[-117.2424227,32.8783385],[-117.2424211,32.878462],[-117.242333,32.8784623],[-117.2422222,32.8784626],[-117.2422215,32.878337],[-117.2422021,32.8783356],[-117.2421996,32.8781682],[-117.2423997,32.8781686],[-117.2424011,32.8783019],[-117.2424837,32.878301],[-117.2424859,32.8781666],[-117.242687,32.8781658],[-117.2426874,32.878297],[-117.2426409,32.8782956],[-117.2426396,32.8783102],[-117.242623,32.87831],[-117.2426223,32.8783812]]]}},{"type":"Feature","id":335148528,"properties":{"osmId":335148528,"category":"academic","amenity":"theatre","building":"university","ele":"126","name":"Sheila and Hughes Potiker Theatre","operator":"La Jolla Playhouse","wikidata":"Q125371922","_wikiTried":true},"geometry":{"type":"Polygon","coordinates":[[[-117.2409963,32.8714728],[-117.240819,32.8715609],[-117.240777,32.8715975],[-117.2407267,32.8715553],[-117.24068,32.871595],[-117.240706,32.8716307],[-117.2405677,32.8716992],[-117.2402605,32.8712597],[-117.24034,32.8711248],[-117.2403289,32.8711146],[-117.2407464,32.8707619],[-117.2409261,32.8709156],[-117.2406598,32.871153],[-117.2406918,32.8711757],[-117.2407314,32.8711448],[-117.2407462,32.871156],[-117.2407675,32.8711362],[-117.2409006,32.8712439],[-117.2408889,32.8712557],[-117.2409608,32.8713191],[-117.2410012,32.8714476],[-117.2409842,32.8714573],[-117.2409963,32.8714728]]]}},{"type":"Feature","id":339300248,"properties":{"osmId":339300248,"category":"academic","building":"university","name":"Stewart Commons Annex","_wikiTried":true},"geometry":{"type":"Polygon","coordinates":[[[-117.2426147,32.8794527],[-117.2425459,32.8794548],[-117.2425402,32.8793247],[-117.2426348,32.8793217],[-117.2426383,32.8794026],[-117.2426125,32.8794034],[-117.2426147,32.8794527]]]}},{"type":"Feature","id":362880551,"properties":{"osmId":362880551,"category":"academic","building":"yes","name":"Central Research Services Facility","_wikiTried":true},"geometry":{"type":"Polygon","coordinates":[[[-117.2363629,32.8736946],[-117.2361215,32.8736923],[-117.2361134,32.8731426],[-117.2361831,32.8731449],[-117.2361831,32.8731156],[-117.2363575,32.8731156],[-117.2363629,32.8736946]]]}},{"type":"Feature","id":370126090,"properties":{"osmId":370126090,"category":"medical","addr:city":"La Jolla","addr:housenumber":"9300","addr:postcode":"92093","addr:state":"CA","addr:street":"Campus Point Drive","building":"hospital","building:levels":"10","name":"Jacobs Medical Center","operator":"UC San Diego Health","wikidata":"Q38250501","wikipedia":"en:Jacobs Medical Center","_wikiTried":true},"geometry":{"type":"Polygon","coordinates":[[[-117.226079,32.8779134],[-117.226025,32.8779413],[-117.2263287,32.8783236],[-117.2268772,32.8780044],[-117.2267673,32.8778733],[-117.2267508,32.8778562],[-117.2267276,32.8778444],[-117.2266987,32.8778362],[-117.2266674,32.8778204],[-117.226652,32.877805],[-117.2266487,32.8777853],[-117.2269805,32.8775814],[-117.2269813,32.8775439],[-117.226973,32.8775146],[-117.2269509,32.8774857],[-117.2269342,32.8774811],[-117.2267612,32.8774513],[-117.2266579,32.8773921],[-117.2266445,32.8773837],[-117.2266311,32.8773792],[-117.226619,32.8773774],[-117.2260933,32.8772992],[-117.2260792,32.8773015],[-117.2260652,32.8773088],[-117.2260464,32.8773229],[-117.2260323,32.8773397],[-117.2260202,32.8773623],[-117.2260142,32.8773803],[-117.2260142,32.8773921],[-117.2260216,32.8774068],[-117.2261161,32.8775126],[-117.2261108,32.8775194],[-117.2261081,32.8775318],[-117.2261731,32.8776101],[-117.2259383,32.8777459],[-117.226079,32.8779134]]]}},{"type":"Feature","id":370126091,"properties":{"osmId":370126091,"category":"academic","addr:city":"La Jolla","addr:housenumber":"3855","addr:postcode":"92037","addr:street":"Medical Center Drive","amenity":"hospital","building":"university","emergency":"no","healthcare":"hospital","healthcare:speciality":"oncology","name":"Moores Cancer Center","operator":"UC San Diego Health","phone":"+1 858 822 6100","website":"https://health.ucsd.edu/locations/Pages/moores.aspx","wikidata":"Q43401559","wikipedia":"en:Moores Cancer Center","_wikiTried":true},"geometry":{"type":"Polygon","coordinates":[[[-117.2230919,32.8778167],[-117.2226916,32.877899],[-117.2226641,32.8778995],[-117.2226628,32.8777835],[-117.2223912,32.8777852],[-117.2223912,32.8778021],[-117.2223778,32.8778027],[-117.2223785,32.8778393],[-117.2223899,32.8778404],[-117.2223852,32.8780071],[-117.222353,32.8780065],[-117.2223563,32.8784751],[-117.2225629,32.8784756],[-117.2225629,32.8784852],[-117.2225843,32.8784953],[-117.2226065,32.8785066],[-117.2226366,32.8785207],[-117.2226775,32.8785364],[-117.2227097,32.8785466],[-117.2227432,32.8785556],[-117.2227734,32.8785607],[-117.2228163,32.878568],[-117.2228546,32.878573],[-117.222929,32.8788135],[-117.2234178,32.8788084],[-117.2234178,32.8787741],[-117.223452,32.8787735],[-117.2234473,32.8786322],[-117.2232663,32.8786333],[-117.2232348,32.8785325],[-117.2232877,32.8785156],[-117.2232998,32.8785601],[-117.2234017,32.8785409],[-117.2233695,32.8784148],[-117.2232649,32.8784368],[-117.223224,32.8782977],[-117.2231556,32.8783084],[-117.2231362,32.878238],[-117.2233058,32.8782036],[-117.2232448,32.8779958],[-117.2231462,32.8780167],[-117.2230919,32.8778167]]]}},{"type":"Feature","id":370126097,"properties":{"osmId":370126097,"category":"academic","building":"university","name":"East Campus Office Building","_wikiTried":true},"geometry":{"type":"Polygon","coordinates":[[[-117.2278454,32.8763978],[-117.22769,32.8762055],[-117.2276428,32.8762324],[-117.2275747,32.8761482],[-117.2270583,32.8764425],[-117.2270452,32.8764501],[-117.2272346,32.8766844],[-117.2272688,32.8767266],[-117.2273431,32.8766839],[-117.22738,32.8766629],[-117.227521,32.8765828],[-117.2278454,32.8763978]]]}},{"type":"Feature","id":379700389,"properties":{"osmId":379700389,"category":"academic","addr:city":"La Jolla","addr:housenumber":"8880","addr:postcode":"92037","addr:state":"CA","addr:street":"Biological Grade","building":"university","name":"Marine Ecosystem Sensing, Observation and Modeling Laboratory (MESOM)","_wikiTried":true},"geometry":{"type":"Polygon","coordinates":[[[-117.2522628,32.8701911],[-117.2521099,32.8702654],[-117.2520482,32.8701821],[-117.252016,32.8701956],[-117.2518041,32.8699072],[-117.2518283,32.8698915],[-117.2518148,32.8698734],[-117.2518148,32.8698036],[-117.2517397,32.8697991],[-117.2517478,32.869709],[-117.2518014,32.8697135],[-117.2518148,32.8696504],[-117.2519892,32.8696662],[-117.252008,32.8697],[-117.2519972,32.8697856],[-117.2519704,32.8697856],[-117.2519785,32.8698171],[-117.2521984,32.8701077],[-117.2522172,32.8700965],[-117.252252,32.8701483],[-117.2522628,32.8701911]]]}},{"type":"Feature","id":379700390,"properties":{"osmId":379700390,"category":"academic","addr:city":"La Jolla","addr:housenumber":"8901","addr:postcode":"92037","addr:state":"CA","addr:street":"La Jolla Shores Drive","building":"yes","name":"NOAA - Southwest Fisheries Science Center Laboratory","office":"research","_wikiTried":true},"geometry":{"type":"Polygon","coordinates":[[[-117.2513336,32.8706521],[-117.250794,32.8708502],[-117.2505205,32.8702955],[-117.25034,32.8703419],[-117.250273,32.8700764],[-117.2508224,32.8699545],[-117.2512144,32.8700267],[-117.2512724,32.8702487],[-117.2513859,32.8702577],[-117.2513336,32.8706521]]]}},{"type":"Feature","id":379700393,"properties":{"osmId":379700393,"category":"academic","addr:city":"La Jolla","addr:housenumber":"8860","addr:postcode":"92037","addr:state":"CA","addr:street":"Biological Grade","building":"university","name":"T-31","_wikiTried":true},"geometry":{"type":"Polygon","coordinates":[[[-117.2528743,32.8694721],[-117.2527954,32.8695086],[-117.2527274,32.8694104],[-117.2528063,32.8693647],[-117.2528743,32.8694721]]]}},{"type":"Feature","id":379700394,"properties":{"osmId":379700394,"category":"academic","addr:city":"La Jolla","addr:housenumber":"8840","addr:postcode":"92037","addr:state":"CA","addr:street":"Biological Grade","building":"university","building:levels":"1","name":"Martin Johnson House (T-29)","_wikiTried":true},"geometry":{"type":"Polygon","coordinates":[[[-117.2529885,32.869166],[-117.2529559,32.8691477],[-117.2528988,32.8691774],[-117.2528607,32.8691363],[-117.2529287,32.8690975],[-117.252896,32.8690518],[-117.2529532,32.8690175],[-117.2530483,32.869134],[-117.2529885,32.869166]]]}},{"type":"Feature","id":379702252,"properties":{"osmId":379702252,"category":"academic","addr:city":"La Jolla","addr:housenumber":"8850","addr:postcode":"92037","addr:state":"CA","addr:street":"Biological Grade","building":"university","name":"T-30","_wikiTried":true},"geometry":{"type":"Polygon","coordinates":[[[-117.2529789,32.8693105],[-117.2530055,32.8692511],[-117.2529015,32.8692176],[-117.2528727,32.8692845],[-117.2529789,32.8693105]]]}},{"type":"Feature","id":379782018,"properties":{"osmId":379782018,"category":"academic","addr:city":"La Jolla","addr:housenumber":"8752","addr:postcode":"92037","addr:state":"CA","addr:street":"Biological Grade","building":"university","name":"Hubbs Hall Confrence Center","_wikiTried":true},"geometry":{"type":"Polygon","coordinates":[[[-117.2531518,32.8674106],[-117.2531483,32.8672776],[-117.2529418,32.8672833],[-117.2529452,32.8674163],[-117.2531518,32.8674106]]]}},{"type":"Feature","id":379782022,"properties":{"osmId":379782022,"category":"academic","addr:city":"La Jolla","addr:housenumber":"8662","addr:postcode":"92037","addr:state":"CA","addr:street":"Kennel Way","building":"university","name":"MSDC Building C","_wikiTried":true},"geometry":{"type":"Polygon","coordinates":[[[-117.253403,32.8667205],[-117.2532566,32.866751],[-117.2531786,32.8664612],[-117.2533102,32.8664347],[-117.2533213,32.8664324],[-117.2533334,32.8664599],[-117.2533659,32.8665794],[-117.253403,32.8667205]]]}},{"type":"Feature","id":379782026,"properties":{"osmId":379782026,"category":"academic","addr:city":"La Jolla","addr:housenumber":"8661","addr:postcode":"92037","addr:state":"CA","addr:street":"Kennel Way","building":"university","name":"MSDC Building B","_wikiTried":true},"geometry":{"type":"Polygon","coordinates":[[[-117.2537672,32.8668225],[-117.2537977,32.8667431],[-117.2535008,32.8666614],[-117.2534699,32.86674],[-117.2537672,32.8668225]]]}},{"type":"Feature","id":379782036,"properties":{"osmId":379782036,"category":"academic","addr:city":"La Jolla","addr:housenumber":"2320","addr:postcode":"92037","addr:state":"CA","addr:street":"Downwind Way","building":"university","name":"ODP Core Building","_wikiTried":true},"geometry":{"type":"Polygon","coordinates":[[[-117.2512074,32.8671735],[-117.2510915,32.8671706],[-117.2510976,32.8669991],[-117.2511686,32.8670009],[-117.2511689,32.8669912],[-117.2512138,32.8669923],[-117.2512074,32.8671735]]]}},{"type":"Feature","id":379782040,"properties":{"osmId":379782040,"category":"academic","addr:city":"La Jolla","addr:housenumber":"8775","addr:postcode":"92037","addr:state":"CA","addr:street":"Biological Grade","building":"university","name":"IGPP, Revelle Lab Building 3000","_wikiTried":true},"geometry":{"type":"Polygon","coordinates":[[[-117.2522754,32.8680073],[-117.2521877,32.8679941],[-117.2522597,32.867656],[-117.2523474,32.8676691],[-117.2522754,32.8680073]]]}},{"type":"Feature","id":379782043,"properties":{"osmId":379782043,"category":"academic","addr:city":"La Jolla","addr:housenumber":"8830","addr:postcode":"92037","addr:state":"CA","addr:street":"Biological Grade","building":"university","name":"T-25","_wikiTried":true},"geometry":{"type":"Polygon","coordinates":[[[-117.2526339,32.8692403],[-117.2526173,32.8691538],[-117.2527069,32.8691427],[-117.2527235,32.8692012],[-117.2526671,32.8692068],[-117.2526804,32.8692347],[-117.2526339,32.8692403]]]}},{"type":"Feature","id":379782059,"properties":{"osmId":379782059,"category":"academic","addr:city":"La Jolla","addr:housenumber":"8861","addr:postcode":"92037","addr:state":"CA","addr:street":"Shellback Way","building":"university","name":"Keck OAR Building 1","_wikiTried":true},"geometry":{"type":"Polygon","coordinates":[[[-117.2508964,32.8697403],[-117.2505237,32.8698096],[-117.2504895,32.8696799],[-117.2508621,32.8696106],[-117.2508964,32.8697403]]]}},{"type":"Feature","id":379782060,"properties":{"osmId":379782060,"category":"academic","addr:city":"La Jolla","addr:housenumber":"8851","addr:postcode":"92037","addr:state":"CA","addr:street":"Shellback Way","building":"university","name":"Keck OAR Building 2","_wikiTried":true},"geometry":{"type":"Polygon","coordinates":[[[-117.2505581,32.8696319],[-117.2505482,32.8694997],[-117.2505532,32.8693693],[-117.2503918,32.8693746],[-117.2503957,32.8695028],[-117.2503787,32.8695374],[-117.2504032,32.8696339],[-117.2504472,32.8696248],[-117.2504535,32.869654],[-117.2505581,32.8696319]]]}},{"type":"Feature","id":399594735,"properties":{"osmId":399594735,"category":"dining","amenity":"restaurant","building":"yes","cuisine":"regional","name":"Sixty Four North","smoking":"no","takeaway":"no","_wikiTried":true},"geometry":{"type":"Polygon","coordinates":[[[-117.24238,32.8750149],[-117.242225,32.8750155],[-117.2422226,32.8748416],[-117.2423751,32.8748402],[-117.24238,32.8750149]]]}},{"type":"Feature","id":401316513,"properties":{"osmId":401316513,"category":"academic","building":"university","name":"J. Craig Venter Institute","_wikiTried":true},"geometry":{"type":"Polygon","coordinates":[[[-117.2436168,32.8691756],[-117.243606,32.8691554],[-117.2434961,32.8691644],[-117.2435121,32.8692027],[-117.2432707,32.8692319],[-117.2429516,32.8691801],[-117.2429328,32.8691711],[-117.2429328,32.8690697],[-117.2429596,32.8690607],[-117.2429596,32.8690022],[-117.2429382,32.8690022],[-117.2429382,32.8690382],[-117.2427558,32.8690314],[-117.2427531,32.8689999],[-117.2427692,32.8689458],[-117.2427719,32.8688174],[-117.2436758,32.8688107],[-117.2436838,32.8688287],[-117.2438421,32.8688287],[-117.2438501,32.8689819],[-117.2438206,32.8689796],[-117.2438206,32.8689977],[-117.2437884,32.8689977],[-117.2437884,32.8690179],[-117.243767,32.8690179],[-117.243767,32.869036],[-117.2438126,32.8691058],[-117.2436168,32.8691756]]]}},{"type":"Feature","id":439620064,"properties":{"osmId":439620064,"category":"academic","building":"university","name":"Chancellor's Complex","_wikiTried":true},"geometry":{"type":"Polygon","coordinates":[[[-117.2368892,32.8786522],[-117.2366841,32.8786658],[-117.2366853,32.8786791],[-117.2366277,32.878683],[-117.2366333,32.8787428],[-117.2366584,32.8787411],[-117.236661,32.8787687],[-117.2367116,32.8787653],[-117.2367139,32.8787892],[-117.2366736,32.8787919],[-117.2366742,32.8788061],[-117.2366759,32.8788157],[-117.2366898,32.8788148],[-117.2366917,32.8788352],[-117.2365824,32.8788426],[-117.2365907,32.8789293],[-117.2366238,32.8789271],[-117.2366334,32.8790275],[-117.2366179,32.8790285],[-117.2366243,32.8790963],[-117.2367921,32.8790852],[-117.2367849,32.8790079],[-117.2367468,32.8790104],[-117.2367416,32.8789548],[-117.2367885,32.8789517],[-117.2367951,32.8790222],[-117.2368265,32.8790201],[-117.2368213,32.8789644],[-117.2369075,32.8789588],[-117.2368906,32.878777],[-117.2370684,32.8787654],[-117.2370579,32.8786521],[-117.237009,32.8786553],[-117.2370105,32.8786712],[-117.2369254,32.8786768],[-117.2369278,32.8787028],[-117.2368942,32.878705],[-117.2368892,32.8786522]]]}},{"type":"Feature","id":439620065,"properties":{"osmId":439620065,"category":"dining","amenity":"restaurant","building":"yes","check_date:opening_hours":"2023-01-15","cuisine":"cafeteria","name":"Canyon Vista Restaurant","opening_hours":"Mo-Th 07:30-21:00, Fr 07:30-20:00, Sa,Su 10:00-20:00","_wikiTried":true},"geometry":{"type":"Polygon","coordinates":[[[-117.2331365,32.8840935],[-117.2331206,32.8841063],[-117.2331553,32.8841371],[-117.2330959,32.8841865],[-117.2330684,32.8842094],[-117.2331131,32.8842472],[-117.2331827,32.884306],[-117.2332104,32.8842835],[-117.2333071,32.8842049],[-117.2332432,32.8841507],[-117.2332336,32.8841425],[-117.2331775,32.8840949],[-117.2331565,32.8841101],[-117.2331365,32.8840935]]]}},{"type":"Feature","id":443089775,"properties":{"osmId":443089775,"category":"academic","building":"yes","wikipedia":"en:Jacobs School of Engineering"},"geometry":{"type":"Polygon","coordinates":[[[-117.2351417,32.8805417],[-117.2350487,32.8805426],[-117.2350482,32.8805005],[-117.2350468,32.8803905],[-117.2351397,32.8803897],[-117.2351417,32.8805417]]]}},{"type":"Feature","id":443098406,"properties":{"osmId":443098406,"category":"academic","building":"yes"},"geometry":{"type":"Polygon","coordinates":[[[-117.233456,32.8825538],[-117.2333964,32.8825061],[-117.2334412,32.8824666],[-117.2335008,32.8825143],[-117.233456,32.8825538]]]}},{"type":"Feature","id":444171228,"properties":{"osmId":444171228,"category":"academic","addr:city":"La Jolla","addr:housenumber":"9883","addr:postcode":"92093","addr:state":"CA","addr:street":"Greenhouse Lane","building":"greenhouse","name":"Greenhouse 3","_wikiTried":true},"geometry":{"type":"Polygon","coordinates":[[[-117.2298526,32.8857775],[-117.2297423,32.8857783],[-117.2297416,32.8857068],[-117.2298519,32.885706],[-117.2298526,32.8857775]]]}},{"type":"Feature","id":444171229,"properties":{"osmId":444171229,"category":"academic","addr:city":"La Jolla","addr:housenumber":"9881","addr:postcode":"92093","addr:state":"CA","addr:street":"Greenhouse Lane","building":"greenhouse","name":"Greenhouse 4","_wikiTried":true},"geometry":{"type":"Polygon","coordinates":[[[-117.2300453,32.8857794],[-117.229934,32.8857812],[-117.2299305,32.8856284],[-117.2300418,32.8856265],[-117.2300453,32.8857794]]]}},{"type":"Feature","id":444171230,"properties":{"osmId":444171230,"category":"academic","addr:city":"La Jolla","addr:housenumber":"9883","addr:postcode":"92093","addr:state":"CA","addr:street":"Greenhouse Lane","building":"greenhouse","name":"Greenhouse 3","_wikiTried":true},"geometry":{"type":"Polygon","coordinates":[[[-117.2298529,32.8856949],[-117.229744,32.8856976],[-117.2297418,32.8856348],[-117.2298507,32.8856321],[-117.2298529,32.8856949]]]}},{"type":"Feature","id":444171231,"properties":{"osmId":444171231,"category":"academic","addr:city":"La Jolla","addr:housenumber":"9873","addr:postcode":"92093","addr:state":"CA","addr:street":"Greenhouse Lane","building":"greenhouse","name":"Greenhouse 2","_wikiTried":true},"geometry":{"type":"Polygon","coordinates":[[[-117.2298527,32.88558],[-117.2297401,32.8855821],[-117.2297382,32.8855103],[-117.2298508,32.8855082],[-117.2298527,32.88558]]]}},{"type":"Feature","id":444171232,"properties":{"osmId":444171232,"category":"academic","addr:city":"La Jolla","addr:housenumber":"9873","addr:postcode":"92093","addr:state":"CA","addr:street":"Greenhouse Lane","building":"greenhouse","name":"Greenhouse 2","_wikiTried":true},"geometry":{"type":"Polygon","coordinates":[[[-117.2298534,32.8854961],[-117.2297401,32.8854964],[-117.2297398,32.8854277],[-117.2298531,32.8854274],[-117.2298534,32.8854961]]]}},{"type":"Feature","id":444171233,"properties":{"osmId":444171233,"category":"academic","addr:city":"La Jolla","addr:housenumber":"9871","addr:postcode":"92093","addr:state":"CA","addr:street":"Greenhouse Lane","building":"greenhouse","name":"Greenhouse 1","_wikiTried":true},"geometry":{"type":"Polygon","coordinates":[[[-117.2299367,32.8855808],[-117.2299348,32.8855104],[-117.2300424,32.8855083],[-117.2300444,32.8855787],[-117.2299367,32.8855808]]]}},{"type":"Feature","id":444171234,"properties":{"osmId":444171234,"category":"academic","addr:city":"La Jolla","addr:housenumber":"9871","addr:postcode":"92093","addr:state":"CA","addr:street":"Greenhouse Lane","building":"greenhouse","name":"Greenhouse 1","_wikiTried":true},"geometry":{"type":"Polygon","coordinates":[[[-117.2300442,32.8854992],[-117.2299336,32.8855],[-117.2299329,32.885435],[-117.2300435,32.8854342],[-117.2300442,32.8854992]]]}},{"type":"Feature","id":444171236,"properties":{"osmId":444171236,"category":"academic","building":"yes"},"geometry":{"type":"Polygon","coordinates":[[[-117.2292367,32.8833978],[-117.2288961,32.8834057],[-117.2288961,32.8833753],[-117.2289296,32.8833584],[-117.2289846,32.8833426],[-117.2290382,32.8833325],[-117.229234,32.8833325],[-117.2292367,32.8833978]]]}},{"type":"Feature","id":449875234,"properties":{"osmId":449875234,"category":"medical","building":"hospital","name":"VA Medical Center","_wikiTried":true},"geometry":{"type":"Polygon","coordinates":[[[-117.231585,32.8761551],[-117.232074,32.8761525],[-117.232576,32.8761498],[-117.2330162,32.8761474],[-117.2330132,32.8757558],[-117.233011,32.8755352],[-117.2330099,32.8753227],[-117.233007,32.8749364],[-117.2327548,32.8749378],[-117.2325517,32.8749389],[-117.2325515,32.8749139],[-117.2324767,32.8749143],[-117.232476,32.8748302],[-117.2324034,32.8748311],[-117.232323,32.8748313],[-117.2321719,32.8748317],[-117.2321726,32.8749143],[-117.2320373,32.874915],[-117.2320375,32.8749456],[-117.2315758,32.8749481],[-117.2315786,32.8753197],[-117.2315804,32.8755168],[-117.2315813,32.8756196],[-117.231582,32.8757628],[-117.231585,32.8761551]]]}},{"type":"Feature","id":449875235,"properties":{"osmId":449875235,"category":"residential","building":"dormitory","building:levels":"3","name":"Village West Building 5","_wikiTried":true},"geometry":{"type":"Polygon","coordinates":[[[-117.2433567,32.8876723],[-117.2434142,32.8874901],[-117.2433593,32.8874764],[-117.2433651,32.8874608],[-117.2432533,32.8874096],[-117.2431644,32.8876803],[-117.2432992,32.8876763],[-117.2433039,32.8876602],[-117.2433567,32.8876723]]]}},{"type":"Feature","id":455141284,"properties":{"osmId":455141284,"category":"other","amenity":"parking","building":"yes","capacity":"1279","name":"Athena Parking Structure","operator":"University of California San Diego","parking":"multi-storey","_wikiTried":true},"geometry":{"type":"Polygon","coordinates":[[[-117.2219718,32.8797877],[-117.2213633,32.8797909],[-117.221363,32.8797481],[-117.2213126,32.8797483],[-117.2213061,32.8788484],[-117.2213406,32.8788482],[-117.2213498,32.8788482],[-117.2213493,32.8787799],[-117.2218418,32.8787774],[-117.2220306,32.8787287],[-117.2220632,32.8788179],[-117.2220648,32.8790506],[-117.2219971,32.8790509],[-117.2219973,32.8790846],[-117.2220589,32.8790843],[-117.2220615,32.8794528],[-117.2219965,32.8794531],[-117.2219968,32.8794877],[-117.222063,32.8794873],[-117.2220639,32.879614],[-117.2220649,32.8797482],[-117.2219715,32.8797487],[-117.2219718,32.8797877]]]}},{"type":"Feature","id":455148510,"properties":{"osmId":455148510,"category":"other","building":"yes","name":"East Campus Utility Plant","operator":"University of California San Diego","power":"generator","_wikiTried":true},"geometry":{"type":"Polygon","coordinates":[[[-117.2263124,32.8764431],[-117.2254084,32.8769844],[-117.2253499,32.8769154],[-117.2253021,32.876944],[-117.2252742,32.8769607],[-117.2252441,32.8769788],[-117.2251655,32.8768862],[-117.2252751,32.8768206],[-117.225227,32.876764],[-117.2252226,32.8767589],[-117.2260767,32.8762471],[-117.226131,32.876311],[-117.2261455,32.8763022],[-117.226207,32.8763746],[-117.2262383,32.8763558],[-117.2263124,32.8764431]]]}},{"type":"Feature","id":455148514,"properties":{"osmId":455148514,"category":"medical","building":"hospital","name":"Outpatient Pavilion","operator":"UC San Diego Health","_wikiTried":true},"geometry":{"type":"Polygon","coordinates":[[[-117.2244836,32.8782753],[-117.2241421,32.8784825],[-117.2241894,32.8785412],[-117.2241359,32.8785725],[-117.2241462,32.8785867],[-117.2239598,32.8786638],[-117.2239447,32.8786423],[-117.2237942,32.878707],[-117.2235972,32.8783754],[-117.2237501,32.8783127],[-117.2237398,32.8782874],[-117.2239097,32.8782197],[-117.2237785,32.8780645],[-117.2238535,32.8780201],[-117.2238442,32.8780089],[-117.2237691,32.8779129],[-117.2239096,32.8778339],[-117.2239785,32.8779173],[-117.2240262,32.877975],[-117.224175,32.8778803],[-117.2244836,32.8782753]]]}},{"type":"Feature","id":558642930,"properties":{"osmId":558642930,"category":"other","amenity":"parking","building":"yes","capacity":"900","name":"Ola","operator":"University of California San Diego Associated Residential Community Housing","parking":"multi-storey","supervised":"no","surface":"concrete","_wikiTried":true},"geometry":{"type":"Polygon","coordinates":[[[-117.2244363,32.8755912],[-117.2244444,32.8756461],[-117.224265,32.8756647],[-117.2235959,32.8757338],[-117.2235889,32.875686],[-117.2235396,32.875691],[-117.2235333,32.8756482],[-117.2234511,32.8756566],[-117.2234255,32.8754817],[-117.2235032,32.8754737],[-117.2234751,32.8752814],[-117.2234212,32.875287],[-117.2234149,32.8752436],[-117.223475,32.8752374],[-117.2234701,32.8752039],[-117.2235437,32.8751964],[-117.2235477,32.8752241],[-117.223595,32.8752191],[-117.223812,32.8751967],[-117.2243626,32.8751399],[-117.2243699,32.8751898],[-117.2244179,32.8751848],[-117.2244234,32.8752225],[-117.2244769,32.875587],[-117.2244363,32.8755912]]]}},{"type":"Feature","id":558642931,"properties":{"osmId":558642931,"category":"residential","addr:city":"La Jolla","addr:housenumber":"3869","addr:postcode":"92092","addr:state":"CA","addr:street":"Miramar Street","building":"apartments","building:colour":"white","building:levels":"8","name":"Cala","residential":"university","_wikiTried":true},"geometry":{"type":"Polygon","coordinates":[[[-117.2231392,32.8753344],[-117.2229782,32.8753229],[-117.2229688,32.8754125],[-117.2228724,32.8754429],[-117.2228811,32.8754623],[-117.2228802,32.8754624],[-117.22254,32.8755692],[-117.2225563,32.8756039],[-117.2225318,32.8756116],[-117.2225281,32.8756128],[-117.2225022,32.8756212],[-117.2225007,32.8756217],[-117.2225003,32.875572],[-117.2224241,32.875572],[-117.2223488,32.8755722],[-117.2221935,32.8755723],[-117.222193,32.8755453],[-117.2221317,32.8755454],[-117.2221169,32.8755454],[-117.2221166,32.8752843],[-117.2220359,32.8752844],[-117.2220119,32.8752844],[-117.2220119,32.8752884],[-117.221945,32.8752885],[-117.2219456,32.8753205],[-117.221918,32.8753206],[-117.2219189,32.8755765],[-117.221935,32.8755765],[-117.221935,32.8756405],[-117.2218894,32.8756405],[-117.2218894,32.8756555],[-117.2218894,32.875724],[-117.2225064,32.875724],[-117.2225064,32.8756958],[-117.2225301,32.8756956],[-117.2225523,32.8756955],[-117.2225654,32.8757246],[-117.2225663,32.875727],[-117.2230689,32.8755722],[-117.2230649,32.8755629],[-117.2230989,32.8755524],[-117.2230988,32.8755521],[-117.2230778,32.8755037],[-117.223123,32.8754894],[-117.2231292,32.8754292],[-117.2231392,32.8753344]]]}},{"type":"Feature","id":558642932,"properties":{"osmId":558642932,"category":"residential","addr:city":"La Jolla","addr:housenumber":"3867","addr:postcode":"92037","addr:street":"Miramar Street","building":"apartments","building:colour":"white","building:levels":"4","name":"Artesa","residential":"university","_wikiTried":true},"geometry":{"type":"Polygon","coordinates":[[[-117.2223608,32.8751803],[-117.2222723,32.8751803],[-117.2222726,32.8751682],[-117.2222289,32.8751676],[-117.222228,32.8751506],[-117.2221969,32.8751501],[-117.2221969,32.8751653],[-117.2221124,32.875166],[-117.2221116,32.875181],[-117.2220709,32.8751806],[-117.2220716,32.8751649],[-117.2219901,32.8751627],[-117.2219901,32.875177],[-117.2219061,32.8751743],[-117.2219054,32.875091],[-117.2219267,32.8750904],[-117.221928,32.8750213],[-117.2219333,32.8750213],[-117.2219298,32.874952],[-117.2219358,32.8747752],[-117.2220153,32.874772],[-117.2220157,32.8747804],[-117.2220556,32.8747787],[-117.2220443,32.8747107],[-117.2221274,32.8746999],[-117.222129,32.8747092],[-117.2221715,32.8747063],[-117.2221737,32.8747193],[-117.2222051,32.8747159],[-117.2222024,32.8747013],[-117.2223728,32.8746784],[-117.2223753,32.8746961],[-117.2224072,32.8746929],[-117.2224062,32.8746739],[-117.2224511,32.8746707],[-117.2224496,32.8746594],[-117.2225298,32.8746515],[-117.2225378,32.8747233],[-117.2225165,32.8747258],[-117.2225196,32.8747488],[-117.2225212,32.8747605],[-117.2225448,32.8747586],[-117.2225537,32.8748219],[-117.2224292,32.8748343],[-117.2224259,32.8748165],[-117.2223944,32.8748211],[-117.2223968,32.8748384],[-117.2222268,32.8748643],[-117.2222228,32.8748432],[-117.2221606,32.874854],[-117.2221627,32.8748702],[-117.2220445,32.8748941],[-117.2220395,32.8749537],[-117.2220397,32.8750035],[-117.2220844,32.8750032],[-117.2220844,32.8749929],[-117.2221159,32.8749923],[-117.2221167,32.8750039],[-117.2222021,32.8750032],[-117.2222021,32.8750226],[-117.2222367,32.8750239],[-117.2222367,32.8750068],[-117.2223559,32.8750123],[-117.2223573,32.875069],[-117.2223338,32.8750708],[-117.2223353,32.8751019],[-117.222358,32.8751023],[-117.2223608,32.8751803]]]}},{"type":"Feature","id":558642933,"properties":{"osmId":558642933,"category":"residential","addr:city":"La Jolla","addr:housenumber":"3857","addr:postcode":"92037","addr:street":"Miramar Street","building":"apartments","building:colour":"white","building:levels":"7","name":"Cresta","residential":"university","_wikiTried":true},"geometry":{"type":"Polygon","coordinates":[[[-117.2236258,32.875007],[-117.2230968,32.8750375],[-117.2230892,32.8749841],[-117.2230523,32.8749923],[-117.2230303,32.874999],[-117.2230447,32.8750382],[-117.2225215,32.8751865],[-117.2224879,32.8751036],[-117.2225267,32.8750918],[-117.2225029,32.8750291],[-117.2230194,32.8748811],[-117.2235107,32.8748566],[-117.2235105,32.874849],[-117.223664,32.8748456],[-117.2236697,32.8749395],[-117.223621,32.8749433],[-117.2236258,32.875007]]]}},{"type":"Feature","id":558642934,"properties":{"osmId":558642934,"category":"residential","addr:city":"La Jolla","addr:housenumber":"3855","addr:postcode":"92037","addr:street":"Miramar Street","building":"apartments","building:colour":"white","building:levels":"5","name":"Marea","residential":"university","_wikiTried":true},"geometry":{"type":"Polygon","coordinates":[[[-117.2229462,32.8748147],[-117.2228669,32.8748065],[-117.2228687,32.8747871],[-117.2228514,32.8747853],[-117.2228322,32.8747833],[-117.2228304,32.8748013],[-117.2227547,32.8747915],[-117.2227743,32.8746262],[-117.2227983,32.8746269],[-117.2228019,32.8745626],[-117.2227814,32.8745626],[-117.2227965,32.8744571],[-117.2227805,32.8744556],[-117.2227814,32.8744204],[-117.2227974,32.8744204],[-117.2227983,32.8743965],[-117.2227867,32.8743965],[-117.2227858,32.8743695],[-117.2227716,32.874368],[-117.2227725,32.8743089],[-117.2228429,32.8743089],[-117.2228429,32.8743164],[-117.2229738,32.8743111],[-117.2229747,32.8743231],[-117.2230424,32.8743201],[-117.2230653,32.8743205],[-117.2231324,32.8743171],[-117.2231725,32.8743141],[-117.2231725,32.8742977],[-117.2232482,32.8742954],[-117.2232491,32.874282],[-117.2233489,32.8742767],[-117.2233561,32.8743403],[-117.2233427,32.8743411],[-117.2233454,32.874386],[-117.2233614,32.8743852],[-117.223365,32.8744144],[-117.2233516,32.8744144],[-117.2233703,32.8745237],[-117.2233534,32.8745244],[-117.223365,32.874588],[-117.223381,32.8745888],[-117.2233944,32.8746569],[-117.2234095,32.8746561],[-117.2234255,32.8747526],[-117.2233356,32.8747631],[-117.223332,32.8747444],[-117.223316,32.8747459],[-117.2232937,32.8747481],[-117.2232973,32.8747683],[-117.2232224,32.8747758],[-117.2231921,32.8746105],[-117.2232126,32.8746075],[-117.2231984,32.8745416],[-117.2231796,32.8745454],[-117.2231609,32.8744399],[-117.2231396,32.8744428],[-117.2231289,32.8743792],[-117.2230879,32.87438],[-117.223013,32.8743815],[-117.2230059,32.8744728],[-117.2229899,32.8744728],[-117.2229765,32.8745768],[-117.222956,32.874576],[-117.2229462,32.8746404],[-117.2229712,32.8746426],[-117.2229462,32.8748147]]]}},{"type":"Feature","id":558642935,"properties":{"osmId":558642935,"category":"residential","addr:city":"La Jolla","addr:housenumber":"3807","addr:postcode":"92037","addr:street":"Miramar Street","building":"apartments","building:colour":"white","building:levels":"4","name":"Arena","residential":"university","_wikiTried":true},"geometry":{"type":"Polygon","coordinates":[[[-117.2237856,32.8744756],[-117.223774,32.8745602],[-117.223799,32.8745624],[-117.2237954,32.8745893],[-117.2237678,32.8745893],[-117.2237607,32.8746672],[-117.2238854,32.8746776],[-117.2238863,32.8746687],[-117.2239745,32.8746739],[-117.2239745,32.8746612],[-117.2240449,32.8746642],[-117.2240431,32.8746821],[-117.2241669,32.8746941],[-117.2241669,32.8747046],[-117.2242569,32.8747106],[-117.2242587,32.8747496],[-117.2242605,32.8747899],[-117.2242222,32.8747914],[-117.2242231,32.8748071],[-117.224101,32.8748108],[-117.224101,32.8748295],[-117.2240333,32.8748318],[-117.2240324,32.8748146],[-117.2238186,32.8748221],[-117.2238239,32.8748916],[-117.223848,32.8748909],[-117.2238471,32.8749216],[-117.2238302,32.8749216],[-117.2238319,32.8750016],[-117.2239139,32.8749994],[-117.2239139,32.8749852],[-117.2240404,32.8749822],[-117.2240404,32.8749642],[-117.2241064,32.874962],[-117.224109,32.8749777],[-117.2242329,32.8749717],[-117.2242338,32.8749822],[-117.2242739,32.8749799],[-117.2242739,32.8749672],[-117.2243113,32.8749672],[-117.2243139,32.8749792],[-117.2243986,32.874974],[-117.2243923,32.8748909],[-117.224379,32.8748924],[-117.2243692,32.8747447],[-117.2243585,32.8745826],[-117.2242632,32.8745893],[-117.2242213,32.8745864],[-117.2242284,32.8745213],[-117.224191,32.8745183],[-117.2241892,32.874531],[-117.2240654,32.8745175],[-117.2240636,32.874534],[-117.2239932,32.874528],[-117.2239968,32.8745093],[-117.2239103,32.8745025],[-117.2239112,32.8744861],[-117.2237856,32.8744756]]]}},{"type":"Feature","id":559377093,"properties":{"osmId":559377093,"category":"academic","building":"yes","name":"Canyonview Filter Facility","_wikiTried":true},"geometry":{"type":"Polygon","coordinates":[[[-117.2320478,32.8810483],[-117.2320242,32.8809162],[-117.2318575,32.8809371],[-117.231881,32.8810692],[-117.2320478,32.8810483]]]}},{"type":"Feature","id":559995280,"properties":{"osmId":559995280,"category":"medical","building":"hospital","building:levels":"6"},"geometry":{"type":"Polygon","coordinates":[[[-117.2247626,32.884203],[-117.2246355,32.884033],[-117.2246194,32.8840423],[-117.2245972,32.8840164],[-117.2246293,32.8839967],[-117.2245096,32.8838392],[-117.2244701,32.883862],[-117.2244849,32.8838817],[-117.224432,32.8839017],[-117.2239666,32.8841429],[-117.2239098,32.8841947],[-117.2240826,32.8843491],[-117.2241307,32.8844258],[-117.224164,32.8844113],[-117.224185,32.8844382],[-117.2242825,32.8843906],[-117.2243035,32.8844144],[-117.2245429,32.88429],[-117.2245552,32.8843066],[-117.2247626,32.884203]]]}},{"type":"Feature","id":559995281,"properties":{"osmId":559995281,"category":"medical","building":"hospital"},"geometry":{"type":"Polygon","coordinates":[[[-117.2258906,32.8855244],[-117.2253381,32.8856839],[-117.2252929,32.8855779],[-117.2251349,32.8856203],[-117.2251428,32.8856404],[-117.225107,32.8856515],[-117.2251256,32.8856984],[-117.2250339,32.885724],[-117.225006,32.8856582],[-117.2249775,32.8856658],[-117.2250233,32.8857809],[-117.2248228,32.8858411],[-117.2247552,32.8856678],[-117.2247925,32.885658],[-117.2247818,32.8856285],[-117.2247424,32.8856374],[-117.224688,32.8854996],[-117.2247253,32.8854882],[-117.2247127,32.8854577],[-117.2246742,32.8854692],[-117.2245506,32.885157],[-117.2249386,32.8850587],[-117.2248585,32.8848456],[-117.2251664,32.8847597],[-117.2252026,32.8848456],[-117.2253294,32.8848089],[-117.2253505,32.8848596],[-117.2253807,32.8848528],[-117.2253751,32.8848395],[-117.2254815,32.8848088],[-117.2254744,32.8847914],[-117.2254506,32.8847948],[-117.2254283,32.8847914],[-117.2254045,32.8847854],[-117.2253862,32.8847814],[-117.2253632,32.8847814],[-117.225341,32.8847868],[-117.2253179,32.8847828],[-117.2253044,32.8847728],[-117.2252862,32.8847348],[-117.2252338,32.8847494],[-117.2251607,32.8845654],[-117.2252959,32.8845279],[-117.2254363,32.8844893],[-117.2255101,32.8846714],[-117.2254529,32.8846881],[-117.2254625,32.8847101],[-117.2255212,32.8846927],[-117.225548,32.8847589],[-117.2258953,32.8846621],[-117.2259929,32.8849201],[-117.2259818,32.8849235],[-117.2260049,32.8849828],[-117.2260247,32.8849782],[-117.226088,32.8851434],[-117.2259942,32.8851701],[-117.2260513,32.8853295],[-117.2258388,32.8853936],[-117.2258906,32.8855244]]]}},{"type":"Feature","id":559995285,"properties":{"osmId":559995285,"category":"medical","building":"hospital"},"geometry":{"type":"Polygon","coordinates":[[[-117.224423,32.8851865],[-117.2243805,32.8851975],[-117.2243116,32.8852163],[-117.2236843,32.8853843],[-117.2236115,32.8852017],[-117.2235791,32.8851204],[-117.2235463,32.8851324],[-117.2235177,32.8850844],[-117.2234548,32.8850364],[-117.2235954,32.8849597],[-117.2236821,32.8849127],[-117.2237821,32.8848587],[-117.223815,32.8848323],[-117.2238364,32.8847963],[-117.2238393,32.8847531],[-117.2238321,32.884471],[-117.2238678,32.8844718],[-117.2238737,32.8844926],[-117.223947,32.8844893],[-117.2240489,32.8844644],[-117.2240727,32.8845209],[-117.2241034,32.8845159],[-117.2242291,32.8848368],[-117.2242845,32.8848252],[-117.224346,32.8849857],[-117.224423,32.8851865]]]}},{"type":"Feature","id":560001225,"properties":{"osmId":560001225,"category":"medical","building":"hospital"},"geometry":{"type":"Polygon","coordinates":[[[-117.2260796,32.8855013],[-117.2254932,32.8856705],[-117.225538,32.8857802],[-117.2256568,32.8857459],[-117.2256969,32.885844],[-117.2261232,32.885721],[-117.2260827,32.8856218],[-117.226124,32.8856099],[-117.2260796,32.8855013]]]}},{"type":"Feature","id":566764805,"properties":{"osmId":566764805,"category":"academic","building":"yes","name":"965 University Center","_wikiTried":true},"geometry":{"type":"Polygon","coordinates":[[[-117.2348753,32.8773126],[-117.2346508,32.8773439],[-117.234656,32.877398],[-117.2344846,32.8774249],[-117.2344556,32.8772245],[-117.2346083,32.877212],[-117.2346138,32.8772398],[-117.234857,32.8772127],[-117.2348753,32.8773126]]]}},{"type":"Feature","id":581651690,"properties":{"osmId":581651690,"category":"residential","building":"apartments","building:levels":"2","building_type":"education","name":"B","sangis:OBJECTID":"11024","sangis:TYPE":"Education","source":"SanGIS Footprints_Nonresidential_SD public domain (http://www.sangis.org/)","_wikiTried":true},"geometry":{"type":"Polygon","coordinates":[[[-117.2307461,32.8787388],[-117.2307552,32.8787418],[-117.2307276,32.8788026],[-117.2306918,32.8787918],[-117.2306744,32.8788309],[-117.2306875,32.8788351],[-117.2306663,32.8788861],[-117.2306792,32.8788904],[-117.2306704,32.8789082],[-117.2307067,32.8789198],[-117.2307168,32.878915],[-117.2307584,32.878928],[-117.2307654,32.8789385],[-117.2307969,32.8789485],[-117.2308056,32.8789288],[-117.2308159,32.8789322],[-117.2308338,32.878895],[-117.2308554,32.8789019],[-117.2308394,32.8789392],[-117.2308525,32.8789436],[-117.2308445,32.878963],[-117.2308757,32.8789729],[-117.2308889,32.8789681],[-117.2309291,32.8789809],[-117.230935,32.8789918],[-117.2309674,32.8790004],[-117.2309769,32.8789787],[-117.2309885,32.8789819],[-117.2310164,32.8789182],[-117.2310292,32.8789219],[-117.231038,32.8789025],[-117.2310037,32.8788915],[-117.2310176,32.878858],[-117.2309135,32.8788258],[-117.2308998,32.8788567],[-117.2308329,32.8788364],[-117.230859,32.8787763],[-117.2308682,32.8787791],[-117.230902,32.8787049],[-117.2309151,32.8787086],[-117.2309209,32.8786944],[-117.2309089,32.87869],[-117.2309157,32.8786722],[-117.2308827,32.8786617],[-117.2308724,32.8786664],[-117.2308292,32.8786536],[-117.2308248,32.8786447],[-117.2307921,32.8786347],[-117.230783,32.8786563],[-117.2307716,32.8786537],[-117.2307528,32.8786933],[-117.2307413,32.87869],[-117.2307323,32.8787106],[-117.2307554,32.8787177],[-117.2307461,32.8787388]]]}},{"type":"Feature","id":581651691,"properties":{"osmId":581651691,"category":"academic","building":"yes","building:levels":"2","building_type":"education","name":"C","sangis:OBJECTID":"11024","sangis:TYPE":"Education","source":"SanGIS Footprints_Nonresidential_SD public domain (http://www.sangis.org/)","_wikiTried":true},"geometry":{"type":"Polygon","coordinates":[[[-117.2297948,32.8783908],[-117.2297709,32.878384],[-117.2297581,32.8784165],[-117.229787,32.8784262],[-117.2297711,32.8784648],[-117.2298777,32.8784968],[-117.2298901,32.8784666],[-117.2299571,32.8784867],[-117.2299313,32.8785449],[-117.2298977,32.8785348],[-117.2298794,32.8785755],[-117.2298897,32.8785783],[-117.2298685,32.8786275],[-117.2298814,32.8786318],[-117.2298727,32.8786497],[-117.2299089,32.8786612],[-117.229919,32.8786564],[-117.2299607,32.8786694],[-117.2299677,32.8786799],[-117.2299992,32.8786899],[-117.2300078,32.8786703],[-117.2300181,32.8786737],[-117.230036,32.8786364],[-117.2300577,32.8786433],[-117.2300416,32.8786806],[-117.2300547,32.878685],[-117.2300467,32.8787044],[-117.230078,32.8787144],[-117.2300911,32.8787095],[-117.2301313,32.8787224],[-117.2301373,32.8787332],[-117.2301697,32.8787419],[-117.2301786,32.8787202],[-117.2301904,32.8787239],[-117.230196,32.878713],[-117.2301834,32.8787093],[-117.2302074,32.878654],[-117.2302328,32.878662],[-117.230241,32.878643],[-117.230206,32.8786332],[-117.2302198,32.8785994],[-117.2301157,32.8785673],[-117.230102,32.8785982],[-117.2300352,32.8785778],[-117.2300608,32.8785184],[-117.230072,32.8785221],[-117.2301056,32.8784508],[-117.2301172,32.8784544],[-117.2301232,32.8784408],[-117.2301123,32.8784371],[-117.2301229,32.8784147],[-117.2300849,32.8784032],[-117.2300746,32.8784079],[-117.2300314,32.878395],[-117.230027,32.8783862],[-117.2299943,32.8783762],[-117.2299852,32.8783978],[-117.2299713,32.8783933],[-117.2299543,32.8784311],[-117.2299327,32.8784238],[-117.229949,32.8783874],[-117.2299359,32.8783829],[-117.2299474,32.878362],[-117.2299159,32.8783525],[-117.2299013,32.8783568],[-117.2298579,32.8783429],[-117.2298533,32.8783334],[-117.2298214,32.8783238],[-117.2297948,32.8783908]]]}},{"type":"Feature","id":585267153,"properties":{"osmId":585267153,"category":"residential","building":"apartments","building:levels":"2","building_type":"education","name":"E","sangis:OBJECTID":"11024","sangis:TYPE":"Education","source":"SanGIS Footprints_Nonresidential_SD public domain (http://www.sangis.org/)","_wikiTried":true},"geometry":{"type":"Polygon","coordinates":[[[-117.2310879,32.8783295],[-117.231097,32.8783325],[-117.2310694,32.8783933],[-117.2310336,32.8783825],[-117.2310162,32.8784216],[-117.2310321,32.8784269],[-117.2310081,32.8784768],[-117.231021,32.8784811],[-117.2310122,32.8784989],[-117.2310485,32.8785105],[-117.2310586,32.8785057],[-117.2311002,32.8785187],[-117.2311072,32.8785292],[-117.2311387,32.8785392],[-117.2311474,32.8785195],[-117.2311577,32.8785229],[-117.2311756,32.8784857],[-117.2311972,32.8784926],[-117.2311812,32.8785299],[-117.2311943,32.8785343],[-117.2311863,32.8785537],[-117.2312175,32.8785636],[-117.2312307,32.8785588],[-117.2312709,32.8785716],[-117.2312768,32.8785825],[-117.2313092,32.8785911],[-117.2313187,32.8785694],[-117.2313303,32.8785726],[-117.2313582,32.8785089],[-117.231371,32.8785126],[-117.2313798,32.8784932],[-117.2313455,32.8784822],[-117.2313594,32.8784487],[-117.2312553,32.8784165],[-117.2312416,32.8784474],[-117.2311747,32.8784271],[-117.2312008,32.878367],[-117.23121,32.8783698],[-117.2312438,32.8782956],[-117.2312569,32.8782993],[-117.2312627,32.8782851],[-117.2312507,32.8782807],[-117.2312575,32.8782629],[-117.2312245,32.8782524],[-117.2312142,32.8782571],[-117.231171,32.8782443],[-117.2311666,32.8782354],[-117.2311339,32.8782254],[-117.2311248,32.878247],[-117.2311134,32.8782444],[-117.2310946,32.878284],[-117.2310831,32.8782807],[-117.2310741,32.8783013],[-117.2310972,32.8783084],[-117.2310879,32.8783295]]]}},{"type":"Feature","id":585267154,"properties":{"osmId":585267154,"category":"residential","building":"apartments","building:levels":"2","building_type":"education","name":"D","sangis:OBJECTID":"11024","sangis:TYPE":"Education","source":"SanGIS Footprints_Nonresidential_SD public domain (http://www.sangis.org/)","_wikiTried":true},"geometry":{"type":"Polygon","coordinates":[[[-117.2309629,32.8782874],[-117.2309537,32.8782846],[-117.2309264,32.8783455],[-117.2309618,32.8783573],[-117.230944,32.8783963],[-117.2309284,32.8783913],[-117.2309065,32.8784422],[-117.2308934,32.8784382],[-117.230886,32.8784564],[-117.2308496,32.8784449],[-117.2308458,32.8784357],[-117.2308044,32.8784223],[-117.2307909,32.8784263],[-117.2307594,32.8784162],[-117.2307684,32.8783966],[-117.2307581,32.8783934],[-117.230774,32.8783556],[-117.2307524,32.8783488],[-117.2307349,32.8783856],[-117.2307216,32.8783816],[-117.2307123,32.8784006],[-117.2306812,32.8783906],[-117.2306751,32.8783797],[-117.2306348,32.8783669],[-117.2306218,32.8783718],[-117.2305908,32.8783602],[-117.2306008,32.8783387],[-117.2305896,32.8783346],[-117.2306189,32.8782714],[-117.2306064,32.878267],[-117.2306151,32.8782476],[-117.2306495,32.8782584],[-117.2306655,32.8782256],[-117.2307689,32.8782594],[-117.2307548,32.8782902],[-117.2308209,32.8783122],[-117.2308488,32.8782527],[-117.2308397,32.8782497],[-117.2308729,32.8781753],[-117.2308602,32.8781708],[-117.230867,32.8781569],[-117.2308795,32.8781603],[-117.2308884,32.8781432],[-117.2309214,32.8781537],[-117.2309255,32.8781629],[-117.2309679,32.8781774],[-117.2309782,32.8781732],[-117.2310106,32.8781839],[-117.2310004,32.8782051],[-117.231011,32.8782095],[-117.2309938,32.8782496],[-117.231005,32.8782535],[-117.2309955,32.878274],[-117.2309726,32.8782664],[-117.2309629,32.8782874]]]}},{"type":"Feature","id":585280407,"properties":{"osmId":585280407,"category":"residential","building":"apartments","name":"Lodge","_wikiTried":true},"geometry":{"type":"Polygon","coordinates":[[[-117.2302305,32.8779246],[-117.2300795,32.8778756],[-117.2300895,32.8778501],[-117.2300165,32.8778257],[-117.2300605,32.8777227],[-117.2301275,32.8777437],[-117.2301365,32.8777232],[-117.2301725,32.877734],[-117.2301855,32.8777046],[-117.2303125,32.8777445],[-117.2303005,32.8777705],[-117.2303155,32.8777751],[-117.2303045,32.8778016],[-117.2303175,32.8778064],[-117.2302825,32.8778827],[-117.2302695,32.8778779],[-117.2302585,32.8779026],[-117.2302405,32.8778981],[-117.2302305,32.8779246]]]}},{"type":"Feature","id":586411173,"properties":{"osmId":586411173,"category":"academic","amenity":"parking","building":"yes","name":"Vela","parking":"multi-storey","surface":"concrete","_wikiTried":true},"geometry":{"type":"Polygon","coordinates":[[[-117.2231466,32.8759905],[-117.2231427,32.8759594],[-117.2232033,32.8759541],[-117.2232044,32.8759651],[-117.2232669,32.8764663],[-117.2232152,32.8764708],[-117.2232207,32.8765144],[-117.2222944,32.8765957],[-117.2222998,32.8766395],[-117.2222729,32.8766418],[-117.2222495,32.8766439],[-117.2222377,32.8765487],[-117.2221778,32.8765539],[-117.22213,32.876168],[-117.2221251,32.8761291],[-117.2221743,32.8761248],[-117.22217,32.8760981],[-117.2221683,32.876076],[-117.222207,32.8760726],[-117.222621,32.8760364],[-117.2231466,32.8759905]]]}},{"type":"Feature","id":587047714,"properties":{"osmId":587047714,"category":"other","amenity":"parking","building":"yes","name":"South Parking Structure","operator":"University of California San Diego","parking":"multi-storey","_wikiTried":true},"geometry":{"type":"Polygon","coordinates":[[[-117.2375145,32.8743105],[-117.2373376,32.874459],[-117.2371941,32.8745245],[-117.2370326,32.8745384],[-117.2367105,32.874538],[-117.2367263,32.8737672],[-117.2367287,32.8736502],[-117.236757,32.8736039],[-117.2368992,32.8736105],[-117.2370952,32.8735834],[-117.2370913,32.8735429],[-117.2373789,32.873502],[-117.2374752,32.8734887],[-117.237581,32.8742322],[-117.2375145,32.8743105]]]}},{"type":"Feature","id":605106218,"properties":{"osmId":605106218,"category":"residential","addr:city":"La Jolla","addr:housenumber":"3739","addr:postcode":"92037","addr:street":"Miramar Street","building":"apartments","building:colour":"white","building:levels":"11","name":"Viento","_wikiTried":true},"geometry":{"type":"Polygon","coordinates":[[[-117.2249636,32.8752511],[-117.2254357,32.8748893],[-117.2255035,32.8748572],[-117.2257137,32.8744233],[-117.225607,32.8743868],[-117.2255733,32.8744564],[-117.2254743,32.8744226],[-117.2253116,32.8747584],[-117.2252488,32.8748059],[-117.2252272,32.8747857],[-117.2251793,32.8748219],[-117.225196,32.8748375],[-117.2248497,32.8750999],[-117.2249208,32.8751661],[-117.2248923,32.8751877],[-117.2249141,32.8752079],[-117.224877,32.875236],[-117.2249111,32.8752676],[-117.2249496,32.8752382],[-117.2249636,32.8752511]]]}},{"type":"Feature","id":605106219,"properties":{"osmId":605106219,"category":"residential","addr:city":"La Jolla","addr:housenumber":"3787","addr:postcode":"92037","addr:street":"Miramar Street","building":"apartments","building:colour":"white","building:levels":"7","name":"Brisa","_wikiTried":true},"geometry":{"type":"Polygon","coordinates":[[[-117.2251909,32.8743533],[-117.2251844,32.8742505],[-117.2252242,32.8742489],[-117.2252234,32.8742264],[-117.2252216,32.8741698],[-117.225149,32.874172],[-117.2251497,32.8741874],[-117.22515,32.8741935],[-117.2245986,32.8742133],[-117.2245982,32.874262],[-117.2245481,32.8742629],[-117.224503,32.8742442],[-117.2245281,32.8742067],[-117.224282,32.8740874],[-117.2242492,32.8741484],[-117.2242246,32.8741389],[-117.2242034,32.8741813],[-117.2242258,32.874192],[-117.2242127,32.8742144],[-117.2242338,32.8742222],[-117.2242204,32.8742477],[-117.2244732,32.8743631],[-117.2246317,32.8749085],[-117.2247134,32.8748718],[-117.2247375,32.8748985],[-117.225115,32.8747143],[-117.2250641,32.8746284],[-117.225131,32.8745956],[-117.2250864,32.8745206],[-117.2247579,32.8746836],[-117.2247056,32.8747533],[-117.2246678,32.8746923],[-117.2247451,32.8746664],[-117.2246567,32.8743752],[-117.2246151,32.874377],[-117.2246142,32.8743613],[-117.2246866,32.8743573],[-117.2246881,32.8743753],[-117.2251909,32.8743533]]]}},{"type":"Feature","id":614406859,"properties":{"osmId":614406859,"category":"academic","building":"yes","name":"Print Labs","_wikiTried":true},"geometry":{"type":"Polygon","coordinates":[[[-117.2404307,32.8781057],[-117.2404307,32.877967],[-117.2402578,32.8779714],[-117.2402569,32.8781061],[-117.2404307,32.8781057]]]}},{"type":"Feature","id":628631363,"properties":{"osmId":628631363,"category":"academic","building":"yes"},"geometry":{"type":"Polygon","coordinates":[[[-117.2426791,32.8821586],[-117.2426789,32.8820897],[-117.2425141,32.88209],[-117.2425143,32.882159],[-117.2426791,32.8821586]]]}},{"type":"Feature","id":628638100,"properties":{"osmId":628638100,"category":"residential","building":"dormitory","building:colour":"beige","building:levels":"4","building:material":"stucco","name":"Asante Hall","roof:colour":"lightgrey","year_of_construction":"2003","_wikiTried":true},"geometry":{"type":"Polygon","coordinates":[[[-117.2417591,32.8844574],[-117.2419796,32.8844559],[-117.2422317,32.8844539],[-117.2422283,32.884293],[-117.2422156,32.8842934],[-117.2422137,32.8841937],[-117.2422121,32.8840637],[-117.2422114,32.8839795],[-117.2422031,32.883984],[-117.2421952,32.8839894],[-117.2421657,32.8840085],[-117.2421411,32.8839859],[-117.2421106,32.883958],[-117.2420459,32.8839924],[-117.2420708,32.8840193],[-117.2420913,32.8840415],[-117.2420356,32.8840606],[-117.2420555,32.8841946],[-117.2420577,32.8842085],[-117.2420594,32.8842198],[-117.242062,32.8842367],[-117.2420671,32.8842701],[-117.2420702,32.8842904],[-117.2420738,32.8843138],[-117.2420766,32.8843321],[-117.2420816,32.8843648],[-117.2420847,32.8843852],[-117.2420859,32.8843929],[-117.2420871,32.8844],[-117.2419694,32.8844019],[-117.2418954,32.8844031],[-117.2418932,32.8843952],[-117.2418516,32.8842116],[-117.2418332,32.8841306],[-117.2417765,32.8841338],[-117.2417476,32.884135],[-117.2417279,32.8841358],[-117.2417258,32.8841359],[-117.2417266,32.8843019],[-117.2417404,32.8843023],[-117.2417425,32.8843964],[-117.2417568,32.8843969],[-117.2417591,32.8844574]]]}},{"type":"Feature","id":628638101,"properties":{"osmId":628638101,"category":"residential","building":"dormitory","building:colour":"beige","building:levels":"4","building:material":"stucco","name":"Cuzco Hall","roof:colour":"lightgrey","year_of_construction":"2003","_wikiTried":true},"geometry":{"type":"Polygon","coordinates":[[[-117.2422449,32.8844899],[-117.2422444,32.8845462],[-117.2422458,32.8846338],[-117.2422586,32.8846344],[-117.242262,32.8847951],[-117.242016,32.8847976],[-117.2418151,32.8848002],[-117.241814,32.8847356],[-117.2417984,32.8847361],[-117.2417977,32.8846386],[-117.2417848,32.8846386],[-117.241782,32.8845489],[-117.241772,32.8845489],[-117.2417711,32.8844915],[-117.2419091,32.8844886],[-117.241918,32.8845457],[-117.2419483,32.8847399],[-117.2419494,32.8847445],[-117.242012,32.8847443],[-117.2421232,32.8847442],[-117.2421228,32.8847403],[-117.2421029,32.8845436],[-117.242097,32.8844905],[-117.2422449,32.8844899]]]}},{"type":"Feature","id":628638102,"properties":{"osmId":628638102,"category":"residential","building":"dormitory","building:colour":"beige","building:levels":"4","building:material":"stucco","name":"Kathmandu Hall","roof:colour":"lightgrey","year_of_construction":"2003","_wikiTried":true},"geometry":{"type":"Polygon","coordinates":[[[-117.2422756,32.8848287],[-117.2422756,32.8851358],[-117.2420426,32.8851391],[-117.2419131,32.8851404],[-117.2418446,32.8851412],[-117.2418406,32.8849865],[-117.2418276,32.8849865],[-117.2418266,32.8848348],[-117.2419596,32.884832],[-117.2419636,32.884886],[-117.2419709,32.8849851],[-117.2419782,32.8850845],[-117.2419786,32.8850915],[-117.2420389,32.8850908],[-117.2421446,32.8850894],[-117.2421442,32.8850831],[-117.2421327,32.8848856],[-117.2421296,32.8848315],[-117.2422756,32.8848287]]]}},{"type":"Feature","id":634351290,"properties":{"osmId":634351290,"category":"academic","building":"office","name":"Warren Administrative Module","_wikiTried":true},"geometry":{"type":"Polygon","coordinates":[[[-117.2327179,32.8812512],[-117.2325773,32.8811347],[-117.2326363,32.8810845],[-117.2325794,32.8810373],[-117.2326908,32.8809426],[-117.2327869,32.8810223],[-117.2327437,32.8810591],[-117.2327906,32.8810979],[-117.2327437,32.8811378],[-117.2327981,32.8811829],[-117.2327179,32.8812512]]]}},{"type":"Feature","id":640363497,"properties":{"osmId":640363497,"category":"academic","building":"university","name":"Spanos Athletic Performance Center","_wikiTried":true},"geometry":{"type":"Polygon","coordinates":[[[-117.2403813,32.8905123],[-117.2403693,32.890221],[-117.2405945,32.8902145],[-117.2406064,32.8905058],[-117.2403813,32.8905123]]]}},{"type":"Feature","id":640363498,"properties":{"osmId":640363498,"category":"academic","building":"university","name":"Stewart Commons","_wikiTried":true},"geometry":{"type":"Polygon","coordinates":[[[-117.2424347,32.8791973],[-117.2424311,32.8789031],[-117.2424046,32.8789031],[-117.2424046,32.8788862],[-117.242381,32.8788858],[-117.2423781,32.8787322],[-117.2424028,32.8787322],[-117.2424026,32.8786964],[-117.2425062,32.8786971],[-117.2425033,32.8786419],[-117.2425906,32.8786393],[-117.2425906,32.878663],[-117.2426289,32.8786624],[-117.2426306,32.8787298],[-117.2426647,32.8787292],[-117.2426661,32.8787137],[-117.2427191,32.8787123],[-117.2427201,32.8787287],[-117.2427453,32.8787279],[-117.2427464,32.878797],[-117.2427203,32.8787981],[-117.2427199,32.8788129],[-117.242668,32.8788121],[-117.242667,32.8787983],[-117.2426293,32.8787976],[-117.2426288,32.8788138],[-117.2426418,32.8788134],[-117.2426419,32.878878],[-117.2426313,32.878879],[-117.2426315,32.8788945],[-117.2426494,32.8788948],[-117.24265,32.8788853],[-117.2427278,32.8788837],[-117.2427274,32.8788904],[-117.2427492,32.8788888],[-117.2427479,32.8789506],[-117.2427638,32.8789506],[-117.2427709,32.8790368],[-117.2427495,32.8790394],[-117.2427524,32.8790939],[-117.2426718,32.8790978],[-117.24267,32.8791929],[-117.2424347,32.8791973]]]}},{"type":"Feature","id":643974713,"properties":{"osmId":643974713,"category":"residential","addr:city":"La Jolla","addr:housenumber":"3927","addr:postcode":"92037","addr:street":"Miramar Street","building":"apartments","building:colour":"white","building:levels":"5","name":"Tierra","_wikiTried":true},"geometry":{"type":"Polygon","coordinates":[[[-117.2213585,32.8747622],[-117.221723,32.8748445],[-117.2217451,32.8747755],[-117.2217869,32.8747849],[-117.2218171,32.874691],[-117.2212734,32.8745678],[-117.2212133,32.8747532],[-117.2210908,32.8751364],[-117.2212834,32.8751333],[-117.2213866,32.8748097],[-117.2213462,32.8748006],[-117.221351,32.8747845],[-117.2213585,32.8747622]]]}},{"type":"Feature","id":651638363,"properties":{"osmId":651638363,"category":"academic","building":"yes"},"geometry":{"type":"Polygon","coordinates":[[[-117.2368922,32.8734881],[-117.2366278,32.8734865],[-117.2366311,32.873102],[-117.2367806,32.8731029],[-117.2367785,32.873357],[-117.2368933,32.8733577],[-117.2368922,32.8734881]]]}},{"type":"Feature","id":686375602,"properties":{"osmId":686375602,"category":"academic","building":"yes"},"geometry":{"type":"Polygon","coordinates":[[[-117.237057,32.8786233],[-117.2369671,32.8786291],[-117.2369642,32.8785972],[-117.2369259,32.8785997],[-117.2369289,32.8786327],[-117.2368143,32.8786401],[-117.2368183,32.878616],[-117.2368161,32.878597],[-117.2367869,32.8785966],[-117.2367836,32.8785767],[-117.2367965,32.8785758],[-117.2367966,32.8785613],[-117.2367968,32.8785413],[-117.2370502,32.8785217],[-117.237057,32.8786233]]]}},{"type":"Feature","id":725275224,"properties":{"osmId":725275224,"category":"academic","building":"roof"},"geometry":{"type":"Polygon","coordinates":[[[-117.2264725,32.8784948],[-117.2265519,32.878447],[-117.2265917,32.8784231],[-117.2266554,32.8784977],[-117.226613,32.8785233],[-117.2265362,32.8785694],[-117.2265043,32.8785324],[-117.2264725,32.8784948]]]}},{"type":"Feature","id":725275235,"properties":{"osmId":725275235,"category":"academic","building":"roof","layer":"1"},"geometry":{"type":"Polygon","coordinates":[[[-117.2259872,32.878675],[-117.2259515,32.8786326],[-117.2258693,32.8786804],[-117.2258482,32.8787168],[-117.2258208,32.8787455],[-117.2257601,32.8787942],[-117.2256855,32.8788277],[-117.2256289,32.878845],[-117.2255921,32.8788452],[-117.2255943,32.8788839],[-117.225627,32.8788856],[-117.2256832,32.8788803],[-117.2259872,32.878675]]]}},{"type":"Feature","id":725275251,"properties":{"osmId":725275251,"category":"academic","building":"yes"},"geometry":{"type":"Polygon","coordinates":[[[-117.2257295,32.877457],[-117.2256616,32.8775004],[-117.2255892,32.8774088],[-117.2256452,32.8773745],[-117.2256589,32.8773667],[-117.2257295,32.877457]]]}},{"type":"Feature","id":733429712,"properties":{"osmId":733429712,"category":"medical","building":"hospital","name":"Veterans Medical Research Foundation","_wikiTried":true},"geometry":{"type":"Polygon","coordinates":[[[-117.2305843,32.8750813],[-117.230107,32.8750835],[-117.2301046,32.874727],[-117.2302663,32.8747263],[-117.2302676,32.874943],[-117.2305834,32.8749416],[-117.2305843,32.8750813]]]}},{"type":"Feature","id":765637979,"properties":{"osmId":765637979,"category":"academic","building":"yes","information":"office","name":"Commuter & Visitor Information","tourism":"information","_wikiTried":true},"geometry":{"type":"Polygon","coordinates":[[[-117.2377296,32.8735093],[-117.2377125,32.873428],[-117.2376206,32.8734417],[-117.2376378,32.873523],[-117.2377296,32.8735093]]]}},{"type":"Feature","id":765872086,"properties":{"osmId":765872086,"category":"academic","addr:city":"La Jolla","addr:housenumber":"3789","addr:postcode":"92092","addr:street":"Miramar Street","building":"yes","name":"Street Corner Urban Market","opening_hours":"Mo-Th 07:00-21:00; Fr-Su 07:00-22:00","shop":"convenience","website":"https://www.streetcorner.com/store/nuevo-west/","wheelchair":"yes","_wikiTried":true},"geometry":{"type":"Polygon","coordinates":[[[-117.2247716,32.8754145],[-117.2246106,32.8752135],[-117.2245533,32.8752156],[-117.2244976,32.8752176],[-117.2245466,32.8755392],[-117.2246355,32.8754896],[-117.2247716,32.8754145]]]}},{"type":"Feature","id":768694090,"properties":{"osmId":768694090,"category":"academic","building":"university","fixme":"approximate","name":"Design & Innovation Building","_wikiTried":true},"geometry":{"type":"Polygon","coordinates":[[[-117.2322172,32.8796809],[-117.2322014,32.8796512],[-117.2322539,32.8796338],[-117.2321587,32.8793673],[-117.2321124,32.8789665],[-117.2321346,32.8789602],[-117.2323013,32.8789126],[-117.232313,32.8789525],[-117.232387,32.878933],[-117.2324046,32.8790649],[-117.2324095,32.8791013],[-117.2325551,32.87951],[-117.2325326,32.8795216],[-117.2325565,32.879568],[-117.2322172,32.8796809]]]}},{"type":"Feature","id":781452533,"properties":{"osmId":781452533,"category":"academic","building":"industrial"},"geometry":{"type":"Polygon","coordinates":[[[-117.2239548,32.8802893],[-117.2240245,32.8803724],[-117.2240693,32.8803459],[-117.2240912,32.880372],[-117.2242202,32.8802957],[-117.2241935,32.8802639],[-117.2242496,32.8802308],[-117.224228,32.880205],[-117.2242682,32.8801813],[-117.2242248,32.8801295],[-117.2241758,32.8801585],[-117.2239548,32.8802893]]]}},{"type":"Feature","id":781452538,"properties":{"osmId":781452538,"category":"academic","building":"yes"},"geometry":{"type":"Polygon","coordinates":[[[-117.227284,32.8781502],[-117.2268982,32.8783738],[-117.2267379,32.8781789],[-117.2275504,32.8777078],[-117.2276625,32.8778442],[-117.2272358,32.8780916],[-117.227284,32.8781502]]]}},{"type":"Feature","id":781452539,"properties":{"osmId":781452539,"category":"academic","building":"yes"},"geometry":{"type":"Polygon","coordinates":[[[-117.2273166,32.8781657],[-117.2272691,32.8781109],[-117.227428,32.8780139],[-117.2274754,32.8780687],[-117.2273166,32.8781657]]]}},{"type":"Feature","id":781452540,"properties":{"osmId":781452540,"category":"academic","building":"yes"},"geometry":{"type":"Polygon","coordinates":[[[-117.2276481,32.8779653],[-117.2274893,32.8780582],[-117.2274441,32.8780037],[-117.227603,32.8779108],[-117.2276481,32.8779653]]]}},{"type":"Feature","id":782902692,"properties":{"osmId":782902692,"category":"academic","building":"university"},"geometry":{"type":"Polygon","coordinates":[[[-117.2432496,32.8814141],[-117.2431672,32.8814141],[-117.2431672,32.8812183],[-117.2432496,32.8812183],[-117.2432496,32.8814141]]]}},{"type":"Feature","id":782902693,"properties":{"osmId":782902693,"category":"academic","building":"university"},"geometry":{"type":"Polygon","coordinates":[[[-117.2432871,32.8813928],[-117.2435192,32.8813926],[-117.243519,32.8812621],[-117.2432869,32.8812623],[-117.2432871,32.8813928]]]}},{"type":"Feature","id":782902694,"properties":{"osmId":782902694,"category":"academic","building":"university"},"geometry":{"type":"Polygon","coordinates":[[[-117.2436372,32.8815614],[-117.2435567,32.8815624],[-117.243552,32.8812949],[-117.2436324,32.881294],[-117.2436372,32.8815614]]]}},{"type":"Feature","id":818618823,"properties":{"osmId":818618823,"category":"academic","building":"yes"},"geometry":{"type":"Polygon","coordinates":[[[-117.2294094,32.8845581],[-117.2291028,32.8845601],[-117.2291014,32.8844025],[-117.229408,32.8844005],[-117.2294094,32.8845581]]]}},{"type":"Feature","id":821246683,"properties":{"osmId":821246683,"category":"academic","building":"university","building:levels":"7","name":"Tata Hall for the Sciences","_wikiTried":true},"geometry":{"type":"Polygon","coordinates":[[[-117.242011,32.8763283],[-117.2418502,32.8763303],[-117.241705,32.8763321],[-117.241383,32.8763361],[-117.241106,32.8763395],[-117.24111,32.8765331],[-117.241786,32.8765246],[-117.241789,32.8766818],[-117.241943,32.8766799],[-117.24194,32.8765229],[-117.242014,32.876522],[-117.242011,32.8763283]]]}},{"type":"Feature","id":867464123,"properties":{"osmId":867464123,"category":"athletic","building":"grandstand"},"geometry":{"type":"Polygon","coordinates":[[[-117.2407049,32.8879029],[-117.2405626,32.8879109],[-117.2405602,32.887841],[-117.240551,32.887701],[-117.2405472,32.8876295],[-117.2406802,32.8876208],[-117.2406872,32.8876945],[-117.2406996,32.8878339],[-117.2407049,32.8879029]]]}},{"type":"Feature","id":892822220,"properties":{"osmId":892822220,"category":"academic","building":"industrial"},"geometry":{"type":"Polygon","coordinates":[[[-117.2385349,32.8734449],[-117.2387095,32.8731543],[-117.2388239,32.8732028],[-117.2386494,32.8734934],[-117.2385349,32.8734449]]]}},{"type":"Feature","id":893580774,"properties":{"osmId":893580774,"category":"residential","abbr_name":"KAL","addr:city":"La Jolla","addr:housenumber":"9690","addr:postcode":"92093","addr:state":"CA","addr:street":"Scholars Drive North","building":"apartments","layer":"-1","name":"Kaleidoscope","_wikiTried":true},"geometry":{"type":"Polygon","coordinates":[[[-117.243475,32.8808745],[-117.2428314,32.8808796],[-117.2425767,32.8808819],[-117.2425705,32.8804528],[-117.2427708,32.8804568],[-117.2427747,32.8806734],[-117.242828,32.8806724],[-117.2429206,32.8806707],[-117.2429187,32.8805231],[-117.2431027,32.8805162],[-117.243106,32.8806693],[-117.2431227,32.8806686],[-117.2431374,32.8806636],[-117.2432577,32.8806223],[-117.2432564,32.8804903],[-117.2432554,32.880382],[-117.2434595,32.8803762],[-117.2434609,32.8804905],[-117.2434629,32.8806587],[-117.2434948,32.8807249],[-117.2434687,32.8807336],[-117.243475,32.8808745]]]}},{"type":"Feature","id":893580775,"properties":{"osmId":893580775,"category":"residential","abbr_name":"TPY","addr:city":"La Jolla","addr:housenumber":"9610","addr:postcode":"92093","addr:state":"CA","addr:street":"Scholars Drive North","building":"apartments","name":"Tapestry","_wikiTried":true},"geometry":{"type":"Polygon","coordinates":[[[-117.2426031,32.8799028],[-117.2425874,32.8798674],[-117.242601,32.8798633],[-117.2425994,32.8797478],[-117.2428052,32.879746],[-117.2428061,32.8797613],[-117.2429025,32.8797602],[-117.2429172,32.87976],[-117.2429338,32.8797556],[-117.2429536,32.8797533],[-117.2429542,32.8797462],[-117.2431845,32.8797427],[-117.2434907,32.8797401],[-117.2434908,32.8797499],[-117.2434929,32.8799323],[-117.2434935,32.8799841],[-117.2434957,32.8801675],[-117.2432914,32.8801679],[-117.2432911,32.8801433],[-117.2432892,32.8799875],[-117.2432885,32.8799348],[-117.2431863,32.8799357],[-117.2431426,32.879936],[-117.2431439,32.8800984],[-117.2429601,32.8800989],[-117.242958,32.8799373],[-117.2429059,32.879955],[-117.2428062,32.879989],[-117.2428087,32.8801612],[-117.2427336,32.8801619],[-117.2426043,32.8801632],[-117.2426031,32.8799028]]]}},{"type":"Feature","id":893580776,"properties":{"osmId":893580776,"category":"residential","abbr_name":"CTL","addr:city":"La Jolla","addr:housenumber":"9685","addr:postcode":"92093","addr:state":"CA","addr:street":"Scholars Drive North","building":"apartments","name":"Catalyst","roof:levels":"1","_wikiTried":true},"geometry":{"type":"Polygon","coordinates":[[[-117.2422455,32.8805119],[-117.2422533,32.8807566],[-117.2422553,32.8808928],[-117.2420999,32.880894],[-117.2420223,32.8808946],[-117.2413618,32.8808995],[-117.2413615,32.8808661],[-117.2413597,32.8806931],[-117.2414071,32.8806899],[-117.2414083,32.8805425],[-117.2418467,32.88054],[-117.2418478,32.8806814],[-117.241901,32.8806657],[-117.2420153,32.8806327],[-117.2420196,32.8805102],[-117.2422455,32.8805119]]]}},{"type":"Feature","id":893580777,"properties":{"osmId":893580777,"category":"residential","abbr_name":"RWAC","addr:city":"La Jolla","addr:housenumber":"9625","addr:postcode":"92093","addr:state":"CA","addr:street":"Scholars Drive North","building":"apartments","building:levels":"10","name":"Arts and Humanities","_wikiTried":true},"geometry":{"type":"Polygon","coordinates":[[[-117.2412698,32.8804843],[-117.241056,32.8804839],[-117.2410422,32.8804839],[-117.2410276,32.8804839],[-117.2408394,32.8804838],[-117.2408168,32.8804835],[-117.2408127,32.8801774],[-117.240811,32.8800441],[-117.2408224,32.880044],[-117.2408228,32.8800397],[-117.24098,32.8800408],[-117.2410521,32.8800243],[-117.2410535,32.8800866],[-117.2410723,32.8800878],[-117.2411216,32.8801084],[-117.2411754,32.8801308],[-117.2412659,32.8801308],[-117.241267,32.8802423],[-117.2412577,32.8802426],[-117.2412587,32.8803726],[-117.2412685,32.880372],[-117.2412698,32.8804843]]]}},{"type":"Feature","id":893580778,"properties":{"osmId":893580778,"category":"residential","abbr_name":"RWAC","addr:city":"La Jolla","addr:housenumber":"9625","addr:postcode":"92093","addr:state":"CA","addr:street":"Scholars Drive North","building":"apartments","building:levels":"9","name":"Social Sciences Public Engagement Building","_wikiTried":true},"geometry":{"type":"Polygon","coordinates":[[[-117.2412704,32.8806268],[-117.241075,32.8806266],[-117.2410613,32.8806276],[-117.2410608,32.8806147],[-117.2410435,32.880614],[-117.241043,32.8805605],[-117.2410422,32.8804839],[-117.2410276,32.8804839],[-117.2408394,32.8804838],[-117.2408418,32.8805705],[-117.2408431,32.8806155],[-117.2408256,32.8806152],[-117.2408262,32.8806233],[-117.2408214,32.8806233],[-117.2408222,32.8806355],[-117.2408164,32.8806355],[-117.2408202,32.8808987],[-117.2410666,32.8808979],[-117.2410664,32.8808452],[-117.2411859,32.8808108],[-117.2411863,32.880774],[-117.2411866,32.8807405],[-117.2412725,32.8807394],[-117.2412704,32.8806268]]]}},{"type":"Feature","id":911401512,"properties":{"osmId":911401512,"category":"academic","abbr_name":"JEANN","addr:city":"La Jolla","addr:housenumber":"9615","addr:postcode":"92093","addr:state":"CA","addr:street":"Scholars Drive North","alt_name":"General Auditorium","building":"yes","building:levels":"2","name":"The Jeannie","_wikiTried":true},"geometry":{"type":"Polygon","coordinates":[[[-117.2414697,32.8800685],[-117.2412619,32.8800334],[-117.2410975,32.8800055],[-117.2410414,32.8800052],[-117.240956,32.8798199],[-117.2410911,32.8798182],[-117.2414537,32.8797409],[-117.2414697,32.8800685]]]}},{"type":"Feature","id":911401513,"properties":{"osmId":911401513,"category":"residential","abbr_name":"MOS","addr:city":"La Jolla","addr:housenumber":"9605","addr:postcode":"92093","addr:state":"CA","addr:street":"Scholars Drive North","building":"apartments","building:levels":"7","layer":"0","name":"Mosaic","_wikiTried":true},"geometry":{"type":"Polygon","coordinates":[[[-117.2415957,32.8797316],[-117.242258,32.8797344],[-117.2422668,32.880225],[-117.242234,32.8802205],[-117.2420466,32.8801949],[-117.2420144,32.8801905],[-117.2418787,32.8801695],[-117.2418779,32.8801768],[-117.2418771,32.8801847],[-117.2418568,32.8801811],[-117.2418148,32.8801737],[-117.2417903,32.8801694],[-117.2417856,32.8801686],[-117.2415481,32.8801268],[-117.2415484,32.8800578],[-117.2415499,32.8797604],[-117.2415954,32.8797607],[-117.2415957,32.8797316]]]}},{"type":"Feature","id":911401515,"properties":{"osmId":911401515,"category":"academic","building":"yes","name":"200","_wikiTried":true},"geometry":{"type":"Polygon","coordinates":[[[-117.2297993,32.8791183],[-117.2297471,32.8792386],[-117.2298718,32.8792806],[-117.2298891,32.879262],[-117.229983,32.8792944],[-117.2300141,32.8792356],[-117.2301312,32.8792796],[-117.230158,32.8792292],[-117.2301836,32.8791789],[-117.2300539,32.8791325],[-117.2300313,32.8791771],[-117.2299291,32.8791417],[-117.2299214,32.8791583],[-117.2297993,32.8791183]]]}},{"type":"Feature","id":911401516,"properties":{"osmId":911401516,"category":"academic","building":"yes","name":"100","_wikiTried":true},"geometry":{"type":"Polygon","coordinates":[[[-117.2293,32.8788879],[-117.2294396,32.8789264],[-117.2294395,32.8789153],[-117.2295759,32.8789508],[-117.2295658,32.8789761],[-117.2296569,32.8790027],[-117.2296316,32.8790639],[-117.2297381,32.8790983],[-117.2296789,32.8792329],[-117.2295208,32.8791879],[-117.2295445,32.8791278],[-117.229454,32.8791025],[-117.2294713,32.8790586],[-117.2294013,32.8790391],[-117.2293966,32.879051],[-117.2292518,32.879011],[-117.2293,32.8788879]]]}},{"type":"Feature","id":911401518,"properties":{"osmId":911401518,"category":"academic","building":"yes","name":"1500","_wikiTried":true},"geometry":{"type":"Polygon","coordinates":[[[-117.2303686,32.8773499],[-117.2303041,32.8774742],[-117.2304487,32.8775224],[-117.2304174,32.8775889],[-117.2304797,32.8776096],[-117.2304708,32.8776284],[-117.2306298,32.8776813],[-117.2306417,32.8776562],[-117.2307697,32.8776987],[-117.2308324,32.8775658],[-117.2306795,32.8775149],[-117.2306618,32.8775526],[-117.2305809,32.8775256],[-117.2306006,32.877484],[-117.2305149,32.8774575],[-117.2305378,32.8774056],[-117.2303686,32.8773499]]]}},{"type":"Feature","id":911401519,"properties":{"osmId":911401519,"category":"academic","building":"yes","name":"1300","_wikiTried":true},"geometry":{"type":"Polygon","coordinates":[[[-117.2303781,32.8776359],[-117.2303377,32.8777212],[-117.2305632,32.8777966],[-117.2306043,32.8777099],[-117.2305797,32.8777016],[-117.2305833,32.8776941],[-117.2304613,32.8776533],[-117.230457,32.8776623],[-117.2303781,32.8776359]]]}},{"type":"Feature","id":913007447,"properties":{"osmId":913007447,"category":"academic","building":"industrial","name":"I-5 Switch Station","power":"substation","_wikiTried":true},"geometry":{"type":"Polygon","coordinates":[[[-117.2300286,32.8817781],[-117.2299463,32.8818723],[-117.229676,32.8817239],[-117.229756,32.8816269],[-117.2300286,32.8817781]]]}},{"type":"Feature","id":918376054,"properties":{"osmId":918376054,"category":"academic","building":"university","name":"Franklin Antonio Hall","_wikiTried":true},"geometry":{"type":"Polygon","coordinates":[[[-117.2351997,32.8838167],[-117.2351341,32.8838313],[-117.2350279,32.8838549],[-117.2349995,32.8837803],[-117.234951,32.8837908],[-117.2349084,32.8838018],[-117.234911,32.8840421],[-117.2348632,32.8840425],[-117.2347723,32.8840433],[-117.234746,32.8840435],[-117.2346704,32.8840442],[-117.2346664,32.883579],[-117.2345478,32.8832353],[-117.234514,32.8831488],[-117.2347523,32.8830886],[-117.2347633,32.8830857],[-117.2348207,32.8832672],[-117.23486,32.8832689],[-117.2349086,32.8832702],[-117.2349083,32.8831446],[-117.235088,32.8831441],[-117.2350958,32.8835246],[-117.2351056,32.8835522],[-117.2351112,32.8835681],[-117.2351799,32.8837614],[-117.2351997,32.8838167]]]}},{"type":"Feature","id":947605124,"properties":{"osmId":947605124,"category":"academic","amenity":"theatre","building":"university","ele":"129","name":"Mandell Weiss Forum","operator":"La Jolla Playhouse","wikidata":"Q121463223","_wikiTried":true},"geometry":{"type":"Polygon","coordinates":[[[-117.2410545,32.8722679],[-117.24091,32.8721452],[-117.2409637,32.8720915],[-117.2408277,32.8720698],[-117.2408277,32.8717727],[-117.2409573,32.8717719],[-117.2409327,32.8717489],[-117.2409607,32.8716964],[-117.2410693,32.8717863],[-117.2413546,32.8719959],[-117.2414943,32.8721135],[-117.2414408,32.8721599],[-117.2412688,32.8720231],[-117.2412293,32.8720572],[-117.2412509,32.8720868],[-117.2412619,32.8721231],[-117.2412622,32.8721603],[-117.2412536,32.8721954],[-117.2412249,32.8722384],[-117.2411726,32.8722857],[-117.2411256,32.8723253],[-117.2410545,32.8722679]]]}},{"type":"Feature","id":947605125,"properties":{"osmId":947605125,"category":"academic","amenity":"theatre","building":"yes","ele":"129","name":"Theodore and Adele Shank Theatre","operator":"La Jolla Playhouse","_wikiTried":true},"geometry":{"type":"Polygon","coordinates":[[[-117.2406283,32.8724113],[-117.2406211,32.8722767],[-117.2406195,32.8721534],[-117.2407023,32.8721513],[-117.2409291,32.8723376],[-117.2409656,32.8723402],[-117.2410545,32.8722679],[-117.2411256,32.8723253],[-117.2411726,32.8722857],[-117.241173,32.8724118],[-117.2406542,32.8724109],[-117.2406283,32.8724113]]]}},{"type":"Feature","id":964484490,"properties":{"osmId":964484490,"category":"academic","building":"university","name":"Guava","_wikiTried":true},"geometry":{"type":"Polygon","coordinates":[[[-117.2345264,32.8743853],[-117.2343292,32.8743863],[-117.2343285,32.8743741],[-117.234271,32.8743763],[-117.234271,32.8742074],[-117.2343279,32.8742069],[-117.2343241,32.8740635],[-117.2343248,32.8740343],[-117.2343146,32.8740348],[-117.2343102,32.8739727],[-117.2345233,32.8739717],[-117.2345239,32.8742063],[-117.2345264,32.8743853]]]}},{"type":"Feature","id":964484491,"properties":{"osmId":964484491,"category":"academic","building":"university","name":"Holly","_wikiTried":true},"geometry":{"type":"Polygon","coordinates":[[[-117.2347235,32.8739271],[-117.2346046,32.8739281],[-117.2346027,32.8739504],[-117.2344042,32.8739531],[-117.2344023,32.8739069],[-117.2344472,32.8739053],[-117.234444,32.8738411],[-117.23453,32.8738421],[-117.23453,32.8739043],[-117.2345692,32.8739027],[-117.2345661,32.8737593],[-117.2347266,32.8737566],[-117.2347235,32.8739271]]]}},{"type":"Feature","id":964484492,"properties":{"osmId":964484492,"category":"academic","building":"university","name":"Jacaranda","_wikiTried":true},"geometry":{"type":"Polygon","coordinates":[[[-117.2348038,32.8737051],[-117.2346508,32.8737083],[-117.2346489,32.8736048],[-117.2346843,32.8736043],[-117.2346849,32.8735081],[-117.2348031,32.8735081],[-117.2348025,32.8735474],[-117.2348038,32.8737051]]]}},{"type":"Feature","id":964484493,"properties":{"osmId":964484493,"category":"academic","building":"university","name":"Magnolia","_wikiTried":true},"geometry":{"type":"Polygon","coordinates":[[[-117.2348126,32.8734529],[-117.2346748,32.8734551],[-117.2346729,32.8733568],[-117.2348139,32.8733558],[-117.2348139,32.8733802],[-117.2348126,32.8734529]]]}},{"type":"Feature","id":964484494,"properties":{"osmId":964484494,"category":"academic","building":"university","name":"Laurel","_wikiTried":true},"geometry":{"type":"Polygon","coordinates":[[[-117.2350834,32.8735221],[-117.234881,32.8735221],[-117.2348779,32.8733541],[-117.2350857,32.8733521],[-117.2350834,32.8735221]]]}},{"type":"Feature","id":964484495,"properties":{"osmId":964484495,"category":"academic","building":"university","name":"Kalmia","_wikiTried":true},"geometry":{"type":"Polygon","coordinates":[[[-117.2350919,32.8736322],[-117.2349098,32.8736338],[-117.2349079,32.8735807],[-117.2350909,32.8735791],[-117.2350919,32.8736322]]]}},{"type":"Feature","id":989774306,"properties":{"osmId":989774306,"category":"other","addr:city":"La Jolla","addr:housenumber":"9655","addr:postcode":"92093","addr:state":"CA","addr:street":"Scholars Drive North","amenity":"parking","building":"parking","capacity":"1200","layer":"-1","location":"underground","name":"Scholars Parking Structure","operator":"University of California San Diego","parking":"underground","_wikiTried":true},"geometry":{"type":"Polygon","coordinates":[[[-117.2408303,32.8798631],[-117.2408298,32.8809126],[-117.2409667,32.8809106],[-117.241964,32.8808958],[-117.2422553,32.8808928],[-117.242512,32.8808901],[-117.2425053,32.8797608],[-117.2414541,32.8797631],[-117.2414507,32.8797566],[-117.2410911,32.8798182],[-117.2408303,32.8798631]]]}},{"type":"Feature","id":1001881110,"properties":{"osmId":1001881110,"category":"academic","building":"yes"},"geometry":{"type":"Polygon","coordinates":[[[-117.2293398,32.8806973],[-117.2292204,32.8807452],[-117.2290885,32.8805201],[-117.2292108,32.8804713],[-117.2293398,32.8806973]]]}},{"type":"Feature","id":1033966532,"properties":{"osmId":1033966532,"category":"academic","building":"yes"},"geometry":{"type":"Polygon","coordinates":[[[-117.2502751,32.867589],[-117.2502767,32.8676],[-117.2502823,32.86761],[-117.2502913,32.8676181],[-117.2503028,32.8676235],[-117.2503158,32.8676256],[-117.2503289,32.8676243],[-117.2503409,32.8676196],[-117.2503505,32.867612],[-117.2503574,32.8676012],[-117.2503594,32.867589],[-117.2503564,32.8675769],[-117.2503486,32.8675665],[-117.2503371,32.8675589],[-117.2503231,32.8675551],[-117.2503085,32.8675555],[-117.2502949,32.8675601],[-117.250284,32.8675684],[-117.2502776,32.8675781],[-117.2502751,32.867589]]]}},{"type":"Feature","id":1033966533,"properties":{"osmId":1033966533,"category":"academic","building":"yes"},"geometry":{"type":"Polygon","coordinates":[[[-117.2498651,32.867837],[-117.2498667,32.867848],[-117.2498722,32.867858],[-117.2498812,32.8678661],[-117.2498928,32.8678715],[-117.2499058,32.8678736],[-117.2499189,32.8678723],[-117.2499308,32.8678676],[-117.2499405,32.86786],[-117.2499474,32.8678492],[-117.2499494,32.867837],[-117.2499464,32.8678249],[-117.2499386,32.8678145],[-117.2499271,32.8678069],[-117.2499131,32.8678031],[-117.2498985,32.8678035],[-117.2498849,32.8678081],[-117.249874,32.8678164],[-117.2498676,32.8678261],[-117.2498651,32.867837]]]}},{"type":"Feature","id":1033966534,"properties":{"osmId":1033966534,"category":"academic","building":"yes"},"geometry":{"type":"Polygon","coordinates":[[[-117.2496895,32.8683366],[-117.2496905,32.8683237],[-117.2496964,32.8683118],[-117.2497065,32.868302],[-117.2497198,32.8682955],[-117.2497349,32.8682929],[-117.2497502,32.8682945],[-117.2497641,32.8683001],[-117.2497754,32.8683094],[-117.2497824,32.8683214],[-117.2497843,32.8683346],[-117.2497809,32.8683477],[-117.2497727,32.868359],[-117.2497604,32.8683675],[-117.2497455,32.868372],[-117.2497296,32.8683723],[-117.2497146,32.8683681],[-117.249702,32.8683599],[-117.2496935,32.8683492],[-117.2496895,32.8683366]]]}},{"type":"Feature","id":1033966535,"properties":{"osmId":1033966535,"category":"academic","building":"yes"},"geometry":{"type":"Polygon","coordinates":[[[-117.2495781,32.8679534],[-117.2495762,32.8679693],[-117.2495805,32.8679849],[-117.2495906,32.8679985],[-117.2496053,32.8680086],[-117.2496232,32.8680142],[-117.2496423,32.8680146],[-117.2496605,32.8680099],[-117.2496759,32.8680004],[-117.2496869,32.8679871],[-117.2496921,32.8679716],[-117.249691,32.8679554],[-117.2496837,32.8679405],[-117.249671,32.8679283],[-117.2496542,32.8679203],[-117.2496353,32.8679174],[-117.2496163,32.8679197],[-117.2495992,32.8679272],[-117.2495861,32.8679388],[-117.2495781,32.8679534]]]}},{"type":"Feature","id":1040328604,"properties":{"osmId":1040328604,"category":"academic","building":"tent","temporary":"yes"},"geometry":{"type":"Polygon","coordinates":[[[-117.2383762,32.8779273],[-117.2383715,32.8776526],[-117.2381834,32.8776549],[-117.238188,32.8779295],[-117.2383762,32.8779273]]]}},{"type":"Feature","id":1040328605,"properties":{"osmId":1040328605,"category":"academic","building":"tent","temporary":"yes"},"geometry":{"type":"Polygon","coordinates":[[[-117.2381535,32.8779289],[-117.2381512,32.8776557],[-117.2379658,32.8776568],[-117.2379681,32.87793],[-117.2381535,32.8779289]]]}},{"type":"Feature","id":1058452576,"properties":{"osmId":1058452576,"category":"academic","access":"private","amenity":"bicycle_parking","bicycle_parking":"shed","building":"yes","covered":"yes"},"geometry":{"type":"Polygon","coordinates":[[[-117.2315876,32.8791293],[-117.2314954,32.8791698],[-117.2314673,32.8791249],[-117.2315595,32.8790843],[-117.2315876,32.8791293]]]}},{"type":"Feature","id":1072534876,"properties":{"osmId":1072534876,"category":"academic","amenity":"theatre","building":"no","name":"Epstein Family Amphitheater","theatre:type":"amphi","_wikiTried":true},"geometry":{"type":"Polygon","coordinates":[[[-117.2334882,32.8787236],[-117.2334907,32.8788402],[-117.2335499,32.8789423],[-117.2335552,32.8789515],[-117.2335607,32.8789663],[-117.2335418,32.8790412],[-117.2335095,32.8790466],[-117.2334224,32.8790618],[-117.2334905,32.8793239],[-117.2335973,32.8793987],[-117.2336472,32.8796303],[-117.2329373,32.8797247],[-117.2328325,32.8796904],[-117.2327186,32.8796386],[-117.2326559,32.8795651],[-117.2324382,32.8788731],[-117.2328524,32.8788141],[-117.2334882,32.8787236]]]}},{"type":"Feature","id":1072534879,"properties":{"osmId":1072534879,"category":"academic","building":"yes"},"geometry":{"type":"Polygon","coordinates":[[[-117.2319432,32.8788442],[-117.2319241,32.8787317],[-117.2318324,32.8787427],[-117.2318515,32.8788552],[-117.2319432,32.8788442]]]}},{"type":"Feature","id":1072534881,"properties":{"osmId":1072534881,"category":"academic","building":"yes","building:levels":"2"},"geometry":{"type":"Polygon","coordinates":[[[-117.2320975,32.8788213],[-117.2320899,32.8787873],[-117.2320706,32.8787902],[-117.2320414,32.8787946],[-117.2320195,32.8787979],[-117.2320261,32.8788319],[-117.232048,32.8788287],[-117.2320775,32.8788243],[-117.2320975,32.8788213]]]}},{"type":"Feature","id":1075921973,"properties":{"osmId":1075921973,"category":"academic","building":"yes"},"geometry":{"type":"Polygon","coordinates":[[[-117.230503,32.8790917],[-117.2305567,32.878975],[-117.230444,32.8789384],[-117.2303903,32.8790551],[-117.230503,32.8790917]]]}},{"type":"Feature","id":1076434094,"properties":{"osmId":1076434094,"category":"medical","building":"hospital"},"geometry":{"type":"Polygon","coordinates":[[[-117.224423,32.8851865],[-117.2244922,32.8853687],[-117.2245742,32.8855846],[-117.2244871,32.8856079],[-117.2246335,32.8859931],[-117.2245382,32.8860187],[-117.224551,32.8860524],[-117.2245092,32.8860636],[-117.2244459,32.8861003],[-117.224226,32.8858324],[-117.224199,32.8858154],[-117.2241619,32.8858041],[-117.2237762,32.8858252],[-117.2237686,32.8857276],[-117.2238104,32.8857164],[-117.2237538,32.8855646],[-117.2236843,32.8853843],[-117.2243116,32.8852163],[-117.2243805,32.8851975],[-117.224423,32.8851865]]]}},{"type":"Feature","id":1076434104,"properties":{"osmId":1076434104,"category":"academic","building":"yes"},"geometry":{"type":"Polygon","coordinates":[[[-117.2276508,32.8814939],[-117.2275248,32.8815419],[-117.2275441,32.8815776],[-117.2276701,32.8815297],[-117.2276508,32.8814939]]]}},{"type":"Feature","id":1078326951,"properties":{"osmId":1078326951,"category":"academic","building":"yes","building:levels":"10","check_date":"2023-07-25","name":"Sankofa","note":"21 stories tall, with 10 stories on West half. UCSD dorms.","_wikiTried":true},"geometry":{"type":"Polygon","coordinates":[[[-117.2426277,32.8725438],[-117.2422566,32.872541],[-117.2417836,32.8728122],[-117.2416589,32.8726588],[-117.2421214,32.8723936],[-117.2421726,32.8723643],[-117.2425596,32.8723671],[-117.2425593,32.872394],[-117.2426293,32.8723945],[-117.2426277,32.8725438]]]}},{"type":"Feature","id":1078326952,"properties":{"osmId":1078326952,"category":"academic","building":"yes","check_date":"2023-07-25","name":"Podemos","note":"16 stories.","_wikiTried":true},"geometry":{"type":"Polygon","coordinates":[[[-117.242095,32.8730189],[-117.2421572,32.8731478],[-117.242125,32.8731599],[-117.2421364,32.873183],[-117.2420735,32.8732024],[-117.2420899,32.8732473],[-117.2420943,32.873452],[-117.241959,32.873488],[-117.2414868,32.8734967],[-117.2414838,32.8730302],[-117.2416908,32.8730376],[-117.2417686,32.8729991],[-117.2419219,32.8729956],[-117.2419474,32.8730644],[-117.242095,32.8730189]]]}},{"type":"Feature","id":1106710645,"properties":{"osmId":1106710645,"category":"academic","amenity":"theatre","building":"yes"},"geometry":{"type":"Polygon","coordinates":[[[-117.2334344,32.879014],[-117.2334194,32.878985],[-117.2334034,32.8789533],[-117.2333911,32.8789312],[-117.2333686,32.8789058],[-117.2333417,32.8788854],[-117.2333163,32.8788721],[-117.2332897,32.8788617],[-117.2332634,32.8788543],[-117.2332336,32.8788507],[-117.2331954,32.8788521],[-117.2331608,32.8788563],[-117.2328684,32.8789036],[-117.2328524,32.8788141],[-117.2334882,32.8787236],[-117.2334907,32.8788402],[-117.2335499,32.8789423],[-117.2335552,32.8789515],[-117.2335868,32.8790171],[-117.2335095,32.8790466],[-117.2334852,32.8789983],[-117.2334344,32.879014]]]}},{"type":"Feature","id":1108002835,"properties":{"osmId":1108002835,"category":"academic","building":"roof","generator:method":"photovoltaic","generator:output:electricity":"yes","generator:source":"solar","generator:type":"solar_photovoltaic_panel","layer":"1","power":"generator"},"geometry":{"type":"Polygon","coordinates":[[[-117.2398112,32.8840722],[-117.2398104,32.8840044],[-117.2394539,32.8840072],[-117.2394547,32.8840751],[-117.2398112,32.8840722]]]}},{"type":"Feature","id":1108002836,"properties":{"osmId":1108002836,"category":"academic","building":"roof","generator:method":"photovoltaic","generator:output:electricity":"yes","generator:source":"solar","generator:type":"solar_photovoltaic_panel","layer":"1","power":"generator"},"geometry":{"type":"Polygon","coordinates":[[[-117.2393915,32.8840752],[-117.2393916,32.8840079],[-117.2392721,32.8840079],[-117.239272,32.8840752],[-117.2393915,32.8840752]]]}},{"type":"Feature","id":1108002837,"properties":{"osmId":1108002837,"category":"academic","building":"roof","generator:method":"photovoltaic","generator:output:electricity":"yes","generator:source":"solar","generator:type":"solar_photovoltaic_panel","layer":"1","power":"generator"},"geometry":{"type":"Polygon","coordinates":[[[-117.2392133,32.8840734],[-117.2392117,32.884008],[-117.2390932,32.88401],[-117.2390947,32.8840754],[-117.2392133,32.8840734]]]}},{"type":"Feature","id":1108002838,"properties":{"osmId":1108002838,"category":"academic","building":"roof","generator:method":"photovoltaic","generator:output:electricity":"yes","generator:source":"solar","generator:type":"solar_photovoltaic_panel","layer":"1","power":"generator"},"geometry":{"type":"Polygon","coordinates":[[[-117.2390286,32.8840801],[-117.2390298,32.8840117],[-117.2389098,32.8840101],[-117.2389086,32.8840786],[-117.2390286,32.8840801]]]}},{"type":"Feature","id":1108002839,"properties":{"osmId":1108002839,"category":"academic","building":"roof","generator:method":"photovoltaic","generator:output:electricity":"yes","generator:source":"solar","generator:type":"solar_photovoltaic_panel","layer":"1","power":"generator"},"geometry":{"type":"Polygon","coordinates":[[[-117.2387884,32.8840714],[-117.2387892,32.8839713],[-117.2388697,32.8839718],[-117.2388688,32.8840719],[-117.2387884,32.8840714]]]}},{"type":"Feature","id":1108002840,"properties":{"osmId":1108002840,"category":"academic","building":"roof","generator:method":"photovoltaic","generator:output:electricity":"yes","generator:source":"solar","generator:type":"solar_photovoltaic_panel","layer":"1","power":"generator"},"geometry":{"type":"Polygon","coordinates":[[[-117.2388683,32.88394],[-117.2387888,32.8839399],[-117.238789,32.8838412],[-117.2388685,32.8838413],[-117.2388683,32.88394]]]}},{"type":"Feature","id":1108002841,"properties":{"osmId":1108002841,"category":"academic","building":"roof","generator:method":"photovoltaic","generator:output:electricity":"yes","generator:source":"solar","generator:type":"solar_photovoltaic_panel","layer":"1","power":"generator"},"geometry":{"type":"Polygon","coordinates":[[[-117.2388655,32.8837739],[-117.238787,32.8837738],[-117.2387872,32.883676],[-117.2388657,32.8836761],[-117.2388655,32.8837739]]]}},{"type":"Feature","id":1108002842,"properties":{"osmId":1108002842,"category":"academic","building":"roof","generator:method":"photovoltaic","generator:output:electricity":"yes","generator:source":"solar","generator:type":"solar_photovoltaic_panel","power":"generator"},"geometry":{"type":"Polygon","coordinates":[[[-117.2391484,32.8837808],[-117.2389079,32.8837831],[-117.2389066,32.8836811],[-117.2391471,32.8836788],[-117.2391484,32.8837808]]]}},{"type":"Feature","id":1108002843,"properties":{"osmId":1108002843,"category":"academic","building":"roof","generator:method":"photovoltaic","generator:output:electricity":"yes","generator:source":"solar","generator:type":"solar_photovoltaic_panel","power":"generator"},"geometry":{"type":"Polygon","coordinates":[[[-117.2397479,32.8839417],[-117.2390284,32.8839482],[-117.2390271,32.8838463],[-117.2397466,32.8838397],[-117.2397479,32.8839417]]]}},{"type":"Feature","id":1108002844,"properties":{"osmId":1108002844,"category":"academic","building":"roof","generator:method":"photovoltaic","generator:output:electricity":"yes","generator:source":"solar","generator:type":"solar_photovoltaic_panel","power":"generator"},"geometry":{"type":"Polygon","coordinates":[[[-117.239632,32.8837778],[-117.2393915,32.8837818],[-117.2393891,32.883678],[-117.2396296,32.8836741],[-117.239632,32.8837778]]]}},{"type":"Feature","id":1108002845,"properties":{"osmId":1108002845,"category":"academic","building":"roof","generator:method":"photovoltaic","generator:output:electricity":"yes","generator:source":"solar","generator:type":"solar_photovoltaic_panel","layer":"1","power":"generator"},"geometry":{"type":"Polygon","coordinates":[[[-117.2390238,32.8836184],[-117.239023,32.883549],[-117.2397602,32.8835425],[-117.2398474,32.8835417],[-117.2398639,32.8835424],[-117.2398648,32.8836113],[-117.2390238,32.8836184]]]}},{"type":"Feature","id":1108002846,"properties":{"osmId":1108002846,"category":"academic","building":"roof","generator:method":"photovoltaic","generator:output:electricity":"yes","generator:source":"solar","generator:type":"solar_photovoltaic_panel","layer":"1","power":"generator"},"geometry":{"type":"Polygon","coordinates":[[[-117.2399267,32.8839371],[-117.2398492,32.8839381],[-117.2398474,32.8838404],[-117.2399249,32.8838394],[-117.2399267,32.8839371]]]}},{"type":"Feature","id":1108002847,"properties":{"osmId":1108002847,"category":"academic","building":"roof","generator:method":"photovoltaic","generator:output:electricity":"yes","generator:source":"solar","generator:type":"solar_photovoltaic_panel","layer":"1","power":"generator"},"geometry":{"type":"Polygon","coordinates":[[[-117.2399255,32.8837716],[-117.2398431,32.883771],[-117.239844,32.8836729],[-117.2399264,32.8836734],[-117.2399255,32.8837716]]]}},{"type":"Feature","id":1108002848,"properties":{"osmId":1108002848,"category":"academic","building":"roof","generator:method":"photovoltaic","generator:output:electricity":"yes","generator:source":"solar","generator:type":"solar_photovoltaic_panel","layer":"1","power":"generator"},"geometry":{"type":"Polygon","coordinates":[[[-117.2339571,32.8779137],[-117.2338458,32.8779273],[-117.2337224,32.8779453],[-117.2337063,32.8778856],[-117.2338257,32.8778642],[-117.2339491,32.8778473],[-117.2339571,32.8779137]]]}},{"type":"Feature","id":1108002849,"properties":{"osmId":1108002849,"category":"academic","building":"roof","generator:method":"photovoltaic","generator:output:electricity":"yes","generator:source":"solar","generator:type":"solar_photovoltaic_panel","layer":"1","power":"generator"},"geometry":{"type":"Polygon","coordinates":[[[-117.2336942,32.8778445],[-117.2335769,32.8778602],[-117.2335601,32.8777662],[-117.2336795,32.8777516],[-117.2336942,32.8778445]]]}},{"type":"Feature","id":1108002850,"properties":{"osmId":1108002850,"category":"academic","building":"roof","generator:method":"photovoltaic","generator:output:electricity":"yes","generator:source":"solar","generator:type":"solar_photovoltaic_panel","layer":"1","power":"generator"},"geometry":{"type":"Polygon","coordinates":[[[-117.2336681,32.8776958],[-117.2335494,32.8777144],[-117.2335279,32.8776232],[-117.2336493,32.8776051],[-117.2336681,32.8776958]]]}},{"type":"Feature","id":1108002851,"properties":{"osmId":1108002851,"category":"academic","building":"roof","generator:method":"photovoltaic","generator:output:electricity":"yes","generator:source":"solar","generator:type":"solar_photovoltaic_panel","layer":"1","power":"generator"},"geometry":{"type":"Polygon","coordinates":[[[-117.2338921,32.8778169],[-117.2337754,32.8778332],[-117.2337586,32.8777409],[-117.2338746,32.8777234],[-117.2338921,32.8778169]]]}},{"type":"Feature","id":1108002852,"properties":{"osmId":1108002852,"category":"academic","building":"roof","generator:method":"photovoltaic","generator:output:electricity":"yes","generator:source":"solar","generator:type":"solar_photovoltaic_panel","layer":"1","power":"generator"},"geometry":{"type":"Polygon","coordinates":[[[-117.2338652,32.877671],[-117.2337486,32.8776874],[-117.2337311,32.8775956],[-117.2338512,32.8775781],[-117.2338652,32.877671]]]}},{"type":"Feature","id":1108002853,"properties":{"osmId":1108002853,"category":"academic","building":"roof","generator:method":"photovoltaic","generator:output:electricity":"yes","generator:source":"solar","generator:type":"solar_photovoltaic_panel","layer":"1","power":"generator"},"geometry":{"type":"Polygon","coordinates":[[[-117.2338371,32.877519],[-117.2337231,32.8775404],[-117.2336969,32.8774474],[-117.233819,32.8774266],[-117.2338371,32.877519]]]}},{"type":"Feature","id":1108002854,"properties":{"osmId":1108002854,"category":"academic","building":"roof","generator:method":"photovoltaic","generator:output:electricity":"yes","generator:source":"solar","generator:type":"solar_photovoltaic_panel","layer":"1","power":"generator"},"geometry":{"type":"Polygon","coordinates":[[[-117.2338096,32.8773748],[-117.2336895,32.8773911],[-117.2336748,32.8772977],[-117.2337928,32.8772813],[-117.2338096,32.8773748]]]}},{"type":"Feature","id":1108002855,"properties":{"osmId":1108002855,"category":"academic","building":"roof","generator:method":"photovoltaic","generator:output:electricity":"yes","generator:source":"solar","generator:type":"solar_photovoltaic_panel","layer":"1","power":"generator"},"geometry":{"type":"Polygon","coordinates":[[[-117.2336104,32.877399],[-117.2334931,32.8774187],[-117.2334703,32.877323],[-117.233587,32.8773055],[-117.2336104,32.877399]]]}},{"type":"Feature","id":1108002856,"properties":{"osmId":1108002856,"category":"academic","building":"roof","generator:method":"photovoltaic","generator:output:electricity":"yes","generator:source":"solar","generator:type":"solar_photovoltaic_panel","layer":"1","power":"generator"},"geometry":{"type":"Polygon","coordinates":[[[-117.2336433,32.8775511],[-117.2335172,32.8775674],[-117.2335005,32.8774722],[-117.2336245,32.8774553],[-117.2336433,32.8775511]]]}},{"type":"Feature","id":1108002857,"properties":{"osmId":1108002857,"category":"academic","building":"roof","generator:method":"photovoltaic","generator:output:electricity":"yes","generator:source":"solar","generator:type":"solar_photovoltaic_panel","layer":"1","power":"generator"},"geometry":{"type":"Polygon","coordinates":[[[-117.2335085,32.8779149],[-117.2334324,32.8779286],[-117.2334131,32.8778362],[-117.233485,32.8778253],[-117.2335085,32.8779149]]]}},{"type":"Feature","id":1108002858,"properties":{"osmId":1108002858,"category":"academic","building":"roof","generator:method":"photovoltaic","generator:output:electricity":"yes","generator:source":"solar","generator:type":"solar_photovoltaic_panel","layer":"1","power":"generator"},"geometry":{"type":"Polygon","coordinates":[[[-117.2334783,32.8777701],[-117.2334018,32.8777823],[-117.2333827,32.8776909],[-117.2334595,32.8776789],[-117.2334783,32.8777701]]]}},{"type":"Feature","id":1108002859,"properties":{"osmId":1108002859,"category":"academic","building":"roof","generator:method":"photovoltaic","generator:output:electricity":"yes","generator:source":"solar","generator:type":"solar_photovoltaic_panel","layer":"1","power":"generator"},"geometry":{"type":"Polygon","coordinates":[[[-117.2334508,32.8776237],[-117.2333712,32.8776357],[-117.2333516,32.8775421],[-117.2334347,32.8775325],[-117.2334508,32.8776237]]]}},{"type":"Feature","id":1108002860,"properties":{"osmId":1108002860,"category":"academic","building":"roof","generator:method":"photovoltaic","generator:output:electricity":"yes","generator:source":"solar","generator:type":"solar_photovoltaic_panel","layer":"1","power":"generator"},"geometry":{"type":"Polygon","coordinates":[[[-117.2334186,32.8774756],[-117.2333402,32.8774875],[-117.2333209,32.8773949],[-117.2333992,32.8773827],[-117.2334119,32.8774436],[-117.2334186,32.8774756]]]}},{"type":"Feature","id":1108002861,"properties":{"osmId":1108002861,"category":"academic","building":"roof","generator:method":"photovoltaic","generator:output:electricity":"yes","generator:source":"solar","generator:type":"solar_photovoltaic_panel","layer":"1","power":"generator"},"geometry":{"type":"Polygon","coordinates":[[[-117.2333905,32.8773269],[-117.2333819,32.8773281],[-117.2333092,32.8773391],[-117.2332985,32.8772836],[-117.2332952,32.8772668],[-117.2332912,32.8772458],[-117.2333717,32.8772346],[-117.2333905,32.8773269]]]}},{"type":"Feature","id":1109903209,"properties":{"osmId":1109903209,"category":"academic","building":"yes","check_date":"2023-07-25","name":"Survivance","note":"11 stories.","_wikiTried":true},"geometry":{"type":"Polygon","coordinates":[[[-117.2424557,32.8716485],[-117.2422453,32.8717496],[-117.2421894,32.8718849],[-117.2420729,32.8719401],[-117.2427752,32.8721329],[-117.2429718,32.8721869],[-117.2429944,32.8721869],[-117.2430924,32.8721869],[-117.2430871,32.8722358],[-117.2431848,32.8722355],[-117.2431842,32.8722831],[-117.2433645,32.8722846],[-117.2433583,32.8721177],[-117.2433316,32.8721198],[-117.243348,32.8718393],[-117.2430693,32.8718454],[-117.2429688,32.8718477],[-117.2428033,32.8718513],[-117.2424557,32.8716485]]]}},{"type":"Feature","id":1109903210,"properties":{"osmId":1109903210,"category":"academic","building":"yes","building:levels":"9","check_date":"2023-07-25","name":"Azad","note":"9 stories","_wikiTried":true},"geometry":{"type":"Polygon","coordinates":[[[-117.2433768,32.8725421],[-117.2433753,32.8724057],[-117.2433121,32.8724062],[-117.2433119,32.8723871],[-117.2428973,32.8723904],[-117.2428976,32.8724188],[-117.2428288,32.8724193],[-117.2428302,32.8725464],[-117.2433768,32.8725421]]]}},{"type":"Feature","id":1109903211,"properties":{"osmId":1109903211,"category":"academic","building":"yes","building:levels":"10","check_date":"2023-07-25","name":"Pulse","note":"10 Stories.","_wikiTried":true},"geometry":{"type":"Polygon","coordinates":[[[-117.2433643,32.873048],[-117.243087,32.8730429],[-117.2428594,32.8730388],[-117.2424831,32.8731524],[-117.2424488,32.8730722],[-117.2424938,32.8730586],[-117.2424374,32.8729618],[-117.2428004,32.8728668],[-117.2433628,32.8728732],[-117.2433643,32.873048]]]}},{"type":"Feature","id":1112153936,"properties":{"osmId":1112153936,"category":"academic","building":"yes"},"geometry":{"type":"Polygon","coordinates":[[[-117.2434188,32.8819221],[-117.2434194,32.8819546],[-117.2433516,32.8819556],[-117.2433509,32.8819231],[-117.2434188,32.8819221]]]}},{"type":"Feature","id":1112153937,"properties":{"osmId":1112153937,"category":"academic","building":"yes","roof:colour":"white","roof:orientation":"along","roof:shape":"gabled"},"geometry":{"type":"Polygon","coordinates":[[[-117.2430188,32.8822685],[-117.2430201,32.8823556],[-117.243098,32.8823547],[-117.2430966,32.8822676],[-117.2430188,32.8822685]]]}},{"type":"Feature","id":1112153938,"properties":{"osmId":1112153938,"category":"academic","building":"yes","building_type":"education","roof:colour":"white","sangis:OBJECTID":"11183","sangis:TYPE":"Education","source":"SanGIS Footprints_Nonresidential_SD public domain (http://www.sangis.org/)"},"geometry":{"type":"Polygon","coordinates":[[[-117.2434467,32.8826259],[-117.2434469,32.8827341],[-117.2432467,32.8827344],[-117.2432464,32.8826262],[-117.2434467,32.8826259]]]}},{"type":"Feature","id":1112668821,"properties":{"osmId":1112668821,"category":"academic","building":"yes","roof:colour":"grey","roof:shape":"flat"},"geometry":{"type":"Polygon","coordinates":[[[-117.2434518,32.8816049],[-117.2434518,32.881585],[-117.2433478,32.8815847],[-117.2433477,32.8816027],[-117.2432949,32.8816026],[-117.2432953,32.8815008],[-117.2434906,32.8815013],[-117.2434902,32.881605],[-117.2434518,32.8816049]]]}},{"type":"Feature","id":1122460200,"properties":{"osmId":1122460200,"category":"residential","building":"dormitory","building:colour":"beige","building:levels":"4","building:material":"stucco","building_type":"residential","name":"Asia Hall","roof:colour":"lightgrey","sangis:OBJECTID":"10679","sangis:TYPE":"Education","source":"SanGIS Footprints_Nonresidential_SD public domain (http://www.sangis.org/);local knowledge;streetlevel imagery","year_of_construction":"2003","_wikiTried":true},"geometry":{"type":"Polygon","coordinates":[[[-117.2433745,32.8859198],[-117.243374,32.8858715],[-117.2433749,32.8858662],[-117.2433901,32.8858663],[-117.2433909,32.8857318],[-117.2433762,32.8857318],[-117.2433766,32.8856821],[-117.2434337,32.8856823],[-117.243444,32.8856735],[-117.2434496,32.8856823],[-117.2434717,32.8856824],[-117.243482,32.8856734],[-117.2434884,32.8856824],[-117.24351,32.8856824],[-117.2435203,32.8856737],[-117.2435268,32.8856825],[-117.2435476,32.8856825],[-117.2435579,32.8856735],[-117.2435643,32.8856826],[-117.2435858,32.8856826],[-117.2435961,32.8856739],[-117.2436025,32.8856826],[-117.2436383,32.8856831],[-117.2436381,32.8857341],[-117.2436306,32.8857341],[-117.2436305,32.8857466],[-117.2435911,32.8857464],[-117.2435906,32.8858518],[-117.2436265,32.885852],[-117.2436265,32.885866],[-117.2436388,32.8858661],[-117.2436385,32.8859212],[-117.2435992,32.885921],[-117.2435926,32.8859297],[-117.2435824,32.8859209],[-117.2435609,32.8859208],[-117.2435544,32.8859298],[-117.2435442,32.8859207],[-117.2435234,32.8859206],[-117.2435168,32.8859293],[-117.2435066,32.8859205],[-117.2434851,32.8859204],[-117.2434785,32.8859293],[-117.2434683,32.8859203],[-117.2434463,32.8859202],[-117.2434406,32.8859289],[-117.2434304,32.8859201],[-117.2433745,32.8859198]]]}},{"type":"Feature","id":1122460201,"properties":{"osmId":1122460201,"category":"residential","building":"dormitory","building:colour":"beige","building:levels":"4","building:material":"stucco","building_type":"residential","name":"Europe Hall","roof:colour":"lightgrey","sangis:OBJECTID":"10679","sangis:TYPE":"Education","source":"SanGIS Footprints_Nonresidential_SD public domain (http://www.sangis.org/);local knowledge;streetlevel imagery","year_of_construction":"2003","_wikiTried":true},"geometry":{"type":"Polygon","coordinates":[[[-117.2433756,32.8855787],[-117.2433775,32.8855751],[-117.2433779,32.8855252],[-117.2433919,32.8855252],[-117.2433927,32.8853908],[-117.243379,32.8853907],[-117.2433794,32.885341],[-117.2434355,32.8853412],[-117.2434458,32.8853324],[-117.2434514,32.8853413],[-117.2434735,32.8853413],[-117.2434838,32.8853324],[-117.2434902,32.8853413],[-117.2435118,32.8853414],[-117.2435221,32.8853327],[-117.2435285,32.8853414],[-117.2435493,32.8853415],[-117.2435596,32.8853325],[-117.2435661,32.8853415],[-117.2435875,32.8853416],[-117.2435978,32.8853328],[-117.2436043,32.8853416],[-117.2436401,32.885342],[-117.2436398,32.885393],[-117.2436324,32.885393],[-117.2436323,32.8854055],[-117.2435929,32.8854054],[-117.2435923,32.8855108],[-117.2436283,32.8855109],[-117.2436282,32.885525],[-117.2436406,32.885525],[-117.2436403,32.8855801],[-117.2436009,32.8855799],[-117.2435944,32.8855886],[-117.2435842,32.8855798],[-117.2435627,32.8855797],[-117.2435562,32.8855887],[-117.243546,32.8855796],[-117.2435252,32.8855795],[-117.2435186,32.8855882],[-117.2435084,32.8855794],[-117.2434868,32.8855793],[-117.2434803,32.8855882],[-117.2434701,32.8855792],[-117.243448,32.8855791],[-117.2434424,32.8855879],[-117.2434322,32.885579],[-117.2433756,32.8855787]]]}},{"type":"Feature","id":1122460202,"properties":{"osmId":1122460202,"category":"residential","building":"dormitory","building:colour":"beige","building:levels":"4","building:material":"stucco","building_type":"residential","name":"Latin America Hall","roof:colour":"lightgrey","sangis:OBJECTID":"10679","sangis:TYPE":"Education","source":"SanGIS Footprints_Nonresidential_SD public domain (http://www.sangis.org/);local knowledge;streetlevel imagery","year_of_construction":"2003","_wikiTried":true},"geometry":{"type":"Polygon","coordinates":[[[-117.2433804,32.8852303],[-117.2433808,32.8851767],[-117.2433972,32.8851767],[-117.243398,32.8850423],[-117.243382,32.8850422],[-117.2433824,32.8849926],[-117.2434408,32.8849928],[-117.2434511,32.884984],[-117.2434567,32.8849928],[-117.2434788,32.8849928],[-117.2434891,32.8849839],[-117.2434955,32.8849929],[-117.2435171,32.8849929],[-117.2435274,32.8849842],[-117.2435338,32.884993],[-117.2435546,32.884993],[-117.2435649,32.884984],[-117.2435714,32.884993],[-117.2435929,32.8849931],[-117.2436032,32.8849844],[-117.2436096,32.8849931],[-117.2436454,32.8849935],[-117.2436452,32.8850446],[-117.2436377,32.8850445],[-117.2436376,32.8850571],[-117.2435982,32.8850569],[-117.2435976,32.8851623],[-117.2436336,32.8851625],[-117.2436335,32.8851765],[-117.2436459,32.8851766],[-117.2436456,32.8852317],[-117.2436062,32.8852314],[-117.2435997,32.8852402],[-117.2435895,32.8852314],[-117.243568,32.8852312],[-117.2435615,32.8852402],[-117.2435513,32.8852312],[-117.2435305,32.885231],[-117.2435239,32.8852398],[-117.2435137,32.885231],[-117.2434921,32.8852308],[-117.2434856,32.8852398],[-117.2434754,32.8852308],[-117.2434533,32.8852306],[-117.2434477,32.8852394],[-117.2434375,32.8852306],[-117.2433804,32.8852303]]]}},{"type":"Feature","id":1122460203,"properties":{"osmId":1122460203,"category":"residential","building":"dormitory","building:colour":"beige","building:levels":"4","building:material":"stucco","building_type":"residential","name":"North America Hall","roof:colour":"lightgrey","sangis:OBJECTID":"10679","sangis:TYPE":"Education","source":"SanGIS Footprints_Nonresidential_SD public domain (http://www.sangis.org/);local knowledge;streetlevel imagery","year_of_construction":"2003","_wikiTried":true},"geometry":{"type":"Polygon","coordinates":[[[-117.2433833,32.884884],[-117.2433838,32.8848304],[-117.2433963,32.8848305],[-117.2433971,32.884696],[-117.2433849,32.884696],[-117.2433853,32.8846463],[-117.2434399,32.8846465],[-117.2434502,32.8846377],[-117.2434558,32.8846465],[-117.2434779,32.8846466],[-117.2434882,32.8846377],[-117.2434946,32.8846466],[-117.2435162,32.8846467],[-117.2435265,32.884638],[-117.2435329,32.8846467],[-117.2435538,32.8846467],[-117.2435641,32.8846377],[-117.2435705,32.8846468],[-117.243592,32.8846468],[-117.2436023,32.8846381],[-117.2436087,32.8846469],[-117.2436381,32.8846472],[-117.2436445,32.8846473],[-117.2436443,32.8846983],[-117.2436368,32.8846983],[-117.2436367,32.8847108],[-117.2435973,32.8847107],[-117.2435967,32.8848161],[-117.2436327,32.8848162],[-117.2436326,32.8848303],[-117.243645,32.8848303],[-117.2436447,32.8848854],[-117.2436054,32.8848852],[-117.2435988,32.8848939],[-117.2435886,32.8848851],[-117.2435671,32.884885],[-117.2435606,32.884894],[-117.2435504,32.8848849],[-117.2435296,32.8848848],[-117.243523,32.8848935],[-117.2435128,32.8848847],[-117.2434913,32.8848846],[-117.2434847,32.8848935],[-117.2434745,32.8848845],[-117.2434525,32.8848844],[-117.2434468,32.8848932],[-117.2434366,32.8848843],[-117.2433833,32.884884]]]}},{"type":"Feature","id":1122467070,"properties":{"osmId":1122467070,"category":"academic","building":"yes","building:colour":"beige","building:material":"stucco","roof:colour":"lightgrey"},"geometry":{"type":"Polygon","coordinates":[[[-117.2423183,32.8862759],[-117.241984,32.8862722],[-117.2420739,32.886232],[-117.24209,32.8862267],[-117.242102,32.8862227],[-117.2421457,32.8862085],[-117.2421942,32.8861957],[-117.2422432,32.8861844],[-117.2422981,32.8861781],[-117.2423186,32.8861772],[-117.2423337,32.8861766],[-117.2423337,32.8862594],[-117.2423265,32.8862594],[-117.242318,32.8862594],[-117.2423183,32.8862759]]]}},{"type":"Feature","id":1122512042,"properties":{"osmId":1122512042,"category":"academic","building":"yes","building:colour":"beige","building:levels":"0","building:material":"stucco","layer":"1","name":"ERC Laundry East","roof:colour":"lightgrey","self_service":"yes","shop":"laundry","_wikiTried":true},"geometry":{"type":"Polygon","coordinates":[[[-117.2419149,32.8854587],[-117.241852,32.8854596],[-117.241838,32.8854597],[-117.241786,32.8854599],[-117.2417824,32.8851418],[-117.2418306,32.8851413],[-117.2418446,32.8851412],[-117.2419131,32.8851404],[-117.2419133,32.8851589],[-117.2419134,32.8851727],[-117.2419139,32.8852976],[-117.2419145,32.8854238],[-117.2419149,32.8854587]]]}},{"type":"Feature","id":1124296253,"properties":{"osmId":1124296253,"category":"academic","building":"yes"},"geometry":{"type":"Polygon","coordinates":[[[-117.242634,32.8858789],[-117.2426103,32.8858793],[-117.242564,32.8858801],[-117.2425633,32.8858259],[-117.2426341,32.8858253],[-117.2426343,32.885848],[-117.242634,32.8858789]]]}},{"type":"Feature","id":1124296259,"properties":{"osmId":1124296259,"category":"academic","building":"yes","building:colour":"beige","building:levels":"1","building:material":"stucco","roof:colour":"lightgrey"},"geometry":{"type":"Polygon","coordinates":[[[-117.2426209,32.8847587],[-117.2426197,32.8847131],[-117.2426194,32.8847023],[-117.2425421,32.884702],[-117.2425412,32.8847594],[-117.2426209,32.8847587]]]}},{"type":"Feature","id":1124296277,"properties":{"osmId":1124296277,"category":"academic","building":"yes"},"geometry":{"type":"Polygon","coordinates":[[[-117.2417635,32.8856797],[-117.241713,32.8856801],[-117.2417118,32.8856011],[-117.2417626,32.8856002],[-117.2417635,32.8856797]]]}},{"type":"Feature","id":1124459351,"properties":{"osmId":1124459351,"category":"academic","building":"yes"},"geometry":{"type":"Polygon","coordinates":[[[-117.2402703,32.8856597],[-117.2402637,32.8856099],[-117.2402052,32.8856154],[-117.2402118,32.8856652],[-117.2402703,32.8856597]]]}},{"type":"Feature","id":1124459354,"properties":{"osmId":1124459354,"category":"athletic","building":"grandstand"},"geometry":{"type":"Polygon","coordinates":[[[-117.2404662,32.8858802],[-117.240415,32.8858821],[-117.2403862,32.8858832],[-117.2403827,32.8858459],[-117.2403103,32.8857905],[-117.2402514,32.88579],[-117.2402489,32.8857748],[-117.2402454,32.8857042],[-117.2402717,32.8857022],[-117.2402777,32.8857297],[-117.2402852,32.8857278],[-117.2402987,32.8857287],[-117.240294,32.8857057],[-117.2403208,32.8857057],[-117.240335,32.8857161],[-117.2404721,32.8858171],[-117.2404662,32.8858802]]]}},{"type":"Feature","id":1125914284,"properties":{"osmId":1125914284,"category":"academic","building":"yes","building_type":"education","sangis:OBJECTID":"11195","sangis:TYPE":"Education","source":"SanGIS Footprints_Nonresidential_SD public domain (http://www.sangis.org/)"},"geometry":{"type":"Polygon","coordinates":[[[-117.2417713,32.8831372],[-117.2417711,32.8831171],[-117.2417581,32.8831172],[-117.2417577,32.883065],[-117.2417252,32.8830652],[-117.2417249,32.8830251],[-117.2417831,32.8830248],[-117.2417825,32.8829548],[-117.2417065,32.8829553],[-117.2417067,32.8829912],[-117.2416013,32.8829917],[-117.241601,32.8829556],[-117.2415629,32.8829558],[-117.2415627,32.8829205],[-117.2415746,32.8829204],[-117.2415742,32.8828674],[-117.2415873,32.8828673],[-117.2415871,32.8828459],[-117.2416299,32.8828457],[-117.24163,32.8828536],[-117.241673,32.8828534],[-117.241673,32.8828451],[-117.241719,32.8828449],[-117.2417192,32.8828649],[-117.2417331,32.8828648],[-117.2417335,32.8829172],[-117.241747,32.8829171],[-117.2417555,32.8829171],[-117.2417551,32.8828641],[-117.2417682,32.882864],[-117.241768,32.8828443],[-117.241814,32.8828441],[-117.2418141,32.8828527],[-117.241856,32.8828525],[-117.241856,32.8828448],[-117.241901,32.8828445],[-117.2419011,32.882864],[-117.2419171,32.8828639],[-117.2419175,32.8829131],[-117.2419296,32.8829131],[-117.2419297,32.8829196],[-117.24193,32.8829592],[-117.2418931,32.8829595],[-117.2418936,32.8830214],[-117.2419634,32.8830209],[-117.2419631,32.8829873],[-117.2420759,32.8829865],[-117.2420762,32.8830214],[-117.2421133,32.8830211],[-117.2421136,32.8830625],[-117.2420997,32.8830626],[-117.2421001,32.883112],[-117.2420832,32.8831121],[-117.2420834,32.8831331],[-117.2420417,32.8831334],[-117.2420416,32.8831253],[-117.2419964,32.8831256],[-117.2419965,32.8831351],[-117.2419544,32.8831354],[-117.2419542,32.8831142],[-117.2419422,32.8831142],[-117.2419416,32.8830622],[-117.241932,32.8830623],[-117.2419154,32.8830624],[-117.241916,32.8831143],[-117.2419021,32.8831144],[-117.2419023,32.8831352],[-117.2418586,32.8831355],[-117.2418585,32.8831279],[-117.2418166,32.8831281],[-117.2418166,32.8831369],[-117.2417713,32.8831372]]]}},{"type":"Feature","id":1125914285,"properties":{"osmId":1125914285,"category":"academic","building":"yes","building_type":"education","sangis:OBJECTID":"11195","sangis:TYPE":"Education","source":"SanGIS Footprints_Nonresidential_SD public domain (http://www.sangis.org/)"},"geometry":{"type":"Polygon","coordinates":[[[-117.2420864,32.8832091],[-117.2420866,32.8832292],[-117.2420996,32.8832291],[-117.2421,32.8832811],[-117.2421131,32.8832811],[-117.2421135,32.8833249],[-117.2420764,32.8833252],[-117.2420771,32.8833904],[-117.242115,32.8833901],[-117.2421154,32.8834297],[-117.2421004,32.8834298],[-117.2421009,32.8834822],[-117.2420879,32.8834823],[-117.2420881,32.8835029],[-117.242066,32.883503],[-117.2420594,32.8835031],[-117.2420429,32.8835032],[-117.2420428,32.8834947],[-117.2420002,32.883495],[-117.2420003,32.8835029],[-117.2419559,32.8835032],[-117.2419557,32.8834827],[-117.2419397,32.8834828],[-117.2419392,32.8834338],[-117.2419292,32.8834338],[-117.2419292,32.88343],[-117.2419288,32.8833917],[-117.2419688,32.8833914],[-117.2419682,32.8833215],[-117.2418879,32.8833221],[-117.2418882,32.8833558],[-117.2417858,32.8833565],[-117.2417855,32.8833217],[-117.2417326,32.883322],[-117.2417323,32.8832881],[-117.24174,32.8832881],[-117.2417593,32.883288],[-117.2417588,32.8832367],[-117.2417748,32.8832366],[-117.2417746,32.8832147],[-117.2418144,32.8832145],[-117.2418145,32.8832217],[-117.2418595,32.8832214],[-117.2418594,32.8832119],[-117.2419026,32.8832116],[-117.2419027,32.8832329],[-117.2419147,32.8832329],[-117.241915,32.8832842],[-117.241932,32.8832841],[-117.2419399,32.883284],[-117.2419396,32.8832315],[-117.2419536,32.8832315],[-117.2419535,32.8832109],[-117.2419994,32.8832106],[-117.2419995,32.8832184],[-117.2420396,32.8832182],[-117.2420395,32.8832094],[-117.2420864,32.8832091]]]}},{"type":"Feature","id":1125916343,"properties":{"osmId":1125916343,"category":"academic","addr:city":"La Jolla","addr:housenumber":"8980","addr:postcode":"92037","addr:state":"CA","addr:street":"Villa La Jolla Drive","building":"university","building:levels":"7","name":"UCSD Extended Studies","_wikiTried":true},"geometry":{"type":"Polygon","coordinates":[[[-117.2346854,32.8714567],[-117.2340721,32.8714403],[-117.2340863,32.8710665],[-117.2346997,32.8710831],[-117.2346854,32.8714567]]]}},{"type":"Feature","id":1125942520,"properties":{"osmId":1125942520,"category":"academic","building":"yes","building_type":"education","sangis:OBJECTID":"11194","sangis:TYPE":"Education","source":"SanGIS Footprints_Nonresidential_SD public domain (http://www.sangis.org/)"},"geometry":{"type":"Polygon","coordinates":[[[-117.2407809,32.8829756],[-117.2407802,32.883014],[-117.2407932,32.8830142],[-117.2407925,32.8830514],[-117.240781,32.8830512],[-117.2407803,32.8830864],[-117.2408073,32.8830868],[-117.2408071,32.8830975],[-117.2408695,32.8830983],[-117.2408691,32.8831222],[-117.2408083,32.8831214],[-117.240808,32.8831332],[-117.2407812,32.8831329],[-117.2407806,32.8831675],[-117.2407916,32.8831676],[-117.240791,32.8832066],[-117.2407798,32.8832065],[-117.2407792,32.8832417],[-117.2408039,32.883242],[-117.2408037,32.8832533],[-117.2408637,32.8832541],[-117.2408635,32.8832665],[-117.2409109,32.8832671],[-117.2409114,32.8832344],[-117.2409888,32.8832353],[-117.2409883,32.8832661],[-117.2409917,32.8832661],[-117.2410377,32.8832667],[-117.2410379,32.8832546],[-117.2410923,32.8832552],[-117.2410971,32.8832553],[-117.2410973,32.8832427],[-117.2411093,32.8832429],[-117.2411246,32.883243],[-117.2411253,32.8832074],[-117.2411169,32.8832073],[-117.2411165,32.8831711],[-117.2411252,32.8831711],[-117.2411255,32.8831333],[-117.2411041,32.8831336],[-117.2411043,32.8831206],[-117.2410433,32.8831198],[-117.2410435,32.8831081],[-117.2409892,32.8831074],[-117.2409886,32.8831386],[-117.2409202,32.8831378],[-117.2409212,32.883086],[-117.240959,32.8830865],[-117.2409608,32.8829869],[-117.2409184,32.8829863],[-117.240919,32.8829552],[-117.2408685,32.8829545],[-117.2408683,32.8829655],[-117.240807,32.8829647],[-117.2408068,32.8829759],[-117.2407809,32.8829756]]]}},{"type":"Feature","id":1126361096,"properties":{"osmId":1126361096,"category":"academic","building":"roof","layer":"1","roof:colour":"white","roof:orientation":"across","roof:shape":"round"},"geometry":{"type":"Polygon","coordinates":[[[-117.2334344,32.879014],[-117.2333385,32.8790322],[-117.2332815,32.8790335],[-117.2332332,32.8790202],[-117.233203,32.8789985],[-117.2331799,32.8789597],[-117.2331608,32.8788563],[-117.2331954,32.8788521],[-117.2332336,32.8788507],[-117.2332634,32.8788543],[-117.2332897,32.8788617],[-117.2333163,32.8788721],[-117.2333417,32.8788854],[-117.2333686,32.8789058],[-117.2333911,32.8789312],[-117.2334034,32.8789533],[-117.2334194,32.878985],[-117.2334344,32.879014]]]}},{"type":"Feature","id":1126576593,"properties":{"osmId":1126576593,"category":"academic","building":"yes"},"geometry":{"type":"Polygon","coordinates":[[[-117.2351376,32.8803728],[-117.2350416,32.880372],[-117.2350395,32.8802747],[-117.2351764,32.8802742],[-117.2351761,32.8803094],[-117.2351767,32.880331],[-117.2351386,32.8803306],[-117.2351376,32.8803728]]]}},{"type":"Feature","id":1126576595,"properties":{"osmId":1126576595,"category":"academic","building":"yes"},"geometry":{"type":"Polygon","coordinates":[[[-117.234844,32.880278],[-117.234843,32.8802298],[-117.23478,32.8802289],[-117.234783,32.880313],[-117.2348353,32.8803121],[-117.2348343,32.880278],[-117.234844,32.880278]]]}},{"type":"Feature","id":1126576601,"properties":{"osmId":1126576601,"category":"academic","building":"roof","layer":"1"},"geometry":{"type":"Polygon","coordinates":[[[-117.2350487,32.880597],[-117.2350485,32.8805765],[-117.2352695,32.8805757],[-117.2352703,32.8805961],[-117.2350487,32.880597]]]}},{"type":"Feature","id":1127629700,"properties":{"osmId":1127629700,"category":"academic","building":"roof","layer":"1"},"geometry":{"type":"Polygon","coordinates":[[[-117.2338157,32.8819491],[-117.2338428,32.8818788],[-117.2338581,32.8818283],[-117.2338846,32.8817408],[-117.2337375,32.8818685],[-117.233761,32.8818808],[-117.2337749,32.8818984],[-117.2337705,32.8819309],[-117.2338157,32.8819491]]]}},{"type":"Feature","id":1131823690,"properties":{"osmId":1131823690,"category":"academic","building":"yes"},"geometry":{"type":"Polygon","coordinates":[[[-117.2326259,32.8790792],[-117.2325303,32.8790513],[-117.2325254,32.8790472],[-117.2325259,32.8790402],[-117.2325489,32.8789833],[-117.2325573,32.8789748],[-117.2325719,32.87897],[-117.2325825,32.8789744],[-117.232644,32.8790632],[-117.2326475,32.8790729],[-117.2326431,32.8790799],[-117.232636,32.8790818],[-117.2326259,32.8790792]]]}},{"type":"Feature","id":1157052513,"properties":{"osmId":1157052513,"category":"academic","building":"roof","building:levels":"2","layer":"1"},"geometry":{"type":"Polygon","coordinates":[[[-117.2402557,32.8757356],[-117.2402304,32.8757269],[-117.2402293,32.8757013],[-117.2402552,32.875687],[-117.2402541,32.8756621],[-117.2402298,32.8756505],[-117.24023,32.8756244],[-117.240253,32.8756113],[-117.2402521,32.8755874],[-117.2402293,32.875574],[-117.2402302,32.875546],[-117.2402508,32.8755365],[-117.2402519,32.8755095],[-117.240228,32.875499],[-117.2402263,32.8754685],[-117.2402535,32.8754686],[-117.2402741,32.8754686],[-117.2402753,32.8755001],[-117.2403015,32.875511],[-117.2403019,32.8755357],[-117.2402776,32.8755482],[-117.2402771,32.8755751],[-117.2403015,32.8755868],[-117.2403034,32.8756119],[-117.2402784,32.8756244],[-117.2402782,32.8756515],[-117.2403028,32.8756645],[-117.2403039,32.8756888],[-117.2402776,32.8757028],[-117.2402782,32.8757243],[-117.2402557,32.8757356]]]}},{"type":"Feature","id":1157052514,"properties":{"osmId":1157052514,"category":"academic","building":"roof","building:levels":"1","layer":"0"},"geometry":{"type":"Polygon","coordinates":[[[-117.2402782,32.8757416],[-117.2403032,32.8757324],[-117.2403036,32.8757068],[-117.2402773,32.875693],[-117.2402778,32.8756681],[-117.2403018,32.8756561],[-117.2403009,32.8756299],[-117.2402775,32.8756173],[-117.2402778,32.8755933],[-117.2403002,32.8755795],[-117.2402985,32.8755515],[-117.2402777,32.8755424],[-117.2402759,32.8755155],[-117.2402995,32.8755045],[-117.2403004,32.8754687],[-117.2402535,32.8754686],[-117.2402522,32.8755065],[-117.2402264,32.8755179],[-117.2402266,32.8755427],[-117.2402513,32.8755546],[-117.2402524,32.8755816],[-117.2402284,32.8755937],[-117.2402271,32.8756188],[-117.2402524,32.8756308],[-117.2402534,32.8756579],[-117.2402292,32.8756714],[-117.2402287,32.8756957],[-117.2402554,32.8757092],[-117.2402553,32.8757307],[-117.2402782,32.8757416]]]}},{"type":"Feature","id":1158871487,"properties":{"osmId":1158871487,"category":"academic","building":"roof","generator:method":"photovoltaic","generator:output:electricity":"yes","generator:source":"solar","generator:type":"solar_photovoltaic_panel","layer":"1","power":"generator"},"geometry":{"type":"Polygon","coordinates":[[[-117.2374519,32.874156],[-117.237317,32.8741736],[-117.2372973,32.8740673],[-117.2374321,32.8740496],[-117.2374519,32.874156]]]}},{"type":"Feature","id":1158871488,"properties":{"osmId":1158871488,"category":"academic","building":"roof","generator:method":"photovoltaic","generator:output:electricity":"yes","generator:source":"solar","generator:type":"solar_photovoltaic_panel","layer":"1","power":"generator"},"geometry":{"type":"Polygon","coordinates":[[[-117.2374294,32.8739991],[-117.2372945,32.8740167],[-117.2372748,32.8739104],[-117.2374097,32.8738928],[-117.2374294,32.8739991]]]}},{"type":"Feature","id":1158871489,"properties":{"osmId":1158871489,"category":"academic","building":"roof","generator:method":"photovoltaic","generator:output:electricity":"yes","generator:source":"solar","generator:type":"solar_photovoltaic_panel","layer":"1","power":"generator"},"geometry":{"type":"Polygon","coordinates":[[[-117.2374054,32.8738456],[-117.2372705,32.8738632],[-117.2372508,32.8737569],[-117.2373856,32.8737393],[-117.2374054,32.8738456]]]}},{"type":"Feature","id":1158871490,"properties":{"osmId":1158871490,"category":"academic","building":"roof","generator:method":"photovoltaic","generator:output:electricity":"yes","generator:source":"solar","generator:type":"solar_photovoltaic_panel","layer":"1","power":"generator"},"geometry":{"type":"Polygon","coordinates":[[[-117.2373817,32.8736965],[-117.2372468,32.8737153],[-117.2372271,32.8736078],[-117.237362,32.8735901],[-117.2373817,32.8736965]]]}},{"type":"Feature","id":1158871491,"properties":{"osmId":1158871491,"category":"academic","building":"roof","generator:method":"photovoltaic","generator:output:electricity":"yes","generator:source":"solar","generator:type":"solar_photovoltaic_panel","layer":"1","power":"generator"},"geometry":{"type":"Polygon","coordinates":[[[-117.2371875,32.8737253],[-117.2370536,32.8737397],[-117.2370366,32.8736283],[-117.2371705,32.8736139],[-117.2371875,32.8737253]]]}},{"type":"Feature","id":1158871492,"properties":{"osmId":1158871492,"category":"academic","building":"roof","generator:method":"photovoltaic","generator:output:electricity":"yes","generator:source":"solar","generator:type":"solar_photovoltaic_panel","layer":"1","power":"generator"},"geometry":{"type":"Polygon","coordinates":[[[-117.2372067,32.8738792],[-117.2370728,32.8738936],[-117.2370558,32.8737823],[-117.2371897,32.8737679],[-117.2372067,32.8738792]]]}},{"type":"Feature","id":1158871493,"properties":{"osmId":1158871493,"category":"academic","building":"roof","generator:method":"photovoltaic","generator:output:electricity":"yes","generator:source":"solar","generator:type":"solar_photovoltaic_panel","layer":"1","power":"generator"},"geometry":{"type":"Polygon","coordinates":[[[-117.2372348,32.8740336],[-117.2371009,32.874048],[-117.2370839,32.8739367],[-117.2372178,32.8739223],[-117.2372348,32.8740336]]]}},{"type":"Feature","id":1158871494,"properties":{"osmId":1158871494,"category":"academic","building":"roof","generator:method":"photovoltaic","generator:output:electricity":"yes","generator:source":"solar","generator:type":"solar_photovoltaic_panel","layer":"1","power":"generator"},"geometry":{"type":"Polygon","coordinates":[[[-117.2372569,32.8741841],[-117.237123,32.8741985],[-117.237106,32.8740872],[-117.2372399,32.8740728],[-117.2372569,32.8741841]]]}},{"type":"Feature","id":1158871495,"properties":{"osmId":1158871495,"category":"academic","building":"roof","generator:method":"photovoltaic","generator:output:electricity":"yes","generator:source":"solar","generator:type":"solar_photovoltaic_panel","layer":"1","power":"generator"},"geometry":{"type":"Polygon","coordinates":[[[-117.2372807,32.8743378],[-117.2371467,32.8743522],[-117.2371298,32.8742409],[-117.2372637,32.8742265],[-117.2372807,32.8743378]]]}},{"type":"Feature","id":1158871496,"properties":{"osmId":1158871496,"category":"academic","building":"roof","generator:method":"photovoltaic","generator:output:electricity":"yes","generator:source":"solar","generator:type":"solar_photovoltaic_panel","layer":"1","power":"generator"},"geometry":{"type":"Polygon","coordinates":[[[-117.2369171,32.8742517],[-117.2368493,32.8742512],[-117.2368503,32.8741458],[-117.2369181,32.8741462],[-117.2369171,32.8742517]]]}},{"type":"Feature","id":1158871497,"properties":{"osmId":1158871497,"category":"academic","building":"roof","generator:method":"photovoltaic","generator:output:electricity":"yes","generator:source":"solar","generator:type":"solar_photovoltaic_panel","layer":"1","power":"generator"},"geometry":{"type":"Polygon","coordinates":[[[-117.2369102,32.8741039],[-117.2368424,32.8741034],[-117.2368434,32.873998],[-117.2369112,32.8739985],[-117.2369102,32.8741039]]]}},{"type":"Feature","id":1158871498,"properties":{"osmId":1158871498,"category":"academic","building":"roof","generator:method":"photovoltaic","generator:output:electricity":"yes","generator:source":"solar","generator:type":"solar_photovoltaic_panel","layer":"1","power":"generator"},"geometry":{"type":"Polygon","coordinates":[[[-117.2369118,32.8739543],[-117.236844,32.8739538],[-117.2368451,32.8738484],[-117.2369129,32.8738489],[-117.2369118,32.8739543]]]}},{"type":"Feature","id":1163124119,"properties":{"osmId":1163124119,"category":"academic","addr:city":"La Jolla","addr:housenumber":"9863","addr:postcode":"92093","addr:state":"CA","addr:street":"Greenhouse Lane","building":"yes","building:use":"education","name":"BFS Laboratory and Growing Rooms","_wikiTried":true},"geometry":{"type":"Polygon","coordinates":[[[-117.2298738,32.8853573],[-117.2297171,32.8853607],[-117.2297158,32.8852416],[-117.2298738,32.8852416],[-117.2298738,32.8853573]]]}},{"type":"Feature","id":1163124120,"properties":{"osmId":1163124120,"category":"academic","addr:city":"La Jolla","addr:housenumber":"9861","addr:postcode":"92093","addr:state":"CA","addr:street":"Greenhouse Lane","building":"yes","building:use":"education","name":"BFS Main Building","_wikiTried":true},"geometry":{"type":"Polygon","coordinates":[[[-117.2299102,32.8853595],[-117.2299062,32.8852382],[-117.2302209,32.8852382],[-117.2302236,32.8853561],[-117.2299102,32.8853595]]]}},{"type":"Feature","id":1163124121,"properties":{"osmId":1163124121,"category":"academic","addr:city":"La Jolla","addr:housenumber":"9865","addr:postcode":"92093","addr:state":"CA","addr:street":"Greenhouse Lane","building":"yes","building:use":"education","name":"Frog House","_wikiTried":true},"geometry":{"type":"Polygon","coordinates":[[[-117.2295595,32.8852421],[-117.2295595,32.8852872],[-117.2296801,32.8852853],[-117.2296778,32.8852407],[-117.2295595,32.8852421]]]}},{"type":"Feature","id":1163124122,"properties":{"osmId":1163124122,"category":"academic","addr:city":"La Jolla","addr:housenumber":"9867","addr:postcode":"92093","addr:state":"CA","addr:street":"Greenhouse Lane","building":"yes","building:use":"education","name":"Jerboa","_wikiTried":true},"geometry":{"type":"Polygon","coordinates":[[[-117.2295623,32.8853139],[-117.2295618,32.8853623],[-117.2296801,32.8853609],[-117.2296778,32.8853129],[-117.2295623,32.8853139]]]}},{"type":"Feature","id":1163124123,"properties":{"osmId":1163124123,"category":"academic","addr:city":"La Jolla","addr:housenumber":"9869","addr:postcode":"92093","addr:state":"CA","addr:street":"Greenhouse Lane","building":"yes","building:use":"education","name":"Stickleback","_wikiTried":true},"geometry":{"type":"Polygon","coordinates":[[[-117.2294135,32.885283],[-117.2294152,32.8853925],[-117.2294896,32.8853916],[-117.2294892,32.8852804],[-117.2294135,32.885283]]]}},{"type":"Feature","id":1263054988,"properties":{"osmId":1263054988,"category":"academic","building":"yes","building:colour":"white","building:levels":"5","building:material":"glass","height":"19","name":"Rya","roof:colour":"white","_wikiTried":true},"geometry":{"type":"Polygon","coordinates":[[[-117.2327116,32.8787332],[-117.2327085,32.8787234],[-117.2326974,32.8787246],[-117.2326673,32.8785876],[-117.2326805,32.8785855],[-117.2326753,32.878561],[-117.2330884,32.8785261],[-117.2330815,32.8784425],[-117.2330631,32.87822],[-117.2330529,32.8780953],[-117.233048,32.8780364],[-117.2329579,32.8780473],[-117.2329302,32.8780507],[-117.2329157,32.8780568],[-117.2327053,32.8781446],[-117.232468,32.8782436],[-117.2324537,32.8782183],[-117.2324435,32.8782223],[-117.2323723,32.8780953],[-117.2323821,32.8780913],[-117.2323732,32.8780755],[-117.2328205,32.8778936],[-117.2328846,32.8778836],[-117.2332301,32.87783],[-117.2332825,32.8780034],[-117.2332876,32.8780788],[-117.2332962,32.8782055],[-117.2333272,32.8786619],[-117.2327116,32.8787332]]]}},{"type":"Feature","id":1263054989,"properties":{"osmId":1263054989,"category":"academic","building":"yes","building:colour":"white","building:facade:material":"glass","building:levels":"5","height":"19","name":"Vela","roof:colour":"white","_wikiTried":true},"geometry":{"type":"Polygon","coordinates":[[[-117.2327971,32.8771935],[-117.2326695,32.8772112],[-117.2323231,32.8772592],[-117.2323173,32.8772294],[-117.2323073,32.8772313],[-117.2322853,32.8771136],[-117.2322945,32.8771125],[-117.2322916,32.8770974],[-117.2327669,32.8770394],[-117.2327971,32.8770357],[-117.2330972,32.8771141],[-117.2331615,32.8774858],[-117.2332058,32.8777416],[-117.2329034,32.877772],[-117.2323896,32.8777612],[-117.2323878,32.8777466],[-117.2323782,32.8777473],[-117.2323597,32.8776073],[-117.2323709,32.877607],[-117.2323698,32.8775975],[-117.2329124,32.8775976],[-117.2330213,32.8775799],[-117.232992,32.8774581],[-117.2329361,32.8772259],[-117.232915,32.877221],[-117.2327971,32.8771935]]]}},{"type":"Feature","id":1274990078,"properties":{"osmId":1274990078,"category":"academic","building":"yes","building:levels":"6","name":"Malk Hall","_wikiTried":true},"geometry":{"type":"Polygon","coordinates":[[[-117.2402037,32.8833431],[-117.240222,32.88286],[-117.2401708,32.8827723],[-117.2404815,32.882676],[-117.2406242,32.8829829],[-117.2405425,32.8830149],[-117.2405611,32.8830497],[-117.2405554,32.883353],[-117.2402037,32.8833431]]]}},{"type":"Feature","id":1274990079,"properties":{"osmId":1274990079,"category":"academic","building":"yes","building:levels":"18","name":"Alianza","_wikiTried":true},"geometry":{"type":"Polygon","coordinates":[[[-117.2400663,32.8832638],[-117.2400673,32.8831147],[-117.2399961,32.8831139],[-117.2399977,32.8830481],[-117.2397361,32.8830425],[-117.2392982,32.8831041],[-117.2392909,32.8830674],[-117.2393601,32.8830577],[-117.2393215,32.8828626],[-117.2390985,32.8828936],[-117.2391403,32.8831062],[-117.2391596,32.8831037],[-117.2391927,32.8832948],[-117.2392894,32.8832831],[-117.2392954,32.8832618],[-117.2400663,32.8832638]]]}},{"type":"Feature","id":1274990080,"properties":{"osmId":1274990080,"category":"residential","addr:city":"La Jolla","addr:housenumber":"3015","addr:state":"CA","addr:street":"Hopkins Lane","building":"residential","building:levels":"10","name":"Coalition","_wikiTried":true},"geometry":{"type":"Polygon","coordinates":[[[-117.2404804,32.8816979],[-117.2403594,32.8817982],[-117.2402739,32.881803],[-117.2402402,32.8818276],[-117.240208,32.8818554],[-117.2401373,32.8818993],[-117.240085,32.8819571],[-117.2401163,32.8819856],[-117.2400901,32.8819969],[-117.2400442,32.881982],[-117.2400653,32.8819457],[-117.2400245,32.8819199],[-117.2394397,32.8816911],[-117.2393327,32.8818141],[-117.2392898,32.8818239],[-117.2392194,32.881909],[-117.239888,32.8822601],[-117.2398926,32.882241],[-117.2400719,32.8822608],[-117.2403257,32.8823049],[-117.2404253,32.8823142],[-117.2404764,32.8822667],[-117.2404979,32.8821532],[-117.2405137,32.882091],[-117.2405085,32.8820359],[-117.240494,32.8820108],[-117.2405208,32.8819901],[-117.2405113,32.8819344],[-117.2405605,32.8818388],[-117.2406015,32.8818005],[-117.2405835,32.8817741],[-117.2405661,32.8817394],[-117.2404804,32.8816979]]]}},{"type":"Feature","id":1274990081,"properties":{"osmId":1274990081,"category":"academic","building":"yes","building:levels":"16","name":"Umoja","_wikiTried":true},"geometry":{"type":"Polygon","coordinates":[[[-117.2399999,32.8828439],[-117.2395031,32.8826859],[-117.2392706,32.8826611],[-117.239336,32.8822272],[-117.2395566,32.8822507],[-117.23952,32.8824931],[-117.2394247,32.8824829],[-117.2394199,32.8825149],[-117.2396165,32.8825357],[-117.2396368,32.8825659],[-117.240064,32.8827019],[-117.2399999,32.8828439]]]}},{"type":"Feature","id":1276187269,"properties":{"osmId":1276187269,"category":"academic","building":"yes","layer":"-1"},"geometry":{"type":"Polygon","coordinates":[[[-117.2407257,32.8887632],[-117.2407783,32.8887138],[-117.2407005,32.8886543],[-117.2406978,32.8887483],[-117.2407257,32.8887632]]]}},{"type":"Feature","id":1316224302,"properties":{"osmId":1316224302,"category":"academic","amenity":"fire_station","building":"yes","name":"Fire Station 52","operator":"City of San Diego","_wikiTried":true},"geometry":{"type":"Polygon","coordinates":[[[-117.241298,32.8908458],[-117.2412885,32.8905079],[-117.2415367,32.890503],[-117.2415396,32.8906058],[-117.2415427,32.8907198],[-117.2415461,32.8908409],[-117.241298,32.8908458]]]}},{"type":"Feature","id":1339938076,"properties":{"osmId":1339938076,"category":"academic","addr:city":"La Jolla","addr:housenumber":"3344","addr:postcode":"92037","addr:state":"CA","addr:street":"North Torrey Pines Court","building":"yes","source":"esri/SanGIS_Buildings"},"geometry":{"type":"Polygon","coordinates":[[[-117.242947,32.8935561],[-117.2429447,32.8938527],[-117.2429499,32.8938516],[-117.2429489,32.8939674],[-117.2428104,32.8939666],[-117.2428105,32.8939616],[-117.2427585,32.8939613],[-117.2427584,32.8939758],[-117.2426876,32.8939754],[-117.2426877,32.8939617],[-117.2424578,32.8939604],[-117.2424595,32.8937534],[-117.2426951,32.8937547],[-117.2426952,32.8937504],[-117.2427846,32.8937509],[-117.2427847,32.893738],[-117.2427798,32.893738],[-117.2427804,32.8936535],[-117.2428178,32.8936537],[-117.2428185,32.8935554],[-117.242947,32.8935561]]]}},{"type":"Feature","id":1339938080,"properties":{"osmId":1339938080,"category":"academic","addr:state":"CA","building":"yes","source":"esri/SanGIS_Buildings"},"geometry":{"type":"Polygon","coordinates":[[[-117.241046,32.8919806],[-117.2410463,32.8920374],[-117.2410062,32.8920376],[-117.2410059,32.8919808],[-117.241046,32.8919806]]]}},{"type":"Feature","id":1340162297,"properties":{"osmId":1340162297,"category":"academic","addr:state":"CA","building":"yes","source":"esri/SanGIS_Buildings"},"geometry":{"type":"Polygon","coordinates":[[[-117.246927,32.8707633],[-117.2468561,32.8707315],[-117.2468947,32.8706709],[-117.2469656,32.8707027],[-117.246927,32.8707633]]]}},{"type":"Feature","id":1340162345,"properties":{"osmId":1340162345,"category":"academic","addr:state":"CA","building":"yes","source":"esri/SanGIS_Buildings"},"geometry":{"type":"Polygon","coordinates":[[[-117.2423814,32.8737424],[-117.2423057,32.8737435],[-117.242304,32.8736628],[-117.2423798,32.8736617],[-117.2423814,32.8737424]]]}},{"type":"Feature","id":1353960172,"properties":{"osmId":1353960172,"category":"athletic","building":"grandstand"},"geometry":{"type":"Polygon","coordinates":[[[-117.2262252,32.880992],[-117.2261926,32.8808944],[-117.2263635,32.8808576],[-117.226535,32.880913],[-117.2266221,32.8810216],[-117.2265261,32.8810812],[-117.2264565,32.8809993],[-117.2263392,32.8809628],[-117.2262252,32.880992]]]}},{"type":"Feature","id":1353960174,"properties":{"osmId":1353960174,"category":"academic","building":"yes"},"geometry":{"type":"Polygon","coordinates":[[[-117.2256985,32.8811893],[-117.225624,32.881341],[-117.2253909,32.8814351],[-117.2253252,32.8813174],[-117.2255439,32.8812261],[-117.2256985,32.8811893]]]}},{"type":"Feature","id":1374539504,"properties":{"osmId":1374539504,"category":"academic","building":"yes","building:levels":"5","height":"27.5","name":"Viterbi Family Vision Research Center","_wikiTried":true},"geometry":{"type":"Polygon","coordinates":[[[-117.2240019,32.879643],[-117.2237882,32.8795742],[-117.2239175,32.8792909],[-117.2237426,32.8792928],[-117.2237388,32.8790418],[-117.2238992,32.8790401],[-117.2239007,32.8791446],[-117.2239419,32.8791441],[-117.224004,32.8790233],[-117.2242487,32.879102],[-117.2240019,32.879643]]]}},{"type":"Feature","id":1374539509,"properties":{"osmId":1374539509,"category":"academic","building":"yes","layer":"-1"},"geometry":{"type":"Polygon","coordinates":[[[-117.2233828,32.8794136],[-117.2234461,32.8794131],[-117.2234437,32.8792026],[-117.2233568,32.8792016],[-117.2233564,32.879174],[-117.2233879,32.8791481],[-117.2233854,32.879108],[-117.2233545,32.8790853],[-117.2233178,32.8790852],[-117.2232883,32.8791132],[-117.2232843,32.8791902],[-117.2232466,32.8791905],[-117.2232219,32.8791907],[-117.2232223,32.8792206],[-117.2232472,32.8792204],[-117.2232769,32.8792201],[-117.2232792,32.8794138],[-117.2233828,32.8794136]]]}},{"type":"Feature","id":1382049857,"properties":{"osmId":1382049857,"category":"academic","building":"roof","layer":"1"},"geometry":{"type":"Polygon","coordinates":[[[-117.2431895,32.8727378],[-117.2430193,32.87274],[-117.2430179,32.8726702],[-117.2431882,32.8726679],[-117.2431895,32.8727378]]]}},{"type":"Feature","id":1423937814,"properties":{"osmId":1423937814,"category":"academic","building":"construction","name":"Student Health and Well-Being Building","_wikiTried":true},"geometry":{"type":"Polygon","coordinates":[[[-117.2366913,32.8781692],[-117.2364345,32.8782083],[-117.2363799,32.877955],[-117.2362982,32.8779674],[-117.2362294,32.8776484],[-117.2366412,32.8775858],[-117.2367132,32.8779201],[-117.23664,32.8779313],[-117.2366913,32.8781692]]]}},{"type":"Feature","id":1423937815,"properties":{"osmId":1423937815,"category":"academic","building":"construction","name":"Student Success Building","_wikiTried":true},"geometry":{"type":"Polygon","coordinates":[[[-117.2364138,32.8774797],[-117.2364117,32.8774687],[-117.2366589,32.8774344],[-117.2366226,32.8772497],[-117.2363727,32.8772843],[-117.2363573,32.8772062],[-117.2355807,32.8773139],[-117.2355902,32.8773625],[-117.2354717,32.877379],[-117.2355135,32.8775917],[-117.2356233,32.8775765],[-117.2356258,32.8775887],[-117.2364138,32.8774797]]]}},{"type":"Feature","id":1423937816,"properties":{"osmId":1423937816,"category":"academic","building":"construction","name":"The Strauss","_wikiTried":true},"geometry":{"type":"Polygon","coordinates":[[[-117.2357173,32.87819],[-117.2356462,32.8777972],[-117.2355589,32.8778087],[-117.2351477,32.8778631],[-117.2351247,32.8778661],[-117.2352224,32.8783874],[-117.2356754,32.8783275],[-117.2356513,32.878199],[-117.2357173,32.87819]]]}},{"type":"Feature","id":1423937817,"properties":{"osmId":1423937817,"category":"academic","building":"construction","name":"Triton Alumni and Welcome Center","_wikiTried":true},"geometry":{"type":"Polygon","coordinates":[[[-117.2362102,32.8780418],[-117.2361616,32.8780326],[-117.2361147,32.8780368],[-117.2360718,32.8780533],[-117.2360372,32.8780803],[-117.2360146,32.8781151],[-117.2360062,32.8781541],[-117.2360129,32.8781933],[-117.2360341,32.8782288],[-117.2360674,32.8782568],[-117.2361096,32.8782746],[-117.236159,32.8782801],[-117.2362078,32.8782716],[-117.2362504,32.87825],[-117.236282,32.8782176],[-117.236299,32.8781783],[-117.2362994,32.8781365],[-117.2362833,32.8780969],[-117.2362524,32.8780641],[-117.2362102,32.8780418]]]}},{"type":"Feature","id":1423937818,"properties":{"osmId":1423937818,"category":"academic","building":"construction"},"geometry":{"type":"Polygon","coordinates":[[[-117.2355135,32.8775917],[-117.2355589,32.8778087],[-117.2351477,32.8778631],[-117.2350506,32.8773943],[-117.2354639,32.8773413],[-117.2354717,32.877379],[-117.2355135,32.8775917]]]}},{"type":"Feature","id":1423937819,"properties":{"osmId":1423937819,"category":"academic","building":"roof","layer":"0"},"geometry":{"type":"Polygon","coordinates":[[[-117.2357412,32.8783218],[-117.2358937,32.8783023],[-117.2357939,32.8777518],[-117.2356415,32.8777712],[-117.2356462,32.8777972],[-117.2357173,32.87819],[-117.2357412,32.8783218]]]}},{"type":"Feature","id":1468611685,"properties":{"osmId":1468611685,"category":"academic","addr:city":"La Jolla","addr:housenumber":"3035","addr:postcode":"92093","addr:state":"CA","addr:street":"Theatre District Drive","building":"yes","building:levels":"1","name":"Che Café Collective","website":"https://info6594074.wixsite.com/thechecafe","_wikiTried":true},"geometry":{"type":"Polygon","coordinates":[[[-117.2393914,32.8729316],[-117.2392512,32.8729277],[-117.2392774,32.872797],[-117.2391973,32.8728035],[-117.2392135,32.8727168],[-117.2392682,32.8726961],[-117.2393491,32.8727],[-117.2394376,32.8727498],[-117.2395093,32.8727524],[-117.2395054,32.8728773],[-117.2394361,32.872876],[-117.2394346,32.872854],[-117.2393976,32.8728701],[-117.2393914,32.8729316]]]}}]}