{"type":"FeatureCollection","features":[{"type":"Feature","id":31810981,"properties":{"osmId":31810981,"category":"academic","addr:city":"Honolulu","addr:housenumber":"2550","addr:postcode":"96822","addr:state":"HI","addr:street":"McCarthy Mall","amenity":"library","architect":"George Hogan","building":"university","name":"Hamilton Library","opening_hours":"Mo-Th 08:00-22:00; Fr 08:00-18:00; Sa 09:00-17:00; Su 12:00-22:00; PH off","operator":"University of Hawaiʻi","operator:type":"university","toilets:wheelchair":"yes","wheelchair":"yes","wikidata":"Q5645047","wikipedia":"en:Hamilton Library (Hawaii)"},"geometry":{"type":"Polygon","coordinates":[[[-157.8169486,21.3011987],[-157.8169357,21.3008095],[-157.8165165,21.3008216],[-157.8164623,21.3007693],[-157.8164447,21.3002338],[-157.8159024,21.3002492],[-157.8159073,21.3003973],[-157.8158283,21.3003995],[-157.8158398,21.3007477],[-157.8159284,21.3007452],[-157.8159444,21.3012262],[-157.8159444,21.3012277],[-157.8169486,21.3011987]]]}},{"type":"Feature","id":38524133,"properties":{"osmId":38524133,"category":"academic","addr:city":"Honolulu","addr:housenumber":"1710","addr:postcode":"96822","addr:state":"HI","addr:street":"East-West Road","architect":"Herbert Matsumura","building":"university","name":"University Health Services","year_of_construction":"1963"},"geometry":{"type":"Polygon","coordinates":[[[-157.8150917,21.298544],[-157.8154681,21.2985375],[-157.8154608,21.298169],[-157.8150844,21.2981755],[-157.8150917,21.298544]]]}},{"type":"Feature","id":38524135,"properties":{"osmId":38524135,"category":"academic","addr:city":"Honolulu","addr:housenumber":"1000","addr:postcode":"96822","addr:state":"HI","addr:street":"Pope Road","building":"university","name":"Marine Sciences Building"},"geometry":{"type":"Polygon","coordinates":[[[-157.8154339,21.2980821],[-157.8159058,21.2980653],[-157.8158912,21.2977079],[-157.8154193,21.2977247],[-157.8154339,21.2980821]]]}},{"type":"Feature","id":57890374,"properties":{"osmId":57890374,"category":"library","addr:city":"Honolulu","addr:housenumber":"2716","addr:postcode":"96822","addr:state":"HI","addr:street":"Woodlawn Drive","amenity":"library","building":"public","name":"Manoa Public Library","operator":"Hawaii State Public Library System","operator:short":"HSPLS","operator:type":"public","operator:wikidata":"Q5684409","rental":"book","website":"https://www.librarieshawaii.org/branch/manoa-public-library/","wikidata":"Q57893864"},"geometry":{"type":"Polygon","coordinates":[[[-157.810842,21.3069711],[-157.8110402,21.3072379],[-157.8106437,21.3074935],[-157.8104455,21.3072266],[-157.810842,21.3069711]]]}},{"type":"Feature","id":59399445,"properties":{"osmId":59399445,"category":"academic","addr:city":"Honolulu","addr:housename":"Woodlawn Dr","addr:housenumber":"2680","addr:postcode":"96813","addr:state":"HI","addr:street":"Woodlawn Drive","building":"university","name":"Institute for Astronomy (Machine Shop)"},"geometry":{"type":"Polygon","coordinates":[[[-157.8118525,21.3072264],[-157.8117804,21.3072719],[-157.811801,21.3073247],[-157.8116312,21.307423],[-157.8116977,21.3075503],[-157.8117264,21.3076051],[-157.8119271,21.3074853],[-157.8118473,21.3073606],[-157.8119117,21.3073199],[-157.8118525,21.3072264]]]}},{"type":"Feature","id":61956430,"properties":{"osmId":61956430,"category":"athletic","addr:housenumber":"1337","addr:postcode":"96822","addr:street":"Lower Campus Road","building":"yes","leisure":"sports_centre","name":"Stan Sheriff Center","roof:shape":"dome","sport":"athletics","wikidata":"Q7597879"},"geometry":{"type":"Polygon","coordinates":[[[-157.8187966,21.2947248],[-157.8188696,21.2947368],[-157.8189437,21.2947381],[-157.819017,21.2947285],[-157.8190879,21.2947083],[-157.8191545,21.2946781],[-157.8192152,21.2946385],[-157.8192685,21.2945906],[-157.8193131,21.2945355],[-157.8193479,21.2944745],[-157.8193721,21.2944093],[-157.8193849,21.2943413],[-157.8193863,21.2942723],[-157.819376,21.2942039],[-157.8193543,21.2941379],[-157.8193219,21.2940758],[-157.8192794,21.2940193],[-157.8192279,21.2939696],[-157.8191688,21.293928],[-157.8191034,21.2938956],[-157.8190333,21.2938731],[-157.8189639,21.2938614],[-157.8188934,21.2938595],[-157.8188233,21.2938675],[-157.8187553,21.293885],[-157.8186909,21.2939118],[-157.8186314,21.2939473],[-157.8185783,21.2939906],[-157.8185328,21.2940408],[-157.8184957,21.2940967],[-157.818468,21.2941572],[-157.8184504,21.2942208],[-157.818443,21.2942862],[-157.8184501,21.2943823],[-157.8183955,21.2944055],[-157.8184104,21.2944614],[-157.8184583,21.2945391],[-157.8185185,21.2946195],[-157.8186105,21.2947122],[-157.8187229,21.294764],[-157.8187571,21.2947142],[-157.8187966,21.2947248]]]}},{"type":"Feature","id":134174309,"properties":{"osmId":134174309,"category":"library","access":"yes","addr:city":"Honolulu","addr:housenumber":"2211","addr:postcode":"96826","addr:street":"South King Street","amenity":"library","building":"public","internet_access":"wlan","internet_access:fee":"no","name":"McCully Moiliili Public Library","opening_hours":"Tu-We, Sa 09:00-16:00; Th 12:00-19:00; Fr 11:00-16:00","operator":"Hawaii State Public Library System","operator:short":"HSPLS","operator:type":"public","operator:wikidata":"Q5684409","phone":"+1 808-973-1099","rental":"book","website":"https://www.librarieshawaii.org/branch/mccully-moiliili-public-library/","wikidata":"Q57893867"},"geometry":{"type":"Polygon","coordinates":[[[-157.827922,21.2938995],[-157.8279807,21.2937489],[-157.8278115,21.2936916],[-157.8279295,21.2933893],[-157.827765,21.2933336],[-157.8276465,21.2936375],[-157.8276083,21.2936245],[-157.8275501,21.2937736],[-157.8275866,21.2937859],[-157.8275705,21.2938271],[-157.8276516,21.2938545],[-157.8277328,21.293882],[-157.8277488,21.2938408],[-157.827922,21.2938995]]]}},{"type":"Feature","id":155155850,"properties":{"osmId":155155850,"category":"religious","addr:housenumber":"1935","addr:postcode":"96822","addr:street":"Aleo Place","alt_name":"Honolulu Mosque","amenity":"place_of_worship","building":"yes","name":"Muslim Association of Hawaii","religion":"muslim","website":"https://www.iio.org/"},"geometry":{"type":"Polygon","coordinates":[[[-157.8211942,21.308512],[-157.8214064,21.3083751],[-157.8215591,21.3085804],[-157.8214775,21.3086331],[-157.8214286,21.3085674],[-157.8212981,21.3086517],[-157.8211942,21.308512]]]}},{"type":"Feature","id":162044513,"properties":{"osmId":162044513,"category":"academic","addr:housenumber":"2645","addr:postcode":"96822","addr:street":"Dole Street","amenity":"parking","building":"parking","charge":"$4","fee":"yes","name":"Dole Street Parking Structure","parking":"multi-storey"},"geometry":{"type":"Polygon","coordinates":[[[-157.8120489,21.2943291],[-157.811967,21.2939966],[-157.8114217,21.2941131],[-157.8115036,21.2944456],[-157.8119019,21.2943605],[-157.8120489,21.2943291]]]}},{"type":"Feature","id":203539698,"properties":{"osmId":203539698,"category":"academic","building":"school","building:levels":"1","name":"Bishop Hall"},"geometry":{"type":"Polygon","coordinates":[[[-157.8287823,21.3021988],[-157.8287774,21.3018928],[-157.8287633,21.3015627],[-157.8288185,21.3015219],[-157.8288867,21.3015527],[-157.8288942,21.3015982],[-157.8289798,21.3016416],[-157.8292676,21.3017876],[-157.8292998,21.3021182],[-157.8290858,21.3022435],[-157.828986,21.3023037],[-157.8288793,21.3022488],[-157.8287823,21.3021988]]]}},{"type":"Feature","id":203539702,"properties":{"osmId":203539702,"category":"academic","building":"school","building:levels":"3","name":"Castle Hall","roof:shape":"hipped"},"geometry":{"type":"Polygon","coordinates":[[[-157.8281755,21.3018755],[-157.8287224,21.30186],[-157.828716,21.3016574],[-157.8281749,21.3016744],[-157.8281755,21.3018755]]]}},{"type":"Feature","id":203540159,"properties":{"osmId":203540159,"category":"academic","amenity":"library","building":"school","building:colour":"white","building:levels":"3","name":"Cooke Library","operator":"Punahou School","operator:type":"private","roof:colour":"white","roof:shape":"flat","website":"https://www.punahou.edu/archives-facilities-detail?pk=158218"},"geometry":{"type":"Polygon","coordinates":[[[-157.8296538,21.3039566],[-157.8293829,21.3038717],[-157.8294473,21.3037217],[-157.8294071,21.3037018],[-157.8294071,21.3036218],[-157.8294553,21.3035843],[-157.8294741,21.3035343],[-157.8295144,21.3035143],[-157.8295465,21.3034519],[-157.8295868,21.3034394],[-157.8296297,21.3033819],[-157.8296753,21.3033719],[-157.8297102,21.3033269],[-157.8298211,21.3032983],[-157.829918,21.3032658],[-157.830036,21.3035306],[-157.8300428,21.3035518],[-157.8299017,21.303623],[-157.8297839,21.3037257],[-157.8296988,21.3038386],[-157.8296538,21.3039566]]]}},{"type":"Feature","id":203672249,"properties":{"osmId":203672249,"category":"academic","building":"school","name":"Montague Hall"},"geometry":{"type":"Polygon","coordinates":[[[-157.8313308,21.3033941],[-157.8315613,21.3036215],[-157.8317787,21.3034216],[-157.8316419,21.3032742],[-157.8315963,21.3033092],[-157.8315443,21.3032622],[-157.8314595,21.3033366],[-157.8314331,21.3033044],[-157.8313308,21.3033941]]]}},{"type":"Feature","id":203672399,"properties":{"osmId":203672399,"category":"academic","building":"school","name":"Mamiya Science Center","roof:shape":"hipped"},"geometry":{"type":"Polygon","coordinates":[[[-157.8303452,21.3036766],[-157.8301635,21.3035046],[-157.8304563,21.3032346],[-157.8302956,21.3030972],[-157.8303818,21.303012],[-157.830323,21.3029522],[-157.8304152,21.3028621],[-157.8306361,21.3030643],[-157.8306629,21.3030418],[-157.8311565,21.3034766],[-157.831017,21.3036115],[-157.8307863,21.3033941],[-157.8306386,21.3035235],[-157.83052,21.3036316],[-157.8304587,21.303572],[-157.8303452,21.3036766]]]}},{"type":"Feature","id":203672524,"properties":{"osmId":203672524,"category":"academic","building":"school","name":"Pauahi Hall"},"geometry":{"type":"Polygon","coordinates":[[[-157.8308695,21.3038514],[-157.8310089,21.3039614],[-157.8311189,21.3039389],[-157.8311913,21.3038739],[-157.8312396,21.303754],[-157.8311162,21.3036365],[-157.8308695,21.3038514]]]}},{"type":"Feature","id":203672631,"properties":{"osmId":203672631,"category":"academic","building":"school","name":"Bingham Hall"},"geometry":{"type":"Polygon","coordinates":[[[-157.8306809,21.3039939],[-157.830796,21.3038832],[-157.8310243,21.3040892],[-157.8307462,21.3043567],[-157.8305104,21.304144],[-157.8306309,21.304028],[-157.8307851,21.3041672],[-157.8308276,21.3041263],[-157.8306809,21.3039939]]]}},{"type":"Feature","id":203672723,"properties":{"osmId":203672723,"category":"academic","building":"school","name":"Cooke Hall"},"geometry":{"type":"Polygon","coordinates":[[[-157.8297505,21.3044213],[-157.8299227,21.3045876],[-157.8299827,21.3045336],[-157.829923,21.304476],[-157.8299841,21.3044211],[-157.8300225,21.3044581],[-157.830161,21.3043336],[-157.8300005,21.3041787],[-157.8298614,21.3043037],[-157.8298924,21.3043337],[-157.8298369,21.3043836],[-157.8298154,21.3043629],[-157.8297505,21.3044213]]]}},{"type":"Feature","id":203672891,"properties":{"osmId":203672891,"category":"academic","building":"school","name":"Old School Hall"},"geometry":{"type":"Polygon","coordinates":[[[-157.8300659,21.3031615],[-157.8301535,21.3032411],[-157.8302811,21.3031193],[-157.8301935,21.3030397],[-157.8300659,21.3031615]]]}},{"type":"Feature","id":203673027,"properties":{"osmId":203673027,"category":"academic","building":"school","name":"Alexander Hall","roof:shape":"hipped"},"geometry":{"type":"Polygon","coordinates":[[[-157.8297306,21.3039712],[-157.8298687,21.3041098],[-157.8300926,21.3039162],[-157.8299545,21.3037776],[-157.8297306,21.3039712]]]}},{"type":"Feature","id":203673165,"properties":{"osmId":203673165,"category":"academic","building":"school","name":"Griffiths Hall"},"geometry":{"type":"Polygon","coordinates":[[[-157.8305832,21.3043363],[-157.8303456,21.3045733],[-157.8304148,21.3046336],[-157.8303222,21.304726],[-157.8300721,21.3045084],[-157.8301695,21.3044112],[-157.8302447,21.3044766],[-157.8304775,21.3042443],[-157.8305832,21.3043363]]]}},{"type":"Feature","id":203673669,"properties":{"osmId":203673669,"category":"religious","building":"church","layer":"1","name":"Thurston Chapel","roof:shape":"hipped"},"geometry":{"type":"Polygon","coordinates":[[[-157.8284192,21.3030728],[-157.8281524,21.3030833],[-157.8281399,21.3028091],[-157.8281762,21.3028077],[-157.8284067,21.3027985],[-157.8284192,21.3030728]]]}},{"type":"Feature","id":203673683,"properties":{"osmId":203673683,"category":"academic","building":"school","name":"Castle Art Center"},"geometry":{"type":"Polygon","coordinates":[[[-157.8283307,21.3035661],[-157.8279439,21.3035727],[-157.8279374,21.3032435],[-157.8283243,21.3032369],[-157.8283307,21.3035661]]]}},{"type":"Feature","id":203673922,"properties":{"osmId":203673922,"category":"athletic","building":"yes","leisure":"sports_centre","name":"Waterhouse Pool","sport":"swimming"},"geometry":{"type":"Polygon","coordinates":[[[-157.8293689,21.3044219],[-157.8289156,21.3040121],[-157.8288882,21.3039873],[-157.829107,21.3037773],[-157.829551,21.3041788],[-157.8295128,21.3042155],[-157.8295494,21.3042485],[-157.8293689,21.3044219]]]}},{"type":"Feature","id":203674262,"properties":{"osmId":203674262,"category":"athletic","building":"yes","leisure":"sports_centre","name":"Thurston PE Center"},"geometry":{"type":"Polygon","coordinates":[[[-157.8295632,21.3044737],[-157.8294839,21.3045444],[-157.8292913,21.3047163],[-157.829574,21.3049934],[-157.8297242,21.304851],[-157.8297993,21.304906],[-157.8299548,21.3047635],[-157.8296705,21.3045036],[-157.829633,21.3045386],[-157.8295632,21.3044737]]]}},{"type":"Feature","id":203674476,"properties":{"osmId":203674476,"category":"athletic","building":"yes","leisure":"sports_centre","name":"Hemmeter Field House"},"geometry":{"type":"Polygon","coordinates":[[[-157.8287017,21.3042143],[-157.8289156,21.3040121],[-157.8293689,21.3044219],[-157.8294839,21.3045444],[-157.8292913,21.3047163],[-157.8292619,21.3047435],[-157.8287017,21.3042143]]]}},{"type":"Feature","id":226225090,"properties":{"osmId":226225090,"category":"academic","addr:housenumber":"1337","addr:postcode":"96822","addr:street":"Lower Campus Road","building":"yes","name":"Physical Education Building"},"geometry":{"type":"Polygon","coordinates":[[[-157.8180045,21.2933136],[-157.8181761,21.2934883],[-157.8182126,21.293496],[-157.8182249,21.2933638],[-157.8182692,21.2933673],[-157.8182426,21.2936535],[-157.8183609,21.2936631],[-157.8183284,21.2940114],[-157.8182345,21.2940038],[-157.8182142,21.2942533],[-157.8182523,21.294319],[-157.8182157,21.2946855],[-157.8183298,21.2947903],[-157.8182967,21.2951527],[-157.81829,21.2951977],[-157.8182714,21.2953215],[-157.8181637,21.2953146],[-157.8181113,21.2953113],[-157.8181241,21.2951929],[-157.8181577,21.2948479],[-157.8178953,21.2950564],[-157.8177937,21.2949455],[-157.8180255,21.2947762],[-157.8180763,21.294345],[-157.8178883,21.2941324],[-157.8179151,21.2938773],[-157.8181613,21.2936795],[-157.8181013,21.2936131],[-157.8180971,21.2935934],[-157.8181136,21.293579],[-157.8178843,21.2933437],[-157.8178699,21.2933555],[-157.8175281,21.2929928],[-157.8176791,21.2928714],[-157.8179458,21.2931343],[-157.8179107,21.2931576],[-157.818035,21.2932845],[-157.8180045,21.2933136]]]}},{"type":"Feature","id":226225091,"properties":{"osmId":226225091,"category":"athletic","building":"yes","leisure":"stadium","name":"Duke Kahanamoku UH Aquatic Complex"},"geometry":{"type":"Polygon","coordinates":[[[-157.817827,21.2938904],[-157.817187,21.2932316],[-157.8172121,21.2932104],[-157.8172316,21.2931939],[-157.8172426,21.2932053],[-157.8172332,21.2932133],[-157.8172145,21.2932291],[-157.8172356,21.2932508],[-157.8172632,21.2932263],[-157.8172911,21.2932027],[-157.8178766,21.2938031],[-157.8178993,21.2938294],[-157.817827,21.2938904]]]}},{"type":"Feature","id":230065126,"properties":{"osmId":230065126,"category":"academic","addr:housenumber":"1333","addr:postcode":"96822","addr:state":"HI","addr:street":"Lower Campus Road","building":"yes","ele":"22","gnis:feature_id":"1875978","leisure":"sports_hall","name":"Klum Gymnasium","source":"USGS Geonames","sport":"basketball"},"geometry":{"type":"Polygon","coordinates":[[[-157.8191356,21.2957369],[-157.8186846,21.2953003],[-157.8189321,21.2950784],[-157.8193831,21.295515],[-157.8191356,21.2957369]]]}},{"type":"Feature","id":230065128,"properties":{"osmId":230065128,"category":"academic","addr:city":"Honolulu","addr:housename":"William S. Richardson School of Law","addr:housenumber":"2515","addr:postcode":"96822","addr:state":"HI","addr:street":"Dole Street","building":"university","name":"School of Law","wikidata":"Q8018007"},"geometry":{"type":"Polygon","coordinates":[[[-157.8192118,21.2965984],[-157.8183627,21.2965625],[-157.8183791,21.2962267],[-157.8192282,21.2962628],[-157.8192118,21.2965984]]]}},{"type":"Feature","id":230065131,"properties":{"osmId":230065131,"category":"academic","addr:city":"Honolulu","addr:housename":"William S. Richardson Law Library","addr:housenumber":"2525","addr:postcode":"96822","addr:state":"HI","addr:street":"Dole Street","amenity":"library","architect":"Robert Matsushita","building":"university","name":"William S. Richardson Law Library","opening_hours":"Mo-Fr 09:00-17:00","operator":"University of Hawai'i at Manoa","operator:type":"university","phone":"+1 808-956-7966","website":"https://law.hawaii.edu/library/"},"geometry":{"type":"Polygon","coordinates":[[[-157.8179177,21.2965386],[-157.8167991,21.2964435],[-157.8168258,21.2961712],[-157.8179443,21.2962663],[-157.8179177,21.2965386]]]}},{"type":"Feature","id":230065132,"properties":{"osmId":230065132,"category":"academic","addr:city":"Honolulu","addr:housename":"Music Building Complex","addr:housenumber":"2441","addr:postcode":"96822","addr:state":"HI","addr:street":"Dole Street","building":"university","name":"Music Building Complex","year_of_construction":"1959"},"geometry":{"type":"Polygon","coordinates":[[[-157.8208842,21.2963256],[-157.8203043,21.2962971],[-157.8203,21.2957903],[-157.8201015,21.2957853],[-157.82011,21.2954608],[-157.8206787,21.2954958],[-157.8206809,21.2954654],[-157.8206862,21.2953754],[-157.8208043,21.2953704],[-157.8210188,21.2955454],[-157.8210072,21.2957516],[-157.8209008,21.2957516],[-157.8208842,21.2963256]]]}},{"type":"Feature","id":230065472,"properties":{"osmId":230065472,"category":"residential","addr:city":"Honolulu","addr:housenumber":"2571","addr:postcode":"96822","addr:state":"HI","addr:street":"Dole Street","architect":"Stephen Oyakawa","building":"dormitory","name":"Hale Aloha Lehua","year_of_construction":"1973"},"geometry":{"type":"Polygon","coordinates":[[[-157.8134973,21.2948088],[-157.8134652,21.294843],[-157.813439,21.2948586],[-157.8133922,21.2948711],[-157.8133652,21.2948714],[-157.8133018,21.2948514],[-157.8132632,21.2948172],[-157.8132459,21.2947871],[-157.8132379,21.2947262],[-157.8132593,21.2946704],[-157.8133008,21.2946316],[-157.8133578,21.2946118],[-157.8134274,21.2946191],[-157.8134692,21.2946424],[-157.8134902,21.2946636],[-157.8135135,21.2947101],[-157.8135156,21.294763],[-157.8134973,21.2948088]]]}},{"type":"Feature","id":230065473,"properties":{"osmId":230065473,"category":"residential","addr:city":"Honolulu","addr:housenumber":"2563","addr:postcode":"96822","addr:state":"HI","addr:street":"Dole Street","building":"dormitory","name":"Gateway House"},"geometry":{"type":"Polygon","coordinates":[[[-157.8151822,21.2958735],[-157.8147776,21.2961564],[-157.8144733,21.2957785],[-157.8145489,21.2957257],[-157.8147921,21.2960276],[-157.8151211,21.2957976],[-157.8151822,21.2958735]]]}},{"type":"Feature","id":230065474,"properties":{"osmId":230065474,"category":"residential","addr:city":"Honolulu","addr:housenumber":"2250","addr:postcode":"96822","addr:state":"HI","addr:street":"Dole Street","building":"dormitory","name":"Johnson Hall B"},"geometry":{"type":"Polygon","coordinates":[[[-157.8159628,21.2961525],[-157.8159837,21.2960605],[-157.8157006,21.2960047],[-157.8156935,21.2960361],[-157.8154136,21.2959809],[-157.8153936,21.2960689],[-157.8156938,21.296128],[-157.8157,21.2961007],[-157.8159628,21.2961525]]]}},{"type":"Feature","id":230065475,"properties":{"osmId":230065475,"category":"academic","addr:housenumber":"1333","addr:postcode":"96822","addr:street":"Lower Campus Road","building":"yes","leisure":"sports_hall","name":"Gym 1","wheelchair":"yes"},"geometry":{"type":"Polygon","coordinates":[[[-157.8196673,21.2952776],[-157.8192767,21.2952427],[-157.8193137,21.2948832],[-157.8197043,21.294918],[-157.8196673,21.2952776]]]}},{"type":"Feature","id":230065476,"properties":{"osmId":230065476,"category":"residential","addr:city":"Honolulu","addr:housenumber":"2575","addr:postcode":"96822","addr:state":"HI","addr:street":"Dole Street","architect":"Stephen Oyakawa","building":"dormitory","name":"Hale Aloha Ilima","year_of_construction":"1973"},"geometry":{"type":"Polygon","coordinates":[[[-157.8127833,21.294785],[-157.812742,21.2948064],[-157.8127174,21.294812],[-157.8126702,21.2948107],[-157.8126088,21.2947826],[-157.812578,21.2947469],[-157.8125631,21.2947052],[-157.8125635,21.2946657],[-157.812585,21.2946156],[-157.8126369,21.2945732],[-157.8127007,21.29456],[-157.812747,21.2945686],[-157.8127849,21.2945895],[-157.8128153,21.2946231],[-157.8128283,21.2946517],[-157.8128329,21.2946992],[-157.8128201,21.2947415],[-157.8128065,21.2947624],[-157.8127833,21.294785]]]}},{"type":"Feature","id":230065478,"properties":{"osmId":230065478,"category":"dining","addr:city":"Honolulu","addr:housenumber":"2573","addr:postcode":"96822","addr:state":"HI","addr:street":"Dole Street","amenity":"restaurant","architect":"Stephen Oyakawa","building":"yes","cuisine":"regional","name":"Hale Aloha Cafeteria","year_of_construction":"1973"},"geometry":{"type":"Polygon","coordinates":[[[-157.8129491,21.2946466],[-157.8128436,21.2946046],[-157.8127758,21.294569],[-157.8126859,21.2945168],[-157.8126406,21.2944713],[-157.8126144,21.2944182],[-157.8126049,21.2943529],[-157.8126144,21.294295],[-157.8126322,21.2942502],[-157.8126829,21.294193],[-157.8128389,21.294101],[-157.812941,21.2940615],[-157.8130044,21.2941869],[-157.8130317,21.2943097],[-157.8130225,21.2944481],[-157.8129839,21.294581],[-157.8129491,21.2946466]]]}},{"type":"Feature","id":230065479,"properties":{"osmId":230065479,"category":"academic","addr:housenumber":"1380","addr:postcode":"96822","addr:street":"Lower Campus Road","building":"yes","name":"Financial Management Office"},"geometry":{"type":"Polygon","coordinates":[[[-157.8191902,21.29361],[-157.8188096,21.2933949],[-157.8189089,21.2932424],[-157.8192895,21.2934575],[-157.8191902,21.29361]]]}},{"type":"Feature","id":230065481,"properties":{"osmId":230065481,"category":"residential","addr:city":"Honolulu","addr:housename":"Johnson Hall A","addr:housenumber":"2555","addr:postcode":"96822","addr:state":"HI","addr:street":"Dole Street","building":"dormitory","name":"Johnson Hall A"},"geometry":{"type":"Polygon","coordinates":[[[-157.8166478,21.29629],[-157.8164184,21.2962419],[-157.816408,21.2962849],[-157.8161395,21.2962285],[-157.8161626,21.296133],[-157.8164202,21.2961871],[-157.8164297,21.2961477],[-157.81667,21.2961982],[-157.8166478,21.29629]]]}},{"type":"Feature","id":230065483,"properties":{"osmId":230065483,"category":"residential","addr:city":"Honolulu","addr:housenumber":"2569","addr:postcode":"96822","addr:state":"HI","addr:street":"Dole Street","building":"dormitory","name":"Frear Hall"},"geometry":{"type":"Polygon","coordinates":[[[-157.814402,21.2958655],[-157.8137321,21.2957658],[-157.8137618,21.2955921],[-157.8138817,21.2956099],[-157.8139019,21.2954925],[-157.8136726,21.2954584],[-157.8136964,21.2953192],[-157.8140602,21.2953733],[-157.8140401,21.2954906],[-157.8139405,21.2954757],[-157.813912,21.2956421],[-157.8144272,21.2957188],[-157.814402,21.2958655]]]}},{"type":"Feature","id":230065484,"properties":{"osmId":230065484,"category":"academic","addr:housenumber":"1333","addr:postcode":"96822","addr:street":"Lower Campus Road","building":"yes","leisure":"sports_hall","name":"Gym 2"},"geometry":{"type":"Polygon","coordinates":[[[-157.8187242,21.2951866],[-157.8182967,21.2951527],[-157.8183298,21.2947903],[-157.8187573,21.2948242],[-157.8187242,21.2951866]]]}},{"type":"Feature","id":230065485,"properties":{"osmId":230065485,"category":"academic","building":"yes","name":"Office of Procurment and Real Property Management"},"geometry":{"type":"Polygon","coordinates":[[[-157.8188096,21.2933949],[-157.8184516,21.2931926],[-157.8185516,21.293039],[-157.8189096,21.2932413],[-157.8188096,21.2933949]]]}},{"type":"Feature","id":230066073,"properties":{"osmId":230066073,"category":"residential","addr:city":"Honolulu","addr:housenumber":"2585","addr:postcode":"96822","addr:state":"HI","addr:street":"Dole Street","building":"dormitory","name":"Hale Noelani"},"geometry":{"type":"Polygon","coordinates":[[[-157.8130416,21.2935884],[-157.8127096,21.2936726],[-157.8126779,21.293564],[-157.8130099,21.2934798],[-157.8130416,21.2935884]]]}},{"type":"Feature","id":230066075,"properties":{"osmId":230066075,"category":"residential","addr:city":"Honolulu","addr:housenumber":"2585","addr:postcode":"96822","addr:state":"HI","addr:street":"Dole Street","building":"dormitory","name":"Hale Noelani"},"geometry":{"type":"Polygon","coordinates":[[[-157.8136611,21.2934499],[-157.8130711,21.2935241],[-157.8130515,21.2933891],[-157.8136415,21.2933149],[-157.8136611,21.2934499]]]}},{"type":"Feature","id":230066076,"properties":{"osmId":230066076,"category":"residential","addr:city":"Honolulu","addr:housenumber":"2585","addr:postcode":"96822","addr:state":"HI","addr:street":"Dole Street","building":"dormitory","name":"Hale Noelani"},"geometry":{"type":"Polygon","coordinates":[[[-157.8137152,21.2936908],[-157.8130809,21.2937613],[-157.8130658,21.2936434],[-157.8131153,21.2936379],[-157.8137001,21.2935729],[-157.8137152,21.2936908]]]}},{"type":"Feature","id":230066077,"properties":{"osmId":230066077,"category":"residential","addr:city":"Honolulu","addr:housenumber":"2579","addr:postcode":"96822","addr:state":"HI","addr:street":"Dole Street","architect":"Stephen Oyakawa","building":"dormitory","name":"Hale Aloha Lokelani","year_of_construction":"1973"},"geometry":{"type":"Polygon","coordinates":[[[-157.813353,21.2940868],[-157.8132882,21.2940975],[-157.8132478,21.2940887],[-157.8132084,21.2940657],[-157.8131894,21.2940459],[-157.8131689,21.2940057],[-157.8131674,21.2939464],[-157.8131944,21.2938943],[-157.8132262,21.293868],[-157.8132611,21.2938533],[-157.8132969,21.2938485],[-157.813358,21.2938617],[-157.8134019,21.2938946],[-157.8134289,21.2939472],[-157.8134305,21.2939905],[-157.813425,21.2940124],[-157.8133992,21.2940547],[-157.8133697,21.2940784],[-157.813353,21.2940868]]]}},{"type":"Feature","id":230066081,"properties":{"osmId":230066081,"category":"residential","addr:city":"Honolulu","addr:housenumber":"2583","addr:postcode":"96822","addr:state":"HI","addr:street":"Dole Street","architect":"Stephen Oyakawa","building":"dormitory","name":"Hale Aloha Mokihana","year_of_construction":"1973"},"geometry":{"type":"Polygon","coordinates":[[[-157.8127363,21.2941602],[-157.8126728,21.2941709],[-157.8126202,21.2941574],[-157.812575,21.2941224],[-157.8125504,21.2940736],[-157.8125491,21.2940243],[-157.8125768,21.2939674],[-157.8126179,21.2939357],[-157.8126622,21.2939221],[-157.8126868,21.2939209],[-157.8127465,21.2939365],[-157.8127746,21.2939559],[-157.8128037,21.2939943],[-157.8128156,21.2940499],[-157.8127965,21.2941103],[-157.8127664,21.2941428],[-157.8127363,21.2941602]]]}},{"type":"Feature","id":230066083,"properties":{"osmId":230066083,"category":"residential","addr:city":"Honolulu","addr:housenumber":"2585","addr:postcode":"96822","addr:state":"HI","addr:street":"Dole Street","building":"dormitory","name":"Hale Noelani"},"geometry":{"type":"Polygon","coordinates":[[[-157.8139162,21.2936086],[-157.8138095,21.2935241],[-157.8142189,21.2930751],[-157.8143257,21.2931596],[-157.8139162,21.2936086]]]}},{"type":"Feature","id":230066084,"properties":{"osmId":230066084,"category":"residential","addr:city":"Honolulu","addr:housenumber":"2585","addr:postcode":"96822","addr:state":"HI","addr:street":"Dole Street","building":"dormitory","name":"Hale Noelani"},"geometry":{"type":"Polygon","coordinates":[[[-157.813825,21.2934047],[-157.8136997,21.2933063],[-157.8140394,21.2929308],[-157.8141647,21.2930291],[-157.813825,21.2934047]]]}},{"type":"Feature","id":230066542,"properties":{"osmId":230066542,"category":"academic","addr:city":"Honolulu","addr:housenumber":"2640","addr:postcode":"96816","addr:state":"HI","addr:street":"Dole Street","building":"yes","name":"Waahila Faculty Housing"},"geometry":{"type":"Polygon","coordinates":[[[-157.8121556,21.2966349],[-157.8116005,21.2965469],[-157.8116219,21.2964294],[-157.812177,21.2965173],[-157.8121556,21.2966349]]]}},{"type":"Feature","id":230066543,"properties":{"osmId":230066543,"category":"academic","addr:city":"Honolulu","addr:housenumber":"2545","addr:postcode":"96822","addr:state":"HI","addr:street":"McCarthy Mall","building":"university","name":"Bilger Addition"},"geometry":{"type":"Polygon","coordinates":[[[-157.8169247,21.2990929],[-157.8165384,21.2991023],[-157.8165302,21.2988124],[-157.8169165,21.2988029],[-157.8169247,21.2990929]]]}},{"type":"Feature","id":230066544,"properties":{"osmId":230066544,"category":"academic","addr:city":"Honolulu","addr:housenumber":"2530","addr:postcode":"96822","addr:state":"HI","addr:street":"Dole Street","architect":"Robert  Matsushita","building":"university","ele":"31","gnis:feature_id":"1875989","name":"Sakamaki Hall","source":"USGS Geonames","year_of_construction":"1977"},"geometry":{"type":"Polygon","coordinates":[[[-157.8172836,21.2979097],[-157.8168687,21.2979183],[-157.8168287,21.2970998],[-157.8172573,21.2970825],[-157.8172836,21.2979097]]]}},{"type":"Feature","id":230066546,"properties":{"osmId":230066546,"category":"academic","addr:housenumber":"1733","addr:postcode":"96822","addr:state":"HI","addr:street":"Donaghho Road","building":"university","ele":"43","gnis:feature_id":"1875980","name":"Kuykendall Hall","source":"USGS Geonames"},"geometry":{"type":"Polygon","coordinates":[[[-157.8179352,21.2984922],[-157.8179335,21.2984187],[-157.8179299,21.2982577],[-157.8177495,21.2982612],[-157.8174454,21.2982672],[-157.8174408,21.2980593],[-157.8171357,21.2980652],[-157.8171389,21.2982082],[-157.8173141,21.2982048],[-157.8173159,21.2982853],[-157.8172713,21.2982862],[-157.8172762,21.298505],[-157.8179352,21.2984922]]]}},{"type":"Feature","id":230066547,"properties":{"osmId":230066547,"category":"academic","addr:city":"Honolulu","addr:housenumber":"1777","addr:postcode":"96822","addr:state":"HI","addr:street":"East-West Road","architect":"I.M. Pei","building":"university","name":"Jefferson Hall","year_of_construction":"1961"},"geometry":{"type":"Polygon","coordinates":[[[-157.8143933,21.2996288],[-157.8143847,21.2990493],[-157.813979,21.2990544],[-157.8139874,21.2996339],[-157.8143933,21.2996288]]]}},{"type":"Feature","id":230066548,"properties":{"osmId":230066548,"category":"academic","addr:housename":"Kamakauokalani Building","addr:housenumber":"2645","addr:postcode":"96822","addr:street":"Dole Street","architect":"Kauhikaua & Chun","building":"university","name":"Hawaiian Studies","year_of_construction":"1996"},"geometry":{"type":"Polygon","coordinates":[[[-157.8124055,21.2956158],[-157.812183,21.2954105],[-157.8119885,21.2952324],[-157.8118096,21.2950673],[-157.8121732,21.2947252],[-157.8125422,21.2950656],[-157.812338,21.2952577],[-157.8125642,21.2954665],[-157.8124055,21.2956158]]]}},{"type":"Feature","id":230066549,"properties":{"osmId":230066549,"category":"academic","addr:housenumber":"2465","addr:postcode":"96822","addr:street":"Campus Road","architect":"John Carl Warnecke","building":"university","name":"Campus Center","year_of_construction":"1973"},"geometry":{"type":"Polygon","coordinates":[[[-157.818903,21.2987589],[-157.8188731,21.2984043],[-157.8187926,21.2983443],[-157.818578,21.2983743],[-157.8184199,21.2982502],[-157.8184658,21.2981995],[-157.8184784,21.2981855],[-157.8183629,21.2980948],[-157.818435,21.2980151],[-157.8183719,21.2979655],[-157.8185151,21.2978072],[-157.8187817,21.2980165],[-157.8188301,21.2980544],[-157.8189587,21.2980536],[-157.8189591,21.2981207],[-157.818975,21.2982643],[-157.8191898,21.2984464],[-157.8192304,21.2984808],[-157.8191974,21.2985146],[-157.8194359,21.2987168],[-157.8192424,21.2989151],[-157.8191722,21.298987],[-157.818903,21.2987589]]]}},{"type":"Feature","id":230066550,"properties":{"osmId":230066550,"category":"academic","addr:housenumber":"2500","addr:postcode":"96822","addr:state":"HI","addr:street":"Dole Street","building":"university","ele":"29","gnis:feature_id":"1875979","name":"Krauss Hall","source":"USGS Geonames"},"geometry":{"type":"Polygon","coordinates":[[[-157.8179551,21.297257],[-157.8178435,21.2972555],[-157.8174006,21.2972494],[-157.8174033,21.2970771],[-157.817406,21.2969074],[-157.8175433,21.2969093],[-157.8175401,21.2971096],[-157.8178229,21.2971135],[-157.8178257,21.2969338],[-157.8179602,21.2969357],[-157.8179551,21.297257]]]}},{"type":"Feature","id":230066551,"properties":{"osmId":230066551,"category":"academic","addr:city":"Honolulu","addr:housenumber":"1770","addr:postcode":"96822","addr:state":"HI","addr:street":"East West Road","amenity":"theatre","architect":"I.M. Pei","building":"university","ele":"34","gnis:feature_id":"1875977","name":"Kennedy Theatre","source":"USGS Geonames","year_of_construction":"1962"},"geometry":{"type":"Polygon","coordinates":[[[-157.8153579,21.2995654],[-157.8151563,21.2995692],[-157.8151541,21.2994704],[-157.8147391,21.2994783],[-157.8147314,21.2991307],[-157.8151314,21.299123],[-157.8151297,21.299044],[-157.8151922,21.2990428],[-157.8153463,21.2990399],[-157.8153579,21.2995654]]]}},{"type":"Feature","id":230066552,"properties":{"osmId":230066552,"category":"academic","addr:city":"Honolulu","addr:housenumber":"2500","addr:postcode":"96822","addr:state":"HI","addr:street":"Dole Street","building":"university","name":"Krauss Annex"},"geometry":{"type":"Polygon","coordinates":[[[-157.8175847,21.2978836],[-157.8175867,21.2976688],[-157.8174982,21.2976681],[-157.8174962,21.2978829],[-157.8175847,21.2978836]]]}},{"type":"Feature","id":230066553,"properties":{"osmId":230066553,"category":"academic","addr:city":"Honolulu","addr:housenumber":"2640","addr:postcode":"96816","addr:state":"HI","addr:street":"Dole Street","building":"yes","name":"Waahila Faculty Housing"},"geometry":{"type":"Polygon","coordinates":[[[-157.8117118,21.2956875],[-157.8114983,21.2954678],[-157.8115749,21.2954032],[-157.8117884,21.2956229],[-157.8117118,21.2956875]]]}},{"type":"Feature","id":230066554,"properties":{"osmId":230066554,"category":"academic","addr:city":"Honolulu","addr:housenumber":"2640","addr:postcode":"96816","addr:state":"HI","addr:street":"Dole Street","building":"yes","name":"Waahila Faculty Housing"},"geometry":{"type":"Polygon","coordinates":[[[-157.8116019,21.2960055],[-157.8113123,21.295702],[-157.8114032,21.2956267],[-157.8116928,21.2959302],[-157.8116019,21.2960055]]]}},{"type":"Feature","id":230066555,"properties":{"osmId":230066555,"category":"academic","addr:city":"Honolulu","addr:housenumber":"2515","addr:postcode":"96822","addr:state":"HI","addr:street":"Campus Road","building":"university","ele":"46","gnis:feature_id":"1875982","name":"Miller Hall","source":"USGS Geonames"},"geometry":{"type":"Polygon","coordinates":[[[-157.818202,21.299509],[-157.8182024,21.299531],[-157.8181165,21.2995323],[-157.8181162,21.299513],[-157.8180683,21.2995137],[-157.8180632,21.2992256],[-157.8181155,21.2992248],[-157.8181151,21.2992025],[-157.8181939,21.2992013],[-157.8181943,21.299223],[-157.8182463,21.2992222],[-157.8182513,21.2995082],[-157.818202,21.299509]]]}},{"type":"Feature","id":230066556,"properties":{"osmId":230066556,"category":"academic","addr:city":"Honolulu","addr:housenumber":"2640","addr:postcode":"96816","addr:state":"HI","addr:street":"Dole Street","building":"yes","name":"Waahila Faculty Housing"},"geometry":{"type":"Polygon","coordinates":[[[-157.8120786,21.2962463],[-157.811674,21.2961002],[-157.811721,21.2959874],[-157.8121256,21.2961335],[-157.8120786,21.2962463]]]}},{"type":"Feature","id":230066557,"properties":{"osmId":230066557,"category":"academic","addr:city":"Honolulu","addr:housenumber":"1680","addr:postcode":"96822","addr:state":"HI","addr:street":"East-West Road","building":"university","name":"Pacific Ocean Sciences and Technology"},"geometry":{"type":"Polygon","coordinates":[[[-157.8165715,21.2977217],[-157.816078,21.297737],[-157.8160596,21.2972224],[-157.8165531,21.2972071],[-157.8165715,21.2977217]]]}},{"type":"Feature","id":230066558,"properties":{"osmId":230066558,"category":"academic","addr:city":"Honolulu","addr:housenumber":"2525","addr:postcode":"96822","addr:state":"HI","addr:street":"Correa Road","building":"university","ele":"42","gnis:feature_id":"1875968","name":"Hawaii Institute of Geophysics","source":"USGS Geonames"},"geometry":{"type":"Polygon","coordinates":[[[-157.816264,21.2985464],[-157.816253,21.2982945],[-157.8165155,21.2982846],[-157.8165151,21.2982437],[-157.8165026,21.2979885],[-157.8162767,21.297997],[-157.8162698,21.2978384],[-157.8167059,21.2978219],[-157.8167367,21.2985286],[-157.8164191,21.2985406],[-157.816264,21.2985464]]]}},{"type":"Feature","id":230066559,"properties":{"osmId":230066559,"category":"residential","addr:city":"Honolulu","addr:postcode":"96822","addr:state":"HI","building":"dormitory","name":"Hale Halawai"},"geometry":{"type":"Polygon","coordinates":[[[-157.8143256,21.2978807],[-157.8140701,21.2979015],[-157.8140511,21.2976993],[-157.8143066,21.2976785],[-157.8143256,21.2978807]]]}},{"type":"Feature","id":230066560,"properties":{"osmId":230066560,"category":"academic","addr:housenumber":"2445","addr:postcode":"96822","addr:state":"HI","addr:street":"Campus Road","building":"university","ele":"43.8","gnis:feature_id":"1875969","name":"Hemenway Hall","source":"USGS Geonames"},"geometry":{"type":"Polygon","coordinates":[[[-157.8199887,21.2990755],[-157.8194889,21.2991004],[-157.8194806,21.2989561],[-157.8194578,21.2985601],[-157.8199606,21.298535],[-157.81997,21.298698],[-157.8197619,21.2987085],[-157.8197754,21.2989419],[-157.8199805,21.2989316],[-157.8199887,21.2990755]]]}},{"type":"Feature","id":230066561,"properties":{"osmId":230066561,"category":"academic","addr:city":"Honolulu","addr:housenumber":"2535","addr:postcode":"96822","addr:state":"HI","addr:street":"McCarthy Mall","building":"university","name":"Art Building"},"geometry":{"type":"Polygon","coordinates":[[[-157.8178943,21.2996203],[-157.817282,21.2996403],[-157.817195,21.2997258],[-157.8171079,21.2997281],[-157.8170983,21.2994087],[-157.8170583,21.2994098],[-157.8170426,21.2988928],[-157.8179696,21.2988683],[-157.8179734,21.2989945],[-157.8179346,21.2990263],[-157.8178739,21.299076],[-157.8178943,21.2996203]]]}},{"type":"Feature","id":230066562,"properties":{"osmId":230066562,"category":"academic","addr:city":"Honolulu","addr:housenumber":"2505","addr:postcode":"96822","addr:state":"HI","addr:street":"Correa Road","building":"university","name":"Watanabe Hall"},"geometry":{"type":"Polygon","coordinates":[[[-157.8161255,21.2984713],[-157.8155745,21.2984889],[-157.8155652,21.2982364],[-157.8161163,21.2982188],[-157.8161255,21.2984713]]]}},{"type":"Feature","id":230066563,"properties":{"osmId":230066563,"category":"academic","addr:city":"Honolulu","addr:housenumber":"1601","addr:postcode":"96822","addr:state":"HI","addr:street":"East-West Road","architect":"John Hara","building":"university","ele":"24","gnis:feature_id":"1875973","name":"John A. Burns Hall","official_name":"John A. Burns Hall: East-West Center","source":"USGS Geonames","year_of_construction":"1962"},"geometry":{"type":"Polygon","coordinates":[[[-157.8147888,21.2973592],[-157.8147718,21.2967847],[-157.8145888,21.2967893],[-157.8145788,21.2964539],[-157.8143657,21.2964593],[-157.8143088,21.2964607],[-157.8143258,21.2970407],[-157.8145128,21.297036],[-157.8145208,21.2973152],[-157.8145288,21.297315],[-157.8145298,21.2973551],[-157.8145438,21.2973547],[-157.8145448,21.2973654],[-157.8147888,21.2973592]]]}},{"type":"Feature","id":230066564,"properties":{"osmId":230066564,"category":"academic","addr:city":"Honolulu","addr:housenumber":"1733","addr:postcode":"96822","addr:state":"HI","addr:street":"Donaghho Road","architect":"Richard N. Dennis","building":"university","name":"Kyukendall Annex","year_of_construction":"1967"},"geometry":{"type":"Polygon","coordinates":[[[-157.8175124,21.2981377],[-157.8175089,21.2980526],[-157.8177246,21.2980447],[-157.8177282,21.2981298],[-157.8175124,21.2981377]]]}},{"type":"Feature","id":230066565,"properties":{"osmId":230066565,"category":"residential","addr:city":"Honolulu","addr:housenumber":"1711","addr:postcode":"96822","addr:state":"HI","addr:street":"East-West Road","architect":"I.M. Pei","building":"dormitory","name":"Hale Manoa","year_of_construction":"1962"},"geometry":{"type":"Polygon","coordinates":[[[-157.8146909,21.298311],[-157.8146841,21.2981341],[-157.814078,21.298154],[-157.8139632,21.2981578],[-157.8139699,21.2983347],[-157.8141604,21.2983284],[-157.8146909,21.298311]]]}},{"type":"Feature","id":230066566,"properties":{"osmId":230066566,"category":"academic","addr:city":"Honolulu","addr:housenumber":"2565","addr:postcode":"96822","addr:state":"HI","addr:street":"McCarthy Mall","building":"university","name":"Physical Science Building"},"geometry":{"type":"Polygon","coordinates":[[[-157.8161517,21.2995391],[-157.8161221,21.2989182],[-157.8158757,21.29893],[-157.8158962,21.2995438],[-157.8161517,21.2995391]]]}},{"type":"Feature","id":230066567,"properties":{"osmId":230066567,"category":"academic","addr:city":"Honolulu","addr:housenumber":"2425","addr:postcode":"96822","addr:state":"HI","addr:street":"Campus Road","alt_name":"Gregg M Sinclair Library","amenity":"library","architect":"Lemmon, Freeth & Haines","building":"university","ele":"43","gnis:feature_id":"1875955","name":"Sinclair Library","operator":"University of Hawai'i at Manoa","operator:type":"university","source":"USGS Geonames","website":"https://guides.library.manoa.hawaii.edu/sinclairlibrary","wheelchair":"yes","year_of_construction":"1955"},"geometry":{"type":"Polygon","coordinates":[[[-157.8206447,21.2988579],[-157.8204367,21.2988572],[-157.8204377,21.2985839],[-157.8200397,21.2985826],[-157.8200407,21.2983575],[-157.8202623,21.2983582],[-157.8203897,21.2983587],[-157.8203897,21.2983266],[-157.8204417,21.2983268],[-157.8204427,21.2981757],[-157.8204747,21.2981758],[-157.8204734,21.2981444],[-157.8206618,21.2981495],[-157.8206627,21.2983639],[-157.8208937,21.2983646],[-157.8208937,21.2984755],[-157.8208537,21.2984754],[-157.8208527,21.2986021],[-157.8206457,21.2986015],[-157.8206447,21.2988579]]]}},{"type":"Feature","id":230066569,"properties":{"osmId":230066569,"category":"academic","addr:city":"Honolulu","addr:housenumber":"2540","addr:postcode":"96822","addr:state":"HI","addr:street":"Dole Street","architect":"Skidmore, Owings and Merrill","building":"university","ele":"27","gnis:feature_id":"1875971","name":"Holmes Hall","source":"USGS Geonames","year_of_construction":"1972"},"geometry":{"type":"Polygon","coordinates":[[[-157.8167181,21.2970813],[-157.8154454,21.2971244],[-157.8154327,21.2967983],[-157.8167054,21.2967552],[-157.8167181,21.2970813]]]}},{"type":"Feature","id":230066571,"properties":{"osmId":230066571,"category":"academic","addr:city":"Honolulu","addr:housenumber":"2500","addr:postcode":"96822","addr:state":"HI","addr:street":"Dole Street","architect":"Richard N. Dennis","building":"university","name":"Krauss Annex","year_of_construction":"1967"},"geometry":{"type":"Polygon","coordinates":[[[-157.8179826,21.2981244],[-157.8179799,21.2980494],[-157.8177385,21.2980519],[-157.8177412,21.2981294],[-157.8179826,21.2981244]]]}},{"type":"Feature","id":230066572,"properties":{"osmId":230066572,"category":"academic","addr:city":"Honolulu","addr:housenumber":"2640","addr:postcode":"96816","addr:state":"HI","addr:street":"Dole Street","building":"yes","name":"Waahila Faculty Housing"},"geometry":{"type":"Polygon","coordinates":[[[-157.8123807,21.2960586],[-157.8119819,21.2958945],[-157.812035,21.2957826],[-157.8124337,21.2959467],[-157.8123807,21.2960586]]]}},{"type":"Feature","id":230066573,"properties":{"osmId":230066573,"category":"academic","addr:city":"Honolulu","addr:housenumber":"2545","addr:postcode":"96822","addr:state":"HI","addr:street":"McCarthy Mall","architect":"Mark Potter","building":"university","name":"Bilger Hall","year_of_construction":"1951"},"geometry":{"type":"Polygon","coordinates":[[[-157.8169504,21.2997016],[-157.816355,21.2997161],[-157.8163505,21.2995582],[-157.8166855,21.29955],[-157.8166821,21.2994311],[-157.8163628,21.2994389],[-157.8163571,21.2992339],[-157.8166809,21.299226],[-157.8166778,21.2991176],[-157.8167797,21.2991151],[-157.8167833,21.2992423],[-157.8169374,21.2992385],[-157.8169504,21.2997016]]]}},{"type":"Feature","id":230066574,"properties":{"osmId":230066574,"category":"academic","addr:city":"Honolulu","addr:housenumber":"2565","addr:postcode":"96822","addr:state":"HI","addr:street":"McCarthy Mall","architect":"Clifford Young","building":"university","name":"Keller Building","year_of_construction":"1959"},"geometry":{"type":"Polygon","coordinates":[[[-157.8160907,21.2998525],[-157.8160824,21.299647],[-157.8154554,21.2996691],[-157.8154637,21.2998746],[-157.8160907,21.2998525]]]}},{"type":"Feature","id":230066575,"properties":{"osmId":230066575,"category":"academic","addr:city":"Honolulu","addr:housenumber":"2532","addr:postcode":"96822","addr:state":"HI","addr:street":"Correa Road","building":"university","name":"Building 37"},"geometry":{"type":"Polygon","coordinates":[[[-157.8179378,21.2988286],[-157.8176516,21.2988373],[-157.8176479,21.2987318],[-157.8176869,21.2987306],[-157.8176863,21.2987121],[-157.8177363,21.2987106],[-157.8177358,21.2986974],[-157.8178525,21.2986938],[-157.8178529,21.2987069],[-157.8178911,21.2987058],[-157.8178918,21.2987255],[-157.8179341,21.2987242],[-157.8179378,21.2988286]]]}},{"type":"Feature","id":271374008,"properties":{"osmId":271374008,"category":"academic","building":"school","name":"Wo International Center"},"geometry":{"type":"Polygon","coordinates":[[[-157.8295486,21.3022044],[-157.829688,21.3021444],[-157.8295808,21.3019245],[-157.8296424,21.301892],[-157.8295968,21.3018271],[-157.8296263,21.3018021],[-157.8295512,21.3016996],[-157.8293554,21.3018296],[-157.8295486,21.3022044]]]}},{"type":"Feature","id":308855932,"properties":{"osmId":308855932,"category":"academic","building":"kindergarten","name":"Olivet Baptist Preschool"},"geometry":{"type":"Polygon","coordinates":[[[-157.8321521,21.297087],[-157.8319323,21.2970108],[-157.8317793,21.2969538],[-157.8316656,21.2972303],[-157.8317983,21.2972781],[-157.8318313,21.2971982],[-157.8318489,21.2972045],[-157.8318736,21.2971449],[-157.8320955,21.2972247],[-157.8321521,21.297087]]]}},{"type":"Feature","id":308855935,"properties":{"osmId":308855935,"category":"religious","addr:city":"Honolulu","addr:housenumber":"1775","addr:postcode":"96826","addr:state":"HI","addr:street":"South Beretania Street","amenity":"place_of_worship","building":"yes","denomination":"baptist","name":"Olivet Baptist Church","religion":"christian"},"geometry":{"type":"Polygon","coordinates":[[[-157.8325953,21.2972549],[-157.8324292,21.2971957],[-157.8323992,21.2972689],[-157.8323398,21.2974134],[-157.8323132,21.2974783],[-157.8323973,21.2975082],[-157.8324793,21.2975375],[-157.8325953,21.2972549]]]}},{"type":"Feature","id":314216283,"properties":{"osmId":314216283,"category":"medical","building":"hospital"},"geometry":{"type":"Polygon","coordinates":[[[-157.8359152,21.3005167],[-157.8358291,21.3004633],[-157.8356165,21.3003314],[-157.8354478,21.3005673],[-157.8353841,21.3005278],[-157.8353315,21.3006013],[-157.8352744,21.3006812],[-157.8353332,21.3007177],[-157.8351568,21.3009645],[-157.8351426,21.3009845],[-157.8354218,21.3011577],[-157.8354462,21.3011729],[-157.8359152,21.3005167]]]}},{"type":"Feature","id":315988972,"properties":{"osmId":315988972,"category":"academic","addr:city":"Honolulu","addr:housenumber":"2444","addr:postcode":"96822","addr:state":"HI","addr:street":"Dole Street","architect":"Vladimir Ossipoff","building":"university","ele":"37","gnis:feature_id":"1875936","name":"Bachman Hall","source":"USGS Geonames","year_of_construction":"1949"},"geometry":{"type":"Polygon","coordinates":[[[-157.8202615,21.2975045],[-157.8200738,21.2975064],[-157.8199401,21.2975077],[-157.8199403,21.2975282],[-157.8198059,21.2975296],[-157.8198026,21.2972427],[-157.8198018,21.2971721],[-157.8197992,21.2969463],[-157.8199497,21.2969448],[-157.8199508,21.2970414],[-157.8201781,21.2970392],[-157.8201791,21.2971294],[-157.8202149,21.297129],[-157.8202177,21.2973729],[-157.82026,21.2973725],[-157.8202615,21.2975045]]]}},{"type":"Feature","id":355924032,"properties":{"osmId":355924032,"category":"athletic","building":"yes","leisure":"sports_centre"},"geometry":{"type":"Polygon","coordinates":[[[-157.8314498,21.2934847],[-157.8311792,21.2933857],[-157.8312375,21.2932473],[-157.8312761,21.2932611],[-157.8312794,21.2932529],[-157.8314665,21.2933217],[-157.8314632,21.2933292],[-157.8315101,21.293346],[-157.8314498,21.2934847]]]}},{"type":"Feature","id":363790395,"properties":{"osmId":363790395,"category":"religious","building":"yes"},"geometry":{"type":"Polygon","coordinates":[[[-157.8104382,21.3107324],[-157.8104715,21.3107578],[-157.8102747,21.3109819],[-157.8102467,21.3109606],[-157.8101909,21.3110241],[-157.8100511,21.3109176],[-157.8100165,21.3109569],[-157.8099799,21.310929],[-157.810015,21.310889],[-157.8100049,21.3108813],[-157.810016,21.3108686],[-157.8099715,21.3108347],[-157.8102108,21.3105619],[-157.8102541,21.3105948],[-157.8102713,21.3105752],[-157.8102778,21.3105678],[-157.8102822,21.3105711],[-157.8102922,21.3105788],[-157.8103187,21.3105989],[-157.8104185,21.310675],[-157.8104605,21.310707],[-157.8104382,21.3107324]]]}},{"type":"Feature","id":363790397,"properties":{"osmId":363790397,"category":"religious","architect":"Wong & Wong","building":"church","name":"Mānoa Valley Church","name:en":"Manoa Valley Church","name:haw":"Mānoa Valley Church","year_of_construction":"1967"},"geometry":{"type":"Polygon","coordinates":[[[-157.8106995,21.3103921],[-157.8107292,21.3104576],[-157.8105885,21.3106117],[-157.8105094,21.3105912],[-157.8104556,21.3105772],[-157.8104519,21.3105183],[-157.8104474,21.3104476],[-157.810629,21.3103448],[-157.8106995,21.3103921]]]}},{"type":"Feature","id":381142833,"properties":{"osmId":381142833,"category":"academic","addr:city":"Honolulu","addr:housenumber":"2410","addr:postcode":"96822","addr:state":"HI","addr:street":"Campus Road","building":"university","name":"Architecture School"},"geometry":{"type":"Polygon","coordinates":[[[-157.8209435,21.3000995],[-157.8209405,21.3000254],[-157.8209759,21.3000241],[-157.8209608,21.2996467],[-157.8209268,21.2996479],[-157.8209243,21.2995858],[-157.8208676,21.2995877],[-157.8208628,21.2994636],[-157.8205176,21.2994751],[-157.8205249,21.2996658],[-157.8204957,21.299676],[-157.8205105,21.300033],[-157.8205482,21.3000316],[-157.8205516,21.3001134],[-157.8209435,21.3000995]]]}},{"type":"Feature","id":381143683,"properties":{"osmId":381143683,"category":"academic","addr:city":"Honolulu","addr:housenumber":"2560","addr:postcode":"96822","addr:state":"HI","addr:street":"Campus Road","building":"university","name":"George Hall"},"geometry":{"type":"Polygon","coordinates":[[[-157.8200654,21.3007117],[-157.8204507,21.3007047],[-157.8204394,21.3001655],[-157.820238,21.3001692],[-157.8200572,21.3001725],[-157.8200636,21.3004766],[-157.8201723,21.3004746],[-157.8201695,21.3003405],[-157.8203306,21.3003376],[-157.8203359,21.3005919],[-157.820063,21.3005969],[-157.8200654,21.3007117]]]}},{"type":"Feature","id":381143685,"properties":{"osmId":381143685,"category":"academic","addr:city":"Honolulu","addr:housenumber":"2550","addr:postcode":"96822","addr:state":"HI","addr:street":"Campus Road","building":"university","name":"Crawford Hall"},"geometry":{"type":"Polygon","coordinates":[[[-157.8197644,21.3004162],[-157.8196794,21.300418],[-157.8196773,21.3003311],[-157.8195043,21.3003347],[-157.8195066,21.3004305],[-157.8194121,21.3004325],[-157.8194065,21.3001982],[-157.8195889,21.3001944],[-157.819759,21.3001909],[-157.8197644,21.3004162]]]}},{"type":"Feature","id":381143916,"properties":{"osmId":381143916,"category":"academic","addr:city":"Honolulu","addr:housenumber":"2600","addr:postcode":"96822","addr:state":"HI","addr:street":"Campus Road","building":"university","name":"Queen Lili‘uokalani Center for Student Services"},"geometry":{"type":"Polygon","coordinates":[[[-157.8180977,21.3007095],[-157.8180882,21.3003385],[-157.8181393,21.300291],[-157.8186033,21.3002847],[-157.8186826,21.3003734],[-157.8186905,21.3006958],[-157.8180977,21.3007095]]]}},{"type":"Feature","id":381176384,"properties":{"osmId":381176384,"category":"academic","addr:city":"Honolulu","addr:housenumber":"2500","addr:postcode":"96822","addr:state":"HI","addr:street":"Campus Road","building":"university","name":"Hawai‘i Hall"},"geometry":{"type":"Polygon","coordinates":[[[-157.8190985,21.2996666],[-157.8188765,21.2996701],[-157.8188795,21.299819],[-157.8189055,21.2998186],[-157.8189105,21.3000854],[-157.8188795,21.3000858],[-157.8188815,21.3002261],[-157.8189175,21.3002255],[-157.8189185,21.3002871],[-157.8190895,21.3002844],[-157.8190875,21.3002231],[-157.8191145,21.3002227],[-157.8191125,21.3000724],[-157.8190805,21.3000729],[-157.8190775,21.2999184],[-157.8190755,21.2998192],[-157.8191015,21.2998188],[-157.8190985,21.2996666]]]}},{"type":"Feature","id":381176745,"properties":{"osmId":381176745,"category":"academic","addr:city":"Honolulu","addr:housenumber":"2430","addr:postcode":"96822","addr:state":"HI","addr:street":"Campus Road","building":"university","ele":"46","gnis:feature_id":"1875951","name":"Gartley Hall","source":"USGS Geonames"},"geometry":{"type":"Polygon","coordinates":[[[-157.8204419,21.2996274],[-157.8202175,21.2996326],[-157.8200046,21.2996375],[-157.8200024,21.2995519],[-157.8199993,21.299435],[-157.8202162,21.29943],[-157.8204365,21.299425],[-157.8204419,21.2996274]]]}},{"type":"Feature","id":381176746,"properties":{"osmId":381176746,"category":"academic","addr:city":"Honolulu","addr:housenumber":"2450","addr:postcode":"96822","addr:state":"HI","addr:street":"Campus Road","building":"university","ele":"44","gnis:feature_id":"1875943","name":"Dean Hall","source":"USGS Geonames"},"geometry":{"type":"Polygon","coordinates":[[[-157.819739,21.2996617],[-157.819736,21.299486],[-157.819646,21.2994871],[-157.819646,21.299502],[-157.819569,21.2995029],[-157.81949,21.2995039],[-157.81949,21.2994918],[-157.819394,21.299493],[-157.819396,21.2996673],[-157.819491,21.2996661],[-157.819491,21.2996539],[-157.819567,21.2996529],[-157.819648,21.2996519],[-157.819648,21.2996629],[-157.819739,21.2996617]]]}},{"type":"Feature","id":381176747,"properties":{"osmId":381176747,"category":"academic","addr:city":"Honolulu","addr:housenumber":"1627","addr:postcode":"96822","addr:state":"HI","addr:street":"Bachman Place","building":"university","name":"Bachman Annexes"},"geometry":{"type":"Polygon","coordinates":[[[-157.8193645,21.2975286],[-157.819127,21.29753],[-157.8191265,21.2974574],[-157.819123,21.2969393],[-157.8193603,21.296945],[-157.8193645,21.2975286]]]}},{"type":"Feature","id":381176748,"properties":{"osmId":381176748,"category":"academic","addr:city":"Honolulu","addr:housenumber":"2442","addr:postcode":"96822","addr:state":"HI","addr:street":"Campus Road","building":"university","name":"Administration Services Building 1"},"geometry":{"type":"Polygon","coordinates":[[[-157.8194899,21.2983421],[-157.819215,21.298349],[-157.8192138,21.2983106],[-157.8191428,21.2983124],[-157.8191435,21.2983347],[-157.8190715,21.2983365],[-157.8190615,21.2978894],[-157.8193038,21.2978807],[-157.8193001,21.297969],[-157.8193531,21.2979677],[-157.8193527,21.2981179],[-157.8194916,21.2981144],[-157.8194899,21.2983421]]]}},{"type":"Feature","id":381176749,"properties":{"osmId":381176749,"category":"academic","addr:city":"Honolulu","addr:housenumber":"2440","addr:postcode":"96822","addr:state":"HI","addr:street":"Campus Road","building":"university","name":"Administration Services Building 2"},"geometry":{"type":"Polygon","coordinates":[[[-157.8199471,21.2981202],[-157.819902,21.2981197],[-157.8195227,21.2981429],[-157.819514,21.297987],[-157.8199369,21.2979632],[-157.8199471,21.2981202]]]}},{"type":"Feature","id":381176750,"properties":{"osmId":381176750,"category":"academic","addr:city":"Honolulu","addr:housenumber":"1633","addr:postcode":"96822","addr:state":"HI","addr:street":"Bachman Place","building":"university","name":"Sinclair Annex"},"geometry":{"type":"Polygon","coordinates":[[[-157.8202779,21.2982805],[-157.8200461,21.2982745],[-157.8200485,21.2981955],[-157.8202803,21.2982015],[-157.8202779,21.2982805]]]}},{"type":"Feature","id":381176751,"properties":{"osmId":381176751,"category":"academic","addr:city":"Honolulu","addr:housenumber":"1633","addr:postcode":"96822","addr:state":"HI","addr:street":"Bachman Place","building":"university"},"geometry":{"type":"Polygon","coordinates":[[[-157.820342,21.2981967],[-157.8203456,21.2981171],[-157.8201094,21.2981079],[-157.8201058,21.2981876],[-157.820342,21.2981967]]]}},{"type":"Feature","id":381177785,"properties":{"osmId":381177785,"category":"academic","addr:city":"Honolulu","addr:housenumber":"1776","addr:postcode":"96822","addr:state":"HI","addr:street":"University Avenue","building":"school","name":"University High School 3"},"geometry":{"type":"Polygon","coordinates":[[[-157.8218738,21.2981693],[-157.8218768,21.2980509],[-157.8217298,21.2980476],[-157.8217338,21.2979011],[-157.8220988,21.2979093],[-157.8221028,21.2977738],[-157.8215868,21.2977621],[-157.8215798,21.2980402],[-157.8214888,21.2980382],[-157.8214858,21.2981605],[-157.8218738,21.2981693]]]}},{"type":"Feature","id":381177786,"properties":{"osmId":381177786,"category":"academic","building":"school","name":"Multipurpose Building"},"geometry":{"type":"Polygon","coordinates":[[[-157.8221138,21.2976912],[-157.821924,21.297685],[-157.8219365,21.2973538],[-157.8221263,21.29736],[-157.8221138,21.2976912]]]}},{"type":"Feature","id":381178423,"properties":{"osmId":381178423,"category":"academic","addr:city":"Honolulu","addr:housenumber":"1776","addr:postcode":"96822","addr:state":"HI","addr:street":"University Avenue","building":"school","ele":"37","gnis:feature_id":"1875939","name":"Castle Memorial Hall","source":"USGS Geonames"},"geometry":{"type":"Polygon","coordinates":[[[-157.8232811,21.2977305],[-157.8232882,21.2975934],[-157.8229315,21.2975775],[-157.8229478,21.2972609],[-157.8232765,21.2972756],[-157.8232828,21.2971536],[-157.822737,21.2971293],[-157.8227436,21.2970006],[-157.8226049,21.2969944],[-157.8225929,21.2972279],[-157.8227221,21.2972337],[-157.8227193,21.2972898],[-157.822769,21.297292],[-157.8227625,21.2974191],[-157.8227598,21.2974707],[-157.8227843,21.2974718],[-157.822778,21.2975946],[-157.8225082,21.2975826],[-157.8225023,21.2976979],[-157.8226298,21.2977036],[-157.8226289,21.2977212],[-157.8227155,21.2977251],[-157.8227164,21.2977065],[-157.8229855,21.2977185],[-157.8229847,21.297734],[-157.8230678,21.2977377],[-157.8230687,21.297721],[-157.8232811,21.2977305]]]}},{"type":"Feature","id":381205788,"properties":{"osmId":381205788,"category":"academic","addr:city":"Honolulu","addr:housenumber":"1776","addr:postcode":"96822","addr:state":"HI","addr:street":"University Avenue","building":"university","name":"Everly Hall"},"geometry":{"type":"Polygon","coordinates":[[[-157.8220748,21.2989683],[-157.8214718,21.2989549],[-157.8214758,21.298785],[-157.8220798,21.2987984],[-157.8220748,21.2989683]]]}},{"type":"Feature","id":381205790,"properties":{"osmId":381205790,"category":"academic","addr:city":"Honolulu","addr:housenumber":"1776","addr:postcode":"96822","addr:state":"HI","addr:street":"University Avenue","building":"university","ele":"46","gnis:feature_id":"1875998","name":"Wist Hall","source":"USGS Geonames"},"geometry":{"type":"Polygon","coordinates":[[[-157.8220458,21.2986087],[-157.8220398,21.2987852],[-157.8218738,21.2987803],[-157.8218788,21.2986114],[-157.8215118,21.2986006],[-157.8215178,21.2984046],[-157.8220738,21.2984208],[-157.8220678,21.2986093],[-157.8220458,21.2986087]]]}},{"type":"Feature","id":381205792,"properties":{"osmId":381205792,"category":"academic","addr:city":"Honolulu","addr:housenumber":"1776","addr:postcode":"96822","addr:state":"HI","addr:street":"University Avenue","building":"school","name":"Wist Annex 1"},"geometry":{"type":"Polygon","coordinates":[[[-157.8226066,21.2981919],[-157.8224645,21.298186],[-157.8224822,21.2978215],[-157.8226243,21.2978275],[-157.8226066,21.2981919]]]}},{"type":"Feature","id":381205795,"properties":{"osmId":381205795,"category":"academic","addr:city":"Honolulu","addr:housenumber":"1776","addr:postcode":"96822","addr:state":"HI","addr:street":"University Avenue","building":"school","name":"Lab School Portable 4"},"geometry":{"type":"Polygon","coordinates":[[[-157.8235443,21.2986744],[-157.8233351,21.2986585],[-157.8233435,21.2985623],[-157.8235527,21.2985782],[-157.8235443,21.2986744]]]}},{"type":"Feature","id":381205796,"properties":{"osmId":381205796,"category":"academic","addr:city":"Honolulu","addr:housenumber":"1776","addr:postcode":"96822","addr:state":"HI","addr:street":"University Avenue","building":"school","name":"Lab School Portable 3"},"geometry":{"type":"Polygon","coordinates":[[[-157.8238466,21.2984064],[-157.8236486,21.2983887],[-157.8236408,21.298464],[-157.8238389,21.2984818],[-157.8238466,21.2984064]]]}},{"type":"Feature","id":381205797,"properties":{"osmId":381205797,"category":"academic","addr:city":"Honolulu","addr:housenumber":"1776","addr:postcode":"96822","addr:state":"HI","addr:street":"University Avenue","building":"school","name":"Lab School Portable 2"},"geometry":{"type":"Polygon","coordinates":[[[-157.8235629,21.298369],[-157.8233649,21.2983512],[-157.8233571,21.2984266],[-157.8235552,21.2984443],[-157.8235629,21.298369]]]}},{"type":"Feature","id":381205798,"properties":{"osmId":381205798,"category":"academic","addr:city":"Honolulu","addr:housenumber":"1776","addr:postcode":"96822","addr:state":"HI","addr:street":"University Avenue","building":"school","name":"Lab School Portable 1"},"geometry":{"type":"Polygon","coordinates":[[[-157.8232786,21.298389],[-157.8230805,21.2983712],[-157.8230728,21.2984466],[-157.8232708,21.2984643],[-157.8232786,21.298389]]]}},{"type":"Feature","id":381354820,"properties":{"osmId":381354820,"category":"academic","amenity":"bar","building":"university","name":"Manoa Gardens","opening_hours":"12:00-20:00","toilets:wheelchair":"no","wheelchair":"yes"},"geometry":{"type":"Polygon","coordinates":[[[-157.8199805,21.2989316],[-157.8197754,21.2989419],[-157.8197619,21.2987085],[-157.81997,21.298698],[-157.8199805,21.2989316]]]}},{"type":"Feature","id":381364883,"properties":{"osmId":381364883,"category":"academic","addr:city":"Honolulu","addr:housenumber":"2505","addr:postcode":"96822","addr:state":"HI","addr:street":"Campus Road","building":"university","name":"Warrior Recreation Center"},"geometry":{"type":"Polygon","coordinates":[[[-157.8191003,21.2991787],[-157.8184009,21.2991981],[-157.8183969,21.2990734],[-157.8183439,21.2990749],[-157.8183352,21.298806],[-157.818435,21.2988032],[-157.8184333,21.2987517],[-157.8184882,21.2987501],[-157.818486,21.2986821],[-157.8187716,21.298674],[-157.8187737,21.2987377],[-157.8187953,21.2987371],[-157.819095,21.299012],[-157.8191003,21.2991787]]]}},{"type":"Feature","id":381424444,"properties":{"osmId":381424444,"category":"academic","addr:city":"Honolulu","addr:housenumber":"1890","addr:postcode":"96822","addr:state":"HI","addr:street":"East-West Road","architect":"Hideo Murakami","building":"university","building:levels":"5","name":"Moore Hall","wheelchair":"yes","year_of_construction":"1971"},"geometry":{"type":"Polygon","coordinates":[[[-157.8155175,21.3011603],[-157.8149805,21.3011735],[-157.8149755,21.3009996],[-157.8150845,21.3009969],[-157.8150815,21.3008648],[-157.8148175,21.3008712],[-157.8148125,21.3007032],[-157.8153655,21.3006897],[-157.8153705,21.3008577],[-157.8152345,21.300861],[-157.8152385,21.300999],[-157.8155125,21.3009923],[-157.8155175,21.3011603]]]}},{"type":"Feature","id":436799386,"properties":{"osmId":436799386,"category":"religious","building":"yes"},"geometry":{"type":"Polygon","coordinates":[[[-157.8352693,21.3034058],[-157.8351331,21.3035308],[-157.8350545,21.3034566],[-157.8350223,21.3034861],[-157.8349689,21.3034356],[-157.835007,21.3034006],[-157.8349648,21.3033607],[-157.8350951,21.3032411],[-157.8352693,21.3034058]]]}},{"type":"Feature","id":436818496,"properties":{"osmId":436818496,"category":"academic","addr:city":"Honolulu","addr:housenumber":"2528","addr:postcode":"96822","addr:state":"HI","addr:street":"McCarthy Mall","architect":"Takashi Anbe;George K. C. Lee","building":"university","name":"Webster Hall","year_of_construction":"1961"},"geometry":{"type":"Polygon","coordinates":[[[-157.8179035,21.3009018],[-157.8176756,21.3009105],[-157.8176725,21.3008096],[-157.817669,21.3007506],[-157.8176576,21.300489],[-157.8176565,21.3004632],[-157.8175865,21.3004658],[-157.8175835,21.3003945],[-157.8176535,21.300392],[-157.8176515,21.3003366],[-157.8178785,21.3003282],[-157.8179035,21.3009018]]]}},{"type":"Feature","id":436818498,"properties":{"osmId":436818498,"category":"academic","addr:city":"Honolulu","addr:housenumber":"2538","addr:postcode":"96822","addr:state":"HI","addr:street":"McCarthy Mall","building":"university","name":"Edmondson Hall"},"geometry":{"type":"Polygon","coordinates":[[[-157.8168136,21.3007237],[-157.816612,21.3007295],[-157.8165981,21.3003127],[-157.8166551,21.3003111],[-157.8167017,21.3003097],[-157.8167033,21.300356],[-157.8168013,21.3003531],[-157.8168136,21.3007237]]]}},{"type":"Feature","id":437385810,"properties":{"osmId":437385810,"category":"religious","addr:city":"Honolulu","addr:housenumber":"1515","addr:postcode":"96822","addr:street":"Wilder Avenue","amenity":"place_of_worship","building":"yes","denomination":"episcopal","name":"Saint Clement's Church","religion":"christian","wheelchair":"yes"},"geometry":{"type":"Polygon","coordinates":[[[-157.8348358,21.3034987],[-157.8347463,21.3035201],[-157.8347186,21.3034191],[-157.8346739,21.3034298],[-157.834628,21.3032631],[-157.8347956,21.303223],[-157.8348433,21.3033962],[-157.8348098,21.3034042],[-157.8348358,21.3034987]]]}},{"type":"Feature","id":442977869,"properties":{"osmId":442977869,"category":"religious","amenity":"place_of_worship","architect":"Claude Stiehl","building":"yes","name":"Church of the Crossroads","wikidata":"Q5117833","year_of_construction":"1934"},"geometry":{"type":"Polygon","coordinates":[[[-157.8217576,21.2939097],[-157.8216047,21.2939785],[-157.8215109,21.2937448],[-157.821653,21.2936936],[-157.8217576,21.2939097]]]}},{"type":"Feature","id":446972984,"properties":{"osmId":446972984,"category":"academic","building":"university"},"geometry":{"type":"Polygon","coordinates":[[[-157.8171604,21.3016473],[-157.8171572,21.301504],[-157.8170565,21.301506],[-157.8170597,21.3016493],[-157.8171604,21.3016473]]]}},{"type":"Feature","id":446972985,"properties":{"osmId":446972985,"category":"academic","addr:city":"Honolulu","addr:housenumber":"3050","addr:postcode":"96822","addr:state":"HI","addr:street":"Maile Way","building":"university","ele":"42","gnis:feature_id":"1875954","name":"Gilmore Hall","source":"USGS Geonames"},"geometry":{"type":"Polygon","coordinates":[[[-157.8164993,21.3017568],[-157.8164932,21.3015783],[-157.8165702,21.3015735],[-157.816567,21.3015051],[-157.8167063,21.3015077],[-157.8168216,21.3015044],[-157.8169183,21.3014957],[-157.8169199,21.3015447],[-157.8170386,21.3015409],[-157.8170451,21.3016916],[-157.8169951,21.301696],[-157.8169961,21.3017408],[-157.8164993,21.3017568]]]}},{"type":"Feature","id":446972986,"properties":{"osmId":446972986,"category":"academic","building":"university","name":"Agricultural Engineering Institute"},"geometry":{"type":"Polygon","coordinates":[[[-157.8163721,21.3015146],[-157.8163795,21.3017938],[-157.8158995,21.3018049],[-157.815892,21.3015257],[-157.8163721,21.3015146]]]}},{"type":"Feature","id":446972987,"properties":{"osmId":446972987,"category":"academic","addr:city":"Honolulu","addr:housenumber":"3190","addr:postcode":"96822","addr:state":"HI","addr:street":"Maile Way","building":"university","name":"St. John Plant Science Lab"},"geometry":{"type":"Polygon","coordinates":[[[-157.8158562,21.3017884],[-157.8151923,21.3018054],[-157.8151857,21.3015824],[-157.8158496,21.3015654],[-157.8158562,21.3017884]]]}},{"type":"Feature","id":446972988,"properties":{"osmId":446972988,"category":"academic","addr:city":"Honolulu","addr:housenumber":"3190","addr:postcode":"96822","addr:state":"HI","addr:street":"Maile Way","building":"university","name":"St. John Plant Science Lab"},"geometry":{"type":"Polygon","coordinates":[[[-157.815074,21.3016342],[-157.8151326,21.3016317],[-157.8151463,21.301917],[-157.8149235,21.3019263],[-157.8149222,21.3019],[-157.8147664,21.3019065],[-157.8147486,21.3015377],[-157.8149114,21.3015309],[-157.814923,21.3017714],[-157.8150803,21.3017648],[-157.815074,21.3016342]]]}},{"type":"Feature","id":446972989,"properties":{"osmId":446972989,"category":"academic","addr:city":"Honolulu","addr:housenumber":"1910","addr:postcode":"96822","addr:state":"HI","addr:street":"East-West Road","building":"university","name":"Sherman Laboratory"},"geometry":{"type":"Polygon","coordinates":[[[-157.8154094,21.3018911],[-157.81543,21.3023382],[-157.8147644,21.3023649],[-157.8147466,21.3019795],[-157.8149579,21.301971],[-157.8149685,21.3021994],[-157.8152473,21.3021882],[-157.8152338,21.3018981],[-157.8154094,21.3018911]]]}},{"type":"Feature","id":446972990,"properties":{"osmId":446972990,"category":"academic","addr:city":"Honolulu","addr:housenumber":"2560","addr:postcode":"96822","addr:state":"HI","addr:street":"McCarthy Mall","building":"university","name":"Paradise Palms Cafe"},"geometry":{"type":"Polygon","coordinates":[[[-157.8157965,21.3011645],[-157.8157939,21.3010194],[-157.8157604,21.3010199],[-157.8157586,21.300918],[-157.8157961,21.3008803],[-157.8157586,21.300848],[-157.8157566,21.300733],[-157.8157313,21.3007334],[-157.8157308,21.300704],[-157.8156709,21.3007049],[-157.8156696,21.3006286],[-157.815513,21.3006309],[-157.8155136,21.3006684],[-157.8154774,21.3006689],[-157.8154784,21.3007272],[-157.8155119,21.3007267],[-157.8155126,21.3007687],[-157.8154796,21.3007692],[-157.8154809,21.3008399],[-157.8155184,21.3008393],[-157.8155225,21.301068],[-157.8156043,21.3010667],[-157.8156061,21.3011675],[-157.8157965,21.3011645]]]}},{"type":"Feature","id":446972992,"properties":{"osmId":446972992,"category":"academic","addr:city":"Honolulu","addr:housenumber":"1821","addr:postcode":"96822","addr:state":"HI","addr:street":"East West Road","architect":"I.M. Pei","building":"university","name":"Lincoln Hall / Pacific Biomedical Research Center","year_of_construction":"1962"},"geometry":{"type":"Polygon","coordinates":[[[-157.8144384,21.3005689],[-157.8144274,21.3003782],[-157.8139323,21.3004029],[-157.8139433,21.3005937],[-157.8144384,21.3005689]]]}},{"type":"Feature","id":446972993,"properties":{"osmId":446972993,"category":"academic","addr:city":"Honolulu","addr:housenumber":"2525","addr:postcode":"96822","addr:state":"HI","addr:street":"Maile Way","building":"university","name":"Maile Way Annex"},"geometry":{"type":"Polygon","coordinates":[[[-157.8176177,21.3015053],[-157.8176063,21.3014318],[-157.8178599,21.3013974],[-157.8178714,21.301471],[-157.8176177,21.3015053]]]}},{"type":"Feature","id":446976436,"properties":{"osmId":446976436,"category":"academic","addr:city":"Honolulu","addr:housenumber":"2540","addr:postcode":"96822","addr:state":"HI","addr:street":"Maile Way","architect":"Takashi Anbe;George K. C. Lee","building":"university","name":"Spalding Hall","year_of_construction":"1961"},"geometry":{"type":"Polygon","coordinates":[[[-157.8176725,21.3008096],[-157.8176756,21.3009105],[-157.8175813,21.300913],[-157.8175817,21.3009259],[-157.8174046,21.3009306],[-157.8174078,21.301038],[-157.8171401,21.3010451],[-157.817138,21.3009769],[-157.8172758,21.3009733],[-157.8172747,21.3009357],[-157.817274,21.3009142],[-157.8171535,21.3009174],[-157.8171532,21.3009082],[-157.8171508,21.3008274],[-157.8172586,21.3008246],[-157.8172674,21.3008243],[-157.8172656,21.3007655],[-157.8175711,21.3007574],[-157.8175807,21.3007572],[-157.8175823,21.300812],[-157.8176725,21.3008096]]]}},{"type":"Feature","id":450416594,"properties":{"osmId":450416594,"category":"academic","building":"university","name":"Dance Building"},"geometry":{"type":"Polygon","coordinates":[[[-157.8156616,21.3022171],[-157.8156611,21.3021992],[-157.8156947,21.3021983],[-157.8156924,21.3021177],[-157.8157151,21.3021171],[-157.8157087,21.301892],[-157.81558,21.3018952],[-157.8155817,21.3019528],[-157.8154876,21.3019552],[-157.8154949,21.3022091],[-157.8155774,21.302207],[-157.8155777,21.3022192],[-157.8156616,21.3022171]]]}},{"type":"Feature","id":450416595,"properties":{"osmId":450416595,"category":"academic","building":"university"},"geometry":{"type":"Polygon","coordinates":[[[-157.8154973,21.3024341],[-157.815497,21.302358],[-157.8156643,21.3023526],[-157.8156435,21.3024294],[-157.8154973,21.3024341]]]}},{"type":"Feature","id":450416596,"properties":{"osmId":450416596,"category":"academic","addr:city":"Honolulu","addr:housenumber":"3190","addr:postcode":"96822","addr:state":"HI","addr:street":"Maile Way","building":"university","name":"Pope Laboratories"},"geometry":{"type":"Polygon","coordinates":[[[-157.8155083,21.3027818],[-157.8148601,21.3028101],[-157.8148442,21.3024951],[-157.8154924,21.3024668],[-157.8155083,21.3027818]]]}},{"type":"Feature","id":450416605,"properties":{"osmId":450416605,"category":"academic","addr:city":"Honolulu","addr:housenumber":"1951","addr:postcode":"96822","addr:state":"HI","addr:street":"East-West Road","building":"university","name":"Campus Services / Public Safety"},"geometry":{"type":"Polygon","coordinates":[[[-157.8142055,21.3026635],[-157.8144321,21.3023524],[-157.8140406,21.302105],[-157.8138141,21.3024161],[-157.8142055,21.3026635]]]}},{"type":"Feature","id":450416606,"properties":{"osmId":450416606,"category":"academic","addr:city":"Honolulu","addr:housenumber":"1955","addr:postcode":"96822","addr:state":"HI","addr:street":"East-West Road","building":"university","name":"Agricultural Science"},"geometry":{"type":"Polygon","coordinates":[[[-157.8138929,21.3030893],[-157.8141385,21.3027596],[-157.8137389,21.3025012],[-157.8134932,21.3028309],[-157.8138929,21.3030893]]]}},{"type":"Feature","id":450416607,"properties":{"osmId":450416607,"category":"academic","addr:city":"Honolulu","addr:housenumber":"2002","addr:postcode":"96822","addr:state":"HI","addr:street":"East-West Road","building":"university","name":"Physical Plant Building"},"geometry":{"type":"Polygon","coordinates":[[[-157.8132986,21.3038019],[-157.8135646,21.3034294],[-157.8133716,21.3033099],[-157.8131056,21.3036823],[-157.8132986,21.3038019]]]}},{"type":"Feature","id":450416608,"properties":{"osmId":450416608,"category":"academic","building":"university","name":"Warehouse (Hale Ukana)"},"geometry":{"type":"Polygon","coordinates":[[[-157.8134263,21.3030128],[-157.81262,21.3041507],[-157.8124609,21.3040528],[-157.8132672,21.3029149],[-157.8134263,21.3030128]]]}},{"type":"Feature","id":450416609,"properties":{"osmId":450416609,"category":"academic","addr:city":"Honolulu","addr:housenumber":"2002","addr:postcode":"96822","addr:state":"HI","addr:street":"East-West Road","building":"university","name":"Maint Shops"},"geometry":{"type":"Polygon","coordinates":[[[-157.813008,21.3043919],[-157.8127965,21.3041817],[-157.813212,21.3038189],[-157.8134235,21.3040292],[-157.813008,21.3043919]]]}},{"type":"Feature","id":450416610,"properties":{"osmId":450416610,"category":"academic","addr:city":"Honolulu","addr:housenumber":"2002","addr:postcode":"96822","addr:state":"HI","addr:street":"East-West Road","building":"university","name":"Landscaping"},"geometry":{"type":"Polygon","coordinates":[[[-157.8132364,21.3046451],[-157.8130453,21.3044514],[-157.8134701,21.3040874],[-157.8136613,21.3042811],[-157.8132364,21.3046451]]]}},{"type":"Feature","id":450416611,"properties":{"osmId":450416611,"category":"academic","building":"university","name":"Transportation Services"},"geometry":{"type":"Polygon","coordinates":[[[-157.8138541,21.3050055],[-157.8136237,21.3047789],[-157.8139182,21.3045191],[-157.8139842,21.304584],[-157.8138384,21.3047127],[-157.8140027,21.3048743],[-157.8138541,21.3050055]]]}},{"type":"Feature","id":450416612,"properties":{"osmId":450416612,"category":"academic","building":"university","name":"Environmental Health and Safety Office"},"geometry":{"type":"Polygon","coordinates":[[[-157.8141088,21.3045084],[-157.8140494,21.3044514],[-157.8141705,21.3043419],[-157.8142299,21.3043989],[-157.8141088,21.3045084]]]}},{"type":"Feature","id":450416613,"properties":{"osmId":450416613,"category":"academic","addr:city":"Honolulu","addr:housenumber":"2040","addr:postcode":"96822","addr:state":"HI","addr:street":"East-West Road","building":"university","name":"Environmental Health and Safety Office"},"geometry":{"type":"Polygon","coordinates":[[[-157.8140336,21.304432],[-157.8139854,21.3043809],[-157.8141112,21.3042776],[-157.8141595,21.3043286],[-157.8140336,21.304432]]]}},{"type":"Feature","id":450416614,"properties":{"osmId":450416614,"category":"academic","building":"university","name":"Environmental Protection Facility"},"geometry":{"type":"Polygon","coordinates":[[[-157.8143394,21.3046931],[-157.8142576,21.3046137],[-157.8143302,21.3045488],[-157.8142942,21.3045139],[-157.8143636,21.3044519],[-157.8144813,21.3045662],[-157.8143394,21.3046931]]]}},{"type":"Feature","id":450416615,"properties":{"osmId":450416615,"category":"academic","addr:city":"Honolulu","addr:housenumber":"2010","addr:postcode":"96822","addr:state":"HI","addr:street":"East West Road","building":"university","name":"Thrift Store"},"geometry":{"type":"Polygon","coordinates":[[[-157.8149803,21.3048012],[-157.8147458,21.3048689],[-157.8146991,21.3047288],[-157.8149336,21.304661],[-157.8149803,21.3048012]]]}},{"type":"Feature","id":450416616,"properties":{"osmId":450416616,"category":"academic","building":"university","name":"Energy House"},"geometry":{"type":"Polygon","coordinates":[[[-157.8147653,21.3050264],[-157.8146158,21.3050388],[-157.814619,21.305072],[-157.8145125,21.3050808],[-157.8145001,21.3049511],[-157.8146138,21.3049416],[-157.8146179,21.3049844],[-157.8147601,21.3049726],[-157.8147653,21.3050264]]]}},{"type":"Feature","id":450416619,"properties":{"osmId":450416619,"category":"academic","addr:city":"Honolulu","addr:housenumber":"1821","addr:postcode":"96822","addr:state":"HI","addr:street":"East-West Road","building":"university","name":"Lincoln Hall Annex"},"geometry":{"type":"Polygon","coordinates":[[[-157.8140175,21.3012602],[-157.8139237,21.3012652],[-157.8139103,21.3010452],[-157.8140041,21.3010402],[-157.8140175,21.3012602]]]}},{"type":"Feature","id":450416620,"properties":{"osmId":450416620,"category":"academic","addr:city":"Honolulu","addr:housenumber":"1821","addr:postcode":"96822","addr:state":"HI","addr:street":"East-West Road","building":"university","name":"Lincoln Hall Annex"},"geometry":{"type":"Polygon","coordinates":[[[-157.814,21.3010092],[-157.8139102,21.3010127],[-157.813902,21.3008304],[-157.8139918,21.3008269],[-157.814,21.3010092]]]}},{"type":"Feature","id":450416627,"properties":{"osmId":450416627,"category":"academic","building":"university","building:levels":"1","name":"Temporary Portable 2","wheelchair":"yes"},"geometry":{"type":"Polygon","coordinates":[[[-157.8138674,21.3012925],[-157.8137662,21.3012978],[-157.8137397,21.3008586],[-157.813841,21.3008533],[-157.8138674,21.3012925]]]}},{"type":"Feature","id":450416628,"properties":{"osmId":450416628,"category":"academic","building":"university","building:levels":"1","name":"Temporary Portable 1","wheelchair":"yes"},"geometry":{"type":"Polygon","coordinates":[[[-157.8136754,21.301424],[-157.8135737,21.3014213],[-157.8135896,21.3009041],[-157.8136913,21.3009068],[-157.8136754,21.301424]]]}},{"type":"Feature","id":450416629,"properties":{"osmId":450416629,"category":"academic","building":"university","name":"Pamoa Buildings"},"geometry":{"type":"Polygon","coordinates":[[[-157.8136758,21.3040701],[-157.8135098,21.303912],[-157.8137268,21.3037145],[-157.8137718,21.3037572],[-157.8136188,21.3038963],[-157.8136788,21.3039531],[-157.8138268,21.3038184],[-157.8138878,21.3038771],[-157.8136758,21.3040701]]]}},{"type":"Feature","id":450416630,"properties":{"osmId":450416630,"category":"academic","building":"university","name":"Diving Safety Program"},"geometry":{"type":"Polygon","coordinates":[[[-157.8144305,21.3048073],[-157.8145333,21.3047307],[-157.8145084,21.3047018],[-157.8144056,21.3047784],[-157.8144305,21.3048073]]]}},{"type":"Feature","id":450416631,"properties":{"osmId":450416631,"category":"academic","building":"university","name":"Thrift Shop"},"geometry":{"type":"Polygon","coordinates":[[[-157.8145863,21.3046438],[-157.8145353,21.3045915],[-157.814656,21.3044892],[-157.814707,21.3045415],[-157.8145863,21.3046438]]]}},{"type":"Feature","id":453467889,"properties":{"osmId":453467889,"category":"religious","amenity":"place_of_worship","building":"church","name":"University Avenue Baptist Church","religion":"christian"},"geometry":{"type":"Polygon","coordinates":[[[-157.8186297,21.304005],[-157.8183587,21.3038643],[-157.8184797,21.3036632],[-157.8186037,21.3037274],[-157.8185547,21.303808],[-157.8187017,21.3038845],[-157.8186297,21.304005]]]}},{"type":"Feature","id":454585481,"properties":{"osmId":454585481,"category":"academic","addr:state":"HI","amenity":"theatre","building":"school","ele":"63","gnis:feature_id":"1956353","name":"Bakken Auditorium","source":"USGS Geonames"},"geometry":{"type":"Polygon","coordinates":[[[-157.8172518,21.302797],[-157.8174258,21.3028151],[-157.8174218,21.3028539],[-157.8174158,21.3028889],[-157.8174048,21.3029176],[-157.8173938,21.3029413],[-157.8173748,21.3029726],[-157.8173538,21.3030013],[-157.8173258,21.3030276],[-157.8172938,21.3030538],[-157.8171858,21.302911],[-157.8171728,21.3029041],[-157.8171498,21.3029419],[-157.8170618,21.3028944],[-157.8171738,21.3027169],[-157.8172608,21.3027644],[-157.8172428,21.3027922],[-157.8172518,21.302797]]]}},{"type":"Feature","id":454591339,"properties":{"osmId":454591339,"category":"academic","addr:state":"HI","building":"school","ele":"65","gnis:feature_id":"1890827","name":"Atherton Hall","source":"USGS Geonames"},"geometry":{"type":"Polygon","coordinates":[[[-157.8164958,21.304818],[-157.8164671,21.304825],[-157.8164502,21.3047653],[-157.8161391,21.3048418],[-157.8160924,21.3046771],[-157.8164302,21.304594],[-157.8164189,21.3045543],[-157.8167058,21.3044838],[-157.8166942,21.3044429],[-157.8168072,21.3044151],[-157.8168384,21.3045255],[-157.816749,21.3045475],[-157.8167601,21.3045869],[-157.8164518,21.3046627],[-157.8164958,21.304818]]]}},{"type":"Feature","id":454607381,"properties":{"osmId":454607381,"category":"academic","addr:city":"Honolulu","addr:housenumber":"1776","addr:postcode":"96822","addr:state":"HI","addr:street":"University Avenue","building":"university","name":"University Ave. Annexes"},"geometry":{"type":"Polygon","coordinates":[[[-157.8217058,21.2983029],[-157.8217068,21.298233],[-157.8214848,21.2982311],[-157.8214838,21.2983011],[-157.8217058,21.2983029]]]}},{"type":"Feature","id":454607382,"properties":{"osmId":454607382,"category":"academic","addr:city":"Honolulu","addr:housenumber":"1776","addr:postcode":"96822","addr:state":"HI","addr:street":"University Avenue","building":"university","name":"University Ave. Annexes"},"geometry":{"type":"Polygon","coordinates":[[[-157.8219358,21.2983677],[-157.8219388,21.2982953],[-157.8217408,21.2982863],[-157.8217368,21.2983587],[-157.8219358,21.2983677]]]}},{"type":"Feature","id":454607383,"properties":{"osmId":454607383,"category":"academic","addr:city":"Honolulu","addr:housenumber":"1776","addr:postcode":"96822","addr:state":"HI","addr:street":"University Avenue","building":"university","name":"University Ave. Annexes"},"geometry":{"type":"Polygon","coordinates":[[[-157.8220788,21.298345],[-157.8219918,21.2983413],[-157.8220008,21.2981488],[-157.8219178,21.2981452],[-157.8219218,21.2980597],[-157.8221498,21.2980695],[-157.8221458,21.2981459],[-157.8220888,21.2981434],[-157.8220788,21.298345]]]}},{"type":"Feature","id":454607384,"properties":{"osmId":454607384,"category":"academic","addr:city":"Honolulu","addr:housenumber":"1726","addr:postcode":"96822","addr:state":"HI","addr:street":"University Avenue","building":"school","name":"Locker Building"},"geometry":{"type":"Polygon","coordinates":[[[-157.8237446,21.2978553],[-157.8236123,21.2979336],[-157.8235099,21.2977834],[-157.8236422,21.2977051],[-157.8237446,21.2978553]]]}},{"type":"Feature","id":454607386,"properties":{"osmId":454607386,"category":"academic","building":"school","building:levels":"1","height":"4","name":"FROG 2"},"geometry":{"type":"Polygon","coordinates":[[[-157.8229551,21.2979902],[-157.8229601,21.2978974],[-157.8228416,21.2978925],[-157.8228375,21.2979853],[-157.8229551,21.2979902]]]}},{"type":"Feature","id":454607387,"properties":{"osmId":454607387,"category":"academic","building":"school","building:levels":"1","height":"4","name":"FROG 1"},"geometry":{"type":"Polygon","coordinates":[[[-157.8231596,21.2979976],[-157.8231645,21.2979048],[-157.823046,21.2978998],[-157.8230419,21.2979926],[-157.8231596,21.2979976]]]}},{"type":"Feature","id":454757512,"properties":{"osmId":454757512,"category":"academic","building":"school"},"geometry":{"type":"Polygon","coordinates":[[[-157.8174337,21.3057573],[-157.8173942,21.3058217],[-157.8173859,21.3058173],[-157.8173542,21.3058689],[-157.8173141,21.3058475],[-157.8173457,21.3057959],[-157.817326,21.3057854],[-157.8173655,21.3057211],[-157.8174337,21.3057573]]]}},{"type":"Feature","id":454757513,"properties":{"osmId":454757513,"category":"academic","building":"school"},"geometry":{"type":"Polygon","coordinates":[[[-157.8175842,21.3057912],[-157.8175246,21.3058884],[-157.8175162,21.3058839],[-157.8174971,21.3059149],[-157.8174254,21.3058767],[-157.8174445,21.3058457],[-157.8174348,21.3058405],[-157.8174138,21.3058747],[-157.8174011,21.3058679],[-157.8173895,21.3058868],[-157.8173674,21.305875],[-157.8174046,21.3058143],[-157.8174448,21.3058357],[-157.8174997,21.3057462],[-157.8175842,21.3057912]]]}},{"type":"Feature","id":454757516,"properties":{"osmId":454757516,"category":"academic","building":"school","name":"Admissions Office"},"geometry":{"type":"Polygon","coordinates":[[[-157.8171547,21.3051017],[-157.8170938,21.3050705],[-157.8171613,21.3049565],[-157.8172302,21.3049919],[-157.8171732,21.3050883],[-157.8171652,21.3050841],[-157.8171547,21.3051017]]]}},{"type":"Feature","id":454757517,"properties":{"osmId":454757517,"category":"academic","building":"school"},"geometry":{"type":"Polygon","coordinates":[[[-157.8170858,21.30499],[-157.8170287,21.3049584],[-157.8170222,21.3049686],[-157.8169902,21.3049508],[-157.8169967,21.3049406],[-157.8169809,21.3049319],[-157.8170188,21.3048726],[-157.8171237,21.3049307],[-157.8170858,21.30499]]]}},{"type":"Feature","id":454757518,"properties":{"osmId":454757518,"category":"academic","building":"school","name":"President’s Office"},"geometry":{"type":"Polygon","coordinates":[[[-157.8171814,21.3048034],[-157.8171367,21.3048735],[-157.8172188,21.3049189],[-157.8172107,21.3049316],[-157.8172635,21.3049608],[-157.8173159,21.3048788],[-157.8172758,21.3048566],[-157.8172965,21.3048241],[-157.8172347,21.3047898],[-157.8172144,21.3048217],[-157.8171814,21.3048034]]]}},{"type":"Feature","id":454757519,"properties":{"osmId":454757519,"category":"academic","building":"school"},"geometry":{"type":"Polygon","coordinates":[[[-157.8170605,21.3048789],[-157.8170025,21.3048466],[-157.8169945,21.3048597],[-157.8169615,21.3048417],[-157.8169705,21.3048286],[-157.8169015,21.3047909],[-157.8169585,21.3047015],[-157.8171175,21.3047896],[-157.8170605,21.3048789]]]}},{"type":"Feature","id":454757520,"properties":{"osmId":454757520,"category":"academic","building":"school"},"geometry":{"type":"Polygon","coordinates":[[[-157.8171013,21.3045497],[-157.8171953,21.3046122],[-157.8171473,21.3046745],[-157.8171923,21.3047042],[-157.8171633,21.3047408],[-157.8170253,21.3046487],[-157.8171013,21.3045497]]]}},{"type":"Feature","id":454757521,"properties":{"osmId":454757521,"category":"academic","building":"school"},"geometry":{"type":"Polygon","coordinates":[[[-157.8172404,21.3044916],[-157.8172874,21.3044666],[-157.8173144,21.3045109],[-157.8172694,21.3045353],[-157.8172804,21.3045522],[-157.8171944,21.3046014],[-157.8171134,21.3044789],[-157.8171994,21.3044297],[-157.8172404,21.3044916]]]}},{"type":"Feature","id":454757522,"properties":{"osmId":454757522,"category":"academic","building":"school"},"geometry":{"type":"Polygon","coordinates":[[[-157.8173909,21.3046049],[-157.8174331,21.3045322],[-157.8173563,21.3044936],[-157.8173141,21.3045662],[-157.8173348,21.3045766],[-157.8173251,21.3045933],[-157.8173607,21.3046112],[-157.8173704,21.3045945],[-157.8173909,21.3046049]]]}},{"type":"Feature","id":454757523,"properties":{"osmId":454757523,"category":"academic","building":"school"},"geometry":{"type":"Polygon","coordinates":[[[-157.8174768,21.3044776],[-157.8173427,21.3044101],[-157.8173776,21.3043499],[-157.8174288,21.3043757],[-157.8174639,21.3043151],[-157.8175468,21.3043568],[-157.8174768,21.3044776]]]}},{"type":"Feature","id":454757524,"properties":{"osmId":454757524,"category":"academic","building":"school","name":"External Affairs/Summer School"},"geometry":{"type":"Polygon","coordinates":[[[-157.8173789,21.3042271],[-157.8172823,21.304179],[-157.8173351,21.3040871],[-157.8174316,21.3041352],[-157.8173789,21.3042271]]]}},{"type":"Feature","id":454757526,"properties":{"osmId":454757526,"category":"academic","building":"school"},"geometry":{"type":"Polygon","coordinates":[[[-157.8175874,21.3043427],[-157.8174888,21.3042958],[-157.8175187,21.3042413],[-157.81753,21.3042466],[-157.8175502,21.3042097],[-157.8176086,21.3042375],[-157.817619,21.3042149],[-157.8176961,21.3042492],[-157.8176558,21.3043277],[-157.8176074,21.3043061],[-157.8175874,21.3043427]]]}},{"type":"Feature","id":454757527,"properties":{"osmId":454757527,"category":"academic","building":"school","name":"Advancement Office"},"geometry":{"type":"Polygon","coordinates":[[[-157.8176994,21.3040369],[-157.8175861,21.3041705],[-157.8174889,21.304099],[-157.8174982,21.304088],[-157.8174651,21.3040635],[-157.8175381,21.3039773],[-157.8175713,21.3040017],[-157.8176022,21.3039653],[-157.8176994,21.3040369]]]}},{"type":"Feature","id":454757530,"properties":{"osmId":454757530,"category":"academic","building":"school","name":"Atherton House & Hula Pavilion"},"geometry":{"type":"Polygon","coordinates":[[[-157.8178476,21.3039341],[-157.81777,21.3040204],[-157.8176849,21.3039545],[-157.817794,21.3038323],[-157.817857,21.3038811],[-157.8179385,21.3038697],[-157.817898,21.3038392],[-157.8180407,21.3036767],[-157.8180812,21.3037075],[-157.8180979,21.3036885],[-157.818128,21.3037114],[-157.8181082,21.3037339],[-157.8181417,21.3037594],[-157.818002,21.3039187],[-157.8179791,21.3039012],[-157.8179813,21.3039157],[-157.8178476,21.3039341]]]}},{"type":"Feature","id":454759838,"properties":{"osmId":454759838,"category":"academic","addr:state":"HI","building":"school","description":"Middle School","ele":"58","gnis:feature_id":"1946805","name":"Wood Hall","old_name":"Gulick Hall","source":"USGS Geonames"},"geometry":{"type":"Polygon","coordinates":[[[-157.8167179,21.3031455],[-157.8168748,21.3028806],[-157.816957,21.3029228],[-157.8168001,21.3031877],[-157.8167179,21.3031455]]]}},{"type":"Feature","id":454759840,"properties":{"osmId":454759840,"category":"academic","addr:state":"HI","building":"school","ele":"64","gnis:feature_id":"1956354","name":"Chew Technology Center","source":"USGS Geonames"},"geometry":{"type":"Polygon","coordinates":[[[-157.8174086,21.3033166],[-157.8173428,21.3034283],[-157.8173334,21.3034246],[-157.8173108,21.3034602],[-157.8171861,21.3033865],[-157.8172838,21.3032429],[-157.8174086,21.3033166]]]}},{"type":"Feature","id":454759841,"properties":{"osmId":454759841,"category":"academic","addr:state":"HI","building":"school","description":"Middle School Administration","ele":"59","gnis:feature_id":"1946882","name":"Hopwood Hall","source":"USGS Geonames"},"geometry":{"type":"Polygon","coordinates":[[[-157.8172262,21.3034726],[-157.8169673,21.3037402],[-157.8168967,21.3036809],[-157.8171556,21.3034133],[-157.8172262,21.3034726]]]}},{"type":"Feature","id":454759842,"properties":{"osmId":454759842,"category":"academic","building":"school","name":"Mike & Sandy Hartley Math, Science & Technology Complex/Harry & Jeanette Weinberg Technology Plaza"},"geometry":{"type":"Polygon","coordinates":[[[-157.8172082,21.3037712],[-157.8172214,21.3037564],[-157.817162,21.3037104],[-157.8173858,21.3034591],[-157.8175594,21.3035933],[-157.8172161,21.3039788],[-157.8172514,21.3040022],[-157.8171216,21.3041725],[-157.8169781,21.3040776],[-157.8170932,21.3039265],[-157.8170891,21.3039234],[-157.817086,21.3039268],[-157.817021,21.3038761],[-157.8168185,21.3041775],[-157.8168045,21.3041694],[-157.8166924,21.3043037],[-157.816569,21.3042301],[-157.8166952,21.3041069],[-157.816822,21.3039019],[-157.8168522,21.3039177],[-157.8169272,21.3038135],[-157.8169879,21.3038485],[-157.8171198,21.3037021],[-157.8172082,21.3037712]]]}},{"type":"Feature","id":454759844,"properties":{"osmId":454759844,"category":"academic","addr:state":"HI","building":"school","ele":"71","gnis:feature_id":"1904684","name":"Kawaiahaʻo Hall","source":"USGS Geonames"},"geometry":{"type":"Polygon","coordinates":[[[-157.8167148,21.3051013],[-157.8166481,21.3051076],[-157.8166693,21.3053019],[-157.8166549,21.3053032],[-157.816672,21.3054599],[-157.8165395,21.3054725],[-157.8165016,21.3051252],[-157.8164193,21.305133],[-157.8164398,21.3053206],[-157.8164208,21.3053224],[-157.816427,21.3053799],[-157.8163314,21.3053889],[-157.816284,21.3049544],[-157.8164009,21.3049433],[-157.8164082,21.3050104],[-157.8166991,21.3049829],[-157.8166899,21.3048992],[-157.8168246,21.3048865],[-157.8168714,21.3053153],[-157.8167395,21.3053278],[-157.8167148,21.3051013]]]}},{"type":"Feature","id":454766287,"properties":{"osmId":454766287,"category":"academic","addr:state":"HI","building":"school","ele":"48","gnis:feature_id":"1956369","leisure":"sports_hall","name":"Mills Gym","source":"USGS Geonames"},"geometry":{"type":"Polygon","coordinates":[[[-157.8165268,21.3026728],[-157.8161988,21.3025025],[-157.8162028,21.3024956],[-157.8162328,21.3024457],[-157.8162308,21.3024332],[-157.8162628,21.3023821],[-157.8163088,21.3023839],[-157.8164233,21.3021941],[-157.8167198,21.3023489],[-157.8165268,21.3026728]]]}},{"type":"Feature","id":454766289,"properties":{"osmId":454766289,"category":"academic","building":"school"},"geometry":{"type":"Polygon","coordinates":[[[-157.8172389,21.3019378],[-157.8171469,21.3019637],[-157.8169989,21.3018912],[-157.8169839,21.3018469],[-157.8170879,21.3018178],[-157.8170779,21.3017877],[-157.8171809,21.3017587],[-157.8172389,21.3019378]]]}},{"type":"Feature","id":454766291,"properties":{"osmId":454766291,"category":"academic","building":"school","name":"Martin Craft Shop"},"geometry":{"type":"Polygon","coordinates":[[[-157.8175893,21.3020085],[-157.8174964,21.3016689],[-157.8177734,21.3016031],[-157.8177651,21.3015727],[-157.8177788,21.3015695],[-157.8177867,21.3015982],[-157.8178123,21.3015921],[-157.817836,21.3016787],[-157.8177049,21.3017098],[-157.8177509,21.3018778],[-157.817721,21.3018849],[-157.8177447,21.3019716],[-157.8175893,21.3020085]]]}},{"type":"Feature","id":454766294,"properties":{"osmId":454766294,"category":"academic","building":"school"},"geometry":{"type":"Polygon","coordinates":[[[-157.8155038,21.304253],[-157.8153538,21.3042155],[-157.8153768,21.3041368],[-157.8155268,21.3041743],[-157.8155038,21.304253]]]}},{"type":"Feature","id":454766295,"properties":{"osmId":454766295,"category":"academic","building":"university"},"geometry":{"type":"Polygon","coordinates":[[[-157.8150999,21.3044603],[-157.8150161,21.304485],[-157.8149916,21.3044127],[-157.814967,21.30442],[-157.8149326,21.3043186],[-157.8150552,21.3042824],[-157.8150735,21.3043363],[-157.8150592,21.3043405],[-157.8150999,21.3044603]]]}},{"type":"Feature","id":454766296,"properties":{"osmId":454766296,"category":"academic","building":"university"},"geometry":{"type":"Polygon","coordinates":[[[-157.8150248,21.3045628],[-157.8149001,21.3046015],[-157.8148729,21.3045254],[-157.8149976,21.3044867],[-157.8150248,21.3045628]]]}},{"type":"Feature","id":454766297,"properties":{"osmId":454766297,"category":"academic","building":"school","name":"Art Pavilion"},"geometry":{"type":"Polygon","coordinates":[[[-157.8154459,21.3045178],[-157.8152648,21.3045087],[-157.8152637,21.304528],[-157.8151954,21.3045246],[-157.8151964,21.3045067],[-157.8151556,21.3045046],[-157.8151593,21.3044407],[-157.8152001,21.3044428],[-157.8152015,21.3044177],[-157.815283,21.3044218],[-157.8152907,21.3042878],[-157.8154587,21.3042962],[-157.8154459,21.3045178]]]}},{"type":"Feature","id":454766299,"properties":{"osmId":454766299,"category":"academic","building":"school"},"geometry":{"type":"Polygon","coordinates":[[[-157.815744,21.3053066],[-157.815685,21.3052985],[-157.8156888,21.3052743],[-157.8157478,21.3052824],[-157.815744,21.3053066]]]}},{"type":"Feature","id":454769963,"properties":{"osmId":454769963,"category":"academic","building":"school","name":"Maintenance & Facilities"},"geometry":{"type":"Polygon","coordinates":[[[-157.8174919,21.3019065],[-157.8173005,21.3019526],[-157.8172374,21.3017255],[-157.8174289,21.3016793],[-157.8174919,21.3019065]]]}},{"type":"Feature","id":454769965,"properties":{"osmId":454769965,"category":"academic","addr:state":"HI","building":"school","description":"High School Administration","ele":"55","gnis:feature_id":"1946739","name":"Damon Hall","source":"USGS Geonames"},"geometry":{"type":"Polygon","coordinates":[[[-157.8167752,21.3037222],[-157.8168778,21.3037812],[-157.8168295,21.303854],[-157.816777,21.3038239],[-157.8167737,21.3038289],[-157.8165837,21.3037197],[-157.8165748,21.3037332],[-157.8165099,21.3036959],[-157.8165891,21.3035763],[-157.8167939,21.303694],[-157.8167752,21.3037222]]]}},{"type":"Feature","id":454769966,"properties":{"osmId":454769966,"category":"academic","building":"school","name":"Athletics Locker Room/Stone Fitness Center"},"geometry":{"type":"Polygon","coordinates":[[[-157.8159155,21.3019411],[-157.8159215,21.3019165],[-157.8160655,21.3019493],[-157.8160405,21.302044],[-157.8159645,21.3020267],[-157.8159085,21.3022427],[-157.8157485,21.3022064],[-157.8158235,21.3019203],[-157.8159155,21.3019411]]]}},{"type":"Feature","id":454769967,"properties":{"osmId":454769967,"category":"academic","building":"school"},"geometry":{"type":"Polygon","coordinates":[[[-157.8190319,21.3022681],[-157.8189726,21.3022863],[-157.818927,21.302157],[-157.8189863,21.3021388],[-157.8190319,21.3022681]]]}},{"type":"Feature","id":454769968,"properties":{"osmId":454769968,"category":"academic","building":"school"},"geometry":{"type":"Polygon","coordinates":[[[-157.8190647,21.3021154],[-157.8190043,21.3021337],[-157.8189681,21.3020301],[-157.8190285,21.3020118],[-157.8190647,21.3021154]]]}},{"type":"Feature","id":454769970,"properties":{"osmId":454769970,"category":"academic","building":"school","name":"Batting Cages"},"geometry":{"type":"Polygon","coordinates":[[[-157.818883,21.3020287],[-157.8187556,21.3016976],[-157.8189097,21.3016461],[-157.8190371,21.3019773],[-157.818883,21.3020287]]]}},{"type":"Feature","id":454769971,"properties":{"osmId":454769971,"category":"academic","building":"school"},"geometry":{"type":"Polygon","coordinates":[[[-157.8185747,21.3018567],[-157.8183713,21.3019244],[-157.8183519,21.3018737],[-157.8185553,21.3018059],[-157.8185747,21.3018567]]]}},{"type":"Feature","id":454769972,"properties":{"osmId":454769972,"category":"academic","building":"school","name":"Elementary Art House"},"geometry":{"type":"Polygon","coordinates":[[[-157.81848,21.3018188],[-157.8183975,21.3017726],[-157.8184072,21.3017576],[-157.818384,21.3017447],[-157.8183952,21.3017273],[-157.8183781,21.3017178],[-157.8184143,21.3016618],[-157.8184314,21.3016713],[-157.818447,21.3016471],[-157.8185526,21.3017063],[-157.81848,21.3018188]]]}},{"type":"Feature","id":454769973,"properties":{"osmId":454769973,"category":"academic","building":"school","name":"Character Education House"},"geometry":{"type":"Polygon","coordinates":[[[-157.818594,21.3016501],[-157.8185294,21.3016077],[-157.8185904,21.3015271],[-157.818655,21.3015695],[-157.818594,21.3016501]]]}},{"type":"Feature","id":454769974,"properties":{"osmId":454769974,"category":"academic","building":"school"},"geometry":{"type":"Polygon","coordinates":[[[-157.8188193,21.3015277],[-157.818716,21.3016414],[-157.8186642,21.3016006],[-157.8187675,21.3014869],[-157.8188193,21.3015277]]]}},{"type":"Feature","id":454769976,"properties":{"osmId":454769976,"category":"academic","building":"school"},"geometry":{"type":"Polygon","coordinates":[[[-157.8181896,21.302054],[-157.818272,21.3020287],[-157.8182942,21.3020915],[-157.8182118,21.3021168],[-157.8181896,21.302054]]]}},{"type":"Feature","id":454769977,"properties":{"osmId":454769977,"category":"academic","building":"school"},"geometry":{"type":"Polygon","coordinates":[[[-157.8184491,21.3024035],[-157.8182755,21.3024567],[-157.8181615,21.302134],[-157.8182808,21.3020974],[-157.8183715,21.3023541],[-157.8184257,21.3023374],[-157.8184491,21.3024035]]]}},{"type":"Feature","id":454769978,"properties":{"osmId":454769978,"category":"academic","addr:state":"HI","building":"school","description":"Preschool & Elementary Administration","ele":"59","gnis:feature_id":"1905268","name":"Wilcox Hall","source":"USGS Geonames"},"geometry":{"type":"Polygon","coordinates":[[[-157.8185531,21.3025751],[-157.8185064,21.302443],[-157.8184775,21.3024518],[-157.8184423,21.3023521],[-157.8184821,21.3023399],[-157.8184592,21.3022752],[-157.8185605,21.3022441],[-157.8185834,21.3023088],[-157.8187533,21.3022567],[-157.8187897,21.3023597],[-157.818742,21.3023744],[-157.8187685,21.3024417],[-157.8187593,21.3024448],[-157.8187645,21.3024578],[-157.8187295,21.3024698],[-157.8187474,21.3025154],[-157.8185531,21.3025751]]]}},{"type":"Feature","id":454769979,"properties":{"osmId":454769979,"category":"academic","building":"school"},"geometry":{"type":"Polygon","coordinates":[[[-157.8186349,21.3019991],[-157.8184567,21.3020537],[-157.8184136,21.3019316],[-157.8185917,21.3018769],[-157.8186349,21.3019991]]]}},{"type":"Feature","id":454769980,"properties":{"osmId":454769980,"category":"academic","building":"school"},"geometry":{"type":"Polygon","coordinates":[[[-157.8188159,21.3019116],[-157.8186503,21.3019624],[-157.8186067,21.3018391],[-157.8187723,21.3017883],[-157.8188159,21.3019116]]]}},{"type":"Feature","id":454769981,"properties":{"osmId":454769981,"category":"academic","building":"school","name":"Preschool & Elementary School"},"geometry":{"type":"Polygon","coordinates":[[[-157.818777,21.3021915],[-157.8185969,21.3022467],[-157.8185559,21.3021308],[-157.818736,21.3020755],[-157.818777,21.3021915]]]}},{"type":"Feature","id":454769982,"properties":{"osmId":454769982,"category":"academic","building":"school"},"geometry":{"type":"Polygon","coordinates":[[[-157.8189004,21.3021128],[-157.8187876,21.3021492],[-157.8187286,21.3019905],[-157.8188414,21.3019541],[-157.8189004,21.3021128]]]}},{"type":"Feature","id":454769983,"properties":{"osmId":454769983,"category":"academic","building":"school"},"geometry":{"type":"Polygon","coordinates":[[[-157.8188696,21.3024264],[-157.818781,21.3024539],[-157.8187569,21.3023864],[-157.8188454,21.3023589],[-157.8188696,21.3024264]]]}},{"type":"Feature","id":454769984,"properties":{"osmId":454769984,"category":"academic","building":"school"},"geometry":{"type":"Polygon","coordinates":[[[-157.8189635,21.3023291],[-157.8188507,21.3023656],[-157.8187933,21.3022117],[-157.8189061,21.3021752],[-157.8189635,21.3023291]]]}},{"type":"Feature","id":454770748,"properties":{"osmId":454770748,"category":"academic","addr:city":"Honolulu","addr:housenumber":"2404","addr:postcode":"96822","addr:state":"HI","addr:street":"Maile Way","building":"university","name":"Business Administration"},"geometry":{"type":"Polygon","coordinates":[[[-157.8202814,21.3014334],[-157.8201514,21.3014419],[-157.8198094,21.3010872],[-157.819908,21.3009901],[-157.8199034,21.3008603],[-157.8198684,21.3008614],[-157.8198667,21.3008126],[-157.8199017,21.3008115],[-157.8198983,21.3007151],[-157.8200548,21.3007104],[-157.8200583,21.3008092],[-157.8204512,21.3007972],[-157.820448,21.3007073],[-157.8207042,21.3006995],[-157.8207074,21.3007894],[-157.8208536,21.3007849],[-157.8208616,21.3010136],[-157.8207062,21.3010183],[-157.820608,21.3010243],[-157.8204988,21.3011665],[-157.8205009,21.3012288],[-157.8205369,21.3012292],[-157.8205412,21.3013345],[-157.82053,21.3013348],[-157.8205332,21.3014257],[-157.8204472,21.3014283],[-157.8204483,21.3014596],[-157.8203894,21.3014614],[-157.8203883,21.3014301],[-157.8202814,21.3014334]]]}},{"type":"Feature","id":468542860,"properties":{"osmId":468542860,"category":"religious","amenity":"place_of_worship","building":"yes","name":"Shinnyo-En Hawaii"},"geometry":{"type":"Polygon","coordinates":[[[-157.8252156,21.2953948],[-157.8252974,21.2952056],[-157.8251794,21.2951613],[-157.8251761,21.2951688],[-157.8250604,21.2951254],[-157.8250579,21.2951312],[-157.8250198,21.2951169],[-157.8249631,21.295248],[-157.8250898,21.2952955],[-157.825064,21.2953551],[-157.8251014,21.2953692],[-157.8251078,21.2953543],[-157.8252156,21.2953948]]]}},{"type":"Feature","id":468542862,"properties":{"osmId":468542862,"category":"religious","amenity":"place_of_worship","building":"church","check_date":"2023-04-07","denomination":"episcopal","name":"St Mary's Episcopal Church","religion":"christian","safety:mask:covid19":"yes"},"geometry":{"type":"Polygon","coordinates":[[[-157.828824,21.2949178],[-157.8288451,21.2948656],[-157.8288353,21.2948622],[-157.8288572,21.2948082],[-157.8288797,21.2948161],[-157.8289158,21.2947268],[-157.828939,21.2946697],[-157.8289179,21.2946623],[-157.8289412,21.2946049],[-157.8287871,21.2945505],[-157.828759,21.294624],[-157.8287352,21.2946337],[-157.8286359,21.2945972],[-157.8286317,21.2946084],[-157.8285915,21.2947076],[-157.828571,21.2947004],[-157.8285408,21.2947761],[-157.8286543,21.2948156],[-157.8286758,21.2947629],[-157.8286853,21.2947395],[-157.8286694,21.2947339],[-157.8287021,21.2946535],[-157.8287241,21.2946613],[-157.828702,21.2947155],[-157.8287136,21.294741],[-157.8287018,21.2947725],[-157.8286774,21.2948364],[-157.8286666,21.2948625],[-157.828824,21.2949178]]]}},{"type":"Feature","id":468548374,"properties":{"osmId":468548374,"category":"religious","addr:city":"Honolulu","addr:housenumber":"1107","addr:postcode":"96826","addr:state":"HI","addr:street":"Punahou Street","amenity":"place_of_worship","building":"yes","landuse":"religious","name":"True Jesus Mission","religion":"christian"},"geometry":{"type":"Polygon","coordinates":[[[-157.8354307,21.2980822],[-157.8354525,21.2980274],[-157.8354765,21.2979672],[-157.8352762,21.2978979],[-157.8352304,21.2980129],[-157.8354307,21.2980822]]]}},{"type":"Feature","id":468548375,"properties":{"osmId":468548375,"category":"religious","amenity":"place_of_worship","building":"yes","name":"Shinshu Kyokai Mission"},"geometry":{"type":"Polygon","coordinates":[[[-157.8348441,21.2981571],[-157.8349247,21.297961],[-157.834926,21.2979559],[-157.8349569,21.297882],[-157.8349824,21.2978913],[-157.8350034,21.297841],[-157.8349776,21.2978317],[-157.8349824,21.2978215],[-157.8348426,21.2977708],[-157.8348066,21.2978569],[-157.8347704,21.2979476],[-157.8347048,21.2981074],[-157.8347751,21.2981325],[-157.8348441,21.2981571]]]}},{"type":"Feature","id":468548378,"properties":{"osmId":468548378,"category":"religious","amenity":"place_of_worship","building":"yes","name":"First Church-Christ Scientist","religion":"christian"},"geometry":{"type":"Polygon","coordinates":[[[-157.8335496,21.302505],[-157.8336828,21.3023659],[-157.8334557,21.3022221],[-157.8333234,21.3023705],[-157.8335496,21.302505]]]}},{"type":"Feature","id":471999784,"properties":{"osmId":471999784,"category":"religious","addr:city":"Honolulu","addr:housenumber":"1730","addr:state":"HI","addr:street":"Punahou Street","amenity":"place_of_worship","building":"yes","denomination":"lutheran","name":"Lutheran Church of Honolulu","religion":"christian"},"geometry":{"type":"Polygon","coordinates":[[[-157.8318724,21.3042422],[-157.8316525,21.3040273],[-157.8315398,21.3041298],[-157.8317598,21.3043422],[-157.8318724,21.3042422]]]}},{"type":"Feature","id":472036879,"properties":{"osmId":472036879,"category":"religious","amenity":"place_of_worship","building":"yes","denomination":"united_church_of_christ","name":"Atherton Chapel","religion":"christian"},"geometry":{"type":"Polygon","coordinates":[[[-157.8340554,21.2994335],[-157.8339409,21.2993675],[-157.8341157,21.2990826],[-157.8342347,21.2991542],[-157.8340554,21.2994335]]]}},{"type":"Feature","id":482364178,"properties":{"osmId":482364178,"category":"academic","building":"school","name":"Halau Ku Mana Public Charter School"},"geometry":{"type":"Polygon","coordinates":[[[-157.829666,21.3128208],[-157.8294955,21.3126849],[-157.8294105,21.3127774],[-157.8295502,21.3128888],[-157.8294596,21.3129875],[-157.8294904,21.313012],[-157.829666,21.3128208]]]}},{"type":"Feature","id":488191282,"properties":{"osmId":488191282,"category":"religious","addr:city":"Honolulu","addr:housenumber":"1822","addr:postcode":"96822","addr:state":"HI","addr:street":"Keeaumoku Street","amenity":"place_of_worship","building":"yes","denomination":"presbyterian","name":"First Presbyterian Church","religion":"christian"},"geometry":{"type":"Polygon","coordinates":[[[-157.8341123,21.3079765],[-157.8339679,21.3081337],[-157.8339497,21.3081205],[-157.8339314,21.3081347],[-157.8337992,21.3080229],[-157.8337941,21.3080258],[-157.8337413,21.3079803],[-157.8337271,21.3079898],[-157.833473,21.3077379],[-157.8334974,21.3076612],[-157.8336549,21.3075959],[-157.8336955,21.3076312],[-157.8338613,21.3077715],[-157.8341123,21.3079765]]]}},{"type":"Feature","id":488194597,"properties":{"osmId":488194597,"category":"religious","building":"church","name":"Christ United Methodist Church"},"geometry":{"type":"Polygon","coordinates":[[[-157.8351592,21.3053955],[-157.8349957,21.3052472],[-157.8349036,21.3053385],[-157.8348363,21.3052878],[-157.8347324,21.3053883],[-157.8347858,21.3054355],[-157.8347539,21.305462],[-157.8347875,21.3054852],[-157.8347651,21.3055125],[-157.8349028,21.3056327],[-157.8349295,21.3056006],[-157.8349639,21.3056279],[-157.8351351,21.3054764],[-157.8351075,21.3054427],[-157.8351592,21.3053955]]]}},{"type":"Feature","id":488812700,"properties":{"osmId":488812700,"category":"religious","amenity":"place_of_worship","building":"church","denomination":"baptist","name":"Hawaii Pacific Baptist Convention","religion":"christian"},"geometry":{"type":"Polygon","coordinates":[[[-157.8217063,21.3010297],[-157.8217057,21.3010426],[-157.8217011,21.3011433],[-157.8216105,21.3011397],[-157.8215282,21.3011364],[-157.821518,21.3013585],[-157.8213622,21.3013523],[-157.8213776,21.3010166],[-157.8217063,21.3010297]]]}},{"type":"Feature","id":488812707,"properties":{"osmId":488812707,"category":"religious","amenity":"place_of_worship","building":"church","name":"Pawa'a Community Church","religion":"christian"},"geometry":{"type":"Polygon","coordinates":[[[-157.8217921,21.3012662],[-157.8217724,21.3013619],[-157.8217322,21.3013547],[-157.821728,21.3013751],[-157.8216498,21.3013611],[-157.8216366,21.3014251],[-157.8215442,21.3014086],[-157.8215812,21.3012286],[-157.8217921,21.3012662]]]}},{"type":"Feature","id":488812709,"properties":{"osmId":488812709,"category":"religious","amenity":"place_of_worship","building":"church","denomination":"mormon","name":"The Church of Jesus Christ of Latter-day Saints","religion":"christian"},"geometry":{"type":"Polygon","coordinates":[[[-157.8213184,21.3014446],[-157.8212186,21.3013588],[-157.8212455,21.3013316],[-157.8211553,21.301254],[-157.8210827,21.3013273],[-157.8209472,21.301464],[-157.8210921,21.3015886],[-157.8212172,21.3014624],[-157.8212308,21.3014741],[-157.8212014,21.3015038],[-157.8212778,21.3015695],[-157.8213484,21.3014983],[-157.8213035,21.3014596],[-157.8213184,21.3014446]]]}},{"type":"Feature","id":488812712,"properties":{"osmId":488812712,"category":"religious","amenity":"place_of_worship","building":"church","denomination":"baptist","name":"International Baptist Centre","religion":"christian"},"geometry":{"type":"Polygon","coordinates":[[[-157.8213263,21.3010878],[-157.8213313,21.3012303],[-157.8212448,21.3012329],[-157.8212414,21.3011348],[-157.8212686,21.3011339],[-157.821267,21.3010896],[-157.8212847,21.3010891],[-157.8213263,21.3010878]]]}},{"type":"Feature","id":488812722,"properties":{"osmId":488812722,"category":"religious","amenity":"place_of_worship","building":"church","denomination":"methodist","name":"United Methodist Campus Minisrty","religion":"christian"},"geometry":{"type":"Polygon","coordinates":[[[-157.8214932,21.3006579],[-157.8214575,21.3005805],[-157.8214584,21.300503],[-157.8213488,21.3005018],[-157.821344,21.3008958],[-157.8214654,21.3008971],[-157.8214682,21.3006679],[-157.8214932,21.3006579]]]}},{"type":"Feature","id":488819560,"properties":{"osmId":488819560,"category":"religious","addr:city":"Honolulu","addr:housenumber":"2122","addr:postcode":"96822","addr:state":"HI","addr:street":"Metcalf Street","amenity":"place_of_worship","building":"church","denomination":"presbyterian","name":"Korean Presbyterian Church of Honolulu","religion":"christian","website":"http://hawaiichurch.org/"},"geometry":{"type":"Polygon","coordinates":[[[-157.8260414,21.2996435],[-157.8260002,21.2994359],[-157.8259244,21.2994182],[-157.8258644,21.2994532],[-157.825905,21.2996677],[-157.8259799,21.299684],[-157.8260414,21.2996435]]]}},{"type":"Feature","id":493518063,"properties":{"osmId":493518063,"category":"academic","building":"school"},"geometry":{"type":"Polygon","coordinates":[[[-157.8353179,21.2952209],[-157.8352852,21.2953101],[-157.8346991,21.2951001],[-157.8347318,21.2950153],[-157.8347844,21.2950338],[-157.8348042,21.2949837],[-157.8352817,21.2951567],[-157.8352638,21.2952026],[-157.8353179,21.2952209]]]}},{"type":"Feature","id":493521157,"properties":{"osmId":493521157,"category":"academic","building":"school"},"geometry":{"type":"Polygon","coordinates":[[[-157.8346484,21.2950745],[-157.8347254,21.2948722],[-157.8343518,21.2947308],[-157.8343156,21.2947308],[-157.8342818,21.2947438],[-157.8342642,21.294758],[-157.8342327,21.2948385],[-157.8343296,21.2948733],[-157.8342993,21.2949527],[-157.8346484,21.2950745]]]}},{"type":"Feature","id":496537862,"properties":{"osmId":496537862,"category":"academic","building":"school"},"geometry":{"type":"Polygon","coordinates":[[[-157.8222674,21.2976926],[-157.822114,21.2976876],[-157.8221263,21.29736],[-157.8222798,21.297365],[-157.8222674,21.2976926]]]}},{"type":"Feature","id":496641541,"properties":{"osmId":496641541,"category":"academic","addr:city":"Honolulu","addr:housenumber":"1776","addr:postcode":"96822","addr:state":"HI","addr:street":"University Avenue","building":"school","name":"Caretaker's Cottage"},"geometry":{"type":"Polygon","coordinates":[[[-157.8235418,21.2977343],[-157.8234223,21.2977312],[-157.8234246,21.2976546],[-157.8234522,21.2976553],[-157.8234535,21.2976126],[-157.8235072,21.297614],[-157.8235059,21.2976572],[-157.8235441,21.2976582],[-157.8235418,21.2977343]]]}},{"type":"Feature","id":496641543,"properties":{"osmId":496641543,"category":"academic","addr:city":"Honolulu","addr:housenumber":"1776","addr:postcode":"96822","addr:state":"HI","addr:street":"University Avenue","building":"school","name":"Castle Annex"},"geometry":{"type":"Polygon","coordinates":[[[-157.8234649,21.2975635],[-157.8232669,21.2975573],[-157.8232755,21.2973212],[-157.8233858,21.2973247],[-157.823382,21.2974299],[-157.8234696,21.2974327],[-157.8234649,21.2975635]]]}},{"type":"Feature","id":496673784,"properties":{"osmId":496673784,"category":"religious","addr:city":"Honolulu","addr:housenumber":"1110","addr:postcode":"96826","addr:state":"HI","addr:street":"Isenberg Street","amenity":"place_of_worship","building":"yes","name":"Honolulu Chinese Alliance Church","name:zh":"檀島華人宣道會","religion":"christian","website":"http://www.hcac.net/"},"geometry":{"type":"Polygon","coordinates":[[[-157.8252703,21.2945016],[-157.8251357,21.2944541],[-157.8252176,21.2942526],[-157.8252648,21.2942693],[-157.8252915,21.2942035],[-157.8253789,21.2942343],[-157.8252703,21.2945016]]]}},{"type":"Feature","id":497223958,"properties":{"osmId":497223958,"category":"academic","building":"university"},"geometry":{"type":"Polygon","coordinates":[[[-157.81754,21.2976126],[-157.8174567,21.2976111],[-157.8174596,21.2974789],[-157.8175429,21.2974805],[-157.81754,21.2976126]]]}},{"type":"Feature","id":497223959,"properties":{"osmId":497223959,"category":"academic","addr:city":"Honolulu","addr:housenumber":"2500","addr:postcode":"96822","addr:state":"HI","addr:street":"Dole Street","building":"university","name":"Krauss Annex 19"},"geometry":{"type":"Polygon","coordinates":[[[-157.8178792,21.2975472],[-157.817873,21.2978299],[-157.8178823,21.2978301],[-157.8178804,21.2979156],[-157.8176248,21.2979107],[-157.8176276,21.2977813],[-157.8177524,21.2977837],[-157.8177554,21.2976388],[-157.817579,21.2976355],[-157.8175811,21.2975415],[-157.8176808,21.2975434],[-157.8176832,21.2974352],[-157.8174409,21.2974306],[-157.8174441,21.2972865],[-157.8176665,21.2972908],[-157.8176661,21.2973073],[-157.8177919,21.2973097],[-157.8177897,21.2974103],[-157.8177868,21.2975454],[-157.8178792,21.2975472]]]}},{"type":"Feature","id":497244859,"properties":{"osmId":497244859,"category":"academic","building":"yes"},"geometry":{"type":"Polygon","coordinates":[[[-157.8195082,21.2935582],[-157.8193203,21.2934399],[-157.8192747,21.2935042],[-157.819464,21.2936225],[-157.8195082,21.2935582]]]}},{"type":"Feature","id":497244860,"properties":{"osmId":497244860,"category":"academic","building":"yes"},"geometry":{"type":"Polygon","coordinates":[[[-157.8193402,21.2935599],[-157.8192097,21.2937503],[-157.8191384,21.2937083],[-157.8192694,21.293515],[-157.8193402,21.2935599]]]}},{"type":"Feature","id":497244861,"properties":{"osmId":497244861,"category":"academic","building":"yes"},"geometry":{"type":"Polygon","coordinates":[[[-157.8194539,21.2936333],[-157.8193791,21.2935875],[-157.8192539,21.2937759],[-157.8193335,21.2938196],[-157.8194539,21.2936333]]]}},{"type":"Feature","id":497244862,"properties":{"osmId":497244862,"category":"academic","building":"yes"},"geometry":{"type":"Polygon","coordinates":[[[-157.8191461,21.2936217],[-157.8191029,21.2936945],[-157.8187795,21.2935107],[-157.8188262,21.2934378],[-157.8191461,21.2936217]]]}},{"type":"Feature","id":503156345,"properties":{"osmId":503156345,"category":"academic","building":"school","name":"Mau Band Building"},"geometry":{"type":"Polygon","coordinates":[[[-157.8290614,21.305152],[-157.8289823,21.3051733],[-157.8289689,21.3051608],[-157.8289052,21.305172],[-157.8288965,21.3051895],[-157.8288744,21.3051926],[-157.8288638,21.3051761],[-157.8288316,21.3051848],[-157.8287997,21.305126],[-157.8288252,21.3051117],[-157.8288132,21.3050904],[-157.8289106,21.3050258],[-157.8289092,21.3050077],[-157.8290098,21.3049746],[-157.8290159,21.3049983],[-157.8289262,21.3050257],[-157.828934,21.3050502],[-157.8289944,21.3050333],[-157.8289914,21.3050145],[-157.8290197,21.3050098],[-157.8290614,21.305152]]]}},{"type":"Feature","id":503156346,"properties":{"osmId":503156346,"category":"academic","building":"school","name":"Band Building"},"geometry":{"type":"Polygon","coordinates":[[[-157.8294088,21.3050809],[-157.8291784,21.3051333],[-157.829132,21.3049037],[-157.8291895,21.3048786],[-157.8294088,21.3050809]]]}},{"type":"Feature","id":503156347,"properties":{"osmId":503156347,"category":"academic","building":"school","name":"Flanders Dance Pavilion"},"geometry":{"type":"Polygon","coordinates":[[[-157.8268245,21.3025269],[-157.8267309,21.3026014],[-157.8264653,21.3023115],[-157.826559,21.302237],[-157.8266341,21.3023191],[-157.8266639,21.3022954],[-157.8268086,21.3024533],[-157.8267788,21.302477],[-157.8268245,21.3025269]]]}},{"type":"Feature","id":503156352,"properties":{"osmId":503156352,"category":"academic","building":"school","name":"Omidyar K-1 Neighboorhood"},"geometry":{"type":"Polygon","coordinates":[[[-157.8261991,21.3052159],[-157.8260556,21.3052578],[-157.826068,21.3052946],[-157.8259667,21.3053242],[-157.8259214,21.3051896],[-157.8261663,21.3051181],[-157.8261991,21.3052159]]]}},{"type":"Feature","id":503156353,"properties":{"osmId":503156353,"category":"academic","building":"school","name":"Omidyar K-1 Neighboorhood"},"geometry":{"type":"Polygon","coordinates":[[[-157.8265195,21.3050418],[-157.8265395,21.3051392],[-157.8262749,21.3051863],[-157.826255,21.3050889],[-157.8265195,21.3050418]]]}},{"type":"Feature","id":503156354,"properties":{"osmId":503156354,"category":"academic","building":"school","name":"Wilcox Hall"},"geometry":{"type":"Polygon","coordinates":[[[-157.8264731,21.3043961],[-157.8266367,21.3042237],[-157.8267556,21.3043216],[-157.826592,21.304494],[-157.8264731,21.3043961]]]}},{"type":"Feature","id":503156355,"properties":{"osmId":503156355,"category":"academic","building":"school","name":"Omidyar K-1 Neighboorhood"},"geometry":{"type":"Polygon","coordinates":[[[-157.8261027,21.3048245],[-157.826175,21.3047493],[-157.8262452,21.3046276],[-157.8263696,21.3046763],[-157.8262966,21.3048165],[-157.8262116,21.304904],[-157.8261027,21.3048245]]]}},{"type":"Feature","id":503156356,"properties":{"osmId":503156356,"category":"academic","building":"school","name":"Omidyar K-1 Neighboorhood"},"geometry":{"type":"Polygon","coordinates":[[[-157.8260596,21.3048666],[-157.8261375,21.3049685],[-157.8260019,21.305059],[-157.8258848,21.3050985],[-157.8258374,21.3049846],[-157.8259312,21.3049466],[-157.8260596,21.3048666]]]}},{"type":"Feature","id":503156357,"properties":{"osmId":503156357,"category":"academic","building":"school","name":"Omidyar K-1 Neighboorhood"},"geometry":{"type":"Polygon","coordinates":[[[-157.8258666,21.3053553],[-157.8257167,21.3054125],[-157.8256739,21.3053151],[-157.8258238,21.3052579],[-157.8258666,21.3053553]]]}},{"type":"Feature","id":503156358,"properties":{"osmId":503156358,"category":"academic","building":"school","name":"Omidyar K-1 Neighboorhood"},"geometry":{"type":"Polygon","coordinates":[[[-157.8267895,21.3050478],[-157.8266482,21.3050837],[-157.8265159,21.3046307],[-157.8266571,21.3045949],[-157.8267895,21.3050478]]]}},{"type":"Feature","id":513501074,"properties":{"osmId":513501074,"category":"academic","addr:city":"Honolulu","addr:housenumber":"1800","addr:postcode":"96822","addr:state":"HI","addr:street":"East-West Road","building":"university","building:levels":"3","construction":"university","name":"Life Sciences Building"},"geometry":{"type":"Polygon","coordinates":[[[-157.8146637,21.3006317],[-157.8152697,21.3006188],[-157.8152569,21.300094],[-157.8146509,21.3001068],[-157.8146637,21.3006317]]]}},{"type":"Feature","id":544278445,"properties":{"osmId":544278445,"category":"religious","architect":"Edwin Bauer","building":"church","denomination":"lutheran","name":"Our Redeemer Evangelical Lutheran Church","year_of_construction":"1950"},"geometry":{"type":"Polygon","coordinates":[[[-157.8219311,21.2957383],[-157.8219329,21.295796],[-157.8219674,21.2957968],[-157.8219638,21.2960062],[-157.8217417,21.2960071],[-157.8217409,21.2959881],[-157.8215949,21.2959864],[-157.8215949,21.295998],[-157.8214011,21.2959939],[-157.8214046,21.2959098],[-157.8215798,21.2959098],[-157.8215842,21.2957614],[-157.8214268,21.2957589],[-157.8214303,21.2956188],[-157.821678,21.2956311],[-157.8216798,21.2956575],[-157.8217391,21.2956583],[-157.8217373,21.2957193],[-157.8218037,21.2957358],[-157.8219311,21.2957383]]]}},{"type":"Feature","id":583035884,"properties":{"osmId":583035884,"category":"religious","addr:city":"Honolulu","addr:housenumber":"2020","addr:postcode":"96826","addr:state":"HI","addr:street":"South King Street","amenity":"place_of_worship","building":"yes","name":"Hawaii Ishizuchi Shrine","name:ja":"ハワイ石鎚神社","religion":"shinto"},"geometry":{"type":"Polygon","coordinates":[[[-157.8293845,21.2952261],[-157.8293893,21.2952102],[-157.8294318,21.2950777],[-157.8294502,21.2950828],[-157.8294604,21.2950529],[-157.8294143,21.29504],[-157.82941,21.2950511],[-157.8293921,21.2950466],[-157.8293796,21.2950434],[-157.8293517,21.2950365],[-157.8293445,21.2950589],[-157.8293159,21.2950521],[-157.8292742,21.2951851],[-157.8293845,21.2952261]]]}},{"type":"Feature","id":590809283,"properties":{"osmId":590809283,"category":"academic","addr:city":"Honolulu","addr:housenumber":"1941","addr:postcode":"96822","addr:state":"HI","addr:street":"East West Road","building":"yes","name":"Newman Center"},"geometry":{"type":"Polygon","coordinates":[[[-157.8136524,21.3022248],[-157.8137494,21.3021118],[-157.8137117,21.3020741],[-157.8137278,21.3020289],[-157.8137305,21.3019586],[-157.8136604,21.3018757],[-157.8136389,21.3018581],[-157.8134691,21.3020942],[-157.8136524,21.3022248]]]}},{"type":"Feature","id":590848724,"properties":{"osmId":590848724,"category":"academic","addr:city":"Honolulu","addr:housenumber":"1337","addr:postcode":"96822","addr:state":"HI","addr:street":"Lower Campus Road","building":"yes","name":"Les Murakami Baseball Stadium"},"geometry":{"type":"Polygon","coordinates":[[[-157.8158095,21.2935361],[-157.815765,21.2936805],[-157.8159624,21.2937319],[-157.8160897,21.2937379],[-157.8162065,21.293726],[-157.8163232,21.2936845],[-157.8164273,21.2936172],[-157.8164973,21.293548],[-157.8165525,21.2934748],[-157.816595,21.2933838],[-157.8166204,21.293281],[-157.8166226,21.2931603],[-157.8166077,21.2930179],[-157.816595,21.2929467],[-157.8164358,21.2929685],[-157.8164676,21.2931484],[-157.8164697,21.2932434],[-157.8164315,21.2933304],[-157.8163487,21.2934313],[-157.8162256,21.2934966],[-157.8161088,21.2935262],[-157.815956,21.2935223],[-157.8158159,21.2934985],[-157.8158095,21.2935361]]]}},{"type":"Feature","id":591017175,"properties":{"osmId":591017175,"category":"academic","addr:city":"Honolulu","addr:housenumber":"2840","addr:postcode":"96822","addr:state":"HI","addr:street":"Kolowalu Street","amenity":"bicycle_parking","bicycle_parking":"lockers","building":"university","club":"bicycle","internet_access":"yes","name":"Cycle Mānoa UH Bike Club","service:bicycle:repair":"yes","website":"https://www.cyclemanoa.org"},"geometry":{"type":"Polygon","coordinates":[[[-157.8122056,21.3071079],[-157.8122724,21.3070628],[-157.8121482,21.3069031],[-157.8120814,21.3069482],[-157.8122056,21.3071079]]]}},{"type":"Feature","id":591017176,"properties":{"osmId":591017176,"category":"academic","addr:city":"Honolulu","addr:housenumber":"2840","addr:postcode":"96822","addr:state":"HI","addr:street":"Kolowalu Street","building":"university","name":"Woodlawn 6 - Production"},"geometry":{"type":"Polygon","coordinates":[[[-157.8123641,21.3073108],[-157.8122323,21.3071309],[-157.8123107,21.307081],[-157.8124425,21.3072609],[-157.8123641,21.3073108]]]}},{"type":"Feature","id":591017177,"properties":{"osmId":591017177,"category":"academic","addr:city":"Honolulu","addr:housenumber":"2840","addr:postcode":"96822","addr:state":"HI","addr:street":"Kolowalu Street","building":"university","name":"Woodlawn 1 - Editorial"},"geometry":{"type":"Polygon","coordinates":[[[-157.8126097,21.3072292],[-157.8126889,21.3071793],[-157.8128295,21.3073729],[-157.8127503,21.3074228],[-157.8126097,21.3072292]]]}},{"type":"Feature","id":591017178,"properties":{"osmId":591017178,"category":"academic","addr:city":"Honolulu","addr:housenumber":"2840","addr:postcode":"96822","addr:state":"HI","addr:street":"Kolowalu Street","building":"university","name":"Woodlawn 2 - Marketing"},"geometry":{"type":"Polygon","coordinates":[[[-157.8126312,21.3074608],[-157.8127005,21.3074164],[-157.8125774,21.3072495],[-157.8125081,21.3072939],[-157.8126312,21.3074608]]]}},{"type":"Feature","id":591017179,"properties":{"osmId":591017179,"category":"academic","addr:city":"Honolulu","addr:housenumber":"2840","addr:postcode":"96822","addr:state":"HI","addr:street":"Kolowalu Street","building":"university","name":"Woodlawn 3 - Journals"},"geometry":{"type":"Polygon","coordinates":[[[-157.8125511,21.3075548],[-157.8126242,21.3075061],[-157.8124823,21.3073212],[-157.8124092,21.3073699],[-157.8125511,21.3075548]]]}},{"type":"Feature","id":591017180,"properties":{"osmId":591017180,"category":"academic","addr:city":"Honolulu","addr:housenumber":"2840","addr:postcode":"96822","addr:state":"HI","addr:street":"Kolowalu Street","building":"university","name":"Woodlawn - Administration"},"geometry":{"type":"Polygon","coordinates":[[[-157.8127107,21.3070978],[-157.8125201,21.3072241],[-157.8124695,21.3071579],[-157.8126602,21.3070316],[-157.8127107,21.3070978]]]}},{"type":"Feature","id":591017181,"properties":{"osmId":591017181,"category":"academic","addr:city":"Honolulu","addr:housenumber":"2840","addr:postcode":"96822","addr:state":"HI","addr:street":"Kolowalu Street","building":"university","name":"Woodlawn - Warehouse"},"geometry":{"type":"Polygon","coordinates":[[[-157.8123565,21.307078],[-157.812396,21.3071292],[-157.8125768,21.3070085],[-157.8125374,21.3069572],[-157.8123565,21.307078]]]}},{"type":"Feature","id":591017182,"properties":{"osmId":591017182,"category":"academic","addr:city":"Honolulu","addr:housenumber":"2840","addr:postcode":"96822","addr:state":"HI","addr:street":"Kolowalu Street","building":"university","name":"Woodlawn - Business"},"geometry":{"type":"Polygon","coordinates":[[[-157.8123353,21.3070574],[-157.8122917,21.3070014],[-157.8124307,21.3069076],[-157.8124743,21.3069637],[-157.8123353,21.3070574]]]}},{"type":"Feature","id":591018885,"properties":{"osmId":591018885,"category":"academic","building":"school","name":"Administration Office"},"geometry":{"type":"Polygon","coordinates":[[[-157.8120532,21.3063831],[-157.8118419,21.30634],[-157.8118907,21.3061321],[-157.812102,21.3061752],[-157.8120532,21.3063831]]]}},{"type":"Feature","id":622151029,"properties":{"osmId":622151029,"category":"academic","addr:city":"Honolulu","addr:housenumber":"2520","addr:postcode":"96822","addr:state":"HI","addr:street":"Correa Road","building":"university","name":"IT Center - University of Hawaii Systems","wheelchair":"yes"},"geometry":{"type":"Polygon","coordinates":[[[-157.8165384,21.2991023],[-157.8165358,21.2991454],[-157.8162264,21.299143],[-157.8162277,21.2989978],[-157.8162627,21.2989999],[-157.8162639,21.2989545],[-157.8162711,21.2988939],[-157.8162825,21.2988431],[-157.8163004,21.2987907],[-157.8165329,21.2987879],[-157.8165302,21.2988124],[-157.8165384,21.2991023]]]}},{"type":"Feature","id":806063924,"properties":{"osmId":806063924,"category":"academic","building":"yes"},"geometry":{"type":"Polygon","coordinates":[[[-157.815809,21.297633],[-157.8156483,21.297633],[-157.8156377,21.2975011],[-157.8156206,21.2972905],[-157.8157869,21.2972836],[-157.8158001,21.297494],[-157.815809,21.297633]]]}},{"type":"Feature","id":833111835,"properties":{"osmId":833111835,"category":"medical","building":"hospital","name":"Diamond Head Tower"},"geometry":{"type":"Polygon","coordinates":[[[-157.8331796,21.2997371],[-157.8331641,21.2997268],[-157.8331929,21.2996889],[-157.8333784,21.2998115],[-157.833618,21.2999698],[-157.8337169,21.2998398],[-157.8331204,21.2994457],[-157.8331478,21.2994097],[-157.832726,21.299131],[-157.8324638,21.2994754],[-157.8325211,21.2995133],[-157.8325112,21.2995263],[-157.8325206,21.2995325],[-157.83251,21.2995463],[-157.833052,21.2999046],[-157.8331278,21.2998051],[-157.8331796,21.2997371]]]}},{"type":"Feature","id":845224093,"properties":{"osmId":845224093,"category":"academic","building":"school","name":"Cafeteria"},"geometry":{"type":"Polygon","coordinates":[[[-157.8123728,21.306128],[-157.8123696,21.3061403],[-157.8121079,21.3060805],[-157.8121561,21.3058973],[-157.8124098,21.3059553],[-157.8124052,21.3059728],[-157.8125884,21.3060147],[-157.812548,21.306168],[-157.8123728,21.306128]]]}},{"type":"Feature","id":845224094,"properties":{"osmId":845224094,"category":"academic","building":"school","name":"Library"},"geometry":{"type":"Polygon","coordinates":[[[-157.8120648,21.3057663],[-157.8120908,21.3056668],[-157.8119451,21.3056337],[-157.8118763,21.3058966],[-157.8120874,21.3059445],[-157.8121302,21.3057811],[-157.8120648,21.3057663]]]}},{"type":"Feature","id":845224095,"properties":{"osmId":845224095,"category":"academic","building":"school","name":"A Building"},"geometry":{"type":"Polygon","coordinates":[[[-157.8112107,21.3059779],[-157.8112189,21.3059464],[-157.8111671,21.3059347],[-157.811178,21.3058949],[-157.8111882,21.305854],[-157.8111896,21.3058484],[-157.8118626,21.3060008],[-157.8118398,21.3060883],[-157.811804,21.3060802],[-157.8117961,21.3061106],[-157.8112107,21.3059779]]]}},{"type":"Feature","id":845224097,"properties":{"osmId":845224097,"category":"academic","building":"school","leisure":"sports_hall","name":"Covered Playcourt"},"geometry":{"type":"Polygon","coordinates":[[[-157.8110336,21.3062562],[-157.8110297,21.3062722],[-157.8110231,21.3062708],[-157.8107263,21.3062075],[-157.8107752,21.3060083],[-157.8110786,21.306073],[-157.8110336,21.3062562]]]}},{"type":"Feature","id":845224103,"properties":{"osmId":845224103,"category":"academic","building":"school","name":"B Building"},"geometry":{"type":"Polygon","coordinates":[[[-157.8117243,21.3054997],[-157.811734,21.3054641],[-157.8116951,21.3054548],[-157.81172,21.3053638],[-157.8122678,21.305494],[-157.812244,21.3055812],[-157.812186,21.3055674],[-157.8121752,21.3056067],[-157.8117243,21.3054997]]]}},{"type":"Feature","id":845224104,"properties":{"osmId":845224104,"category":"academic","building":"school","name":"PO-1"},"geometry":{"type":"Polygon","coordinates":[[[-157.8115498,21.3054694],[-157.8115717,21.3053738],[-157.8116667,21.3053927],[-157.8116448,21.3054883],[-157.8115498,21.3054694]]]}},{"type":"Feature","id":845225892,"properties":{"osmId":845225892,"category":"academic","building":"school","name":"PO-5"},"geometry":{"type":"Polygon","coordinates":[[[-157.8115209,21.3062124],[-157.8115397,21.3061406],[-157.8116663,21.3061693],[-157.8116475,21.3062412],[-157.8115209,21.3062124]]]}},{"type":"Feature","id":848231772,"properties":{"osmId":848231772,"category":"academic","addr:city":"Honolulu","addr:housename":"Institute for Astronomy","addr:housenumber":"2680","addr:postcode":"96813","addr:street":"Woodlawn Drive","amenity":"university","building":"university","name":"Institute for Astronomy","operator":"University of Hawai'i","wikidata":"Q604599"},"geometry":{"type":"Polygon","coordinates":[[[-157.8116518,21.307574],[-157.811536,21.3074062],[-157.8115849,21.3073534],[-157.8114974,21.3072336],[-157.8115241,21.3072357],[-157.81159,21.3072072],[-157.8117624,21.307097],[-157.8118062,21.3071449],[-157.8120223,21.3070059],[-157.8118782,21.3067925],[-157.8117007,21.3068908],[-157.8116621,21.3068381],[-157.8114176,21.3069795],[-157.8115206,21.3071305],[-157.8114588,21.3071857],[-157.8114408,21.3071473],[-157.8111887,21.3073007],[-157.8113019,21.3074589],[-157.8112556,21.3074949],[-157.8114074,21.307713],[-157.8116518,21.307574]]]}},{"type":"Feature","id":885737930,"properties":{"osmId":885737930,"category":"medical","building":"hospital","building:use":"office"},"geometry":{"type":"Polygon","coordinates":[[[-157.8335602,21.3002548],[-157.8336158,21.300179],[-157.833669,21.3001064],[-157.8337141,21.3001351],[-157.833905,21.2998749],[-157.8341127,21.3000071],[-157.833926,21.3002615],[-157.834051,21.3003392],[-157.8340115,21.3003871],[-157.8340285,21.3003979],[-157.833952,21.3005021],[-157.8339349,21.3004912],[-157.8338999,21.300539],[-157.8335905,21.300342],[-157.8336245,21.3002957],[-157.8335602,21.3002548]]]}},{"type":"Feature","id":908988780,"properties":{"osmId":908988780,"category":"religious","addr:city":"Honolulu","addr:housenumber":"2869","addr:postcode":"96822","addr:state":"HI","addr:street":"Oahu Avenue","amenity":"place_of_worship","building":"yes","name":"Koganji Temple","religion":"buddhist"},"geometry":{"type":"Polygon","coordinates":[[[-157.8131966,21.3113574],[-157.8131961,21.311097],[-157.8129726,21.3110975],[-157.8129732,21.3113578],[-157.8131966,21.3113574]]]}},{"type":"Feature","id":909546158,"properties":{"osmId":909546158,"category":"religious","building":"church"},"geometry":{"type":"Polygon","coordinates":[[[-157.8181874,21.3041897],[-157.8181492,21.3041702],[-157.8181217,21.3042173],[-157.8180441,21.3041779],[-157.8181943,21.3039209],[-157.8182706,21.3039595],[-157.818237,21.3040169],[-157.8182767,21.3040371],[-157.8181874,21.3041897]]]}},{"type":"Feature","id":964867779,"properties":{"osmId":964867779,"category":"academic","building":"university","name":"Ching Athletics Complex"},"geometry":{"type":"Polygon","coordinates":[[[-157.8169961,21.2948778],[-157.8168373,21.2947172],[-157.8168094,21.2947315],[-157.8167841,21.2947172],[-157.8168193,21.2946928],[-157.8167002,21.294576],[-157.8166614,21.294597],[-157.8166443,21.2945768],[-157.8166749,21.294555],[-157.8165775,21.2944558],[-157.8165586,21.2944297],[-157.816518,21.2943953],[-157.8163989,21.294465],[-157.8163862,21.2944634],[-157.8163628,21.2944785],[-157.8163673,21.2944928],[-157.8163619,21.2945121],[-157.8164205,21.2945701],[-157.8164494,21.2945499],[-157.8164611,21.2945558],[-157.8164341,21.2945752],[-157.8165297,21.2946744],[-157.8165513,21.2946794],[-157.8166623,21.2947828],[-157.8167201,21.2947391],[-157.8167372,21.2947635],[-157.8166993,21.2948021],[-157.816677,21.2948171],[-157.8168213,21.2949708],[-157.8168334,21.2949645],[-157.8168502,21.2949736],[-157.8169961,21.2948778]]]}},{"type":"Feature","id":964886579,"properties":{"osmId":964886579,"category":"academic","building":"university","name":"Lunalilo Building"},"geometry":{"type":"Polygon","coordinates":[[[-157.8203039,21.2951597],[-157.8202207,21.2951779],[-157.820173,21.2949885],[-157.8202562,21.2949703],[-157.8203039,21.2951597]]]}},{"type":"Feature","id":984617205,"properties":{"osmId":984617205,"category":"residential","addr:city":"Honolulu","addr:housenumber":"1641","addr:postcode":"96826","addr:state":"HI","addr:street":"South Beretania Street","architect":"Robert Katsuyoshi","building":"dormitory","name":"Shinshu Kyokai Mission Dormitory","year_of_construction":"1961"},"geometry":{"type":"Polygon","coordinates":[[[-157.8343583,21.2980425],[-157.8343453,21.2980376],[-157.8342777,21.2981943],[-157.8342374,21.2981792],[-157.8342279,21.2982013],[-157.8341649,21.2981777],[-157.8341744,21.2981559],[-157.8341651,21.2981524],[-157.8342452,21.2979668],[-157.8342416,21.2979655],[-157.8342877,21.2978586],[-157.8346156,21.2979814],[-157.8345949,21.2980293],[-157.8346201,21.2980387],[-157.8346037,21.2980765],[-157.8345928,21.298102],[-157.8343688,21.2980181],[-157.8343583,21.2980425]]]}},{"type":"Feature","id":984617216,"properties":{"osmId":984617216,"category":"religious","building":"church"},"geometry":{"type":"Polygon","coordinates":[[[-157.8333355,21.2991951],[-157.8331286,21.2990791],[-157.833173,21.2990104],[-157.8333799,21.2991265],[-157.8333355,21.2991951]]]}},{"type":"Feature","id":984617217,"properties":{"osmId":984617217,"category":"religious","building":"church"},"geometry":{"type":"Polygon","coordinates":[[[-157.8330546,21.2990971],[-157.8331391,21.2989677],[-157.8331846,21.2989935],[-157.833173,21.2990104],[-157.8331286,21.2990791],[-157.8331001,21.2991229],[-157.8330546,21.2990971]]]}},{"type":"Feature","id":984617218,"properties":{"osmId":984617218,"category":"religious","building":"church"},"geometry":{"type":"Polygon","coordinates":[[[-157.8331055,21.2988647],[-157.8329051,21.2987484],[-157.833002,21.2986033],[-157.8332025,21.2987195],[-157.8331055,21.2988647]]]}},{"type":"Feature","id":984617219,"properties":{"osmId":984617219,"category":"religious","building":"church"},"geometry":{"type":"Polygon","coordinates":[[[-157.8333405,21.2986503],[-157.8333986,21.2986835],[-157.8333369,21.2987772],[-157.8332122,21.2988297],[-157.8331699,21.2988041],[-157.8332969,21.2986238],[-157.8333411,21.2986495],[-157.8333405,21.2986503]]]}},{"type":"Feature","id":984617220,"properties":{"osmId":984617220,"category":"religious","building":"church"},"geometry":{"type":"Polygon","coordinates":[[[-157.8334726,21.2991349],[-157.8337112,21.2987723],[-157.8338984,21.2988788],[-157.8336598,21.2992415],[-157.8334726,21.2991349]]]}},{"type":"Feature","id":1004477123,"properties":{"osmId":1004477123,"category":"academic","building":"yes"},"geometry":{"type":"Polygon","coordinates":[[[-157.8125311,21.3026701],[-157.8123641,21.3025585],[-157.8123224,21.3026125],[-157.8127821,21.3029196],[-157.8128361,21.3028494],[-157.8126091,21.3026977],[-157.812688,21.3025953],[-157.8127049,21.3026066],[-157.8127252,21.3025802],[-157.8128202,21.3026437],[-157.8128685,21.302581],[-157.81275,21.3025018],[-157.8128354,21.3023909],[-157.8127586,21.3023396],[-157.812621,21.3025184],[-157.8126387,21.3025302],[-157.8125311,21.3026701]]]}},{"type":"Feature","id":1004477125,"properties":{"osmId":1004477125,"category":"academic","building":"yes"},"geometry":{"type":"Polygon","coordinates":[[[-157.8121239,21.3032563],[-157.8119375,21.3031297],[-157.8117105,21.3034437],[-157.8118996,21.3035835],[-157.8121239,21.3032563]]]}},{"type":"Feature","id":1006040650,"properties":{"osmId":1006040650,"category":"academic","building":"school"},"geometry":{"type":"Polygon","coordinates":[[[-157.8348357,21.3021314],[-157.8345361,21.3018836],[-157.8344602,21.3019634],[-157.83474,21.3021948],[-157.834765,21.3021685],[-157.8347922,21.3021771],[-157.8348357,21.3021314]]]}},{"type":"Feature","id":1006040651,"properties":{"osmId":1006040651,"category":"academic","building":"school"},"geometry":{"type":"Polygon","coordinates":[[[-157.834451,21.3017567],[-157.8339013,21.3013343],[-157.8339162,21.3013175],[-157.833886,21.3012943],[-157.8338061,21.3013846],[-157.833942,21.301489],[-157.8339266,21.3015064],[-157.8343619,21.301841],[-157.8343701,21.3018317],[-157.8343788,21.3018384],[-157.834451,21.3017567]]]}},{"type":"Feature","id":1010755002,"properties":{"osmId":1010755002,"category":"academic","building":"school","building:levels":"2"},"geometry":{"type":"Polygon","coordinates":[[[-157.8309289,21.3008873],[-157.8308842,21.30086],[-157.8308305,21.3009361],[-157.8304983,21.3007328],[-157.830552,21.3006567],[-157.8305188,21.3006363],[-157.8307005,21.3003786],[-157.8311107,21.3006296],[-157.8309289,21.3008873]]]}},{"type":"Feature","id":1010755003,"properties":{"osmId":1010755003,"category":"academic","building":"school"},"geometry":{"type":"Polygon","coordinates":[[[-157.8311669,21.3006548],[-157.8312792,21.3007267],[-157.831258,21.3007555],[-157.831309,21.3007881],[-157.8313213,21.3007714],[-157.8314451,21.3008506],[-157.8314304,21.3008707],[-157.831474,21.3008986],[-157.8314977,21.3008665],[-157.8316026,21.3009335],[-157.8312311,21.3014378],[-157.8311284,21.3013721],[-157.8314347,21.3009563],[-157.831222,21.3008202],[-157.8309063,21.3012486],[-157.830786,21.3011717],[-157.8311669,21.3006548]]]}},{"type":"Feature","id":1010755004,"properties":{"osmId":1010755004,"category":"academic","building":"school"},"geometry":{"type":"Polygon","coordinates":[[[-157.8307512,21.3011513],[-157.8305922,21.3010456],[-157.8303638,21.3013435],[-157.8305227,21.3014493],[-157.8307512,21.3011513]]]}},{"type":"Feature","id":1041337930,"properties":{"osmId":1041337930,"category":"religious","architect":"Law & Wilson","building":"church","denomination":"catholic","name":"St. Pius X Catholic Church","roof:colour":"brown","roof:shape":"hipped","year_of_construction":"1958"},"geometry":{"type":"Polygon","coordinates":[[[-157.8094625,21.3113079],[-157.8092292,21.3114556],[-157.8090924,21.311268],[-157.8092408,21.3111741],[-157.8093258,21.3111203],[-157.8094625,21.3113079]]]}},{"type":"Feature","id":1041337931,"properties":{"osmId":1041337931,"category":"religious","building":"church","roof:colour":"brown","roof:shape":"hipped"},"geometry":{"type":"Polygon","coordinates":[[[-157.8096449,21.3116128],[-157.8094233,21.311753],[-157.8093793,21.3116926],[-157.8093141,21.3117339],[-157.8092619,21.3116623],[-157.8093271,21.3116211],[-157.8092758,21.3115506],[-157.8094974,21.3114104],[-157.8096449,21.3116128]]]}},{"type":"Feature","id":1080160747,"properties":{"osmId":1080160747,"category":"medical","building":"hospital"},"geometry":{"type":"Polygon","coordinates":[[[-157.835148,21.3011403],[-157.8351306,21.3011666],[-157.8351061,21.3012034],[-157.835264,21.3012946],[-157.8352036,21.3013853],[-157.8349684,21.3012495],[-157.8350707,21.3010957],[-157.835139,21.3011351],[-157.835148,21.3011403]]]}},{"type":"Feature","id":1160785185,"properties":{"osmId":1160785185,"category":"academic","building":"university","name":"Edmondson-Snyder Connection Building"},"geometry":{"type":"Polygon","coordinates":[[[-157.8166521,21.300223],[-157.8166551,21.3003111],[-157.8167017,21.3003097],[-157.8167033,21.300356],[-157.8168013,21.3003531],[-157.8168517,21.3003515],[-157.816851,21.300333],[-157.8169019,21.3003314],[-157.8169,21.3002768],[-157.8167914,21.3002801],[-157.8167893,21.3002189],[-157.8166521,21.300223]]]}},{"type":"Feature","id":1202201649,"properties":{"osmId":1202201649,"category":"academic","building":"school","name":"PO-2"},"geometry":{"type":"Polygon","coordinates":[[[-157.8123416,21.3056795],[-157.8123636,21.3055839],[-157.8124586,21.3056028],[-157.8124366,21.3056984],[-157.8123416,21.3056795]]]}},{"type":"Feature","id":1202201650,"properties":{"osmId":1202201650,"category":"academic","building":"school","name":"PO-3"},"geometry":{"type":"Polygon","coordinates":[[[-157.8123119,21.3057937],[-157.8123339,21.3056981],[-157.8124289,21.3057171],[-157.8124069,21.3058127],[-157.8123119,21.3057937]]]}},{"type":"Feature","id":1202201651,"properties":{"osmId":1202201651,"category":"academic","building":"school","name":"PO-4"},"geometry":{"type":"Polygon","coordinates":[[[-157.8113858,21.3061805],[-157.8114046,21.3061086],[-157.8115312,21.3061374],[-157.8115124,21.3062092],[-157.8113858,21.3061805]]]}},{"type":"Feature","id":1202209315,"properties":{"osmId":1202209315,"category":"academic","building":"school"},"geometry":{"type":"Polygon","coordinates":[[[-157.8088994,21.306481],[-157.8087157,21.3062335],[-157.8085532,21.3063381],[-157.808737,21.3065857],[-157.8088994,21.306481]]]}},{"type":"Feature","id":1202209316,"properties":{"osmId":1202209316,"category":"academic","building":"school","name":"NREM Greenhouses"},"geometry":{"type":"Polygon","coordinates":[[[-157.8104626,21.3058132],[-157.8103303,21.3057401],[-157.8102223,21.3059095],[-157.8103546,21.3059827],[-157.8104626,21.3058132]]]}},{"type":"Feature","id":1202209319,"properties":{"osmId":1202209319,"category":"academic","building":"school","name":"Horticulture Headhouse"},"geometry":{"type":"Polygon","coordinates":[[[-157.8101426,21.3068135],[-157.8100574,21.3067019],[-157.809816,21.3068618],[-157.8099012,21.3069734],[-157.8101426,21.3068135]]]}},{"type":"Feature","id":1202209320,"properties":{"osmId":1202209320,"category":"academic","building":"school"},"geometry":{"type":"Polygon","coordinates":[[[-157.8097596,21.3070214],[-157.8097127,21.3069598],[-157.8095289,21.3070814],[-157.8095759,21.307143],[-157.8097596,21.3070214]]]}},{"type":"Feature","id":1202209325,"properties":{"osmId":1202209325,"category":"academic","building":"school","name":"Hale Tuahine, Magoon Research Station"},"geometry":{"type":"Polygon","coordinates":[[[-157.809369,21.3075849],[-157.8091948,21.3073507],[-157.809119,21.3073997],[-157.8091514,21.3074433],[-157.809144,21.3074481],[-157.8092481,21.3075883],[-157.8092828,21.3075659],[-157.8093203,21.3076163],[-157.809369,21.3075849]]]}},{"type":"Feature","id":1356810361,"properties":{"osmId":1356810361,"category":"religious","building":"church"},"geometry":{"type":"Polygon","coordinates":[[[-157.8350372,21.2969418],[-157.8351567,21.2969865],[-157.8351373,21.2970317],[-157.8351483,21.2970357],[-157.8351066,21.2971328],[-157.8349756,21.2970839],[-157.8350323,21.2969518],[-157.8350372,21.2969418]]]}},{"type":"Feature","id":1356810397,"properties":{"osmId":1356810397,"category":"religious","addr:city":"Honolulu","addr:housenumber":"1712","addr:postcode":"96826","addr:state":"HI","addr:street":"South King Street","building":"church","name":"Hope Chapel"},"geometry":{"type":"Polygon","coordinates":[[[-157.8341345,21.2967923],[-157.8338902,21.2967031],[-157.8339112,21.296653],[-157.8339365,21.2966622],[-157.8339464,21.2966386],[-157.8340471,21.2963992],[-157.8342662,21.2964791],[-157.8341345,21.2967923]]]}},{"type":"Feature","id":1357118473,"properties":{"osmId":1357118473,"category":"religious","addr:city":"Honolulu","addr:housenumber":"1902","addr:postcode":"96826","addr:state":"HI","addr:street":"South King Street","amenity":"place_of_worship","building":"church","name":"Tenrikyo Honolulu Church"},"geometry":{"type":"Polygon","coordinates":[[[-157.8315702,21.2955776],[-157.8315219,21.2957048],[-157.8314774,21.2956901],[-157.8314433,21.29578],[-157.8315933,21.2958295],[-157.831627,21.2957408],[-157.8316187,21.2957381],[-157.831667,21.2956108],[-157.8316595,21.2956083],[-157.8316687,21.2955839],[-157.8315856,21.2955565],[-157.8315767,21.2955798],[-157.8315702,21.2955776]]]}},{"type":"Feature","id":1361006960,"properties":{"osmId":1361006960,"category":"religious","addr:city":"Honolulu","addr:housenumber":"1701","addr:postcode":"96822","addr:state":"HI","addr:street":"Wilder Avenue","amenity":"place_of_worship","branch":"Punahou","building":"yes","denomination":"roman_catholic","name":"Sacred Heart Church","religion":"christian","wikidata":"Q54871728","wikipedia":"en:Sacred Heart Church-Punahou"},"geometry":{"type":"Polygon","coordinates":[[[-157.8309811,21.3017309],[-157.8309975,21.3017088],[-157.8310296,21.3017295],[-157.8310525,21.3016985],[-157.8310383,21.3016894],[-157.8310977,21.301609],[-157.8310801,21.3015977],[-157.8311195,21.3015445],[-157.8311,21.301532],[-157.8311072,21.3015223],[-157.8311045,21.3015001],[-157.8310836,21.3014855],[-157.8310589,21.3014868],[-157.8310488,21.3015017],[-157.8310265,21.3014874],[-157.830989,21.301538],[-157.8309714,21.3015266],[-157.8309112,21.3016079],[-157.8309307,21.3016204],[-157.8308915,21.3016733],[-157.8309811,21.3017309]]]}},{"type":"Feature","id":1361006961,"properties":{"osmId":1361006961,"category":"religious","amenity":"place_of_worship","building":"yes"},"geometry":{"type":"Polygon","coordinates":[[[-157.8313827,21.3017249],[-157.8314422,21.3016443],[-157.8313538,21.3015876],[-157.8313612,21.3015775],[-157.8313091,21.301544],[-157.8313024,21.3015531],[-157.8311829,21.3014764],[-157.8311204,21.3015609],[-157.8312968,21.301674],[-157.8312645,21.3017176],[-157.8313211,21.301754],[-157.8313433,21.301724],[-157.8313531,21.3017303],[-157.8313653,21.3017138],[-157.8313827,21.3017249]]]}},{"type":"Feature","id":1430709737,"properties":{"osmId":1430709737,"category":"academic","building":"yes","name":"Saunders Hall"},"geometry":{"type":"Polygon","coordinates":[[[-157.8193581,21.3008585],[-157.819287,21.3008622],[-157.8192845,21.3008237],[-157.8190249,21.3008324],[-157.8190261,21.3008564],[-157.819038,21.3008552],[-157.8190397,21.3008885],[-157.818974,21.3008899],[-157.8189713,21.3008592],[-157.8190027,21.3008588],[-157.8190002,21.3008319],[-157.8189188,21.3008366],[-157.8189175,21.3007611],[-157.8189409,21.3007613],[-157.8189423,21.3007405],[-157.8189536,21.3007392],[-157.8189468,21.3006007],[-157.8189836,21.3006007],[-157.818979,21.3005587],[-157.8189508,21.3005306],[-157.8191442,21.3003635],[-157.8193091,21.3004839],[-157.8193452,21.3004848],[-157.819348,21.3005403],[-157.8193651,21.3005391],[-157.8193682,21.3005679],[-157.8193459,21.3005696],[-157.819352,21.3008181],[-157.8193591,21.3008193],[-157.8193581,21.3008585]]]}},{"type":"Feature","id":1457042155,"properties":{"osmId":1457042155,"category":"academic","building":"yes"},"geometry":{"type":"Polygon","coordinates":[[[-157.8201039,21.2948792],[-157.8200818,21.2948851],[-157.8200698,21.2948459],[-157.8200918,21.29484],[-157.8201039,21.2948792]]]}},{"type":"Feature","id":1457042156,"properties":{"osmId":1457042156,"category":"academic","building":"yes"},"geometry":{"type":"Polygon","coordinates":[[[-157.8200506,21.2948912],[-157.8200286,21.294897],[-157.8200166,21.2948579],[-157.8200386,21.294852],[-157.8200506,21.2948912]]]}},{"type":"Feature","id":1457042157,"properties":{"osmId":1457042157,"category":"academic","building":"yes"},"geometry":{"type":"Polygon","coordinates":[[[-157.8199976,21.2949026],[-157.8199756,21.2949084],[-157.8199636,21.2948693],[-157.8199856,21.2948634],[-157.8199976,21.2949026]]]}}]}