{"type":"FeatureCollection","features":[{"type":"Feature","id":28775431,"properties":{"osmId":28775431,"category":"residential","addr:city":"Boulder","addr:housenumber":"2200","addr:state":"CO","addr:street":"Baker Drive","building":"dormitory","building:levels":"4","building:material":"sandstone","description":"Residence hall with a new food court; home of an academic program in the liberal arts.","name":"Farrand Hall","operator":"University of Colorado Boulder","roof:material":"roof_tiles","short_name":"FRND","smoking":"no"},"geometry":{"type":"Polygon","coordinates":[[[-105.2658541,40.0059556],[-105.2658539,40.0058863],[-105.2661042,40.0058859],[-105.2661042,40.0058643],[-105.2661806,40.0058641],[-105.2661969,40.0058641],[-105.2661967,40.0057783],[-105.2660536,40.0057785],[-105.2660534,40.0056796],[-105.2659964,40.0056796],[-105.2659964,40.0056483],[-105.2659088,40.0056484],[-105.2659089,40.0056576],[-105.2659092,40.0056744],[-105.265911,40.0057768],[-105.2657848,40.0057777],[-105.2656544,40.0057779],[-105.265654,40.0056503],[-105.2656541,40.0056448],[-105.2655707,40.0056449],[-105.2655708,40.0056765],[-105.265517,40.0056766],[-105.2655173,40.0057779],[-105.2653703,40.0057781],[-105.2653705,40.0058857],[-105.2656676,40.0058853],[-105.2657151,40.0058853],[-105.2657156,40.0061138],[-105.2654892,40.0061141],[-105.2654638,40.0061142],[-105.2654639,40.006135],[-105.2653706,40.0061351],[-105.2653708,40.0062232],[-105.265516,40.006223],[-105.2655162,40.0063231],[-105.2655697,40.006323],[-105.2655698,40.006355],[-105.2656524,40.0063549],[-105.2656521,40.0062235],[-105.2658086,40.0062233],[-105.2659139,40.0062232],[-105.2659142,40.0063562],[-105.265997,40.0063561],[-105.2659969,40.0063233],[-105.2660514,40.0063233],[-105.2660512,40.0062228],[-105.2661961,40.0062226],[-105.2661959,40.0061355],[-105.2661801,40.0061355],[-105.2661043,40.0061356],[-105.2661042,40.006116],[-105.2658562,40.0061163],[-105.265856,40.0060416],[-105.2658636,40.0060204],[-105.265865,40.0059954],[-105.2658614,40.0059757],[-105.2658541,40.0059556]]]}},{"type":"Feature","id":28775448,"properties":{"osmId":28775448,"category":"residential","addr:city":"Boulder","addr:housenumber":"1001","addr:state":"CO","addr:street":"Cockerell Drive","building":"dormitory","building:levels":"2","building:material":"sandstone","description":"Residence hall with buffet apartments, for senior and graduate students.","ele":"1642","name":"Reed Hall","operator":"University of Colorado Boulder","roof:material":"roof_tiles","short_name":"REED"},"geometry":{"type":"Polygon","coordinates":[[[-105.2648597,40.0059696],[-105.2646893,40.0059696],[-105.2646892,40.0058583],[-105.2646888,40.005766],[-105.2646889,40.0054579],[-105.2647088,40.0054579],[-105.2647088,40.0054347],[-105.2647752,40.0054346],[-105.2648064,40.0054346],[-105.2648065,40.0054581],[-105.2648593,40.0054581],[-105.2648596,40.0058624],[-105.2648597,40.0059696]]]}},{"type":"Feature","id":28775533,"properties":{"osmId":28775533,"category":"residential","addr:city":"Boulder","addr:housenumber":"1015","addr:state":"CO","addr:street":"Cockerell Drive","building":"dormitory","building:levels":"2","building:material":"sandstone","ele":"1641","name":"Crosman Hall","operator":"University of Colorado Boulder","roof:material":"roof_tiles","short_name":"CROS"},"geometry":{"type":"Polygon","coordinates":[[[-105.2648571,40.0065395],[-105.2648051,40.0065394],[-105.264805,40.0065635],[-105.2646866,40.0065633],[-105.2646875,40.0061423],[-105.2646878,40.0060241],[-105.2648582,40.0060243],[-105.2648571,40.0065395]]]}},{"type":"Feature","id":28775536,"properties":{"osmId":28775536,"category":"residential","addr:city":"Boulder","addr:housenumber":"2370","addr:state":"CO","addr:street":"Libby Drive","building":"dormitory","building:levels":"2","building:material":"sandstone","ele":"1640","name":"Cockerell Hall","operator":"University of Colorado Boulder","roof:material":"roof_tiles","short_name":"CKRL"},"geometry":{"type":"Polygon","coordinates":[[[-105.2646051,40.0065304],[-105.2644145,40.0065303],[-105.2644144,40.0066108],[-105.2644293,40.0066108],[-105.2644293,40.0066239],[-105.2644289,40.0070518],[-105.2644579,40.0070518],[-105.2644578,40.0070756],[-105.2645419,40.0070756],[-105.2645419,40.0070509],[-105.2645886,40.0070509],[-105.264589,40.0066672],[-105.264605,40.0066672],[-105.2646051,40.0065304]]]}},{"type":"Feature","id":28775541,"properties":{"osmId":28775541,"category":"residential","addr:city":"Boulder","addr:housenumber":"2350","addr:state":"CO","addr:street":"Libby Drive","building":"dormitory","building:material":"sandstone","ele":"1640","name":"Brackett Hall","operator":"University of Colorado Boulder","roof:material":"roof_tiles","short_name":"BRKT"},"geometry":{"type":"Polygon","coordinates":[[[-105.2653016,40.0070663],[-105.2651464,40.0070662],[-105.2651199,40.0070662],[-105.2651199,40.0070783],[-105.2646244,40.0070779],[-105.2646243,40.0071143],[-105.2645927,40.0071143],[-105.2645927,40.0071448],[-105.2645926,40.0071745],[-105.2646236,40.0071746],[-105.2646235,40.0072009],[-105.2651781,40.0072014],[-105.2651972,40.0072014],[-105.2651972,40.0072117],[-105.2653014,40.0072118],[-105.2653016,40.0070663]]]}},{"type":"Feature","id":28775547,"properties":{"osmId":28775547,"category":"residential","addr:city":"Boulder","addr:housenumber":"2320","addr:state":"CO","addr:street":"Libby Drive","building":"dormitory","building:material":"sandstone","ele":"1642","name":"Aden Hall","operator":"University of Colorado Boulder","roof:material":"roof_tiles","short_name":"ADEN"},"geometry":{"type":"Polygon","coordinates":[[[-105.2653203,40.0070525],[-105.2653684,40.0070526],[-105.2653682,40.0070761],[-105.2654085,40.0070763],[-105.2654476,40.0070764],[-105.2654477,40.0070533],[-105.2654798,40.0070535],[-105.2654826,40.0066265],[-105.2654827,40.0066119],[-105.2654939,40.006612],[-105.2654944,40.0065325],[-105.265307,40.0065318],[-105.2653062,40.0066287],[-105.2653062,40.0066504],[-105.2653061,40.0066713],[-105.2653228,40.0066713],[-105.2653203,40.0070525]]]}},{"type":"Feature","id":28775916,"properties":{"osmId":28775916,"category":"residential","addr:city":"Boulder","addr:housenumber":"2005","addr:state":"CO","addr:street":"Baker Drive","building":"dormitory","building:levels":"3","building:material":"sandstone","description":"Beautiful residence hall in the CU style, with a special academic program in the sciences.","ele":"1644","gnis:feature_id":"2095606","name":"Baker Hall","operator":"University of Colorado Boulder","roof:material":"roof_tiles","short_name":"BKER"},"geometry":{"type":"Polygon","coordinates":[[[-105.2684022,40.0070445],[-105.2683596,40.0070446],[-105.2683597,40.0070852],[-105.2683285,40.0070853],[-105.2679911,40.0070858],[-105.2679906,40.006912],[-105.267834,40.0069123],[-105.2676754,40.0069125],[-105.2676759,40.0070854],[-105.2673294,40.0070859],[-105.2673042,40.0070859],[-105.2673041,40.0070458],[-105.2672629,40.0070459],[-105.2672627,40.0069782],[-105.2675352,40.0069778],[-105.2675349,40.0068514],[-105.2675346,40.0067281],[-105.2672619,40.0067285],[-105.2672618,40.0066601],[-105.2673061,40.0066601],[-105.267306,40.0066205],[-105.2676769,40.0066199],[-105.2676772,40.0067258],[-105.2677722,40.0067257],[-105.2677721,40.0066855],[-105.2677875,40.0066859],[-105.2678724,40.006685],[-105.2678925,40.0066854],[-105.2678926,40.0067264],[-105.2679926,40.0067263],[-105.2679923,40.0066248],[-105.2683588,40.0066243],[-105.2683589,40.0066642],[-105.2684,40.0066641],[-105.2684002,40.0067279],[-105.2681317,40.0067283],[-105.2681321,40.006853],[-105.2681324,40.0069792],[-105.268402,40.0069788],[-105.2684022,40.0070445]]]}},{"type":"Feature","id":28775935,"properties":{"osmId":28775935,"category":"residential","addr:city":"Boulder","addr:housenumber":"2200","addr:state":"CO","addr:street":"Willard Loop Drive","building":"dormitory","building:levels":"4","building:material":"sandstone","description":"Co-ed residence hall, students participate in governance.","name":"Willard Hall","operator":"University of Colorado Boulder","roof:material":"roof_tiles","short_name":"WLRD"},"geometry":{"type":"Polygon","coordinates":[[[-105.2666141,40.0054402],[-105.2665867,40.0054401],[-105.2659378,40.0054379],[-105.2659144,40.0054378],[-105.2659146,40.0054001],[-105.2658939,40.0054],[-105.2658941,40.0053552],[-105.2659128,40.0053553],[-105.2659131,40.0053164],[-105.2661871,40.0053173],[-105.2661875,40.005233],[-105.2661618,40.0052329],[-105.2661621,40.0051757],[-105.2661625,40.0051184],[-105.2661857,40.0051184],[-105.2661862,40.0050324],[-105.2660103,40.0050314],[-105.2659145,40.0050315],[-105.2659147,40.0049941],[-105.2658944,40.0049941],[-105.2658947,40.0049486],[-105.2659148,40.0049487],[-105.2659151,40.0049093],[-105.265936,40.0049093],[-105.2666002,40.0049116],[-105.2666157,40.0049116],[-105.2666154,40.0049492],[-105.2666383,40.0049493],[-105.266638,40.0049943],[-105.2666149,40.0049943],[-105.2666146,40.0050325],[-105.2663469,40.0050316],[-105.2663461,40.0051807],[-105.2663453,40.0053184],[-105.2666169,40.0053193],[-105.2666167,40.0053572],[-105.2666375,40.0053573],[-105.2666373,40.0054003],[-105.2666143,40.0054002],[-105.2666141,40.0054402]]]}},{"type":"Feature","id":28826998,"properties":{"osmId":28826998,"category":"residential","addr:city":"Boulder","addr:housenumber":"2115","addr:state":"CO","addr:street":"Baker Drive","building":"dormitory","building:material":"sandstone","description":"Residence hall with new dining facilities and a variety of social and educational programming.","ele":"1643","gnis:feature_id":"2095605","name":"Libby Hall","operator":"University of Colorado Boulder","roof:material":"roof_tiles","short_name":"LIBY"},"geometry":{"type":"Polygon","coordinates":[[[-105.2668786,40.0070555],[-105.2668548,40.0070555],[-105.2666422,40.0070555],[-105.2666422,40.0070601],[-105.2665338,40.0070601],[-105.2665338,40.006992],[-105.2663726,40.006992],[-105.2662171,40.006992],[-105.2662172,40.0070605],[-105.2661098,40.0070605],[-105.2661098,40.0070551],[-105.2658666,40.0070551],[-105.2658666,40.006971],[-105.2659117,40.006971],[-105.2659117,40.0069334],[-105.2660589,40.0069334],[-105.2660589,40.0068498],[-105.2660588,40.006769],[-105.2659117,40.0067691],[-105.2659116,40.0067308],[-105.265867,40.0067308],[-105.265867,40.0066458],[-105.2658898,40.0066458],[-105.2662172,40.0066457],[-105.2662172,40.0066793],[-105.2662172,40.0067606],[-105.2663144,40.0067606],[-105.2663144,40.0066742],[-105.2664343,40.0066742],[-105.2664343,40.0067601],[-105.266459,40.0067601],[-105.2665335,40.0067601],[-105.2665335,40.006647],[-105.2668435,40.0066469],[-105.2668805,40.0066469],[-105.2668806,40.0067319],[-105.2668357,40.0067319],[-105.2668357,40.0067695],[-105.2666872,40.0067695],[-105.2666872,40.0068505],[-105.2666872,40.0069367],[-105.2668358,40.0069367],[-105.2668358,40.0069762],[-105.2668785,40.0069762],[-105.2668786,40.0070555]]]}},{"type":"Feature","id":28827063,"properties":{"osmId":28827063,"category":"residential","addr:city":"Boulder","addr:housenumber":"2250","addr:state":"CO","addr:street":"Willard Loop Drive","building":"dormitory","building:levels":"4","building:material":"sandstone","description":"Housing and Buff OneCard offices; residence hall for all majors, with a popular diversity program.","ele":"1644","gnis:feature_id":"2095599","name":"Hallet Hall","operator":"University of Colorado Boulder","roof:material":"roof_tiles","short_name":"HLET"},"geometry":{"type":"Polygon","coordinates":[[[-105.2654819,40.0053395],[-105.2654837,40.0049454],[-105.2654522,40.0049453],[-105.2654523,40.0049215],[-105.2653536,40.0049212],[-105.2653535,40.0049456],[-105.2651654,40.0049451],[-105.2651655,40.0049303],[-105.2649757,40.0049298],[-105.2649336,40.0049321],[-105.2647916,40.0049317],[-105.2647906,40.0049467],[-105.2646096,40.0049462],[-105.2646096,40.0049229],[-105.2645116,40.0049226],[-105.2645116,40.0049445],[-105.2644826,40.0049444],[-105.2644806,40.0053431],[-105.2645086,40.0053432],[-105.2645086,40.0053673],[-105.2645436,40.0053674],[-105.2645502,40.005367],[-105.2645906,40.0053651],[-105.2645907,40.0053407],[-105.2646239,40.0053408],[-105.2646251,40.0050661],[-105.2649755,40.005067],[-105.2653223,40.0050679],[-105.2653211,40.0053399],[-105.2653536,40.00534],[-105.2653535,40.0053627],[-105.2654546,40.005363],[-105.2654547,40.0053394],[-105.2654819,40.0053395]]]}},{"type":"Feature","id":28827210,"properties":{"osmId":28827210,"category":"residential","addr:city":"Boulder","addr:housenumber":"960","addr:state":"CO","addr:street":"Green Mountain Street","alt_name":"Chey Ho","building":"dormitory","building:levels":"4","building:material":"sandstone","description":"Residence hall for all campus majors with a number of special programs and facilities.","ele":"1649","gnis:feature_id":"2095596","name":"Cheyenne Arapaho Hall","operator":"University of Colorado Boulder","roof:material":"roof_tiles","short_name":"CHEY","wikidata":"Q5094567","wikipedia":"en:Cheyenne Arapaho Hall"},"geometry":{"type":"Polygon","coordinates":[[[-105.2673716,40.005297],[-105.2673718,40.0052596],[-105.2675172,40.00526],[-105.2675176,40.0051749],[-105.267518,40.0050932],[-105.2673719,40.0050928],[-105.2673721,40.0050552],[-105.2673256,40.0050551],[-105.267326,40.004972],[-105.2673586,40.0049721],[-105.2676768,40.004973],[-105.2676763,40.0050862],[-105.2677742,40.0050865],[-105.2677747,40.0049975],[-105.2678948,40.0049965],[-105.2678944,40.005084],[-105.2679923,40.0050843],[-105.2679928,40.0049709],[-105.2683205,40.0049718],[-105.2683432,40.0049719],[-105.2683428,40.0050568],[-105.2682964,40.0050567],[-105.2682962,40.0050945],[-105.2681477,40.0050941],[-105.2681473,40.0051777],[-105.2681469,40.0052601],[-105.2682932,40.0052605],[-105.268293,40.0052995],[-105.2683406,40.0052996],[-105.2683402,40.0053848],[-105.2679912,40.0053838],[-105.2679915,40.0053172],[-105.2678354,40.0053168],[-105.2676798,40.0053164],[-105.2676795,40.0053823],[-105.2675943,40.005382],[-105.2673557,40.0053813],[-105.2673274,40.0053813],[-105.2673279,40.0052968],[-105.2673716,40.005297]]]}},{"type":"Feature","id":28827229,"properties":{"osmId":28827229,"category":"other","addr:city":"Boulder","addr:housenumber":"2055","addr:state":"CO","addr:street":"Regent Drive","building":"office","building:levels":"3","building:material":"sandstone","description":"Key administrative and academic offices - Admissions, Registrar, Bursar, Financial Aid, Graduate School, and others.","name":"Regent Administrative Building","office":"educational_institution","operator":"University of Colorado Boulder","roof:material":"roof_tiles","short_name":"RGNT"},"geometry":{"type":"Polygon","coordinates":[[[-105.2675307,40.0045883],[-105.2675318,40.004234],[-105.2673384,40.0042336],[-105.2673382,40.0042771],[-105.2672538,40.0042769],[-105.2672539,40.0042325],[-105.2671198,40.0042322],[-105.267025,40.004232],[-105.2668963,40.0042318],[-105.2667926,40.0042316],[-105.2667924,40.0042818],[-105.2667239,40.0042816],[-105.266724,40.0042363],[-105.2665249,40.004236],[-105.2665245,40.0043808],[-105.2665237,40.0044149],[-105.2665246,40.0045477],[-105.2665238,40.0045871],[-105.2667226,40.0045875],[-105.2667228,40.0045465],[-105.2667896,40.0045467],[-105.2667895,40.0045854],[-105.2670229,40.0045859],[-105.2672547,40.0045863],[-105.2672548,40.0045459],[-105.2673391,40.004546],[-105.267339,40.0045879],[-105.2675307,40.0045883]]]}},{"type":"Feature","id":28828202,"properties":{"osmId":28828202,"category":"athletic","addr:city":"Boulder","addr:housenumber":"1900","addr:state":"CO","addr:street":"Pleasant Street","building":"yes","building:material":"sandstone","description":"Offices, research laboratories, and athletic and recreational facilities.","ele":"1639","height":"29.5","leisure":"sports_centre","name":"Carlson Gymnasium","operator":"University of Colorado Boulder","roof:material":"roof_tiles","short_name":"CARL"},"geometry":{"type":"Polygon","coordinates":[[[-105.2681718,40.0095595],[-105.2681733,40.0096898],[-105.2681737,40.0097609],[-105.2682671,40.0097612],[-105.2683739,40.0097613],[-105.2683731,40.0095588],[-105.268629,40.0095578],[-105.2686603,40.0095577],[-105.2687017,40.0095576],[-105.2687019,40.0096163],[-105.2687026,40.0097906],[-105.2688511,40.0097903],[-105.2688503,40.0095573],[-105.2688506,40.0095392],[-105.2688497,40.0094933],[-105.2687753,40.0094935],[-105.2687739,40.0094453],[-105.2687743,40.0093956],[-105.2688539,40.0093955],[-105.2688539,40.0093502],[-105.2688535,40.0093321],[-105.2688525,40.0090813],[-105.2687735,40.0090815],[-105.2686965,40.0090816],[-105.268697,40.0092323],[-105.2686974,40.0093325],[-105.2686259,40.0093323],[-105.2683574,40.009334],[-105.2683565,40.0091091],[-105.2683028,40.0091092],[-105.2681701,40.009109],[-105.2681705,40.0091805],[-105.2681707,40.0093351],[-105.2681711,40.0094475],[-105.2681718,40.0095595]]]}},{"type":"Feature","id":28828203,"properties":{"osmId":28828203,"category":"academic","addr:city":"Boulder","addr:housenumber":"1925","addr:state":"CO","addr:street":"Colorado Avenue","building":"university","building:levels":"4","building:material":"sandstone","description":"Designed for MCD Biology, its special facilities include a two-story laboratory","ele":"1642","name":"Porter Biosciences","operator":"University of Colorado Boulder","roof:material":"roof_tiles","short_name":"PORT"},"geometry":{"type":"Polygon","coordinates":[[[-105.2692824,40.0088653],[-105.2694326,40.0088648],[-105.2694328,40.0088972],[-105.2694707,40.0088971],[-105.269471,40.008941],[-105.2694465,40.008941],[-105.2694466,40.0089569],[-105.2694649,40.0089568],[-105.2694653,40.0090352],[-105.2689642,40.0090367],[-105.268964,40.0090086],[-105.268387,40.0090104],[-105.2683868,40.0089649],[-105.2683107,40.0089652],[-105.2683105,40.0089397],[-105.2683871,40.0089395],[-105.2683866,40.0088435],[-105.2688408,40.0088421],[-105.268843,40.0088689],[-105.2691943,40.0088655],[-105.2692824,40.0088653]]]}},{"type":"Feature","id":28828204,"properties":{"osmId":28828204,"category":"academic","addr:city":"Boulder","addr:housenumber":"1900","addr:state":"CO","addr:street":"Colorado Avenue","building":"university","building:material":"sandstone","description":"Interdisciplinary institute for research and graduate education in the physical sciences.","name":"Joint Institute for Lab Astrophysics","operator":"University of Colorado Boulder","roof:material":"roof_tiles","short_name":"JILA","website":"https://jila.colorado.edu/","wikidata":"Q1586184"},"geometry":{"type":"Polygon","coordinates":[[[-105.2685473,40.0074741],[-105.268581,40.007474],[-105.268581,40.0075073],[-105.2685813,40.0078455],[-105.2685815,40.0078624],[-105.2685816,40.0078964],[-105.2686148,40.0078964],[-105.2687446,40.0078963],[-105.2687445,40.0078472],[-105.2687445,40.0078284],[-105.2687618,40.0078284],[-105.2687611,40.0072316],[-105.2687444,40.0072316],[-105.2687444,40.0071953],[-105.2688053,40.0071953],[-105.2688051,40.0069854],[-105.2688538,40.0069853],[-105.2688535,40.0067258],[-105.268694,40.0067259],[-105.2686939,40.0066831],[-105.2686939,40.006633],[-105.2685423,40.0066331],[-105.2685425,40.0067255],[-105.2685164,40.0067256],[-105.268517,40.0071961],[-105.2685848,40.0071961],[-105.2685849,40.0072319],[-105.2685655,40.007232],[-105.2685657,40.0073349],[-105.2685823,40.0073349],[-105.2685823,40.0073957],[-105.2685475,40.0073958],[-105.2685474,40.007352],[-105.268345,40.0073521],[-105.2683452,40.007508],[-105.2685474,40.0075078],[-105.2685473,40.0074741]]]}},{"type":"Feature","id":28828232,"properties":{"osmId":28828232,"category":"academic","addr:city":"Boulder","addr:housenumber":"1720","addr:postcode":"80309","addr:state":"CO","addr:street":"Pleasant Street","building":"university","building:levels":"5","building:levels:underground":"1","building:material":"sandstone","description":"CU's main library: \"Enter here the timeless fellowship of the human spirit.\"","ele":"1645","gnis:feature_id":"2095583","name":"Norlin Library","operator":"University of Colorado Boulder","roof:material":"roof_tiles","short_name":"LIBR"},"geometry":{"type":"Polygon","coordinates":[[[-105.2712306,40.0091022],[-105.2711709,40.0091022],[-105.2711709,40.0091539],[-105.2710564,40.0091538],[-105.2710565,40.0091026],[-105.2707252,40.0091047],[-105.2706522,40.009106],[-105.2705985,40.0091055],[-105.2702585,40.0091023],[-105.2702586,40.0090872],[-105.2701423,40.0090872],[-105.270142,40.0087592],[-105.2701425,40.0087249],[-105.2702135,40.0087253],[-105.2702636,40.0087256],[-105.2702644,40.008742],[-105.2703608,40.008742],[-105.2703608,40.0086773],[-105.2703609,40.0085636],[-105.2703609,40.0084735],[-105.2704019,40.0084735],[-105.270522,40.0084735],[-105.270522,40.0085023],[-105.2705662,40.0085024],[-105.2705664,40.0082955],[-105.2710554,40.0082957],[-105.2710555,40.0082432],[-105.2711708,40.0082433],[-105.2711708,40.0082924],[-105.2712298,40.0082924],[-105.2712296,40.0085258],[-105.2711761,40.0085258],[-105.2711759,40.0086893],[-105.2711758,40.0088714],[-105.2712307,40.0088714],[-105.2712306,40.0091022]]]}},{"type":"Feature","id":46146360,"properties":{"osmId":46146360,"category":"academic","addr:city":"Boulder","addr:housenumber":"1595","addr:state":"CO","addr:street":"Pleasant Street","amenity":"theatre","building":"university","description":"CU's beautifully renovated concert hall serves the campus and community.","ele":"1646","gnis:feature_id":"2095618","name":"Macky Auditorium","operator":"University of Colorado Boulder","short_name":"MCKY"},"geometry":{"type":"Polygon","coordinates":[[[-105.272599,40.0098921],[-105.2725988,40.0102768],[-105.2725845,40.010287],[-105.2725838,40.0103009],[-105.2725954,40.0103106],[-105.2726122,40.0103112],[-105.2726261,40.0103029],[-105.2726261,40.0102911],[-105.2729053,40.0102925],[-105.2729051,40.0103039],[-105.272915,40.0103126],[-105.2729333,40.0103127],[-105.2729468,40.0103034],[-105.2729463,40.0102908],[-105.2729315,40.0102818],[-105.2729295,40.0100856],[-105.2729289,40.0098914],[-105.2731655,40.0098934],[-105.273165,40.0097995],[-105.2731654,40.0097792],[-105.273165,40.0097586],[-105.2731622,40.0097063],[-105.2730024,40.0097075],[-105.2730025,40.0097564],[-105.2727744,40.0097568],[-105.2725227,40.0097572],[-105.2725226,40.0097072],[-105.2723665,40.009708],[-105.272367,40.0098907],[-105.272599,40.0098921]]]}},{"type":"Feature","id":46187185,"properties":{"osmId":46187185,"category":"other","addr:city":"Boulder","addr:housenumber":"1202","addr:state":"CO","addr:street":"University Avenue","amenity":"social_centre","building":"yes","description":"Home of the CU-Boulder Alumni Association.","ele":"1652","gnis:feature_id":"2095634","name":"Koenig Alumni Center","operator":"University of Colorado Boulder","short_name":"ALUM"},"geometry":{"type":"Polygon","coordinates":[[[-105.2760714,40.0100327],[-105.2760689,40.0098781],[-105.2759193,40.0098795],[-105.2758108,40.0098805],[-105.2758129,40.0100103],[-105.2758472,40.0100099],[-105.2758476,40.0100348],[-105.2760714,40.0100327]]]}},{"type":"Feature","id":46187194,"properties":{"osmId":46187194,"category":"academic","addr:city":"Boulder","addr:housenumber":"1350","addr:state":"CO","addr:street":"Pleasant Street","building":"university","description":"Renovated in the 1990s, home of the Department of Anthropology and other sciences.","ele":"1653","gnis:feature_id":"2095633","name":"Hale Science","operator":"University of Colorado Boulder","short_name":"HALE"},"geometry":{"type":"Polygon","coordinates":[[[-105.275325,40.0092627],[-105.2753253,40.0091223],[-105.2751394,40.009122],[-105.2751394,40.009113],[-105.27505,40.0091128],[-105.27505,40.0091189],[-105.2749895,40.0091188],[-105.2749896,40.0090816],[-105.2749612,40.0090816],[-105.2749334,40.0090815],[-105.2749333,40.0091178],[-105.2748688,40.0091178],[-105.2748688,40.0091136],[-105.274777,40.0091134],[-105.2747769,40.0091258],[-105.2745988,40.0091255],[-105.2745985,40.0092157],[-105.2745984,40.0092653],[-105.2747781,40.0092656],[-105.2747781,40.0092773],[-105.274876,40.0092775],[-105.274876,40.0092625],[-105.2749218,40.0092625],[-105.2749217,40.009299],[-105.2749217,40.009314],[-105.2749636,40.0093141],[-105.2749988,40.0093141],[-105.2749988,40.0093011],[-105.2749989,40.0092589],[-105.2750468,40.009259],[-105.2750468,40.0092761],[-105.2751415,40.0092762],[-105.2751416,40.0092624],[-105.275325,40.0092627]]]}},{"type":"Feature","id":46194266,"properties":{"osmId":46194266,"category":"academic","addr:city":"Boulder","addr:housenumber":"1505","addr:state":"CO","addr:street":"Pleasant Street","building":"university","building:levels":"2","description":"One of CU's architectural treasures, houses language departments.","ele":"1649","gnis:feature_id":"2095619","name":"McKenna Languages","operator":"University of Colorado Boulder","short_name":"MKNA"},"geometry":{"type":"Polygon","coordinates":[[[-105.2736929,40.0099453],[-105.2735842,40.0099455],[-105.273584,40.0099112],[-105.2735428,40.0099113],[-105.273542,40.0096843],[-105.2735799,40.0096842],[-105.2735798,40.009647],[-105.2734053,40.0096473],[-105.2734051,40.0095936],[-105.273405,40.0095542],[-105.2738647,40.0095533],[-105.273865,40.0096477],[-105.2736931,40.009648],[-105.2736934,40.0097425],[-105.2736536,40.0097426],[-105.273654,40.0098526],[-105.2736926,40.0098526],[-105.2736929,40.0099453]]]}},{"type":"Feature","id":46194626,"properties":{"osmId":46194626,"category":"academic","addr:city":"Boulder","addr:housenumber":"1600","addr:state":"CO","addr:street":"Pleasant Street","building":"university","building:levels":"3.5","description":"CU's first building, arts and sciences offices and the CU Heritage Center.","ele":"1650","gnis:feature_id":"2095620","name":"Old Main","operator":"University of Colorado Boulder","short_name":"MAIN"},"geometry":{"type":"Polygon","coordinates":[[[-105.2735536,40.0092955],[-105.2735507,40.0091406],[-105.2733773,40.0091414],[-105.2733757,40.0091163],[-105.2733564,40.0091163],[-105.2731805,40.0091204],[-105.2731397,40.0091471],[-105.2731402,40.0092064],[-105.2731848,40.0092406],[-105.2731876,40.0092962],[-105.2732542,40.0092953],[-105.2732553,40.0093155],[-105.2733541,40.0093147],[-105.273459,40.0093158],[-105.2734584,40.0092949],[-105.2735536,40.0092955]]]}},{"type":"Feature","id":46194627,"properties":{"osmId":46194627,"category":"academic","addr:city":"Boulder","addr:housenumber":"1600","addr:state":"CO","addr:street":"Pleasant Street","building":"university","description":"College of Arts and Sciences offices and Advising Center.","ele":"1646","name":"Woodbury Arts and Sciences","operator":"University of Colorado Boulder","short_name":"WDBY"},"geometry":{"type":"Polygon","coordinates":[[[-105.2721262,40.0092609],[-105.2721271,40.0092122],[-105.2721508,40.0092068],[-105.2721735,40.0092116],[-105.2721727,40.0091767],[-105.2723311,40.0091764],[-105.2724762,40.0091771],[-105.2724772,40.0092887],[-105.2723248,40.0092884],[-105.2721842,40.009289],[-105.2721738,40.0092892],[-105.2721734,40.0092607],[-105.2721513,40.0092646],[-105.2721262,40.0092609]]]}},{"type":"Feature","id":46195447,"properties":{"osmId":46195447,"category":"academic","addr:city":"Boulder","addr:housenumber":"1160","addr:state":"CO","addr:street":"Broadway","building":"university","building:levels":"2","description":"CU's first women's residence, now home of the Department of Women's Studies.","ele":"1657","gnis:feature_id":"2095632","name":"Gates Woodruff Womens Studies Cottage","operator":"University of Colorado Boulder","short_name":"COTT"},"geometry":{"type":"Polygon","coordinates":[[[-105.2749309,40.008196],[-105.2749131,40.0082029],[-105.2749218,40.0082161],[-105.2748768,40.0082336],[-105.2748861,40.0082475],[-105.2748276,40.0082703],[-105.2748224,40.0082624],[-105.2747975,40.0082721],[-105.2747725,40.0082345],[-105.2747546,40.0082415],[-105.2747314,40.0082066],[-105.27478,40.0081877],[-105.2747699,40.0081726],[-105.274761,40.0081761],[-105.2747387,40.0081426],[-105.2747233,40.0081486],[-105.2747039,40.0081195],[-105.2747494,40.0081018],[-105.2747436,40.008093],[-105.2748381,40.0080562],[-105.2749309,40.008196]]]}},{"type":"Feature","id":46195525,"properties":{"osmId":46195525,"category":"academic","addr:city":"Boulder","addr:housenumber":"1445","addr:state":"CO","addr:street":"Central Campus Mall","building":"university","building:levels":"3","building:material":"sandstone","ele":"1658","gnis:feature_id":"2095630","name":"Department of Economics","operator":"University of Colorado Boulder","roof:material":"roof_tiles","short_name":"ECON"},"geometry":{"type":"Polygon","coordinates":[[[-105.2746413,40.0080301],[-105.2746422,40.0079493],[-105.2746383,40.0077029],[-105.2746376,40.0076288],[-105.274435,40.0076298],[-105.2744357,40.0077092],[-105.274438,40.007953],[-105.2744386,40.0080311],[-105.2746413,40.0080301]]]}},{"type":"Feature","id":46197734,"properties":{"osmId":46197734,"category":"academic","addr:city":"Boulder","addr:housenumber":"1475","addr:postcode":"80302","addr:state":"CO","addr:street":"Central Campus Mall","building":"university","building:levels":"3","description":"First privately funded campus building; classrooms and laboratory space.","ele":"1656","gnis:feature_id":"2095629","name":"Guggenheim Geography","operator":"University of Colorado Boulder","short_name":"GUGG"},"geometry":{"type":"Polygon","coordinates":[[[-105.2744472,40.0082412],[-105.2743376,40.0082418],[-105.2742989,40.0082426],[-105.2742999,40.0082724],[-105.2742421,40.0082727],[-105.2741663,40.0082731],[-105.2741652,40.0082451],[-105.2740182,40.0082465],[-105.2740176,40.0080895],[-105.2742365,40.0080889],[-105.2744457,40.0080896],[-105.2744472,40.0082412]]]}},{"type":"Feature","id":46197735,"properties":{"osmId":46197735,"category":"academic","addr:city":"Boulder","addr:housenumber":"1515","addr:state":"CO","addr:street":"Central Campus Mall","amenity":"theatre","building":"university","building:levels":"3","description":"And the Charlotte York Irey Studios. Performance center and offices for CU Theatre and Dance.","ele":"1654","gnis:feature_id":"2095628","name":"University Theatre","operator":"University of Colorado Boulder","roof:material":"roof_tiles","short_name":"THTR"},"geometry":{"type":"Polygon","coordinates":[[[-105.2739466,40.0082511],[-105.2739448,40.0080893],[-105.2739689,40.0080892],[-105.2739676,40.0079688],[-105.2738386,40.0079696],[-105.2738393,40.0080303],[-105.2737252,40.0080298],[-105.2736969,40.0080312],[-105.2736972,40.008056],[-105.2736054,40.0080566],[-105.2735045,40.0080572],[-105.2735041,40.0080255],[-105.2735739,40.008025],[-105.2735723,40.0078841],[-105.2732783,40.007886],[-105.2732787,40.0079147],[-105.2731819,40.0079154],[-105.2731836,40.0080701],[-105.2732584,40.0080697],[-105.2732593,40.0081574],[-105.2732594,40.008168],[-105.2731985,40.0081684],[-105.2731993,40.0082472],[-105.273261,40.0082468],[-105.2732613,40.0082712],[-105.2733838,40.0082704],[-105.2735028,40.0082696],[-105.2735025,40.0082396],[-105.2736896,40.0082384],[-105.2736898,40.0082527],[-105.2737172,40.0082525],[-105.2739466,40.0082511]]]}},{"type":"Feature","id":46198370,"properties":{"osmId":46198370,"category":"academic","addr:city":"Boulder","addr:housenumber":"1440","addr:state":"CO","addr:street":"Central Campus Mall","building":"university","building:levels":"3","building:material":"sandstone","description":"Newly renovated collections, research, and teaching facility.","ele":"1657","gnis:feature_id":"2095631","name":"Museum Collections - Bruce Curtis Building","operator":"University of Colorado Boulder","roof:material":"roof_tiles","short_name":"MCOL","tourism":"museum"},"geometry":{"type":"Polygon","coordinates":[[[-105.2744433,40.0074223],[-105.2743059,40.0074231],[-105.2743053,40.0073716],[-105.2740391,40.0073732],[-105.274038,40.0072633],[-105.2739226,40.007264],[-105.273924,40.0074048],[-105.2739394,40.0074047],[-105.2739403,40.0074918],[-105.2739411,40.007571],[-105.2739226,40.0075711],[-105.2739241,40.0077161],[-105.2740418,40.0077154],[-105.2740404,40.0075784],[-105.2740755,40.0075782],[-105.2740758,40.0076048],[-105.2743071,40.0076034],[-105.2743067,40.0075555],[-105.274444,40.0075544],[-105.2744984,40.0075243],[-105.2744981,40.0074871],[-105.2744979,40.0074522],[-105.2744433,40.0074223]]]}},{"type":"Feature","id":46198371,"properties":{"osmId":46198371,"category":"academic","addr:city":"Boulder","addr:housenumber":"1500","addr:state":"CO","addr:street":"Central Campus Mall","building":"university","building:levels":"3","building:material":"sandstone","description":"Home of the School of Education.","ele":"1656","gnis:feature_id":"2095626","name":"Lucile Berkeley Buchanan Building","operator":"University of Colorado Boulder","roof:material":"roof_tiles","short_name":"EDUC"},"geometry":{"type":"Polygon","coordinates":[[[-105.273674,40.0077145],[-105.2736769,40.0073408],[-105.2736774,40.0072631],[-105.2736788,40.0070834],[-105.273496,40.0070825],[-105.2734953,40.0071668],[-105.2735091,40.0071669],[-105.2735089,40.0071951],[-105.273506,40.0075733],[-105.2733156,40.0075725],[-105.2733152,40.0076273],[-105.2733147,40.0077],[-105.2735457,40.0077011],[-105.2735456,40.007714],[-105.273674,40.0077145]]]}},{"type":"Feature","id":46200736,"properties":{"osmId":46200736,"category":"academic","addr:city":"Boulder","addr:housenumber":"1550","addr:state":"CO","addr:street":"Central Campus Mall","building":"university","building:levels":"3","building:material":"sandstone","description":"Home of many arts and sciences departments and programs.","ele":"1652","gnis:feature_id":"2095623","name":"Hellems Arts and Sciences","operator":"University of Colorado Boulder","roof:material":"roof_tiles","short_name":"HLMS"},"geometry":{"type":"Polygon","coordinates":[[[-105.2732323,40.0077025],[-105.2730258,40.007703],[-105.2730258,40.0076902],[-105.272764,40.0076909],[-105.2725088,40.0076916],[-105.2725089,40.0077056],[-105.2722943,40.0077062],[-105.272294,40.0076576],[-105.2723111,40.0076576],[-105.2723109,40.0076153],[-105.2722928,40.0076154],[-105.2722927,40.0075955],[-105.2722925,40.0075708],[-105.2723245,40.0075707],[-105.2723226,40.0072218],[-105.2723576,40.0072217],[-105.2723575,40.0072034],[-105.2723568,40.0070788],[-105.2725032,40.0070783],[-105.2725057,40.0075209],[-105.2724827,40.007521],[-105.2724828,40.0075394],[-105.2726813,40.0075388],[-105.2726807,40.007437],[-105.2728462,40.0074365],[-105.2728467,40.0075408],[-105.2730223,40.0075402],[-105.2730199,40.0070843],[-105.2731661,40.0070839],[-105.2731668,40.0072313],[-105.2731669,40.007251],[-105.2731969,40.007251],[-105.2731978,40.0074166],[-105.2731985,40.0075588],[-105.2731986,40.0075717],[-105.2732306,40.0075716],[-105.2732308,40.0076152],[-105.2732169,40.0076152],[-105.2732169,40.0076283],[-105.2732171,40.0076548],[-105.2732321,40.0076547],[-105.2732323,40.0077025]]]}},{"type":"Feature","id":46202565,"properties":{"osmId":46202565,"category":"academic","addr:city":"Boulder","addr:housenumber":"1080","addr:state":"CO","addr:street":"Broadway","building":"university","description":"Arts and sciences faculty offices.","ele":"1656","name":"Denison Arts and Sciences","operator":"University of Colorado Boulder","short_name":"DEN"},"geometry":{"type":"Polygon","coordinates":[[[-105.2734984,40.007],[-105.2735132,40.006987],[-105.273511,40.0069416],[-105.273513,40.0068933],[-105.2734947,40.006882],[-105.2732894,40.0068832],[-105.2732898,40.0069333],[-105.2732904,40.0070011],[-105.2734984,40.007]]]}},{"type":"Feature","id":46202571,"properties":{"osmId":46202571,"category":"academic","addr:city":"Boulder","addr:housenumber":"1030","addr:state":"CO","addr:street":"Broadway","building":"university","building:material":"sandstone","description":"Henderson Building. The largest natural history collection in the Rocky Mountains.","ele":"1654","gnis:feature_id":"2095625","museum":"nature","name":"Museum of Natural History - Henderson Building","operator":"University of Colorado Boulder","roof:material":"roof_tiles","short_name":"HEND","tourism":"museum","wikidata":"Q4306263","wikipedia":"en:University of Colorado Museum of Natural History"},"geometry":{"type":"Polygon","coordinates":[[[-105.2730505,40.0069721],[-105.2730503,40.0069226],[-105.27305,40.0068329],[-105.2730277,40.006833],[-105.2730276,40.0067906],[-105.2729585,40.0067907],[-105.2729586,40.0068317],[-105.2727695,40.006832],[-105.2725862,40.0068324],[-105.2725861,40.006788],[-105.27252,40.0067881],[-105.2725201,40.0068337],[-105.2725018,40.0068337],[-105.2725022,40.0069732],[-105.272766,40.0069719],[-105.2730505,40.0069721]]]}},{"type":"Feature","id":46217914,"properties":{"osmId":46217914,"category":"academic","addr:city":"Boulder","addr:housenumber":"1601","addr:state":"CO","addr:street":"Central Campus Mall","building":"university","description":"Classroom and research complex for the sciences.","ele":"1649","name":"Ekeley Sciences Building","operator":"University of Colorado Boulder","roof:material":"roof_tiles","short_name":"EKLC"},"geometry":{"type":"Polygon","coordinates":[[[-105.2715797,40.0078693],[-105.2718025,40.0078699],[-105.2720219,40.0078704],[-105.2720215,40.0079541],[-105.2721983,40.0079545],[-105.2721981,40.0080094],[-105.2722347,40.0080095],[-105.2722341,40.0081702],[-105.2722551,40.0081702],[-105.2722548,40.0082472],[-105.2722361,40.0082472],[-105.2722359,40.008302],[-105.2720296,40.0083016],[-105.2720294,40.0083533],[-105.2715761,40.0083522],[-105.2715764,40.0082867],[-105.2714992,40.0082865],[-105.2714991,40.0083013],[-105.2713648,40.008301],[-105.271365,40.0082473],[-105.271341,40.0082472],[-105.2713413,40.0081692],[-105.2713668,40.0081692],[-105.2713674,40.0080143],[-105.2712598,40.008014],[-105.2712599,40.0079854],[-105.2712405,40.0079854],[-105.2712408,40.0078974],[-105.2712585,40.0078974],[-105.2712586,40.0078706],[-105.2713803,40.0078709],[-105.2715262,40.0078713],[-105.2715261,40.0078999],[-105.2715796,40.0079],[-105.2715797,40.0078693]]]}},{"type":"Feature","id":46217915,"properties":{"osmId":46217915,"category":"other","addr:city":"Boulder","addr:housenumber":"1669","addr:state":"CO","addr:street":"Euclid Avenue","amenity":"community_centre","building":"yes","building:levels":"5","building:material":"sandstone","description":"Student union, CU Book Store, meeting rooms, dining, shopping, entertainment, CUSG and club offices.","ele":"1651","gnis:feature_id":"2095610","name":"University Memorial Center","opening_hours":"Mo-Fr 07:00-23:00, Sa 07:00-24:00, Su 10:00-22:00","operator":"University of Colorado Boulder","roof:material":"roof_tiles","short_name":"UMC","toilets:wheelchair":"yes","wheelchair":"yes"},"geometry":{"type":"Polygon","coordinates":[[[-105.272067,40.0070813],[-105.2720666,40.0070055],[-105.2720665,40.0069814],[-105.2720654,40.0067996],[-105.2721388,40.0067994],[-105.2721387,40.0067818],[-105.2721705,40.0067817],[-105.2721703,40.0067528],[-105.27217,40.0067077],[-105.2721698,40.0066625],[-105.2721696,40.0066253],[-105.2721392,40.0066254],[-105.2721391,40.0066082],[-105.272069,40.0066084],[-105.2720672,40.0062871],[-105.2718549,40.0062878],[-105.2718542,40.0063167],[-105.2718547,40.0063896],[-105.2718563,40.0065286],[-105.2717955,40.0065288],[-105.2715693,40.0065295],[-105.2711316,40.006531],[-105.2711314,40.0064965],[-105.2711312,40.0064762],[-105.2710102,40.0064765],[-105.2709602,40.0064767],[-105.2709609,40.0065985],[-105.2709379,40.0065986],[-105.2709383,40.0067026],[-105.2709394,40.0068237],[-105.2709594,40.0068254],[-105.2709602,40.0069662],[-105.270975,40.0069661],[-105.2709968,40.0069661],[-105.2710169,40.006966],[-105.271052,40.0069659],[-105.2710692,40.0069659],[-105.2710896,40.0069658],[-105.2710903,40.0070811],[-105.2711419,40.0070809],[-105.2711422,40.0071435],[-105.2712698,40.0071431],[-105.2718682,40.0071411],[-105.2718679,40.0070819],[-105.2719931,40.0070815],[-105.272067,40.0070813]]]}},{"type":"Feature","id":46223800,"properties":{"osmId":46223800,"category":"academic","addr:city":"Boulder","addr:housenumber":"1775","addr:state":"CO","addr:street":"Central Campus Mall","building":"university","building:material":"sandstone","description":"Classrooms used by the College of Arts and Sciences.","ele":"1645","gnis:feature_id":"2095614","name":"Ketchum Arts and Sciences Building","operator":"University of Colorado Boulder","roof:material":"roof_tiles","short_name":"KTCH"},"geometry":{"type":"Polygon","coordinates":[[[-105.2699679,40.0079891],[-105.2699681,40.0079299],[-105.2698231,40.0079297],[-105.2698228,40.0080406],[-105.269787,40.0080405],[-105.269787,40.0080583],[-105.2697869,40.0080838],[-105.2698233,40.0080839],[-105.269823,40.0081895],[-105.2698518,40.0081895],[-105.2698518,40.0081957],[-105.2699691,40.0081959],[-105.2699693,40.0081342],[-105.270224,40.008136],[-105.2704839,40.008135],[-105.2704838,40.0081963],[-105.2706225,40.0081965],[-105.2706228,40.0080838],[-105.2706625,40.0080839],[-105.2706626,40.0080625],[-105.2706626,40.0080402],[-105.2706224,40.0080401],[-105.2706227,40.0079332],[-105.2704856,40.007933],[-105.2704855,40.0079898],[-105.270228,40.0079868],[-105.2699679,40.0079891]]]}},{"type":"Feature","id":46275944,"properties":{"osmId":46275944,"category":"academic","addr:city":"Boulder","addr:housenumber":"1800","addr:state":"CO","addr:street":"Colorado Avenue","building":"university","building:material":"sandstone","description":"Department of Ecology and Evolutionary Biology and research center.","ele":"1642","gnis:feature_id":"2095585","name":"Ramaley Biology","operator":"University of Colorado Boulder","roof:material":"roof_tiles","short_name":"RAMY"},"geometry":{"type":"Polygon","coordinates":[[[-105.2701777,40.0093502],[-105.270178,40.0092538],[-105.2702464,40.0092539],[-105.2702467,40.0091561],[-105.2697636,40.0091553],[-105.269764,40.0089743],[-105.2697643,40.0088755],[-105.2697483,40.0088755],[-105.2697487,40.0087032],[-105.2697492,40.0085224],[-105.2697641,40.0085224],[-105.2697644,40.0084232],[-105.2696152,40.008423],[-105.2696152,40.0084334],[-105.2695661,40.0084333],[-105.2695658,40.0085337],[-105.2695656,40.0086276],[-105.2694008,40.0086274],[-105.2694007,40.0086735],[-105.2693899,40.0086735],[-105.2693898,40.0087254],[-105.2693998,40.0087255],[-105.2693997,40.0087731],[-105.2695685,40.0087733],[-105.269568,40.0089685],[-105.2696211,40.0089686],[-105.2696209,40.0090572],[-105.2695226,40.009057],[-105.269522,40.0092885],[-105.2697498,40.0092889],[-105.2697499,40.0092712],[-105.2698208,40.0092713],[-105.2698758,40.0092714],[-105.2698756,40.0093497],[-105.2701777,40.0093502]]]}},{"type":"Feature","id":46275951,"properties":{"osmId":46275951,"category":"athletic","addr:city":"Boulder","addr:housenumber":"1855","addr:state":"CO","addr:street":"Pleasant Street","building":"sports_centre","building:material":"sandstone","description":"Fitness and recreation: pool, indoor track, ice arena, climbing wall, courts, weight and exercise rooms.","ele":"1638","fee":"yes","gnis:feature_id":"2095587","height":"11","leisure":"sports_centre","name":"CU Student Recreation Center","opening_hours":"Mo-Su 06:00-23:30","operator":"University of Colorado Boulder","short_name":"REC","sport":"multi;tennis;swimming;basketball;athletics;fitness;soccer;running;table_tennis"},"geometry":{"type":"Polygon","coordinates":[[[-105.2679617,40.0099938],[-105.267961,40.0099381],[-105.268189,40.009938],[-105.268415,40.0099374],[-105.2686393,40.0099374],[-105.2686393,40.0099692],[-105.2687464,40.0099692],[-105.2687464,40.0099336],[-105.2693193,40.0099336],[-105.2693791,40.0099336],[-105.2693791,40.0099018],[-105.2695003,40.0099018],[-105.2695003,40.0096368],[-105.269525,40.0096368],[-105.269525,40.0095969],[-105.269525,40.0095912],[-105.269525,40.0095716],[-105.269525,40.0095643],[-105.2695658,40.0095643],[-105.2695905,40.0095643],[-105.2696549,40.0095643],[-105.26984,40.0095643],[-105.26984,40.0095717],[-105.26984,40.0095915],[-105.26984,40.0095969],[-105.2698411,40.0096368],[-105.26984,40.0096781],[-105.2698407,40.0096855],[-105.2698408,40.0097267],[-105.26984,40.0099799],[-105.26984,40.0100292],[-105.2701807,40.0100292],[-105.2701807,40.0103454],[-105.2696148,40.0103454],[-105.2695665,40.0103454],[-105.2695665,40.0106289],[-105.2694519,40.0106289],[-105.2686765,40.0106289],[-105.2686477,40.0106289],[-105.2686477,40.0107391],[-105.268513,40.0107393],[-105.2680383,40.0107389],[-105.2678826,40.0107388],[-105.2678826,40.0102892],[-105.2678826,40.0102727],[-105.2678826,40.0102214],[-105.2678826,40.0099934],[-105.2679617,40.0099938]]]}},{"type":"Feature","id":46275953,"properties":{"osmId":46275953,"category":"academic","addr:city":"Boulder","addr:housenumber":"1715","addr:state":"CO","addr:street":"Pleasant Street","building":"university","name":"Albert and Vera Ramírez Temporary Building 1","operator":"University of Colorado Boulder","short_name":"TB01"},"geometry":{"type":"Polygon","coordinates":[[[-105.2706254,40.0105733],[-105.2706244,40.0103645],[-105.2704612,40.0103649],[-105.2704613,40.0103789],[-105.2704621,40.010562],[-105.2704622,40.0105738],[-105.2706254,40.0105733]]]}},{"type":"Feature","id":46275955,"properties":{"osmId":46275955,"category":"academic","addr:city":"Boulder","addr:housenumber":"1725","addr:state":"CO","addr:street":"Pleasant Street","building":"university","building:material":"sandstone","description":"Department of Integrative Physiology; arts and sciences classrooms and offices.","ele":"1636","gnis:feature_id":"2095616","name":"Claire Small Arts and Sciences","operator":"University of Colorado Boulder","short_name":"CLRE"},"geometry":{"type":"Polygon","coordinates":[[[-105.2696896,40.0105911],[-105.270048,40.0105904],[-105.2700479,40.0105627],[-105.2704621,40.010562],[-105.2704613,40.0103789],[-105.270397,40.010379],[-105.2703971,40.0104086],[-105.269689,40.0104099],[-105.2696896,40.0105911]]]}},{"type":"Feature","id":46371891,"properties":{"osmId":46371891,"category":"academic","addr:city":"Boulder","addr:housenumber":"1950","addr:state":"CO","addr:street":"Colorado Avenue","building":"university","building:material":"sandstone","ele":"1642","gnis:feature_id":"2095592","name":"Laboratory for Atmospheric and Space Physics","operator":"University of Colorado Boulder","research":"aerospace","roof:material":"roof_tiles","short_name":"LASP","wikipedia":"en:Laboratory for Atmospheric and Space Physics"},"geometry":{"type":"Polygon","coordinates":[[[-105.2680035,40.0079955],[-105.2680034,40.0078607],[-105.2680551,40.0078607],[-105.2684095,40.0077962],[-105.2684095,40.0078626],[-105.2685815,40.0078624],[-105.2685816,40.0078964],[-105.2686148,40.0078964],[-105.2687446,40.0078963],[-105.2687619,40.0078962],[-105.2687621,40.0080626],[-105.2687105,40.0080626],[-105.268482,40.0080628],[-105.2683958,40.0080629],[-105.2683958,40.0080369],[-105.2681845,40.0080371],[-105.2681536,40.0080371],[-105.2681536,40.0080593],[-105.2680992,40.0080593],[-105.2680992,40.0080382],[-105.2680036,40.0080383],[-105.2680035,40.0079955]]]}},{"type":"Feature","id":46371901,"properties":{"osmId":46371901,"category":"academic","addr:city":"Boulder","addr:housenumber":"2000","addr:state":"CO","addr:street":"Colorado Avenue","building":"university","building:levels":"5","building:material":"sandstone","description":"Classrooms, research facilities, lecture halls, and offices.","ele":"1641","gnis:feature_id":"2095591","name":"Duane Physics and Astrophysics","operator":"University of Colorado Boulder","roof:material":"roof_tiles","short_name":"DUAN"},"geometry":{"type":"Polygon","coordinates":[[[-105.2678187,40.0079967],[-105.2676689,40.0079968],[-105.267669,40.0080386],[-105.2676334,40.0080386],[-105.2676334,40.0080623],[-105.2676096,40.0080623],[-105.2675803,40.0080623],[-105.2675803,40.0080801],[-105.267533,40.0080802],[-105.267533,40.008089],[-105.2670835,40.0080893],[-105.2670834,40.0079837],[-105.2670831,40.0077578],[-105.2671878,40.0077578],[-105.2672856,40.0077577],[-105.267402,40.0077576],[-105.2674851,40.0077575],[-105.2675716,40.0077575],[-105.2675717,40.007861],[-105.267608,40.007861],[-105.2680034,40.0078607],[-105.2680035,40.0079955],[-105.2678648,40.0079956],[-105.2678648,40.0080144],[-105.2679447,40.0080144],[-105.267945,40.0081764],[-105.2677381,40.0081765],[-105.2677378,40.0080146],[-105.2678188,40.0080146],[-105.2678187,40.0079967]]]}},{"type":"Feature","id":46371926,"properties":{"osmId":46371926,"category":"other","addr:city":"Boulder","addr:housenumber":"924","addr:state":"CO","addr:street":"Broadway","building":"office","building:levels":"3","name":"University Admin Center","office":"educational_institution","operator":"University of Colorado Boulder","short_name":"UCTR"},"geometry":{"type":"Polygon","coordinates":[[[-105.2683043,40.0041435],[-105.2682484,40.0042005],[-105.2682952,40.0042275],[-105.2682487,40.0042749],[-105.2682279,40.004263],[-105.2682058,40.0042856],[-105.2681828,40.0042723],[-105.2681752,40.0042801],[-105.2680753,40.0042226],[-105.2681233,40.0041736],[-105.2680442,40.0041281],[-105.268034,40.0041385],[-105.2679555,40.0040934],[-105.2680535,40.0039935],[-105.2681532,40.0040509],[-105.2681371,40.0040673],[-105.2682063,40.0041071],[-105.2682188,40.0040944],[-105.2683043,40.0041435]]]}},{"type":"Feature","id":46371932,"properties":{"osmId":46371932,"category":"other","addr:city":"Boulder","addr:housenumber":"1900","addr:state":"CO","addr:street":"Wardenburg Drive","amenity":"doctors","building":"yes","building:material":"sandstone","description":"Health care center with services and educational programs for the university.","ele":"1650","gnis:feature_id":"2095595","healthcare":"doctor","name":"Wardenburg Health Center","opening_hours":"Mo-Th 08:00-17:00; Fr 09:00-17:00","operator":"University of Colorado Boulder","roof:material":"roof_tiles","short_name":"WARD"},"geometry":{"type":"Polygon","coordinates":[[[-105.2693506,40.0053807],[-105.2693496,40.0052537],[-105.2693492,40.0051967],[-105.2690049,40.0051982],[-105.2690043,40.0051169],[-105.2689496,40.0051172],[-105.268949,40.0050364],[-105.2689488,40.005007],[-105.2689481,40.0049199],[-105.2687687,40.0049207],[-105.2687712,40.0052534],[-105.2685599,40.0052543],[-105.2685608,40.0053808],[-105.2687237,40.0053801],[-105.2687238,40.0053951],[-105.2687585,40.0053949],[-105.2687969,40.0053948],[-105.2687968,40.0053811],[-105.2692222,40.0053793],[-105.2692223,40.0053895],[-105.2692448,40.0053894],[-105.269271,40.0053893],[-105.269271,40.005381],[-105.2693506,40.0053807]]]}},{"type":"Feature","id":46371936,"properties":{"osmId":46371936,"category":"academic","addr:city":"Boulder","addr:housenumber":"1020","addr:state":"CO","addr:street":"18th Street","building":"university","building:material":"sandstone","description":"The College of Music's home features the Grusin Music Hall, a theatre, and practice rooms.","ele":"1648","gnis:feature_id":"2095594","name":"Imig Music","operator":"University of Colorado Boulder","roof:material":"roof_tiles","short_name":"MUS"},"geometry":{"type":"Polygon","coordinates":[[[-105.2689008,40.0063675],[-105.2687779,40.0063687],[-105.268669,40.0063698],[-105.2686718,40.0065377],[-105.268825,40.0065362],[-105.2688253,40.0065573],[-105.2688954,40.0065566],[-105.2688956,40.0065739],[-105.2689329,40.0065736],[-105.2689337,40.0066174],[-105.2689879,40.0066169],[-105.2689876,40.0065962],[-105.2693522,40.0065927],[-105.2693509,40.0065141],[-105.2694087,40.0065135],[-105.2694055,40.0063222],[-105.2693,40.0063233],[-105.2692995,40.006297],[-105.2692992,40.0062789],[-105.2693524,40.0062783],[-105.2693478,40.0060045],[-105.2693534,40.0056263],[-105.2685291,40.0056307],[-105.268524,40.0057157],[-105.268524,40.0058218],[-105.2686197,40.0058226],[-105.2686182,40.0058686],[-105.2685494,40.0058693],[-105.2685496,40.0058839],[-105.2685499,40.0058999],[-105.2685379,40.0059],[-105.2685389,40.0059559],[-105.2685315,40.005974],[-105.2685272,40.006],[-105.2685285,40.0060273],[-105.2685407,40.0060536],[-105.2685414,40.0061036],[-105.2685509,40.0061036],[-105.2685511,40.0061185],[-105.2685514,40.0061342],[-105.2686166,40.0061337],[-105.2686171,40.0061714],[-105.2686176,40.0062073],[-105.2687364,40.0062063],[-105.2687372,40.0062588],[-105.2687658,40.0062585],[-105.268778,40.0062584],[-105.2687782,40.0062763],[-105.269155,40.0062732],[-105.2691558,40.0063273],[-105.2691083,40.0063276],[-105.2690693,40.0064094],[-105.2689356,40.0064101],[-105.2689008,40.0063675]]]}},{"type":"Feature","id":46371942,"properties":{"osmId":46371942,"category":"other","addr:city":"Boulder","addr:housenumber":"972","addr:state":"CO","addr:street":"Broadway","building":"yes","building:levels":"3","description":"includes Academic advising center and classrooms","name":"University Club","operator":"University of Colorado Boulder","roof:material":"roof_tiles","short_name":"CLUB"},"geometry":{"type":"Polygon","coordinates":[[[-105.2707478,40.0055755],[-105.2706485,40.0055206],[-105.2706893,40.0054773],[-105.2705269,40.0053875],[-105.2704853,40.0054317],[-105.2703853,40.0053764],[-105.2703996,40.0053612],[-105.2703862,40.0053538],[-105.2705344,40.0051966],[-105.2706293,40.0052491],[-105.2706132,40.0052662],[-105.2708159,40.0053783],[-105.270829,40.0053644],[-105.270921,40.0054152],[-105.2707758,40.0055692],[-105.2707613,40.0055612],[-105.2707478,40.0055755]]]}},{"type":"Feature","id":46371958,"properties":{"osmId":46371958,"category":"academic","addr:city":"Boulder","addr:housenumber":"1060","addr:state":"CO","addr:street":"18th Street","building":"university","building:levels":"3","building:levels:underground":"1","building:material":"sandstone","description":"Home of the Environmental Design program, this building features studio workspaces, Mac and PC computer labs, class rooms, and offices. Also hosts offices for many WRTG faculty in the basement, and the Designers without boundaries on the third floor","ele":"1645","gnis:feature_id":"2095593","name":"Environmental Design","operator":"University of Colorado Boulder","roof:material":"roof_tiles","short_name":"ENVD"},"geometry":{"type":"Polygon","coordinates":[[[-105.2693991,40.0072359],[-105.2693989,40.0072053],[-105.2693976,40.0069672],[-105.2693963,40.0067345],[-105.2693961,40.0067063],[-105.2693099,40.0067066],[-105.2693102,40.0067492],[-105.2690679,40.00675],[-105.2690718,40.0069688],[-105.2690704,40.0071926],[-105.2693118,40.0071918],[-105.269312,40.0072362],[-105.2693991,40.0072359]]]}},{"type":"Feature","id":46371963,"properties":{"osmId":46371963,"category":"athletic","addr:city":"Boulder","addr:housenumber":"2100","addr:state":"CO","addr:street":"Stadium Drive","building":"yes","description":"Modern athletic facility for varsity athletes, north of the Stadium.","ele":"1632","gnis:feature_id":"2095588","height":"27","leisure":"sports_centre","name":"Dal Ward Athletic Center","operator":"University of Colorado Boulder","short_name":"DALW"},"geometry":{"type":"Polygon","coordinates":[[[-105.2673037,40.0104663],[-105.2673023,40.0102929],[-105.2672341,40.0102932],[-105.2672336,40.0102266],[-105.2671932,40.0102267],[-105.2671929,40.0101986],[-105.2670766,40.0101992],[-105.2670765,40.0102177],[-105.2667614,40.0102194],[-105.2667612,40.0102035],[-105.2666494,40.0102038],[-105.2666496,40.0102288],[-105.2666053,40.0102294],[-105.2666055,40.0102967],[-105.2665372,40.0102969],[-105.2665374,40.0104392],[-105.2665379,40.0104697],[-105.2665728,40.0104698],[-105.2665729,40.0104872],[-105.2666448,40.0104869],[-105.2666448,40.0104943],[-105.2667657,40.0104944],[-105.2670778,40.0104919],[-105.2671084,40.0104918],[-105.2671973,40.0104915],[-105.2671972,40.0104841],[-105.2672692,40.0104838],[-105.2672691,40.0104664],[-105.2673037,40.0104663]]]}},{"type":"Feature","id":46371965,"properties":{"osmId":46371965,"category":"other","addr:city":"Boulder","addr:housenumber":"1100","addr:state":"CO","addr:street":"18th Street","building":"yes","description":"The campus heating plant, retrofitted in 1992 as a co-generation plant.","landuse":"industrial","name":"University of Colorado","operator":"University of Colorado Boulder","plant:method":"combustion","plant:output:electricity":"33 MW","plant:output:hot_water":"yes","plant:source":"gas","power":"plant","ref:US:EIA":"54372","short_name":"POWR","source":"U.S. Energy Information Administration - EIA-860 - 2021","start_date":"1909"},"geometry":{"type":"Polygon","coordinates":[[[-105.269377,40.0078261],[-105.2693752,40.0073693],[-105.2690898,40.0073696],[-105.2690682,40.0073696],[-105.2689863,40.0073706],[-105.2689856,40.0073404],[-105.2688244,40.0073412],[-105.2688264,40.0078274],[-105.269377,40.0078261]]]}},{"type":"Feature","id":46493395,"properties":{"osmId":46493395,"category":"academic","addr:city":"Boulder","addr:housenumber":"2300","addr:state":"CO","addr:street":"Colorado Avenue","building":"university","building:levels":"3","description":"Home of the Department of Mathematics and an expanded Engineering Library.","ele":"1639","gnis:feature_id":"2095658","name":"Mathematics","operator":"University of Colorado Boulder","roof:material":"roof_tiles","short_name":"MATH"},"geometry":{"type":"Polygon","coordinates":[[[-105.2647276,40.0075876],[-105.2647938,40.0075674],[-105.2649165,40.0075965],[-105.2649143,40.0074333],[-105.2647916,40.0074667],[-105.2645519,40.0074071],[-105.264425,40.007407],[-105.2644256,40.0075447],[-105.2644245,40.0076976],[-105.2642978,40.0076975],[-105.2642978,40.00768],[-105.2642157,40.0076816],[-105.2642078,40.0076815],[-105.2642081,40.0077323],[-105.2640364,40.0077315],[-105.2640363,40.0077685],[-105.2641472,40.0077687],[-105.2641467,40.0079769],[-105.2643318,40.007978],[-105.2648081,40.0079777],[-105.2648085,40.0077698],[-105.2648733,40.0077699],[-105.2648734,40.0077522],[-105.2648734,40.0077354],[-105.2647273,40.0077352],[-105.2647276,40.0075876]]]}},{"type":"Feature","id":46493421,"properties":{"osmId":46493421,"category":"academic","addr:city":"Boulder","addr:housenumber":"2200","addr:state":"CO","addr:street":"Colorado Avenue","building":"university","building:material":"sandstone","description":"Library, atrium, auditorium, and state-of-the-art laboratory-classrooms.","ele":"1639","gnis:feature_id":"2095590","name":"Benson Earth Sciences","operator":"University of Colorado Boulder","roof:material":"roof_tiles","short_name":"BESC"},"geometry":{"type":"Polygon","coordinates":[[[-105.2662503,40.0080983],[-105.266253,40.0080118],[-105.2662486,40.0078724],[-105.2662504,40.0078288],[-105.2657381,40.0078287],[-105.2657381,40.0078533],[-105.2656944,40.0078533],[-105.2656492,40.0078533],[-105.2656492,40.0078267],[-105.2654846,40.0078266],[-105.2654845,40.0079525],[-105.2655224,40.0079525],[-105.2655224,40.0079817],[-105.2655224,40.0080112],[-105.2654864,40.0080112],[-105.2654864,40.0080982],[-105.2656976,40.0080982],[-105.2662503,40.0080983]]]}},{"type":"Feature","id":46938870,"properties":{"osmId":46938870,"category":"other","addr:city":"Boulder","addr:housenumber":"1050","addr:state":"CO","addr:street":"Regent Drive","amenity":"police","building":"yes","building:levels":"3","ele":"1635","name":"Police and Parking Services Center","operator":"University of Colorado Boulder","roof:material":"roof_tiles","short_name":"PDPS"},"geometry":{"type":"Polygon","coordinates":[[[-105.261165,40.0069825],[-105.2611645,40.0066332],[-105.2611123,40.0066332],[-105.2610831,40.0066333],[-105.2610831,40.0066616],[-105.2609406,40.0066617],[-105.2609408,40.0068373],[-105.2608184,40.0068374],[-105.2608185,40.006938],[-105.2609412,40.0069379],[-105.2609412,40.0069524],[-105.2610855,40.0069523],[-105.2610856,40.0069825],[-105.261165,40.0069825]]]}},{"type":"Feature","id":46938871,"properties":{"osmId":46938871,"category":"other","access":"private","access:conditional":"private @ (Mo-Fr 07:30-17:00)","addr:city":"Boulder","addr:housenumber":"1050","addr:state":"CO","addr:street":"Regent Drive","amenity":"parking","building":"parking","building:levels":"5","building:material":"concrete","description":"Parking by permit on weekdays; open to the public evenings, weekends, and for special events","name":"Regent Drive AutoPark 436/491 top level","operator":"University of Colorado Boulder","parking":"multi-storey","ref":"456;436;491","short_name":"RPRK"},"geometry":{"type":"Polygon","coordinates":[[[-105.2606969,40.0072076],[-105.2607962,40.0071306],[-105.2607998,40.0066578],[-105.2608001,40.0064957],[-105.2600279,40.0064963],[-105.2600291,40.007208],[-105.2606969,40.0072076]]]}},{"type":"Feature","id":46938873,"properties":{"osmId":46938873,"category":"other","addr:city":"Boulder","addr:housenumber":"1000","addr:state":"CO","addr:street":"Regent Drive","building":"yes","building:levels":"2","description":"Environmental health, safety, and regulatory compliance service center.","ele":"1634","gnis:feature_id":"2095650","name":"Environmental Health and Safety Center","operator":"University of Colorado Boulder","short_name":"EHSC"},"geometry":{"type":"Polygon","coordinates":[[[-105.2600804,40.0062368],[-105.2600795,40.0060004],[-105.2595149,40.0060016],[-105.2595158,40.0062298],[-105.259606,40.0062296],[-105.259712,40.0062294],[-105.2597119,40.0062096],[-105.2597707,40.0062095],[-105.2597706,40.0061803],[-105.2598141,40.0061802],[-105.2598143,40.0062365],[-105.2599167,40.0062363],[-105.2599168,40.0062529],[-105.2598846,40.006253],[-105.2598848,40.006317],[-105.2600453,40.0063167],[-105.2600451,40.0062535],[-105.2600072,40.0062536],[-105.2600072,40.006237],[-105.2600804,40.0062368]]]}},{"type":"Feature","id":46938886,"properties":{"osmId":46938886,"category":"athletic","addr:city":"Boulder","addr:housenumber":"950","addr:state":"CO","addr:street":"Regent Drive","building":"stadium","building:material":"concrete","description":"Indoor arena, conference facilities, used for basketball, volleyball, and special events","ele":"1644","gnis:feature_id":"2095653","height":"15","leisure":"sports_centre","name":"CU Events Center","operator":"University of Colorado Boulder","short_name":"EVNT","wikidata":"Q5168058","wikipedia":"en:CU Events Center"},"geometry":{"type":"Polygon","coordinates":[[[-105.2607868,40.0051485],[-105.2609182,40.0052512],[-105.2609975,40.0051901],[-105.2611211,40.0050953],[-105.2612399,40.0050032],[-105.2611922,40.0049662],[-105.2611448,40.0049282],[-105.2611432,40.0047143],[-105.2611612,40.0047144],[-105.2611615,40.0046607],[-105.2611622,40.0046063],[-105.2611441,40.0046062],[-105.2611406,40.0043896],[-105.2611797,40.0043611],[-105.2609262,40.0041608],[-105.2608848,40.004194],[-105.2606772,40.0041949],[-105.2606767,40.0041799],[-105.2605335,40.0041803],[-105.2605323,40.0041937],[-105.2603292,40.0041956],[-105.2602279,40.0041193],[-105.2599731,40.0043176],[-105.2600715,40.0043929],[-105.260074,40.0046054],[-105.2600512,40.0046043],[-105.2600517,40.004655],[-105.2600523,40.0047132],[-105.2600731,40.0047134],[-105.2600697,40.0049258],[-105.26003,40.004958],[-105.2601371,40.0050401],[-105.2602882,40.005156],[-105.2603323,40.005125],[-105.2604454,40.0051273],[-105.2604479,40.0051494],[-105.2607868,40.0051485]]]}},{"type":"Feature","id":46938893,"properties":{"osmId":46938893,"category":"academic","addr:city":"Boulder","addr:housenumber":"2475","addr:state":"CO","addr:street":"Kittredge Loop Drive","building":"university","building:material":"sandstone","description":"Teaching and research in astronomy, and public viewing of the night skies.","ele":"1647","man_made":"observatory","name":"Sommers-Bausch Observatory","observatory:type":"astronomical","operator":"University of Colorado Boulder","roof:material":"roof_tiles","short_name":"OBSV","wikidata":"Q7560466","wikipedia":"en:Sommers–Bausch Observatory"},"geometry":{"type":"Polygon","coordinates":[[[-105.2631272,40.0037047],[-105.2631303,40.0037197],[-105.2631256,40.0037345],[-105.2631188,40.0037517],[-105.2631043,40.0037698],[-105.2630917,40.0037788],[-105.2630741,40.0037874],[-105.2630579,40.0037915],[-105.2630559,40.0038063],[-105.263018,40.0038114],[-105.2629778,40.0038054],[-105.2629732,40.0037931],[-105.2629446,40.0037809],[-105.2629193,40.00376],[-105.2629047,40.0037358],[-105.2629012,40.0037077],[-105.2629023,40.0036384],[-105.2627716,40.0036391],[-105.2627717,40.0035567],[-105.2628999,40.003554],[-105.2628994,40.0035425],[-105.2631151,40.0035392],[-105.2631172,40.0036263],[-105.2630156,40.0036262],[-105.2630178,40.0036589],[-105.263018,40.0036739],[-105.2630372,40.0036777],[-105.2630537,40.0036863],[-105.2630613,40.0036938],[-105.2630646,40.0037089],[-105.2631272,40.0037047]]]}},{"type":"Feature","id":46938894,"properties":{"osmId":46938894,"category":"academic","addr:city":"Boulder","addr:housenumber":"2501","addr:state":"CO","addr:street":"Kittredge Loop Drive","building":"university","building:levels":"3","description":"Classrooms, clinics, and research areas for the study of human communication.","ele":"1647","gnis:feature_id":"2095654","name":"Speech, Language, and Hearing Sciences Building","operator":"University of Colorado Boulder","short_name":"SLHS"},"geometry":{"type":"Polygon","coordinates":[[[-105.2626904,40.0039866],[-105.2626919,40.003781],[-105.2626025,40.0037806],[-105.2623324,40.0037795],[-105.2623283,40.003887],[-105.2623304,40.0039851],[-105.2626904,40.0039866]]]}},{"type":"Feature","id":46938896,"properties":{"osmId":46938896,"category":"residential","addr:city":"Boulder","addr:housenumber":"2510","addr:state":"CO","addr:street":"Kittredge Loop Drive","building":"dormitory","building:material":"sandstone","description":"Residence hall in the scenic Kittredge Complex.","ele":"1642","gnis:feature_id":"2095643","name":"Andrews Hall","operator":"University of Colorado Boulder","roof:material":"roof_tiles","short_name":"ANDS"},"geometry":{"type":"Polygon","coordinates":[[[-105.2627023,40.003166],[-105.2627019,40.0031586],[-105.2627006,40.0030587],[-105.2627004,40.003017],[-105.2627009,40.0029836],[-105.2624164,40.0029843],[-105.2622757,40.0029852],[-105.262266,40.0029855],[-105.2622658,40.0029534],[-105.2621293,40.002954],[-105.2620764,40.0029542],[-105.2620761,40.0029134],[-105.2615471,40.0029158],[-105.2615484,40.0030962],[-105.261652,40.0030958],[-105.2620593,40.003094],[-105.2620602,40.0031513],[-105.2619868,40.0031507],[-105.2619865,40.0031575],[-105.2619854,40.0032844],[-105.261986,40.0033931],[-105.2620977,40.0033912],[-105.2622157,40.0033893],[-105.262214,40.0031581],[-105.2622256,40.003158],[-105.2622251,40.003087],[-105.2622442,40.0030869],[-105.2622448,40.003168],[-105.2625092,40.0031668],[-105.2627023,40.003166]]]}},{"type":"Feature","id":46938897,"properties":{"osmId":46938897,"category":"residential","addr:city":"Boulder","addr:housenumber":"2605","addr:state":"CO","addr:street":"Kittredge Loop Drive","building":"dormitory","building:material":"sandstone","ele":"1638","name":"Buckingham Hall","operator":"University of Colorado Boulder","roof:material":"roof_tiles","short_name":"BUCK"},"geometry":{"type":"Polygon","coordinates":[[[-105.2613176,40.0024191],[-105.2613175,40.0023397],[-105.2613175,40.0023298],[-105.2613174,40.0023155],[-105.2613173,40.0022417],[-105.2613173,40.0022369],[-105.2609651,40.0022372],[-105.2609652,40.0023424],[-105.2609323,40.0023424],[-105.260918,40.0023424],[-105.26087,40.0023425],[-105.2608696,40.0020626],[-105.2608696,40.0020299],[-105.2608324,40.0020299],[-105.260742,40.00203],[-105.260723,40.00203],[-105.2606391,40.0020301],[-105.2606397,40.0023838],[-105.2606397,40.0023905],[-105.2606807,40.0023905],[-105.2606809,40.0025558],[-105.260712,40.0025558],[-105.260712,40.0026132],[-105.260496,40.0026133],[-105.260487,40.0026133],[-105.26048,40.0026133],[-105.2604432,40.0026133],[-105.2604433,40.0026873],[-105.2604434,40.0027657],[-105.2604434,40.0027928],[-105.2604434,40.0027993],[-105.260996,40.002799],[-105.2609959,40.0027132],[-105.2609959,40.0026905],[-105.2609958,40.0026147],[-105.2608187,40.0026148],[-105.2608187,40.0025882],[-105.2608187,40.0025815],[-105.2608186,40.0025552],[-105.2609364,40.0025551],[-105.2609363,40.00246],[-105.2608812,40.0024601],[-105.2608812,40.0024488],[-105.2608812,40.0024195],[-105.260945,40.0024194],[-105.2613176,40.0024191]]]}},{"type":"Feature","id":46938901,"properties":{"osmId":46938901,"category":"academic","addr:city":"Boulder","addr:housenumber":"2414","addr:state":"CO","addr:street":"Regent Drive","amenity":"planetarium","building":"university","description":"Star theatre and teaching facility, the largest of its kind between Chicago and Los Angeles.","ele":"1647","name":"Fiske Planetarium","operator":"University of Colorado Boulder","short_name":"FISK","tourism":"museum","website":"https://www.colorado.edu/fiske/","wikidata":"Q28401497"},"geometry":{"type":"Polygon","coordinates":[[[-105.2638338,40.0036516],[-105.2637248,40.0036941],[-105.2637338,40.0037064],[-105.2636588,40.0037382],[-105.2636658,40.0037502],[-105.2635658,40.0037933],[-105.2635648,40.0037519],[-105.2635548,40.003756],[-105.2635354,40.0037619],[-105.2634408,40.0038049],[-105.2633695,40.0037044],[-105.2633404,40.0036914],[-105.2633107,40.0036675],[-105.2632881,40.0036376],[-105.2632791,40.0036024],[-105.2632794,40.0035728],[-105.2632947,40.003538],[-105.2632505,40.0035181],[-105.2631501,40.0033886],[-105.2632445,40.0033863],[-105.2632588,40.0034091],[-105.2632761,40.0034086],[-105.2632941,40.0034073],[-105.2632941,40.0033874],[-105.2633489,40.0033881],[-105.2633643,40.003409],[-105.2635626,40.0034098],[-105.263576,40.0034099],[-105.2636775,40.0035447],[-105.2636624,40.0035547],[-105.263675,40.0035712],[-105.2636873,40.0035881],[-105.2637898,40.0035908],[-105.2638338,40.0036516]]]}},{"type":"Feature","id":46938905,"properties":{"osmId":46938905,"category":"academic","addr:city":"Boulder","addr:housenumber":"2445","addr:state":"CO","addr:street":"Kittredge Loop Drive","building":"university","building:material":"sandstone","ele":"1642","name":"Ofelia Miramontes and Leonard Baca Education Building","operator":"University of Colorado Boulder","roof:material":"roof_tiles","short_name":"MBE"},"geometry":{"type":"Polygon","coordinates":[[[-105.2640874,40.0020471],[-105.2638695,40.0020465],[-105.2638699,40.0019567],[-105.2638343,40.0019566],[-105.2638092,40.0019565],[-105.2638091,40.0019771],[-105.2637841,40.0019771],[-105.2637864,40.0021305],[-105.2637301,40.0021302],[-105.2637295,40.0022064],[-105.2637305,40.0022193],[-105.2635395,40.0022189],[-105.2635276,40.0022188],[-105.2634979,40.0022187],[-105.2630273,40.0022178],[-105.2630274,40.0021359],[-105.2630273,40.0021072],[-105.2630275,40.0020778],[-105.2630282,40.0020262],[-105.2629805,40.0020261],[-105.2629081,40.0020259],[-105.2628694,40.0020258],[-105.2628168,40.0020257],[-105.2627998,40.0020256],[-105.2627874,40.0020256],[-105.2627145,40.0020254],[-105.262714,40.0018773],[-105.262714,40.001872],[-105.2627141,40.0018639],[-105.2627156,40.0017779],[-105.2630349,40.0017787],[-105.2630348,40.0018089],[-105.2630893,40.001809],[-105.2631013,40.0018091],[-105.2631095,40.0018091],[-105.2635051,40.0018101],[-105.263525,40.0018105],[-105.2635488,40.0018103],[-105.263727,40.0018107],[-105.2637277,40.0018388],[-105.2637776,40.001839],[-105.2638148,40.0018392],[-105.2638291,40.0018391],[-105.2638295,40.0017507],[-105.2639033,40.0017509],[-105.2639227,40.001751],[-105.2640518,40.0017513],[-105.2640502,40.0018409],[-105.2640995,40.0018416],[-105.2641017,40.001956],[-105.2640875,40.001955],[-105.2640874,40.0020471]]]}},{"type":"Feature","id":46938908,"properties":{"osmId":46938908,"category":"residential","addr:city":"Boulder","addr:housenumber":"2400","addr:state":"CO","addr:street":"Kittredge Loop Drive","building":"dormitory","building:levels":"4","building:material":"sandstone","ele":"1644","name":"Kittredge West Hall","operator":"University of Colorado Boulder","roof:material":"roof_tiles","short_name":"KITW","wikidata":"Q6418481","wikipedia":"en:Kittredge West Hall"},"geometry":{"type":"Polygon","coordinates":[[[-105.2636586,40.0027681],[-105.2636594,40.0028672],[-105.2636855,40.002867],[-105.2636858,40.0029015],[-105.263779,40.0029011],[-105.2637874,40.002901],[-105.2637875,40.0029124],[-105.2638547,40.002912],[-105.2638545,40.0028839],[-105.2639722,40.0028833],[-105.2639723,40.0029035],[-105.2640648,40.0029031],[-105.2640647,40.0028836],[-105.2641148,40.0028834],[-105.2641147,40.0028717],[-105.2642012,40.0028713],[-105.2642013,40.0028851],[-105.2642242,40.002885],[-105.2642244,40.0029094],[-105.2641857,40.0029095],[-105.2641863,40.0029968],[-105.2642338,40.0029966],[-105.2642341,40.0030553],[-105.2642062,40.0030554],[-105.2642063,40.0030671],[-105.2642069,40.0031534],[-105.2642506,40.0031532],[-105.2642507,40.0031732],[-105.2643755,40.0031726],[-105.2643753,40.0031513],[-105.2644421,40.0031509],[-105.2644409,40.0030288],[-105.2643943,40.003029],[-105.2643925,40.0028521],[-105.2644888,40.0028516],[-105.2644877,40.0027384],[-105.2644264,40.0027388],[-105.2644262,40.0027191],[-105.264339,40.0027196],[-105.2643385,40.0026679],[-105.26451,40.0026668],[-105.264545,40.0026666],[-105.2645452,40.0026882],[-105.2646816,40.0026874],[-105.2646813,40.0026546],[-105.2647103,40.0026545],[-105.2647092,40.002553],[-105.2646842,40.0025532],[-105.2646838,40.002519],[-105.2645463,40.0025198],[-105.2645465,40.0025388],[-105.2643924,40.0025397],[-105.2643923,40.0025201],[-105.2643038,40.0025206],[-105.264304,40.0025405],[-105.2642051,40.002541],[-105.2642062,40.002668],[-105.2642262,40.0026679],[-105.2642263,40.002682],[-105.2642265,40.0026984],[-105.264227,40.002753],[-105.264135,40.0027534],[-105.264112,40.0027536],[-105.2638179,40.0027551],[-105.2638177,40.0027356],[-105.2636853,40.0027363],[-105.2636855,40.002768],[-105.2636586,40.0027681]]]}},{"type":"Feature","id":74841911,"properties":{"osmId":74841911,"category":"residential","addr:city":"Boulder","addr:housenumber":"3355","addr:state":"CO","addr:street":"Apache Road","alt_name":"Bear Creek Apartments B","building":"apartments","building:levels":"5","building:material":"sandstone","description":"Apartment-style housing for upper-division students.","name":"Bear Creek Hall","operator":"University of Colorado Boulder","short_name":"BCAPB"},"geometry":{"type":"Polygon","coordinates":[[[-105.249274,39.9967256],[-105.2493438,39.9967652],[-105.2493285,39.9967837],[-105.2493596,39.9968012],[-105.2493755,39.9967848],[-105.2494806,39.996845],[-105.2494666,39.9968621],[-105.249495,39.9968792],[-105.2495811,39.9967887],[-105.2496029,39.9968012],[-105.2496243,39.9967816],[-105.2496066,39.9967716],[-105.2496494,39.9967278],[-105.2496927,39.9966832],[-105.249709,39.9966939],[-105.2497308,39.9966722],[-105.2497085,39.9966593],[-105.2497978,39.9965717],[-105.249769,39.9965549],[-105.2497513,39.9965706],[-105.2496443,39.9965075],[-105.2496615,39.9964911],[-105.2496322,39.9964726],[-105.249615,39.9964887],[-105.2495271,39.9964388],[-105.2494843,39.9964854],[-105.2494299,39.996453],[-105.2494462,39.9964381],[-105.2494234,39.9964259],[-105.2495038,39.9963458],[-105.2495266,39.9963543],[-105.2495443,39.9963365],[-105.2495257,39.996324],[-105.2496127,39.9962378],[-105.2496322,39.9962503],[-105.2496453,39.9962381],[-105.2497648,39.9963069],[-105.2497499,39.9963229],[-105.2497662,39.9963322],[-105.249736,39.9963646],[-105.2498043,39.9964049],[-105.2497876,39.9964213],[-105.2498197,39.9964395],[-105.249835,39.9964238],[-105.2499406,39.9964851],[-105.2499299,39.9964986],[-105.2499732,39.9965229],[-105.2500104,39.996545],[-105.250023,39.9965325],[-105.2501327,39.9965941],[-105.2501155,39.9966109],[-105.2501462,39.9966276],[-105.2501607,39.9966112],[-105.2502281,39.9966504],[-105.2502588,39.9966173],[-105.250276,39.996628],[-105.2502909,39.9966116],[-105.2504118,39.9966807],[-105.2504002,39.9966943],[-105.2504193,39.996706],[-105.2502365,39.9969002],[-105.2502169,39.9968874],[-105.2502025,39.9969006],[-105.2501453,39.9968671],[-105.2501918,39.9968222],[-105.2501053,39.9967741],[-105.2501211,39.9967588],[-105.2500923,39.9967417],[-105.2500755,39.9967581],[-105.2499434,39.9966814],[-105.2498705,39.9967546],[-105.2498502,39.9967419],[-105.249831,39.9967613],[-105.2498485,39.9967718],[-105.249795,39.9968283],[-105.2497634,39.9968615],[-105.249742,39.996848],[-105.24972,39.9968699],[-105.249742,39.9968817],[-105.2496694,39.9969544],[-105.2498047,39.9970349],[-105.2497903,39.9970505],[-105.24982,39.9970676],[-105.2498359,39.9970534],[-105.2499173,39.9971],[-105.24999,39.9970255],[-105.2500455,39.997059],[-105.2500327,39.997073],[-105.2500541,39.9970869],[-105.2498639,39.9972735],[-105.2498425,39.9972604],[-105.2498318,39.9972744],[-105.2497122,39.9972028],[-105.2497239,39.9971907],[-105.2491987,39.9968846],[-105.2491852,39.9968969],[-105.2490619,39.9968308],[-105.249074,39.9968183],[-105.2490538,39.9968053],[-105.2491401,39.9967178],[-105.249161,39.9967299],[-105.2491824,39.9967096],[-105.2491587,39.9966936],[-105.2492354,39.9966123],[-105.2492606,39.9966255],[-105.249274,39.9966123],[-105.2493275,39.9966433],[-105.2492699,39.9967035],[-105.2492852,39.9967114],[-105.249274,39.9967256]]]}},{"type":"Feature","id":76437386,"properties":{"osmId":76437386,"category":"other","addr:city":"Boulder","addr:housenumber":"3100","addr:state":"CO","addr:street":"Marine Street","building":"yes","building:levels":"7","building:levels:underground":"1","building:material":"brick","description":"Accounting and Business Support, Admissions, Financial Aid, Human Resources, Housing, Instaar, OCG University Communications, and other offices.","name":"Administrative & Research Center","operator":"University of Colorado Boulder","short_name":"ARCE"},"geometry":{"type":"Polygon","coordinates":[[[-105.2523399,40.0134318],[-105.2523399,40.0131805],[-105.2520085,40.0131809],[-105.2520082,40.0130499],[-105.2522946,40.0130496],[-105.2522944,40.0129434],[-105.2519054,40.0129438],[-105.2515747,40.0129442],[-105.2515748,40.0129934],[-105.2515749,40.0130501],[-105.2518652,40.0130498],[-105.2518655,40.0131826],[-105.2515472,40.0131829],[-105.2515476,40.0134319],[-105.251931,40.0134315],[-105.2523399,40.0134318]]]}},{"type":"Feature","id":76486597,"properties":{"osmId":76486597,"category":"other","building":"yes","building:levels":"1","description":"Institute for Behavioral Genetics offices.","name":"Research Laboratory No. 4; Life Science","operator":"University of Colorado Boulder","short_name":"LSRL"},"geometry":{"type":"Polygon","coordinates":[[[-105.2529513,40.0122805],[-105.2527345,40.0122812],[-105.2527345,40.0122647],[-105.252715,40.0122647],[-105.252715,40.0122759],[-105.2526576,40.0122761],[-105.2526574,40.0122342],[-105.2526669,40.0122342],[-105.2526668,40.0122243],[-105.2526667,40.0122066],[-105.2526427,40.0122066],[-105.2526419,40.0120439],[-105.2526703,40.0120439],[-105.2526703,40.0120295],[-105.2526702,40.012015],[-105.252664,40.012015],[-105.2526638,40.0119764],[-105.2527202,40.0119763],[-105.2527202,40.0119865],[-105.2527348,40.0119865],[-105.2527347,40.0119713],[-105.2529544,40.0119706],[-105.2529544,40.0119879],[-105.2529738,40.0119879],[-105.2529738,40.0119785],[-105.2530289,40.0119783],[-105.2530291,40.0120164],[-105.2530191,40.0120164],[-105.2530191,40.012029],[-105.2530192,40.0120437],[-105.2530466,40.0120437],[-105.2530475,40.012209],[-105.2530179,40.012209],[-105.2530181,40.0122389],[-105.2530316,40.0122389],[-105.2530317,40.0122728],[-105.2529709,40.012273],[-105.2529709,40.0122638],[-105.2529513,40.0122638],[-105.2529513,40.0122805]]]}},{"type":"Feature","id":76486599,"properties":{"osmId":76486599,"category":"other","addr:city":"Boulder","addr:housenumber":"1520","addr:postcode":"80303","addr:state":"CO","addr:street":"30th Street","building":"yes","building:levels":"2","description":"Research center on genetic and environmental bases of individual behavior.","name":"Institute for Behavioral Genetics","operator":"University of Colorado Boulder","short_name":"IBG","source":"esri_USDOT_ColoradoOITGIS"},"geometry":{"type":"Polygon","coordinates":[[[-105.2532597,40.0118988],[-105.2528867,40.0119001],[-105.2528866,40.011877],[-105.2528861,40.0117926],[-105.252938,40.0117925],[-105.2529378,40.0117683],[-105.2529031,40.0117685],[-105.2529029,40.0117482],[-105.2528502,40.0117483],[-105.2528504,40.0117925],[-105.2528193,40.0117926],[-105.2528192,40.0117671],[-105.2527562,40.0117673],[-105.2526631,40.0117677],[-105.2526622,40.0116265],[-105.253258,40.0116243],[-105.2532597,40.0118988]]]}},{"type":"Feature","id":76486601,"properties":{"osmId":76486601,"category":"other","addr:city":"Boulder","addr:housenumber":"1560","addr:postcode":"80309","addr:state":"CO","addr:street":"30th Street","alt_name":"LITR","building":"yes","building:levels":"2","description":"Research facilities for INSTAAR and IBG.","name":"Research Laboratory No. 1; Litman","operator":"University of Colorado Boulder","source":"esri_USDOT_ColoradoOITGIS"},"geometry":{"type":"Polygon","coordinates":[[[-105.2534097,40.0134238],[-105.2526223,40.0134243],[-105.2526221,40.0132152],[-105.2526219,40.0131781],[-105.2526213,40.0130106],[-105.2534081,40.0130089],[-105.2534097,40.0134238]]]}},{"type":"Feature","id":76486603,"properties":{"osmId":76486603,"category":"other","addr:city":"Boulder","addr:housenumber":"1255","addr:postcode":"80309","addr:state":"CO","addr:street":"38th Street","building":"yes","building:levels":"2","description":"Department of Housing's maintenance shops.","name":"Housing System Maintenance Center","operator":"University of Colorado Boulder","short_name":"HSMC","source":"esri_USDOT_ColoradoOITGIS"},"geometry":{"type":"Polygon","coordinates":[[[-105.2490751,40.0134801],[-105.248672,40.0134795],[-105.2486727,40.0134173],[-105.2485085,40.0134173],[-105.2485095,40.0132719],[-105.2483736,40.0131727],[-105.2483252,40.0132099],[-105.2481564,40.0130808],[-105.248179,40.0130598],[-105.2480191,40.0129341],[-105.2482902,40.0127369],[-105.2483593,40.0127865],[-105.2484247,40.0128335],[-105.2484546,40.0128133],[-105.2486478,40.0129609],[-105.2485441,40.0130409],[-105.248739,40.0131894],[-105.2490745,40.0131835],[-105.2490751,40.0134801]]]}},{"type":"Feature","id":76486607,"properties":{"osmId":76486607,"category":"other","building":"yes","building:levels":"3","name":"Science Learning Laboratory","operator":"University of Colorado Boulder","short_name":"SLL"},"geometry":{"type":"Polygon","coordinates":[[[-105.2500616,40.0129846],[-105.2495492,40.0129866],[-105.2495484,40.0128653],[-105.249633,40.012865],[-105.2496312,40.0126008],[-105.2498419,40.0126],[-105.2498425,40.0126956],[-105.2499148,40.0126953],[-105.2499146,40.0126647],[-105.2500305,40.0126642],[-105.2500309,40.0127301],[-105.2499874,40.0127303],[-105.2499876,40.0127655],[-105.2500602,40.0127652],[-105.2500616,40.0129846]]]}},{"type":"Feature","id":76486609,"properties":{"osmId":76486609,"category":"other","addr:city":"Boulder","addr:housenumber":"1480","addr:postcode":"80303","addr:state":"CO","addr:street":"30th Street","building":"yes","building:levels":"3","description":"Facilities Management, Science Discovery, CIRES, and NCHEMS offices.","name":"Research Laboratory No. 2","operator":"University of Colorado Boulder","short_name":"RL2","source":"esri_USDOT_ColoradoOITGIS"},"geometry":{"type":"Polygon","coordinates":[[[-105.2534271,40.0127177],[-105.2526412,40.0127199],[-105.2526407,40.012619],[-105.2526406,40.0125887],[-105.2526401,40.012491],[-105.2526401,40.0124768],[-105.2534259,40.0124746],[-105.2534271,40.0127177]]]}},{"type":"Feature","id":76615218,"properties":{"osmId":76615218,"category":"residential","addr:housenumber":"1740","addr:state":"CO","addr:street":"Athens Street","building":"apartments","name":"Faculty Staff Court B","operator":"University of Colorado Boulder","short_name":"FACT"},"geometry":{"type":"Polygon","coordinates":[[[-105.2717009,40.0125112],[-105.2717002,40.012432],[-105.2719613,40.0124306],[-105.2719621,40.0125098],[-105.2717009,40.0125112]]]}},{"type":"Feature","id":76615219,"properties":{"osmId":76615219,"category":"residential","addr:city":"Boulder","addr:housenumber":"1255","addr:postcode":"80302","addr:state":"CO","addr:street":"19th Street","building":"apartments","name":"Faculty Staff Court H","operator":"University of Colorado Boulder","source":"esri_USDOT_ColoradoOITGIS"},"geometry":{"type":"Polygon","coordinates":[[[-105.270464,40.012407],[-105.270364,40.012407],[-105.2703625,40.012194],[-105.2704602,40.0121931],[-105.270464,40.012407]]]}},{"type":"Feature","id":76615220,"properties":{"osmId":76615220,"category":"residential","addr:city":"Boulder","addr:housenumber":"1910","addr:postcode":"80302","addr:state":"CO","addr:street":"Athens Street","building":"apartments","name":"Athens Court B1","operator":"University of Colorado Boulder","source":"esri_USDOT_ColoradoOITGIS"},"geometry":{"type":"Polygon","coordinates":[[[-105.2700329,40.0124832],[-105.2699072,40.0124837],[-105.2699046,40.0120447],[-105.2700303,40.0120443],[-105.2700329,40.0124832]]]}},{"type":"Feature","id":76615221,"properties":{"osmId":76615221,"category":"residential","addr:city":"Boulder","addr:housenumber":"2031","addr:postcode":"80302","addr:state":"CO","addr:street":"Grandview Avenue","building":"apartments","name":"Athens Court C1","operator":"University of Colorado Boulder","source":"esri_USDOT_ColoradoOITGIS"},"geometry":{"type":"Polygon","coordinates":[[[-105.2685507,40.0124937],[-105.2679753,40.0124956],[-105.2679746,40.0123897],[-105.2685501,40.0123877],[-105.2685507,40.0124937]]]}},{"type":"Feature","id":76615222,"properties":{"osmId":76615222,"category":"residential","building":"apartments","name":"Faculty Staff Court F","operator":"University of Colorado Boulder"},"geometry":{"type":"Polygon","coordinates":[[[-105.2710159,40.0125141],[-105.2707292,40.0125153],[-105.2707287,40.012439],[-105.2710153,40.0124378],[-105.2710159,40.0125141]]]}},{"type":"Feature","id":76615224,"properties":{"osmId":76615224,"category":"residential","addr:city":"Boulder","addr:housenumber":"2010","addr:postcode":"80302","addr:state":"CO","addr:street":"Athens Street","building":"apartments","building:levels":"2","name":"Athens Court B2","operator":"University of Colorado Boulder","short_name":"ATCT","source":"esri_USDOT_ColoradoOITGIS"},"geometry":{"type":"Polygon","coordinates":[[[-105.2687344,40.0124887],[-105.268606,40.0124892],[-105.2686031,40.0120508],[-105.2687315,40.0120502],[-105.2687344,40.0124887]]]}},{"type":"Feature","id":76615225,"properties":{"osmId":76615225,"category":"residential","building":"apartments","name":"Athens Court A2","operator":"University of Colorado Boulder"},"geometry":{"type":"Polygon","coordinates":[[[-105.2687916,40.0123989],[-105.2692768,40.0123974],[-105.2692773,40.0124935],[-105.2687921,40.0124949],[-105.2687916,40.0123989]]]}},{"type":"Feature","id":76615226,"properties":{"osmId":76615226,"category":"residential","addr:city":"Boulder","addr:housenumber":"1255","addr:postcode":"80302","addr:state":"CO","addr:street":"18th Street","building":"apartments","name":"Faculty Staff Court D","operator":"University of Colorado Boulder","source":"esri_USDOT_ColoradoOITGIS"},"geometry":{"type":"Polygon","coordinates":[[[-105.2715056,40.0124047],[-105.2714084,40.0124058],[-105.2714049,40.0122202],[-105.2715021,40.0122191],[-105.2715056,40.0124047]]]}},{"type":"Feature","id":76615227,"properties":{"osmId":76615227,"category":"residential","addr:city":"Boulder","addr:housenumber":"2030","addr:postcode":"80302","addr:state":"CO","addr:street":"Athens Street","building":"apartments","name":"Athens Court C2","operator":"University of Colorado Boulder","source":"esri_USDOT_ColoradoOITGIS"},"geometry":{"type":"Polygon","coordinates":[[[-105.268545,40.012159],[-105.2679709,40.0121629],[-105.2679697,40.0120587],[-105.2685438,40.0120547],[-105.268545,40.012159]]]}},{"type":"Feature","id":76615228,"properties":{"osmId":76615228,"category":"residential","addr:city":"Boulder","addr:housenumber":"1850","addr:postcode":"80302","addr:state":"CO","addr:street":"Athens Street","building":"apartments","name":"Faculty Staff Court J","operator":"University of Colorado Boulder","source":"esri_USDOT_ColoradoOITGIS"},"geometry":{"type":"Polygon","coordinates":[[[-105.2704479,40.0121602],[-105.2704495,40.0120815],[-105.27073,40.012083],[-105.2707288,40.0121601],[-105.2704479,40.0121602]]]}},{"type":"Feature","id":76615229,"properties":{"osmId":76615229,"category":"residential","addr:city":"Boulder","addr:housenumber":"1930","addr:postcode":"80302","addr:state":"CO","addr:street":"Athens Street","building":"apartments","name":"Athens Court A4","operator":"University of Colorado Boulder","source":"esri_USDOT_ColoradoOITGIS"},"geometry":{"type":"Polygon","coordinates":[[[-105.269275,40.0121463],[-105.2692745,40.0120511],[-105.268793,40.0120527],[-105.2687936,40.0121479],[-105.269275,40.0121463]]]}},{"type":"Feature","id":76615230,"properties":{"osmId":76615230,"category":"residential","addr:city":"Boulder","addr:housenumber":"1950","addr:postcode":"80302","addr:state":"CO","addr:street":"Athens Street","building":"apartments","name":"Athens Court A1","operator":"University of Colorado Boulder","source":"esri_USDOT_ColoradoOITGIS"},"geometry":{"type":"Polygon","coordinates":[[[-105.2698517,40.0124901],[-105.2693664,40.0124932],[-105.2693653,40.0123981],[-105.2698507,40.0123951],[-105.2698517,40.0124901]]]}},{"type":"Feature","id":76615231,"properties":{"osmId":76615231,"category":"residential","addr:city":"Boulder","addr:housenumber":"2050","addr:postcode":"80302","addr:state":"CO","addr:street":"Athens Street","building":"apartments","name":"Athens Court B3","operator":"University of Colorado Boulder","source":"esri_USDOT_ColoradoOITGIS"},"geometry":{"type":"Polygon","coordinates":[[[-105.2679025,40.0124922],[-105.2677807,40.0124926],[-105.2677783,40.012052],[-105.2679,40.0120516],[-105.2679025,40.0124922]]]}},{"type":"Feature","id":76615232,"properties":{"osmId":76615232,"category":"residential","addr:city":"Boulder","addr:housenumber":"1951","addr:postcode":"80302","addr:state":"CO","addr:street":"Athens Street","building":"apartments","name":"Athens Court A3","operator":"University of Colorado Boulder","source":"esri_USDOT_ColoradoOITGIS"},"geometry":{"type":"Polygon","coordinates":[[[-105.2698475,40.0121446],[-105.2698481,40.0120486],[-105.2693543,40.0120515],[-105.2693554,40.0121462],[-105.2698475,40.0121446]]]}},{"type":"Feature","id":76615233,"properties":{"osmId":76615233,"category":"residential","addr:city":"Boulder","addr:housenumber":"1250","addr:postcode":"80302","addr:state":"CO","addr:street":"18th Street","building":"apartments","name":"Faculty Staff Court A","operator":"University of Colorado Boulder","source":"esri_USDOT_ColoradoOITGIS"},"geometry":{"type":"Polygon","coordinates":[[[-105.2719258,40.0124027],[-105.2720565,40.0124019],[-105.2720547,40.01222],[-105.271924,40.0122207],[-105.2719258,40.0124027]]]}},{"type":"Feature","id":76615235,"properties":{"osmId":76615235,"category":"residential","addr:city":"Boulder","addr:housenumber":"1245","addr:postcode":"80302","addr:state":"CO","addr:street":"19th Street","building":"apartments","name":"Faculty Staff Court E","operator":"University of Colorado Boulder","source":"esri_USDOT_ColoradoOITGIS"},"geometry":{"type":"Polygon","coordinates":[[[-105.2710998,40.0124081],[-105.2709996,40.0124067],[-105.2710015,40.0121874],[-105.2710986,40.0121883],[-105.2710998,40.0124081]]]}},{"type":"Feature","id":81175983,"properties":{"osmId":81175983,"category":"other","addr:city":"Boulder","addr:housenumber":"2249","addr:state":"CO","addr:street":"Willard Loop Drive","amenity":"community_centre","building":"yes","building:levels":"5","building:material":"sandstone","description":"Dining center, student support offices including the BuffOne Card office, shops, and meeting rooms.","name":"Center for Community (C4C)","office":"educational_institution","operator":"University of Colorado Boulder","operator:type":"university","roof:material":"roof_tiles","short_name":"C4C","wheelchair":"yes"},"geometry":{"type":"Polygon","coordinates":[[[-105.2654701,40.0046561],[-105.2656353,40.0046561],[-105.2656353,40.0046126],[-105.2656843,40.0046126],[-105.2656843,40.0045671],[-105.2656842,40.0045193],[-105.2653292,40.0045194],[-105.2652566,40.0045195],[-105.2652564,40.0042806],[-105.2654675,40.0042805],[-105.2654675,40.0042703],[-105.2654675,40.0041902],[-105.2654124,40.0041902],[-105.2654124,40.0041449],[-105.2653055,40.004145],[-105.2653054,40.0041339],[-105.2651277,40.004134],[-105.2651276,40.0041166],[-105.2649572,40.0041168],[-105.2648112,40.0041169],[-105.2647832,40.0040469],[-105.2645812,40.0040454],[-105.2644447,40.0040444],[-105.2644403,40.0042012],[-105.2644418,40.0042735],[-105.2646779,40.0042752],[-105.264677,40.0043449],[-105.2646656,40.0043449],[-105.2646645,40.0044498],[-105.2646752,40.0044498],[-105.2646748,40.0044984],[-105.2646671,40.0044984],[-105.264667,40.0045164],[-105.2642772,40.0045152],[-105.2642193,40.0045151],[-105.2642189,40.0046039],[-105.2643312,40.0046042],[-105.264331,40.0046458],[-105.2644895,40.0046462],[-105.2644893,40.0046945],[-105.2646044,40.0046948],[-105.2646044,40.0046787],[-105.2648296,40.0046791],[-105.2648297,40.0046384],[-105.2649822,40.0046385],[-105.2651285,40.0046387],[-105.2651284,40.0046817],[-105.2653546,40.0046818],[-105.2653546,40.0047007],[-105.26547,40.0047007],[-105.2654701,40.0046561]]]}},{"type":"Feature","id":89532970,"properties":{"osmId":89532970,"category":"academic","building":"yes","leisure":"pitch","sport":"volleyball"},"geometry":{"type":"Polygon","coordinates":[[[-105.2493848,39.9960496],[-105.2493019,39.9961339],[-105.2491088,39.9960224],[-105.2491918,39.9959381],[-105.2493848,39.9960496]]]}},{"type":"Feature","id":106147976,"properties":{"osmId":106147976,"category":"residential","addr:housenumber":"2300","addr:state":"CO","addr:street":"Arapahoe Avenue","building":"apartments","name":"Newton Court 2F","operator":"University of Colorado Boulder"},"geometry":{"type":"Polygon","coordinates":[[[-105.2648274,40.0140543],[-105.2649022,40.0139966],[-105.2648629,40.0139667],[-105.2649421,40.0139056],[-105.2649799,40.0139344],[-105.2650468,40.0138828],[-105.2651219,40.0139399],[-105.2649011,40.0141103],[-105.2648274,40.0140543]]]}},{"type":"Feature","id":106147980,"properties":{"osmId":106147980,"category":"residential","addr:housenumber":"2300","addr:state":"CO","addr:street":"Arapahoe Avenue","building":"apartments","name":"Newton Court 2E","operator":"University of Colorado Boulder"},"geometry":{"type":"Polygon","coordinates":[[[-105.2649972,40.014127],[-105.2650716,40.0141835],[-105.2651399,40.0141307],[-105.2651714,40.0141546],[-105.2652512,40.0140929],[-105.2652196,40.014069],[-105.2652871,40.0140168],[-105.2652128,40.0139603],[-105.2649972,40.014127]]]}},{"type":"Feature","id":106147986,"properties":{"osmId":106147986,"category":"residential","addr:housenumber":"2300","addr:state":"CO","addr:street":"Arapahoe Avenue","building":"apartments","name":"Newton Court 2H","operator":"University of Colorado Boulder"},"geometry":{"type":"Polygon","coordinates":[[[-105.2645279,40.0141946],[-105.2644532,40.014138],[-105.2645203,40.014086],[-105.264489,40.0140623],[-105.2645693,40.014],[-105.264599,40.0140225],[-105.2646657,40.0139708],[-105.2647421,40.0140287],[-105.2645279,40.0141946]]]}},{"type":"Feature","id":106147989,"properties":{"osmId":106147989,"category":"other","building":"yes","operator":"University of Colorado Boulder"},"geometry":{"type":"Polygon","coordinates":[[[-105.2643134,40.0141131],[-105.2643121,40.0139662],[-105.2642135,40.0139667],[-105.2642148,40.0141136],[-105.2643134,40.0141131]]]}},{"type":"Feature","id":108336826,"properties":{"osmId":108336826,"category":"residential","addr:housenumber":"2300","addr:state":"CO","addr:street":"Arapahoe Avenue","building":"apartments","name":"Newton Court 2C","operator":"University of Colorado Boulder"},"geometry":{"type":"Polygon","coordinates":[[[-105.2655621,40.0136981],[-105.2654888,40.0137541],[-105.2657038,40.0139191],[-105.2657787,40.0138619],[-105.2657105,40.0138095],[-105.2657418,40.0137856],[-105.2656605,40.0137232],[-105.2656275,40.0137483],[-105.2655621,40.0136981]]]}},{"type":"Feature","id":108336829,"properties":{"osmId":108336829,"category":"residential","addr:housenumber":"2300","addr:state":"CO","addr:street":"Arapahoe Avenue","building":"apartments","name":"Newton Court 2A","operator":"University of Colorado Boulder"},"geometry":{"type":"Polygon","coordinates":[[[-105.2655879,40.0136303],[-105.2656626,40.0135704],[-105.2655922,40.0135219],[-105.2656257,40.0134937],[-105.2655031,40.0134022],[-105.2654801,40.0134197],[-105.2654534,40.0133999],[-105.2653698,40.0134629],[-105.2655879,40.0136303]]]}},{"type":"Feature","id":108336830,"properties":{"osmId":108336830,"category":"residential","addr:housenumber":"2300","addr:state":"CO","addr:street":"Arapahoe Avenue","building":"apartments","name":"Newton Court 2D","operator":"University of Colorado Boulder"},"geometry":{"type":"Polygon","coordinates":[[[-105.2656797,40.0139902],[-105.2656032,40.0140485],[-105.2655349,40.0139961],[-105.2655042,40.0140195],[-105.2654241,40.0139579],[-105.2654552,40.0139342],[-105.2653869,40.0138817],[-105.2654629,40.0138237],[-105.2656797,40.0139902]]]}},{"type":"Feature","id":108337146,"properties":{"osmId":108337146,"category":"residential","building":"apartments","name":"Newton Court 2P","operator":"University of Colorado Boulder"},"geometry":{"type":"Polygon","coordinates":[[[-105.2637059,40.0135872],[-105.2636267,40.0136488],[-105.263561,40.0136016],[-105.2635302,40.0136232],[-105.263447,40.0135626],[-105.2634832,40.0135328],[-105.2634081,40.0134865],[-105.2634846,40.013428],[-105.2637059,40.0135872]]]}},{"type":"Feature","id":108337147,"properties":{"osmId":108337147,"category":"residential","building":"apartments","name":"Newton Court 2K","operator":"University of Colorado Boulder"},"geometry":{"type":"Polygon","coordinates":[[[-105.2641775,40.0136571],[-105.2642477,40.0136006],[-105.2644648,40.0137589],[-105.264387,40.0138215],[-105.2643162,40.0137699],[-105.2642879,40.0137926],[-105.2642038,40.0137313],[-105.2642397,40.0137025],[-105.2641775,40.0136571]]]}},{"type":"Feature","id":108337149,"properties":{"osmId":108337149,"category":"residential","building":"apartments","name":"Newton Court 2M","operator":"University of Colorado Boulder"},"geometry":{"type":"Polygon","coordinates":[[[-105.2638767,40.0135212],[-105.2640881,40.0136704],[-105.2640076,40.0137341],[-105.2639392,40.0136868],[-105.2639084,40.0137074],[-105.2638292,40.0136437],[-105.2638628,40.013616],[-105.2638047,40.0135779],[-105.2638767,40.0135212]]]}},{"type":"Feature","id":108337151,"properties":{"osmId":108337151,"category":"residential","building":"apartments","name":"Newton Court 2J","operator":"University of Colorado Boulder"},"geometry":{"type":"Polygon","coordinates":[[[-105.2645521,40.0137403],[-105.2646284,40.01368],[-105.2645561,40.0136303],[-105.264591,40.0136057],[-105.2645105,40.0135461],[-105.2644797,40.0135708],[-105.2644099,40.0135194],[-105.2643375,40.0135769],[-105.2645521,40.0137403]]]}},{"type":"Feature","id":108337943,"properties":{"osmId":108337943,"category":"residential","building":"apartments","name":"Newton Court 2Y","operator":"University of Colorado Boulder"},"geometry":{"type":"Polygon","coordinates":[[[-105.2648444,40.0127465],[-105.2649203,40.0126875],[-105.264856,40.0126391],[-105.2648863,40.0126155],[-105.2648028,40.0125526],[-105.2647707,40.0125776],[-105.264701,40.012525],[-105.264627,40.0125826],[-105.2648444,40.0127465]]]}},{"type":"Feature","id":108337947,"properties":{"osmId":108337947,"category":"residential","building":"apartments","name":"Newton Court 2U","operator":"University of Colorado Boulder"},"geometry":{"type":"Polygon","coordinates":[[[-105.2640297,40.0132257],[-105.2639486,40.0132855],[-105.2638856,40.0132354],[-105.2638521,40.0132602],[-105.2637672,40.0131928],[-105.2637979,40.0131702],[-105.2637294,40.0131158],[-105.2638134,40.0130538],[-105.2640297,40.0132257]]]}},{"type":"Feature","id":108337948,"properties":{"osmId":108337948,"category":"residential","building":"apartments","name":"Newton Court 2T","operator":"University of Colorado Boulder"},"geometry":{"type":"Polygon","coordinates":[[[-105.2641291,40.0132118],[-105.2639025,40.0130425],[-105.263975,40.0129856],[-105.2640427,40.0130361],[-105.264073,40.0130123],[-105.2641561,40.0130744],[-105.264123,40.0131005],[-105.2641987,40.0131571],[-105.2641291,40.0132118]]]}},{"type":"Feature","id":108337949,"properties":{"osmId":108337949,"category":"residential","building":"apartments","name":"Newton Court 2R","operator":"University of Colorado Boulder"},"geometry":{"type":"Polygon","coordinates":[[[-105.2644971,40.0132896],[-105.2645707,40.0132319],[-105.264506,40.0131835],[-105.2645386,40.0131579],[-105.2644543,40.0130948],[-105.2644206,40.0131212],[-105.2643524,40.0130701],[-105.2642798,40.013127],[-105.2644971,40.0132896]]]}},{"type":"Feature","id":108337950,"properties":{"osmId":108337950,"category":"residential","building":"apartments","name":"Newton Court 1B","operator":"University of Colorado Boulder"},"geometry":{"type":"Polygon","coordinates":[[[-105.2648498,40.0124067],[-105.2649436,40.0123329],[-105.2649809,40.0123606],[-105.2650389,40.0123149],[-105.2649826,40.012273],[-105.2650185,40.0122448],[-105.2649603,40.0122014],[-105.2649389,40.0122182],[-105.2648802,40.0121745],[-105.2647918,40.012244],[-105.2647416,40.0122066],[-105.2648277,40.0121388],[-105.2647698,40.0120957],[-105.2647933,40.0120773],[-105.264728,40.0120286],[-105.264702,40.012049],[-105.2646526,40.0120122],[-105.2645831,40.0120669],[-105.264615,40.0120907],[-105.2645225,40.0121635],[-105.2646328,40.0122457],[-105.2646079,40.0122653],[-105.2647237,40.0123516],[-105.2647491,40.0123316],[-105.2648498,40.0124067]]]}},{"type":"Feature","id":108337951,"properties":{"osmId":108337951,"category":"residential","building":"apartments","name":"Newton Court 1A","operator":"University of Colorado Boulder","short_name":"NTCT"},"geometry":{"type":"Polygon","coordinates":[[[-105.2645256,40.012434],[-105.2644138,40.0125201],[-105.2644367,40.0125375],[-105.2643301,40.0126196],[-105.2643127,40.0126064],[-105.2642101,40.0126855],[-105.2641203,40.0126171],[-105.2640854,40.012644],[-105.264017,40.0125919],[-105.2640716,40.0125498],[-105.2640501,40.0125335],[-105.2641038,40.0124921],[-105.2641179,40.0125028],[-105.2641754,40.0124586],[-105.2642626,40.012525],[-105.2643159,40.012484],[-105.2642188,40.01241],[-105.2642692,40.0123711],[-105.2642468,40.0123541],[-105.2643184,40.0122989],[-105.2643528,40.0123251],[-105.2644035,40.012286],[-105.2644763,40.0123414],[-105.2644404,40.012369],[-105.2645256,40.012434]]]}},{"type":"Feature","id":108337952,"properties":{"osmId":108337952,"category":"residential","building":"apartments","name":"Newton Court 2W","operator":"University of Colorado Boulder"},"geometry":{"type":"Polygon","coordinates":[[[-105.2647577,40.0128821],[-105.2648234,40.0128221],[-105.2648874,40.012868],[-105.2649209,40.0128415],[-105.265004,40.0129031],[-105.2649742,40.0129267],[-105.2650435,40.012978],[-105.2649626,40.013042],[-105.2647577,40.0128821]]]}},{"type":"Feature","id":108337953,"properties":{"osmId":108337953,"category":"residential","addr:city":"Boulder","addr:housenumber":"1475","addr:postcode":"80302","addr:state":"CO","addr:street":"Folsom Street","building":"apartments","building:levels":"3","name":"Newton Court 2V","operator":"University of Colorado Boulder"},"geometry":{"type":"Polygon","coordinates":[[[-105.2648619,40.0131657],[-105.2647935,40.0131145],[-105.2647573,40.0131429],[-105.2646718,40.0130789],[-105.2647046,40.0130532],[-105.2646411,40.0130056],[-105.2647198,40.0129439],[-105.2649373,40.0131065],[-105.2648619,40.0131657]]]}},{"type":"Feature","id":119524744,"properties":{"osmId":119524744,"category":"other","building":"yes","operator":"University of Colorado Boulder"},"geometry":{"type":"Polygon","coordinates":[[[-105.2661924,40.0140474],[-105.2660639,40.0140492],[-105.266059,40.0138497],[-105.2661875,40.0138478],[-105.2661924,40.0140474]]]}},{"type":"Feature","id":119524746,"properties":{"osmId":119524746,"category":"academic","building":"yes","name":"Wulsin Hall"},"geometry":{"type":"Polygon","coordinates":[[[-105.2667527,40.0144192],[-105.2664216,40.0144203],[-105.2664203,40.0141913],[-105.2665171,40.014191],[-105.2665176,40.0142728],[-105.2667519,40.014272],[-105.2667527,40.0144192]]]}},{"type":"Feature","id":119524747,"properties":{"osmId":119524747,"category":"library","amenity":"library","building":"yes","name":"Allen Ginsberg Library","opening_hours":"Mo-Th 09:00-16:00","website":"https://www.naropa.edu/academics/library/about-the-library/","wikidata":"Q7075"},"geometry":{"type":"Polygon","coordinates":[[[-105.2665174,40.0141752],[-105.2663163,40.0141764],[-105.2663138,40.0139413],[-105.2665149,40.0139401],[-105.2665174,40.0141752]]]}},{"type":"Feature","id":119524749,"properties":{"osmId":119524749,"category":"other","addr:city":"Boulder","addr:housenumber":"2202","addr:postcode":"80309","addr:state":"CO","addr:street":"Arapahoe Avenue","building":"yes","description":"Main offices of pre-school center for children of family housing residents","name":"Family Housing Children's Center","operator":"University of Colorado Boulder","phone":"+1-303-492-6185","short_name":"DACR","source":"esri_USDOT_ColoradoOITGIS","url":"http://childcare.colorado.edu/"},"geometry":{"type":"Polygon","coordinates":[[[-105.2660636,40.0143196],[-105.2660461,40.0143052],[-105.266032,40.0143186],[-105.2659925,40.0143185],[-105.2659764,40.0143041],[-105.2659549,40.0143196],[-105.2658734,40.0142571],[-105.2658597,40.0142466],[-105.2660153,40.0141336],[-105.2660032,40.0141223],[-105.2660461,40.0140874],[-105.2660609,40.0140987],[-105.2660971,40.014071],[-105.2661936,40.0141398],[-105.2661782,40.0141533],[-105.2661977,40.0141665],[-105.266199,40.0141912],[-105.2661078,40.0142559],[-105.2661232,40.0142755],[-105.2660636,40.0143196]]]}},{"type":"Feature","id":119524750,"properties":{"osmId":119524750,"category":"academic","addr:city":"Boulder","addr:housenumber":"2130","addr:postcode":"80302","addr:state":"CO","addr:street":"Arapahoe Avenue","building":"yes","name":"Lincoln Building","source":"esri_USDOT_ColoradoOITGIS"},"geometry":{"type":"Polygon","coordinates":[[[-105.2672008,40.0143166],[-105.2670386,40.0143164],[-105.2668775,40.0143162],[-105.2668779,40.0141677],[-105.2672011,40.0141681],[-105.2672008,40.0143166]]]}},{"type":"Feature","id":127844023,"properties":{"osmId":127844023,"category":"other","addr:city":"Boulder","addr:housenumber":"3300","addr:postcode":"80301","addr:state":"CO","addr:street":"Walnut Street","building":"warehouse","name":"CU Distribution Center","operator":"University of Colorado Boulder","short_name":"WALN","source":"esri_USDOT_ColoradoOITGIS"},"geometry":{"type":"Polygon","coordinates":[[[-105.2494627,40.0197815],[-105.2496121,40.0193161],[-105.2493582,40.0192683],[-105.2493648,40.0192477],[-105.2495853,40.0185609],[-105.2486825,40.0183909],[-105.2486504,40.0184909],[-105.248357,40.0184357],[-105.2480584,40.019366],[-105.2490146,40.0195461],[-105.2489688,40.0196885],[-105.2494627,40.0197815]]]}},{"type":"Feature","id":136249436,"properties":{"osmId":136249436,"category":"other","addr:city":"Boulder","addr:housenumber":"995","addr:state":"CO","addr:street":"Regent Drive","building":"yes","building:levels":"4","building:material":"sandstone","description":"The newly rebuilt home of the LEEDS School of Business.","ele":"1639","gnis:feature_id":"2095648","name":"Koelbel Building/Leeds School of Business","operator":"University of Colorado Boulder","roof:material":"roof_tiles","short_name":"KOBL","wikidata":"Q6516092","wikipedia":"en:Leeds School of Business"},"geometry":{"type":"Polygon","coordinates":[[[-105.2634114,40.0052939],[-105.2634122,40.0052813],[-105.2634184,40.0052697],[-105.2634293,40.0052604],[-105.2634436,40.0052543],[-105.2634597,40.0052522],[-105.2634759,40.0052544],[-105.2634901,40.0052605],[-105.2635009,40.00527],[-105.263507,40.0052816],[-105.2635077,40.0052941],[-105.2635436,40.0052942],[-105.2636275,40.0052945],[-105.2636277,40.0053501],[-105.2638027,40.0053497],[-105.2638033,40.0055221],[-105.2637319,40.0055222],[-105.263732,40.0055412],[-105.2637321,40.0055789],[-105.2636519,40.005579],[-105.2636599,40.0056041],[-105.2636521,40.0056187],[-105.2637075,40.0056185],[-105.2637089,40.0059669],[-105.2637736,40.0059668],[-105.2637738,40.0059989],[-105.2637739,40.006032],[-105.2637073,40.0060322],[-105.2637077,40.0061493],[-105.2635701,40.0061738],[-105.2632077,40.0061497],[-105.2632059,40.0056601],[-105.2632057,40.0056185],[-105.2632671,40.0056184],[-105.2632667,40.0055182],[-105.2631191,40.0055186],[-105.2631184,40.0053478],[-105.2632902,40.0053474],[-105.26329,40.0052935],[-105.2634114,40.0052939]]]}},{"type":"Feature","id":144846999,"properties":{"osmId":144846999,"category":"library","addr:city":"Boulder","addr:housenumber":"1000;1001","addr:postcode":"80302","addr:state":"CO","addr:street":"Arapahoe Avenue","amenity":"library","building":"public","building:levels":"2","ele":"1632","layer":"1","name":"Boulder Public Library - Main Branch","opening_hours":"Mo-Th 09:00-19:00; Fr 09:00-17:00; Su 12:00-17:00; Sa 10:00-17:00","source":"esri_USDOT_ColoradoOITGIS;https://boulderlibrary.org/locations/main/","website":"https://boulderlibrary.org/","wikidata":"Q16984990","wikipedia":"en:Boulder Public Library"},"geometry":{"type":"Polygon","coordinates":[[[-105.2812398,40.0138983],[-105.2812178,40.0138445],[-105.281197,40.0137937],[-105.2812636,40.0137785],[-105.2813324,40.0137629],[-105.2813277,40.0137485],[-105.2818883,40.013636],[-105.2820177,40.0140082],[-105.2819922,40.0140133],[-105.2820224,40.0141003],[-105.2820533,40.014094],[-105.2820645,40.0141261],[-105.2820921,40.0141205],[-105.2821513,40.0142909],[-105.2821116,40.014299],[-105.2821767,40.0144865],[-105.2821924,40.0145316],[-105.2822043,40.0145657],[-105.282161,40.0145746],[-105.2821794,40.0146276],[-105.2823973,40.0145832],[-105.2824407,40.0147082],[-105.2826038,40.014675],[-105.2826621,40.0148426],[-105.2824998,40.0148757],[-105.2825445,40.0150044],[-105.2820698,40.0151012],[-105.281998,40.0148946],[-105.2819189,40.0146669],[-105.2821448,40.0146208],[-105.2821065,40.0145105],[-105.2820411,40.0143224],[-105.2818634,40.0143586],[-105.2817904,40.0141484],[-105.2818426,40.0141378],[-105.2818076,40.0140369],[-105.2817317,40.0140438],[-105.2816555,40.0140391],[-105.2815821,40.014023],[-105.2815142,40.0139961],[-105.2814546,40.0139594],[-105.2814057,40.0139145],[-105.2813718,40.0138667],[-105.2812398,40.0138983]]]}},{"type":"Feature","id":149825017,"properties":{"osmId":149825017,"category":"academic","addr:city":"Boulder","addr:housenumber":"1125","addr:state":"CO","addr:street":"18th Street","building":"university","description":"Technology-driven building that is the home of the Film Studies Program, the National Center for Women & Information Technology, the ATLAS Assessment & Research Center, and the Technology, Arts & Media Program.","name":"ATLAS Center","operator":"University of Colorado Boulder","roof:material":"roof_tiles","short_name":"ATLS"},"geometry":{"type":"Polygon","coordinates":[[[-105.2696813,40.007632],[-105.269682,40.0074591],[-105.2698517,40.0074595],[-105.269853,40.0074091],[-105.2699002,40.0074087],[-105.2700524,40.0074076],[-105.2700683,40.0074574],[-105.2701555,40.0074576],[-105.2701555,40.0074766],[-105.2701548,40.0076421],[-105.2701542,40.0077948],[-105.2698972,40.0077943],[-105.2698974,40.0077541],[-105.269734,40.0077537],[-105.2697345,40.0076321],[-105.2696813,40.007632]]]}},{"type":"Feature","id":177431591,"properties":{"osmId":177431591,"category":"other","addr:city":"Boulder","addr:housenumber":"3381","addr:postcode":"80303","addr:state":"CO","addr:street":"Marine Street","building":"yes","building:levels":"1","description":"Housing department support services.","name":"Housing System Service Center","operator":"University of Colorado Boulder","short_name":"HSSC","source":"esri_USDOT_ColoradoOITGIS"},"geometry":{"type":"Polygon","coordinates":[[[-105.2495051,40.0138314],[-105.2495045,40.0137574],[-105.2489234,40.0137557],[-105.2489161,40.0141391],[-105.2495036,40.0141356],[-105.2495051,40.0138314]]]}},{"type":"Feature","id":177431592,"properties":{"osmId":177431592,"category":"other","building":"yes","building:levels":"2","description":"ASSETT, Center for Human Function and Work, Graduate School of Banking, OIT, PBA, Public Safety, Emergency Management, Risk Management, Science Discovery, USGS.","name":"Research Laboratory No. 6;Marine Street Science Center","operator":"University of Colorado Boulder","short_name":"MSSC"},"geometry":{"type":"Polygon","coordinates":[[[-105.250925,40.0139442],[-105.2509262,40.0138092],[-105.2508422,40.0138089],[-105.2508421,40.0138353],[-105.25065,40.0138348],[-105.250604,40.0138346],[-105.2506045,40.0137278],[-105.2504798,40.0137275],[-105.2504796,40.0137724],[-105.2504366,40.0137723],[-105.2503929,40.0137722],[-105.2503931,40.013729],[-105.2502695,40.0137287],[-105.250269,40.0138335],[-105.2502585,40.0138335],[-105.249871,40.0138324],[-105.2495051,40.0138314],[-105.2495036,40.0141356],[-105.2509252,40.0141393],[-105.250925,40.0139442]]]}},{"type":"Feature","id":177431594,"properties":{"osmId":177431594,"category":"other","addr:city":"Boulder","addr:housenumber":"3205","addr:state":"CO","addr:street":"Marine Street","building":"yes","description":"Transportation services including leasing, campus bus operations.","name":"Transportation Center and Annex","operator":"University of Colorado Boulder","short_name":"TRAN"},"geometry":{"type":"Polygon","coordinates":[[[-105.2514673,40.0141176],[-105.2514672,40.013944],[-105.250925,40.0139442],[-105.2509252,40.0141393],[-105.2513606,40.0141391],[-105.2513606,40.0141176],[-105.2514673,40.0141176]]]}},{"type":"Feature","id":177434080,"properties":{"osmId":177434080,"category":"other","building":"yes","description":"Reseach facility, not open for visits.","name":"Research Park Greenhouse","operator":"University of Colorado Boulder","short_name":"GH-3"},"geometry":{"type":"Polygon","coordinates":[[[-105.2527036,40.0107207],[-105.2527018,40.0105493],[-105.2525879,40.0105493],[-105.2525873,40.0105222],[-105.2523515,40.0105226],[-105.2523515,40.0105502],[-105.252237,40.0105502],[-105.2522376,40.0107229],[-105.2523526,40.0107225],[-105.2523544,40.0107923],[-105.2525903,40.0107914],[-105.2525908,40.0107207],[-105.2527036,40.0107207]]]}},{"type":"Feature","id":177434810,"properties":{"osmId":177434810,"category":"academic","building":"university","building:levels":"4","building:material":"sandstone","description":"330,000-square-foot research and teaching facility on East Campus containing the Biofrontiers Institute, Chemical and Biological Engineering, and Biochemistry.","name":"Jennie Smoly Caruthers Biotec Building","operator":"University of Colorado Boulder","roof:material":"roof_tiles","short_name":"BIOT"},"geometry":{"type":"Polygon","coordinates":[[[-105.2492217,40.0090248],[-105.2492211,40.0087642],[-105.2494978,40.0087638],[-105.2494973,40.008531],[-105.2494466,40.0085311],[-105.2494465,40.0084828],[-105.249264,40.008483],[-105.2492639,40.0084392],[-105.249227,40.0084392],[-105.2492265,40.0081849],[-105.2494945,40.0081835],[-105.2494973,40.0079851],[-105.2498401,40.0079852],[-105.2498387,40.0079352],[-105.2498118,40.0079352],[-105.2497864,40.0079352],[-105.2497897,40.0077601],[-105.2498401,40.0077589],[-105.2498407,40.0077123],[-105.2496603,40.0077195],[-105.2496589,40.0077365],[-105.249409,40.0077377],[-105.249412,40.0078985],[-105.2491714,40.0078984],[-105.2491302,40.0078995],[-105.2491299,40.007761],[-105.2491298,40.0077378],[-105.2489279,40.0077381],[-105.2489279,40.0077588],[-105.2486511,40.0077592],[-105.2486514,40.0078961],[-105.2485547,40.0078962],[-105.2485548,40.0079603],[-105.248554,40.0080055],[-105.2487016,40.0080059],[-105.2489269,40.0080065],[-105.2489282,40.0081647],[-105.2486573,40.0081657],[-105.2486591,40.0084182],[-105.2489344,40.0084187],[-105.2489317,40.0084449],[-105.2489351,40.0087412],[-105.2486336,40.0087416],[-105.2486342,40.0090256],[-105.2489494,40.0090252],[-105.2492217,40.0090248]]]}},{"type":"Feature","id":194217265,"properties":{"osmId":194217265,"category":"other","access":"private","amenity":"parking","building":"roof","layer":"-1","operator":"University of Colorado Boulder","parking":"underground","ref":"327"},"geometry":{"type":"Polygon","coordinates":[[[-105.2660657,40.0041569],[-105.265458,40.0041565],[-105.2654582,40.0040729],[-105.265618,40.004073],[-105.2656181,40.0040423],[-105.2660658,40.0040426],[-105.2660657,40.0041011],[-105.2660657,40.0041569]]]}},{"type":"Feature","id":200501902,"properties":{"osmId":200501902,"category":"residential","addr:city":"Boulder","addr:housenumber":"602","addr:postcode":"80303","addr:state":"CO","addr:street":"30th Street","building":"dormitory","building:levels":"13","building:material":"sandstone","name":"Stearns West Hall","note":"Guessed # of building levels from arial imagery","operator":"University of Colorado Boulder","short_name":"STNW","smoking":"no"},"geometry":{"type":"Polygon","coordinates":[[[-105.2520053,39.999194],[-105.2520132,39.999194],[-105.2520132,39.9991821],[-105.2520131,39.9991313],[-105.2520511,39.9991313],[-105.2520511,39.9991372],[-105.2520682,39.9991372],[-105.2520682,39.9991186],[-105.2521179,39.9991186],[-105.2521179,39.9991445],[-105.2521686,39.9991444],[-105.2521685,39.9991156],[-105.25221,39.9991137],[-105.2522688,39.9991155],[-105.2522688,39.9991535],[-105.2522927,39.9991535],[-105.2522928,39.9991916],[-105.2522792,39.9991916],[-105.2522793,39.999256],[-105.2522277,39.9992561],[-105.2522278,39.9992706],[-105.2521796,39.9992707],[-105.2521795,39.9992417],[-105.2521153,39.9992418],[-105.2521154,39.9992664],[-105.2521433,39.9992664],[-105.2521433,39.9993209],[-105.2521172,39.999321],[-105.2521173,39.9993454],[-105.2521864,39.9993454],[-105.2521864,39.9993579],[-105.2522416,39.9993578],[-105.2522417,39.9993864],[-105.2522357,39.9993864],[-105.2522358,39.999394],[-105.2522651,39.9993939],[-105.2522652,39.9994259],[-105.2522441,39.9994259],[-105.2522441,39.9994355],[-105.2522515,39.9994355],[-105.2522516,39.9994872],[-105.2522038,39.9994873],[-105.2522037,39.99948],[-105.2521898,39.99948],[-105.2521899,39.9994994],[-105.2521386,39.9994995],[-105.2521386,39.9994568],[-105.2521284,39.9994569],[-105.2521284,39.9994695],[-105.2520914,39.9994696],[-105.2520914,39.9994585],[-105.2520806,39.9994585],[-105.2520806,39.9994975],[-105.2519852,39.9994975],[-105.2519851,39.9994709],[-105.2519586,39.9994709],[-105.2519585,39.9993976],[-105.2520092,39.9993975],[-105.2520091,39.9993673],[-105.2519607,39.9993674],[-105.2519606,39.9993296],[-105.2520326,39.9993296],[-105.2520325,39.9992975],[-105.2520764,39.9992974],[-105.2520764,39.9992679],[-105.2520444,39.999268],[-105.2520444,39.9992325],[-105.2519919,39.9992326],[-105.2519918,39.999194],[-105.2520053,39.999194]]]}},{"type":"Feature","id":200501908,"properties":{"osmId":200501908,"category":"residential","addr:city":"Boulder","addr:housenumber":"3300","addr:postcode":"80310","addr:state":"CO","addr:street":"Baseline Road","building":"apartments","building:levels":"6","building:material":"sandstone","name":"Williams Village North Hall","operator":"University of Colorado Boulder","short_name":"WVN"},"geometry":{"type":"Polygon","coordinates":[[[-105.2508008,39.9990776],[-105.2507633,39.9990782],[-105.2507633,39.9991222],[-105.2506307,39.9991222],[-105.2506284,39.9990881],[-105.2505993,39.9990881],[-105.250597,39.9989555],[-105.2504399,39.9989584],[-105.2504399,39.9989743],[-105.2502775,39.9989731],[-105.2502767,39.9989561],[-105.2500775,39.9989561],[-105.250076,39.999121],[-105.2499143,39.9991198],[-105.2499135,39.9990881],[-105.2498461,39.999087],[-105.2498459,39.9989626],[-105.2498705,39.9989627],[-105.2498713,39.9988547],[-105.2498714,39.9988477],[-105.2499279,39.998848],[-105.2499281,39.9988316],[-105.2502181,39.9988329],[-105.2502191,39.9987123],[-105.2500849,39.9987117],[-105.2500852,39.9986683],[-105.250052,39.9986682],[-105.2500528,39.9985658],[-105.2501003,39.998566],[-105.2501004,39.9985491],[-105.2502748,39.9985499],[-105.2502752,39.9985898],[-105.2503327,39.9985916],[-105.2503319,39.9985543],[-105.2506113,39.9985556],[-105.2506109,39.9986087],[-105.2506828,39.9986086],[-105.2506828,39.9987137],[-105.2504323,39.9987131],[-105.250433,39.9988322],[-105.2506905,39.998831],[-105.2506912,39.9988528],[-105.2508088,39.998852],[-105.25081,39.9989103],[-105.2508008,39.9989109],[-105.2508008,39.9990776]]]}},{"type":"Feature","id":200501912,"properties":{"osmId":200501912,"category":"other","addr:city":"Boulder","addr:housenumber":"3200","addr:state":"CO","addr:street":"Baseline Road","building":"industrial","building:levels":"2","name":"Williams Village Heating Plant","operator":"University of Colorado Boulder","short_name":"WVHP"},"geometry":{"type":"Polygon","coordinates":[[[-105.2511984,39.9992754],[-105.2511983,39.9993131],[-105.2513049,39.999313],[-105.2513047,39.9995018],[-105.2511628,39.9995018],[-105.2511627,39.9995214],[-105.2510534,39.9995214],[-105.2510534,39.9995012],[-105.2509142,39.9995012],[-105.2509145,39.9993067],[-105.2510791,39.9993067],[-105.2510792,39.9992755],[-105.2511984,39.9992754]]]}},{"type":"Feature","id":200947748,"properties":{"osmId":200947748,"category":"residential","addr:city":"Boulder","addr:housenumber":"3225","addr:state":"CO","addr:street":"Apache Road","building":"residential","building:levels":"2","building:material":"sandstone","name":"Williams Village Recreational Center","operator":"University of Colorado Boulder","short_name":"WVRC"},"geometry":{"type":"Polygon","coordinates":[[[-105.2515132,39.997992],[-105.2515141,39.9983057],[-105.2513171,39.9983063],[-105.2513171,39.9979926],[-105.2515132,39.997992]]]}},{"type":"Feature","id":203538393,"properties":{"osmId":203538393,"category":"residential","building":"apartments","name":"A3","operator":"University of Colorado Boulder"},"geometry":{"type":"Polygon","coordinates":[[[-105.2531993,40.0101921],[-105.2532002,40.0100768],[-105.2530721,40.0100762],[-105.2530723,40.0100613],[-105.252862,40.0100604],[-105.2528621,40.0100472],[-105.2526757,40.0100464],[-105.2526758,40.0100321],[-105.2525434,40.0100316],[-105.2525426,40.0101499],[-105.2526684,40.0101504],[-105.2526683,40.0101631],[-105.2528781,40.010164],[-105.2528781,40.0101771],[-105.2530884,40.010178],[-105.2530883,40.0101916],[-105.2531993,40.0101921]]]}},{"type":"Feature","id":203538394,"properties":{"osmId":203538394,"category":"residential","building":"apartments","name":"A2","operator":"University of Colorado Boulder"},"geometry":{"type":"Polygon","coordinates":[[[-105.2531941,40.0088533],[-105.2531949,40.008738],[-105.2530669,40.0087375],[-105.253067,40.0087225],[-105.2528567,40.0087216],[-105.2528568,40.0087085],[-105.2526704,40.0087077],[-105.2526706,40.0086934],[-105.2525382,40.0086928],[-105.2525373,40.0088112],[-105.2526632,40.0088117],[-105.2526631,40.0088243],[-105.2528729,40.0088252],[-105.2528728,40.0088383],[-105.2530831,40.0088392],[-105.253083,40.0088529],[-105.2531941,40.0088533]]]}},{"type":"Feature","id":203538395,"properties":{"osmId":203538395,"category":"residential","building":"apartments","building:levels":"3","name":"B2","operator":"University of Colorado Boulder"},"geometry":{"type":"Polygon","coordinates":[[[-105.2520697,40.0085405],[-105.2520697,40.0082136],[-105.2518325,40.0082136],[-105.2518326,40.0085405],[-105.2520697,40.0085405]]]}},{"type":"Feature","id":203538396,"properties":{"osmId":203538396,"category":"residential","building":"apartments","name":"D6","operator":"University of Colorado Boulder"},"geometry":{"type":"Polygon","coordinates":[[[-105.2527031,40.0095383],[-105.2527054,40.0093489],[-105.2525678,40.009348],[-105.2525656,40.0095373],[-105.2527031,40.0095383]]]}},{"type":"Feature","id":203538397,"properties":{"osmId":203538397,"category":"residential","building":"apartments","name":"E3","operator":"University of Colorado Boulder"},"geometry":{"type":"Polygon","coordinates":[[[-105.2525566,40.0098027],[-105.2525577,40.0095654],[-105.252347,40.0095649],[-105.2523465,40.0096736],[-105.2523464,40.0097111],[-105.252346,40.0098022],[-105.2525566,40.0098027]]]}},{"type":"Feature","id":203538398,"properties":{"osmId":203538398,"category":"residential","addr:city":"Boulder","addr:housenumber":"1300","addr:postcode":"80303","addr:state":"CO","addr:street":"30th Street","addr:unit":"D714","building":"apartments","building:flats":"4","building:levels":"2","name":"D7","operator":"University of Colorado Boulder"},"geometry":{"type":"Polygon","coordinates":[[[-105.2529137,40.0098362],[-105.2529145,40.0097342],[-105.2526238,40.0097328],[-105.252623,40.0098348],[-105.2529137,40.0098362]]]}},{"type":"Feature","id":203538399,"properties":{"osmId":203538399,"category":"residential","building":"apartments","name":"D3","operator":"University of Colorado Boulder","short_name":"SMCT"},"geometry":{"type":"Polygon","coordinates":[[[-105.2531041,40.0092908],[-105.2532443,40.0092927],[-105.2532488,40.0091068],[-105.2531086,40.0091048],[-105.2531041,40.0092908]]]}},{"type":"Feature","id":203538400,"properties":{"osmId":203538400,"category":"residential","building":"apartments","name":"D8","operator":"University of Colorado Boulder"},"geometry":{"type":"Polygon","coordinates":[[[-105.2524832,40.0100865],[-105.2524832,40.0098938],[-105.2523482,40.0098938],[-105.2523482,40.0100865],[-105.2524832,40.0100865]]]}},{"type":"Feature","id":203538401,"properties":{"osmId":203538401,"category":"residential","building":"apartments","name":"E1","operator":"University of Colorado Boulder"},"geometry":{"type":"Polygon","coordinates":[[[-105.2526345,40.0086323],[-105.2526356,40.008395],[-105.2524249,40.0083945],[-105.2524244,40.0085189],[-105.2524239,40.0086318],[-105.2526345,40.0086323]]]}},{"type":"Feature","id":203538403,"properties":{"osmId":203538403,"category":"residential","building":"apartments","name":"B1","operator":"University of Colorado Boulder"},"geometry":{"type":"Polygon","coordinates":[[[-105.2523518,40.0081725],[-105.2523517,40.0078456],[-105.2521146,40.0078456],[-105.2521146,40.0081725],[-105.2523518,40.0081725]]]}},{"type":"Feature","id":203538404,"properties":{"osmId":203538404,"category":"residential","building":"apartments","name":"D4","operator":"University of Colorado Boulder"},"geometry":{"type":"Polygon","coordinates":[[[-105.2532427,40.0099688],[-105.2532539,40.0096936],[-105.2531102,40.0096901],[-105.253099,40.0099654],[-105.2532427,40.0099688]]]}},{"type":"Feature","id":203538405,"properties":{"osmId":203538405,"category":"residential","building":"apartments","building:levels":"3","name":"B4","operator":"University of Colorado Boulder"},"geometry":{"type":"Polygon","coordinates":[[[-105.2521324,40.0097619],[-105.2521323,40.009435],[-105.2518952,40.009435],[-105.2518953,40.0097619],[-105.2521324,40.0097619]]]}},{"type":"Feature","id":203538406,"properties":{"osmId":203538406,"category":"residential","building":"apartments","name":"D2","operator":"University of Colorado Boulder"},"geometry":{"type":"Polygon","coordinates":[[[-105.2531945,40.0090433],[-105.2531941,40.0089426],[-105.2528554,40.0089436],[-105.2528559,40.0090442],[-105.2531945,40.0090433]]]}},{"type":"Feature","id":203538407,"properties":{"osmId":203538407,"category":"residential","building":"apartments","building:levels":"3","name":"B3","operator":"University of Colorado Boulder"},"geometry":{"type":"Polygon","coordinates":[[[-105.2522093,40.0089082],[-105.2522092,40.0085813],[-105.2519721,40.0085813],[-105.2519721,40.0089082],[-105.2522093,40.0089082]]]}},{"type":"Feature","id":203538408,"properties":{"osmId":203538408,"category":"residential","building":"apartments","name":"E2","operator":"University of Colorado Boulder"},"geometry":{"type":"Polygon","coordinates":[[[-105.2526785,40.009308],[-105.2526795,40.0090707],[-105.2524689,40.0090702],[-105.2524678,40.0093075],[-105.2526785,40.009308]]]}},{"type":"Feature","id":203538983,"properties":{"osmId":203538983,"category":"residential","building":"apartments","name":"D1","operator":"University of Colorado Boulder"},"geometry":{"type":"Polygon","coordinates":[[[-105.2532126,40.0082892],[-105.2530784,40.0082901],[-105.2530762,40.0081013],[-105.2532105,40.0081004],[-105.2532126,40.0082892]]]}},{"type":"Feature","id":203538984,"properties":{"osmId":203538984,"category":"residential","building":"apartments","name":"A1","operator":"University of Colorado Boulder"},"geometry":{"type":"Polygon","coordinates":[[[-105.2532128,40.0080627],[-105.2528658,40.008066],[-105.2527536,40.0080671],[-105.252752,40.0079703],[-105.2528658,40.0079692],[-105.2532112,40.0079659],[-105.2532128,40.0080627]]]}},{"type":"Feature","id":203538985,"properties":{"osmId":203538985,"category":"residential","building":"apartments","name":"D5","operator":"University of Colorado Boulder"},"geometry":{"type":"Polygon","coordinates":[[[-105.2525662,40.0082811],[-105.2527071,40.008282],[-105.2527102,40.0080083],[-105.2525693,40.0080073],[-105.2525662,40.0082811]]]}},{"type":"Feature","id":203538986,"properties":{"osmId":203538986,"category":"residential","building":"apartments","building:levels":"2","name":"D9","operator":"University of Colorado Boulder"},"geometry":{"type":"Polygon","coordinates":[[[-105.2517902,40.00769],[-105.25179,40.0077933],[-105.2522438,40.0077938],[-105.252244,40.0076905],[-105.2517902,40.00769]]]}},{"type":"Feature","id":203538987,"properties":{"osmId":203538987,"category":"residential","building":"apartments","building:levels":"2","name":"D10","operator":"University of Colorado Boulder"},"geometry":{"type":"Polygon","coordinates":[[[-105.252009,40.0093744],[-105.2516433,40.0093763],[-105.2516425,40.009278],[-105.2520081,40.0092761],[-105.252009,40.0093744]]]}},{"type":"Feature","id":203657374,"properties":{"osmId":203657374,"category":"other","addr:city":"Boulder","addr:housenumber":"1995","addr:state":"CO","addr:street":"Colorado Avenue","building":"yes","building:levels":"8","building:material":"sandstone","description":"Classroom and laboratory space for the Department of Psychology","ele":"1637","gnis:feature_id":"2095582","height":"38","name":"Balch Fieldhouse","operator":"University of Colorado Boulder","short_name":"FH","wikidata":"Q4850236","wikipedia":"en:Balch Fieldhouse"},"geometry":{"type":"Polygon","coordinates":[[[-105.2681707,40.0093351],[-105.2681705,40.0091805],[-105.2681701,40.009109],[-105.2681698,40.0090371],[-105.2680457,40.0090375],[-105.2680447,40.0090287],[-105.2679298,40.0090285],[-105.2679083,40.0090286],[-105.2678277,40.0090288],[-105.2678104,40.0090288],[-105.2678073,40.0090289],[-105.2678077,40.0090379],[-105.2676898,40.0090389],[-105.2676906,40.0091107],[-105.267691,40.0091496],[-105.267691,40.0091521],[-105.2676911,40.0091825],[-105.2676924,40.0096906],[-105.2676923,40.0097072],[-105.2676923,40.0097097],[-105.2676931,40.0097621],[-105.2676931,40.0097643],[-105.2676935,40.0098323],[-105.267786,40.0098325],[-105.2678117,40.0098327],[-105.2678119,40.0098429],[-105.2679316,40.0098433],[-105.2680505,40.0098429],[-105.2680504,40.0098333],[-105.2681739,40.0098324],[-105.2681736,40.0098061],[-105.2681737,40.0097609],[-105.2681733,40.0096898],[-105.2681718,40.0095595],[-105.2681707,40.0093351]]]}},{"type":"Feature","id":203657375,"properties":{"osmId":203657375,"category":"academic","addr:city":"Boulder","addr:housenumber":"1610","addr:state":"CO","addr:street":"Pleasant Street","building":"university","building:material":"sandstone","description":"New arts and sciences facility with state-of-the-art instructional technology.","ele":"1648","gnis:feature_id":"2095622","name":"Eaton Humanities","operator":"University of Colorado Boulder","roof:material":"roof_tiles","short_name":"HUMN"},"geometry":{"type":"Polygon","coordinates":[[[-105.2716484,40.0090824],[-105.271638,40.0090778],[-105.2716256,40.0090776],[-105.2716038,40.0090828],[-105.2715893,40.0090935],[-105.2715848,40.0091056],[-105.2715836,40.0091208],[-105.2715937,40.0091314],[-105.2716047,40.0091378],[-105.271624,40.0091448],[-105.2716243,40.009156],[-105.2715607,40.009159],[-105.2715608,40.0091661],[-105.2715333,40.0091782],[-105.2715144,40.0091977],[-105.2715045,40.0092176],[-105.2715027,40.0092381],[-105.2715089,40.0092614],[-105.2715229,40.0092793],[-105.2715415,40.0092941],[-105.2715617,40.0093012],[-105.2715609,40.0093134],[-105.2716478,40.0093128],[-105.2716472,40.0093233],[-105.2717474,40.0093231],[-105.2721261,40.0093219],[-105.2721262,40.0092609],[-105.2721271,40.0092122],[-105.2721266,40.0091735],[-105.2720925,40.0091724],[-105.2720915,40.0090806],[-105.2718422,40.0090832],[-105.2718422,40.0090681],[-105.2717463,40.0090693],[-105.2716483,40.00907],[-105.2716484,40.0090824]]]}},{"type":"Feature","id":203657393,"properties":{"osmId":203657393,"category":"other","building":"yes","operator":"University of Colorado Boulder"},"geometry":{"type":"Polygon","coordinates":[[[-105.2688006,40.0087152],[-105.2688005,40.0086861],[-105.2687005,40.0086862],[-105.2687005,40.0087012],[-105.2687005,40.0087153],[-105.2688006,40.0087152]]]}},{"type":"Feature","id":205305291,"properties":{"osmId":205305291,"category":"academic","addr:city":"Boulder","addr:housenumber":"1665","addr:state":"CO","addr:street":"Central Campus Mall","building":"university","ele":"1648","name":"Cooperative Institute for Research in Environmental Sciences Building","operator":"University of Colorado Boulder","short_name":"CIRE"},"geometry":{"type":"Polygon","coordinates":[[[-105.2713803,40.0078709],[-105.2713796,40.0077063],[-105.2715252,40.0077053],[-105.2715256,40.0077286],[-105.2715652,40.0077272],[-105.2715665,40.0077534],[-105.2715805,40.0077691],[-105.2715823,40.0078033],[-105.2715645,40.0078248],[-105.2715658,40.0078474],[-105.2715259,40.0078475],[-105.2715262,40.0078713],[-105.2713803,40.0078709]]]}},{"type":"Feature","id":205305292,"properties":{"osmId":205305292,"category":"academic","addr:city":"Boulder","addr:housenumber":"1606","addr:postcode":"80309","addr:state":"CO","addr:street":"Central Campus Mall","building":"university","building:material":"sandstone","description":"Classrooms, research centers, and the Chem 140 auditorium.","ele":"1648","name":"Cristol Chemistry and Biochemistry","operator":"University of Colorado Boulder","roof:material":"roof_tiles","short_name":"CHEM"},"geometry":{"type":"Polygon","coordinates":[[[-105.2709027,40.0071895],[-105.2711417,40.0071616],[-105.2711422,40.0071435],[-105.2712698,40.0071431],[-105.2712709,40.0072409],[-105.2712715,40.0073009],[-105.2713427,40.0073004],[-105.2713449,40.0075025],[-105.2710914,40.0075041],[-105.2710924,40.0075901],[-105.2714446,40.0075878],[-105.2714439,40.0075268],[-105.2718541,40.0075241],[-105.2718548,40.0075868],[-105.2720567,40.0075855],[-105.272058,40.0077019],[-105.2717965,40.0077036],[-105.2715252,40.0077053],[-105.2713796,40.0077063],[-105.2710905,40.0077081],[-105.2710911,40.0077609],[-105.271017,40.0077614],[-105.2710174,40.0078014],[-105.270901,40.0078022],[-105.2709008,40.0077861],[-105.2707605,40.0077871],[-105.2707597,40.0077197],[-105.2707772,40.0077196],[-105.270775,40.00752],[-105.2707971,40.0075205],[-105.2708769,40.0075193],[-105.2708767,40.0074987],[-105.2709059,40.0074985],[-105.2709054,40.0074577],[-105.2708899,40.0074578],[-105.2708887,40.0073567],[-105.2709031,40.0073566],[-105.2709035,40.0072808],[-105.2709014,40.0072112],[-105.2709027,40.0071895]]]}},{"type":"Feature","id":205668771,"properties":{"osmId":205668771,"category":"academic","addr:state":"CO","building":"university","building:levels":"3","name":"Aerospace Wing","operator":"University of Colorado Boulder","short_name":"ECAE"},"geometry":{"type":"Polygon","coordinates":[[[-105.2635671,40.0079927],[-105.2635018,40.0079926],[-105.2631198,40.0079925],[-105.2627069,40.0079923],[-105.262707,40.0078782],[-105.2627071,40.0077688],[-105.262885,40.0077696],[-105.2632784,40.0077697],[-105.2635672,40.0077699],[-105.2635671,40.0079927]]]}},{"type":"Feature","id":205668772,"properties":{"osmId":205668772,"category":"academic","addr:state":"CO","building":"university","name":"Chemical Wing","operator":"University of Colorado Boulder","short_name":"ECCH"},"geometry":{"type":"Polygon","coordinates":[[[-105.2632084,40.0063896],[-105.2633878,40.0065442],[-105.2633875,40.0067203],[-105.2629565,40.0067201],[-105.2626695,40.00672],[-105.2626697,40.006498],[-105.2626698,40.0063891],[-105.2627313,40.0063891],[-105.2630421,40.0063894],[-105.2632084,40.0063896]]]}},{"type":"Feature","id":205668773,"properties":{"osmId":205668773,"category":"academic","addr:state":"CO","building":"university","name":"Civil & Environmental Wing","operator":"University of Colorado Boulder","short_name":"ECCE"},"geometry":{"type":"Polygon","coordinates":[[[-105.2622792,40.0066409],[-105.2622951,40.0066255],[-105.2623155,40.0066142],[-105.2623394,40.0066083],[-105.2623646,40.0066082],[-105.2623886,40.0066139],[-105.2624092,40.0066249],[-105.2624249,40.0066402],[-105.2624248,40.0068055],[-105.2624927,40.0068055],[-105.2629565,40.0068057],[-105.2630684,40.0068057],[-105.2630681,40.007189],[-105.263029,40.0071889],[-105.263029,40.0071373],[-105.2628545,40.0071373],[-105.2624251,40.0071358],[-105.2622789,40.007137],[-105.2622814,40.007085],[-105.2622815,40.0070315],[-105.2622792,40.0066409]]]}},{"type":"Feature","id":205668774,"properties":{"osmId":205668774,"category":"academic","addr:state":"CO","building":"university","building:levels":"2","building:levels:underground":"1","name":"Classroom Wing","operator":"University of Colorado Boulder","short_name":"ECCR"},"geometry":{"type":"Polygon","coordinates":[[[-105.2637478,40.0072432],[-105.2636015,40.007243],[-105.2636016,40.0071956],[-105.2636018,40.0070799],[-105.2633869,40.0070797],[-105.2633869,40.007077],[-105.2633874,40.0068059],[-105.2633875,40.0067203],[-105.2633878,40.0065442],[-105.2634667,40.0065443],[-105.2635269,40.0065444],[-105.263526,40.0067168],[-105.2637467,40.0067175],[-105.263747,40.0067448],[-105.2637108,40.0067444],[-105.2637114,40.0067887],[-105.2637129,40.0069081],[-105.2638576,40.0069082],[-105.2638573,40.0070771],[-105.2637481,40.007077],[-105.2637479,40.0071856],[-105.2637478,40.0072432]]]}},{"type":"Feature","id":205668775,"properties":{"osmId":205668775,"category":"academic","addr:state":"CO","building":"university","building:levels":"1","name":"Computer Science Department Wing","operator":"University of Colorado Boulder","short_name":"ECCS"},"geometry":{"type":"Polygon","coordinates":[[[-105.2638541,40.0067177],[-105.2637467,40.0067175],[-105.263526,40.0067168],[-105.2635269,40.0065444],[-105.2635279,40.0064682],[-105.2636709,40.0064694],[-105.2636711,40.0064576],[-105.263671,40.006413],[-105.2637108,40.006413],[-105.2637109,40.0064682],[-105.2638545,40.0064681],[-105.2638541,40.0067177]]]}},{"type":"Feature","id":205668776,"properties":{"osmId":205668776,"category":"academic","addr:state":"CO","building":"university","name":"Electrical Wing","operator":"University of Colorado Boulder","short_name":"ECEE"},"geometry":{"type":"Polygon","coordinates":[[[-105.2622069,40.0073507],[-105.2624195,40.0073508],[-105.2629957,40.007351],[-105.2629955,40.0076858],[-105.2628851,40.0076858],[-105.2627069,40.0076857],[-105.26232,40.0076856],[-105.2622067,40.0076855],[-105.2622068,40.0074918],[-105.2622068,40.0074343],[-105.2622069,40.0073507]]]}},{"type":"Feature","id":205668778,"properties":{"osmId":205668778,"category":"academic","addr:state":"CO","building":"university","building:levels":"2","faculty":"mechanical_engineering","name":"Mechanical Wing","operator":"University of Colorado Boulder","short_name":"ECME"},"geometry":{"type":"Polygon","coordinates":[[[-105.2635672,40.0077699],[-105.2638517,40.00777],[-105.2638519,40.0074895],[-105.2633207,40.0074893],[-105.2632786,40.0074893],[-105.2632786,40.007523],[-105.2632784,40.0076858],[-105.2632784,40.0077697],[-105.2635672,40.0077699]]]}},{"type":"Feature","id":205668779,"properties":{"osmId":205668779,"category":"academic","addr:state":"CO","building":"university","name":"North Tower","operator":"University of Colorado Boulder","short_name":"ECNT"},"geometry":{"type":"Polygon","coordinates":[[[-105.2632784,40.0077697],[-105.2632784,40.0076858],[-105.2629955,40.0076858],[-105.2628851,40.0076858],[-105.262885,40.0077696],[-105.2632784,40.0077697]]]}},{"type":"Feature","id":205668780,"properties":{"osmId":205668780,"category":"other","addr:state":"CO","building":"office","building:levels":"8","building:levels:underground":"1","name":"Office Tower","office":"educational_institution","operator":"University of Colorado Boulder","short_name":"ECOT"},"geometry":{"type":"Polygon","coordinates":[[[-105.2632786,40.0074683],[-105.2632786,40.0074893],[-105.2632786,40.007523],[-105.2632448,40.007523],[-105.2632448,40.007467],[-105.2631858,40.007467],[-105.2631859,40.0073529],[-105.2632431,40.0073529],[-105.2632432,40.0073032],[-105.2629957,40.0073031],[-105.2629551,40.0073031],[-105.2629551,40.0072499],[-105.2628853,40.0072498],[-105.2628853,40.0072221],[-105.2629567,40.0072221],[-105.2629568,40.0071889],[-105.263029,40.0071889],[-105.2630681,40.007189],[-105.2633142,40.0071894],[-105.263314,40.0071321],[-105.2633507,40.0071322],[-105.2633507,40.0070769],[-105.2633869,40.007077],[-105.2633869,40.0070797],[-105.2633846,40.0071289],[-105.2634483,40.0071283],[-105.2634481,40.0071956],[-105.2634479,40.007243],[-105.2633949,40.0072424],[-105.2633952,40.0072987],[-105.2635348,40.0072988],[-105.2635348,40.0073304],[-105.2636043,40.0073305],[-105.2636043,40.0073565],[-105.2635337,40.0073564],[-105.2635336,40.0074033],[-105.2633864,40.0074032],[-105.2633864,40.0073599],[-105.26332,40.0073599],[-105.2633199,40.0074683],[-105.2632786,40.0074683]]]}},{"type":"Feature","id":205668781,"properties":{"osmId":205668781,"category":"academic","addr:state":"CO","building":"university","name":"South Tower","operator":"University of Colorado Boulder","short_name":"ECST"},"geometry":{"type":"Polygon","coordinates":[[[-105.2633875,40.0067203],[-105.2629565,40.0067201],[-105.2629565,40.0068057],[-105.2630684,40.0068057],[-105.2633874,40.0068059],[-105.2633875,40.0067203]]]}},{"type":"Feature","id":205668783,"properties":{"osmId":205668783,"category":"academic","addr:state":"CO","building":"university","name":"Stores & Labs","operator":"University of Colorado Boulder","short_name":"ECSL"},"geometry":{"type":"Polygon","coordinates":[[[-105.2625653,40.0064979],[-105.2626697,40.006498],[-105.2626695,40.00672],[-105.2629565,40.0067201],[-105.2629565,40.0068057],[-105.2624927,40.0068055],[-105.2624927,40.0067176],[-105.2624928,40.0066645],[-105.2625268,40.0066645],[-105.2625267,40.0067175],[-105.2625651,40.0067175],[-105.2625653,40.0064979]]]}},{"type":"Feature","id":206436693,"properties":{"osmId":206436693,"category":"other","access":"private","addr:city":"Boulder","addr:housenumber":"1202","addr:state":"CO","addr:street":"University Avenue","building":"garage","landuse":"garages","name":"Alumni Center Garage Annex","operator":"University of Colorado Boulder","short_name":"ALMG"},"geometry":{"type":"Polygon","coordinates":[[[-105.2758836,40.0098374],[-105.275884,40.0097807],[-105.2757382,40.0097801],[-105.2756572,40.00978],[-105.2756322,40.0098043],[-105.2756306,40.0098356],[-105.2756607,40.0098608],[-105.2756992,40.0098611],[-105.2757378,40.0098368],[-105.2758836,40.0098374]]]}},{"type":"Feature","id":206450882,"properties":{"osmId":206450882,"category":"academic","addr:city":"Boulder","addr:housenumber":"1945","addr:state":"CO","addr:street":"Colorado Avenue","building":"university","building:levels":"5","building:material":"sandstone","ele":"1642","name":"Gold Biosciences Building","operator":"University of Colorado Boulder","roof:material":"roof_tiles","short_name":"GOLD"},"geometry":{"type":"Polygon","coordinates":[[[-105.2683105,40.0089397],[-105.2681056,40.0089399],[-105.2680967,40.0089405],[-105.2680961,40.0088421],[-105.2681043,40.008842],[-105.2681034,40.0087003],[-105.2681014,40.0083962],[-105.2682839,40.0083955],[-105.2682835,40.0084089],[-105.2683846,40.0084108],[-105.2683845,40.0085296],[-105.2683856,40.0087028],[-105.2683866,40.0088435],[-105.2683871,40.0089395],[-105.2683105,40.0089397]]]}},{"type":"Feature","id":206450883,"properties":{"osmId":206450883,"category":"academic","addr:city":"Boulder","addr:housenumber":"1905","addr:state":"CO","addr:street":"Colorado Avenue","building":"university","building:levels":"5","building:material":"sandstone","description":"Classroom and laboratory space for the Department of Psychology","ele":"1642","name":"Muenzinger Psychology","operator":"University of Colorado Boulder","roof:material":"roof_tiles","short_name":"MUEN"},"geometry":{"type":"Polygon","coordinates":[[[-105.2683846,40.0084108],[-105.2683852,40.0083936],[-105.2684221,40.0083957],[-105.2684222,40.0084061],[-105.2689291,40.0084047],[-105.2689669,40.0084046],[-105.2689666,40.0083667],[-105.2690095,40.0083665],[-105.2690095,40.0083741],[-105.2694336,40.0083725],[-105.2694335,40.0083647],[-105.2694712,40.0083646],[-105.2694718,40.0084552],[-105.2694721,40.0085017],[-105.2694335,40.0085018],[-105.2694337,40.0085314],[-105.2693148,40.0085319],[-105.2693149,40.0085464],[-105.269315,40.0085635],[-105.269343,40.0085634],[-105.2693434,40.0086219],[-105.2693151,40.008622],[-105.2693161,40.0087703],[-105.2693431,40.0087702],[-105.2693434,40.0088278],[-105.2692813,40.0088287],[-105.2692814,40.008844],[-105.2692824,40.0088653],[-105.2691943,40.0088655],[-105.2691964,40.0088448],[-105.2691963,40.0088272],[-105.2691169,40.0088275],[-105.2691166,40.0087829],[-105.2691156,40.0086286],[-105.2691152,40.0085616],[-105.2691699,40.0085614],[-105.2691697,40.0085263],[-105.269011,40.0085269],[-105.2688877,40.0085274],[-105.2688879,40.0085594],[-105.268843,40.0085595],[-105.2684206,40.0085618],[-105.2684203,40.008529],[-105.2683845,40.0085296],[-105.2683846,40.0084108]]]}},{"type":"Feature","id":206453460,"properties":{"osmId":206453460,"category":"other","addr:city":"Boulder","addr:housenumber":"2095","addr:state":"CO","addr:street":"Colorado Avenue","building":"yes","height":"0","name":"Stadium Ticket Building","operator":"University of Colorado Boulder","short_name":"STTB"},"geometry":{"type":"Polygon","coordinates":[[[-105.2655572,40.0085614],[-105.2655572,40.0085403],[-105.2655572,40.0085292],[-105.2655575,40.0084478],[-105.2655573,40.0084155],[-105.2655576,40.0083806],[-105.2655134,40.0083804],[-105.2655131,40.0084154],[-105.2655131,40.0085292],[-105.2655131,40.0085402],[-105.265513,40.0085615],[-105.2655572,40.0085614]]]}},{"type":"Feature","id":206682695,"properties":{"osmId":206682695,"category":"other","addr:city":"Boulder","addr:housenumber":"2005","addr:state":"CO","addr:street":"Baker Drive","building":"shed","building:material":"sandstone","name":"Baker Hall Ancillary Building","operator":"University of Colorado Boulder","roof:material":"roof_tiles","short_name":"TB75"},"geometry":{"type":"Polygon","coordinates":[[[-105.2679042,40.0065175],[-105.2679043,40.0065067],[-105.2679046,40.0064558],[-105.267763,40.0064551],[-105.267762,40.0065029],[-105.2677628,40.0065169],[-105.2679042,40.0065175]]]}},{"type":"Feature","id":206682696,"properties":{"osmId":206682696,"category":"academic","addr:city":"Boulder","building":"university","building:material":"sandstone","leisure":"sports_centre","name":"Basketball & Volleyball Practice Facility","operator":"University of Colorado Boulder","short_name":"BVPF"},"geometry":{"type":"Polygon","coordinates":[[[-105.2609182,40.0052512],[-105.2609975,40.0051901],[-105.2610781,40.0052541],[-105.2610874,40.0052612],[-105.2611638,40.0052601],[-105.2611653,40.0052968],[-105.2612491,40.0052991],[-105.2612491,40.0053587],[-105.2611907,40.0053576],[-105.2611886,40.0053962],[-105.2611877,40.0054342],[-105.2612042,40.0054344],[-105.2612027,40.005501],[-105.2611293,40.005501],[-105.2611293,40.0055377],[-105.2607889,40.0055395],[-105.260698,40.00554],[-105.260698,40.0054952],[-105.2604974,40.0054975],[-105.2604959,40.0055124],[-105.2603835,40.0055159],[-105.260391,40.0051729],[-105.2604464,40.0051729],[-105.2604479,40.0051494],[-105.2607868,40.0051485],[-105.2609182,40.0052512]]]}},{"type":"Feature","id":206682697,"properties":{"osmId":206682697,"category":"residential","addr:city":"Boulder","addr:housenumber":"2501","addr:postcode":"80302","addr:state":"CO","addr:street":"Colorado Avenue","building":"house","description":"Home of Engineering's Herbst Humanities Program","name":"Lesser House","operator":"University of Colorado Boulder","short_name":"LESS","source":"esri_USDOT_ColoradoOITGIS"},"geometry":{"type":"Polygon","coordinates":[[[-105.261635,40.0085011],[-105.2616334,40.0086382],[-105.2616546,40.0086383],[-105.2616539,40.0086935],[-105.2617553,40.0086942],[-105.2617568,40.008562],[-105.2617808,40.0085622],[-105.2617821,40.0084507],[-105.2617575,40.0084505],[-105.2617577,40.008433],[-105.2616674,40.0084323],[-105.2616666,40.0085013],[-105.261635,40.0085011]]]}},{"type":"Feature","id":206682698,"properties":{"osmId":206682698,"category":"other","building":"shed","name":"Speech, Language, and Hearing Sciences Shed","operator":"University of Colorado Boulder","short_name":"SLSH"},"geometry":{"type":"Polygon","coordinates":[[[-105.2628399,40.0039114],[-105.2628083,40.0038945],[-105.2628278,40.0038732],[-105.2628594,40.0038901],[-105.2628399,40.0039114]]]}},{"type":"Feature","id":206682699,"properties":{"osmId":206682699,"category":"other","building":"yes","operator":"University of Colorado Boulder"},"geometry":{"type":"Polygon","coordinates":[[[-105.2601403,40.0039725],[-105.2600968,40.003917],[-105.2600501,40.0039384],[-105.2600936,40.0039939],[-105.2601403,40.0039725]]]}},{"type":"Feature","id":206682700,"properties":{"osmId":206682700,"category":"other","building":"yes","operator":"University of Colorado Boulder"},"geometry":{"type":"Polygon","coordinates":[[[-105.2597588,40.0079099],[-105.2597568,40.0077534],[-105.2597309,40.0077535],[-105.2597297,40.0076629],[-105.2596632,40.0076634],[-105.2596642,40.007744],[-105.2596954,40.0077438],[-105.2596963,40.0078187],[-105.2596974,40.0079103],[-105.2597588,40.0079099]]]}},{"type":"Feature","id":206751727,"properties":{"osmId":206751727,"category":"other","addr:city":"Boulder","addr:housenumber":"1500","addr:state":"CO","addr:street":"University Avenue","building":"shed","man_made":"pumping_station","name":"Varsity Lake Pump Station","operator":"University of Colorado Boulder","short_name":"VPMP"},"geometry":{"type":"Polygon","coordinates":[[[-105.2748631,40.010184],[-105.274861,40.010116],[-105.2747947,40.0101173],[-105.2747968,40.0101852],[-105.2748631,40.010184]]]}},{"type":"Feature","id":207202686,"properties":{"osmId":207202686,"category":"other","addr:city":"Boulder","addr:housenumber":"924","addr:state":"CO","addr:street":"Broadway","building":"office","building:levels":"2","name":"University Admin Center Annex","office":"educational_institution","operator":"University of Colorado Boulder","short_name":"TB19"},"geometry":{"type":"Polygon","coordinates":[[[-105.2686853,40.0041721],[-105.2686123,40.0042398],[-105.2685129,40.0041768],[-105.2685729,40.0041213],[-105.2686153,40.0041481],[-105.2686283,40.0041361],[-105.2686853,40.0041721]]]}},{"type":"Feature","id":207220279,"properties":{"osmId":207220279,"category":"residential","addr:housenumber":"1350","addr:state":"CO","addr:street":"20th Street","building":"apartments","name":"Marine Court D","operator":"University of Colorado Boulder"},"geometry":{"type":"Polygon","coordinates":[[[-105.2686139,40.0127539],[-105.2686142,40.0128352],[-105.2686383,40.0128351],[-105.2686386,40.0129155],[-105.2685357,40.0129156],[-105.2685355,40.0128353],[-105.2685118,40.0128354],[-105.2685115,40.0127541],[-105.2685364,40.012754],[-105.2685362,40.0126824],[-105.2686384,40.0126822],[-105.2686386,40.0127538],[-105.2686139,40.0127539]]]}},{"type":"Feature","id":207220284,"properties":{"osmId":207220284,"category":"residential","addr:housenumber":"1350","addr:state":"CO","addr:street":"20th Street","building":"apartments","name":"Marine Court G","operator":"University of Colorado Boulder"},"geometry":{"type":"Polygon","coordinates":[[[-105.2681144,40.0127496],[-105.2678968,40.0127512],[-105.2678973,40.0127896],[-105.2677807,40.0127904],[-105.267781,40.0128128],[-105.2677429,40.0128131],[-105.2677437,40.0128711],[-105.2677896,40.0128708],[-105.2677892,40.0128393],[-105.2678431,40.0128389],[-105.2678435,40.0128707],[-105.2679066,40.0128703],[-105.2679061,40.0128319],[-105.2679402,40.0128316],[-105.2679406,40.0128653],[-105.2679736,40.0128651],[-105.2679731,40.0128289],[-105.2681192,40.0128278],[-105.2681191,40.0128151],[-105.2681532,40.0128149],[-105.2681537,40.0128545],[-105.2681889,40.0128542],[-105.2681884,40.0128143],[-105.2682193,40.0128141],[-105.2682197,40.0128514],[-105.2682811,40.0128509],[-105.2682801,40.0127727],[-105.2682248,40.0127731],[-105.2682243,40.0127363],[-105.2681143,40.0127371],[-105.2681144,40.0127496]]]}},{"type":"Feature","id":207220295,"properties":{"osmId":207220295,"category":"residential","addr:housenumber":"1350","addr:state":"CO","addr:street":"20th Street","building":"apartments","name":"Marine Court F","operator":"University of Colorado Boulder"},"geometry":{"type":"Polygon","coordinates":[[[-105.2680589,40.0130004],[-105.2680341,40.0130008],[-105.2680318,40.0129174],[-105.2681353,40.0129157],[-105.2681376,40.0129991],[-105.2681635,40.0129987],[-105.2681659,40.0130837],[-105.2680613,40.0130854],[-105.2680589,40.0130004]]]}},{"type":"Feature","id":207220300,"properties":{"osmId":207220300,"category":"residential","addr:housenumber":"1350","addr:state":"CO","addr:street":"20th Street","building":"apartments","name":"Marine Court E","operator":"University of Colorado Boulder"},"geometry":{"type":"Polygon","coordinates":[[[-105.268372,40.0129699],[-105.2683717,40.0129535],[-105.2684758,40.0129524],[-105.2684761,40.0129718],[-105.2685869,40.0129707],[-105.2685883,40.0130496],[-105.2684775,40.0130508],[-105.2684772,40.0130325],[-105.2683731,40.0130336],[-105.2683734,40.0130505],[-105.268266,40.0130517],[-105.2682646,40.0129711],[-105.268372,40.0129699]]]}},{"type":"Feature","id":207220302,"properties":{"osmId":207220302,"category":"residential","addr:housenumber":"1350","addr:state":"CO","addr:street":"20th Street","building":"apartments","name":"Marine Court K","operator":"University of Colorado Boulder"},"geometry":{"type":"Polygon","coordinates":[[[-105.2681926,40.0132111],[-105.2681926,40.0131721],[-105.2681317,40.0131721],[-105.2681317,40.0132507],[-105.2681926,40.0132507],[-105.2681926,40.0132868],[-105.2683999,40.0132868],[-105.2683999,40.0132481],[-105.2684614,40.0132481],[-105.2684614,40.0131691],[-105.2683999,40.0131691],[-105.2683999,40.0132111],[-105.2681926,40.0132111]]]}},{"type":"Feature","id":207220304,"properties":{"osmId":207220304,"category":"residential","addr:housenumber":"1350","addr:state":"CO","addr:street":"20th Street","building":"apartments","building:levels":"2","name":"Marine Court H","operator":"University of Colorado Boulder"},"geometry":{"type":"Polygon","coordinates":[[[-105.2678519,40.0132427],[-105.2679042,40.0132428],[-105.2679041,40.0132888],[-105.267798,40.0132886],[-105.2677981,40.013249],[-105.2677479,40.013249],[-105.2677482,40.0130782],[-105.2677977,40.0130782],[-105.2677977,40.0130386],[-105.2679005,40.0130387],[-105.2679004,40.0130828],[-105.2678523,40.0130827],[-105.2678519,40.0132427]]]}},{"type":"Feature","id":207220309,"properties":{"osmId":207220309,"category":"residential","addr:housenumber":"1350","addr:state":"CO","addr:street":"20th Street","building":"apartments","name":"Marine Court J","operator":"University of Colorado Boulder"},"geometry":{"type":"Polygon","coordinates":[[[-105.2680248,40.0133918],[-105.2680247,40.013381],[-105.2678856,40.0133818],[-105.2678853,40.013346],[-105.2678559,40.0133462],[-105.2678562,40.0133811],[-105.267814,40.0133813],[-105.2678137,40.0133447],[-105.267758,40.0133451],[-105.2677588,40.0134248],[-105.2678149,40.0134245],[-105.2678153,40.0134622],[-105.2680251,40.013461],[-105.2680251,40.0134668],[-105.2681327,40.0134662],[-105.2681324,40.013435],[-105.2682577,40.0134343],[-105.2682575,40.0134141],[-105.2682955,40.0134139],[-105.268295,40.013361],[-105.2682551,40.0133612],[-105.2682554,40.0133861],[-105.2681918,40.0133864],[-105.2681914,40.0133524],[-105.2681309,40.0133527],[-105.2681313,40.0133919],[-105.2680997,40.0133921],[-105.2680993,40.0133573],[-105.268067,40.0133575],[-105.2680674,40.0133916],[-105.2680248,40.0133918]]]}},{"type":"Feature","id":207220687,"properties":{"osmId":207220687,"category":"residential","addr:housenumber":"1350","addr:state":"CO","addr:street":"20th Street","building":"apartments","name":"Marine Court B","operator":"University of Colorado Boulder"},"geometry":{"type":"Polygon","coordinates":[[[-105.2688092,40.0128725],[-105.2687567,40.0128726],[-105.2687084,40.012873],[-105.2687088,40.0129162],[-105.2687579,40.0129159],[-105.2687594,40.0130787],[-105.2687084,40.013079],[-105.2687088,40.0131245],[-105.2688109,40.013124],[-105.2688105,40.0130828],[-105.2688637,40.0130825],[-105.2688622,40.0129118],[-105.2688095,40.0129121],[-105.2688092,40.0128725]]]}},{"type":"Feature","id":207220689,"properties":{"osmId":207220689,"category":"residential","addr:housenumber":"1350","addr:state":"CO","addr:street":"20th Street","building":"apartments","name":"Marine Court A","operator":"University of Colorado Boulder","short_name":"MRCT"},"geometry":{"type":"Polygon","coordinates":[[[-105.2686395,40.013343],[-105.2686123,40.013343],[-105.2686126,40.013529],[-105.2686548,40.013529],[-105.2686549,40.013554],[-105.2687075,40.013554],[-105.2687074,40.0135293],[-105.2687816,40.0135292],[-105.2687813,40.0133429],[-105.2687075,40.0133429],[-105.2687069,40.0133162],[-105.2687608,40.0133154],[-105.2687578,40.0131894],[-105.2687155,40.01319],[-105.2687149,40.0131667],[-105.2686626,40.0131674],[-105.2686631,40.0131881],[-105.2685866,40.0131892],[-105.2685896,40.0133153],[-105.2686388,40.0133146],[-105.2686395,40.013343]]]}},{"type":"Feature","id":207226719,"properties":{"osmId":207226719,"category":"residential","addr:city":"Boulder","addr:housenumber":"910","addr:state":"CO","addr:street":"28th Street Frontage Road","building":"apartments","building:levels":"3","name":"Gaslamp Apartments","operator":"University of Colorado Boulder","short_name":"IBS9"},"geometry":{"type":"Polygon","coordinates":[[[-105.2582248,40.0043901],[-105.2576481,40.004387],[-105.2576488,40.0045586],[-105.2579767,40.0045576],[-105.2579767,40.0045673],[-105.2582248,40.0045673],[-105.2582248,40.0043901]]]}},{"type":"Feature","id":207226720,"properties":{"osmId":207226720,"category":"residential","addr:city":"Boulder","addr:housenumber":"900","addr:postcode":"80303","addr:state":"CO","addr:street":"28th Street Frontage Road","building":"apartments","building:levels":"2","name":"The Lotus Lofts","operator":"University of Colorado Boulder","short_name":"IBS10"},"geometry":{"type":"Polygon","coordinates":[[[-105.2578385,40.0043475],[-105.2576555,40.0043475],[-105.2576555,40.0042329],[-105.2575187,40.0042324],[-105.2575194,40.0042453],[-105.2573651,40.0042442],[-105.2573645,40.0040182],[-105.2575194,40.0040177],[-105.2575207,40.004141],[-105.2576555,40.004141],[-105.2576561,40.0039544],[-105.2578399,40.0039537],[-105.2578385,40.0043475]]]}},{"type":"Feature","id":207270752,"properties":{"osmId":207270752,"category":"other","building":"yes","building:levels":"1","operator":"University of Colorado Boulder"},"geometry":{"type":"Polygon","coordinates":[[[-105.2509258,40.0135256],[-105.2509261,40.0133556],[-105.2508491,40.0133555],[-105.2508488,40.0134957],[-105.2508487,40.0135255],[-105.2509258,40.0135256]]]}},{"type":"Feature","id":207277409,"properties":{"osmId":207277409,"category":"religious","addr:city":"Boulder","addr:housenumber":"1202","addr:postcode":"80302","addr:state":"CO","addr:street":"Folsom Street","building":"church","name":"University Lutheran Chapel","source":"esri_USDOT_ColoradoOITGIS"},"geometry":{"type":"Polygon","coordinates":[[[-105.2638572,40.0086361],[-105.2638344,40.0086114],[-105.2638156,40.0085755],[-105.263821,40.0085395],[-105.2638384,40.0085025],[-105.2638526,40.0084839],[-105.2638181,40.0084811],[-105.2638076,40.0084686],[-105.2638046,40.0084589],[-105.2638036,40.0084527],[-105.2638046,40.0084448],[-105.2638099,40.0084342],[-105.2637882,40.0084237],[-105.2637627,40.0084155],[-105.2637318,40.0084073],[-105.2636986,40.0084029],[-105.2636665,40.0084019],[-105.2636336,40.0084043],[-105.2636008,40.0084124],[-105.2635593,40.0084222],[-105.2635291,40.0084348],[-105.2635088,40.0084452],[-105.2635103,40.0084633],[-105.2635285,40.0084707],[-105.2635436,40.0084786],[-105.263531,40.008507],[-105.2636122,40.0085314],[-105.2636118,40.0086624],[-105.2638355,40.0086631],[-105.2638572,40.0086361]]]}},{"type":"Feature","id":207775084,"properties":{"osmId":207775084,"category":"other","building":"yes","name":"University of Colorado Ski Team","operator":"University of Colorado Boulder","short_name":"TB84"},"geometry":{"type":"Polygon","coordinates":[[[-105.2495568,40.0097425],[-105.2495574,40.0096023],[-105.2493057,40.0096017],[-105.2493051,40.0097419],[-105.2493316,40.0097419],[-105.24945,40.0097422],[-105.2495568,40.0097425]]]}},{"type":"Feature","id":207775085,"properties":{"osmId":207775085,"category":"other","building":"yes","operator":"University of Colorado Boulder"},"geometry":{"type":"Polygon","coordinates":[[[-105.2495524,40.0099421],[-105.2495525,40.0098299],[-105.2493575,40.0098297],[-105.2493573,40.0099419],[-105.2495524,40.0099421]]]}},{"type":"Feature","id":208751662,"properties":{"osmId":208751662,"category":"academic","building":"yes","short_name":"TB55"},"geometry":{"type":"Polygon","coordinates":[[[-105.2671676,40.0118607],[-105.2671676,40.011807],[-105.2670159,40.011807],[-105.2670159,40.0118607],[-105.2671676,40.0118607]]]}},{"type":"Feature","id":208751696,"properties":{"osmId":208751696,"category":"other","addr:city":"Boulder","addr:housenumber":"1302","addr:postcode":"80302","addr:state":"CO","addr:street":"Grandview Avenue","building":"yes","operator":"University of Colorado Boulder","short_name":"TB70","source":"esri_USDOT_ColoradoOITGIS"},"geometry":{"type":"Polygon","coordinates":[[[-105.2758191,40.0114071],[-105.2758191,40.0113828],[-105.2758706,40.0113828],[-105.2758708,40.0112471],[-105.2758064,40.011247],[-105.2758064,40.0112255],[-105.27574,40.0112254],[-105.2757397,40.011407],[-105.2758191,40.0114071]]]}},{"type":"Feature","id":208751705,"properties":{"osmId":208751705,"category":"other","addr:city":"Boulder","addr:housenumber":"1310;1308","addr:postcode":"80302","addr:state":"CO","addr:street":"Grandview Avenue","building":"yes","operator":"University of Colorado Boulder","source":"esri_USDOT_ColoradoOITGIS"},"geometry":{"type":"Polygon","coordinates":[[[-105.2757096,40.0114021],[-105.2757082,40.0112871],[-105.2755702,40.0112881],[-105.2755714,40.0113804],[-105.275648,40.0113798],[-105.2756483,40.0114025],[-105.2757096,40.0114021]]]}},{"type":"Feature","id":208751706,"properties":{"osmId":208751706,"category":"other","addr:city":"Boulder","addr:housenumber":"1320","addr:postcode":"80302","addr:state":"CO","addr:street":"Grandview Avenue","building":"yes","operator":"University of Colorado Boulder","short_name":"TB97","source":"esri_USDOT_ColoradoOITGIS"},"geometry":{"type":"Polygon","coordinates":[[[-105.2755441,40.0114107],[-105.2755432,40.0112165],[-105.2754191,40.0112168],[-105.2754194,40.0112823],[-105.2754008,40.0112823],[-105.2754011,40.0113461],[-105.2754227,40.011346],[-105.275423,40.011411],[-105.2755441,40.0114107]]]}},{"type":"Feature","id":208751707,"properties":{"osmId":208751707,"category":"other","addr:city":"Boulder","addr:housenumber":"1334","addr:postcode":"80302","addr:state":"CO","addr:street":"Grandview Avenue","building":"yes","operator":"University of Colorado Boulder","source":"esri_USDOT_ColoradoOITGIS"},"geometry":{"type":"Polygon","coordinates":[[[-105.2753636,40.0113713],[-105.2753618,40.0112867],[-105.2753105,40.0112873],[-105.2753103,40.0112767],[-105.2752588,40.0112774],[-105.2752591,40.0112882],[-105.2752084,40.0112888],[-105.2752101,40.0113728],[-105.2752424,40.0113724],[-105.2752426,40.011383],[-105.2753297,40.0113819],[-105.2753295,40.0113717],[-105.2753636,40.0113713]]]}},{"type":"Feature","id":208751709,"properties":{"osmId":208751709,"category":"other","addr:city":"Boulder","addr:housenumber":"1332","addr:postcode":"80302","addr:state":"CO","addr:street":"Grandview Avenue","building":"yes","operator":"University of Colorado Boulder","source":"esri_USDOT_ColoradoOITGIS"},"geometry":{"type":"Polygon","coordinates":[[[-105.2753757,40.0112065],[-105.2753734,40.0111602],[-105.2751858,40.0111658],[-105.2751882,40.0112121],[-105.2753757,40.0112065]]]}},{"type":"Feature","id":208751711,"properties":{"osmId":208751711,"category":"other","addr:city":"Boulder","addr:housenumber":"1338","addr:postcode":"80302","addr:state":"CO","addr:street":"Grandview Avenue","building":"yes","operator":"University of Colorado Boulder","short_name":"TB88","source":"esri_USDOT_ColoradoOITGIS"},"geometry":{"type":"Polygon","coordinates":[[[-105.2751532,40.0114021],[-105.2751525,40.0113844],[-105.2751653,40.0113841],[-105.2751613,40.011274],[-105.2750215,40.011277],[-105.2750254,40.0113846],[-105.2750745,40.0113835],[-105.2750752,40.0114037],[-105.2751532,40.0114021]]]}},{"type":"Feature","id":208751716,"properties":{"osmId":208751716,"category":"other","addr:city":"Boulder","addr:housenumber":"1344","addr:postcode":"80302","addr:state":"CO","addr:street":"Grandview Avenue","building":"yes","operator":"University of Colorado Boulder","short_name":"TB93","source":"esri_USDOT_ColoradoOITGIS"},"geometry":{"type":"Polygon","coordinates":[[[-105.2748567,40.0114092],[-105.2748525,40.0112963],[-105.2749998,40.0112931],[-105.2750041,40.011406],[-105.2748567,40.0114092]]]}},{"type":"Feature","id":208751723,"properties":{"osmId":208751723,"category":"other","addr:city":"Boulder","addr:housenumber":"1305","addr:postcode":"80302","addr:state":"CO","addr:street":"University Avenue","building":"yes","name":"Page Foundation Center","operator":"University of Colorado Boulder","source":"esri_USDOT_ColoradoOITGIS"},"geometry":{"type":"Polygon","coordinates":[[[-105.2757969,40.0108993],[-105.275796,40.0108694],[-105.275854,40.0108684],[-105.2758506,40.0107531],[-105.2756816,40.0107561],[-105.2756804,40.0107167],[-105.2756239,40.0107177],[-105.275625,40.0107569],[-105.2755831,40.0107579],[-105.2755862,40.0108592],[-105.275638,40.0108594],[-105.2756393,40.010902],[-105.2757969,40.0108993]]]}},{"type":"Feature","id":208751725,"properties":{"osmId":208751725,"category":"other","addr:city":"Boulder","addr:housenumber":"1333","addr:postcode":"80302","addr:state":"CO","addr:street":"University Avenue","building":"yes","name":"Kappa Alpha Theta","operator":"University of Colorado Boulder","source":"esri_USDOT_ColoradoOITGIS"},"geometry":{"type":"Polygon","coordinates":[[[-105.2753545,40.0109741],[-105.2753511,40.0107402],[-105.2751893,40.0107416],[-105.2751904,40.0108145],[-105.2751427,40.0108149],[-105.2751415,40.0107273],[-105.2750483,40.0107281],[-105.2750489,40.0107673],[-105.2749809,40.0107679],[-105.2749807,40.0107522],[-105.2749631,40.0107524],[-105.2749627,40.0107199],[-105.2748887,40.0107205],[-105.274892,40.0109762],[-105.2751377,40.0109744],[-105.2751368,40.0109045],[-105.2751767,40.0109042],[-105.2751777,40.0109754],[-105.2753545,40.0109741]]]}},{"type":"Feature","id":209345511,"properties":{"osmId":209345511,"category":"other","addr:state":"CO","building":"yes","description":"The School of Journalism and Mass Communication's new home.","ele":"1641","gnis:feature_id":"2095635","name":"Armory Building","operator":"University of Colorado Boulder","short_name":"ARMR"},"geometry":{"type":"Polygon","coordinates":[[[-105.274015,40.0107518],[-105.274014,40.0108578],[-105.2740157,40.0110269],[-105.2740132,40.0111463],[-105.2739646,40.0111457],[-105.2739666,40.0112065],[-105.2738601,40.0112065],[-105.2738601,40.0111454],[-105.2737914,40.0111434],[-105.2737917,40.0111018],[-105.273791,40.011062],[-105.2737954,40.0107865],[-105.2737944,40.0107525],[-105.274015,40.0107518]]]}},{"type":"Feature","id":209345512,"properties":{"osmId":209345512,"category":"other","building":"yes","name":"Institute of Behavioral Science","operator":"University of Colorado Boulder","short_name":"IBS"},"geometry":{"type":"Polygon","coordinates":[[[-105.2745852,40.0111808],[-105.2745869,40.01152],[-105.2745499,40.0115202],[-105.2745501,40.0115659],[-105.27459,40.0115658],[-105.2745903,40.0116128],[-105.2744144,40.0116133],[-105.2744142,40.011577],[-105.2743143,40.0115773],[-105.2743132,40.0113572],[-105.2742824,40.0113572],[-105.2742214,40.0113576],[-105.2742196,40.0112285],[-105.2742997,40.0112269],[-105.2742994,40.0111845],[-105.2743414,40.0111843],[-105.2743411,40.0111406],[-105.274541,40.0111397],[-105.2745413,40.011181],[-105.2745852,40.0111808]]]}},{"type":"Feature","id":209345513,"properties":{"osmId":209345513,"category":"other","addr:city":"Boulder","addr:housenumber":"1505","addr:postcode":"80302","addr:state":"CO","addr:street":"University Avenue","building":"yes","description":"Home of the Division of Continuing Education.","ele":"1645","gnis:feature_id":"2095636","name":"Continuing Education Building","operator":"University of Colorado Boulder","short_name":"CEDU","source":"esri_USDOT_ColoradoOITGIS"},"geometry":{"type":"Polygon","coordinates":[[[-105.2745333,40.0109902],[-105.2743747,40.0109902],[-105.2743747,40.0108297],[-105.2742296,40.0108298],[-105.2742296,40.0108565],[-105.2741759,40.0108566],[-105.2741758,40.0107633],[-105.2743168,40.0107632],[-105.2743167,40.0107511],[-105.2745332,40.010751],[-105.2745333,40.0109902]]]}},{"type":"Feature","id":209564791,"properties":{"osmId":209564791,"category":"other","building":"yes","operator":"University of Colorado Boulder","short_name":"OB1"},"geometry":{"type":"Polygon","coordinates":[[[-105.2735948,40.0110101],[-105.2735074,40.0110109],[-105.2735071,40.0109968],[-105.2734958,40.0109969],[-105.2734953,40.0109698],[-105.2733801,40.0109709],[-105.2733789,40.0108983],[-105.2735053,40.0108971],[-105.2735048,40.0108635],[-105.2734964,40.0108636],[-105.2734956,40.0108188],[-105.273508,40.0108186],[-105.2735075,40.0107871],[-105.2733838,40.0107883],[-105.2733834,40.0107592],[-105.2733981,40.010759],[-105.2733974,40.0107154],[-105.2735899,40.0107135],[-105.2735948,40.0110101]]]}},{"type":"Feature","id":210147263,"properties":{"osmId":210147263,"category":"religious","addr:city":"Boulder","addr:housenumber":"965","addr:postcode":"80302","addr:state":"CO","addr:street":"Broadway","amenity":"place_of_worship","building":"yes","name":"LDS Boulder Institute of Religion","source":"esri_USDOT_ColoradoOITGIS"},"geometry":{"type":"Polygon","coordinates":[[[-105.271016,40.0050508],[-105.2708934,40.0049801],[-105.270766,40.0049066],[-105.2708686,40.0048024],[-105.2708969,40.0048187],[-105.2709792,40.0047351],[-105.2712008,40.0048629],[-105.271016,40.0050508]]]}},{"type":"Feature","id":214006579,"properties":{"osmId":214006579,"category":"residential","addr:city":"Boulder","addr:housenumber":"1855","addr:postcode":"80302","addr:state":"CO","addr:street":"Athens Street","building":"apartments","description":"Family housing apartment complex convenient to campus and downtown Boulder","name":"Athens North Court","operator":"University of Colorado Boulder","short_name":"ATHN","source":"esri_USDOT_ColoradoOITGIS"},"geometry":{"type":"Polygon","coordinates":[[[-105.2713412,40.0130781],[-105.2713409,40.0130387],[-105.271309,40.0130389],[-105.2713083,40.0129235],[-105.27134,40.0129234],[-105.2713398,40.0128846],[-105.2712434,40.012885],[-105.2712429,40.0128097],[-105.2711909,40.0128099],[-105.2711911,40.0128334],[-105.2710051,40.0128341],[-105.2710049,40.0128106],[-105.2709424,40.0128108],[-105.2709425,40.012833],[-105.2707548,40.0128337],[-105.2707546,40.0128106],[-105.2706926,40.0128108],[-105.2706928,40.0128345],[-105.2706188,40.0128348],[-105.2706182,40.0127467],[-105.270574,40.0127469],[-105.2705739,40.0127294],[-105.2705067,40.0127296],[-105.2705067,40.0127417],[-105.2703895,40.0127421],[-105.2703898,40.0127819],[-105.2704212,40.0127818],[-105.2704219,40.0128972],[-105.2703913,40.0128973],[-105.2703915,40.0129347],[-105.2704891,40.0129343],[-105.2704896,40.01301],[-105.2705386,40.0130099],[-105.2705385,40.0129863],[-105.2707314,40.0129856],[-105.2707316,40.0130105],[-105.2707895,40.0130103],[-105.2707894,40.0129859],[-105.2709794,40.0129852],[-105.2709796,40.0130101],[-105.2710422,40.0130098],[-105.271042,40.0129852],[-105.2711142,40.012985],[-105.2711148,40.0130753],[-105.2711597,40.0130751],[-105.2711598,40.0130891],[-105.2712241,40.0130888],[-105.271224,40.0130785],[-105.2713412,40.0130781]]]}},{"type":"Feature","id":214006582,"properties":{"osmId":214006582,"category":"residential","addr:city":"Boulder","addr:housenumber":"1750","addr:postcode":"80302","addr:state":"CO","addr:street":"Athens Street","building":"apartments","name":"Faculty Staff Court C","operator":"University of Colorado Boulder","short_name":"FACT","source":"esri_USDOT_ColoradoOITGIS"},"geometry":{"type":"Polygon","coordinates":[[[-105.2714455,40.0125127],[-105.2714447,40.0124334],[-105.2717002,40.012432],[-105.2717009,40.0125112],[-105.2714455,40.0125127]]]}},{"type":"Feature","id":214006583,"properties":{"osmId":214006583,"category":"residential","addr:city":"Boulder","addr:housenumber":"1760","addr:postcode":"80302","addr:state":"CO","addr:street":"Athens Street","building":"apartments","name":"Faculty Staff Court G","operator":"University of Colorado Boulder","source":"esri_USDOT_ColoradoOITGIS"},"geometry":{"type":"Polygon","coordinates":[[[-105.2707292,40.0125153],[-105.2704519,40.0125164],[-105.2704514,40.0124402],[-105.2707287,40.012439],[-105.2707292,40.0125153]]]}},{"type":"Feature","id":214006585,"properties":{"osmId":214006585,"category":"other","building":"yes","operator":"University of Colorado Boulder","short_name":"TB68"},"geometry":{"type":"Polygon","coordinates":[[[-105.2699089,40.0131786],[-105.2699085,40.0131072],[-105.2700525,40.0131067],[-105.2700529,40.0131782],[-105.2699089,40.0131786]]]}},{"type":"Feature","id":214006586,"properties":{"osmId":214006586,"category":"residential","addr:housenumber":"1350","addr:state":"CO","addr:street":"20th Street","building":"apartments","name":"Marine Court C","operator":"University of Colorado Boulder"},"geometry":{"type":"Polygon","coordinates":[[[-105.2687567,40.0128726],[-105.2687563,40.0127464],[-105.2687688,40.0127464],[-105.2687687,40.0127174],[-105.2688349,40.0127172],[-105.2688622,40.0127172],[-105.2688623,40.0127362],[-105.2688629,40.0128723],[-105.2688092,40.0128725],[-105.2687567,40.0128726]]]}},{"type":"Feature","id":214006587,"properties":{"osmId":214006587,"category":"other","addr:housenumber":"1350","addr:state":"CO","addr:street":"20th Street","building":"yes","name":"Marine Court Mail","operator":"University of Colorado"},"geometry":{"type":"Polygon","coordinates":[[[-105.2686561,40.0131244],[-105.268656,40.0130784],[-105.26859,40.0130785],[-105.2685901,40.0131244],[-105.2686561,40.0131244]]]}},{"type":"Feature","id":214006588,"properties":{"osmId":214006588,"category":"residential","addr:housenumber":"2300","addr:state":"CO","addr:street":"Arapahoe Avenue","building":"apartments","name":"Newton Court 2B","operator":"University of Colorado Boulder"},"geometry":{"type":"Polygon","coordinates":[[[-105.2655621,40.0136981],[-105.2654888,40.0137541],[-105.2654228,40.0137034],[-105.26539,40.0137285],[-105.2653063,40.0136643],[-105.265336,40.0136416],[-105.2652691,40.0135903],[-105.2653455,40.0135319],[-105.2655621,40.0136981]]]}},{"type":"Feature","id":214006590,"properties":{"osmId":214006590,"category":"residential","addr:housenumber":"2300","addr:state":"CO","addr:street":"Arapahoe Avenue","building":"apartments","name":"Newton Court 2G","operator":"University of Colorado Boulder"},"geometry":{"type":"Polygon","coordinates":[[[-105.2649011,40.0141103],[-105.2648404,40.0141571],[-105.2648722,40.0141812],[-105.2647919,40.0142431],[-105.2647609,40.0142196],[-105.2646938,40.0142714],[-105.2646194,40.0142148],[-105.2648274,40.0140543],[-105.2649011,40.0141103]]]}},{"type":"Feature","id":214006591,"properties":{"osmId":214006591,"category":"residential","building":"apartments","name":"Newton Court 2L","operator":"University of Colorado Boulder"},"geometry":{"type":"Polygon","coordinates":[[[-105.2641775,40.0136571],[-105.2639533,40.0134937],[-105.2640316,40.0134307],[-105.2641016,40.0134818],[-105.2641279,40.0134606],[-105.2642151,40.0135242],[-105.2641807,40.0135518],[-105.2642477,40.0136006],[-105.2641775,40.0136571]]]}},{"type":"Feature","id":214006593,"properties":{"osmId":214006593,"category":"residential","building":"apartments","name":"Newton Court 2N","operator":"University of Colorado Boulder"},"geometry":{"type":"Polygon","coordinates":[[[-105.2638047,40.0135779],[-105.2635744,40.0134085],[-105.2636495,40.0133479],[-105.2637246,40.0133962],[-105.2637501,40.0133746],[-105.2638333,40.0134342],[-105.2637944,40.013465],[-105.2638767,40.0135212],[-105.2638047,40.0135779]]]}},{"type":"Feature","id":214006595,"properties":{"osmId":214006595,"category":"residential","building":"apartments","name":"Newton Court 2S","operator":"University of Colorado Boulder"},"geometry":{"type":"Polygon","coordinates":[[[-105.2641987,40.0131571],[-105.2644166,40.0133197],[-105.2643406,40.0133794],[-105.2642608,40.0133198],[-105.2642305,40.0133436],[-105.2641486,40.0132824],[-105.2641852,40.0132537],[-105.2641291,40.0132118],[-105.2641987,40.0131571]]]}},{"type":"Feature","id":214006597,"properties":{"osmId":214006597,"category":"residential","building":"apartments","name":"Newton Court 2X","operator":"University of Colorado Boulder"},"geometry":{"type":"Polygon","coordinates":[[[-105.2647577,40.0128821],[-105.2648234,40.0128221],[-105.2646072,40.0126603],[-105.2645396,40.0127138],[-105.2646024,40.0127604],[-105.2645661,40.0127891],[-105.26465,40.0128514],[-105.2646833,40.0128253],[-105.2647577,40.0128821]]]}},{"type":"Feature","id":214006599,"properties":{"osmId":214006599,"category":"other","addr:city":"Boulder","addr:housenumber":"1834","addr:postcode":"80302","addr:state":"CO","addr:street":"Marine Street","building":"yes","operator":"University of Colorado Boulder","source":"esri_USDOT_ColoradoOITGIS"},"geometry":{"type":"Polygon","coordinates":[[[-105.2708266,40.0135023],[-105.2708266,40.0134881],[-105.2708393,40.0134881],[-105.2708393,40.0134104],[-105.2708144,40.0134104],[-105.2708144,40.0133612],[-105.2707547,40.0133612],[-105.2707547,40.01341],[-105.2707362,40.01341],[-105.2707362,40.0134881],[-105.2707524,40.0134881],[-105.2707524,40.0135023],[-105.2708266,40.0135023]]]}},{"type":"Feature","id":214006600,"properties":{"osmId":214006600,"category":"other","building":"yes","building:levels":"1","name":"Laundry","operator":"University of Colorado Boulder"},"geometry":{"type":"Polygon","coordinates":[[[-105.2641456,40.0128886],[-105.2641441,40.0127464],[-105.2640475,40.012747],[-105.264049,40.0128892],[-105.2641456,40.0128886]]]}},{"type":"Feature","id":214006603,"properties":{"osmId":214006603,"category":"other","building":"yes","operator":"University of Colorado Boulder"},"geometry":{"type":"Polygon","coordinates":[[[-105.2658046,40.0143274],[-105.2658042,40.0142797],[-105.2657663,40.0142799],[-105.2657666,40.0143276],[-105.2658046,40.0143274]]]}},{"type":"Feature","id":215665695,"properties":{"osmId":215665695,"category":"religious","addr:city":"Boulder","addr:housenumber":"2425","addr:postcode":"80302","addr:state":"CO","addr:street":"Colorado Avenue","building":"church","building:levels":"1","name":"St Aidan's Episcopal Church","source":"esri_USDOT_ColoradoOITGIS"},"geometry":{"type":"Polygon","coordinates":[[[-105.262828,40.0089156],[-105.2628252,40.0085152],[-105.2624695,40.0085167],[-105.2624692,40.0084695],[-105.2623216,40.0084701],[-105.2623243,40.0088556],[-105.2625792,40.0088546],[-105.2625796,40.0089166],[-105.262828,40.0089156]]]}},{"type":"Feature","id":215702009,"properties":{"osmId":215702009,"category":"religious","addr:housenumber":"1001","addr:state":"CO","addr:street":"13th Street","amenity":"place_of_worship","building":"church","denomination":"lutheran","name":"Grace Lutheran Church","religion":"christian"},"geometry":{"type":"Polygon","coordinates":[[[-105.2767486,40.0057945],[-105.2767492,40.0056378],[-105.2767238,40.0056353],[-105.2767224,40.0055921],[-105.2766446,40.005588],[-105.276644,40.0056322],[-105.2766225,40.0056306],[-105.2766239,40.0056687],[-105.2763751,40.0056702],[-105.2763771,40.0057955],[-105.2765192,40.0057976],[-105.2765018,40.0058114],[-105.2765534,40.0058469],[-105.2766205,40.005795],[-105.2767486,40.0057945]]]}},{"type":"Feature","id":215705867,"properties":{"osmId":215705867,"category":"other","addr:city":"Boulder","addr:housenumber":"1012","addr:postcode":"80302","addr:state":"CO","addr:street":"14th Street","alt_name":"ΑΕ","building":"yes","name":"International English Center","operator":"University of Colorado Boulder","short_name":"IEC","source":"esri_USDOT_ColoradoOITGIS"},"geometry":{"type":"Polygon","coordinates":[[[-105.2747544,40.0058133],[-105.2746949,40.0058134],[-105.2746949,40.0058192],[-105.2746441,40.0058193],[-105.274644,40.0058121],[-105.2745936,40.0058122],[-105.2745935,40.0057881],[-105.2745643,40.0057882],[-105.2745641,40.0057113],[-105.274754,40.0057109],[-105.2747544,40.0058133]]]}},{"type":"Feature","id":216535335,"properties":{"osmId":216535335,"category":"residential","addr:city":"Boulder","addr:housenumber":"2525","addr:state":"CO","addr:street":"Kittredge Loop Drive","building":"dormitory","building:levels":"4","building:material":"sandstone","name":"Smith Hall","operator":"University of Colorado Boulder","roof:material":"roof_tiles","short_name":"SMTH","smoking":"no"},"geometry":{"type":"Polygon","coordinates":[[[-105.2618069,40.0021951],[-105.261807,40.0021447],[-105.2618632,40.0021447],[-105.2618914,40.0021447],[-105.2618916,40.0021174],[-105.2618919,40.0020511],[-105.2618915,40.001949],[-105.2618632,40.0019488],[-105.261455,40.0019462],[-105.2614551,40.0019102],[-105.2613331,40.0019102],[-105.261312,40.0019102],[-105.2613064,40.0019102],[-105.2611933,40.0019101],[-105.2611933,40.0019704],[-105.2611932,40.0020018],[-105.2611932,40.002013],[-105.2611932,40.0020209],[-105.2611932,40.0021064],[-105.2614373,40.0021064],[-105.2614373,40.0021403],[-105.2617287,40.0021403],[-105.2617287,40.0021696],[-105.2617287,40.0021862],[-105.2617287,40.0021933],[-105.261715,40.0021933],[-105.2617161,40.0026275],[-105.2617886,40.0026274],[-105.2619454,40.0026272],[-105.2619446,40.0022928],[-105.2619937,40.0022927],[-105.2619938,40.0023596],[-105.2621578,40.0023594],[-105.2621577,40.0022846],[-105.262193,40.0022846],[-105.2622136,40.0022845],[-105.2622137,40.0023913],[-105.2625455,40.002391],[-105.262545,40.002335],[-105.2625454,40.0023267],[-105.262545,40.0023156],[-105.2625452,40.0021991],[-105.2622601,40.0021994],[-105.2622314,40.0021994],[-105.2622314,40.0022151],[-105.262196,40.0022151],[-105.2621646,40.0022151],[-105.2621646,40.0021871],[-105.2622245,40.0021872],[-105.262224,40.00218],[-105.262224,40.0021439],[-105.2622248,40.0018347],[-105.262143,40.0018346],[-105.262058,40.0018346],[-105.2619774,40.0018345],[-105.2619773,40.0018822],[-105.2619771,40.0021707],[-105.261977,40.0021873],[-105.261999,40.0021873],[-105.261999,40.0022319],[-105.2619419,40.0022319],[-105.261942,40.0021951],[-105.2618069,40.0021951]]]}},{"type":"Feature","id":216703114,"properties":{"osmId":216703114,"category":"other","access":"yes","amenity":"bicycle_repair_station","building":"yes","building:levels":"1","fee":"no","name":"Folsom Bike Station","operator":"University of Colorado Boulder","service:bicycle:chain_tool":"no","service:bicycle:pump":"yes","service:bicycle:stand":"yes","service:bicycle:tools":"yes"},"geometry":{"type":"Polygon","coordinates":[[[-105.2640266,40.0065877],[-105.2640271,40.0065216],[-105.2639893,40.0065214],[-105.2639888,40.0065875],[-105.2640266,40.0065877]]]}},{"type":"Feature","id":216984408,"properties":{"osmId":216984408,"category":"other","building":"yes","operator":"University of Colorado Boulder"},"geometry":{"type":"Polygon","coordinates":[[[-105.2510923,39.9991663],[-105.2510916,39.9990723],[-105.2510157,39.9990728],[-105.2510157,39.9991663],[-105.2510923,39.9991663]]]}},{"type":"Feature","id":222246433,"properties":{"osmId":222246433,"category":"religious","addr:city":"Boulder","addr:housenumber":"1820","addr:postcode":"80302","addr:state":"CO","addr:street":"15th Street","amenity":"place_of_worship","building":"church","denomination":"presbyterian","name":"Grace Commons Church","religion":"christian","source":"bing;survey;website","toilets:wheelchair":"yes","website":"https://www.gracecommons.org/","wheelchair":"limited"},"geometry":{"type":"Polygon","coordinates":[[[-105.2745259,40.0177244],[-105.2747407,40.017679],[-105.2746841,40.0175221],[-105.2748796,40.0174808],[-105.2749631,40.0177125],[-105.2751967,40.0176631],[-105.2751164,40.0174405],[-105.2751656,40.0174301],[-105.2752497,40.0174123],[-105.2752008,40.0172767],[-105.2751567,40.0171543],[-105.2753513,40.0171131],[-105.2752821,40.016921],[-105.2743104,40.0171264],[-105.2744166,40.0174212],[-105.2745259,40.0177244]]]}},{"type":"Feature","id":242109074,"properties":{"osmId":242109074,"category":"religious","addr:city":"Boulder","addr:housenumber":"1128","addr:postcode":"80302","addr:street":"Pine Street","amenity":"place_of_worship","building":"yes","name":"First Congregational Church","religion":"christian"},"geometry":{"type":"Polygon","coordinates":[[[-105.2810224,40.019661],[-105.2809383,40.0194276],[-105.2808976,40.0194362],[-105.2808719,40.019365],[-105.2806845,40.0194046],[-105.2807128,40.0194833],[-105.2807571,40.0194739],[-105.2808183,40.0196436],[-105.2807751,40.0196527],[-105.2807954,40.019709],[-105.2810224,40.019661]]]}},{"type":"Feature","id":242114155,"properties":{"osmId":242114155,"category":"religious","amenity":"place_of_worship","building":"yes","check_date":"2024-03-28","denomination":"methodist","ele":"1633","gnis:feature_id":"2036586","name":"First Methodist Episcopal Church","religion":"christian"},"geometry":{"type":"Polygon","coordinates":[[[-105.2772028,40.0198183],[-105.2770042,40.0198596],[-105.2769607,40.019737],[-105.2776102,40.0196019],[-105.2776537,40.0197245],[-105.2776952,40.0198416],[-105.277396,40.0199038],[-105.2774315,40.0200041],[-105.2772799,40.0200357],[-105.2772028,40.0198183]]]}},{"type":"Feature","id":242114192,"properties":{"osmId":242114192,"category":"library","addr:city":"Boulder","addr:housenumber":"1125","addr:postcode":"80302","addr:street":"Pine Street","amenity":"library","building":"yes","heritage":"yes","name":"Carnegie Library","wikidata":"Q5043916","wikipedia":"en:Carnegie Library (Boulder, Colorado)"},"geometry":{"type":"Polygon","coordinates":[[[-105.2815032,40.020238],[-105.2814057,40.0199501],[-105.2815336,40.0199247],[-105.2816311,40.0202126],[-105.2815032,40.020238]]]}},{"type":"Feature","id":242114204,"properties":{"osmId":242114204,"category":"library","addr:city":"Boulder","addr:housenumber":"1109","addr:postcode":"80302","addr:state":"CO","addr:street":"Pine Street","amenity":"library","building":"yes","ele":"1646","gnis:feature_id":"1795228","name":"Boulder Public Library Carnegie Branch of Local History","wikidata":"Q5043916"},"geometry":{"type":"Polygon","coordinates":[[[-105.2818529,40.0200157],[-105.2817937,40.0198669],[-105.28194,40.0198327],[-105.2819993,40.0199815],[-105.2818529,40.0200157]]]}},{"type":"Feature","id":242146658,"properties":{"osmId":242146658,"category":"religious","addr:city":"Boulder","addr:housenumber":"1211","addr:postcode":"80302","addr:state":"CO","addr:street":"Pine Street","amenity":"place_of_worship","building":"yes","name":"Trinity Lutheran","religion":"christian","website":"https://www.trinityboulder.org/"},"geometry":{"type":"Polygon","coordinates":[[[-105.2805654,40.0201516],[-105.2803508,40.0201938],[-105.2803402,40.0201619],[-105.2802651,40.0201767],[-105.2803611,40.0204631],[-105.2806752,40.0204013],[-105.2806465,40.0203157],[-105.2805873,40.0203273],[-105.2805472,40.0202078],[-105.280582,40.020201],[-105.2805654,40.0201516]]]}},{"type":"Feature","id":242146662,"properties":{"osmId":242146662,"category":"religious","addr:city":"Boulder","addr:housenumber":"1316","addr:postcode":"80302","addr:state":"CO","addr:street":"Mapleton Avenue","alt_name":"Sacred Heart of Jesus Parish Center","amenity":"place_of_worship","building":"church","denomination":"roman_catholic","diocese":"Denver","ele":"1638","fax":"+1 303-442-7905","gnis:feature_id":"1795236","name":"Sacred Heart of Jesus Catholic Church","phone":"+1 303-442-6158","religion":"christian","website":"https://shjboulder.org/"},"geometry":{"type":"Polygon","coordinates":[[[-105.2786382,40.0213099],[-105.2786142,40.021244],[-105.2786336,40.0212399],[-105.2786071,40.0211669],[-105.2785871,40.0211711],[-105.2785753,40.0211388],[-105.2785173,40.0211512],[-105.2784588,40.0209903],[-105.2784848,40.0209848],[-105.2784691,40.0209419],[-105.2787924,40.0208728],[-105.2788094,40.0209196],[-105.2788228,40.0209168],[-105.2788816,40.0210785],[-105.2788672,40.0210816],[-105.2788783,40.021112],[-105.2788111,40.0211263],[-105.2788376,40.021199],[-105.2788562,40.0211951],[-105.2788792,40.0212585],[-105.2786382,40.0213099]]]}},{"type":"Feature","id":242146671,"properties":{"osmId":242146671,"category":"religious","addr:city":"Boulder","addr:housenumber":"2243","addr:postcode":"80302","addr:street":"13th Street","amenity":"place_of_worship","building":"church","ele":"1640","gnis:feature_id":"1795232","name":"First Church of Christ Scientist","religion":"christian"},"geometry":{"type":"Polygon","coordinates":[[[-105.2798968,40.0210363],[-105.2798877,40.0210069],[-105.2798764,40.021009],[-105.2798433,40.0209026],[-105.2798947,40.0208932],[-105.2798895,40.0208762],[-105.2800597,40.0208452],[-105.2800643,40.0208599],[-105.2801155,40.0208505],[-105.2801384,40.0209241],[-105.280195,40.0209137],[-105.2802119,40.0209682],[-105.2801068,40.0209874],[-105.2801134,40.0210088],[-105.2799965,40.0210301],[-105.2799483,40.0210389],[-105.2799448,40.0210276],[-105.2798968,40.0210363]]]}},{"type":"Feature","id":242146709,"properties":{"osmId":242146709,"category":"religious","addr:city":"Boulder","addr:housenumber":"1237","addr:postcode":"80302","addr:state":"CO","addr:street":"Pine Street","amenity":"place_of_worship","building":"yes","heritage":"yes","name":"Pine Street Church","religion":"christian","website":"https://www.pinestreetchurch.net/","wikidata":"Q123411790","wikipedia":"en:First Baptist Church of Boulder"},"geometry":{"type":"Polygon","coordinates":[[[-105.2796972,40.0206214],[-105.2796571,40.020503],[-105.2798039,40.0204738],[-105.2797226,40.0202336],[-105.279883,40.0202018],[-105.279963,40.0204383],[-105.2799882,40.0204333],[-105.2800295,40.0205554],[-105.2796972,40.0206214]]]}},{"type":"Feature","id":242288330,"properties":{"osmId":242288330,"category":"religious","addr:city":"Boulder","addr:housenumber":"1419","addr:postcode":"80302","addr:state":"CO","addr:street":"Pine Street","amenity":"place_of_worship","building":"yes","denomination":"episcopal","name":"Saint Johns Episcopal Church","religion":"christian","website":"https://www.stjohnsboulder.org/"},"geometry":{"type":"Polygon","coordinates":[[[-105.2772718,40.0211241],[-105.2781211,40.0209608],[-105.2780847,40.0208498],[-105.2780614,40.0208543],[-105.278006,40.0206857],[-105.2779613,40.0206943],[-105.277943,40.0206384],[-105.27778,40.0206697],[-105.2778582,40.0209083],[-105.2777898,40.0209215],[-105.2777685,40.0208564],[-105.2776088,40.0208871],[-105.277632,40.0209578],[-105.2775874,40.0209664],[-105.2775587,40.0208788],[-105.2774325,40.020903],[-105.2774242,40.0208776],[-105.2773827,40.0208552],[-105.2773368,40.0208643],[-105.2773298,40.0208437],[-105.2773428,40.0208411],[-105.2773281,40.0207979],[-105.2771298,40.0208373],[-105.2771969,40.0210353],[-105.2772184,40.021031],[-105.2772474,40.0211166],[-105.2772718,40.0211241]]]}},{"type":"Feature","id":242291439,"properties":{"osmId":242291439,"category":"academic","addr:city":"Boulder","addr:housenumber":"1526","addr:postcode":"80302","addr:street":"Spruce Street","building":"school"},"geometry":{"type":"Polygon","coordinates":[[[-105.275695,40.0196741],[-105.275528,40.0197088],[-105.2754912,40.0196049],[-105.2755264,40.0195976],[-105.2754826,40.0194741],[-105.2756143,40.0194467],[-105.275695,40.0196741]]]}},{"type":"Feature","id":242405805,"properties":{"osmId":242405805,"category":"religious","addr:city":"Boulder","addr:housenumber":"898","addr:postcode":"80302","addr:state":"CO","addr:street":"14th Street","alt_name":"Saint Thomas Aquinas Catholic Center","amenity":"place_of_worship","building":"church","denomination":"roman_catholic","fax":"+1 303-443-8399","name":"Saint Thomas Aquinas University Parish","phone":"+1 303-443-8383","religion":"christian","source":"esri_USDOT_ColoradoOITGIS","website":"https://www.thomascenter.org/"},"geometry":{"type":"Polygon","coordinates":[[[-105.274382,40.0033554],[-105.2745199,40.0033546],[-105.2745201,40.0033807],[-105.2746684,40.0033799],[-105.2746678,40.0033217],[-105.2747762,40.003321],[-105.274778,40.0034904],[-105.2747422,40.0034906],[-105.2747429,40.0035615],[-105.2746658,40.0035619],[-105.2746653,40.003517],[-105.2745118,40.0035179],[-105.2745122,40.0035616],[-105.2743842,40.0035623],[-105.274382,40.0033554]]]}},{"type":"Feature","id":264355132,"properties":{"osmId":264355132,"category":"other","addr:city":"Boulder","addr:housenumber":"1335;1333","addr:postcode":"80302","addr:state":"CO","addr:street":"Grandview Avenue","building":"yes","name":"Temporary Building No. 82","operator":"University of Colorado Boulder","short_name":"TB82","source":"esri_USDOT_ColoradoOITGIS"},"geometry":{"type":"Polygon","coordinates":[[[-105.2756636,40.0118019],[-105.2755189,40.0118031],[-105.2755169,40.011655],[-105.2756616,40.0116539],[-105.2756636,40.0118019]]]}},{"type":"Feature","id":264658375,"properties":{"osmId":264658375,"category":"academic","building":"yes","name":"Performing Arts Center (PAC)"},"geometry":{"type":"Polygon","coordinates":[[[-105.2668382,40.0141123],[-105.2668351,40.0139189],[-105.2669113,40.0139182],[-105.2669109,40.0138937],[-105.267098,40.013892],[-105.2671008,40.0140828],[-105.2671014,40.0141098],[-105.2668382,40.0141123]]]}},{"type":"Feature","id":264683964,"properties":{"osmId":264683964,"category":"academic","building":"shed"},"geometry":{"type":"Polygon","coordinates":[[[-105.2726208,40.0074783],[-105.2726237,40.0075087],[-105.2725389,40.0075134],[-105.272536,40.0074831],[-105.2726208,40.0074783]]]}},{"type":"Feature","id":264685453,"properties":{"osmId":264685453,"category":"academic","building":"shed"},"geometry":{"type":"Polygon","coordinates":[[[-105.2729309,40.007464],[-105.2729274,40.0074823],[-105.2728675,40.0074805],[-105.2728675,40.0074566],[-105.2729309,40.007464]]]}},{"type":"Feature","id":264694043,"properties":{"osmId":264694043,"category":"academic","building":"shed"},"geometry":{"type":"Polygon","coordinates":[[[-105.2484065,40.0095929],[-105.2484455,40.0096681],[-105.248317,40.0097072],[-105.248278,40.0096321],[-105.2484065,40.0095929]]]}},{"type":"Feature","id":264694045,"properties":{"osmId":264694045,"category":"academic","building":"shed"},"geometry":{"type":"Polygon","coordinates":[[[-105.2518308,40.0094608],[-105.2517758,40.0094587],[-105.2517798,40.0094216],[-105.2518308,40.009421],[-105.2518308,40.0094608]]]}},{"type":"Feature","id":264694047,"properties":{"osmId":264694047,"category":"academic","building":"shed"},"geometry":{"type":"Polygon","coordinates":[[[-105.2490505,40.0111907],[-105.249037,40.0112747],[-105.2489442,40.011266],[-105.2489577,40.011182],[-105.2490505,40.0111907]]]}},{"type":"Feature","id":293930527,"properties":{"osmId":293930527,"category":"academic","addr:city":"Boulder","addr:housenumber":"1085","addr:state":"CO","addr:street":"18th Street","building":"university","building:levels":"4","name":"CU Art Museum","operator":"University of Colorado Boulder","short_name":"CUAM","tourism":"museum","wikidata":"Q18325682"},"geometry":{"type":"Polygon","coordinates":[[[-105.2701799,40.0074076],[-105.2700524,40.0074076],[-105.2699002,40.0074087],[-105.2699028,40.0073786],[-105.2696775,40.0073806],[-105.2696792,40.0071122],[-105.2700503,40.0071218],[-105.2701281,40.0071279],[-105.2701429,40.0072008],[-105.2701487,40.0072393],[-105.2701588,40.0072928],[-105.2701663,40.0073436],[-105.2701799,40.0074076]]]}},{"type":"Feature","id":301963744,"properties":{"osmId":301963744,"category":"academic","building":"yes","name":"East District Energy Plant"},"geometry":{"type":"Polygon","coordinates":[[[-105.2599224,40.0052195],[-105.2599223,40.0056348],[-105.2598227,40.0056348],[-105.2598227,40.0057244],[-105.2598227,40.0058561],[-105.2595471,40.005856],[-105.2595472,40.0057865],[-105.2593142,40.0057865],[-105.2593142,40.0052195],[-105.2599224,40.0052195]]]}},{"type":"Feature","id":303545094,"properties":{"osmId":303545094,"category":"academic","amenity":"bicycle_parking","bicycle_parking":"handlebar_holder","building":"roof","capacity":"120"},"geometry":{"type":"Polygon","coordinates":[[[-105.2645761,40.0025054],[-105.2645779,40.0024322],[-105.2645781,40.0024284],[-105.2643091,40.0024284],[-105.2643111,40.0025053],[-105.2645761,40.0025054]]]}},{"type":"Feature","id":309854007,"properties":{"osmId":309854007,"category":"academic","building":"school"},"geometry":{"type":"Polygon","coordinates":[[[-105.2678081,40.0140589],[-105.2678739,40.0140582],[-105.2678739,40.0139975],[-105.2676891,40.0139982],[-105.2676909,40.0140603],[-105.2678081,40.0140589]]]}},{"type":"Feature","id":359421635,"properties":{"osmId":359421635,"category":"academic","addr:housenumber":"1060","addr:street":"Regent Drive","building":"yes","name":"Grounds & Recycling Operations Center","short_name":"GROC"},"geometry":{"type":"Polygon","coordinates":[[[-105.2598873,40.0068855],[-105.2598896,40.0070852],[-105.2596074,40.0070871],[-105.259606,40.0069595],[-105.2593674,40.0069611],[-105.2593647,40.0067208],[-105.2595439,40.0067196],[-105.2595436,40.0066908],[-105.2597956,40.0066891],[-105.2597973,40.0068345],[-105.259856,40.0068341],[-105.2598565,40.0068857],[-105.2598873,40.0068855]]]}},{"type":"Feature","id":377378269,"properties":{"osmId":377378269,"category":"academic","addr:housenumber":"2150","addr:state":"CO","addr:street":"Stadium Drive","building":"yes","height":"45","material":"sandstone","name":"Champions Center"},"geometry":{"type":"Polygon","coordinates":[[[-105.2664121,40.0102976],[-105.2663805,40.0103391],[-105.2663955,40.0103485],[-105.2663374,40.0104231],[-105.2663367,40.0104413],[-105.2665374,40.0104392],[-105.2665379,40.0104697],[-105.2663372,40.0104718],[-105.2663374,40.010489],[-105.2663159,40.0104893],[-105.2662289,40.0104899],[-105.2661455,40.0104905],[-105.2657,40.0104941],[-105.2656999,40.0105046],[-105.2656,40.0105079],[-105.2656007,40.0104318],[-105.2656169,40.0104319],[-105.2656171,40.0099652],[-105.2656691,40.0099645],[-105.2657476,40.0099647],[-105.2657726,40.0099633],[-105.2657727,40.0099397],[-105.2659534,40.0099401],[-105.2659538,40.0099647],[-105.26604,40.0099653],[-105.266065,40.009966],[-105.2660662,40.0100124],[-105.2660978,40.0101183],[-105.266234,40.0102285],[-105.2663182,40.0102635],[-105.2664121,40.0102976]]]}},{"type":"Feature","id":377378436,"properties":{"osmId":377378436,"category":"academic","building":"university","name":"Indoor Practice Facility and Parking Garage"},"geometry":{"type":"Polygon","coordinates":[[[-105.26439,40.0094385],[-105.2643912,40.0105196],[-105.264501,40.0105195],[-105.2645557,40.0105194],[-105.2645557,40.0105822],[-105.2651315,40.0105817],[-105.2651314,40.0105232],[-105.2652751,40.010523],[-105.265275,40.0104583],[-105.2652748,40.0103715],[-105.2653836,40.0103712],[-105.2653832,40.0102723],[-105.2652751,40.0102726],[-105.2652742,40.0094379],[-105.26439,40.0094385]]]}},{"type":"Feature","id":390502473,"properties":{"osmId":390502473,"category":"academic","building":"yes"},"geometry":{"type":"Polygon","coordinates":[[[-105.2523616,40.0083014],[-105.2523607,40.0082089],[-105.2523043,40.0082092],[-105.2523052,40.0083017],[-105.2523616,40.0083014]]]}},{"type":"Feature","id":391231998,"properties":{"osmId":391231998,"category":"academic","building":"yes"},"geometry":{"type":"Polygon","coordinates":[[[-105.2669394,40.0138678],[-105.2668603,40.0138679],[-105.2668598,40.013738],[-105.266939,40.0137379],[-105.2669394,40.0138678]]]}},{"type":"Feature","id":391232000,"properties":{"osmId":391232000,"category":"academic","building":"yes"},"geometry":{"type":"Polygon","coordinates":[[[-105.2675454,40.0137187],[-105.2674126,40.0137181],[-105.2674132,40.0136329],[-105.267546,40.0136335],[-105.2675454,40.0137187]]]}},{"type":"Feature","id":413494352,"properties":{"osmId":413494352,"category":"academic","building":"yes"},"geometry":{"type":"Polygon","coordinates":[[[-105.2515373,40.010673],[-105.2514675,40.0106752],[-105.251461,40.0105551],[-105.2515308,40.0105529],[-105.2515373,40.010673]]]}},{"type":"Feature","id":466835734,"properties":{"osmId":466835734,"category":"academic","building":"yes"},"geometry":{"type":"Polygon","coordinates":[[[-105.2493314,40.009796],[-105.2493316,40.0097592],[-105.2493316,40.0097419],[-105.24945,40.0097422],[-105.2494497,40.0097963],[-105.2493314,40.009796]]]}},{"type":"Feature","id":466835739,"properties":{"osmId":466835739,"category":"academic","building":"yes"},"geometry":{"type":"Polygon","coordinates":[[[-105.2521432,40.0098685],[-105.2520836,40.0098692],[-105.2520821,40.0097981],[-105.2521418,40.0097974],[-105.2521432,40.0098685]]]}},{"type":"Feature","id":466835742,"properties":{"osmId":466835742,"category":"academic","building":"yes"},"geometry":{"type":"Polygon","coordinates":[[[-105.2525356,40.0090379],[-105.2524317,40.0090373],[-105.2524327,40.0089292],[-105.2525366,40.0089297],[-105.2525356,40.0090379]]]}},{"type":"Feature","id":466835754,"properties":{"osmId":466835754,"category":"residential","building":"apartments","building:levels":"3","name":"E4","operator":"University of Colorado Boulder"},"geometry":{"type":"Polygon","coordinates":[[[-105.2520231,40.0101603],[-105.2518119,40.0101634],[-105.251806,40.0099302],[-105.2520172,40.0099271],[-105.2520231,40.0101603]]]}},{"type":"Feature","id":466835761,"properties":{"osmId":466835761,"category":"academic","building":"shed"},"geometry":{"type":"Polygon","coordinates":[[[-105.251298,40.0082379],[-105.2512973,40.0082204],[-105.2513167,40.0082202],[-105.2513167,40.0082379],[-105.251298,40.0082379]]]}},{"type":"Feature","id":466835767,"properties":{"osmId":466835767,"category":"academic","building":"university"},"geometry":{"type":"Polygon","coordinates":[[[-105.2495069,40.0090245],[-105.2495075,40.009298],[-105.249171,40.0092984],[-105.2491711,40.0093453],[-105.2489501,40.0093456],[-105.2489494,40.0090252],[-105.2492217,40.0090248],[-105.2495069,40.0090245]]]}},{"type":"Feature","id":542955658,"properties":{"osmId":542955658,"category":"academic","addr:city":"Boulder","addr:housenumber":"1725","addr:postcode":"80309","addr:state":"CO","addr:street":"Euclid Avenue","building":"university","name":"The Center for Academic Success and Engagement","operator":"Center for Academic Success and Engagement\" (CASE)","parking":"multi-storey"},"geometry":{"type":"Polygon","coordinates":[[[-105.270637,40.0065126],[-105.2703671,40.0065112],[-105.2703678,40.0063978],[-105.2703684,40.0063637],[-105.2702502,40.0063631],[-105.2702496,40.0064323],[-105.2701078,40.0064315],[-105.2701071,40.0065108],[-105.2697256,40.0065088],[-105.269726,40.0064603],[-105.2696556,40.0064599],[-105.2696587,40.0061304],[-105.2696967,40.0061307],[-105.2696985,40.0060432],[-105.2702673,40.0060595],[-105.2703111,40.0060602],[-105.2703125,40.0061774],[-105.2704393,40.0061796],[-105.2704403,40.006068],[-105.2705997,40.0060689],[-105.2706951,40.0060694],[-105.2706917,40.0064576],[-105.2706374,40.0064573],[-105.270637,40.0065126]]]}},{"type":"Feature","id":567535172,"properties":{"osmId":567535172,"category":"academic","addr:city":"Boulder","addr:housenumber":"510","addr:postcode":"80303","addr:state":"CO","addr:street":"30th Street","amenity":"community_centre","building":"yes","community_centre":"community_hall","name":"Williams Village Center Dining & Community Commons","short_name":"WVC"},"geometry":{"type":"Polygon","coordinates":[[[-105.2524269,39.9977367],[-105.2521984,39.9977379],[-105.2521997,39.9978828],[-105.2520831,39.9978834],[-105.2520836,39.9979355],[-105.2519689,39.9979361],[-105.2519692,39.997968],[-105.2519537,39.9979681],[-105.2519538,39.997987],[-105.2517396,39.9979876],[-105.2517394,39.9979267],[-105.2512221,39.997932],[-105.2512,39.9978766],[-105.2512204,39.9978716],[-105.2511765,39.9977659],[-105.2512321,39.9977523],[-105.2512133,39.9977071],[-105.251267,39.9976531],[-105.2513355,39.997693],[-105.2514383,39.9975895],[-105.2514212,39.9975796],[-105.2515835,39.9974163],[-105.2515831,39.9973759],[-105.251583,39.9973687],[-105.2517337,39.9973678],[-105.2518689,39.9973669],[-105.2523661,39.9973638],[-105.2523664,39.9973908],[-105.2524326,39.9973904],[-105.2524335,39.9974802],[-105.2524843,39.9974799],[-105.2524859,39.9976353],[-105.2524557,39.9976355],[-105.2524563,39.9976962],[-105.2524265,39.9976964],[-105.2524269,39.9977367]]]}},{"type":"Feature","id":571845704,"properties":{"osmId":571845704,"category":"academic","building":"yes","name":"Sycamore Hall"},"geometry":{"type":"Polygon","coordinates":[[[-105.2673842,40.0141544],[-105.2671882,40.0141559],[-105.2671872,40.014082],[-105.2671846,40.0138914],[-105.2672145,40.0138912],[-105.2673805,40.0138898],[-105.2673842,40.0141544]]]}},{"type":"Feature","id":571845705,"properties":{"osmId":571845705,"category":"academic","building":"yes","name":"Pamela Krasney Pavillion"},"geometry":{"type":"Polygon","coordinates":[[[-105.2671872,40.014082],[-105.2671846,40.0138914],[-105.267098,40.013892],[-105.2671008,40.0140828],[-105.2671872,40.014082]]]}},{"type":"Feature","id":706728928,"properties":{"osmId":706728928,"category":"academic","bridge":"yes","building":"yes","level":"1"},"geometry":{"type":"Polygon","coordinates":[[[-105.2617865,40.0074029],[-105.2617866,40.0070877],[-105.2617152,40.0070877],[-105.2617151,40.0071944],[-105.261675,40.0071944],[-105.261675,40.0073072],[-105.2617151,40.0073072],[-105.2617151,40.0074028],[-105.2617865,40.0074029]]]}},{"type":"Feature","id":748920766,"properties":{"osmId":748920766,"category":"academic","building":"shed"},"geometry":{"type":"Polygon","coordinates":[[[-105.2591068,40.0032856],[-105.2590538,40.0032846],[-105.2590628,40.0031459],[-105.2591158,40.0031479],[-105.2591068,40.0032856]]]}},{"type":"Feature","id":868818924,"properties":{"osmId":868818924,"category":"academic","building":"commercial","building:levels":"1","name":"Stadium Classrooms"},"geometry":{"type":"Polygon","coordinates":[[[-105.2678073,40.0089288],[-105.2677729,40.0088323],[-105.2677142,40.0087503],[-105.2676535,40.0086731],[-105.2675688,40.0086013],[-105.267476,40.0085389],[-105.2673733,40.0084871],[-105.2672634,40.0084469],[-105.2671523,40.0084194],[-105.2670986,40.0084105],[-105.2670724,40.0084062],[-105.2669903,40.0083973],[-105.2669237,40.0083932],[-105.2668531,40.0083925],[-105.2667775,40.0083967],[-105.2667441,40.0084006],[-105.2667293,40.0084023],[-105.2667041,40.0084052],[-105.2666357,40.0084158],[-105.2665701,40.0084277],[-105.2665439,40.0084319],[-105.2665068,40.008443],[-105.2664668,40.0084607],[-105.2663608,40.008511],[-105.2663,40.0085526],[-105.2662083,40.0086245],[-105.2661103,40.0087401],[-105.2662796,40.0088016],[-105.2662936,40.0087822],[-105.2663236,40.0087498],[-105.2663108,40.0087402],[-105.2663322,40.0087204],[-105.2663474,40.0087297],[-105.2663954,40.0086912],[-105.2664609,40.0086395],[-105.2665266,40.008609],[-105.2665802,40.0085842],[-105.2665709,40.0085716],[-105.2666043,40.0085591],[-105.2666134,40.0085726],[-105.2666749,40.0085555],[-105.2667551,40.0085331],[-105.2668359,40.0085261],[-105.2669034,40.0085202],[-105.2669027,40.0085039],[-105.2669394,40.0085027],[-105.2669408,40.008519],[-105.2670026,40.0085265],[-105.2670999,40.0085355],[-105.2671663,40.0085522],[-105.2672295,40.0085715],[-105.26724,40.0085548],[-105.2672699,40.0085656],[-105.2672607,40.0085832],[-105.2673162,40.0086121],[-105.2673886,40.0086476],[-105.2674513,40.0086951],[-105.2674918,40.0087264],[-105.2675116,40.0087141],[-105.2675367,40.0087371],[-105.2675169,40.0087496],[-105.267557,40.0088001],[-105.2676053,40.0088723],[-105.2676461,40.0089657],[-105.2678073,40.0089288]]]}},{"type":"Feature","id":878376684,"properties":{"osmId":878376684,"category":"academic","amenity":"theatre","building":"yes","theatre:type":"amphi"},"geometry":{"type":"Polygon","coordinates":[[[-105.2676261,40.0064152],[-105.2676781,40.0063342],[-105.2676421,40.0063258],[-105.2675861,40.0063181],[-105.2675291,40.006322],[-105.2674731,40.0063316],[-105.2674581,40.0063355],[-105.2675021,40.0064151],[-105.2676261,40.0064152]]]}},{"type":"Feature","id":879412655,"properties":{"osmId":879412655,"category":"academic","amenity":"shelter","building":"yes","shelter_type":"public_transport"},"geometry":{"type":"Polygon","coordinates":[[[-105.268943,40.0081444],[-105.268922,40.0081271],[-105.268947,40.0081089],[-105.268968,40.0081263],[-105.268943,40.0081444]]]}},{"type":"Feature","id":879477381,"properties":{"osmId":879477381,"category":"academic","building":"roof","layer":"1"},"geometry":{"type":"Polygon","coordinates":[[[-105.2627019,40.0031586],[-105.2627139,40.0031571],[-105.2627276,40.0030589],[-105.2627285,40.0030522],[-105.2627186,40.0030184],[-105.2627004,40.003017],[-105.2627006,40.0030587],[-105.2627019,40.0031586]]]}},{"type":"Feature","id":879485198,"properties":{"osmId":879485198,"category":"academic","building":"shed"},"geometry":{"type":"Polygon","coordinates":[[[-105.2598371,40.0015974],[-105.2598026,40.0015769],[-105.2598464,40.0015337],[-105.2598809,40.0015542],[-105.2598371,40.0015974]]]}},{"type":"Feature","id":886275866,"properties":{"osmId":886275866,"category":"academic","building":"yes"},"geometry":{"type":"Polygon","coordinates":[[[-105.2662497,40.0066268],[-105.2661273,40.0066262],[-105.2661277,40.0065682],[-105.2662502,40.0065688],[-105.2662497,40.0066268]]]}},{"type":"Feature","id":886275880,"properties":{"osmId":886275880,"category":"academic","building":"yes"},"geometry":{"type":"Polygon","coordinates":[[[-105.2659755,40.0046521],[-105.2659739,40.0046132],[-105.2660668,40.004611],[-105.2660684,40.0046499],[-105.2659755,40.0046521]]]}},{"type":"Feature","id":888508910,"properties":{"osmId":888508910,"category":"academic","amenity":"shelter","building":"yes","shelter_type":"public_transport"},"geometry":{"type":"Polygon","coordinates":[[[-105.268988,40.0081514],[-105.268967,40.0081341],[-105.268992,40.0081159],[-105.269013,40.0081333],[-105.268988,40.0081514]]]}},{"type":"Feature","id":888508911,"properties":{"osmId":888508911,"category":"academic","amenity":"shelter","building":"yes","shelter_type":"public_transport"},"geometry":{"type":"Polygon","coordinates":[[[-105.2690505,40.0081461],[-105.2690295,40.0081288],[-105.2690545,40.0081106],[-105.2690755,40.008128],[-105.2690505,40.0081461]]]}},{"type":"Feature","id":888510520,"properties":{"osmId":888510520,"category":"academic","amenity":"bicycle_parking","bicycle_parking":"building","building":"yes","covered":"yes"},"geometry":{"type":"Polygon","coordinates":[[[-105.2671912,40.0067333],[-105.267107,40.0067346],[-105.2671045,40.0066369],[-105.2671888,40.0066357],[-105.2671912,40.0067333]]]}},{"type":"Feature","id":888510521,"properties":{"osmId":888510521,"category":"academic","amenity":"bicycle_parking","bicycle_parking":"building","building":"yes","covered":"yes"},"geometry":{"type":"Polygon","coordinates":[[[-105.2670093,40.0067309],[-105.266925,40.0067321],[-105.2669226,40.0066345],[-105.2670068,40.0066333],[-105.2670093,40.0067309]]]}},{"type":"Feature","id":888534190,"properties":{"osmId":888534190,"category":"academic","building":"roof","building:levels":"1","building:part":"yes","layer":"1"},"geometry":{"type":"Polygon","coordinates":[[[-105.2659092,40.0056744],[-105.2658868,40.0056746],[-105.2658865,40.0056578],[-105.2659089,40.0056576],[-105.2659092,40.0056744]]]}},{"type":"Feature","id":888536143,"properties":{"osmId":888536143,"category":"academic","amenity":"shelter","bench":"yes","building":"yes","shelter_type":"public_transport"},"geometry":{"type":"Polygon","coordinates":[[[-105.2646012,40.0081114],[-105.2645439,40.0081105],[-105.2645443,40.0080985],[-105.2646015,40.0080994],[-105.2646012,40.0081114]]]}},{"type":"Feature","id":888536144,"properties":{"osmId":888536144,"category":"academic","building":"roof","layer":"1"},"geometry":{"type":"Polygon","coordinates":[[[-105.2639515,40.0078002],[-105.2639047,40.0078002],[-105.2639047,40.0077299],[-105.2639515,40.0077299],[-105.2639515,40.0078002]]]}},{"type":"Feature","id":888741625,"properties":{"osmId":888741625,"category":"academic","building":"shed"},"geometry":{"type":"Polygon","coordinates":[[[-105.2598816,40.0015517],[-105.2598466,40.0015312],[-105.2598906,40.001488],[-105.2599246,40.0015085],[-105.2598816,40.0015517]]]}},{"type":"Feature","id":949127181,"properties":{"osmId":949127181,"category":"academic","addr:city":"Boulder","addr:housenumber":"1931","addr:postcode":"80302","addr:state":"CO","addr:street":"Grandview Avenue","building":"yes","landuse":"industrial","name":"Steam Distribution House","power":"plant","source":"esri_USDOT_ColoradoOITGIS"},"geometry":{"type":"Polygon","coordinates":[[[-105.2700326,40.0116077],[-105.2700428,40.0115237],[-105.2698776,40.0115119],[-105.2698674,40.0115959],[-105.2700326,40.0116077]]]}},{"type":"Feature","id":1000962570,"properties":{"osmId":1000962570,"category":"academic","building":"university","building:levels":"3","layer":"-1","location":"surface","name":"Rustandy Building"},"geometry":{"type":"Polygon","coordinates":[[[-105.2637077,40.0061493],[-105.2637108,40.006413],[-105.263671,40.006413],[-105.2636709,40.0064694],[-105.2635279,40.0064682],[-105.2635269,40.0065444],[-105.2633878,40.0065442],[-105.2632084,40.0063896],[-105.2632077,40.0061497],[-105.2635701,40.0061738],[-105.2637077,40.0061493]]]}},{"type":"Feature","id":1227694702,"properties":{"osmId":1227694702,"category":"academic","building":"industrial","cooling:method":"mechanical_draft","man_made":"cooling"},"geometry":{"type":"Polygon","coordinates":[[[-105.2689612,40.0078341],[-105.2690561,40.0078357],[-105.2690612,40.0076553],[-105.2689664,40.0076538],[-105.2689612,40.0078341]]]}},{"type":"Feature","id":1227694703,"properties":{"osmId":1227694703,"category":"academic","building":"industrial","cooling:method":"mechanical_draft","man_made":"cooling"},"geometry":{"type":"Polygon","coordinates":[[[-105.2689802,40.0075894],[-105.2690618,40.0075892],[-105.2690617,40.0075611],[-105.2689801,40.0075613],[-105.2689802,40.0075894]]]}},{"type":"Feature","id":1228524370,"properties":{"osmId":1228524370,"category":"academic","building":"shed"},"geometry":{"type":"Polygon","coordinates":[[[-105.2532085,40.0078008],[-105.253141,40.0078051],[-105.2531356,40.0077549],[-105.2532031,40.0077506],[-105.2532085,40.0078008]]]}},{"type":"Feature","id":1246144743,"properties":{"osmId":1246144743,"category":"academic","addr:city":"Boulder","addr:housenumber":"1045","addr:postcode":"80305","addr:state":"CO","addr:street":"18th Street","building":"university","building:levels":"3","name":"Department of Information Science"},"geometry":{"type":"Polygon","coordinates":[[[-105.2699793,40.0070239],[-105.2699752,40.0068636],[-105.2696573,40.0068636],[-105.2696595,40.0070263],[-105.2699793,40.0070239]]]}},{"type":"Feature","id":1331891746,"properties":{"osmId":1331891746,"category":"residential","addr:city":"Boulder","addr:housenumber":"500","addr:state":"CO","addr:street":"30th Street","building":"dormitory","building:levels":"15","building:material":"sandstone","height":"34","name":"Darley South Hall","note":"Guessed # of building levels from arial imagery","operator":"University of Colorado Boulder","short_name":"DRLS"},"geometry":{"type":"Polygon","coordinates":[[[-105.252485,39.9981179],[-105.2524046,39.9981186],[-105.2523438,39.9981191],[-105.252342,39.997994],[-105.2523228,39.9979941],[-105.252323,39.9980049],[-105.2522659,39.9980054],[-105.2522653,39.9979666],[-105.2523052,39.9979663],[-105.2523044,39.9979103],[-105.2523613,39.9979099],[-105.2523609,39.9978812],[-105.2524074,39.9978808],[-105.2524079,39.9979141],[-105.2525376,39.997913],[-105.2525382,39.9979532],[-105.2525258,39.9979533],[-105.2525259,39.9979617],[-105.2525609,39.9979614],[-105.2525615,39.9980056],[-105.2524992,39.9980061],[-105.2524996,39.9980324],[-105.2524821,39.9980325],[-105.2524824,39.9980577],[-105.2524682,39.9980578],[-105.2524685,39.998077],[-105.2524844,39.9980768],[-105.252485,39.9981179]]]}},{"type":"Feature","id":1331891747,"properties":{"osmId":1331891747,"category":"residential","addr:city":"Boulder","addr:housenumber":"500","addr:state":"CO","addr:street":"30th Street","building":"dormitory","building:levels":"15","building:material":"sandstone","height":"42","name":"Darley North Hall","note":"Guessed # of building levels from arial imagery","operator":"University of Colorado Boulder","short_name":"DRLN"},"geometry":{"type":"Polygon","coordinates":[[[-105.2523444,39.9982016],[-105.2522573,39.9982021],[-105.2522573,39.9981978],[-105.2522692,39.9981977],[-105.2522688,39.9981481],[-105.2521997,39.9981484],[-105.2521999,39.9981778],[-105.2521374,39.9981781],[-105.2521377,39.9982198],[-105.2521045,39.9982199],[-105.2521048,39.9982677],[-105.2521549,39.9982675],[-105.2521556,39.9983643],[-105.2522014,39.9983641],[-105.2522013,39.998357],[-105.2522146,39.9983569],[-105.2522147,39.9983784],[-105.2522673,39.9983781],[-105.2522669,39.9983212],[-105.2523172,39.998321],[-105.2523171,39.9983117],[-105.2524011,39.9983113],[-105.2524008,39.9982826],[-105.2524177,39.9982825],[-105.2524178,39.9982928],[-105.2524695,39.9982925],[-105.2524693,39.9982661],[-105.2524393,39.9982663],[-105.2524392,39.9982496],[-105.2524544,39.9982495],[-105.252454,39.9982011],[-105.2524053,39.9982013],[-105.2523444,39.9982016]]]}},{"type":"Feature","id":1352305804,"properties":{"osmId":1352305804,"category":"residential","addr:city":"Boulder","addr:housenumber":"3400","addr:state":"CO","addr:street":"Baseline Road","building":"residential","building:levels":"7","name":"Williams Village East Hall","operator":"University of Colorado Boulder","short_name":"WVE"},"geometry":{"type":"Polygon","coordinates":[[[-105.249684,39.9989945],[-105.2496948,39.9989945],[-105.2496948,39.999041],[-105.2495247,39.9990411],[-105.2495247,39.9990479],[-105.2494392,39.9990479],[-105.2494392,39.9990516],[-105.2493832,39.9990514],[-105.2493835,39.9990011],[-105.2493836,39.9989709],[-105.2493016,39.9989707],[-105.2493022,39.9988453],[-105.2492849,39.9988452],[-105.249141,39.9988448],[-105.2491409,39.9988685],[-105.2491048,39.9988684],[-105.2490649,39.9988683],[-105.2488419,39.9988676],[-105.2488415,39.9989615],[-105.2489205,39.9989617],[-105.2489201,39.9990485],[-105.2489362,39.9990485],[-105.248936,39.9991035],[-105.2487462,39.9991031],[-105.2487463,39.9990926],[-105.2487228,39.9990925],[-105.2487228,39.9991013],[-105.2485982,39.9991011],[-105.2485982,39.9991084],[-105.2485398,39.9991083],[-105.2485399,39.9990606],[-105.24854,39.9990289],[-105.2485296,39.9990288],[-105.2485298,39.9989779],[-105.2485792,39.998978],[-105.2485792,39.9989829],[-105.2486333,39.998983],[-105.248634,39.998828],[-105.2486342,39.9987751],[-105.2486342,39.9987641],[-105.2486877,39.9987643],[-105.2486884,39.9986165],[-105.2485764,39.9986162],[-105.2485768,39.9985456],[-105.2485636,39.9985456],[-105.2485639,39.9985051],[-105.248564,39.998482],[-105.2486168,39.9984822],[-105.2486167,39.9984926],[-105.2487458,39.9984932],[-105.2487457,39.9985009],[-105.2487661,39.998501],[-105.2487661,39.9984933],[-105.2489257,39.9984941],[-105.2489258,39.9984859],[-105.2489597,39.998486],[-105.2489596,39.9984909],[-105.2489743,39.998491],[-105.2489739,39.9985504],[-105.2489484,39.9985504],[-105.2489483,39.9985595],[-105.2489633,39.9985596],[-105.248963,39.9986141],[-105.2488897,39.9986139],[-105.2488892,39.9987336],[-105.2490375,39.9987326],[-105.2491037,39.9985483],[-105.2491227,39.9985567],[-105.2491416,39.9985635],[-105.2491514,39.9985671],[-105.2491638,39.9985716],[-105.2491867,39.9985783],[-105.2492124,39.9985847],[-105.2492388,39.9985904],[-105.2492712,39.9985967],[-105.2493046,39.9986012],[-105.2493404,39.9986052],[-105.249378,39.9986062],[-105.2493777,39.998626],[-105.2494669,39.9986262],[-105.2494669,39.9986372],[-105.2494858,39.9986372],[-105.2494858,39.9986209],[-105.2495661,39.9986209],[-105.2495661,39.9986839],[-105.2495546,39.9986839],[-105.249555,39.9988999],[-105.249555,39.9989185],[-105.2496839,39.9989184],[-105.249684,39.9989945]]]}},{"type":"Feature","id":1352305833,"properties":{"osmId":1352305833,"category":"academic","building":"yes"},"geometry":{"type":"Polygon","coordinates":[[[-105.2485134,39.9985999],[-105.2485115,39.9984649],[-105.2484196,39.9984657],[-105.2484216,39.9986007],[-105.2485134,39.9985999]]]}},{"type":"Feature","id":1352305834,"properties":{"osmId":1352305834,"category":"academic","building":"yes"},"geometry":{"type":"Polygon","coordinates":[[[-105.2502676,39.998469],[-105.2502676,39.9984359],[-105.25011,39.9984358],[-105.25011,39.9984688],[-105.2502676,39.998469]]]}},{"type":"Feature","id":1352425829,"properties":{"osmId":1352425829,"category":"residential","addr:city":"Boulder","addr:housenumber":"3275","addr:state":"CO","addr:street":"Apache Road","alt_name":"Bear Creek Apartments A","building":"apartments","building:levels":"5","building:material":"sandstone","description":"Apartment-style housing for upper-division students.","name":"Weber Hall","operator":"University of Colorado Boulder","short_name":"WEB"},"geometry":{"type":"Polygon","coordinates":[[[-105.2502651,39.9972866],[-105.2503349,39.9973262],[-105.2503196,39.9973447],[-105.2503507,39.9973622],[-105.2503666,39.9973458],[-105.2504717,39.997406],[-105.2504577,39.9974231],[-105.2504861,39.9974402],[-105.2505722,39.9973497],[-105.250594,39.9973622],[-105.2506154,39.9973426],[-105.2505977,39.9973326],[-105.2506278,39.9973017],[-105.2506405,39.9972888],[-105.2506838,39.9972442],[-105.2507001,39.9972549],[-105.2507219,39.9972332],[-105.2506996,39.9972203],[-105.2507889,39.9971327],[-105.2507601,39.9971159],[-105.2507424,39.9971316],[-105.2506354,39.9970685],[-105.2506526,39.9970521],[-105.2506233,39.9970336],[-105.2506061,39.9970497],[-105.2505182,39.9969998],[-105.2504754,39.9970464],[-105.250421,39.997014],[-105.2504373,39.9969991],[-105.2504145,39.9969869],[-105.2504949,39.9969068],[-105.2505177,39.9969153],[-105.2505354,39.9968975],[-105.2505168,39.996885],[-105.2506038,39.9967988],[-105.2506233,39.9968113],[-105.2506364,39.9967991],[-105.2507559,39.9968679],[-105.250741,39.9968839],[-105.2507573,39.9968932],[-105.2507271,39.9969256],[-105.2507954,39.9969659],[-105.2507787,39.9969823],[-105.2508108,39.9970005],[-105.2508261,39.9969848],[-105.2509317,39.9970461],[-105.250921,39.9970596],[-105.2509505,39.9970779],[-105.2510015,39.997106],[-105.2510141,39.9970935],[-105.2511238,39.9971551],[-105.2511066,39.9971719],[-105.2511373,39.9971886],[-105.2511518,39.9971722],[-105.2512192,39.9972114],[-105.2512499,39.9971783],[-105.2512671,39.997189],[-105.251282,39.9971726],[-105.2514029,39.9972417],[-105.2513913,39.9972553],[-105.2514104,39.997267],[-105.2512276,39.9974612],[-105.251208,39.9974484],[-105.2511936,39.9974616],[-105.2511364,39.9974281],[-105.2511829,39.9973832],[-105.2510964,39.9973351],[-105.2511122,39.9973198],[-105.2510834,39.9973027],[-105.2510666,39.9973191],[-105.2509345,39.9972424],[-105.2508616,39.9973156],[-105.2508413,39.9973029],[-105.2508221,39.9973223],[-105.2508396,39.9973328],[-105.2507861,39.9973893],[-105.2507545,39.9974225],[-105.2507331,39.997409],[-105.2507111,39.9974309],[-105.2507331,39.9974427],[-105.2506605,39.9975154],[-105.2507958,39.9975959],[-105.2507814,39.9976115],[-105.2508111,39.9976286],[-105.250827,39.9976144],[-105.2509084,39.997661],[-105.2509811,39.9975865],[-105.2510366,39.99762],[-105.2510238,39.997634],[-105.2510452,39.9976479],[-105.250855,39.9978345],[-105.2508336,39.9978214],[-105.2508229,39.9978354],[-105.2507033,39.9977638],[-105.250715,39.9977517],[-105.2501898,39.9974456],[-105.2501763,39.9974579],[-105.250053,39.9973918],[-105.2500651,39.9973793],[-105.2500449,39.9973663],[-105.2501312,39.9972788],[-105.2501521,39.9972909],[-105.2501735,39.9972706],[-105.2501498,39.9972546],[-105.2502265,39.9971733],[-105.2502517,39.9971865],[-105.2502651,39.9971733],[-105.2503186,39.9972043],[-105.250261,39.9972645],[-105.2502763,39.9972724],[-105.2502651,39.9972866]]]}},{"type":"Feature","id":1352425830,"properties":{"osmId":1352425830,"category":"academic","building":"yes"},"geometry":{"type":"Polygon","coordinates":[[[-105.2482716,39.9991018],[-105.2483585,39.9991002],[-105.2483538,39.9989513],[-105.2482065,39.9989541],[-105.248209,39.9990333],[-105.2482694,39.9990322],[-105.2482716,39.9991018]]]}},{"type":"Feature","id":1436763895,"properties":{"osmId":1436763895,"category":"other","addr:city":"Boulder","addr:postcode":"80309","addr:state":"CO","building":"construction","check_date":"2025-10-07","name":"Chemistry and Applied Mathematics","opening_date":"2027-06","operator":"University of Colorado Boulder","short_name":"CHAP"},"geometry":{"type":"Polygon","coordinates":[[[-105.2628607,40.0061592],[-105.2616599,40.0061561],[-105.261672,40.0055342],[-105.2622522,40.0055326],[-105.2622603,40.0050743],[-105.2628607,40.0050804],[-105.2628607,40.0061592]]]}},{"type":"Feature","id":1444435246,"properties":{"osmId":1444435246,"category":"academic","building":"yes"},"geometry":{"type":"Polygon","coordinates":[[[-105.2509981,40.0128929],[-105.2509985,40.0128317],[-105.2513591,40.012833],[-105.2513587,40.0128942],[-105.2509981,40.0128929]]]}},{"type":"Feature","id":1444435247,"properties":{"osmId":1444435247,"category":"academic","building":"yes"},"geometry":{"type":"Polygon","coordinates":[[[-105.2509963,40.0127568],[-105.2509967,40.0126956],[-105.2513573,40.012697],[-105.251357,40.0127582],[-105.2509963,40.0127568]]]}},{"type":"Feature","id":1444435248,"properties":{"osmId":1444435248,"category":"academic","building":"yes"},"geometry":{"type":"Polygon","coordinates":[[[-105.2509963,40.0126874],[-105.2509967,40.0126262],[-105.2513573,40.0126276],[-105.251357,40.0126888],[-105.2509963,40.0126874]]]}},{"type":"Feature","id":1444435249,"properties":{"osmId":1444435249,"category":"academic","building":"yes"},"geometry":{"type":"Polygon","coordinates":[[[-105.2509921,40.0125473],[-105.2509925,40.0124861],[-105.2513531,40.0124874],[-105.2513527,40.0125486],[-105.2509921,40.0125473]]]}},{"type":"Feature","id":1448485414,"properties":{"osmId":1448485414,"category":"academic","addr:city":"Boulder","addr:housenumber":"700","addr:postcode":"80302","addr:state":"CO","addr:street":"20th Street","building":"school","name":"New Vista High School","website":"https://nvh.bvsd.org/","wikidata":"Q7012288"},"geometry":{"type":"Polygon","coordinates":[[[-105.2668106,40.001303],[-105.266646,40.001313],[-105.2666623,40.0014291],[-105.2664146,40.0014391],[-105.2663511,40.0013667],[-105.2662028,40.0013904],[-105.2660659,40.0011807],[-105.2658394,40.0012731],[-105.2657254,40.001127],[-105.2657922,40.0010958],[-105.2657319,40.0010147],[-105.2658932,40.0009448],[-105.265675,40.0006426],[-105.2658246,40.000595],[-105.2658362,40.0006065],[-105.2658867,40.0005965],[-105.2658769,40.0005778],[-105.2659975,40.0005379],[-105.2662777,40.0010372],[-105.2664325,40.0010496],[-105.2664439,40.0011145],[-105.2666216,40.0011071],[-105.2666297,40.0011607],[-105.2667861,40.0011545],[-105.2668106,40.001303]]]}},{"type":"Feature","id":1454459190,"properties":{"osmId":1454459190,"category":"academic","building":"yes","building:material":"glass","height":"10","min_height":"6"},"geometry":{"type":"Polygon","coordinates":[[[-105.2524053,39.9982013],[-105.2523573,39.9982054],[-105.2523444,39.9982016],[-105.2523438,39.9981191],[-105.2524046,39.9981186],[-105.2524053,39.9982013]]]}},{"type":"Feature","id":1454459191,"properties":{"osmId":1454459191,"category":"academic","building":"yes","building:material":"glass","height":"26","min_height":"22"},"geometry":{"type":"Polygon","coordinates":[[[-105.2524053,39.9982013],[-105.2523875,39.998205],[-105.2523444,39.9982016],[-105.2523438,39.9981191],[-105.2524046,39.9981186],[-105.2524053,39.9982013]]]}},{"type":"Feature","id":1454459192,"properties":{"osmId":1454459192,"category":"academic","building":"yes","building:material":"glass","height":"18","min_height":"14"},"geometry":{"type":"Polygon","coordinates":[[[-105.2524053,39.9982013],[-105.2523751,39.9982054],[-105.2523444,39.9982016],[-105.2523438,39.9981191],[-105.2524046,39.9981186],[-105.2524053,39.9982013]]]}},{"type":"Feature","id":1454459193,"properties":{"osmId":1454459193,"category":"academic","building":"yes","building:material":"glass","height":"34","min_height":"30"},"geometry":{"type":"Polygon","coordinates":[[[-105.2524053,39.9982013],[-105.2523969,39.9982044],[-105.2523444,39.9982016],[-105.2523438,39.9981191],[-105.2524046,39.9981186],[-105.2524053,39.9982013]]]}}]}