{"type":"FeatureCollection","features":[{"type":"Feature","id":24925475,"properties":{"osmId":24925475,"category":"athletic","addr:city":"Chicago","addr:housenumber":"6401","addr:postcode":"60637","addr:state":"IL","addr:street":"South Stony Island Avenue","addr:street:name":"Stony Island","addr:street:prefix":"South","addr:street:type":"Avenue","building":"public","chicago:building_id":"532729","leisure":"sports_centre","name":"Jackson Park Fieldhouse","operator":"Chicago Park District","operator:type":"public","polling_station":"yes","_wikiTried":true},"geometry":{"type":"Polygon","coordinates":[[[-87.5856803,41.7791355],[-87.5856682,41.7788126],[-87.585656,41.7785339],[-87.5854619,41.7785387],[-87.5854684,41.7786877],[-87.5852381,41.7786933],[-87.5852493,41.7789494],[-87.5854658,41.7789441],[-87.5854748,41.7791188],[-87.5855596,41.7791211],[-87.5855592,41.7791374],[-87.5856803,41.7791355]]]}},{"type":"Feature","id":88865426,"properties":{"osmId":88865426,"category":"academic","addr:city":"Chicago","addr:housenumber":"5734","addr:postcode":"60637","addr:state":"IL","addr:street":"South Ellis Avenue","addr:street:name":"Ellis","addr:street:prefix":"South","addr:street:type":"Avenue","building":"university","building:levels":"5","chicago:building_id":"494780","name":"Henry Hinds Laboratory for Geophysical Sciences","_wikiTried":true},"geometry":{"type":"Polygon","coordinates":[[[-87.6014776,41.7905158],[-87.601656,41.790516],[-87.601656,41.7904999],[-87.6016748,41.7904999],[-87.6016748,41.7905158],[-87.6018471,41.790516],[-87.6018473,41.7904581],[-87.6018945,41.7904586],[-87.6018921,41.7904209],[-87.6018438,41.7904209],[-87.6018438,41.7903419],[-87.601884,41.7903419],[-87.601884,41.7903089],[-87.6018425,41.7903089],[-87.6018425,41.7902249],[-87.601882,41.7902249],[-87.6018821,41.7901889],[-87.6018377,41.7901889],[-87.6018378,41.7901014],[-87.601878,41.7901014],[-87.601878,41.7900734],[-87.6018351,41.7900734],[-87.6018351,41.790017],[-87.6016661,41.7900168],[-87.6016661,41.7900339],[-87.6016413,41.7900339],[-87.6016413,41.7900195],[-87.6014683,41.7900193],[-87.6014683,41.7900709],[-87.6014221,41.7900709],[-87.601422,41.7901099],[-87.6014723,41.7901099],[-87.6014723,41.7901844],[-87.6014228,41.7901856],[-87.6014246,41.7902262],[-87.6014722,41.7902257],[-87.6014743,41.7903129],[-87.6014288,41.7903129],[-87.6014287,41.7903409],[-87.601475,41.7903409],[-87.601475,41.7904279],[-87.6014247,41.7904279],[-87.6014247,41.7904564],[-87.6014777,41.7904564],[-87.6014776,41.7905158]]]}},{"type":"Feature","id":89537392,"properties":{"osmId":89537392,"category":"academic","addr:city":"Chicago","addr:housenumber":"920","addr:postcode":"60637","addr:state":"IL","addr:street":"East 58th Street","addr:street:name":"58th","addr:street:prefix":"East","addr:street:type":"Street","building":"university","building:levels":"11","chicago:building_id":"496694","name":"Cummings Life Sciences Center","university_of_chicago:building_id":"A62","university_of_chicago:business_unit_name":"BSD/UCH","_wikiTried":true},"geometry":{"type":"Polygon","coordinates":[[[-87.6025207,41.790077],[-87.6025184,41.7897294],[-87.6030472,41.7897274],[-87.6030484,41.7899076],[-87.6031266,41.7899073],[-87.6031274,41.7900338],[-87.6030569,41.7900341],[-87.6030572,41.790075],[-87.6025207,41.790077]]]}},{"type":"Feature","id":142420006,"properties":{"osmId":142420006,"category":"academic","addr:city":"Chicago","addr:housenumber":"5555","addr:postcode":"60637","addr:state":"IL","addr:street":"South Ellis Avenue","addr:street:name":"Ellis","addr:street:prefix":"South","addr:street:type":"Avenue","building":"university","chicago:building_id":"485060","name":"Young Memorial Building","_wikiTried":true},"geometry":{"type":"Polygon","coordinates":[[[-87.6011296,41.7934955],[-87.6011256,41.7933496],[-87.6007486,41.7933554],[-87.6007526,41.7935013],[-87.6011296,41.7934955]]]}},{"type":"Feature","id":142420007,"properties":{"osmId":142420007,"category":"academic","addr:city":"Chicago","addr:housenumber":"924","addr:postcode":"60637","addr:state":"IL","addr:street":"East 57th Street","addr:street:name":"57th","addr:street:prefix":"East","addr:street:type":"Street","building":"university","chicago:building_id":"488411","name":"Donnelley Biological Sciences Learning Center","university_of_chicago:building_id":"B36","university_of_chicago:business_unit_name":"BSD/UCH","_wikiTried":true},"geometry":{"type":"Polygon","coordinates":[[[-87.6030151,41.7918896],[-87.6030101,41.7916007],[-87.6030095,41.7915754],[-87.6030091,41.7915596],[-87.6030075,41.7914862],[-87.6025858,41.7914914],[-87.6025951,41.791894],[-87.6030151,41.7918896]]]}},{"type":"Feature","id":142422259,"properties":{"osmId":142422259,"category":"academic","addr:city":"Chicago","addr:housenumber":"5335","addr:postcode":"60615","addr:state":"IL","addr:street":"South Kenwood Avenue","addr:street:name":"Kenwood","addr:street:prefix":"South","addr:street:type":"Avenue","building":"school","building:levels":"2","chicago:building_id":"465877","name":"Murray Elementary Magnet School","_wikiTried":true},"geometry":{"type":"Polygon","coordinates":[[[-87.5930259,41.7992255],[-87.592814,41.7992298],[-87.5928127,41.7991638],[-87.5926947,41.7991655],[-87.5926868,41.7988385],[-87.592666,41.7988388],[-87.5926559,41.798418],[-87.5921208,41.798427],[-87.592117,41.7982049],[-87.5924466,41.7982007],[-87.5924452,41.7981257],[-87.5926544,41.7981237],[-87.5926551,41.7981733],[-87.5928999,41.7981717],[-87.5929013,41.7982267],[-87.5929803,41.7982257],[-87.5929809,41.798274],[-87.5930018,41.7982737],[-87.5930032,41.7983272],[-87.592916,41.7983287],[-87.592928,41.7988334],[-87.5928956,41.7988343],[-87.5928973,41.7988738],[-87.5931719,41.7988714],[-87.5931697,41.7990797],[-87.5930202,41.7990824],[-87.5930259,41.7992255]]]}},{"type":"Feature","id":142423681,"properties":{"osmId":142423681,"category":"academic","addr:city":"Chicago","addr:housenumber":"5631","addr:postcode":"60637","addr:state":"IL","addr:street":"South Kimbark Avenue","addr:street:name":"Kimbark","addr:street:prefix":"South","addr:street:type":"Avenue","building":"school","chicago:building_id":"871246"},"geometry":{"type":"Polygon","coordinates":[[[-87.5945299,41.7927354],[-87.5945309,41.7927522],[-87.5941253,41.792759],[-87.5941205,41.7926014],[-87.5942117,41.7925999],[-87.5942103,41.7925549],[-87.5941013,41.7925568],[-87.5940954,41.7923641],[-87.5942064,41.7923622],[-87.5942077,41.7924064],[-87.5943134,41.7924045],[-87.594307,41.7921982],[-87.594208,41.7921999],[-87.5942112,41.7923044],[-87.5940938,41.7923064],[-87.5940899,41.7920638],[-87.5941804,41.7920624],[-87.5941803,41.7920501],[-87.5941985,41.792037],[-87.5942323,41.7920363],[-87.5942429,41.7920446],[-87.5944329,41.7920417],[-87.5944317,41.791983],[-87.5943727,41.7919842],[-87.5943721,41.7919556],[-87.5943236,41.7919566],[-87.5943182,41.7917892],[-87.5941729,41.7917915],[-87.5941682,41.7916353],[-87.5943153,41.7916331],[-87.594315,41.7916012],[-87.5945936,41.7915961],[-87.5945996,41.7918478],[-87.5946145,41.7918475],[-87.5946178,41.7919517],[-87.5945711,41.7919525],[-87.5945719,41.7919785],[-87.5945449,41.7919789],[-87.5945465,41.7920407],[-87.5946085,41.7920399],[-87.5946228,41.7920318],[-87.5946529,41.7920316],[-87.5946718,41.7920484],[-87.5946721,41.7920721],[-87.594664,41.792079],[-87.5946647,41.7921426],[-87.5946751,41.7921518],[-87.5946753,41.7921741],[-87.5946537,41.7921905],[-87.5946495,41.7921906],[-87.5946503,41.792261],[-87.5946603,41.792261],[-87.5946701,41.7922666],[-87.5946701,41.7922765],[-87.5946637,41.7922802],[-87.5946762,41.7922855],[-87.5946765,41.792302],[-87.5946645,41.7923071],[-87.5946703,41.792312],[-87.5946704,41.7923214],[-87.5946609,41.7923278],[-87.594651,41.792328],[-87.5946518,41.7924003],[-87.5946558,41.7924003],[-87.5946814,41.7924177],[-87.5946818,41.7924413],[-87.5946701,41.7924515],[-87.5946712,41.7925115],[-87.5946832,41.7925204],[-87.5946838,41.7925448],[-87.5946609,41.7925597],[-87.5946283,41.7925603],[-87.5946171,41.7925542],[-87.5945227,41.7925559],[-87.594524,41.7926144],[-87.5945472,41.792614],[-87.5945512,41.792735],[-87.5945299,41.7927354]]]}},{"type":"Feature","id":142771603,"properties":{"osmId":142771603,"category":"medical","addr:city":"Chicago","addr:housenumber":"5700","addr:postcode":"60637","addr:state":"IL","addr:street":"South Maryland Avenue","addr:street:name":"Maryland","addr:street:prefix":"South","addr:street:type":"Avenue","building":"hospital","building:levels":"10","chicago:building_id":"492424","name":"Center for Care and Discovery","university_of_chicago:building_id":"A95","university_of_chicago:business_unit_name":"BSD/UCH","_wikiTried":true},"geometry":{"type":"Polygon","coordinates":[[[-87.6059638,41.7907842],[-87.6056144,41.7907882],[-87.6055934,41.7907884],[-87.6055745,41.7907887],[-87.6050658,41.7907945],[-87.6049641,41.7907956],[-87.6047979,41.7907975],[-87.6039018,41.7908077],[-87.6039112,41.7912647],[-87.6048088,41.7912543],[-87.6049691,41.7912525],[-87.6050603,41.7912515],[-87.6052578,41.7912481],[-87.6053069,41.7912474],[-87.6053334,41.791247],[-87.6059733,41.7912409],[-87.6059638,41.7907842]]]}},{"type":"Feature","id":142771605,"properties":{"osmId":142771605,"category":"medical","addr:city":"Chicago","addr:housenumber":"5758","addr:postcode":"60637","addr:state":"IL","addr:street":"South Maryland Avenue","addr:street:name":"Maryland","addr:street:prefix":"South","addr:street:type":"Avenue","building":"hospital","chicago:building_id":"815641","name":"Duchossois Center for Advanced Medicine","name:etymology:wikidata":"Q7327178","name:etymology:wikipedia":"en:Richard L. Duchossois","university_of_chicago:building_id":"A75","university_of_chicago:business_unit_name":"BSD/UCH","_wikiTried":true},"geometry":{"type":"Polygon","coordinates":[[[-87.6059633,41.7906074],[-87.6059508,41.7897049],[-87.605756,41.7897119],[-87.6057494,41.7896948],[-87.605595,41.7896948],[-87.6055968,41.7897354],[-87.6055801,41.7897358],[-87.6055485,41.7897366],[-87.6055226,41.7897376],[-87.6054936,41.7897743],[-87.6054543,41.7898091],[-87.6054002,41.7898377],[-87.6053373,41.7898613],[-87.6052653,41.7898722],[-87.6052668,41.789905],[-87.6052171,41.7899058],[-87.6052182,41.7899368],[-87.605122,41.789939],[-87.6051048,41.7900414],[-87.6051027,41.790054],[-87.6050995,41.7900823],[-87.6050815,41.7902433],[-87.6050983,41.7907478],[-87.6054738,41.7907425],[-87.6054732,41.7906617],[-87.6055168,41.7906604],[-87.6055155,41.7905458],[-87.6055681,41.7905453],[-87.6055887,41.7905451],[-87.605613,41.7905449],[-87.605623,41.7905448],[-87.6056251,41.7906119],[-87.6059633,41.7906074]]]}},{"type":"Feature","id":142771611,"properties":{"osmId":142771611,"category":"medical","addr:city":"Chicago","addr:housenumber":"5721","addr:postcode":"60637","addr:state":"IL","addr:street":"South Maryland Avenue","addr:street:name":"Maryland","addr:street:prefix":"South","addr:street:type":"Avenue","building":"hospital","chicago:building_id":"825184","layer":"1","name":"Comer Children's Hospital","name:etymology:wikidata":"Q5524877","name:etymology:wikipedia":"en:Gary Comer","university_of_chicago:building_id":"A87","university_of_chicago:business_unit_name":"BSD/UCH","wikidata":"Q30286830","wikipedia":"en:Comer Children's Hospital","_wikiTried":true},"geometry":{"type":"Polygon","coordinates":[[[-87.6047399,41.7906847],[-87.6047721,41.7906347],[-87.6047935,41.7905887],[-87.604815,41.7905327],[-87.6048254,41.7904837],[-87.6048151,41.7900864],[-87.6048143,41.790057],[-87.6048139,41.790045],[-87.6048042,41.7897487],[-87.6044368,41.7897547],[-87.6044423,41.7899204],[-87.6044294,41.7899205],[-87.6044105,41.7899206],[-87.6043906,41.7899208],[-87.6043369,41.7899212],[-87.6043377,41.7899493],[-87.6043544,41.7905254],[-87.6044266,41.7905268],[-87.6044362,41.7907187],[-87.6045387,41.7907187],[-87.6045375,41.7906513],[-87.6046621,41.7906527],[-87.6047399,41.7906847]]]}},{"type":"Feature","id":142870150,"properties":{"osmId":142870150,"category":"academic","addr:city":"Chicago","addr:housenumber":"929","addr:postcode":"60637","addr:state":"IL","addr:street":"East 57th Street","building":"university","building:levels":"4","chicago:building_id":"815133","name":"Gordon Center for Integrative Science","name:etymology:wikidata":"Q19347170","name:etymology:wikipedia":"en:Melvin Gordon (businessman)","university_of_chicago:building_id":"A86","university_of_chicago:business_unit_name":"BSD/UCH","_wikiTried":true},"geometry":{"type":"Polygon","coordinates":[[[-87.6032101,41.790495],[-87.6035521,41.790491],[-87.6035762,41.7912419],[-87.6033695,41.7912444],[-87.603355,41.7912446],[-87.6032994,41.7912453],[-87.6026039,41.7912539],[-87.6026066,41.7912829],[-87.6024928,41.791285],[-87.6023947,41.7912869],[-87.6023947,41.7912619],[-87.6019066,41.7912668],[-87.6019069,41.7912492],[-87.6018755,41.7912499],[-87.6018713,41.791113],[-87.6019441,41.7911119],[-87.6019406,41.7909652],[-87.601974,41.7909642],[-87.6019709,41.7908269],[-87.6019971,41.7908263],[-87.6019951,41.7907469],[-87.6020997,41.7907419],[-87.6021171,41.7907679],[-87.6021386,41.7907559],[-87.6021973,41.7908254],[-87.6023693,41.7910289],[-87.602384,41.7910299],[-87.6023827,41.7909989],[-87.6025959,41.7909959],[-87.6025972,41.7910179],[-87.6031927,41.7910189],[-87.6031927,41.7909879],[-87.6032222,41.7909869],[-87.6032101,41.790495]]]}},{"type":"Feature","id":142870317,"properties":{"osmId":142870317,"category":"academic","addr:city":"Chicago","addr:housenumber":"5720","addr:postcode":"60637","addr:state":"IL","addr:street":"South Ellis Avenue","addr:street:name":"Ellis","addr:street:prefix":"South","addr:street:type":"Avenue","building":"university","chicago:building_id":"492318","name":"Kersten Physics Teaching Center","_wikiTried":true},"geometry":{"type":"Polygon","coordinates":[[[-87.6018755,41.7912499],[-87.6018759,41.791263],[-87.6016368,41.7912662],[-87.6015787,41.791267],[-87.6015457,41.7912675],[-87.6014562,41.7912687],[-87.6014435,41.7907504],[-87.6015457,41.7907491],[-87.6015464,41.7907808],[-87.6016816,41.7907789],[-87.6016829,41.790828],[-87.601589,41.7908293],[-87.6015921,41.7909548],[-87.6018645,41.7909511],[-87.6018668,41.7910453],[-87.6015943,41.791049],[-87.6015955,41.7911007],[-87.6018709,41.791097],[-87.6018713,41.791113],[-87.6018755,41.7912499]]]}},{"type":"Feature","id":142871281,"properties":{"osmId":142871281,"category":"academic","addr:city":"Chicago","addr:housenumber":"910","addr:postcode":"60637","addr:state":"IL","addr:street":"East 58th Street","addr:street:name":"58th","addr:street:prefix":"East","addr:street:type":"Street","building":"university","building:levels":"2","chicago:building_id":"496259","name":"Kovler","university_of_chicago:building_id":"A11","university_of_chicago:business_unit_name":"BSD/UCH","_wikiTried":true},"geometry":{"type":"Polygon","coordinates":[[[-87.6035196,41.7901647],[-87.6032457,41.7901675],[-87.6032405,41.7898774],[-87.6030991,41.7898788],[-87.6030964,41.7897312],[-87.6032339,41.7897298],[-87.6032327,41.7896619],[-87.6035105,41.7896591],[-87.6035196,41.7901647]]]}},{"type":"Feature","id":143323611,"properties":{"osmId":143323611,"category":"academic","addr:city":"Chicago","addr:housenumber":"5823","addr:postcode":"60637","addr:state":"IL","addr:street":"South Kenwood Avenue","addr:street:name":"Kenwood","addr:street:prefix":"South","addr:street:type":"Avenue","building":"school","building:levels":"1","chicago:building_id":"499388","name":"Sunny Gymnasium","_wikiTried":true},"geometry":{"type":"Polygon","coordinates":[[[-87.5929195,41.789141],[-87.5926285,41.789145],[-87.5926223,41.7889532],[-87.5925789,41.788954],[-87.5925682,41.788944],[-87.5925682,41.78892],[-87.5925776,41.788909],[-87.5926191,41.788907],[-87.5926146,41.7886315],[-87.5926211,41.7886314],[-87.5929584,41.7886279],[-87.5929867,41.7886276],[-87.5929891,41.7887345],[-87.5929718,41.7887339],[-87.5929765,41.7888974],[-87.592995,41.7888972],[-87.592996,41.788949],[-87.5929705,41.78895],[-87.5929705,41.789027],[-87.5929477,41.789053],[-87.5929183,41.789055],[-87.5929195,41.789141]]]}},{"type":"Feature","id":143323612,"properties":{"osmId":143323612,"category":"academic","addr:city":"Chicago","addr:housenumber":"5823","addr:postcode":"60637","addr:state":"IL","addr:street":"South Kenwood Avenue","building":"school","chicago:building_id":"854430","name":"Kovler Gymnasium","_wikiTried":true},"geometry":{"type":"Polygon","coordinates":[[[-87.5926186,41.7885205],[-87.5926211,41.7886314],[-87.5929584,41.7886279],[-87.5929558,41.788525],[-87.5929685,41.7885251],[-87.5929648,41.7883686],[-87.5930201,41.7883678],[-87.5930189,41.7883101],[-87.5929636,41.7883107],[-87.5929616,41.7881776],[-87.5927576,41.7881802],[-87.5927573,41.7881446],[-87.5926911,41.7881451],[-87.5926917,41.7881811],[-87.592606,41.7881806],[-87.5926162,41.7884817],[-87.5925547,41.7884826],[-87.5925553,41.7885205],[-87.5926186,41.7885205]]]}},{"type":"Feature","id":143457513,"properties":{"osmId":143457513,"category":"academic","addr:city":"Chicago","addr:housenumber":"5757","addr:postcode":"60637","addr:state":"IL","addr:street":"South University Avenue","addr:street:name":"University","addr:street:prefix":"South","addr:street:type":"Avenue","building":"university","building:levels":"5","chicago:building_id":"496758","name":"Saieh Hall for Economics","_wikiTried":true},"geometry":{"type":"Polygon","coordinates":[[[-87.5978002,41.7899639],[-87.597766,41.7899644],[-87.597766,41.7899658],[-87.5977111,41.7899664],[-87.597711,41.7899652],[-87.5976351,41.7899666],[-87.5976345,41.7899919],[-87.5973851,41.7899976],[-87.5973811,41.7899772],[-87.5972782,41.7899795],[-87.5972772,41.7899893],[-87.5972353,41.789989],[-87.597234,41.7899767],[-87.5971939,41.7899756],[-87.5971943,41.7899674],[-87.5971746,41.7899683],[-87.5969514,41.7899714],[-87.596669,41.7899754],[-87.5966628,41.7897328],[-87.5967272,41.7897319],[-87.5967265,41.7897057],[-87.5968409,41.7897041],[-87.596845,41.7898654],[-87.5970981,41.7898619],[-87.5970963,41.7897889],[-87.5971887,41.7897876],[-87.5971891,41.7898021],[-87.5972327,41.7898015],[-87.5972693,41.789801],[-87.5972691,41.7897927],[-87.5973559,41.7897915],[-87.5973552,41.789765],[-87.5974937,41.789763],[-87.5974924,41.7897092],[-87.5977936,41.7897049],[-87.5978002,41.7899639]]]}},{"type":"Feature","id":143489620,"properties":{"osmId":143489620,"category":"religious","addr:city":"Chicago","addr:housenumber":"5650","addr:postcode":"60637","addr:state":"IL","addr:street":"South Woodlawn Avenue","amenity":"place_of_worship","building":"church","chicago:building_id":"870970","name":"First Unitarian Church of Chicago","phone":"+1 773 324 4100","religion":"unitarian_universalist","website":"https://firstuchicago.org/","wikidata":"Q16980925","wikipedia":"en:First Unitarian Church of Chicago","_wikiTried":true},"geometry":{"type":"Polygon","coordinates":[[[-87.5972373,41.7915807],[-87.5971453,41.7915816],[-87.597146,41.7916252],[-87.597086,41.7916258],[-87.5970846,41.7915395],[-87.5969255,41.791541],[-87.596927,41.791625],[-87.5967169,41.791627],[-87.596718,41.7916872],[-87.5966773,41.7916876],[-87.5966788,41.7917731],[-87.5967209,41.7917727],[-87.5967217,41.7918197],[-87.5969804,41.7918172],[-87.5969802,41.7918085],[-87.5970405,41.7918079],[-87.5970398,41.7917685],[-87.5971462,41.7917675],[-87.597147,41.791811],[-87.5972411,41.7918101],[-87.5972373,41.7915807]]]}},{"type":"Feature","id":143523263,"properties":{"osmId":143523263,"category":"religious","addr:city":"Chicago","addr:housenumber":"5600","addr:postcode":"60637","addr:state":"IL","addr:street":"South Woodlawn Avenue","addr:street:name":"Woodlawn","addr:street:prefix":"South","addr:street:type":"Avenue","amenity":"place_of_worship","building":"church","building:levels":"3","chicago:building_id":"485936","name":"Hyde Park Union Church","religion":"christian","_wikiTried":true},"geometry":{"type":"Polygon","coordinates":[[[-87.5966912,41.7931655],[-87.5966898,41.7930995],[-87.5967099,41.7930995],[-87.5967038,41.7928784],[-87.5970036,41.7928765],[-87.5970042,41.7928434],[-87.5972625,41.7928405],[-87.5972629,41.7931604],[-87.597001,41.7931615],[-87.5970023,41.7931415],[-87.5967663,41.7931415],[-87.5967667,41.7931643],[-87.5966912,41.7931655]]]}},{"type":"Feature","id":143523264,"properties":{"osmId":143523264,"category":"religious","addr:city":"Chicago","addr:housenumber":"5472","addr:postcode":"60615","addr:state":"IL","addr:street":"South Kimbark Avenue","addr:street:name":"Kimbark","addr:street:prefix":"South","addr:street:type":"Avenue","amenity":"place_of_worship","architect":"Francis Barry Byrne","architect:wikidata":"Q1151859","architect:wikipedia":"en:Barry Byrne","building":"church","chicago:building_id":"476127","denomination":"catholic","ele":"180","gnis:feature_id":"1836542","heritage":"2","heritage:operator":"nrhp","heritage:website":"https://npgallery.nps.gov/NRHP/AssetDetail/91ac10df-ad2c-4b27-8e57-b47e6682086c","historic":"heritage","name":"Saint Thomas the Apostle Catholic Church","nrhp:criteria":"(C)","nrhp:inscription_date":"1978-12-18","ref:nrhp":"78001132","religion":"christian","start_date":"1922","wikidata":"Q7591932","wikimedia_commons":"File:20111110 St. Thomas Church and Convent.jpg","wikipedia":"en:St. Thomas Church and Convent","_wikiTried":true},"geometry":{"type":"Polygon","coordinates":[[[-87.5950791,41.7961675],[-87.5950761,41.7961111],[-87.5950912,41.7961105],[-87.5950889,41.7959902],[-87.5953541,41.7959886],[-87.59535,41.7957566],[-87.5953652,41.7957397],[-87.5954446,41.7957391],[-87.5954573,41.7957296],[-87.5954563,41.7956924],[-87.5954553,41.7956581],[-87.5954298,41.7956351],[-87.5954325,41.7956276],[-87.5954566,41.7956096],[-87.5954727,41.7956086],[-87.5955016,41.7956311],[-87.5955583,41.7956302],[-87.5955861,41.7956096],[-87.5956042,41.7956081],[-87.5956343,41.7956266],[-87.5956343,41.7956411],[-87.5956055,41.7956606],[-87.5956075,41.7957314],[-87.5956183,41.7957401],[-87.595694,41.7957396],[-87.5957199,41.7957547],[-87.5957199,41.7957718],[-87.5957208,41.7961609],[-87.5954104,41.796165],[-87.5954097,41.7961381],[-87.5952112,41.796141],[-87.5952121,41.7961664],[-87.5950791,41.7961675]]]}},{"type":"Feature","id":143525608,"properties":{"osmId":143525608,"category":"academic","addr:city":"Chicago","addr:housenumber":"5540","addr:postcode":"60637","addr:state":"IL","addr:street":"South Greenwood Avenue","addr:street:name":"Greenwood","addr:street:prefix":"South","addr:street:type":"Avenue","building":"university","chicago:building_id":"483208","name":"Cochrane-Woods Art Center","_wikiTried":true},"geometry":{"type":"Polygon","coordinates":[[[-87.600455,41.7940922],[-87.6004497,41.7939223],[-87.6002035,41.7939261],[-87.5999338,41.7939311],[-87.5999391,41.7941009],[-87.6001899,41.7940966],[-87.6001889,41.7940646],[-87.6003351,41.794062],[-87.6003361,41.7940943],[-87.600455,41.7940922]]]}},{"type":"Feature","id":143527367,"properties":{"osmId":143527367,"category":"academic","addr:city":"Chicago","addr:housenumber":"933","addr:postcode":"60637","addr:state":"IL","addr:street":"East 56th Street","addr:street:name":"56th","addr:street:prefix":"East","addr:street:type":"Street","building":"university","chicago:building_id":"486472","name":"Michelson Center for Physics","_wikiTried":true},"geometry":{"type":"Polygon","coordinates":[[[-87.6027741,41.7930051],[-87.602767,41.7926757],[-87.6025423,41.7926784],[-87.6023287,41.7926809],[-87.6023357,41.7930103],[-87.6027741,41.7930051]]]}},{"type":"Feature","id":143527369,"properties":{"osmId":143527369,"category":"academic","addr:city":"Chicago","addr:housenumber":"900","addr:postcode":"60637","addr:state":"IL","addr:street":"East 57th Street","addr:street:name":"57th","addr:street:prefix":"East","addr:street:type":"Street","building":"university","building:levels":"10","chicago:building_id":"884611","internet_access":"yes","name":"Knapp Center for Biomedical Discovery","operator":"University of Chicago","university_of_chicago:building_id":"B98","university_of_chicago:business_unit_name":"BSD/UCH","_wikiTried":true},"geometry":{"type":"Polygon","coordinates":[[[-87.603585,41.7923981],[-87.6033786,41.7924005],[-87.6031623,41.792403],[-87.6031338,41.7915984],[-87.6031326,41.7915739],[-87.6031318,41.7915587],[-87.6031295,41.791476],[-87.6032836,41.7914737],[-87.6033034,41.7914734],[-87.6033422,41.7914728],[-87.6033629,41.7914725],[-87.6035604,41.7915282],[-87.603585,41.7923981]]]}},{"type":"Feature","id":143692861,"properties":{"osmId":143692861,"category":"residential","addr:city":"Chicago","addr:housenumber":"5700-5704","addr:postcode":"60637","addr:state":"IL","addr:street":"South Stony Island Avenue","addr:street:name":"Stony Island","addr:street:prefix":"South","addr:street:type":"Avenue","building":"dormitory","building:levels":"5","chicago:building_id":"491570","name":"5700 Stony Island Residence Hall","_wikiTried":true},"geometry":{"type":"Polygon","coordinates":[[[-87.5873282,41.7913927],[-87.5873047,41.7914107],[-87.5872752,41.7914107],[-87.5872622,41.791402],[-87.5872484,41.7914112],[-87.5872162,41.7914112],[-87.5871994,41.7913987],[-87.5871129,41.7913987],[-87.5870745,41.791373],[-87.5870754,41.7913477],[-87.5870463,41.791326],[-87.5870144,41.7913267],[-87.587004,41.7913201],[-87.5869741,41.7913012],[-87.5869755,41.7912772],[-87.5869632,41.791266],[-87.5869319,41.7912672],[-87.5869024,41.7912502],[-87.5869015,41.7910815],[-87.5869238,41.7910628],[-87.5870262,41.791062],[-87.5870767,41.7910968],[-87.5870747,41.7911752],[-87.5872169,41.7912777],[-87.5872571,41.7912772],[-87.5873266,41.791328],[-87.5873282,41.7913927]]]}},{"type":"Feature","id":143812430,"properties":{"osmId":143812430,"category":"academic","addr:city":"Chicago","addr:housenumber":"1155","addr:postcode":"60637","addr:state":"IL","addr:street":"East 57th Street","addr:street:name":"57th","addr:street:prefix":"East","addr:street:type":"Street","building":"university","building:levels":"3","chicago:building_id":"491859","name":"Quadrangle Club","wikidata":"Q7268312","wikipedia":"en:Quadrangle Club (University of Chicago)","_wikiTried":true},"geometry":{"type":"Polygon","coordinates":[[[-87.5978585,41.7912733],[-87.5977124,41.7912739],[-87.597713,41.7912668],[-87.597503,41.7912689],[-87.5975032,41.7913163],[-87.5973109,41.791318],[-87.5973095,41.7911396],[-87.5974404,41.7911379],[-87.5974458,41.7911309],[-87.5974971,41.7911303],[-87.5975052,41.7911383],[-87.5975749,41.7911368],[-87.5975736,41.7911064],[-87.5977253,41.7911043],[-87.597726,41.7911374],[-87.5977769,41.7911368],[-87.5977834,41.7911298],[-87.5978284,41.7911288],[-87.5978357,41.7911368],[-87.5978565,41.7911363],[-87.5978585,41.7912733]]]}},{"type":"Feature","id":143812431,"properties":{"osmId":143812431,"category":"academic","addr:city":"Chicago","addr:housenumber":"5733","addr:postcode":"60637","addr:state":"IL","addr:street":"South University Avenue","addr:street:name":"University","addr:street:prefix":"South","addr:street:type":"Avenue","building":"university","building:levels":"3","chicago:building_id":"494754","name":"Gender/Race Studies Building","_wikiTried":true},"geometry":{"type":"Polygon","coordinates":[[[-87.5977755,41.7904925],[-87.5975313,41.7904947],[-87.5975298,41.7904043],[-87.5977741,41.7904021],[-87.5977755,41.7904925]]]}},{"type":"Feature","id":143812437,"properties":{"osmId":143812437,"category":"academic","addr:city":"Chicago","addr:housenumber":"5737","addr:postcode":"60637","addr:state":"IL","addr:street":"South University Avenue","addr:street:name":"University","addr:street:prefix":"South","addr:street:type":"Avenue","building":"university","building:levels":"3","chicago:building_id":"495543","name":"SCRS Building","_wikiTried":true},"geometry":{"type":"Polygon","coordinates":[[[-87.5977834,41.7902898],[-87.5975601,41.7902919],[-87.5975568,41.7901979],[-87.5976393,41.7901958],[-87.59765,41.7901868],[-87.5976782,41.7901858],[-87.5976936,41.7901954],[-87.5977821,41.7901948],[-87.5977834,41.7902898]]]}},{"type":"Feature","id":143812442,"properties":{"osmId":143812442,"category":"academic","addr:city":"Chicago","addr:housenumber":"5727","addr:postcode":"60637","addr:state":"IL","addr:street":"South University Avenue","addr:street:name":"University","addr:street:prefix":"South","addr:street:type":"Avenue","building":"university","chicago:building_id":"494216","name":"Stevanovich Center for Financial Mathematics","_wikiTried":true},"geometry":{"type":"Polygon","coordinates":[[[-87.5978019,41.7906506],[-87.5977409,41.7906512],[-87.5977411,41.7906642],[-87.5976643,41.790665],[-87.5976641,41.7906523],[-87.5975182,41.7906537],[-87.5975164,41.790546],[-87.5978001,41.7905434],[-87.5978019,41.7906506]]]}},{"type":"Feature","id":143841712,"properties":{"osmId":143841712,"category":"academic","addr:city":"Chicago","addr:housenumber":"1427","addr:postcode":"60637","addr:state":"IL","addr:street":"East 60th Street","addr:street:name":"60th","addr:street:prefix":"East","addr:street:type":"Street","building":"university","chicago:building_id":"815679","name":"University Press Building","_wikiTried":true},"geometry":{"type":"Polygon","coordinates":[[[-87.5906681,41.7859035],[-87.5903721,41.7859074],[-87.5903711,41.7858647],[-87.5903643,41.7858648],[-87.5903647,41.7858793],[-87.5902853,41.7858804],[-87.5902849,41.7858651],[-87.5902762,41.7858652],[-87.5902772,41.7859068],[-87.5899705,41.7859109],[-87.5899697,41.785874],[-87.5899145,41.7858748],[-87.5899088,41.7856368],[-87.5899674,41.785636],[-87.5899664,41.7855922],[-87.5902699,41.7855882],[-87.5902709,41.7856305],[-87.5903604,41.7856293],[-87.5903594,41.7855872],[-87.5906589,41.7855832],[-87.59066,41.7856286],[-87.5907169,41.7856279],[-87.5907224,41.785858],[-87.590667,41.7858587],[-87.5906681,41.7859035]]]}},{"type":"Feature","id":143901918,"properties":{"osmId":143901918,"category":"religious","addr:city":"Chicago","addr:housenumber":"6154","addr:postcode":"60637","addr:state":"IL","addr:street":"South Woodlawn Avenue","addr:street:name":"Woodlawn","addr:street:prefix":"South","addr:street:type":"Avenue","amenity":"place_of_worship","building":"church","building:levels":"2","chicago:building_id":"520878","description":"Formerly the St. John Baptist Temple Church","name":"Christ Church Chicago","religion":"christian","website":"https://www.christchicago.org/","_wikiTried":true},"geometry":{"type":"Polygon","coordinates":[[[-87.5970121,41.7826897],[-87.5964405,41.7826961],[-87.5964404,41.7826531],[-87.5963914,41.7826534],[-87.5963849,41.7824747],[-87.5964331,41.782474],[-87.5964319,41.7824301],[-87.5966429,41.7824281],[-87.5966429,41.7824191],[-87.5968809,41.7824184],[-87.5968814,41.782427],[-87.5970049,41.7824261],[-87.5970121,41.7826897]]]}},{"type":"Feature","id":143901919,"properties":{"osmId":143901919,"category":"religious","abandoned":"yes","addr:city":"Chicago","addr:housenumber":"5640-5648","addr:postcode":"60637","addr:state":"IL","addr:street":"South Blackstone Avenue","addr:street:name":"Blackstone","addr:street:prefix":"South","addr:street:type":"Avenue","building":"church","building:levels":"2","chicago:building_id":"489201","name":"St. Stephen's Church","religion":"christian","wikidata":"Q38252058","wikipedia":"en:St. Stephen's Church (Chicago, Illinois)","_wikiTried":true},"geometry":{"type":"Polygon","coordinates":[[[-87.5908875,41.7921217],[-87.5904463,41.7921282],[-87.5904456,41.7921202],[-87.5903993,41.7921205],[-87.5903987,41.7921087],[-87.5904101,41.7921042],[-87.5904196,41.7920976],[-87.590427,41.7920894],[-87.5904315,41.7920802],[-87.5904315,41.7920667],[-87.5904147,41.7920665],[-87.5904148,41.7920607],[-87.5904013,41.7920607],[-87.590399,41.7919395],[-87.5904131,41.7919394],[-87.590413,41.7919342],[-87.5904285,41.7919341],[-87.5904282,41.7919197],[-87.5904248,41.7919097],[-87.5904181,41.7919025],[-87.5904121,41.7918987],[-87.5904013,41.7918932],[-87.5903847,41.7918917],[-87.5903846,41.7918782],[-87.5908804,41.7918707],[-87.5908875,41.7921217]]]}},{"type":"Feature","id":143902719,"properties":{"osmId":143902719,"category":"religious","addr:city":"Chicago","addr:housenumber":"6415","addr:postcode":"60637","addr:state":"IL","addr:street":"South Woodlawn Avenue","addr:street:name":"Woodlawn","addr:street:prefix":"South","addr:street:type":"Avenue","alt_name":"Shrine of Christ The King","amenity":"place_of_worship","building":"church","chicago:building_id":"865728","denomination":"roman_catholic","name":"St. Gelasius Church","religion":"christian","wikidata":"Q111949768","wikipedia":"en:Shrine of Christ the King (Chicago)","_wikiTried":true},"geometry":{"type":"Polygon","coordinates":[[[-87.5959759,41.7785586],[-87.5957232,41.7785614],[-87.5957237,41.77859],[-87.5956969,41.7785903],[-87.5956972,41.7786005],[-87.5955986,41.7786016],[-87.5955984,41.7785908],[-87.5955511,41.7785913],[-87.5955515,41.7786104],[-87.5954374,41.7786117],[-87.595431,41.7782956],[-87.5955367,41.7782944],[-87.5955369,41.7783046],[-87.5955948,41.7783039],[-87.5955947,41.7782951],[-87.5956869,41.778294],[-87.595687,41.7783022],[-87.5957161,41.7783018],[-87.5957167,41.7783325],[-87.5959088,41.7783304],[-87.5959599,41.7783298],[-87.5959712,41.7783297],[-87.5959759,41.7785586]]]}},{"type":"Feature","id":143903345,"properties":{"osmId":143903345,"category":"religious","addr:city":"Chicago","addr:housenumber":"5200","addr:postcode":"60615","addr:state":"IL","addr:street":"South University Avenue","amenity":"place_of_worship","building":"church","building:levels":"1","chicago:building_id":"461314","denomination":"mormon","name":"The Church of Jesus Christ of Latter-day Saints","polling_station":"yes","religion":"christian","wheelchair":"yes","_wikiTried":true},"geometry":{"type":"Polygon","coordinates":[[[-87.5984538,41.800772],[-87.598441,41.8002762],[-87.5987533,41.8002717],[-87.5987661,41.8007676],[-87.5984538,41.800772]]]}},{"type":"Feature","id":143904653,"properties":{"osmId":143904653,"category":"religious","addr:city":"Chicago","addr:housenumber":"1440","addr:postcode":"60615","addr:state":"IL","addr:street":"East 53rd Street","addr:street:name":"53rd","addr:street:prefix":"East","addr:street:type":"Street","amenity":"place_of_worship","building":"church","chicago:building_id":"462700","denomination":"united","name":"United Church of Hyde Park","religion":"christian","wikidata":"Q131393691","_wikiTried":true},"geometry":{"type":"Polygon","coordinates":[[[-87.5903155,41.8000552],[-87.5902818,41.8000556],[-87.5897951,41.8000614],[-87.5897926,41.7999695],[-87.5899542,41.7999677],[-87.5899538,41.7999496],[-87.5899316,41.7999497],[-87.5899295,41.7998506],[-87.589926,41.7996801],[-87.5899292,41.7996749],[-87.5899355,41.7996722],[-87.5899426,41.7996706],[-87.58995,41.7996719],[-87.5899564,41.799675],[-87.5899594,41.7996796],[-87.5902314,41.7996755],[-87.5902325,41.799698],[-87.5902676,41.7996707],[-87.5903086,41.7997027],[-87.5902725,41.7997301],[-87.5903075,41.7997303],[-87.5903155,41.8000552]]]}},{"type":"Feature","id":143926543,"properties":{"osmId":143926543,"category":"academic","addr:city":"Chicago","addr:housenumber":"6220","addr:postcode":"60637","addr:state":"IL","addr:street":"South Stony Island Avenue","addr:street:name":"Stony Island","addr:street:prefix":"South","addr:street:type":"Avenue","building":"school","chicago:building_id":"520403"},"geometry":{"type":"Polygon","coordinates":[[[-87.5877346,41.7827892],[-87.5868189,41.7827973],[-87.586813,41.7824316],[-87.5867721,41.7824313],[-87.5867661,41.7821923],[-87.5868096,41.7821912],[-87.5868028,41.7817913],[-87.5867475,41.7817911],[-87.5867419,41.7815346],[-87.5870641,41.7815324],[-87.5870647,41.7815485],[-87.5873396,41.781548],[-87.5873379,41.7815084],[-87.5873926,41.7815081],[-87.5873913,41.7814791],[-87.5877057,41.7814774],[-87.5877346,41.7827892]]]}},{"type":"Feature","id":143926546,"properties":{"osmId":143926546,"category":"academic","addr:city":"Chicago","addr:housenumber":"1414","addr:postcode":"60637","addr:state":"IL","addr:street":"East 61st Place","addr:street:name":"61st","addr:street:prefix":"East","addr:street:type":"Place","building":"school","chicago:building_id":"878466"},"geometry":{"type":"Polygon","coordinates":[[[-87.5912788,41.7841262],[-87.5909887,41.784126],[-87.5909807,41.7838731],[-87.5909995,41.7838731],[-87.5909995,41.7838081],[-87.5907796,41.7838091],[-87.5907769,41.7836671],[-87.590746,41.7836681],[-87.5907447,41.7836241],[-87.5906217,41.7836246],[-87.5904987,41.783625],[-87.5904993,41.7836831],[-87.590399,41.7836833],[-87.5903947,41.7834341],[-87.5912536,41.783424],[-87.5912577,41.78387],[-87.5912738,41.78387],[-87.5912788,41.7841262]]]}},{"type":"Feature","id":143926547,"properties":{"osmId":143926547,"category":"academic","addr:city":"Chicago","addr:housenumber":"6145","addr:postcode":"60637","addr:state":"IL","addr:street":"South Ingleside Avenue","addr:street:name":"Ingleside","addr:street:prefix":"South","addr:street:type":"Avenue","building":"school","chicago:building_id":"520251","name":"Former Fiske Elementary School","_wikiTried":true},"geometry":{"type":"Polygon","coordinates":[[[-87.6024366,41.7832001],[-87.6020356,41.7832011],[-87.6020334,41.7830116],[-87.6021288,41.783011],[-87.6021281,41.7829501],[-87.6019739,41.7829501],[-87.6019699,41.7825891],[-87.6020779,41.782587],[-87.6020781,41.7826086],[-87.6021268,41.7826081],[-87.6021247,41.7824978],[-87.6024175,41.7824956],[-87.6024218,41.7830301],[-87.6024375,41.7830302],[-87.6024383,41.7830662],[-87.6024665,41.7830658],[-87.6024687,41.7831625],[-87.6024348,41.7831632],[-87.6024366,41.7832001]]]}},{"type":"Feature","id":143926548,"properties":{"osmId":143926548,"category":"academic","addr:city":"Chicago","addr:housenumber":"969","addr:postcode":"60637","addr:state":"IL","addr:street":"East 60th Street","addr:street:name":"60th","addr:street:prefix":"East","addr:street:type":"Street","architect":"Ludwig Mies van der Rohe","building":"university","chicago:building_id":"510425","name":"Crown Family School of Social Work, Policy, and Practice","old_name":"School of Social Service Administration","wikidata":"Q7895264","wikipedia":"en:Crown Family School of Social Work, Policy, and Practice","_wikiTried":true},"geometry":{"type":"Polygon","coordinates":[[[-87.6021103,41.7857483],[-87.60137,41.7857568],[-87.6013632,41.7854223],[-87.6021035,41.7854139],[-87.6021103,41.7857483]]]}},{"type":"Feature","id":143926550,"properties":{"osmId":143926550,"category":"academic","addr:city":"Chicago","addr:housenumber":"6050","addr:postcode":"60637","addr:state":"IL","addr:street":"South Kenwood Avenue","addr:street:name":"Kenwood","addr:street:prefix":"South","addr:street:type":"Avenue","amenity":"library","building":"university","chicago:building_id":"512708","name":"Center for Research Libraries","operator:type":"research","website":"https://live-crl-www.pantheonsite.io/collections","wikidata":"Q5059850","wikipedia":"en:Center for Research Libraries","_wikiTried":true},"geometry":{"type":"Polygon","coordinates":[[[-87.5938071,41.7849997],[-87.5933173,41.7850058],[-87.5933017,41.7843158],[-87.5937915,41.7843096],[-87.5938071,41.7849997]]]}},{"type":"Feature","id":143926554,"properties":{"osmId":143926554,"category":"academic","addr:city":"Chicago","addr:housenumber":"1307","addr:postcode":"60637","addr:state":"IL","addr:street":"East 60th Street","addr:street:name":"60th","addr:street:prefix":"East","addr:street:type":"Street","building":"university","building:levels":"4","chicago:building_id":"509741","name":"Harris School of Public Policy Keller Center","name:etymology:wikidata":"Q6074610","name:etymology:wikipedia":"en:Irving Harris","old_name":"New Graduate Residence Hall","website":"https://harris.uchicago.edu/","wheelchair":"yes","wikidata":"Q5665022","wikipedia":"en:Harris School of Public Policy","_wikiTried":true},"geometry":{"type":"Polygon","coordinates":[[[-87.5944269,41.7858798],[-87.5939086,41.7858844],[-87.5933637,41.7858922],[-87.5933551,41.7854766],[-87.5937872,41.7854716],[-87.5940714,41.7854683],[-87.5944183,41.7854643],[-87.5944268,41.7858732],[-87.5944269,41.7858798]]]}},{"type":"Feature","id":143956018,"properties":{"osmId":143956018,"category":"academic","addr:city":"Chicago","addr:housenumber":"1100","addr:postcode":"60615","addr:state":"IL","addr:street":"East 55th Street","addr:street:name":"55th","addr:street:prefix":"East","addr:street:type":"Street","building":"university","building:levels":"4","chicago:building_id":"476060"},"geometry":{"type":"Polygon","coordinates":[[[-87.5994543,41.7961923],[-87.5992711,41.7961944],[-87.5992418,41.7961945],[-87.5991859,41.7961952],[-87.5991766,41.795723],[-87.5985914,41.7957294],[-87.5986007,41.7962],[-87.598546,41.7962006],[-87.5985163,41.7962009],[-87.5983337,41.7962029],[-87.5983231,41.7956565],[-87.5985161,41.7956544],[-87.5985128,41.79549],[-87.5992455,41.7954819],[-87.5992488,41.7956483],[-87.5994435,41.7956461],[-87.5994543,41.7961923]]]}},{"type":"Feature","id":143959309,"properties":{"osmId":143959309,"category":"athletic","addr:city":"Chicago","addr:housenumber":"5531","addr:postcode":"60637","addr:state":"IL","addr:street":"South Doctor Martin Luther King Junior Drive","addr:street:name":"Doctor Martin Luther King Junior","addr:street:prefix":"South","addr:street:type":"Drive","building":"public","chicago:building_id":"484550","leisure":"sports_centre","name":"Washington Park Fieldhouse","operator":"Chicago Park District","operator:type":"public","_wikiTried":true},"geometry":{"type":"Polygon","coordinates":[[[-87.61555,41.7937492],[-87.6152549,41.7937512],[-87.6152541,41.7937193],[-87.6149183,41.7937222],[-87.6149155,41.7934933],[-87.6149859,41.7934918],[-87.6149827,41.7933543],[-87.6152461,41.7933518],[-87.6152453,41.7933024],[-87.6153314,41.7933013],[-87.6153279,41.7931139],[-87.61556,41.7931113],[-87.615562,41.7932343],[-87.615569,41.7932342],[-87.6155724,41.7934276],[-87.6155731,41.7934694],[-87.6155452,41.7934698],[-87.61555,41.7937492]]]}},{"type":"Feature","id":144004032,"properties":{"osmId":144004032,"category":"medical","addr:city":"Chicago","addr:housenumber":"800","addr:postcode":"60615","addr:state":"IL","addr:street":"East 55th Street","addr:street:name":"55th","addr:street:prefix":"East","addr:street:type":"Street","amenity":"clinic","building":"commercial","building:levels":"3","chicago:building_id":"476434","healthcare":"clinic","name":"Friend Health Cottage Grove Clinic","operator":"Friend Health","university_of_chicago:building_id":"L11","university_of_chicago:business_unit_name":"BSD/UCH","_wikiTried":true},"geometry":{"type":"Polygon","coordinates":[[[-87.6053004,41.7961583],[-87.6054058,41.7960773],[-87.6053881,41.7960631],[-87.6054635,41.7960062],[-87.6055109,41.7960421],[-87.6055992,41.7959785],[-87.6055369,41.7959311],[-87.6056711,41.7958281],[-87.6057154,41.7958591],[-87.6060265,41.7956172],[-87.6058911,41.7955132],[-87.6058495,41.7955432],[-87.6058186,41.7955202],[-87.605828,41.7955142],[-87.6056523,41.7953862],[-87.6056403,41.7953962],[-87.605419,41.7952372],[-87.6051682,41.7952392],[-87.6049798,41.7953733],[-87.6050193,41.7954042],[-87.6049543,41.7954482],[-87.6049228,41.7954252],[-87.6048343,41.7955012],[-87.6048316,41.7957322],[-87.6049261,41.7958032],[-87.6049483,41.7957851],[-87.6050321,41.7958422],[-87.6049992,41.7958651],[-87.6050126,41.7958761],[-87.604959,41.7959191],[-87.6050247,41.7959661],[-87.6050006,41.7959861],[-87.6050837,41.7960461],[-87.6051307,41.7960111],[-87.6051722,41.7960371],[-87.6052111,41.7960031],[-87.6052514,41.7960301],[-87.605191,41.7960771],[-87.6053004,41.7961583]]]}},{"type":"Feature","id":144008979,"properties":{"osmId":144008979,"category":"academic","addr:city":"Chicago","addr:housenumber":"936","addr:postcode":"60615","addr:state":"IL","addr:street":"East 54th Street","addr:street:name":"54th","addr:street:prefix":"East","addr:street:type":"Street","building":"school","building:levels":"3","chicago:building_id":"465886"},"geometry":{"type":"Polygon","coordinates":[[[-87.6026094,41.7989245],[-87.6022379,41.7989295],[-87.6022285,41.7985465],[-87.6022191,41.7985465],[-87.6022175,41.7985178],[-87.6022178,41.7984926],[-87.6022029,41.7984928],[-87.602203,41.7985096],[-87.6020859,41.798512],[-87.6020744,41.7981851],[-87.6020979,41.7981845],[-87.6020971,41.7980996],[-87.6022126,41.7980975],[-87.6022111,41.7980577],[-87.6023421,41.7980539],[-87.602341,41.798026],[-87.6024192,41.7980245],[-87.6024203,41.7980547],[-87.6025327,41.7980525],[-87.6025364,41.7981715],[-87.6025525,41.7981715],[-87.6025579,41.7984255],[-87.6025464,41.7984256],[-87.6025491,41.7987325],[-87.6026046,41.7987317],[-87.6026094,41.7989245]]]}},{"type":"Feature","id":144046224,"properties":{"osmId":144046224,"category":"religious","addr:city":"Chicago","addr:housenumber":"5500","addr:postcode":"60637","addr:state":"IL","addr:street":"South Woodlawn Avenue","addr:street:name":"Woodlawn","addr:street:prefix":"South","addr:street:type":"Avenue","amenity":"place_of_worship","building":"church","building:levels":"2","check_date":"2023-08-31","chicago:building_id":"480472","denomination":"lutheran","name":"Augustana Lutheran Church","polling_station":"yes","religion":"christian","_wikiTried":true},"geometry":{"type":"Polygon","coordinates":[[[-87.5976889,41.7949228],[-87.5975695,41.7949238],[-87.5975695,41.7949197],[-87.5973794,41.7949219],[-87.5973804,41.7949428],[-87.5972461,41.7949444],[-87.5972432,41.7948555],[-87.5972575,41.7948554],[-87.5972575,41.7947755],[-87.5972629,41.794761],[-87.5972698,41.7947518],[-87.5972825,41.7947428],[-87.5972993,41.7947388],[-87.5973147,41.7947383],[-87.5974676,41.7947378],[-87.5974674,41.794705],[-87.5976853,41.7947035],[-87.5976857,41.7947295],[-87.5976874,41.79483],[-87.5976889,41.7949228]]]}},{"type":"Feature","id":144046226,"properties":{"osmId":144046226,"category":"religious","addr:city":"Chicago","addr:housenumber":"5144","addr:postcode":"60615","addr:state":"IL","addr:street":"South Cornell Avenue","addr:street:name":"Cornell","addr:street:prefix":"South","addr:street:type":"Avenue","amenity":"place_of_worship","building":"church","building:levels":"1","chicago:building_id":"460339","denomination":"reformed","name":"Hyde Park Christian Reformed Church","religion":"christian","wheelchair":"limited","_wikiTried":true},"geometry":{"type":"Polygon","coordinates":[[[-87.5866292,41.8011344],[-87.5864309,41.8011798],[-87.5863665,41.8010235],[-87.5865648,41.8009781],[-87.5866292,41.8011344]]]}},{"type":"Feature","id":144046235,"properties":{"osmId":144046235,"category":"academic","addr:city":"Chicago","addr:housenumber":"5235","addr:postcode":"60615","addr:state":"IL","addr:street":"South Cornell Avenue","addr:street:name":"Cornell","addr:street:prefix":"South","addr:street:type":"Avenue","building":"school","building:levels":"2","roof:levels":"0"},"geometry":{"type":"Polygon","coordinates":[[[-87.5855211,41.8003942],[-87.5854061,41.8004186],[-87.5851545,41.8004754],[-87.5851701,41.8005139],[-87.5850802,41.8005342],[-87.5850654,41.8004978],[-87.5849981,41.8003382],[-87.5846162,41.8004228],[-87.5845971,41.8003792],[-87.5845771,41.8003837],[-87.5845474,41.8003132],[-87.585277,41.8001492],[-87.5853065,41.8002222],[-87.5852863,41.8002269],[-87.5853038,41.8002702],[-87.5850624,41.8003242],[-87.5850886,41.800384],[-87.5854818,41.8002947],[-87.5855211,41.8003942]]]}},{"type":"Feature","id":144046244,"properties":{"osmId":144046244,"category":"academic","addr:city":"Chicago","addr:housenumber":"5467","addr:postcode":"60615","addr:state":"IL","addr:street":"South Woodlawn Avenue","addr:street:name":"Woodlawn","addr:street:prefix":"South","addr:street:type":"Avenue","building":"school","building:levels":"3","chicago:building_id":"476071","name":"St. Thomas the Apostle School","_wikiTried":true},"geometry":{"type":"Polygon","coordinates":[[[-87.5963559,41.7961818],[-87.5958481,41.7961869],[-87.5958476,41.7961253],[-87.5958272,41.7961255],[-87.5958254,41.7960409],[-87.5959266,41.7960399],[-87.5959253,41.7959239],[-87.5958232,41.795925],[-87.595821,41.795835],[-87.5958409,41.7958343],[-87.5958383,41.7957703],[-87.5961968,41.795767],[-87.5961963,41.7957024],[-87.5963747,41.7957004],[-87.5963758,41.7957563],[-87.5963519,41.7957723],[-87.5963559,41.7961818]]]}},{"type":"Feature","id":144047049,"properties":{"osmId":144047049,"category":"religious","addr:city":"Chicago","addr:housenumber":"5501","addr:postcode":"60637","addr:state":"IL","addr:street":"South University Avenue","building":"church","name":"Lutheran Campus Center","_wikiTried":true},"geometry":{"type":"Polygon","coordinates":[[[-87.5976874,41.79483],[-87.597721,41.79483],[-87.597721,41.7948353],[-87.5979618,41.7948333],[-87.5979618,41.7947273],[-87.5976857,41.7947295],[-87.5976874,41.79483]]]}},{"type":"Feature","id":144047119,"properties":{"osmId":144047119,"category":"academic","addr:city":"Chicago","addr:housenumber":"850","addr:postcode":"60637","addr:state":"IL","addr:street":"East 58th Street","addr:street:name":"58th","addr:street:prefix":"East","addr:street:type":"Street","building":"university","building:levels":"4","chicago:building_id":"497174","name":"American School","university_of_chicago:building_id":"A84","university_of_chicago:business_unit_name":"BSD/UCH","wikidata":"Q4744940","wikipedia":"en:American School of Correspondence","_wikiTried":true},"geometry":{"type":"Polygon","coordinates":[[[-87.6043524,41.7898949],[-87.6042055,41.7898967],[-87.6042026,41.7897688],[-87.6040623,41.7897706],[-87.6040652,41.7899007],[-87.6038956,41.7899028],[-87.6038899,41.7896481],[-87.6043467,41.7896424],[-87.6043524,41.7898949]]]}},{"type":"Feature","id":144052865,"properties":{"osmId":144052865,"category":"academic","addr:city":"Chicago","addr:housenumber":"1556","addr:postcode":"60637","addr:state":"IL","addr:street":"East 56th Street","addr:street:name":"56th","addr:street:prefix":"East","addr:street:type":"Street","building":"school","chicago:building_id":"483492"},"geometry":{"type":"Polygon","coordinates":[[[-87.5869118,41.7939154],[-87.5866537,41.7939209],[-87.586653,41.7939154],[-87.5864728,41.7939185],[-87.5864679,41.7937329],[-87.5866181,41.7937309],[-87.5866206,41.7938057],[-87.5866704,41.7938049],[-87.5866657,41.7936265],[-87.5866067,41.7936275],[-87.5866061,41.793587],[-87.586653,41.793586],[-87.5866503,41.7935015],[-87.5869909,41.793498],[-87.5869929,41.7936155],[-87.5869373,41.7936162],[-87.586942,41.7938069],[-87.5869367,41.7938069],[-87.5869373,41.7938364],[-87.5869105,41.7938364],[-87.5869118,41.7939154]]]}},{"type":"Feature","id":144061595,"properties":{"osmId":144061595,"category":"academic","addr:city":"Chicago","addr:housenumber":"5730","addr:postcode":"60637","addr:state":"IL","addr:street":"South Woodlawn Avenue","addr:street:name":"Woodlawn","addr:street:prefix":"South","addr:street:type":"Avenue","building":"university","building:levels":"4","chicago:building_id":"494676","name":"Comparative Human Development Building","_wikiTried":true},"geometry":{"type":"Polygon","coordinates":[[[-87.5970239,41.7905201],[-87.5968283,41.7905218],[-87.5968284,41.7905284],[-87.5966852,41.7905296],[-87.5966838,41.790439],[-87.5968287,41.7904378],[-87.596829,41.7904567],[-87.5968864,41.7904562],[-87.5968862,41.7904435],[-87.5970227,41.7904423],[-87.5970239,41.7905201]]]}},{"type":"Feature","id":144061596,"properties":{"osmId":144061596,"category":"academic","addr:city":"Chicago","addr:housenumber":"5740","addr:postcode":"60637","addr:state":"IL","addr:street":"South Woodlawn Avenue","addr:street:name":"Woodlawn","addr:street:prefix":"South","addr:street:type":"Avenue","building":"school","chicago:building_id":"495713","name":"U of C Nursery School","_wikiTried":true},"geometry":{"type":"Polygon","coordinates":[[[-87.5969168,41.79025],[-87.5966842,41.7902532],[-87.5966826,41.7901856],[-87.596781,41.7901842],[-87.5967807,41.7901699],[-87.5968323,41.7901692],[-87.5968485,41.790169],[-87.5968488,41.7901832],[-87.5969151,41.7901823],[-87.5969168,41.79025]]]}},{"type":"Feature","id":144061598,"properties":{"osmId":144061598,"category":"academic","addr:city":"Chicago","addr:housenumber":"5750","addr:postcode":"60637","addr:state":"IL","addr:street":"South Woodlawn Avenue","addr:street:name":"Woodlawn","addr:street:prefix":"South","addr:street:type":"Avenue","building":"school","building:levels":"2","chicago:building_id":"496256","name":"U of C Nursery School","roof:levels":"1","_wikiTried":true},"geometry":{"type":"Polygon","coordinates":[[[-87.5968792,41.7901091],[-87.5968775,41.7900054],[-87.5966375,41.7900076],[-87.5966392,41.7901113],[-87.5967663,41.7901101],[-87.5967899,41.7901099],[-87.5968792,41.7901091]]]}},{"type":"Feature","id":144062146,"properties":{"osmId":144062146,"category":"academic","addr:city":"Chicago","addr:housenumber":"5710","addr:postcode":"60637","addr:state":"IL","addr:street":"South Woodlawn Avenue","addr:street:name":"Woodlawn","addr:street:prefix":"South","addr:street:type":"Avenue","building":"university","building:levels":"3","chicago:building_id":"492743","name":"Office of Multicultural Student Affairs","_wikiTried":true},"geometry":{"type":"Polygon","coordinates":[[[-87.5969278,41.7910943],[-87.5968737,41.7910948],[-87.5968737,41.7911041],[-87.5967133,41.7911048],[-87.5967103,41.7910333],[-87.5966969,41.7910293],[-87.5966858,41.7910219],[-87.5966792,41.7910072],[-87.5966822,41.7909935],[-87.596691,41.7909832],[-87.596708,41.7909773],[-87.5967884,41.7909775],[-87.5968212,41.7909687],[-87.5968969,41.7909677],[-87.5968977,41.7909988],[-87.5969265,41.7909985],[-87.5969278,41.7910943]]]}},{"type":"Feature","id":144062148,"properties":{"osmId":144062148,"category":"academic","addr:city":"Chicago","addr:housenumber":"5751","addr:postcode":"60637","addr:state":"IL","addr:street":"South Woodlawn Avenue","addr:street:name":"Woodlawn","addr:street:prefix":"South","addr:street:type":"Avenue","building":"university","building:id":"E52","building:levels":"4","chicago:building_id":"495164","name":"McGiffert House","roof:levels":"0","_wikiTried":true},"geometry":{"type":"Polygon","coordinates":[[[-87.596189,41.7903524],[-87.5961255,41.7903531],[-87.596126,41.790377],[-87.5960165,41.7903782],[-87.5960154,41.7903224],[-87.5959096,41.7903236],[-87.5959066,41.7901719],[-87.5960137,41.7901707],[-87.5960125,41.7901128],[-87.5957652,41.7901155],[-87.5957635,41.7900022],[-87.5959022,41.7900011],[-87.5959025,41.789985],[-87.5960927,41.7899829],[-87.596093,41.7900003],[-87.5961559,41.7899997],[-87.5961821,41.7899997],[-87.596189,41.7903524]]]}},{"type":"Feature","id":144063826,"properties":{"osmId":144063826,"category":"academic","addr:city":"Chicago","addr:housenumber":"5701","addr:postcode":"60637","addr:state":"IL","addr:street":"South Woodlawn Avenue","addr:street:name":"Woodlawn","addr:street:prefix":"South","addr:street:type":"Avenue","building":"university","building:levels":"3","chicago:building_id":"491889","name":"Neubauer Collegium for Culture and Society (formerly Meadville Lombard Theological School)","_wikiTried":true},"geometry":{"type":"Polygon","coordinates":[[[-87.5962226,41.7913539],[-87.5961154,41.7913546],[-87.5961152,41.7913439],[-87.5959466,41.7913451],[-87.5959467,41.7913562],[-87.5958354,41.7913569],[-87.595834,41.791245],[-87.5961103,41.7912431],[-87.5961101,41.7912295],[-87.5962211,41.7912288],[-87.5962226,41.7913539]]]}},{"type":"Feature","id":144132395,"properties":{"osmId":144132395,"category":"medical","addr:city":"Chicago","addr:housenumber":"5815","addr:postcode":"60637","addr:state":"IL","addr:street":"South Maryland Avenue","building":"hospital","building:levels":"6","chicago:building_id":"815642","layer":"1","name":"Bernard A. Mitchell Hospital","roof:levels":"0","university_of_chicago:building_id":"A71","university_of_chicago:business_unit_name":"BSD/UCH","_wikiTried":true},"geometry":{"type":"Polygon","coordinates":[[[-87.604816,41.7894442],[-87.6044009,41.7894483],[-87.604226,41.78945],[-87.6041821,41.7894505],[-87.6034796,41.7894574],[-87.6034783,41.7894028],[-87.6034421,41.7894033],[-87.6034422,41.7894542],[-87.6031369,41.7894555],[-87.6031353,41.789371],[-87.6032438,41.7893707],[-87.6033384,41.789273],[-87.6034349,41.789242],[-87.603439,41.789337],[-87.6034792,41.789336],[-87.6034736,41.7890199],[-87.6040516,41.7890148],[-87.6042598,41.789013],[-87.6048017,41.7890083],[-87.6048062,41.7890981],[-87.6048526,41.7890965],[-87.604858,41.7892548],[-87.6048593,41.7892917],[-87.6048611,41.7893458],[-87.604814,41.7893478],[-87.604816,41.7894442]]]}},{"type":"Feature","id":144132398,"properties":{"osmId":144132398,"category":"medical","addr:city":"Chicago","addr:housenumber":"5841","addr:postcode":"60637","addr:state":"IL","addr:street":"South Maryland Avenue","building":"hospital","building:levels":"6","name":"Chicago Lying-In Hospital","roof:levels":"0","university_of_chicago:building_id":"A27","university_of_chicago:business_unit_name":"BSD/UCH","_wikiTried":true},"geometry":{"type":"Polygon","coordinates":[[[-87.6047369,41.7886189],[-87.6047044,41.7886182],[-87.604644,41.7886188],[-87.6045578,41.78862],[-87.6045578,41.7885399],[-87.6045351,41.7885399],[-87.6045347,41.7885012],[-87.6045449,41.788501],[-87.6045408,41.7883375],[-87.6043771,41.7883395],[-87.6043761,41.788296],[-87.6041264,41.7883011],[-87.604104,41.7883014],[-87.6041036,41.7882813],[-87.6039085,41.7882833],[-87.6039096,41.7883427],[-87.6038496,41.7883427],[-87.6038428,41.7881157],[-87.6038347,41.7878417],[-87.60418,41.7878381],[-87.6041799,41.7878616],[-87.6042242,41.787861],[-87.6042255,41.7879336],[-87.604181,41.7879341],[-87.6041813,41.7879546],[-87.6041071,41.7879556],[-87.6040043,41.7879571],[-87.6040049,41.7880686],[-87.604025,41.7880685],[-87.6040273,41.7881997],[-87.6040277,41.7882205],[-87.6041035,41.7882205],[-87.6041034,41.7881976],[-87.6041028,41.7881646],[-87.6042034,41.7881635],[-87.6042116,41.7881571],[-87.6042341,41.7881568],[-87.604243,41.7881635],[-87.6043844,41.7881615],[-87.6043915,41.7881548],[-87.6044166,41.7881545],[-87.6044233,41.7881615],[-87.604469,41.7881608],[-87.6044689,41.7881535],[-87.6044848,41.7881481],[-87.6045132,41.7881475],[-87.604527,41.7881536],[-87.6045407,41.7881533],[-87.6045386,41.7879759],[-87.6043938,41.787978],[-87.6043936,41.7879725],[-87.6043902,41.7878581],[-87.6044294,41.7878576],[-87.6044285,41.7878178],[-87.6044428,41.7878176],[-87.6044522,41.7878111],[-87.6047043,41.7878081],[-87.6047133,41.7878143],[-87.6047276,41.7878141],[-87.6047274,41.7878887],[-87.6047031,41.7878891],[-87.6047032,41.7879521],[-87.6047301,41.7879516],[-87.6047303,41.788014],[-87.6047393,41.7880203],[-87.6047394,41.7880374],[-87.6047294,41.7880438],[-87.604736,41.7883614],[-87.6047455,41.7883663],[-87.6047453,41.7883909],[-87.6047344,41.788397],[-87.6047369,41.7886189]]]}},{"type":"Feature","id":144132403,"properties":{"osmId":144132403,"category":"medical","addr:city":"Chicago","addr:housenumber":"5839","addr:postcode":"60637","addr:state":"IL","addr:street":"South Maryland Avenue","building":"hospital","building:levels":"6","name":"Wyler Children's Hospital","roof:levels":"0","university_of_chicago:building_id":"A17","university_of_chicago:business_unit_name":"BSD/UCH","_wikiTried":true},"geometry":{"type":"Polygon","coordinates":[[[-87.6047726,41.7886961],[-87.6047748,41.78882],[-87.6047198,41.7888206],[-87.6047205,41.7888615],[-87.6039097,41.7888695],[-87.603909,41.7888272],[-87.6038545,41.7888277],[-87.6038533,41.7887663],[-87.6038528,41.7887393],[-87.6038521,41.7886992],[-87.6039133,41.7886986],[-87.6039121,41.7886327],[-87.6038472,41.7886334],[-87.6038417,41.7883434],[-87.6039096,41.7883427],[-87.6039085,41.7882833],[-87.6041036,41.7882813],[-87.604104,41.7883014],[-87.6041264,41.7883011],[-87.6041271,41.7883405],[-87.6041779,41.78834],[-87.6041831,41.788619],[-87.6041408,41.7886195],[-87.6041413,41.7886471],[-87.6046444,41.788642],[-87.604644,41.7886188],[-87.6047044,41.7886182],[-87.6047058,41.7886968],[-87.6047726,41.7886961]]]}},{"type":"Feature","id":144177446,"properties":{"osmId":144177446,"category":"religious","addr:city":"Chicago","addr:housenumber":"5655","addr:postcode":"60637","addr:state":"IL","addr:street":"South University Avenue","amenity":"place_of_worship","building":"church","name":"University Church","religion":"christian","_wikiTried":true},"geometry":{"type":"Polygon","coordinates":[[[-87.5977008,41.7915186],[-87.5978773,41.7915177],[-87.5978773,41.7915632],[-87.5978983,41.7915708],[-87.5978992,41.7916141],[-87.5978774,41.791621],[-87.5978777,41.7916311],[-87.5978995,41.7916382],[-87.5979005,41.7916851],[-87.5978814,41.7916912],[-87.5978811,41.7917021],[-87.5979005,41.7917096],[-87.5979025,41.7917541],[-87.597884,41.7917607],[-87.5978847,41.7917847],[-87.5978956,41.7917848],[-87.5978971,41.7918301],[-87.5978767,41.7918303],[-87.5978773,41.7918542],[-87.5978865,41.7918615],[-87.5978871,41.791887],[-87.5978787,41.7918947],[-87.5978795,41.7919248],[-87.5977975,41.7919247],[-87.5977973,41.7919166],[-87.5976371,41.7919185],[-87.5976344,41.7917861],[-87.5976326,41.7917389],[-87.5977039,41.7917386],[-87.5977035,41.7917081],[-87.5976975,41.7916921],[-87.597695,41.7916067],[-87.5977018,41.7915901],[-87.5977008,41.7915186]]]}},{"type":"Feature","id":144177447,"properties":{"osmId":144177447,"category":"religious","addr:city":"Chicago","addr:housenumber":"1156","addr:postcode":"60637","addr:state":"IL","addr:street":"East 57th Street","addr:street:name":"57th","addr:street:prefix":"East","addr:street:type":"Street","building":"yes","chicago:building_id":"490036","name":"Disciples Divinity House","wikidata":"Q5281464","_wikiTried":true},"geometry":{"type":"Polygon","coordinates":[[[-87.5973156,41.7917901],[-87.5973095,41.7915274],[-87.5975147,41.7915247],[-87.5975186,41.791741],[-87.5976326,41.7917389],[-87.5976344,41.7917861],[-87.5973156,41.7917901]]]}},{"type":"Feature","id":144464716,"properties":{"osmId":144464716,"category":"residential","addr:city":"Chicago","addr:housenumber":"5498","addr:postcode":"60615","addr:state":"IL","addr:street":"South Kimbark Avenue","addr:street:name":"Kimbark","addr:street:prefix":"South","addr:street:type":"Avenue","building":"residential","building:levels":"4","chicago:building_id":"478161","name":"Carith House","_wikiTried":true},"geometry":{"type":"Polygon","coordinates":[[[-87.5958711,41.795639],[-87.5957918,41.7956396],[-87.5957451,41.79564],[-87.5957416,41.7955077],[-87.5956401,41.7955097],[-87.5956406,41.7955225],[-87.5956233,41.7955413],[-87.5955875,41.7955423],[-87.5955675,41.7955247],[-87.5955661,41.7955103],[-87.5955558,41.7955107],[-87.5955526,41.7954035],[-87.5956277,41.7954035],[-87.5956244,41.7952295],[-87.5957352,41.7952281],[-87.59574,41.7954477],[-87.5957497,41.795448],[-87.5958161,41.7954935],[-87.5958501,41.7954927],[-87.5958506,41.7956046],[-87.5958711,41.7956043],[-87.5958711,41.795639]]]}},{"type":"Feature","id":144471072,"properties":{"osmId":144471072,"category":"academic","addr:city":"Chicago","addr:housenumber":"5555","addr:postcode":"60637","addr:state":"IL","addr:street":"South Woodlawn Avenue","addr:street:name":"Woodlawn","addr:street:prefix":"South","addr:street:type":"Avenue","building":"university","building:levels":"3","check_date":"2024-03-10","chicago:building_id":"484683","name":"Alumni House","_wikiTried":true},"geometry":{"type":"Polygon","coordinates":[[[-87.5962666,41.7935795],[-87.5958281,41.7935815],[-87.5958274,41.793516],[-87.5958916,41.7935159],[-87.595889,41.7934097],[-87.596006,41.793409],[-87.5960082,41.7934832],[-87.5960387,41.793483],[-87.5960467,41.7934755],[-87.5960729,41.7934755],[-87.5960789,41.793481],[-87.5960936,41.793481],[-87.5960936,41.793488],[-87.5961895,41.7934875],[-87.5962049,41.7934727],[-87.5962338,41.7934725],[-87.5962485,41.793483],[-87.5962485,41.7934874],[-87.5962641,41.7934873],[-87.5962666,41.7935795]]]}},{"type":"Feature","id":144636078,"properties":{"osmId":144636078,"category":"academic","addr:city":"Chicago","addr:housenumber":"1365","addr:postcode":"60637","addr:state":"IL","addr:street":"East 60th Street","addr:street:name":"60th","addr:street:prefix":"East","addr:street:type":"Street","building":"university","chicago:building_id":"509630"},"geometry":{"type":"Polygon","coordinates":[[[-87.5922185,41.7859441],[-87.5920422,41.7859456],[-87.5920422,41.7859291],[-87.5918283,41.7859316],[-87.5918249,41.7858366],[-87.5920462,41.7858336],[-87.5920435,41.7857606],[-87.5920543,41.7857606],[-87.5920502,41.7856811],[-87.5920321,41.7856816],[-87.5920335,41.78576],[-87.5918236,41.7857615],[-87.5918197,41.7856431],[-87.5920513,41.7856402],[-87.5920471,41.7855292],[-87.5922145,41.7855266],[-87.5922172,41.7856575],[-87.5921864,41.7856585],[-87.5921877,41.785713],[-87.5922252,41.7857131],[-87.5922286,41.7858101],[-87.5922045,41.7858111],[-87.5922058,41.7858546],[-87.5922165,41.7858546],[-87.5922185,41.7859441]]]}},{"type":"Feature","id":144636081,"properties":{"osmId":144636081,"category":"academic","addr:city":"Chicago","addr:housenumber":"1313","addr:postcode":"60637","addr:state":"IL","addr:street":"East 60th Street","addr:street:name":"60th","addr:street:prefix":"East","addr:street:type":"Street","building":"university","building:levels":"5","chicago:building_id":"509708","name":"Chapin Hall","_wikiTried":true},"geometry":{"type":"Polygon","coordinates":[[[-87.5929203,41.7859318],[-87.5923654,41.785938],[-87.592362,41.7857661],[-87.592704,41.7857626],[-87.5927043,41.7858019],[-87.5927332,41.7858018],[-87.592731,41.7854991],[-87.5929018,41.7854976],[-87.5929062,41.7857967],[-87.5929166,41.7857966],[-87.5929203,41.7859318]]]}},{"type":"Feature","id":144636082,"properties":{"osmId":144636082,"category":"academic","addr:city":"Chicago","addr:housenumber":"6045","addr:postcode":"60637","addr:state":"IL","addr:street":"South Kenwood Avenue","addr:street:name":"Kenwood","addr:street:prefix":"South","addr:street:type":"Avenue","building":"university","building:levels":"5","chicago:building_id":"513272","name":"6045 Kenwood Building","_wikiTried":true},"geometry":{"type":"Polygon","coordinates":[[[-87.5929313,41.7848595],[-87.5922926,41.7848638],[-87.5922891,41.7845768],[-87.5925188,41.7845752],[-87.5925182,41.7845282],[-87.5926188,41.7845275],[-87.5926194,41.7845757],[-87.5928956,41.7845739],[-87.5929278,41.7845736],[-87.5929313,41.7848595]]]}},{"type":"Feature","id":144636084,"properties":{"osmId":144636084,"category":"academic","addr:city":"Chicago","addr:housenumber":"1407","addr:postcode":"60637","addr:state":"IL","addr:street":"East 60th Street","building":"school","name":"Chicago Theological Seminary","wikidata":"Q5095808","wikipedia":"en:Chicago Theological Seminary","_wikiTried":true},"geometry":{"type":"Polygon","coordinates":[[[-87.5912874,41.7859029],[-87.5908313,41.7859102],[-87.5908199,41.7855144],[-87.5912759,41.7855071],[-87.5912874,41.7859029]]]}},{"type":"Feature","id":144636089,"properties":{"osmId":144636089,"category":"academic","addr:city":"Chicago","addr:housenumber":"1375","addr:postcode":"60637","addr:state":"IL","addr:street":"East 60th Street","building":"university","name":"Erna Heller Hall","_wikiTried":true},"geometry":{"type":"Polygon","coordinates":[[[-87.5918292,41.7859511],[-87.5916217,41.7859525],[-87.5916144,41.7856706],[-87.5916642,41.7856699],[-87.5916633,41.7856226],[-87.5915902,41.785623],[-87.5915896,41.7855131],[-87.5916358,41.7855121],[-87.5916349,41.7854781],[-87.5917438,41.7854766],[-87.5917438,41.7854915],[-87.5918158,41.7854912],[-87.5918197,41.7856431],[-87.5918236,41.7857615],[-87.5918249,41.7858366],[-87.5918283,41.7859316],[-87.5918292,41.7859511]]]}},{"type":"Feature","id":144672633,"properties":{"osmId":144672633,"category":"residential","addr:city":"Chicago","addr:housenumber":"5638","addr:postcode":"60637","addr:state":"IL","addr:street":"South Woodlawn Avenue","addr:street:name":"Woodlawn","addr:street:prefix":"South","addr:street:type":"Avenue","building":"residential","chicago:building_id":"870971","name":"Fenn House","_wikiTried":true},"geometry":{"type":"Polygon","coordinates":[[[-87.5969548,41.7920846],[-87.5966901,41.7920879],[-87.5966879,41.791958],[-87.5968735,41.7919562],[-87.5968738,41.7919794],[-87.5969547,41.7919786],[-87.5969558,41.792048],[-87.5969548,41.7920846]]]}},{"type":"Feature","id":144672640,"properties":{"osmId":144672640,"category":"religious","addr:city":"Chicago","addr:housenumber":"5650","addr:postcode":"60637","addr:state":"IL","addr:street":"South Woodlawn Avenue","addr:street:name":"Woodlawn","addr:street:prefix":"South","addr:street:type":"Avenue","building":"church","chicago:building_id":"870972","dance:teaching":"yes","leisure":"dance","name":"Pennington Center & Hyde Park School of Dance","_wikiTried":true},"geometry":{"type":"Polygon","coordinates":[[[-87.5969521,41.7918179],[-87.5969547,41.7919786],[-87.5969558,41.792048],[-87.5971267,41.7920465],[-87.597123,41.7918164],[-87.5969521,41.7918179]]]}},{"type":"Feature","id":144867103,"properties":{"osmId":144867103,"category":"religious","addr:city":"Chicago","addr:housenumber":"5200","addr:postcode":"60615","addr:state":"IL","addr:street":"South Hyde Park Boulevard","addr:street:name":"Hyde Park","addr:street:prefix":"South","addr:street:type":"Boulevard","amenity":"place_of_worship","building":"synagogue","chicago:building_id":"822775","name":"Congregation Rodfei Zedek","polling_station":"yes","religion":"jewish","_wikiTried":true},"geometry":{"type":"Polygon","coordinates":[[[-87.5853908,41.8010057],[-87.5848337,41.801132],[-87.5847492,41.8009185],[-87.5847708,41.8009136],[-87.5847405,41.8008436],[-87.5847191,41.8008486],[-87.5846849,41.8007651],[-87.5848505,41.8007256],[-87.5848599,41.8007466],[-87.5850825,41.8006941],[-87.5850738,41.8006751],[-87.5852387,41.8006371],[-87.5853908,41.8010057]]]}},{"type":"Feature","id":145096460,"properties":{"osmId":145096460,"category":"residential","addr:city":"Chicago","addr:housenumber":"5401","addr:postcode":"60615","addr:state":"IL","addr:street":"South Cornell Avenue","addr:street:name":"Cornell","addr:street:prefix":"South","addr:street:type":"Avenue","building":"dormitory","building:levels":"9","chicago:building_id":"468675","denomination":"catholic","name":"Residence Hall - Catholic Theological Union","operator":"Catholic Theological Union","operator:type":"religious","religion":"christian","wikidata":"Q5053247","wikipedia":"en:Catholic Theological Union","_wikiTried":true},"geometry":{"type":"Polygon","coordinates":[[[-87.5852705,41.7980323],[-87.584779,41.7980385],[-87.5847729,41.7977683],[-87.5849206,41.7977665],[-87.584921,41.7977832],[-87.5850681,41.7977814],[-87.5850678,41.7977641],[-87.5852644,41.7977617],[-87.5852705,41.7980323]]]}},{"type":"Feature","id":145096478,"properties":{"osmId":145096478,"category":"academic","addr:city":"Chicago","addr:housenumber":"5416","addr:postcode":"60615","addr:state":"IL","addr:street":"South Cornell Avenue","addr:street:name":"Cornell","addr:street:prefix":"South","addr:street:type":"Avenue","amenity":"university","building":"university","chicago:building_id":"837688","denomination":"catholic","education":"university","name":"Academic Conference Center - Catholic Theological Union","operator":"Catholic Theological Union","operator:type":"religious","religion":"christian","wikidata":"Q5053247","wikipedia":"en:Catholic Theological Union","_wikiTried":true},"geometry":{"type":"Polygon","coordinates":[[[-87.5861959,41.7980256],[-87.5863015,41.7980242],[-87.5862996,41.7979862],[-87.5863437,41.7979853],[-87.5863348,41.7975158],[-87.5862893,41.7975164],[-87.5862891,41.7974812],[-87.5856813,41.7974893],[-87.585684,41.7976093],[-87.585678,41.7976093],[-87.5856794,41.7976977],[-87.5856854,41.7976977],[-87.5856924,41.7980331],[-87.585821,41.7980317],[-87.5860522,41.7980284],[-87.5861959,41.7980256]]]}},{"type":"Feature","id":145348950,"properties":{"osmId":145348950,"category":"academic","addr:city":"Chicago","addr:housenumber":"5800","addr:postcode":"60637","addr:state":"IL","addr:street":"South Stony Island Avenue","building":"school","name":"Earl Shapiro Hall","_wikiTried":true},"geometry":{"type":"Polygon","coordinates":[[[-87.587411,41.7900405],[-87.5869021,41.7900475],[-87.5868872,41.7894498],[-87.5872517,41.7894448],[-87.5872512,41.7894227],[-87.5872135,41.7894232],[-87.5872127,41.7893873],[-87.58725,41.7893868],[-87.5872495,41.7893634],[-87.5868834,41.7893682],[-87.5868786,41.7892201],[-87.5871796,41.7892241],[-87.5874899,41.7892198],[-87.5875094,41.7900034],[-87.5874101,41.7900047],[-87.587411,41.7900405]]]}},{"type":"Feature","id":145385070,"properties":{"osmId":145385070,"category":"religious","addr:city":"Chicago","addr:housenumber":"5540","addr:postcode":"60637","addr:state":"IL","addr:street":"South Woodlawn Avenue","addr:street:name":"Woodlawn","addr:street:prefix":"South","addr:street:type":"Avenue","amenity":"place_of_worship","building":"yes","building:levels":"2","chicago:building_id":"483142","denomination":"episcopal","ele":"180","gnis:feature_id":"1826413","name":"Bishop Brent Episcopal Center","source":"USGS Geonames","_wikiTried":true},"geometry":{"type":"Polygon","coordinates":[[[-87.5970358,41.7940999],[-87.5968576,41.794102],[-87.5968565,41.793995],[-87.5969079,41.7939947],[-87.5969085,41.7939633],[-87.5969862,41.7939629],[-87.596986,41.79398],[-87.597013,41.7939799],[-87.5970264,41.7939914],[-87.5970403,41.7939912],[-87.5970403,41.7939981],[-87.5970948,41.7939979],[-87.5970957,41.794048],[-87.5970346,41.7940485],[-87.5970358,41.7940999]]]}},{"type":"Feature","id":145400407,"properties":{"osmId":145400407,"category":"medical","addr:city":"Chicago","addr:housenumber":"5812","addr:postcode":"60637","addr:state":"IL","addr:street":"South Ellis Avenue","building":"hospital","building:levels":"6","name":"Surgery Brain","roof:levels":"0","roof:shape":"flat","university_of_chicago:building_id":"A14","university_of_chicago:business_unit_name":"BSD/UCH","_wikiTried":true},"geometry":{"type":"Polygon","coordinates":[[[-87.6022133,41.7893149],[-87.6019767,41.7893176],[-87.6019788,41.7894214],[-87.6019383,41.7894218],[-87.6019385,41.7894292],[-87.6019463,41.7894291],[-87.6019469,41.7894589],[-87.6017733,41.7894608],[-87.6017728,41.7894322],[-87.601781,41.7894321],[-87.6017808,41.789425],[-87.6016875,41.789426],[-87.6016871,41.7894049],[-87.6016764,41.789405],[-87.6016756,41.7893666],[-87.6016864,41.7893665],[-87.6016859,41.7893398],[-87.6016744,41.78934],[-87.6016736,41.7893005],[-87.6016863,41.7893004],[-87.6016857,41.7892725],[-87.6016735,41.7892726],[-87.6016726,41.7892318],[-87.6016861,41.7892317],[-87.6016855,41.789203],[-87.6016716,41.7892032],[-87.6016708,41.7891642],[-87.6016838,41.7891641],[-87.6016832,41.7891366],[-87.6016693,41.7891367],[-87.6016685,41.7890983],[-87.601683,41.7890981],[-87.6016824,41.7890691],[-87.6016696,41.7890692],[-87.6016689,41.789033],[-87.6016828,41.7890328],[-87.6016822,41.7890015],[-87.6016673,41.7890017],[-87.6016666,41.7889628],[-87.6016804,41.7889627],[-87.60168,41.7889428],[-87.6017713,41.7889418],[-87.6017712,41.7889344],[-87.6017632,41.7889345],[-87.6017626,41.7889067],[-87.6019352,41.7889047],[-87.6019357,41.7889313],[-87.6019262,41.7889314],[-87.6019264,41.7889391],[-87.6019936,41.7889384],[-87.6019918,41.7888447],[-87.6021581,41.7888429],[-87.6022066,41.7888423],[-87.6022076,41.7888947],[-87.6022225,41.7888949],[-87.6022232,41.7889279],[-87.6022068,41.7889278],[-87.6022075,41.7889619],[-87.6022239,41.7889609],[-87.6022247,41.7889965],[-87.6022083,41.7889964],[-87.6022089,41.7890264],[-87.6022253,41.7890269],[-87.6022261,41.7890619],[-87.602208,41.7890629],[-87.6022085,41.7890903],[-87.6022266,41.7890894],[-87.6022274,41.7891259],[-87.6022093,41.7891277],[-87.6022098,41.7891568],[-87.6022281,41.7891574],[-87.6022289,41.7891954],[-87.6022111,41.789195],[-87.6022116,41.7892228],[-87.6022295,41.7892224],[-87.6022304,41.7892674],[-87.6022123,41.789266],[-87.6022133,41.7893149]]]}},{"type":"Feature","id":145401959,"properties":{"osmId":145401959,"category":"academic","addr:city":"Chicago","addr:housenumber":"947-951","addr:postcode":"60637","addr:state":"IL","addr:street":"East 58th Street","addr:street:name":"58th","addr:street:prefix":"East","addr:street:type":"Street","building":"university","building:levels":"7","chicago:building_id":"815642","name":"Abbott Hall","name:etymology:wikidata":"Q19760360","roof:shape":"flat","university_of_chicago:building_id":"A15","university_of_chicago:business_unit_name":"BSD/UCH","_wikiTried":true},"geometry":{"type":"Polygon","coordinates":[[[-87.6019788,41.7894214],[-87.6019793,41.7894522],[-87.60297,41.7894412],[-87.6029673,41.7893065],[-87.6029402,41.7893068],[-87.6027636,41.7893088],[-87.6022314,41.7893147],[-87.6022133,41.7893149],[-87.6019767,41.7893176],[-87.6019788,41.7894214]]]}},{"type":"Feature","id":145476720,"properties":{"osmId":145476720,"category":"academic","addr:city":"Chicago","addr:housenumber":"950","addr:postcode":"60637","addr:state":"IL","addr:street":"East 59th Street","building":"university","name":"Peck Pavilion","university_of_chicago:building_id":"A16","university_of_chicago:business_unit_name":"BSD/UCH","_wikiTried":true},"geometry":{"type":"Polygon","coordinates":[[[-87.6033913,41.789165],[-87.6033318,41.789166],[-87.6033318,41.789174],[-87.6029566,41.7891775],[-87.6029589,41.7892715],[-87.6029391,41.7892718],[-87.6029402,41.7893068],[-87.6027636,41.7893088],[-87.602761,41.7891776],[-87.602747,41.7891775],[-87.6027437,41.788956],[-87.6027561,41.7889558],[-87.6027531,41.7888385],[-87.6029389,41.7888355],[-87.6029427,41.7889533],[-87.6033882,41.788951],[-87.6033888,41.7889815],[-87.6034032,41.7889821],[-87.6034055,41.7891405],[-87.6033906,41.7891411],[-87.6033913,41.789165]]]}},{"type":"Feature","id":145510720,"properties":{"osmId":145510720,"category":"academic","addr:city":"Chicago","addr:housenumber":"950","addr:postcode":"60637","addr:state":"IL","addr:street":"East 61st Street","addr:street:name":"61st","addr:street:prefix":"East","addr:street:type":"Street","building":"university","building:levels":"1","chicago:building_id":"514273","name":"Woodlawn Social Services Center","university_of_chicago:building_id":"I13","university_of_chicago:business_unit_name":"BSD/UCH","_wikiTried":true},"geometry":{"type":"Polygon","coordinates":[[[-87.6025872,41.7846636],[-87.6025256,41.7846647],[-87.602525,41.7846383],[-87.6025131,41.7846385],[-87.6025134,41.7846645],[-87.6022614,41.7846692],[-87.60226,41.7846151],[-87.6022468,41.7846153],[-87.602246,41.7845793],[-87.602266,41.7845791],[-87.6022626,41.7844176],[-87.6021936,41.7844185],[-87.6021138,41.7844196],[-87.6021164,41.7845075],[-87.6020139,41.7845091],[-87.6020131,41.7844961],[-87.6019872,41.7844966],[-87.6019876,41.7845092],[-87.6018882,41.7845102],[-87.6018881,41.7844966],[-87.6018596,41.7844965],[-87.6018603,41.7845111],[-87.6017604,41.7845126],[-87.601755,41.7842491],[-87.6018563,41.7842471],[-87.601857,41.7842601],[-87.6018826,41.7842598],[-87.6018824,41.7842471],[-87.6019817,41.7842466],[-87.6019822,41.7842589],[-87.602009,41.7842584],[-87.6020085,41.7842466],[-87.6021098,41.7842451],[-87.6021124,41.7843246],[-87.602192,41.7843235],[-87.60226,41.7843226],[-87.6022579,41.7842211],[-87.6023182,41.7842202],[-87.6023189,41.7842472],[-87.602332,41.7842469],[-87.6023317,41.7842196],[-87.6025785,41.7842166],[-87.6025805,41.7842721],[-87.6025972,41.7842719],[-87.6025986,41.7843066],[-87.6025825,41.7843066],[-87.6025872,41.7846636]]]}},{"type":"Feature","id":147606533,"properties":{"osmId":147606533,"category":"religious","addr:city":"Chicago","addr:housenumber":"5615","addr:postcode":"60637","addr:state":"IL","addr:street":"South Woodlawn Avenue","addr:street:name":"Woodlawn","addr:street:prefix":"South","addr:street:type":"Avenue","amenity":"place_of_worship","building":"yes","building:levels":"3","chicago:building_id":"486698","denomination":"quaker","name":"57th Street Meeting of Friends","religion":"christian","_wikiTried":true},"geometry":{"type":"Polygon","coordinates":[[[-87.5962707,41.7928746],[-87.5962707,41.7928641],[-87.5962761,41.7928614],[-87.5962754,41.7928221],[-87.5962661,41.7928176],[-87.5962653,41.7927861],[-87.596274,41.7927821],[-87.5962734,41.7927426],[-87.596268,41.7927391],[-87.5962678,41.7927278],[-87.5960809,41.7927286],[-87.5960816,41.7927386],[-87.5960434,41.7927389],[-87.5960453,41.7927897],[-87.5960823,41.7927896],[-87.5960853,41.7928763],[-87.5962707,41.7928746]]]}},{"type":"Feature","id":148014495,"properties":{"osmId":148014495,"category":"academic","addr:city":"Chicago","addr:housenumber":"5620","addr:postcode":"60637","addr:state":"IL","addr:street":"South Ellis Avenue","building":"university","name":"Accelerator Building","university_of_chicago:building_id":"B03","university_of_chicago:business_unit_name":"BSD/UCH","_wikiTried":true},"geometry":{"type":"Polygon","coordinates":[[[-87.6019317,41.7923796],[-87.6019353,41.792561],[-87.6019298,41.7925856],[-87.6019454,41.7930718],[-87.6018565,41.7930729],[-87.6018565,41.7930859],[-87.6016534,41.7930894],[-87.6016512,41.7930324],[-87.6015542,41.7930336],[-87.601548,41.7926426],[-87.6015415,41.7923944],[-87.6016009,41.792394],[-87.6016007,41.7923817],[-87.6016139,41.7923824],[-87.6016358,41.7923817],[-87.6016544,41.792381],[-87.6019317,41.7923796]]]}},{"type":"Feature","id":148014497,"properties":{"osmId":148014497,"category":"academic","addr:city":"Chicago","addr:housenumber":"940","addr:postcode":"60637","addr:state":"IL","addr:street":"East 57th Street","addr:street:name":"57th","addr:street:prefix":"East","addr:street:type":"Street","building":"university","chicago:building_id":"486215","name":"Biopsychology Science Building","university_of_chicago:building_id":"B08","university_of_chicago:business_unit_name":"BSD/UCH","_wikiTried":true},"geometry":{"type":"Polygon","coordinates":[[[-87.6024096,41.7917251],[-87.602106,41.79173],[-87.60195,41.7917325],[-87.6019493,41.7917091],[-87.6018987,41.7917099],[-87.6018928,41.7914974],[-87.6024027,41.7914893],[-87.6024096,41.7917251]]]}},{"type":"Feature","id":150256036,"properties":{"osmId":150256036,"category":"religious","addr:housenumber":"1448","addr:postcode":"60615","addr:street":"East 53rd Street","building":"chapel","name":"Rittenhouse Memorial Chapel","_wikiTried":true},"geometry":{"type":"Polygon","coordinates":[[[-87.5899295,41.7998506],[-87.58987,41.7998516],[-87.5898693,41.7998251],[-87.5898796,41.7998248],[-87.5898931,41.7998163],[-87.5898924,41.7997888],[-87.5897956,41.7997896],[-87.5897929,41.7996759],[-87.5899256,41.7996742],[-87.589926,41.7996801],[-87.5899295,41.7998506]]]}},{"type":"Feature","id":150456352,"properties":{"osmId":150456352,"category":"academic","addr:city":"Chicago","addr:housenumber":"5807","addr:postcode":"60637","addr:state":"IL","addr:street":"South Woodlawn Avenue","addr:street:name":"Woodlawn","addr:street:prefix":"South","addr:street:type":"Avenue","building":"university","building:levels":"5","chicago:building_id":"824800","name":"Charles M. Harper Center","name:etymology:wikidata":"Q5006711","name:etymology:wikipedia":"C._Michael_Harper","wikidata":"Q2963304","wikipedia":"en:University of Chicago Booth School of Business","_wikiTried":true},"geometry":{"type":"Polygon","coordinates":[[[-87.596168,41.7893712],[-87.5960205,41.7893732],[-87.5960218,41.7894171],[-87.5959254,41.7894187],[-87.5959269,41.7894767],[-87.5958805,41.7894771],[-87.5958816,41.7895038],[-87.5952829,41.7895121],[-87.5952829,41.7894861],[-87.5950993,41.7894872],[-87.595099,41.7894798],[-87.5950685,41.7894803],[-87.5950679,41.7894469],[-87.5950243,41.7894469],[-87.5950013,41.7887031],[-87.5949938,41.7884617],[-87.5949933,41.7884461],[-87.5951464,41.7884443],[-87.5951437,41.7883283],[-87.5953701,41.7883252],[-87.5953737,41.7884625],[-87.595375,41.7885125],[-87.5953996,41.7885122],[-87.5954007,41.7885639],[-87.5954297,41.7885636],[-87.5954358,41.7888702],[-87.5957789,41.7888665],[-87.5958015,41.7888663],[-87.5957979,41.7887265],[-87.5960057,41.7887235],[-87.5960072,41.7887915],[-87.5960427,41.788791],[-87.5960469,41.7889891],[-87.5960527,41.7892592],[-87.5960981,41.7892586],[-87.5961667,41.7892583],[-87.596168,41.7893712]]]}},{"type":"Feature","id":150457341,"properties":{"osmId":150457341,"category":"academic","addr:city":"Chicago","addr:housenumber":"1212","addr:postcode":"60637","addr:state":"IL","addr:street":"East 59th Street","addr:street:name":"59th","addr:street:prefix":"East","addr:street:type":"Street","building":"university","chicago:building_id":"501896","ele":"180","gnis:feature_id":"1830615","name":"Ida Noyes Hall","source":"USGS Geonames","wikidata":"Q5987139","_wikiTried":true},"geometry":{"type":"Polygon","coordinates":[[[-87.596028,41.7884557],[-87.5954578,41.7884614],[-87.5954433,41.7884615],[-87.5954371,41.7881812],[-87.5953958,41.7881816],[-87.5953969,41.7882292],[-87.5951305,41.7882312],[-87.5951264,41.7881127],[-87.595122,41.7879832],[-87.5951448,41.7879832],[-87.5951448,41.7879702],[-87.5951603,41.7879583],[-87.5951837,41.7879582],[-87.5952011,41.7879702],[-87.5952015,41.7879823],[-87.5954653,41.7879802],[-87.5954642,41.7879511],[-87.5955161,41.7879507],[-87.5955516,41.7879505],[-87.5955664,41.7879378],[-87.5955972,41.7879373],[-87.5956126,41.7879506],[-87.595645,41.7879502],[-87.5956449,41.787977],[-87.5959466,41.787975],[-87.5959465,41.7879615],[-87.5959655,41.7879502],[-87.5959922,41.78795],[-87.5960097,41.7879613],[-87.5960098,41.7879749],[-87.5960248,41.7879748],[-87.5960272,41.7881532],[-87.596021,41.7881532],[-87.596008,41.7881533],[-87.5959922,41.7881535],[-87.5957751,41.7881552],[-87.595776,41.7882308],[-87.5957763,41.7882426],[-87.5957765,41.7882532],[-87.5957776,41.788326],[-87.5960264,41.7883234],[-87.596028,41.7884557]]]}},{"type":"Feature","id":150457349,"properties":{"osmId":150457349,"category":"religious","addr:city":"Chicago","addr:housenumber":"5850","addr:postcode":"60637","addr:state":"IL","addr:street":"South Woodlawn Avenue","addr:street:name":"Woodlawn","addr:street:prefix":"South","addr:street:type":"Avenue","amenity":"place_of_worship","building":"church","building:levels":"8","building:material":"stone","chicago:building_id":"500461","name":"Rockefeller Memorial Chapel","name:etymology:wikidata":"Q160278","name:etymology:wikipedia":"en:John D. Rockefeller","religion":"christian","roof:material":"slate","roof:shape":"crosspitched","wikidata":"Q7355039","wikipedia":"en:Rockefeller Chapel","_wikiTried":true},"geometry":{"type":"Polygon","coordinates":[[[-87.5969226,41.7881804],[-87.5970435,41.7881787],[-87.5971608,41.788177],[-87.5971709,41.7885587],[-87.5972705,41.7885572],[-87.5972739,41.7886858],[-87.597175,41.7886873],[-87.5971802,41.7888878],[-87.5969873,41.7888907],[-87.5969866,41.7888633],[-87.5969447,41.788864],[-87.5969432,41.7888064],[-87.5968513,41.7888078],[-87.5968509,41.7887923],[-87.5968483,41.788694],[-87.5968137,41.7886945],[-87.5968123,41.788632],[-87.5968105,41.7885593],[-87.5969326,41.7885577],[-87.5969273,41.7883579],[-87.5969246,41.7882521],[-87.5968902,41.7882526],[-87.5968451,41.7882532],[-87.5968438,41.7882037],[-87.5968891,41.788203],[-87.5969231,41.7882025],[-87.5969226,41.7881804]]]}},{"type":"Feature","id":151173251,"properties":{"osmId":151173251,"category":"academic","addr:city":"Chicago","addr:housenumber":"1025","addr:postcode":"60637","addr:state":"IL","addr:street":"East 58th Street","addr:street:name":"58th","addr:street:prefix":"East","addr:street:type":"Street","building":"university","chicago:building_id":"499858","name":"Swift Hall","name:etymology:wikidata":"Q106502086","name:etymology:wikipedia":"en:Gustavus Franklin Swift","_wikiTried":true},"geometry":{"type":"Polygon","coordinates":[[[-87.6003567,41.7890541],[-87.6001286,41.7890567],[-87.5998763,41.7890598],[-87.5998734,41.7889221],[-87.6000173,41.7889204],[-87.6000129,41.788717],[-87.6001574,41.7887153],[-87.6001583,41.7887551],[-87.6002305,41.7887543],[-87.6002951,41.7887535],[-87.6002945,41.788724],[-87.6003706,41.7887235],[-87.6003712,41.788752],[-87.6004284,41.7887513],[-87.6004288,41.7887703],[-87.6004293,41.7887907],[-87.6003937,41.7887911],[-87.6001594,41.7887939],[-87.600162,41.7889198],[-87.6003539,41.7889175],[-87.6003567,41.7890541]]]}},{"type":"Feature","id":151173253,"properties":{"osmId":151173253,"category":"academic","addr:city":"Chicago","addr:housenumber":"5550","addr:postcode":"60637","addr:state":"IL","addr:street":"South University Avenue","addr:street:name":"Greenwood","addr:street:prefix":"South","addr:street:type":"Avenue","building":"university","chicago:building_id":"484072","leisure":"sports_centre","name":"Henry Crown Field House","name:etymology:wikidata":"Q12406812","name:etymology:wikipedia":"en:Henry Crown","operator":"University of Chicago","operator:type":"university","wikidata":"Q22097378","wikipedia":"en:Henry Crown Field House","_wikiTried":true},"geometry":{"type":"Polygon","coordinates":[[[-87.5995927,41.793787],[-87.5995846,41.7933255],[-87.5982709,41.7933396],[-87.5982797,41.7938004],[-87.5995927,41.793787]]]}},{"type":"Feature","id":151173255,"properties":{"osmId":151173255,"category":"academic","addr:city":"Chicago","addr:housenumber":"1050","addr:postcode":"60637","addr:state":"IL","addr:street":"East 59th Street","amenity":"place_of_worship","building":"university","name":"Bond Chapel","religion":"christian","_wikiTried":true},"geometry":{"type":"Polygon","coordinates":[[[-87.6006107,41.78872],[-87.6003706,41.7887235],[-87.6002945,41.788724],[-87.600268,41.7887244],[-87.6002669,41.7886784],[-87.6002658,41.7886307],[-87.6006086,41.7886263],[-87.6006107,41.78872]]]}},{"type":"Feature","id":152284260,"properties":{"osmId":152284260,"category":"academic","addr:city":"Chicago","addr:housenumber":"5730","addr:postcode":"60637","addr:state":"IL","addr:street":"South Ellis Avenue","addr:street:name":"Ellis","addr:street:prefix":"South","addr:street:type":"Avenue","amenity":"library","building":"university","chicago:building_id":"493429","name":"John Crerar Library","name:etymology:wikidata":"Q6227606","name:etymology:wikipedia":"en:John Crerar (industrialist)","operator":"The University of Chicago Library","operator:type":"university","website":"https://www.lib.uchicago.edu/crerar/","wheelchair":"limited","wikidata":"Q615173","wikipedia":"en:John Crerar Library","_wikiTried":true},"geometry":{"type":"Polygon","coordinates":[[[-87.6031177,41.7909375],[-87.6025314,41.7909415],[-87.6025186,41.7903644],[-87.6025516,41.7903641],[-87.6025489,41.7901275],[-87.603066,41.7901254],[-87.6030662,41.7903567],[-87.6031087,41.7903564],[-87.6031177,41.7909375]]]}},{"type":"Feature","id":152284265,"properties":{"osmId":152284265,"category":"academic","addr:city":"Chicago","addr:housenumber":"5801","addr:postcode":"60637","addr:state":"IL","addr:street":"South Ellis Avenue","addr:street:name":"Ellis","addr:street:prefix":"South","addr:street:type":"Avenue","alt_name":"Administration Building","building":"university","building:levels":"6","chicago:building_id":"497181","name":"Edward H. Levi Hall","name:etymology:wikidata":"Q1292438","name:etymology:wikipedia":"en:Edward H. Levi","roof:levels":"0","roof:shape":"flat","_wikiTried":true},"geometry":{"type":"Polygon","coordinates":[[[-87.6010185,41.7898684],[-87.601012,41.7895722],[-87.6010054,41.7892723],[-87.6008108,41.7892747],[-87.6008174,41.7895732],[-87.6008239,41.7898708],[-87.6010185,41.7898684]]]}},{"type":"Feature","id":152422457,"properties":{"osmId":152422457,"category":"academic","addr:city":"Chicago","addr:housenumber":"1025","addr:postcode":"60637","addr:state":"IL","addr:street":"East 57th Street","addr:street:name":"57th","addr:street:prefix":"East","addr:street:type":"Street","building":"university","chicago:building_id":"883258","name":"Culver","university_of_chicago:building_id":"D10","university_of_chicago:business_unit_name":"BSD/UCH","_wikiTried":true},"geometry":{"type":"Polygon","coordinates":[[[-87.6000666,41.7909628],[-87.6001545,41.7909616],[-87.6001996,41.7909612],[-87.6002748,41.7909604],[-87.6002685,41.7906628],[-87.60006,41.7906653],[-87.6000615,41.7907354],[-87.5999295,41.7907369],[-87.5999318,41.7908439],[-87.600064,41.7908423],[-87.6000666,41.7909628]]]}},{"type":"Feature","id":152422458,"properties":{"osmId":152422458,"category":"academic","addr:city":"Chicago","addr:housenumber":"1111","addr:postcode":"60637","addr:state":"IL","addr:street":"East 60th Street","addr:street:name":"60th","addr:street:prefix":"East","addr:street:type":"Street","building":"university","chicago:building_id":"511927","name":"Laird Bell Law Quadrangle","wikidata":"Q1036763","wikipedia":"en:University of Chicago Law School","_wikiTried":true},"geometry":{"type":"Polygon","coordinates":[[[-87.5998676,41.7851396],[-87.599923,41.7851389],[-87.5999212,41.7850716],[-87.5993952,41.7850828],[-87.5993961,41.7851075],[-87.5993775,41.7851079],[-87.5992902,41.7851096],[-87.5992978,41.7850966],[-87.5992894,41.7850843],[-87.5992975,41.7850723],[-87.5992886,41.7850595],[-87.5992971,41.7850474],[-87.5992878,41.7850348],[-87.5992958,41.7850223],[-87.599287,41.7850095],[-87.5992956,41.7849959],[-87.5992861,41.7849825],[-87.5992949,41.78497],[-87.5992856,41.7849575],[-87.5992935,41.7849451],[-87.5992845,41.7849321],[-87.5992919,41.7849201],[-87.5992837,41.784908],[-87.5992913,41.7848956],[-87.5992829,41.7848841],[-87.5992645,41.7848775],[-87.5992466,41.7848845],[-87.5992294,41.7848786],[-87.5992131,41.7848849],[-87.5991966,41.7848788],[-87.5991802,41.7848853],[-87.5991632,41.7848793],[-87.5991467,41.7848857],[-87.5991295,41.7848791],[-87.5991132,41.7848861],[-87.5990963,41.7848797],[-87.5990796,41.7848865],[-87.5990623,41.78488],[-87.5990461,41.7848869],[-87.5990289,41.7848804],[-87.5990112,41.7848873],[-87.5989946,41.7848813],[-87.5989791,41.7848877],[-87.598962,41.7848823],[-87.5989449,41.7848881],[-87.5989275,41.7848827],[-87.5989107,41.7848885],[-87.5988939,41.7848831],[-87.5988778,41.7848889],[-87.5988608,41.784883],[-87.5988443,41.7848893],[-87.5988268,41.7848843],[-87.5988101,41.7848897],[-87.5987923,41.7848843],[-87.5987756,41.7848901],[-87.598769,41.7849038],[-87.5987763,41.7849175],[-87.59877,41.7849306],[-87.598777,41.7849435],[-87.5987711,41.7849561],[-87.5987774,41.7849683],[-87.5987722,41.7849803],[-87.5987783,41.7849925],[-87.5987732,41.7850048],[-87.598779,41.7850175],[-87.5987736,41.7850303],[-87.5987797,41.785043],[-87.5987752,41.7850554],[-87.5987803,41.7850675],[-87.5987806,41.7850776],[-87.5987383,41.785078],[-87.5987032,41.7850783],[-87.5987,41.7849652],[-87.598438,41.7849681],[-87.5984435,41.7851186],[-87.5984111,41.7851191],[-87.5984098,41.7850851],[-87.5983848,41.7850767],[-87.5983427,41.7850671],[-87.5983085,41.7850621],[-87.5982743,41.7850591],[-87.5982395,41.7850581],[-87.5982058,41.7850601],[-87.5981731,41.7850641],[-87.5981402,41.7850701],[-87.598106,41.7850781],[-87.5980782,41.7850892],[-87.5980578,41.7850894],[-87.5980592,41.7851368],[-87.5980596,41.785175],[-87.5980611,41.7852141],[-87.5980819,41.7852136],[-87.5981161,41.7852241],[-87.598155,41.7852321],[-87.5981945,41.7852366],[-87.5982355,41.7852381],[-87.598275,41.7852366],[-87.5983119,41.7852326],[-87.5983487,41.7852259],[-87.5983853,41.7852155],[-87.5984145,41.7852031],[-87.5984143,41.7851734],[-87.5984251,41.7851733],[-87.5984453,41.7851731],[-87.5984527,41.7856356],[-87.5984312,41.7856358],[-87.5984251,41.7856359],[-87.5984011,41.7856186],[-87.5983956,41.7856026],[-87.598391,41.7855891],[-87.5983474,41.7855821],[-87.5983092,41.7855561],[-87.5982489,41.7855621],[-87.598183,41.7855574],[-87.5981489,41.7855816],[-87.5981047,41.7855886],[-87.598096,41.7856196],[-87.5980678,41.7856431],[-87.5980692,41.7856951],[-87.5980993,41.7857171],[-87.5981107,41.7857491],[-87.5981469,41.7857526],[-87.5981838,41.7857804],[-87.5982502,41.7857691],[-87.5983198,41.7857819],[-87.5983521,41.7857486],[-87.598398,41.7857384],[-87.5984046,41.7857013],[-87.5984265,41.7856737],[-87.598452,41.7856736],[-87.5984521,41.7856901],[-87.5987849,41.7856864],[-87.598784,41.7856356],[-87.5987133,41.7856364],[-87.5987022,41.7851691],[-87.5987813,41.785168],[-87.5987737,41.7851806],[-87.5987817,41.7851938],[-87.5987743,41.7852058],[-87.5987818,41.7852188],[-87.5987754,41.7852311],[-87.5987824,41.7852438],[-87.5987765,41.7852565],[-87.5987834,41.7852691],[-87.5988022,41.7852753],[-87.5988199,41.7852686],[-87.5988373,41.7852751],[-87.5988537,41.7852682],[-87.5988709,41.7852748],[-87.5988872,41.7852678],[-87.5989051,41.785274],[-87.5989221,41.7852673],[-87.5989394,41.7852731],[-87.5989556,41.7852669],[-87.5989731,41.7852731],[-87.5989891,41.7852665],[-87.5990063,41.7852724],[-87.5990227,41.7852661],[-87.5990402,41.7852722],[-87.5990568,41.7852656],[-87.5990739,41.7852716],[-87.5990897,41.7852652],[-87.599106,41.7852708],[-87.5991225,41.7852648],[-87.5991395,41.7852703],[-87.5991554,41.7852644],[-87.5991725,41.7852703],[-87.5991889,41.785264],[-87.5992057,41.7852693],[-87.5992225,41.7852635],[-87.59924,41.785269],[-87.5992574,41.7852631],[-87.5992768,41.7852685],[-87.5992953,41.7852626],[-87.5993036,41.7852489],[-87.5992944,41.785235],[-87.5993031,41.7852231],[-87.5992936,41.7852105],[-87.5993023,41.7851976],[-87.5992928,41.7851845],[-87.5993011,41.7851719],[-87.599293,41.7851583],[-87.5993984,41.7851561],[-87.5993981,41.7851815],[-87.5997283,41.7851779],[-87.599728,41.785142],[-87.5998676,41.7851396]]]}},{"type":"Feature","id":152422722,"properties":{"osmId":152422722,"category":"academic","addr:city":"Chicago","addr:housenumber":"6016","addr:postcode":"60637","addr:state":"IL","addr:street":"South Ingleside Avenue","addr:street:name":"Ingleside","addr:street:prefix":"South","addr:street:type":"Avenue","architect":"Lorado Taft","architect:wikidata":"Q1869845","architect:wikipedia":"en:Lorado Taft","building":"university","chicago:building_id":"868468","heritage":"2","heritage:operator":"nrhp","heritage:website":"https://npgallery.nps.gov/NRHP/AssetDetail/d1646340-8702-4f0d-8833-cef5b65089f6","historic":"heritage","name":"Midway Studios","nrhp:criteria":"(B)","nrhp:inscription_date":"1966-10-15","nrhp:nhl":"yes","ref:nrhp":"66000317","wikidata":"Q6678717","wikimedia_commons":"File:20070601 Lorado Taft Midway Studio (3).JPG","wikipedia":"en:Lorado Taft Midway Studios","_wikiTried":true},"geometry":{"type":"Polygon","coordinates":[[[-87.6031318,41.7856821],[-87.6033131,41.7856806],[-87.6033095,41.7855341],[-87.6033283,41.7855341],[-87.6033252,41.7853661],[-87.6033524,41.785366],[-87.6033526,41.7853746],[-87.6034048,41.7853745],[-87.6034047,41.7853658],[-87.6034428,41.7853656],[-87.6034416,41.7852901],[-87.6029776,41.7852926],[-87.6029776,41.7853816],[-87.6029925,41.7853816],[-87.6029951,41.7855276],[-87.6030334,41.7855272],[-87.6030339,41.785561],[-87.6031285,41.7855601],[-87.6031318,41.7856821]]]}},{"type":"Feature","id":152422723,"properties":{"osmId":152422723,"category":"academic","addr:city":"Chicago","addr:housenumber":"935","addr:postcode":"60637","addr:state":"IL","addr:street":"East 60th Street","building":"university","name":"Taft House","_wikiTried":true},"geometry":{"type":"Polygon","coordinates":[[[-87.6031198,41.7856881],[-87.6031198,41.7857131],[-87.6031262,41.7857184],[-87.603111,41.7857306],[-87.6031016,41.7857251],[-87.6031016,41.7857346],[-87.6030715,41.7857346],[-87.6030715,41.7857241],[-87.6030547,41.7857241],[-87.6030319,41.7857411],[-87.6030024,41.7857186],[-87.6030219,41.7857026],[-87.6030205,41.7856706],[-87.6030071,41.7856616],[-87.6030064,41.7856366],[-87.6030199,41.7856258],[-87.603018,41.7855611],[-87.6030339,41.785561],[-87.6031285,41.7855601],[-87.6031318,41.7856821],[-87.603132,41.7856881],[-87.6031198,41.7856881]]]}},{"type":"Feature","id":152422729,"properties":{"osmId":152422729,"category":"academic","addr:city":"Chicago","addr:housenumber":"915","addr:postcode":"60637","addr:state":"IL","addr:street":"East 60th Street","amenity":"theatre","building":"university","check_date:opening_hours":"2025-12-12","email":"logancenter@uchicago.edu","internet_access":"wlan","internet_access:fee":"no","internet_access:password":"yes","internet_access:ssid":"uchicago-guest","name":"Logan Center for the Arts","opening_hours":"Mo-Su 08:00-22:00; Jan 01 off; Jan Mo[3] off; May Mo[-1] off; Jun 19 off; Jul 04 off; Sep Mo[1] off; Nov Th[4] off; Nov Th[4] +1 day off; Dec 25 off","operator":"University of Chicago","phone":"+1-773-795-6426","source:access:password":"sent to your email address after registering","website":"https://arts.uchicago.edu/explore/reva-and-david-logan-center-arts","_wikiTried":true},"geometry":{"type":"Polygon","coordinates":[[[-87.6034975,41.785748],[-87.6034901,41.7854757],[-87.6037327,41.785472],[-87.6037266,41.7852504],[-87.6032504,41.7852577],[-87.6032415,41.7849334],[-87.6036868,41.7849266],[-87.6036881,41.7849761],[-87.6037213,41.7849756],[-87.6041261,41.7849694],[-87.6041471,41.7857381],[-87.6034975,41.785748]]]}},{"type":"Feature","id":152586232,"properties":{"osmId":152586232,"category":"other","addr:city":"Chicago","addr:housenumber":"5501-5525","addr:postcode":"60637","addr:state":"IL","addr:street":"South Ellis Avenue","addr:street:name":"Ellis","addr:street:prefix":"South","addr:street:type":"Avenue","alt_name":"Ellis Avenue Parking Garage","amenity":"parking","building":"garage","chicago:building_id":"821444","name":"Campus North Parking Garage","operator":"University of Chicago","operator:type":"university","parking":"multi-storey","_wikiTried":true},"geometry":{"type":"Polygon","coordinates":[[[-87.601166,41.7943839],[-87.6011875,41.7943837],[-87.6011866,41.7943164],[-87.6010766,41.7943171],[-87.6010768,41.7943398],[-87.6009585,41.7943407],[-87.6009584,41.794301],[-87.6005779,41.7943093],[-87.6001535,41.7943101],[-87.6001542,41.7943527],[-87.5999391,41.7943538],[-87.5999491,41.7948438],[-87.6011741,41.7948331],[-87.601166,41.7943839]]]}},{"type":"Feature","id":152586233,"properties":{"osmId":152586233,"category":"academic","addr:city":"Chicago","addr:housenumber":"5550","addr:postcode":"60637","addr:state":"IL","addr:street":"South Greenwood Avenue","building":"university","museum":"art","name":"David and Alfred Smart Museum of Art","name:etymology:wikidata":"Q4424217","name:etymology:wikipedia":"en:David A. Smart","phone":"+1-773-702-0200","tourism":"museum","website":"https://smartmuseum.uchicago.edu/","wikidata":"Q3486881","wikipedia":"en:Smart Museum of Art","_wikiTried":true},"geometry":{"type":"Polygon","coordinates":[[[-87.6004435,41.7936857],[-87.6001106,41.7936898],[-87.5999373,41.7936919],[-87.5999295,41.7933387],[-87.6004357,41.7933325],[-87.6004435,41.7936857]]]}},{"type":"Feature","id":152586234,"properties":{"osmId":152586234,"category":"academic","addr:city":"Chicago","addr:housenumber":"5535","addr:postcode":"60637","addr:state":"IL","addr:street":"South Ellis Avenue","addr:street:name":"Ellis","addr:street:prefix":"South","addr:street:type":"Avenue","amenity":"theatre","building":"university","chicago:building_id":"483233","name":"Court Theatre","wikidata":"Q5178286","wikipedia":"en:Court Theatre (Chicago)","_wikiTried":true},"geometry":{"type":"Polygon","coordinates":[[[-87.6011138,41.7940887],[-87.6006136,41.7940957],[-87.6006122,41.7939078],[-87.6007164,41.7939067],[-87.6007583,41.7938742],[-87.6008335,41.7938738],[-87.6008804,41.7939058],[-87.6009057,41.7938847],[-87.6010105,41.7938828],[-87.6010179,41.7938863],[-87.6010206,41.7938773],[-87.6010341,41.7938731],[-87.601055,41.7938775],[-87.6010568,41.7938983],[-87.6010373,41.7939043],[-87.601111,41.7939657],[-87.6011138,41.7940887]]]}},{"type":"Feature","id":152586235,"properties":{"osmId":152586235,"category":"academic","addr:city":"Chicago","addr:housenumber":"5530","addr:postcode":"60637","addr:state":"IL","addr:street":"South Ellis Avenue","addr:street:name":"Ellis","addr:street:prefix":"South","addr:street:type":"Avenue","building":"university","chicago:building_id":"821443","leisure":"sports_centre","name":"Ratner Athletic Center","wikidata":"Q5549510","wikipedia":"en:Gerald Ratner Athletics Center","_wikiTried":true},"geometry":{"type":"Polygon","coordinates":[[[-87.6024084,41.7948479],[-87.6019529,41.7948529],[-87.6019522,41.7948169],[-87.6015176,41.7948216],[-87.6015057,41.7942146],[-87.6016967,41.794213],[-87.6016752,41.7941868],[-87.6016599,41.7941596],[-87.6016546,41.7941254],[-87.6016593,41.7940963],[-87.6016711,41.7940694],[-87.6016897,41.7940469],[-87.6017134,41.7940267],[-87.6017472,41.7940116],[-87.6017882,41.7940019],[-87.6018341,41.7939983],[-87.601872,41.7940028],[-87.6019048,41.7940137],[-87.6018997,41.7937523],[-87.6017697,41.7937537],[-87.6017624,41.7933824],[-87.6025245,41.7933741],[-87.602532,41.7937553],[-87.6023787,41.793757],[-87.6023858,41.7941174],[-87.6024456,41.7941167],[-87.6024487,41.7942711],[-87.6023971,41.7942717],[-87.6024084,41.7948479]]]}},{"type":"Feature","id":152969810,"properties":{"osmId":152969810,"category":"residential","addr:city":"Chicago","addr:housenumber":"5600","addr:postcode":"60637","addr:state":"IL","addr:street":"South University Avenue","addr:street:name":"University","addr:street:prefix":"South","addr:street:type":"Avenue","building":"dormitory","chicago:building_id":"821447","name":"Max Palevsky Commons East","name:etymology:wikidata":"Q6032906","name:etymology:wikipedia":"en:Max Palevsky","wikidata":"Q5916190","wikipedia":"en:Housing at the University of Chicago","_wikiTried":true},"geometry":{"type":"Polygon","coordinates":[[[-87.5990005,41.7931003],[-87.5984201,41.7931079],[-87.5984194,41.7930909],[-87.5983923,41.7930913],[-87.5983933,41.7931194],[-87.5982794,41.7931205],[-87.5982789,41.7930989],[-87.5982786,41.7930834],[-87.5982775,41.793036],[-87.5983222,41.7930354],[-87.5983221,41.7930179],[-87.5982958,41.7930183],[-87.598295,41.7929744],[-87.5982946,41.7929564],[-87.5982852,41.792454],[-87.5982985,41.7924538],[-87.5983475,41.792453],[-87.5984147,41.7924525],[-87.5984156,41.7924873],[-87.5984523,41.792487],[-87.5984516,41.7924658],[-87.5989971,41.7924623],[-87.5989968,41.7924468],[-87.5990928,41.7924455],[-87.5990947,41.792513],[-87.5990372,41.7925137],[-87.5990393,41.7926028],[-87.5989783,41.7926035],[-87.5989787,41.79262],[-87.5985581,41.792624],[-87.5985576,41.792556],[-87.598408,41.7925572],[-87.5984087,41.792632],[-87.5985102,41.7926315],[-87.598518,41.7929564],[-87.5984235,41.7929574],[-87.5984248,41.7930149],[-87.5986132,41.7930132],[-87.5986119,41.7929484],[-87.5989996,41.7929454],[-87.5989999,41.7930129],[-87.5989671,41.7930132],[-87.5989674,41.7930285],[-87.5989999,41.7930284],[-87.5990002,41.7930654],[-87.5990004,41.7930854],[-87.5990005,41.7931003]]]}},{"type":"Feature","id":153090078,"properties":{"osmId":153090078,"category":"residential","addr:city":"Chicago","addr:housenumber":"5625","addr:postcode":"60637","addr:state":"IL","addr:street":"South Ellis Avenue","addr:street:name":"Ellis","addr:street:prefix":"South","addr:street:type":"Avenue","building":"dormitory","chicago:building_id":"821445","name":"Max Palevsky Commons West","name:etymology:wikidata":"Q6032906","name:etymology:wikipedia":"en:Max Palevsky","wikidata":"Q5916190","wikipedia":"en:Housing at the University of Chicago","_wikiTried":true},"geometry":{"type":"Polygon","coordinates":[[[-87.6006215,41.7930792],[-87.6010294,41.7930749],[-87.6010291,41.7930589],[-87.6010576,41.7930586],[-87.6010582,41.7930876],[-87.6011709,41.7930864],[-87.6011694,41.7930072],[-87.6010966,41.793008],[-87.6010962,41.7929871],[-87.6011426,41.7929866],[-87.6011365,41.7926653],[-87.6010388,41.7926663],[-87.6010377,41.7926077],[-87.6009557,41.7926086],[-87.6009565,41.7926494],[-87.6009843,41.7926491],[-87.6009847,41.7926668],[-87.6009236,41.7926675],[-87.600924,41.792688],[-87.6009286,41.7929209],[-87.6009892,41.7929203],[-87.6009899,41.792956],[-87.6009634,41.7929563],[-87.6009639,41.7929807],[-87.6008648,41.7929818],[-87.6008636,41.7929231],[-87.6006181,41.7929258],[-87.6006215,41.7930792]]]}},{"type":"Feature","id":153266965,"properties":{"osmId":153266965,"category":"residential","addr:city":"Chicago","addr:housenumber":"1101","addr:postcode":"60637","addr:state":"IL","addr:street":"East 56th Street","addr:street:name":"56th","addr:street:prefix":"East","addr:street:type":"Street","building":"dormitory","building:levels":"6","chicago:building_id":"821446","internet_access":"yes","name":"Max Palevsky Commons Central","name:etymology:wikidata":"Q6032906","name:etymology:wikipedia":"en:Max Palevsky","operator":"University of Chicago","wikidata":"Q5916190","wikipedia":"en:Housing at the University of Chicago","_wikiTried":true},"geometry":{"type":"Polygon","coordinates":[[[-87.6004356,41.7930857],[-87.5998237,41.7930931],[-87.5998242,41.7931171],[-87.5997594,41.7931177],[-87.599759,41.7930941],[-87.5996309,41.7930953],[-87.5991936,41.7930996],[-87.5991924,41.7930285],[-87.5992088,41.7930283],[-87.5992085,41.7930129],[-87.5991917,41.793013],[-87.599191,41.7929714],[-87.5991905,41.7929396],[-87.5996167,41.7929353],[-87.5996162,41.7929084],[-87.5996744,41.7929078],[-87.5996749,41.7929351],[-87.6000181,41.7929317],[-87.6000148,41.7927482],[-87.6000509,41.7927478],[-87.6001794,41.7927465],[-87.6001803,41.7927957],[-87.6001827,41.7929299],[-87.60043,41.792927],[-87.6004324,41.7929973],[-87.6004122,41.7929977],[-87.6004127,41.7930114],[-87.6004334,41.7930111],[-87.6004356,41.7930857]]]}},{"type":"Feature","id":153539618,"properties":{"osmId":153539618,"category":"academic","addr:city":"Chicago","addr:housenumber":"5640","addr:postcode":"60637","addr:state":"IL","addr:street":"South University Avenue","addr:street:name":"University","addr:street:prefix":"South","addr:street:type":"Avenue","building":"university","chicago:building_id":"488852","name":"Bartlett Dining Commons","name:etymology:wikidata":"Q23016858","name:etymology:wikipedia":"en:Adolphus C. Bartlett","wikidata":"Q22095313","wikipedia":"en:Bartlett Gymnasium","_wikiTried":true},"geometry":{"type":"Polygon","coordinates":[[[-87.5985839,41.7916013],[-87.5985534,41.7916013],[-87.5985533,41.7916094],[-87.5983892,41.7916103],[-87.5983891,41.7916024],[-87.5983467,41.7916027],[-87.5983475,41.7916346],[-87.5983692,41.7916346],[-87.5983708,41.7916915],[-87.5983473,41.7916917],[-87.5983478,41.7917075],[-87.5983265,41.7917074],[-87.5983269,41.791723],[-87.5983413,41.791723],[-87.5983418,41.7917497],[-87.5983268,41.7917497],[-87.5983294,41.7918619],[-87.5982911,41.7918622],[-87.5982922,41.7919239],[-87.5982801,41.7919165],[-87.5982619,41.7919167],[-87.5982495,41.791926],[-87.5982499,41.7919414],[-87.5982631,41.7919508],[-87.5982793,41.7919508],[-87.5982803,41.7920173],[-87.5982645,41.7920174],[-87.5982533,41.7920259],[-87.5982537,41.7920404],[-87.5982651,41.7920486],[-87.5982817,41.7920487],[-87.5982913,41.7920436],[-87.5982928,41.7921017],[-87.5983339,41.7921016],[-87.5983372,41.7922366],[-87.5983242,41.7922367],[-87.5983246,41.7922527],[-87.5983452,41.7922525],[-87.5983452,41.7922643],[-87.5983724,41.7922642],[-87.5983723,41.7922587],[-87.5986262,41.7922569],[-87.5986208,41.7920369],[-87.5986698,41.7920366],[-87.5986684,41.7919807],[-87.5986666,41.7919157],[-87.5986162,41.7919159],[-87.5986129,41.7916878],[-87.598586,41.7916882],[-87.5985839,41.7916013]]]}},{"type":"Feature","id":154421807,"properties":{"osmId":154421807,"category":"academic","addr:city":"Chicago","addr:housenumber":"5709","addr:postcode":"60637","addr:state":"IL","addr:street":"South Ellis Avenue","addr:street:name":"Ellis","addr:street:prefix":"South","addr:street:type":"Avenue","building":"university","building:levels":"6","chicago:building_id":"870949","name":"Snell-Hitchcock Halls","name:etymology:wikidata":"Q46081","name:etymology:wikipedia":"en:Charles Henry Hitchcock","wikidata":"Q7547660","wikipedia":"en:Snell–Hitchcock","_wikiTried":true},"geometry":{"type":"Polygon","coordinates":[[[-87.6011021,41.7908986],[-87.6011049,41.7910057],[-87.601115,41.7910122],[-87.6011155,41.7910268],[-87.6011049,41.7910332],[-87.6011056,41.7911337],[-87.6011176,41.7911436],[-87.6011176,41.7911632],[-87.6011043,41.7911732],[-87.6011053,41.7912343],[-87.601125,41.7912507],[-87.6011257,41.7912747],[-87.6011042,41.7912918],[-87.6010707,41.7912922],[-87.6010472,41.7912757],[-87.6009968,41.7912767],[-87.6009807,41.7912892],[-87.6009544,41.7912894],[-87.6009366,41.7912762],[-87.6009359,41.7912562],[-87.6007669,41.7912578],[-87.600767,41.7912629],[-87.6007052,41.7912637],[-87.6007049,41.7912583],[-87.6005471,41.7912601],[-87.6005289,41.7912792],[-87.6004786,41.7912802],[-87.600464,41.7912953],[-87.6004343,41.7912958],[-87.6004182,41.7912822],[-87.6003651,41.7912828],[-87.6003646,41.7912707],[-87.6003619,41.7912011],[-87.6003605,41.791138],[-87.6003994,41.7911377],[-87.6003992,41.7911098],[-87.6004221,41.7910872],[-87.6004765,41.7910867],[-87.6005048,41.7911095],[-87.6005054,41.7911366],[-87.6005318,41.7911364],[-87.600532,41.7911551],[-87.6005739,41.7911548],[-87.6005738,41.7911353],[-87.600938,41.791132],[-87.6009338,41.791038],[-87.6009173,41.7910275],[-87.6009167,41.7910121],[-87.6009333,41.791002],[-87.6009326,41.7909822],[-87.6009281,41.7909824],[-87.6009262,41.7909242],[-87.6009305,41.7909242],[-87.6009297,41.7909007],[-87.6009799,41.7909001],[-87.6010695,41.790899],[-87.6011021,41.7908986]]]}},{"type":"Feature","id":154421809,"properties":{"osmId":154421809,"category":"academic","addr:city":"Chicago","addr:housenumber":"1029","addr:postcode":"60637","addr:state":"IL","addr:street":"East 57th Street","addr:street:name":"57th","addr:street:prefix":"East","addr:street:type":"Street","building":"university","chicago:building_id":"883258","name":"Anatomy","university_of_chicago:building_id":"D06","university_of_chicago:business_unit_name":"BSD/UCH","_wikiTried":true},"geometry":{"type":"Polygon","coordinates":[[[-87.6003646,41.7912707],[-87.6003367,41.7912709],[-87.6003042,41.7912712],[-87.6003045,41.7912857],[-87.600276,41.7912858],[-87.600276,41.7912917],[-87.6001534,41.7912932],[-87.6001534,41.7912892],[-87.5999421,41.7912907],[-87.5999424,41.7912997],[-87.5998112,41.7913012],[-87.599808,41.7912519],[-87.5998067,41.7912037],[-87.5998074,41.7911475],[-87.5999381,41.7911466],[-87.5999386,41.7911507],[-87.6001514,41.7911491],[-87.6001513,41.791145],[-87.6001594,41.791145],[-87.6002037,41.7911447],[-87.6003016,41.7911436],[-87.6003029,41.7912014],[-87.6003345,41.7912012],[-87.6003619,41.7912011],[-87.6003646,41.7912707]]]}},{"type":"Feature","id":154656512,"properties":{"osmId":154656512,"category":"academic","addr:city":"Chicago","addr:housenumber":"5735","addr:postcode":"60637","addr:state":"IL","addr:street":"South Ellis Avenue","addr:street:name":"Ellis","addr:street:prefix":"South","addr:street:type":"Avenue","building":"university","chicago:building_id":"870951","name":"Searle Chemical Laboratory","_wikiTried":true},"geometry":{"type":"Polygon","coordinates":[[[-87.6009225,41.7902492],[-87.6010533,41.790248],[-87.6010541,41.7902987],[-87.6011138,41.7902982],[-87.6011205,41.7908626],[-87.6010688,41.7908631],[-87.6010695,41.790899],[-87.6009799,41.7909001],[-87.6009795,41.7908792],[-87.6009555,41.790863],[-87.6008917,41.7908637],[-87.6008824,41.7905292],[-87.6006626,41.7905319],[-87.6006586,41.7903949],[-87.6008785,41.7903928],[-87.6008758,41.7903007],[-87.600924,41.7903003],[-87.6009225,41.7902492]]]}},{"type":"Feature","id":154859380,"properties":{"osmId":154859380,"category":"academic","addr:city":"Chicago","addr:housenumber":"5747","addr:postcode":"60637","addr:state":"IL","addr:street":"South Ellis Avenue","addr:street:name":"Ellis","addr:street:prefix":"South","addr:street:type":"Avenue","building":"university","building:levels":"4","chicago:building_id":"870952","name":"Jones Laboratory","roof:levels":"0","wikidata":"Q5540529","wikipedia":"en:George Herbert Jones Laboratory","_wikiTried":true},"geometry":{"type":"Polygon","coordinates":[[[-87.6010533,41.790248],[-87.6010697,41.7902477],[-87.6011092,41.7902262],[-87.6011072,41.7901565],[-87.6011208,41.7901463],[-87.6011201,41.7901112],[-87.601108,41.7900997],[-87.6011041,41.7899366],[-87.601081,41.7899175],[-87.600923,41.7899193],[-87.6009058,41.7899197],[-87.6008905,41.7899305],[-87.6008921,41.7900304],[-87.6008344,41.7900813],[-87.6005777,41.7900866],[-87.6005782,41.7901217],[-87.6004699,41.7901229],[-87.6004729,41.7901839],[-87.6005801,41.7901819],[-87.6005833,41.7902432],[-87.6008943,41.7902388],[-87.6009225,41.7902492],[-87.6010533,41.790248]]]}},{"type":"Feature","id":154859382,"properties":{"osmId":154859382,"category":"academic","addr:city":"Chicago","addr:housenumber":"1020","addr:postcode":"60637","addr:state":"IL","addr:street":"East 58th Street","building":"university","name":"Kent Chemical Laboratory","_wikiTried":true},"geometry":{"type":"Polygon","coordinates":[[[-87.6004699,41.7901229],[-87.6004729,41.7901839],[-87.6004754,41.7902576],[-87.6003477,41.7902593],[-87.6003478,41.7902441],[-87.6002073,41.7902471],[-87.6002084,41.7902736],[-87.6002278,41.7902736],[-87.6002786,41.7903189],[-87.6002825,41.7904152],[-87.6002648,41.7904322],[-87.6002668,41.7904868],[-87.6000551,41.7904901],[-87.6000529,41.7904335],[-87.6000358,41.7904183],[-87.6000326,41.7903148],[-87.6000861,41.7902742],[-87.6001056,41.7902736],[-87.6001056,41.7902489],[-87.5999694,41.790251],[-87.5999702,41.7902659],[-87.5998304,41.7902681],[-87.5998247,41.7900852],[-87.5999635,41.7900837],[-87.5999634,41.7901041],[-87.6000789,41.7901024],[-87.6000784,41.7900856],[-87.6001048,41.7900695],[-87.6001425,41.7900693],[-87.600169,41.7900841],[-87.6001691,41.7901013],[-87.6003414,41.7900999],[-87.6003409,41.7900796],[-87.6004692,41.7900782],[-87.6004699,41.7901229]]]}},{"type":"Feature","id":155201128,"properties":{"osmId":155201128,"category":"academic","addr:city":"Chicago","addr:housenumber":"1115","addr:postcode":"60637","addr:state":"IL","addr:street":"East 58th Street","addr:street:name":"58th","addr:street:prefix":"East","addr:street:type":"Street","building":"university","chicago:building_id":"883254","name":"Walker Museum","_wikiTried":true},"geometry":{"type":"Polygon","coordinates":[[[-87.5988876,41.7890303],[-87.5988883,41.7890674],[-87.5987111,41.7890681],[-87.5987112,41.7890856],[-87.5986045,41.7890859],[-87.5986038,41.7890685],[-87.5984459,41.789069],[-87.5984433,41.7889285],[-87.5985971,41.7889266],[-87.5985973,41.7888993],[-87.5986261,41.7888719],[-87.5986851,41.788871],[-87.5987206,41.7888995],[-87.5987213,41.7889254],[-87.5988855,41.7889236],[-87.5988863,41.7889612],[-87.5988876,41.7890303]]]}},{"type":"Feature","id":155201131,"properties":{"osmId":155201131,"category":"academic","addr:city":"Chicago","addr:housenumber":"1101","addr:postcode":"60637","addr:state":"IL","addr:street":"East 58th Street","addr:street:name":"58th","addr:street:prefix":"East","addr:street:type":"Street","building":"university","chicago:building_id":"883255","name":"Rosenwald Hall","name:etymology:wikidata":"Q6137028","name:etymology:wikipedia":"en:Julius Rosenwald","_wikiTried":true},"geometry":{"type":"Polygon","coordinates":[[[-87.5990841,41.7886237],[-87.599151,41.7886221],[-87.5991528,41.7886923],[-87.5991537,41.7887262],[-87.599217,41.7887255],[-87.5992184,41.7888482],[-87.5992361,41.7888479],[-87.5992567,41.7888686],[-87.5992567,41.7888927],[-87.5993798,41.7888916],[-87.5993819,41.7890631],[-87.5992145,41.7890638],[-87.5992146,41.7890817],[-87.5990897,41.7890817],[-87.5990892,41.7890392],[-87.5989483,41.7890403],[-87.5989481,41.7890297],[-87.59892,41.7890299],[-87.5988876,41.7890303],[-87.5988863,41.7889612],[-87.5989415,41.7889608],[-87.5989399,41.788903],[-87.59901,41.7889018],[-87.5990058,41.7887273],[-87.5990871,41.7887267],[-87.5990861,41.7886922],[-87.5990841,41.7886237]]]}},{"type":"Feature","id":155873096,"properties":{"osmId":155873096,"category":"academic","addr:city":"Chicago","addr:housenumber":"5836","addr:postcode":"60637","addr:state":"IL","addr:street":"South Greenwood Avenue","addr:street:name":"Greenwood","addr:street:prefix":"South","addr:street:type":"Avenue","building":"university","chicago:building_id":"884583","name":"Haskell Hall","_wikiTried":true},"geometry":{"type":"Polygon","coordinates":[[[-87.6000114,41.7880943],[-87.6000566,41.7880936],[-87.6000564,41.7881235],[-87.6000562,41.7881429],[-87.6001252,41.7881422],[-87.6001313,41.7881366],[-87.6001413,41.7881423],[-87.6001357,41.7881485],[-87.6001382,41.7883042],[-87.6001706,41.7883039],[-87.6001727,41.7884555],[-87.6001425,41.7884557],[-87.6001457,41.7886195],[-87.6001563,41.7886255],[-87.6001443,41.788633],[-87.6001355,41.788627],[-87.6000235,41.788628],[-87.6000152,41.7886335],[-87.6000025,41.7886257],[-87.6000097,41.7886197],[-87.6000058,41.7884545],[-87.5999752,41.7884547],[-87.5999732,41.7883848],[-87.5999708,41.7883066],[-87.6000054,41.7883062],[-87.6000012,41.7881505],[-87.5999913,41.7881455],[-87.5999997,41.7881378],[-87.6000085,41.7881427],[-87.6000129,41.7881428],[-87.6000123,41.7881245],[-87.6000114,41.7880943]]]}},{"type":"Feature","id":156044638,"properties":{"osmId":156044638,"category":"academic","addr:city":"Chicago","addr:housenumber":"5844-5848","addr:postcode":"60637","addr:state":"IL","addr:street":"South University Avenue","addr:street:name":"University","addr:street:prefix":"South","addr:street:type":"Avenue","building":"university","building:levels":"6","chicago:building_id":"870948","name":"Kelly Hall","_wikiTried":true},"geometry":{"type":"Polygon","coordinates":[[[-87.5981786,41.7882584],[-87.5981743,41.7880296],[-87.5983242,41.7880281],[-87.5983284,41.7882568],[-87.5981786,41.7882584]]]}},{"type":"Feature","id":156044639,"properties":{"osmId":156044639,"category":"academic","addr:city":"Chicago","addr:housenumber":"5844-5848","addr:postcode":"60637","addr:state":"IL","addr:street":"South University Avenue","addr:street:name":"University","addr:street:prefix":"South","addr:street:type":"Avenue","building":"university","building:levels":"6","chicago:building_id":"870948","name":"Green Hall","_wikiTried":true},"geometry":{"type":"Polygon","coordinates":[[[-87.598186,41.7886207],[-87.5981832,41.7885479],[-87.5981694,41.788548],[-87.5981669,41.7884511],[-87.5981479,41.788435],[-87.5981471,41.7883654],[-87.5981656,41.7883517],[-87.5981634,41.7882586],[-87.5981786,41.7882584],[-87.5983284,41.7882568],[-87.5983386,41.7882567],[-87.5983409,41.7883508],[-87.5983542,41.7883506],[-87.5983551,41.7884537],[-87.5983416,41.7884539],[-87.5983431,41.7886195],[-87.598186,41.7886207]]]}},{"type":"Feature","id":156044642,"properties":{"osmId":156044642,"category":"academic","addr:city":"Chicago","addr:housenumber":"1130","addr:postcode":"60637","addr:state":"IL","addr:street":"East 59th Street","addr:street:name":"University","addr:street:prefix":"South","addr:street:type":"Avenue","building":"university","building:levels":"6","chicago:building_id":"870948","name":"Foster Hall","_wikiTried":true},"geometry":{"type":"Polygon","coordinates":[[[-87.5981743,41.7880296],[-87.59816,41.78803],[-87.5981506,41.7880365],[-87.5981392,41.788037],[-87.5981305,41.78803],[-87.5981305,41.788021],[-87.5981392,41.788014],[-87.5981363,41.7879114],[-87.5981243,41.7878998],[-87.5981238,41.7878815],[-87.5981401,41.787869],[-87.5981657,41.7878688],[-87.5981801,41.787878],[-87.5983356,41.787876],[-87.598343,41.7878705],[-87.5983545,41.7878705],[-87.5983618,41.7878755],[-87.5983618,41.7878845],[-87.5983545,41.78789],[-87.5984974,41.7878887],[-87.5984978,41.7879147],[-87.598508,41.7879235],[-87.5985094,41.787964],[-87.598498,41.7879725],[-87.5984986,41.7879978],[-87.5983557,41.7880001],[-87.5983242,41.7880281],[-87.5981743,41.7880296]]]}},{"type":"Feature","id":156044643,"properties":{"osmId":156044643,"category":"academic","addr:city":"Chicago","addr:housenumber":"5844-5848","addr:postcode":"60637","addr:state":"IL","addr:street":"South University Avenue","addr:street:name":"University","addr:street:prefix":"South","addr:street:type":"Avenue","building":"university","building:levels":"6","chicago:building_id":"870948","name":"Beecher Hall","_wikiTried":true},"geometry":{"type":"Polygon","coordinates":[[[-87.5983431,41.7886195],[-87.598186,41.7886207],[-87.5981904,41.7887785],[-87.5983469,41.7887761],[-87.5983431,41.7886195]]]}},{"type":"Feature","id":156044644,"properties":{"osmId":156044644,"category":"academic","addr:city":"Chicago","addr:housenumber":"5828","addr:postcode":"60637","addr:state":"IL","addr:street":"South University Avenue","addr:street:name":"University","addr:street:prefix":"South","addr:street:type":"Avenue","building":"university","chicago:building_id":"870947","name":"Pick Hall","_wikiTried":true},"geometry":{"type":"Polygon","coordinates":[[[-87.5982122,41.789145],[-87.5981827,41.7891455],[-87.5981801,41.7890605],[-87.5981471,41.7890611],[-87.5981399,41.7888325],[-87.5981688,41.788832],[-87.5981675,41.788792],[-87.5981904,41.7887916],[-87.5981904,41.7887785],[-87.5983469,41.7887761],[-87.5983477,41.7887997],[-87.5983863,41.788799],[-87.5983875,41.7888354],[-87.598375,41.7888356],[-87.5983795,41.7889783],[-87.5983388,41.788979],[-87.5983402,41.7890257],[-87.5983779,41.789025],[-87.598379,41.789058],[-87.5983422,41.7890587],[-87.598343,41.7890839],[-87.5983992,41.7890829],[-87.5984011,41.7891417],[-87.5982122,41.789145]]]}},{"type":"Feature","id":156128079,"properties":{"osmId":156128079,"category":"academic","addr:city":"Chicago","addr:housenumber":"1126","addr:postcode":"60637","addr:state":"IL","addr:street":"East 59th Street","addr:street:name":"59th","addr:street:prefix":"East","addr:street:type":"Street","building":"university","building:levels":"5","chicago:building_id":"884584","name":"Social Science Research Building","_wikiTried":true},"geometry":{"type":"Polygon","coordinates":[[[-87.5985774,41.7879974],[-87.5985744,41.7878821],[-87.5987217,41.78788],[-87.5987223,41.787941],[-87.5990934,41.7879378],[-87.5990932,41.7879105],[-87.5991207,41.7878892],[-87.5991248,41.7881012],[-87.598717,41.7881038],[-87.5987166,41.7881214],[-87.5987059,41.7881214],[-87.5986963,41.7881269],[-87.59868,41.7881267],[-87.5986707,41.7881215],[-87.5986305,41.7881217],[-87.5986202,41.7881271],[-87.5986037,41.7881271],[-87.5985936,41.7881218],[-87.5985798,41.7881218],[-87.5985774,41.7879974]]]}},{"type":"Feature","id":156128082,"properties":{"osmId":156128082,"category":"academic","addr:city":"Chicago","addr:housenumber":"1116","addr:postcode":"60637","addr:state":"IL","addr:street":"East 59th Street","addr:street:name":"59th","addr:street:prefix":"East","addr:street:type":"Street","building":"university","chicago:building_id":"884585","name":"Harper Memorial Library","name:etymology:wikidata":"Q2546810","name:etymology:wikipedia":"en:William Rainey Harper","_wikiTried":true},"geometry":{"type":"Polygon","coordinates":[[[-87.5991207,41.7878892],[-87.5991205,41.7878797],[-87.599128,41.787871],[-87.5991433,41.7878708],[-87.5991527,41.787878],[-87.5993249,41.7878767],[-87.5993317,41.7878695],[-87.5993482,41.7878696],[-87.5993571,41.7878775],[-87.5993571,41.7878864],[-87.5996124,41.7878839],[-87.59985,41.7878826],[-87.5998502,41.7878709],[-87.5998602,41.7878626],[-87.5998767,41.7878626],[-87.5998863,41.7878704],[-87.6000257,41.7878698],[-87.6000356,41.7878619],[-87.6000521,41.7878616],[-87.600064,41.787869],[-87.6000644,41.7878801],[-87.6000549,41.7878871],[-87.6000566,41.7880876],[-87.6000566,41.7880936],[-87.6000114,41.7880943],[-87.5999688,41.7880947],[-87.5999686,41.7880648],[-87.5999271,41.7880654],[-87.5998924,41.7880659],[-87.5998849,41.7880754],[-87.5998662,41.7880754],[-87.5998599,41.7880664],[-87.5996524,41.7880676],[-87.5996526,41.7880903],[-87.5996125,41.7880905],[-87.5995726,41.7880912],[-87.5995723,41.7880675],[-87.5993606,41.7880694],[-87.5993506,41.7880796],[-87.5993323,41.7880796],[-87.5993225,41.7880701],[-87.5993051,41.7880702],[-87.5992649,41.7880704],[-87.5992648,41.7881008],[-87.5991993,41.7881012],[-87.5991427,41.7881011],[-87.5991248,41.7881012],[-87.5991207,41.7878892]]]}},{"type":"Feature","id":156128083,"properties":{"osmId":156128083,"category":"academic","addr:city":"Chicago","addr:housenumber":"5835","addr:postcode":"60637","addr:state":"IL","addr:street":"South Greenwood Avenue","addr:street:name":"Greenwood","addr:street:prefix":"South","addr:street:type":"Avenue","building":"university","chicago:building_id":"883256","layer":"1","name":"Stuart Hall","_wikiTried":true},"geometry":{"type":"Polygon","coordinates":[[[-87.599151,41.7886221],[-87.5992001,41.7886216],[-87.5992121,41.7886328],[-87.5992309,41.7886328],[-87.5992415,41.7886233],[-87.5992413,41.7886097],[-87.5992293,41.7886028],[-87.5992226,41.7886029],[-87.5992207,41.7883938],[-87.5992185,41.788173],[-87.5992237,41.788173],[-87.5992344,41.7881666],[-87.5992343,41.788155],[-87.5992246,41.7881482],[-87.5992098,41.788148],[-87.5991997,41.7881568],[-87.5991995,41.7881308],[-87.5991993,41.7881012],[-87.5991427,41.7881011],[-87.599143,41.7881305],[-87.5991432,41.7881573],[-87.5990204,41.7881581],[-87.5990102,41.7881496],[-87.5989944,41.7881497],[-87.5989834,41.7881564],[-87.5989831,41.7881678],[-87.5989927,41.7881754],[-87.599,41.7881755],[-87.5990017,41.788264],[-87.5989524,41.7882645],[-87.5989584,41.78852],[-87.5990095,41.788519],[-87.5990119,41.7886049],[-87.5990019,41.7886056],[-87.598989,41.7886143],[-87.5989894,41.7886267],[-87.5990033,41.7886363],[-87.5990218,41.7886359],[-87.5990334,41.7886247],[-87.5990841,41.7886237],[-87.599151,41.7886221]]]}},{"type":"Feature","id":156343655,"properties":{"osmId":156343655,"category":"academic","addr:city":"Chicago","addr:housenumber":"5811","addr:postcode":"60637","addr:state":"IL","addr:street":"South Ellis Avenue","addr:street:name":"Ellis","addr:street:prefix":"South","addr:street:type":"Avenue","building":"university","building:levels":"3","chicago:building_id":"884587","name":"Cobb Hall","name:etymology:wikidata":"Q21664297","name:etymology:wikipedia":"en:Silas B. Cobb","roof:levels":"1","roof:shape":"gabled","_wikiTried":true},"geometry":{"type":"Polygon","coordinates":[[[-87.6010982,41.7891751],[-87.6011094,41.7891841],[-87.60111,41.7892018],[-87.6010942,41.7892164],[-87.6010656,41.789217],[-87.6010551,41.7892095],[-87.6008178,41.7892125],[-87.6008091,41.7892191],[-87.6007841,41.7892191],[-87.600767,41.7892058],[-87.6007672,41.7891863],[-87.6007769,41.789179],[-87.6007748,41.7891075],[-87.6007648,41.7891005],[-87.6007645,41.7890795],[-87.6007829,41.7890704],[-87.6008118,41.78907],[-87.6008108,41.7890282],[-87.6008005,41.7890281],[-87.6007938,41.7890348],[-87.6007829,41.789035],[-87.6007739,41.789029],[-87.6007742,41.7890198],[-87.6007842,41.789013],[-87.6007829,41.78895],[-87.6007712,41.7889438],[-87.6007715,41.788935],[-87.6007782,41.788928],[-87.6007898,41.7889276],[-87.600799,41.7889345],[-87.6008088,41.7889344],[-87.6008076,41.7888848],[-87.6007829,41.788885],[-87.6007655,41.788873],[-87.6007648,41.788852],[-87.6007742,41.7888455],[-87.6007722,41.7887731],[-87.6007608,41.7887651],[-87.6007614,41.7887466],[-87.6007769,41.7887351],[-87.6007997,41.7887351],[-87.6008144,41.7887446],[-87.6008618,41.7887439],[-87.6008908,41.7887432],[-87.6010518,41.788741],[-87.6010613,41.7887346],[-87.6010806,41.7887346],[-87.6010948,41.7887458],[-87.6010954,41.7887636],[-87.6010867,41.7887706],[-87.6010893,41.7888445],[-87.6010998,41.7888508],[-87.6011001,41.7888685],[-87.6010817,41.7888808],[-87.6010538,41.788881],[-87.6010551,41.788931],[-87.601081,41.7889308],[-87.6010833,41.7890155],[-87.6010566,41.7890158],[-87.6010585,41.789067],[-87.6010854,41.7890669],[-87.6011047,41.789079],[-87.6011052,41.7890978],[-87.601096,41.789104],[-87.6010982,41.7891751]]]}},{"type":"Feature","id":156343656,"properties":{"osmId":156343656,"category":"academic","addr:city":"Chicago","addr:housenumber":"1010","addr:postcode":"60637","addr:state":"IL","addr:street":"East 59th Street","addr:street:name":"59th","addr:street:prefix":"East","addr:street:type":"Street","building":"university","chicago:building_id":"884590","name":"Classics Building","_wikiTried":true},"geometry":{"type":"Polygon","coordinates":[[[-87.6010352,41.7880018],[-87.6010723,41.7880014],[-87.6010699,41.7878766],[-87.6010399,41.7878769],[-87.6010395,41.7878553],[-87.600876,41.787857],[-87.6008765,41.7878789],[-87.6007375,41.7878804],[-87.600737,41.7878573],[-87.6005709,41.7878591],[-87.6005712,41.7878721],[-87.6005755,41.7880834],[-87.6005757,41.7881006],[-87.6007434,41.7880988],[-87.6007431,41.7880829],[-87.6007828,41.7880826],[-87.6008165,41.7880536],[-87.6008155,41.788004],[-87.6008749,41.7880033],[-87.6010352,41.7880018]]]}},{"type":"Feature","id":156343657,"properties":{"osmId":156343657,"category":"academic","addr:city":"Chicago","addr:housenumber":"5845","addr:postcode":"60637","addr:state":"IL","addr:street":"South Ellis Avenue","addr:street:name":"Ellis","addr:street:prefix":"South","addr:street:type":"Avenue","building":"university","chicago:building_id":"884588","name":"Gates-Blake Hall","_wikiTried":true},"geometry":{"type":"Polygon","coordinates":[[[-87.6010518,41.788741],[-87.6010507,41.7886931],[-87.6010593,41.7886849],[-87.6010592,41.7886718],[-87.60105,41.7886646],[-87.6010482,41.7885911],[-87.6010571,41.788583],[-87.6010566,41.7885694],[-87.6010475,41.7885616],[-87.6010463,41.7885136],[-87.6010552,41.7885134],[-87.6010531,41.7884344],[-87.6010444,41.7884346],[-87.6010413,41.7883081],[-87.6010493,41.788308],[-87.6010471,41.7882279],[-87.6010386,41.788228],[-87.6008784,41.7882293],[-87.6008693,41.7882294],[-87.6008709,41.7883087],[-87.6008807,41.7883086],[-87.6008836,41.7884346],[-87.600874,41.7884346],[-87.6008763,41.7885171],[-87.6008855,41.7885171],[-87.6008908,41.7887432],[-87.6010518,41.788741]]]}},{"type":"Feature","id":156343662,"properties":{"osmId":156343662,"category":"academic","addr:city":"Chicago","addr:housenumber":"1050","addr:postcode":"60637","addr:state":"IL","addr:street":"East 59th Street","addr:street:name":"59th","addr:street:prefix":"East","addr:street:type":"Street","building":"university","chicago:building_id":"884589","name":"Wieboldt Hall","name:etymology:wikidata":"Q7998868","name:etymology:wikipedia":"en:Wieboldt's","_wikiTried":true},"geometry":{"type":"Polygon","coordinates":[[[-87.6005755,41.7880834],[-87.6000566,41.7880876],[-87.6000549,41.7878871],[-87.6000644,41.7878801],[-87.6001262,41.7879228],[-87.6004798,41.7879191],[-87.6004798,41.7878836],[-87.6004691,41.7878836],[-87.6004611,41.7878766],[-87.6004604,41.7878661],[-87.6004702,41.7878586],[-87.6004858,41.7878586],[-87.6004963,41.7878661],[-87.6004963,41.7878727],[-87.6005712,41.7878721],[-87.6005755,41.7880834]]]}},{"type":"Feature","id":156343665,"properties":{"osmId":156343665,"category":"academic","addr:city":"Chicago","addr:housenumber":"5845","addr:postcode":"60637","addr:state":"IL","addr:street":"South Ellis Avenue","addr:street:name":"Ellis","addr:street:prefix":"South","addr:street:type":"Avenue","building":"university","chicago:building_id":"884588","name":"Goodspeed Hall","_wikiTried":true},"geometry":{"type":"Polygon","coordinates":[[[-87.6010386,41.788228],[-87.601038,41.7881876],[-87.6010503,41.7881788],[-87.6010501,41.7881624],[-87.6010375,41.7881521],[-87.6010364,41.7880841],[-87.6010481,41.7880735],[-87.6010479,41.7880576],[-87.6010359,41.7880481],[-87.6010352,41.7880018],[-87.6008749,41.7880033],[-87.6008784,41.7882293],[-87.6010386,41.788228]]]}},{"type":"Feature","id":157655066,"properties":{"osmId":157655066,"category":"academic","addr:city":"Chicago","addr:housenumber":"1118","addr:postcode":"60637","addr:state":"IL","addr:street":"East 58th Street","addr:street:name":"58th","addr:street:prefix":"East","addr:street:type":"Street","building":"university","chicago:building_id":"884582","name":"Eckhart Hall","name:etymology:wikidata":"Q16856142","name:etymology:wikipedia":"en:Bernard A. Eckhart","_wikiTried":true},"geometry":{"type":"Polygon","coordinates":[[[-87.5988874,41.7902066],[-87.5988882,41.7902393],[-87.5988743,41.7902395],[-87.5987933,41.7902406],[-87.598796,41.7903471],[-87.5984385,41.790352],[-87.5984388,41.7903655],[-87.5984402,41.7904181],[-87.5984411,41.7904576],[-87.5982858,41.7904597],[-87.5982835,41.7903667],[-87.5982773,41.790116],[-87.5984862,41.7901131],[-87.5984858,41.7900969],[-87.5986253,41.7900949],[-87.5986257,41.790112],[-87.5987931,41.7901097],[-87.5987955,41.7902079],[-87.5988743,41.7902068],[-87.5988874,41.7902066]]]}},{"type":"Feature","id":157655067,"properties":{"osmId":157655067,"category":"academic","addr:city":"Chicago","addr:housenumber":"1103","addr:postcode":"60637","addr:state":"IL","addr:street":"East 57th Street","addr:street:name":"57th","addr:street:prefix":"East","addr:street:type":"Street","building":"university","chicago:building_id":"883258","name":"Erman Biology Center","type":"multipolygon","university_of_chicago:building_id":"D11","university_of_chicago:business_unit_name":"BSD/UCH","_wikiTried":true},"geometry":{"type":"Polygon","coordinates":[[[-87.5992767,41.7909767],[-87.5992693,41.790681],[-87.5990711,41.7906837],[-87.5990785,41.7909788],[-87.5991559,41.7909783],[-87.5991936,41.7909777],[-87.5992767,41.7909767]]]}},{"type":"Feature","id":157655069,"properties":{"osmId":157655069,"category":"academic","addr:city":"Chicago","addr:housenumber":"1131-1135","addr:postcode":"60637","addr:state":"IL","addr:street":"East 57th Street","addr:street:name":"57th","addr:street:prefix":"East","addr:street:type":"Street","alt_name":"Edgar Johnson Goodspeed House","building":"university","chicago:building_id":"884580","name":"Hutchinson Commons","name:etymology:wikidata":"Q23614086","name:etymology:wikipedia":"en:Charles L. Hutchinson","_wikiTried":true},"geometry":{"type":"Polygon","coordinates":[[[-87.5985423,41.7912962],[-87.599087,41.7912886],[-87.5990838,41.7911611],[-87.5990124,41.7911621],[-87.5990097,41.7910534],[-87.5985364,41.79106],[-87.5985423,41.7912962]]]}},{"type":"Feature","id":157655071,"properties":{"osmId":157655071,"category":"academic","addr:city":"Chicago","addr:housenumber":"1131-1135","addr:postcode":"60637","addr:state":"IL","addr:street":"East 57th Street","addr:street:name":"57th","addr:street:prefix":"East","addr:street:type":"Street","amenity":"arts_centre","building":"university","chicago:building_id":"884580","name":"Mandel Hall","_wikiTried":true},"geometry":{"type":"Polygon","coordinates":[[[-87.5985366,41.7908531],[-87.5984611,41.7908541],[-87.5982957,41.7908564],[-87.5982858,41.7904597],[-87.5984411,41.7904576],[-87.5984402,41.7904181],[-87.5985395,41.7904168],[-87.5985404,41.790453],[-87.5985267,41.7904532],[-87.5985291,41.7905525],[-87.5985366,41.7908531]]]}},{"type":"Feature","id":157655073,"properties":{"osmId":157655073,"category":"academic","addr:city":"Chicago","addr:housenumber":"1131-1135","addr:postcode":"60637","addr:state":"IL","addr:street":"East 57th Street","addr:street:name":"57th","addr:street:prefix":"East","addr:street:type":"Street","building":"university","chicago:building_id":"884580","name":"Reynolds Club","_wikiTried":true},"geometry":{"type":"Polygon","coordinates":[[[-87.5982957,41.7908564],[-87.5982968,41.7909007],[-87.5982105,41.7909019],[-87.5982211,41.7913286],[-87.5983635,41.7913267],[-87.5983614,41.7912411],[-87.5984566,41.7912398],[-87.5984587,41.7913254],[-87.598543,41.7913242],[-87.5985423,41.7912962],[-87.5985364,41.79106],[-87.5984662,41.7910609],[-87.5984655,41.7910326],[-87.5984611,41.7908541],[-87.5982957,41.7908564]]]}},{"type":"Feature","id":157655074,"properties":{"osmId":157655074,"category":"academic","addr:city":"Chicago","addr:housenumber":"1110","addr:postcode":"60637","addr:state":"IL","addr:street":"East 58th Street","addr:street:name":"58th","addr:street:prefix":"East","addr:street:type":"Street","building":"university","chicago:building_id":"884581","name":"Ryerson Laboratory","name:etymology:wikidata":"Q1903332","name:etymology:wikipedia":"en:Martin A. Ryerson","_wikiTried":true},"geometry":{"type":"Polygon","coordinates":[[[-87.5994943,41.7902954],[-87.5994889,41.790081],[-87.5993377,41.7900831],[-87.5993384,41.7901144],[-87.5992587,41.7901155],[-87.5992578,41.7900791],[-87.5991212,41.7900809],[-87.5991218,41.7901079],[-87.599038,41.7901091],[-87.5990374,41.790083],[-87.5988843,41.7900851],[-87.5988874,41.7902066],[-87.5988882,41.7902393],[-87.5988898,41.7903066],[-87.5990434,41.7903044],[-87.5990426,41.7902736],[-87.5991236,41.7902725],[-87.5991242,41.7902988],[-87.5991819,41.7902981],[-87.5991831,41.7903452],[-87.5990712,41.7903468],[-87.5990752,41.7905081],[-87.5993112,41.7905049],[-87.5993073,41.7903483],[-87.5992113,41.7903497],[-87.5992107,41.7903248],[-87.59921,41.7902978],[-87.5992586,41.7902971],[-87.599258,41.7902715],[-87.5993371,41.7902705],[-87.5993377,41.7902976],[-87.5994943,41.7902954]]]}},{"type":"Feature","id":157655090,"properties":{"osmId":157655090,"category":"academic","addr:city":"Chicago","addr:housenumber":"1101","addr:postcode":"60637","addr:state":"IL","addr:street":"East 57th Street","addr:street:name":"57th","addr:street:prefix":"East","addr:street:type":"Street","building":"university","chicago:building_id":"883258","name":"Zoology","university_of_chicago:building_id":"D05","university_of_chicago:business_unit_name":"BSD/UCH","_wikiTried":true},"geometry":{"type":"Polygon","coordinates":[[[-87.5995479,41.7913072],[-87.5995477,41.7912541],[-87.5995466,41.7912069],[-87.5995441,41.7911547],[-87.5991989,41.7911596],[-87.5991613,41.7911602],[-87.5990838,41.7911611],[-87.599087,41.7912886],[-87.5990876,41.7913135],[-87.5995479,41.7913072]]]}},{"type":"Feature","id":159093828,"properties":{"osmId":159093828,"category":"academic","addr:city":"Chicago","addr:housenumber":"1100","addr:postcode":"60637","addr:state":"IL","addr:street":"East 57th Street","amenity":"library","building":"university","name":"Joe and Rika Mansueto Library","name:etymology:wikidata":"Q6211110","name:etymology:wikipedia":"en:Joe Mansueto","operator":"The University of Chicago Library","operator:type":"university","website":"https://www.lib.uchicago.edu/mansueto/","wikidata":"Q17130845","wikipedia":"en:Joe and Rika Mansueto Library","_wikiTried":true},"geometry":{"type":"Polygon","coordinates":[[[-87.6006885,41.7920559],[-87.6007027,41.792097],[-87.6007215,41.792139],[-87.6007403,41.792171],[-87.6007668,41.7922087],[-87.6007912,41.792235],[-87.6008207,41.7922609],[-87.60085,41.7922746],[-87.6008875,41.7922846],[-87.6009256,41.7922891],[-87.6009589,41.7922895],[-87.6009951,41.7922769],[-87.6010272,41.7922629],[-87.6010538,41.7922447],[-87.6010726,41.7922247],[-87.6010914,41.7921967],[-87.6011021,41.7921667],[-87.6011128,41.7921327],[-87.6011155,41.7920887],[-87.6011155,41.7920327],[-87.6011074,41.7919767],[-87.6010967,41.7919227],[-87.6010833,41.7918667],[-87.601069,41.7918236],[-87.6010514,41.791787],[-87.6010299,41.791747],[-87.6010082,41.7917167],[-87.600976,41.7916847],[-87.6009366,41.7916593],[-87.6008958,41.791643],[-87.6008607,41.7916367],[-87.6008207,41.791637],[-87.6007858,41.791643],[-87.6007534,41.7916527],[-87.6007295,41.791669],[-87.6007054,41.791687],[-87.6006837,41.7917087],[-87.6006702,41.7917307],[-87.600656,41.7917618],[-87.6006513,41.7917915],[-87.6006493,41.7918282],[-87.6006504,41.7918696],[-87.6006572,41.7919081],[-87.6006672,41.7919594],[-87.6006771,41.792],[-87.6005619,41.7921198],[-87.6005626,41.7921837],[-87.6006885,41.7920559]]]}},{"type":"Feature","id":182951892,"properties":{"osmId":182951892,"category":"academic","addr:city":"Chicago","addr:housenumber":"6420","addr:postcode":"60637","addr:state":"IL","addr:street":"South University Avenue","addr:street:name":"University","addr:street:prefix":"South","addr:street:type":"Avenue","building":"school","building:levels":"3","chicago:building_id":"533450","name":"Former Wadsworth Elemetary School","old_name:etymology:wikidata":"Q2339186","_wikiTried":true},"geometry":{"type":"Polygon","coordinates":[[[-87.5984788,41.7785368],[-87.5982857,41.7788538],[-87.5982642,41.7788609],[-87.5980875,41.7788011],[-87.5980062,41.7789439],[-87.597735,41.7788552],[-87.5977599,41.7788079],[-87.5977805,41.7788136],[-87.5978756,41.7786502],[-87.5978334,41.7786381],[-87.5979973,41.7783612],[-87.5980365,41.7783731],[-87.5981566,41.7781607],[-87.5982322,41.778186],[-87.5982421,41.7781689],[-87.5982548,41.7781472],[-87.5981991,41.7781281],[-87.5983521,41.7778764],[-87.5985548,41.777543],[-87.5987829,41.7776238],[-87.5983339,41.7783808],[-87.5984815,41.7784288],[-87.5984922,41.7784528],[-87.5984466,41.7785268],[-87.5984788,41.7785368]]]}},{"type":"Feature","id":183374129,"properties":{"osmId":183374129,"category":"religious","addr:city":"Chicago","addr:housenumber":"6301","addr:postcode":"60637","addr:state":"IL","addr:street":"South Kenwood Avenue","addr:street:name":"Kenwood","addr:street:prefix":"South","addr:street:type":"Avenue","building":"church","chicago:building_id":"528694","ele":"181"},"geometry":{"type":"Polygon","coordinates":[[[-87.5928742,41.7800218],[-87.5925072,41.7800287],[-87.5923883,41.7800254],[-87.592329,41.7800291],[-87.592339,41.7804439],[-87.592857,41.780437],[-87.592852,41.7802296],[-87.5928792,41.7802292],[-87.5928742,41.7800218]]]}},{"type":"Feature","id":183374137,"properties":{"osmId":183374137,"category":"religious","addr:city":"Chicago","addr:housenumber":"6320","addr:postcode":"60637","addr:state":"IL","addr:street":"South Dorchester Avenue","addr:street:name":"Dorchester","addr:street:prefix":"South","addr:street:type":"Avenue","amenity":"place_of_worship","building":"church","check_date":"2023-08-26","chicago:building_id":"528694","denomination":"apostolic","ele":"181","gnis:feature_id":"1825773","name":"Apostolic Church of God","religion":"christian","_wikiTried":true},"geometry":{"type":"Polygon","coordinates":[[[-87.592881,41.7788788],[-87.5928826,41.779041],[-87.5927389,41.7791492],[-87.5928971,41.7792678],[-87.5927342,41.7793988],[-87.5927436,41.7798339],[-87.5925834,41.7799601],[-87.5925105,41.7799622],[-87.5923916,41.7799589],[-87.5921894,41.779802],[-87.5919484,41.7798055],[-87.5919432,41.779633],[-87.5918763,41.7795794],[-87.5918712,41.7794991],[-87.5919421,41.7794469],[-87.5919398,41.7792641],[-87.5916197,41.7790418],[-87.5918102,41.7788918],[-87.5921981,41.7788871],[-87.5922023,41.7790102],[-87.5922968,41.7790102],[-87.5922947,41.7788859],[-87.592881,41.7788788]]]}},{"type":"Feature","id":183374145,"properties":{"osmId":183374145,"category":"religious","addr:city":"Chicago","addr:housenumber":"6344","addr:postcode":"60637","addr:state":"IL","addr:street":"South Kimbark Avenue","addr:street:name":"Kimbark","addr:street:prefix":"South","addr:street:type":"Avenue","amenity":"place_of_worship","building":"church","chicago:building_id":"532610","denomination":"baptist","ele":"180","gnis:feature_id":"1764120","name":"Christian Temple Baptist Church","religion":"christian","_wikiTried":true},"geometry":{"type":"Polygon","coordinates":[[[-87.5952985,41.7791042],[-87.5953023,41.7792381],[-87.595046,41.7792422],[-87.5950453,41.7792175],[-87.5948777,41.7792201],[-87.5948786,41.7792336],[-87.5948122,41.7792347],[-87.5948068,41.7791186],[-87.5948745,41.7791169],[-87.594875,41.7791312],[-87.5950417,41.7791285],[-87.5950411,41.7791083],[-87.5952985,41.7791042]]]}},{"type":"Feature","id":183374149,"properties":{"osmId":183374149,"category":"religious","addr:city":"Chicago","addr:housenumber":"6400","addr:postcode":"60637","addr:state":"IL","addr:street":"South Kimbark Avenue","building":"church"},"geometry":{"type":"Polygon","coordinates":[[[-87.5952411,41.7785976],[-87.5953656,41.7785958],[-87.5953555,41.7782014],[-87.5951017,41.778205],[-87.5951004,41.7781538],[-87.594869,41.7781571],[-87.5948702,41.7782069],[-87.5948122,41.7782077],[-87.5948172,41.7784039],[-87.5948465,41.7784035],[-87.5948468,41.7784169],[-87.5948621,41.7784167],[-87.5948599,41.7783304],[-87.5951002,41.7783269],[-87.5951021,41.7783985],[-87.5952359,41.7783966],[-87.5952411,41.7785976]]]}},{"type":"Feature","id":183374153,"properties":{"osmId":183374153,"category":"religious","addr:city":"Chicago","addr:housenumber":"6400","addr:postcode":"60637","addr:state":"IL","addr:street":"South Kimbark Avenue","addr:street:name":"Kimbark","addr:street:prefix":"South","addr:street:type":"Avenue","amenity":"place_of_worship","building":"church","building:levels":"3","chicago:building_id":"534237","denomination":"presbyterian","ele":"180","gnis:feature_id":"1801853","name":"First Presbyterian Church","religion":"christian","wikidata":"Q23302284","wikipedia":"en:First Presbyterian Church (Chicago)","_wikiTried":true},"geometry":{"type":"Polygon","coordinates":[[[-87.5952359,41.7783966],[-87.5952411,41.7785976],[-87.5952001,41.7785982],[-87.5952003,41.7786079],[-87.5951025,41.7786092],[-87.595102,41.778588],[-87.5948569,41.7785915],[-87.5948575,41.7786134],[-87.594782,41.7786145],[-87.5947766,41.7784045],[-87.5948172,41.7784039],[-87.5948465,41.7784035],[-87.5948468,41.7784169],[-87.5948621,41.7784167],[-87.5950817,41.7784136],[-87.5950814,41.7783988],[-87.5951021,41.7783985],[-87.5952359,41.7783966]]]}},{"type":"Feature","id":187913598,"properties":{"osmId":187913598,"category":"athletic","addr:city":"Chicago","addr:housenumber":"6330","addr:postcode":"60637","addr:state":"IL","addr:street":"South Stony Island Avenue","addr:street:name":"Stony Island","addr:street:prefix":"South","addr:street:type":"Avenue","brand":"YMCA","brand:wikidata":"Q157169","building":"commercial","chicago:building_id":"530021","fee":"yes","leisure":"sports_centre","name":"South Side YMCA","polling_station":"yes","wheelchair":"yes","_wikiTried":true},"geometry":{"type":"Polygon","coordinates":[[[-87.5878728,41.7792972],[-87.5873047,41.7793029],[-87.5873064,41.7794002],[-87.5870285,41.779403],[-87.5870286,41.779293],[-87.5870915,41.779247],[-87.587013,41.7791863],[-87.5870128,41.7791172],[-87.5869458,41.779068],[-87.5867632,41.7792065],[-87.5867496,41.7791977],[-87.58669,41.7792458],[-87.5867522,41.7792937],[-87.5867651,41.7792851],[-87.5869531,41.7794196],[-87.5869869,41.7794429],[-87.5869888,41.7795488],[-87.5869285,41.7795919],[-87.5869901,41.7796228],[-87.5869913,41.7796885],[-87.5869924,41.7797509],[-87.5869283,41.7797953],[-87.5869938,41.7798308],[-87.5870288,41.7798306],[-87.5870334,41.7799981],[-87.5875731,41.7799927],[-87.5875707,41.7798587],[-87.5876575,41.7798589],[-87.587657,41.7798204],[-87.5877309,41.7798208],[-87.5877298,41.7797572],[-87.587806,41.7797549],[-87.5878022,41.7796902],[-87.5878799,41.7796894],[-87.5878728,41.7792972]]]}},{"type":"Feature","id":187913614,"properties":{"osmId":187913614,"category":"academic","addr:city":"Chicago","addr:housenumber":"1459","addr:postcode":"60637","addr:state":"IL","addr:street":"East 64th Street","addr:street:name":"64th","addr:street:prefix":"East","addr:street:type":"Street","building":"school","chicago:building_id":"837754","source":"Bing"},"geometry":{"type":"Polygon","coordinates":[[[-87.5905785,41.7778504],[-87.5905717,41.7777228],[-87.5903195,41.7777268],[-87.5903191,41.7776997],[-87.589944,41.7777048],[-87.589944,41.7776788],[-87.5895953,41.7776828],[-87.5895969,41.7776169],[-87.5890019,41.7776271],[-87.5890274,41.7784202],[-87.5891266,41.7784256],[-87.5892014,41.7784229],[-87.5892212,41.7784222],[-87.5893152,41.7784067],[-87.5894048,41.77838],[-87.5894816,41.7783465],[-87.5895273,41.7783204],[-87.5895721,41.7782829],[-87.5895762,41.7782438],[-87.5896099,41.7782435],[-87.5896039,41.7779231],[-87.5899596,41.777916],[-87.5899594,41.7778882],[-87.5900015,41.7778875],[-87.5903282,41.7778819],[-87.590329,41.7778548],[-87.5905785,41.7778504]]]}},{"type":"Feature","id":187913616,"properties":{"osmId":187913616,"category":"academic","addr:city":"Chicago","addr:housenumber":"6410","addr:postcode":"60637","addr:state":"IL","addr:street":"South Dante Avenue","addr:street:name":"Dante","addr:street:prefix":"South","addr:street:type":"Avenue","building":"school","building:levels":"3","chicago:building_id":"534024","source":"Bing"},"geometry":{"type":"Polygon","coordinates":[[[-87.5904813,41.7780049],[-87.5902215,41.7780128],[-87.5902279,41.7781187],[-87.589903,41.778128],[-87.5898998,41.7780388],[-87.5897509,41.7780428],[-87.5897693,41.7783647],[-87.5899138,41.7783606],[-87.5899118,41.7782808],[-87.5900913,41.7782768],[-87.5901023,41.7784688],[-87.5897589,41.7784768],[-87.5897697,41.7786689],[-87.5904204,41.7786589],[-87.5904935,41.7782847],[-87.5904813,41.7780049]]]}},{"type":"Feature","id":191827364,"properties":{"osmId":191827364,"category":"academic","addr:city":"Chicago","addr:housenumber":"5814-5840","addr:postcode":"60637","addr:state":"IL","addr:street":"South Kenwood Avenue","addr:street:name":"Kenwood","addr:street:prefix":"South","addr:street:type":"Avenue","building":"school","building:levels":"4","chicago:building_id":"499334","ele":"180","gnis:feature_id":"1826354","name":"Belfield Hall","source":"USGS Geonames","_wikiTried":true},"geometry":{"type":"Polygon","coordinates":[[[-87.5946499,41.7891451],[-87.5944645,41.789146],[-87.5944631,41.789109],[-87.5943692,41.78911],[-87.593586,41.7891183],[-87.5934916,41.7891193],[-87.5934935,41.78916],[-87.5932897,41.789161],[-87.5932866,41.7889332],[-87.5933234,41.7889329],[-87.5934161,41.7889322],[-87.5934149,41.7888887],[-87.593488,41.7888875],[-87.5934894,41.788921],[-87.5935882,41.7889196],[-87.5935877,41.7888911],[-87.5940621,41.7888858],[-87.5940771,41.7888687],[-87.5940967,41.7888529],[-87.5941186,41.7888423],[-87.5941497,41.7888333],[-87.5941778,41.7888296],[-87.5942094,41.7888286],[-87.5942445,41.7888327],[-87.5942756,41.7888409],[-87.5943043,41.7888534],[-87.594326,41.7888699],[-87.5943442,41.7888924],[-87.5943586,41.7889221],[-87.5943882,41.7889222],[-87.5943867,41.788892],[-87.5944655,41.7888915],[-87.5944653,41.7888838],[-87.5945055,41.7888832],[-87.5945063,41.7889179],[-87.5946474,41.7889162],[-87.5946499,41.7891451]]]}},{"type":"Feature","id":191827365,"properties":{"osmId":191827365,"category":"academic","addr:city":"Chicago","addr:housenumber":"5814-5840","addr:postcode":"60637","addr:state":"IL","addr:street":"South Kenwood Avenue","addr:street:name":"Kenwood","addr:street:prefix":"South","addr:street:type":"Avenue","building":"school","building:levels":"4","chicago:building_id":"499334","ele":"180","gnis:feature_id":"1830913","name":"Judd Hall","source":"USGS Geonames","_wikiTried":true},"geometry":{"type":"Polygon","coordinates":[[[-87.5944484,41.788415],[-87.5945409,41.788412],[-87.5946045,41.7884114],[-87.5946163,41.7888812],[-87.5945055,41.7888832],[-87.5944653,41.7888838],[-87.5944655,41.7888915],[-87.5943867,41.788892],[-87.5943861,41.788863],[-87.5943974,41.788863],[-87.5943934,41.78866],[-87.5942062,41.788661],[-87.5942008,41.788501],[-87.5943925,41.7884982],[-87.5943908,41.7884148],[-87.5944095,41.7884149],[-87.5944484,41.788415]]]}},{"type":"Feature","id":191827367,"properties":{"osmId":191827367,"category":"academic","addr:city":"Chicago","addr:housenumber":"5840","addr:postcode":"60637","addr:state":"IL","addr:street":"South Kenwood Avenue","building":"school","ele":"180","gnis:feature_id":"1837067","name":"University High School","source":"https://maps.uchicago.edu/location/university-high-school/","_wikiTried":true},"geometry":{"type":"Polygon","coordinates":[[[-87.5942062,41.788661],[-87.594208,41.7887228],[-87.5941332,41.7887239],[-87.5941173,41.7887241],[-87.5941177,41.7887435],[-87.5935518,41.788751],[-87.5935513,41.788736],[-87.5934841,41.7887371],[-87.5934723,41.7884533],[-87.5935553,41.788452],[-87.5935547,41.7884322],[-87.5939616,41.7884253],[-87.5941144,41.788423],[-87.5941149,41.7884402],[-87.594199,41.7884389],[-87.5942008,41.788501],[-87.5942062,41.788661]]]}},{"type":"Feature","id":191827368,"properties":{"osmId":191827368,"category":"academic","addr:city":"Chicago","addr:housenumber":"5814-5840","addr:postcode":"60637","addr:state":"IL","addr:street":"South Kenwood Avenue","addr:street:name":"Kenwood","addr:street:prefix":"South","addr:street:type":"Avenue","building":"school","building:levels":"4","chicago:building_id":"499334","name":"Laboratory Middle School","_wikiTried":true},"geometry":{"type":"Polygon","coordinates":[[[-87.5934841,41.7887371],[-87.593488,41.7888875],[-87.5934149,41.7888887],[-87.5933041,41.7888907],[-87.5932885,41.788264],[-87.5934026,41.7882631],[-87.5934025,41.788228],[-87.5934685,41.7882277],[-87.593472,41.7884341],[-87.5934723,41.7884533],[-87.5934841,41.7887371]]]}},{"type":"Feature","id":191827370,"properties":{"osmId":191827370,"category":"academic","addr:city":"Chicago","addr:housenumber":"5814-5840","addr:postcode":"60637","addr:state":"IL","addr:street":"South Kenwood Avenue","addr:street:name":"Kenwood","addr:street:prefix":"South","addr:street:type":"Avenue","building":"school","building:levels":"4","chicago:building_id":"499334","ele":"180","gnis:feature_id":"1826423","name":"Blaine Hall","source":"USGS Geonames","_wikiTried":true},"geometry":{"type":"Polygon","coordinates":[[[-87.5944484,41.788415],[-87.5944395,41.7881281],[-87.5944057,41.7881301],[-87.5943867,41.788115],[-87.5943804,41.7880953],[-87.5943908,41.7880781],[-87.5940675,41.788082],[-87.5940742,41.7881],[-87.5940662,41.78812],[-87.5940313,41.788127],[-87.5940112,41.788118],[-87.5940058,41.788106],[-87.5939535,41.788106],[-87.5939052,41.788106],[-87.5938932,41.78812],[-87.5938637,41.788127],[-87.5938355,41.788114],[-87.5938301,41.788098],[-87.5938331,41.7880832],[-87.593519,41.788087],[-87.5935297,41.788101],[-87.5935257,41.788126],[-87.5935042,41.78814],[-87.5934667,41.788138],[-87.5934685,41.7882277],[-87.5934025,41.788228],[-87.5933077,41.7882283],[-87.5932964,41.7879431],[-87.5934171,41.7879421],[-87.5934186,41.7879721],[-87.5938397,41.7879661],[-87.5938386,41.7879332],[-87.593949,41.7879321],[-87.5940528,41.7879311],[-87.5940543,41.7879611],[-87.5944739,41.7879581],[-87.594473,41.7879291],[-87.5946046,41.7879277],[-87.594608,41.788215],[-87.5945063,41.7882162],[-87.5945074,41.788242],[-87.5946313,41.7882403],[-87.5946335,41.788385],[-87.5945396,41.7883864],[-87.5945409,41.788412],[-87.5944484,41.788415]]]}},{"type":"Feature","id":194224828,"properties":{"osmId":194224828,"category":"academic","addr:city":"Chicago","addr:housenumber":"1100","addr:postcode":"60637","addr:state":"IL","addr:street":"East 57th Street","addr:street:name":"57th","addr:street:prefix":"East","addr:street:type":"Street","amenity":"library","building":"university","building:levels":"6","chicago:building_id":"487268","name":"Joseph Regenstein Library","name:etymology:wikidata":"Q6286527","name:etymology:wikipedia":"en:Joseph Regenstein","opening_hours":"Mo-Th 08:00-20:00; Fr 08:00-17:00; Sa,Su 09:00-17:00","operator":"The University of Chicago Library","operator:type":"university","website":"https://www.lib.uchicago.edu/spaces/joseph-regenstein-library/","wheelchair":"limited","wikidata":"Q1707871","wikipedia":"en:Regenstein Library","_wikiTried":true},"geometry":{"type":"Polygon","coordinates":[[[-87.5998858,41.7927274],[-87.5999204,41.7927269],[-87.5999203,41.7927228],[-87.5999309,41.7927227],[-87.599931,41.7927267],[-87.5999704,41.7927261],[-87.5999703,41.7927221],[-87.5999809,41.792722],[-87.599981,41.7927259],[-87.6000245,41.7927252],[-87.6000244,41.7927212],[-87.600035,41.7927211],[-87.6000351,41.7927251],[-87.6000504,41.7927249],[-87.6000689,41.7927246],[-87.6000688,41.7927206],[-87.6000794,41.7927205],[-87.6000795,41.7927244],[-87.6001282,41.7927236],[-87.6001274,41.7926962],[-87.6001222,41.7926962],[-87.6001221,41.7926892],[-87.6001272,41.7926892],[-87.6001265,41.7926599],[-87.6001214,41.79266],[-87.6001213,41.792653],[-87.6001264,41.7926529],[-87.6001252,41.7926216],[-87.6001201,41.7926216],[-87.6001199,41.7926146],[-87.6001251,41.7926145],[-87.6001247,41.7925849],[-87.6001196,41.792585],[-87.6001194,41.792578],[-87.6001245,41.7925779],[-87.6001244,41.7925725],[-87.6001402,41.7925724],[-87.6001401,41.7925684],[-87.6001507,41.7925682],[-87.6001508,41.7925722],[-87.6001836,41.7925716],[-87.6001835,41.7925676],[-87.6001941,41.7925675],[-87.6001942,41.7925715],[-87.6002407,41.7925709],[-87.6002406,41.7925668],[-87.6002513,41.7925667],[-87.6002514,41.7925707],[-87.6002807,41.7925704],[-87.6002806,41.7925662],[-87.6002914,41.7925661],[-87.6002915,41.7925702],[-87.6003483,41.7925694],[-87.6003475,41.7925437],[-87.6003423,41.7925438],[-87.6003422,41.7925367],[-87.6003474,41.7925367],[-87.6003463,41.7925069],[-87.6003412,41.792507],[-87.6003411,41.7925],[-87.6003461,41.7925],[-87.600345,41.7924684],[-87.6003398,41.7924685],[-87.6003397,41.7924614],[-87.6003448,41.7924614],[-87.600344,41.7924349],[-87.6003388,41.792435],[-87.6003387,41.792428],[-87.6003438,41.7924279],[-87.6003437,41.7924251],[-87.6003641,41.792425],[-87.600364,41.792421],[-87.6003746,41.7924209],[-87.6003747,41.7924249],[-87.6004075,41.7924247],[-87.6004074,41.7924207],[-87.6004181,41.7924205],[-87.6004182,41.7924245],[-87.6004665,41.7924243],[-87.6004664,41.7924203],[-87.6004771,41.7924201],[-87.6004772,41.7924241],[-87.60051,41.792424],[-87.6005099,41.79242],[-87.6005205,41.7924199],[-87.6005206,41.7924238],[-87.60057,41.7924235],[-87.6005689,41.7923914],[-87.6005638,41.7923915],[-87.6005637,41.7923845],[-87.6005688,41.7923844],[-87.6005679,41.7923563],[-87.6005628,41.7923564],[-87.6005626,41.7923494],[-87.6005678,41.7923493],[-87.600567,41.7923235],[-87.6005768,41.7923232],[-87.6005751,41.7922688],[-87.6005653,41.7922689],[-87.6005646,41.7922452],[-87.6005595,41.7922453],[-87.6005593,41.7922383],[-87.6005644,41.7922382],[-87.6005634,41.7922067],[-87.6005582,41.7922068],[-87.6005581,41.7921997],[-87.6005633,41.7921997],[-87.6005626,41.7921837],[-87.6005619,41.7921198],[-87.6005614,41.7920923],[-87.6005562,41.7920924],[-87.6005561,41.7920854],[-87.6005613,41.7920853],[-87.6005609,41.7920571],[-87.6005557,41.7920572],[-87.6005556,41.7920502],[-87.6005607,41.7920501],[-87.6005602,41.7920216],[-87.6005551,41.7920216],[-87.600555,41.7920146],[-87.60056,41.7920146],[-87.6005597,41.7919848],[-87.6005546,41.7919849],[-87.6005544,41.7919779],[-87.6005596,41.7919778],[-87.6005591,41.7919475],[-87.6005703,41.7919473],[-87.6005688,41.7918932],[-87.6005583,41.7918935],[-87.6005579,41.7918712],[-87.6005527,41.7918713],[-87.6005526,41.7918642],[-87.6005577,41.7918642],[-87.6005572,41.7918334],[-87.6005524,41.7918334],[-87.6005522,41.7918266],[-87.6005571,41.7918266],[-87.6005567,41.7917985],[-87.6005516,41.7917986],[-87.6005514,41.7917915],[-87.6005565,41.7917915],[-87.6005561,41.7917615],[-87.6005511,41.7917616],[-87.600551,41.7917546],[-87.600556,41.7917546],[-87.6005556,41.7917267],[-87.6005129,41.7917273],[-87.6005129,41.7917301],[-87.6005036,41.7917303],[-87.6005035,41.7917275],[-87.6004687,41.791728],[-87.6004687,41.7917308],[-87.6004587,41.7917312],[-87.6004586,41.7917281],[-87.6004144,41.7917288],[-87.6004145,41.7917317],[-87.6004052,41.7917319],[-87.600405,41.7917289],[-87.6003683,41.7917294],[-87.6003683,41.7917322],[-87.6003594,41.7917322],[-87.6003594,41.7917296],[-87.6003198,41.7917301],[-87.6003203,41.7917585],[-87.6003242,41.7917585],[-87.6003242,41.7917645],[-87.6003205,41.7917645],[-87.6003211,41.7917885],[-87.6003254,41.7917885],[-87.6003255,41.7917945],[-87.6003212,41.7917945],[-87.6003213,41.7917983],[-87.6002769,41.7917986],[-87.600277,41.7918019],[-87.600268,41.7918019],[-87.600268,41.7917987],[-87.6002327,41.791799],[-87.6002327,41.7918018],[-87.6002236,41.7918018],[-87.6002238,41.7917991],[-87.6001756,41.7917994],[-87.6001757,41.7918024],[-87.6001666,41.7918024],[-87.6001664,41.7917995],[-87.6001321,41.7917998],[-87.6001321,41.7918027],[-87.6001237,41.7918028],[-87.6001237,41.7917998],[-87.600091,41.7918001],[-87.6000917,41.7918285],[-87.6000967,41.7918284],[-87.6000967,41.7918354],[-87.6000919,41.7918354],[-87.6000925,41.7918634],[-87.6000972,41.7918633],[-87.6000975,41.7918699],[-87.6000927,41.79187],[-87.6000928,41.7918754],[-87.6000488,41.7918756],[-87.6000487,41.7918795],[-87.60004,41.7918796],[-87.6000401,41.7918758],[-87.6000038,41.7918761],[-87.6000038,41.7918801],[-87.5999958,41.7918802],[-87.5999956,41.7918762],[-87.5999489,41.7918768],[-87.5999488,41.7918807],[-87.5999409,41.7918809],[-87.5999408,41.7918767],[-87.5999045,41.7918771],[-87.5999046,41.7918813],[-87.5998965,41.7918814],[-87.5998966,41.7918773],[-87.5998713,41.7918773],[-87.5998618,41.7918853],[-87.599862,41.7919073],[-87.5998681,41.7919073],[-87.5998682,41.7919144],[-87.5998622,41.7919144],[-87.5998628,41.7919399],[-87.5998686,41.7919399],[-87.5998688,41.7919474],[-87.5998627,41.7919474],[-87.5998632,41.791975],[-87.5998692,41.791975],[-87.5998693,41.7919812],[-87.5998207,41.7919816],[-87.5998215,41.7920224],[-87.599793,41.7920227],[-87.5997929,41.7920142],[-87.5997419,41.7920147],[-87.5997422,41.7920236],[-87.5997106,41.7920239],[-87.5997104,41.7920151],[-87.5996534,41.7920156],[-87.5996536,41.7920247],[-87.59961,41.7920251],[-87.5996098,41.7920161],[-87.5995678,41.7920165],[-87.5995674,41.7919928],[-87.5995605,41.7919929],[-87.5995603,41.7919799],[-87.5995672,41.7919797],[-87.5995669,41.7919608],[-87.5995584,41.7919609],[-87.599558,41.7919475],[-87.5995775,41.7919472],[-87.5995769,41.7919202],[-87.599558,41.7919202],[-87.5995583,41.7919074],[-87.599572,41.7919074],[-87.5995719,41.7918824],[-87.5995581,41.7918825],[-87.5995579,41.7918691],[-87.5995683,41.791869],[-87.5995678,41.7918429],[-87.5995487,41.7918431],[-87.5995484,41.7918334],[-87.5995564,41.7918333],[-87.5995561,41.7918149],[-87.599519,41.7918151],[-87.5995188,41.7918028],[-87.5995265,41.7918028],[-87.5995261,41.7917761],[-87.5995182,41.7917761],[-87.5995181,41.7917626],[-87.5995261,41.7917626],[-87.5995258,41.7917334],[-87.5995098,41.7917335],[-87.5995096,41.7917028],[-87.5994568,41.7917033],[-87.5994567,41.7916687],[-87.5994087,41.7916689],[-87.5994085,41.7916528],[-87.5994222,41.7916529],[-87.599422,41.7916263],[-87.5994078,41.7916262],[-87.5994077,41.7916002],[-87.599332,41.791601],[-87.5993323,41.7916258],[-87.5993154,41.7916262],[-87.5993162,41.7916557],[-87.5993295,41.7916555],[-87.5993296,41.7916655],[-87.5993164,41.7916658],[-87.5993171,41.7916928],[-87.5993299,41.7916926],[-87.5993301,41.7917033],[-87.5993174,41.7917032],[-87.5993181,41.7917297],[-87.5993314,41.7917295],[-87.5993316,41.7917407],[-87.5993184,41.7917407],[-87.5993191,41.7917682],[-87.5993314,41.791768],[-87.5993314,41.7917781],[-87.5993194,41.7917782],[-87.5993201,41.7918047],[-87.5993315,41.7918046],[-87.5993319,41.7918151],[-87.5993203,41.7918152],[-87.599321,41.791841],[-87.5993326,41.7918408],[-87.599333,41.7918521],[-87.5993213,41.7918522],[-87.599322,41.7918787],[-87.599334,41.7918786],[-87.5993339,41.7918885],[-87.5993223,41.7918887],[-87.599323,41.7919167],[-87.5993346,41.7919168],[-87.5993347,41.7919276],[-87.599323,41.7919276],[-87.5993237,41.7919553],[-87.5993401,41.7919551],[-87.5993407,41.7919829],[-87.5993819,41.7919825],[-87.599383,41.7920198],[-87.5994139,41.7920194],[-87.5994141,41.7920275],[-87.5994097,41.7920276],[-87.59941,41.7920401],[-87.5994101,41.7920511],[-87.5994147,41.792051],[-87.5994152,41.792067],[-87.5994106,41.7920671],[-87.5994112,41.79209],[-87.599416,41.79209],[-87.5994165,41.7921045],[-87.5994117,41.7921046],[-87.5994119,41.7921138],[-87.5993825,41.792114],[-87.5993836,41.792148],[-87.5993774,41.792148],[-87.5993784,41.7921761],[-87.5993846,41.792176],[-87.5993852,41.7921948],[-87.5993647,41.7921949],[-87.5993646,41.7921906],[-87.599329,41.7921909],[-87.5993291,41.792195],[-87.5993001,41.7921951],[-87.5993006,41.7922205],[-87.5992943,41.7922206],[-87.5992947,41.7922486],[-87.5993011,41.7922485],[-87.599302,41.792296],[-87.5992954,41.7922961],[-87.599296,41.792324],[-87.5993025,41.792324],[-87.5993035,41.7923718],[-87.5992969,41.792372],[-87.5992977,41.7923981],[-87.599304,41.792398],[-87.5993048,41.7924424],[-87.5992981,41.7924426],[-87.5992988,41.7924725],[-87.5993052,41.7924725],[-87.5993059,41.7925199],[-87.5992993,41.79252],[-87.5992999,41.7925471],[-87.5993063,41.7925469],[-87.599307,41.7925949],[-87.5993006,41.7925949],[-87.5993009,41.792622],[-87.5993074,41.7926219],[-87.5993079,41.7926593],[-87.5993426,41.7926589],[-87.5993425,41.7926627],[-87.5993828,41.7926624],[-87.5993828,41.7926584],[-87.5994265,41.7926579],[-87.5994257,41.7926219],[-87.5994317,41.7926219],[-87.5994309,41.7925943],[-87.5994252,41.7925944],[-87.5994249,41.7925812],[-87.5994404,41.792581],[-87.5994404,41.7925852],[-87.5994828,41.7925849],[-87.5994827,41.7925806],[-87.5995236,41.7925802],[-87.5995229,41.7925548],[-87.5995821,41.7925542],[-87.5995815,41.7925231],[-87.5996401,41.7925227],[-87.5996398,41.7925048],[-87.5996608,41.7925045],[-87.5996613,41.7925225],[-87.5997424,41.7925219],[-87.5997419,41.7925033],[-87.5997641,41.792503],[-87.5997643,41.7925217],[-87.5998195,41.7925212],[-87.599819,41.7925021],[-87.5998432,41.7925018],[-87.5998439,41.7925499],[-87.5998843,41.7925495],[-87.5998845,41.7925814],[-87.5998897,41.7925813],[-87.5998898,41.7925883],[-87.5998847,41.7925884],[-87.5998849,41.7926186],[-87.59989,41.7926185],[-87.5998902,41.7926256],[-87.599885,41.7926256],[-87.5998852,41.7926561],[-87.5998904,41.792656],[-87.5998905,41.7926631],[-87.5998854,41.7926631],[-87.5998854,41.7926885],[-87.5998905,41.7926884],[-87.5998907,41.7926954],[-87.5998855,41.7926955],[-87.5998858,41.7927274]]]}},{"type":"Feature","id":202679303,"properties":{"osmId":202679303,"category":"medical","addr:city":"Chicago","addr:housenumber":"860","addr:postcode":"60637","addr:state":"IL","addr:street":"East 59th Street","building":"hospital","building:levels":"2","name":"Goldblatt Pavilion","roof:levels":"0","roof:shape":"flat","university_of_chicago:building_id":"A26","university_of_chicago:business_unit_name":"BSD/UCH","_wikiTried":true},"geometry":{"type":"Polygon","coordinates":[[[-87.6034771,41.7881338],[-87.6035059,41.7881324],[-87.603523,41.788127],[-87.6035256,41.7880813],[-87.6035776,41.7880861],[-87.6036371,41.7880918],[-87.6036955,41.7880901],[-87.6037602,41.7880841],[-87.6038119,41.7880761],[-87.6038125,41.7881171],[-87.6038428,41.7881157],[-87.6038496,41.7883427],[-87.6038417,41.7883434],[-87.6038179,41.7883481],[-87.6037951,41.7883611],[-87.6037864,41.7883466],[-87.6037703,41.7883326],[-87.6037522,41.7883226],[-87.603728,41.7883136],[-87.6037455,41.7882736],[-87.6035939,41.7882761],[-87.6036127,41.7883156],[-87.6035886,41.7883236],[-87.6035616,41.7883316],[-87.603541,41.7883436],[-87.6035275,41.7883571],[-87.6034821,41.7883565],[-87.6034771,41.7881338]]]}},{"type":"Feature","id":202690807,"properties":{"osmId":202690807,"category":"medical","addr:city":"Chicago","addr:housenumber":"950","addr:postcode":"60637","addr:state":"IL","addr:street":"East 59th Street","building":"hospital","name":"Armour","name:etymology:wikidata":"Q3378975","name:etymology:wikipedia":"en:Philip Danforth Armour","university_of_chicago:building_id":"A18","university_of_chicago:business_unit_name":"BSD/UCH","_wikiTried":true},"geometry":{"type":"Polygon","coordinates":[[[-87.6013833,41.7888452],[-87.6019918,41.7888447],[-87.6019849,41.7887062],[-87.6015867,41.788709],[-87.6013982,41.7887103],[-87.6013816,41.7887104],[-87.6013833,41.7888452]]]}},{"type":"Feature","id":202690808,"properties":{"osmId":202690808,"category":"medical","addr:city":"Chicago","addr:housenumber":"920","addr:postcode":"60637","addr:state":"IL","addr:street":"East 59th Street","building":"hospital","building:levels":"5","name":"Bobs Roberts","roof:levels":"0","roof:shape":"flat","university_of_chicago:building_id":"A24","university_of_chicago:business_unit_name":"BSD/UCH","_wikiTried":true},"geometry":{"type":"Polygon","coordinates":[[[-87.6029158,41.7878338],[-87.6029161,41.7879539],[-87.6030033,41.7879537],[-87.6030036,41.7880665],[-87.6030437,41.7880938],[-87.6030661,41.788121],[-87.6031961,41.7881194],[-87.6031934,41.7880975],[-87.6032295,41.7880647],[-87.6032277,41.7879472],[-87.6033401,41.7879463],[-87.6033431,41.7881355],[-87.6035059,41.7881324],[-87.603501,41.7878199],[-87.6033378,41.7878213],[-87.6033258,41.7878332],[-87.6029158,41.7878338]]]}},{"type":"Feature","id":202690809,"properties":{"osmId":202690809,"category":"medical","addr:city":"Chicago","addr:housenumber":"949","addr:postcode":"60637","addr:state":"IL","addr:street":"East 58th Street","building":"hospital","name":"Carlson","university_of_chicago:building_id":"A22","university_of_chicago:business_unit_name":"BSD/UCH","_wikiTried":true},"geometry":{"type":"Polygon","coordinates":[[[-87.6027531,41.7888385],[-87.6025691,41.7888417],[-87.6025705,41.788933],[-87.6026553,41.7889322],[-87.6026576,41.7890755],[-87.6025713,41.7890762],[-87.6025724,41.7891449],[-87.6023663,41.7891466],[-87.6023652,41.7890797],[-87.6022752,41.7890805],[-87.6022729,41.7889337],[-87.6023642,41.788933],[-87.6023629,41.7888435],[-87.6022215,41.7888455],[-87.6022225,41.7888949],[-87.6022232,41.7889279],[-87.6022239,41.7889609],[-87.6022247,41.7889965],[-87.6022253,41.7890269],[-87.6022261,41.7890619],[-87.6022266,41.7890894],[-87.6022274,41.7891259],[-87.6022281,41.7891574],[-87.6022289,41.7891954],[-87.6022295,41.7892224],[-87.6022304,41.7892674],[-87.6022314,41.7893147],[-87.6027636,41.7893088],[-87.602761,41.7891776],[-87.602747,41.7891775],[-87.6027437,41.788956],[-87.6027561,41.7889558],[-87.6027531,41.7888385]]]}},{"type":"Feature","id":202690810,"properties":{"osmId":202690810,"category":"medical","addr:city":"Chicago","addr:housenumber":"5730","addr:postcode":"60637","addr:state":"IL","addr:street":"South Drexel Avenue","addr:street:name":"Drexel","addr:street:prefix":"South","addr:street:type":"Avenue","building":"hospital","chicago:building_id":"880960","name":"Comer Children's Hospital","name:etymology:wikidata":"Q5524877","name:etymology:wikipedia":"en:Gary Comer","university_of_chicago:building_id":"A94","university_of_chicago:business_unit_name":"BSD/UCH","wikidata":"Q30286830","wikipedia":"en:Comer Children's Hospital","_wikiTried":true},"geometry":{"type":"Polygon","coordinates":[[[-87.6043377,41.7899493],[-87.6038877,41.7899495],[-87.6038968,41.7903299],[-87.6039015,41.7905294],[-87.604226,41.7905282],[-87.6042298,41.7906222],[-87.6043548,41.7906194],[-87.6043544,41.7905254],[-87.6043377,41.7899493]]]}},{"type":"Feature","id":202690811,"properties":{"osmId":202690811,"category":"medical","addr:city":"Chicago","addr:housenumber":"5824","addr:postcode":"60637","addr:state":"IL","addr:street":"South Ellis Avenue","building":"hospital","name":"Franklin McLean Research Institute","university_of_chicago:building_id":"A19","university_of_chicago:business_unit_name":"BSD/UCH","_wikiTried":true},"geometry":{"type":"Polygon","coordinates":[[[-87.6013982,41.7887103],[-87.6013875,41.788281],[-87.6015739,41.7882796],[-87.6015867,41.788709],[-87.6013982,41.7887103]]]}},{"type":"Feature","id":202690812,"properties":{"osmId":202690812,"category":"medical","addr:city":"Chicago","addr:housenumber":"5835","addr:postcode":"60637","addr:state":"IL","addr:street":"South Drexel Avenue","building":"hospital","name":"Gilman Smith","university_of_chicago:building_id":"A25","university_of_chicago:business_unit_name":"BSD/UCH","_wikiTried":true},"geometry":{"type":"Polygon","coordinates":[[[-87.6034884,41.7886374],[-87.6034235,41.7886382],[-87.6033685,41.7886397],[-87.6033118,41.7886396],[-87.6033064,41.7883994],[-87.6031113,41.7884018],[-87.6031094,41.7883192],[-87.6029928,41.7883206],[-87.6029915,41.7882641],[-87.6029254,41.7882649],[-87.6029227,41.7881417],[-87.6030665,41.7881399],[-87.6030661,41.788121],[-87.6031961,41.7881194],[-87.6031965,41.7881373],[-87.6033431,41.7881355],[-87.6034771,41.7881338],[-87.6034821,41.7883565],[-87.6034884,41.7886374]]]}},{"type":"Feature","id":202690813,"properties":{"osmId":202690813,"category":"medical","addr:city":"Chicago","addr:housenumber":"5840","addr:postcode":"60637","addr:state":"IL","addr:street":"South Ellis Avenue","building":"hospital","name":"Goldblatt","university_of_chicago:building_id":"A20","university_of_chicago:business_unit_name":"BSD/UCH","_wikiTried":true},"geometry":{"type":"Polygon","coordinates":[[[-87.6019726,41.7881404],[-87.6015561,41.7881461],[-87.6013899,41.7881484],[-87.6013737,41.7881486],[-87.6013769,41.7882811],[-87.6013875,41.788281],[-87.6015739,41.7882796],[-87.6019746,41.7882764],[-87.6019726,41.7881404]]]}},{"type":"Feature","id":202690815,"properties":{"osmId":202690815,"category":"medical","addr:city":"Chicago","addr:housenumber":"970","addr:postcode":"60637","addr:state":"IL","addr:street":"East 59th Street","building":"hospital","name":"Hicks McElwee","university_of_chicago:building_id":"A21","university_of_chicago:business_unit_name":"BSD/UCH","_wikiTried":true},"geometry":{"type":"Polygon","coordinates":[[[-87.6019684,41.7878469],[-87.6013858,41.7878585],[-87.6013899,41.7881484],[-87.6015561,41.7881461],[-87.6015528,41.7879699],[-87.6019709,41.7879681],[-87.6019684,41.7878469]]]}},{"type":"Feature","id":202690817,"properties":{"osmId":202690817,"category":"medical","addr:city":"Chicago","addr:housenumber":"5841","addr:postcode":"60637","addr:state":"IL","addr:street":"South Maryland Avenue","building":"hospital","name":"MRI","university_of_chicago:building_id":"A72","university_of_chicago:business_unit_name":"BSD/UCH","_wikiTried":true},"geometry":{"type":"Polygon","coordinates":[[[-87.6023642,41.788933],[-87.6022729,41.7889337],[-87.6022752,41.7890805],[-87.6023652,41.7890797],[-87.6023663,41.7891466],[-87.6025724,41.7891449],[-87.6025713,41.7890762],[-87.6026576,41.7890755],[-87.6026553,41.7889322],[-87.6025705,41.788933],[-87.6025691,41.7888417],[-87.6023629,41.7888435],[-87.6023642,41.788933]]]}},{"type":"Feature","id":202690818,"properties":{"osmId":202690818,"category":"medical","addr:city":"Chicago","addr:housenumber":"920","addr:postcode":"60637","addr:state":"IL","addr:street":"East 58th Street","building":"hospital","name":"MRS Facility","university_of_chicago:building_id":"A50","university_of_chicago:business_unit_name":"BSD/UCH","_wikiTried":true},"geometry":{"type":"Polygon","coordinates":[[[-87.6024531,41.7897314],[-87.6024311,41.7897318],[-87.6024305,41.7896916],[-87.6024524,41.7896915],[-87.6024531,41.7897314]]]}},{"type":"Feature","id":202690819,"properties":{"osmId":202690819,"category":"medical","addr:city":"Chicago","addr:housenumber":"5841","addr:postcode":"60637","addr:state":"IL","addr:street":"South Maryland Avenue","building":"hospital","name":"Rubloff Intensive Care","university_of_chicago:building_id":"A10","university_of_chicago:business_unit_name":"BSD/UCH","_wikiTried":true},"geometry":{"type":"Polygon","coordinates":[[[-87.6041851,41.7889134],[-87.6037815,41.7889208],[-87.6037718,41.7887674],[-87.6038533,41.7887663],[-87.6038528,41.7887393],[-87.6037044,41.7887337],[-87.6036683,41.7887073],[-87.6034756,41.7887068],[-87.6034765,41.7887429],[-87.6034254,41.7887439],[-87.6034235,41.7886382],[-87.6033685,41.7886397],[-87.6033713,41.7887495],[-87.6031168,41.7887457],[-87.6031175,41.7887812],[-87.6034164,41.7887803],[-87.6034201,41.7889197],[-87.6034732,41.7889588],[-87.604051,41.7889503],[-87.6040516,41.7890148],[-87.6042598,41.789013],[-87.6042598,41.7889696],[-87.6041851,41.7889134]]]}},{"type":"Feature","id":210904078,"properties":{"osmId":210904078,"category":"library","access":"yes","addr:city":"Chicago","addr:housenumber":"731","addr:postcode":"60637","addr:state":"IL","addr:street":"East 63rd Street","addr:street:name":"63rd","addr:street:prefix":"East","addr:street:type":"Street","amenity":"library","branch":"Coleman","building":"library","check_date:opening_hours":"2025-12-11","chicago:building_id":"529463","email":"coleman@chipublib.org","internet_access":"wlan","internet_access:fee":"no","internet_access:ssid":"CPLWIFI","name":"Bessie Coleman Branch Library","name:etymology:wikidata":"Q254376","opening_hours":"Mo,We 12:00-20:00; Tu,Th 10:00-18:00; Fr-Sa 09:00-17:00; Su 13:00-17:00","operator":"Chicago Public Library","operator:short":"CPL","operator:type":"public","operator:wikidata":"Q1060421","operator:wikipedia":"en:Chicago Public Library","phone":"+1-312-747-7760","polling_station":"yes","ref:isil":"US-ic","website":"https://www.chipublib.org/locations/22/","wheelchair":"yes","wikidata":"Q69964577","_wikiTried":true},"geometry":{"type":"Polygon","coordinates":[[[-87.6070395,41.7799693],[-87.6070469,41.780289],[-87.6066307,41.7802946],[-87.6066233,41.7799749],[-87.6070395,41.7799693]]]}},{"type":"Feature","id":210904181,"properties":{"osmId":210904181,"category":"religious","addr:city":"Chicago","addr:housenumber":"452","addr:postcode":"60637","addr:state":"IL","addr:street":"East 61st Street","addr:street:name":"61st","addr:street:prefix":"East","addr:street:type":"Street","amenity":"place_of_worship","building":"retail","chicago:building_id":"516308","ele":"181","gnis:feature_id":"1801890","name":"Kindest United House of Prayer","religion":"christian","_wikiTried":true},"geometry":{"type":"Polygon","coordinates":[[[-87.613801,41.7840075],[-87.6138048,41.7841612],[-87.6136874,41.7841632],[-87.6136837,41.7840081],[-87.613801,41.7840075]]]}},{"type":"Feature","id":210904194,"properties":{"osmId":210904194,"category":"religious","addr:city":"Chicago","addr:housenumber":"510","addr:postcode":"60637","addr:state":"IL","addr:street":"East 64th Street","addr:street:name":"64th","addr:street:prefix":"East","addr:street:type":"Street","building":"yes","chicago:building_id":"534302"},"geometry":{"type":"Polygon","coordinates":[[[-87.6127088,41.7785628],[-87.6127118,41.7786205],[-87.612732,41.7786192],[-87.6127348,41.7786947],[-87.6126175,41.7786954],[-87.6126135,41.7785636],[-87.6127088,41.7785628]]]}},{"type":"Feature","id":210904418,"properties":{"osmId":210904418,"category":"religious","addr:city":"Chicago","addr:housenumber":"6028","addr:postcode":"60637","addr:state":"IL","addr:street":"South Champlain Avenue","addr:street:name":"Champlain","addr:street:prefix":"South","addr:street:type":"Avenue","amenity":"place_of_worship","building":"church","building:levels":"3","chicago:building_id":"513817","denomination":"church_of_god","name":"Freedom Temple Church of God in Christ","religion":"christian","_wikiTried":true},"geometry":{"type":"Polygon","coordinates":[[[-87.6102352,41.7846629],[-87.6102535,41.7846631],[-87.6102575,41.7847976],[-87.610259,41.7848305],[-87.6098483,41.7848361],[-87.6098468,41.7847991],[-87.6098322,41.784799],[-87.6098322,41.7847949],[-87.6098294,41.784718],[-87.6098514,41.7847182],[-87.60985,41.7846811],[-87.6102369,41.7846767],[-87.6102352,41.7846629]]]}},{"type":"Feature","id":210904967,"properties":{"osmId":210904967,"category":"religious","addr:city":"Chicago","addr:housenumber":"6232","addr:postcode":"60637","addr:state":"IL","addr:street":"South Eberhart Avenue","addr:street:name":"Eberhart","addr:street:prefix":"South","addr:street:type":"Avenue","amenity":"place_of_worship","building":"church","building:levels":"2","chicago:building_id":"526825","denomination":"lutheran","ele":"181","gnis:feature_id":"1801948","name":"Saint Philips Lutheran Church","religion":"christian","_wikiTried":true},"geometry":{"type":"Polygon","coordinates":[[[-87.6137228,41.7810006],[-87.6137239,41.781061],[-87.6137441,41.7810611],[-87.6137453,41.781116],[-87.6137215,41.7811159],[-87.613723,41.7811433],[-87.6133875,41.7811481],[-87.6133849,41.7810493],[-87.6133483,41.7810504],[-87.6133469,41.7810051],[-87.6134048,41.7810021],[-87.6134056,41.7809485],[-87.6134438,41.7809478],[-87.6134474,41.7810024],[-87.6137228,41.7810006]]]}},{"type":"Feature","id":210905038,"properties":{"osmId":210905038,"category":"medical","addr:city":"Chicago","addr:housenumber":"6250","addr:postcode":"60637","addr:state":"IL","addr:street":"South Cottage Grove Avenue","addr:street:name":"Cottage Grove","addr:street:prefix":"South","addr:street:type":"Avenue","amenity":"clinic","building":"commercial","building:levels":"2","chicago:building_id":"527723","healthcare":"clinic","name":"Friend Health Clinic","operator":"Friend Health","_wikiTried":true},"geometry":{"type":"Polygon","coordinates":[[[-87.6067952,41.7804912],[-87.6067961,41.7805207],[-87.6067971,41.7805553],[-87.6069232,41.7805526],[-87.6069285,41.7807303],[-87.6068484,41.7807304],[-87.6068473,41.7808143],[-87.6067986,41.7808163],[-87.606803,41.7808393],[-87.6061449,41.7808494],[-87.6061636,41.7806532],[-87.6061841,41.7806523],[-87.6061779,41.7805031],[-87.6066241,41.7804941],[-87.6067952,41.7804912]]]}},{"type":"Feature","id":210905045,"properties":{"osmId":210905045,"category":"academic","addr:city":"Chicago","addr:housenumber":"6311","addr:postcode":"60637","addr:state":"IL","addr:street":"South Calumet Avenue","addr:street:name":"Calumet","addr:street:prefix":"South","addr:street:type":"Avenue","building":"school","building:levels":"2","chicago:building_id":"530295"},"geometry":{"type":"Polygon","coordinates":[[[-87.6170418,41.779276],[-87.6170586,41.7799032],[-87.6170403,41.7799044],[-87.6170419,41.7799264],[-87.6170602,41.7799252],[-87.6170639,41.7800885],[-87.6169685,41.7800906],[-87.6169686,41.780081],[-87.6164094,41.7800899],[-87.6164031,41.779836],[-87.6168083,41.7798303],[-87.6167924,41.7792799],[-87.6170418,41.779276]]]}},{"type":"Feature","id":210905326,"properties":{"osmId":210905326,"category":"religious","addr:city":"Chicago","addr:housenumber":"6359","addr:postcode":"60637","addr:state":"IL","addr:street":"South Eberhart Avenue","addr:street:name":"Eberhart","addr:street:prefix":"South","addr:street:type":"Avenue","amenity":"place_of_worship","building":"church","chicago:building_id":"534419","name":"St. Peter Word Church","old_name":"St. Stefan's Danish Evangelical Lutheran Church","religion":"christian","_wikiTried":true},"geometry":{"type":"Polygon","coordinates":[[[-87.6130038,41.7785628],[-87.6130184,41.7785711],[-87.6130311,41.7785831],[-87.6130298,41.7785976],[-87.6130143,41.7786123],[-87.6130152,41.7786573],[-87.6127797,41.7786597],[-87.6127793,41.7786396],[-87.6127647,41.7786327],[-87.6127614,41.7786038],[-87.6127761,41.7785957],[-87.6127759,41.7785733],[-87.6129652,41.7785722],[-87.6129781,41.778564],[-87.6130038,41.7785628]]]}},{"type":"Feature","id":210905351,"properties":{"osmId":210905351,"category":"religious","addr:city":"Chicago","addr:housenumber":"6400","addr:postcode":"60637","addr:state":"IL","addr:street":"South Champlain Avenue","addr:street:name":"Champlain","addr:street:prefix":"South","addr:street:type":"Avenue","amenity":"place_of_worship","building":"church","building:levels":"1","chicago:building_id":"534918","denomination":"baptist","ele":"181","gnis:feature_id":"1837087","name":"Vernon Baptist Church","religion":"christian","_wikiTried":true},"geometry":{"type":"Polygon","coordinates":[[[-87.6100996,41.7782981],[-87.6101036,41.7784298],[-87.6097314,41.7784344],[-87.6097288,41.7783424],[-87.6097636,41.7783413],[-87.6097638,41.7783275],[-87.6100113,41.778325],[-87.6100097,41.7783003],[-87.6100996,41.7782981]]]}},{"type":"Feature","id":210905449,"properties":{"osmId":210905449,"category":"religious","addr:city":"Chicago","addr:housenumber":"6414-6416","addr:postcode":"60637","addr:state":"IL","addr:street":"South Cottage Grove Avenue","addr:street:name":"Cottage Grove","addr:street:prefix":"South","addr:street:type":"Avenue","amenity":"place_of_worship","building":"yes","building:levels":"3","chicago:building_id":"535727","denomination":"PCA","name":"Living Hope Church","religion":"christian","service_times":"10:30-12:00","_wikiTried":true},"geometry":{"type":"Polygon","coordinates":[[[-87.6062462,41.7779856],[-87.6062461,41.7779938],[-87.6064881,41.7779899],[-87.6064935,41.7780023],[-87.6065006,41.7780188],[-87.6065006,41.7780202],[-87.6065013,41.7781217],[-87.6064921,41.7781216],[-87.6060594,41.7781271],[-87.6060555,41.7779872],[-87.6062462,41.7779856]]]}},{"type":"Feature","id":210905658,"properties":{"osmId":210905658,"category":"religious","addr:city":"Chicago","addr:housenumber":"842","addr:postcode":"60637","addr:state":"IL","addr:street":"East 65th Street","addr:street:name":"65th","addr:street:prefix":"East","addr:street:type":"Street","amenity":"place_of_worship","building":"church","building:levels":"2","chicago:building_id":"865714","name":"Cosmopolitan Church Of Prayer","religion":"christian","website":"https://www.cosmopolitancop.com/","wikidata":"Q29641709","_wikiTried":true},"geometry":{"type":"Polygon","coordinates":[[[-87.604115,41.7769485],[-87.6041135,41.7769155],[-87.604185,41.7769146],[-87.6041852,41.7769009],[-87.6043832,41.776898],[-87.6043834,41.776883],[-87.604475,41.7768822],[-87.604476,41.776959],[-87.6044283,41.7769587],[-87.6044335,41.7771495],[-87.6044867,41.7771484],[-87.6044889,41.7772733],[-87.6044798,41.7772733],[-87.6044808,41.7773419],[-87.6044277,41.7773429],[-87.6044276,41.7773484],[-87.6041728,41.7773509],[-87.6041728,41.7773454],[-87.604149,41.7773453],[-87.604148,41.7772684],[-87.6041114,41.7772695],[-87.6041101,41.7772215],[-87.6041075,41.7772215],[-87.604109,41.7771515],[-87.6041879,41.7771493],[-87.6041828,41.7769462],[-87.604115,41.7769485]]]}},{"type":"Feature","id":210905714,"properties":{"osmId":210905714,"category":"religious","addr:city":"Chicago","addr:housenumber":"6452","addr:postcode":"60637","addr:state":"IL","addr:street":"South Evans Avenue","addr:street:name":"Evans","addr:street:prefix":"South","addr:street:type":"Avenue","building":"yes","building:levels":"2","chicago:building_id":"539007"},"geometry":{"type":"Polygon","coordinates":[[[-87.607536,41.7770676],[-87.6072904,41.7770688],[-87.6072913,41.7769906],[-87.6075644,41.7769895],[-87.6075654,41.7770678],[-87.607536,41.7770676]]]}},{"type":"Feature","id":210905725,"properties":{"osmId":210905725,"category":"religious","addr:city":"Chicago","addr:housenumber":"6456-6458","addr:postcode":"60637","addr:state":"IL","addr:street":"South Evans Avenue","addr:street:name":"Evans","addr:street:prefix":"South","addr:street:type":"Avenue","amenity":"place_of_worship","building":"church","building:levels":"2","chicago:building_id":"539282","denomination":"african_methodist_episcopal","ele":"181","gnis:feature_id":"1837275","name":"Woodlawn African Methodist Episcopal Church","religion":"christian","_wikiTried":true},"geometry":{"type":"Polygon","coordinates":[[[-87.6075771,41.7768414],[-87.6075783,41.7769004],[-87.6075581,41.7769017],[-87.607559,41.7769868],[-87.6072473,41.7769889],[-87.6072459,41.7769505],[-87.6072367,41.7769504],[-87.6072342,41.7768475],[-87.6072892,41.7768465],[-87.6072891,41.7768561],[-87.6074248,41.7768556],[-87.6074249,41.7768432],[-87.6075771,41.7768414]]]}},{"type":"Feature","id":210905840,"properties":{"osmId":210905840,"category":"academic","addr:city":"Chicago","addr:housenumber":"6517-6525","addr:postcode":"60637","addr:state":"IL","addr:street":"South Champlain Avenue","addr:street:name":"Champlain","addr:street:prefix":"South","addr:street:type":"Avenue","building":"school","chicago:building_id":"540917"},"geometry":{"type":"Polygon","coordinates":[[[-87.6092345,41.7759998],[-87.6092502,41.7765583],[-87.6091476,41.7765591],[-87.6091459,41.7765426],[-87.6087536,41.7765484],[-87.6087499,41.7763823],[-87.6087921,41.7763812],[-87.6087923,41.7763647],[-87.6089738,41.7763618],[-87.6089754,41.7763865],[-87.609001,41.7763866],[-87.6089907,41.7760037],[-87.6092345,41.7759998]]]}},{"type":"Feature","id":210906090,"properties":{"osmId":210906090,"category":"academic","addr:city":"Chicago","addr:housenumber":"6543","addr:postcode":"60637","addr:state":"IL","addr:street":"South Champlain Avenue","addr:street:name":"Champlain","addr:street:prefix":"South","addr:street:type":"Avenue","building":"school","chicago:building_id":"544155","name":"Emmett Louis Till Math and Science Academy","_wikiTried":true},"geometry":{"type":"Polygon","coordinates":[[[-87.6093319,41.7750001],[-87.609338,41.7752705],[-87.6093252,41.7752704],[-87.6093266,41.7753129],[-87.6092771,41.775314],[-87.6092795,41.7754238],[-87.6092648,41.7754237],[-87.6092714,41.7756529],[-87.6092824,41.7756529],[-87.6092866,41.7757655],[-87.6092206,41.7757664],[-87.6092221,41.7758035],[-87.6090772,41.7758053],[-87.6090758,41.7757655],[-87.6090117,41.7757665],[-87.6090103,41.7757239],[-87.6089058,41.775726],[-87.6088952,41.7753665],[-87.6090052,41.7753644],[-87.6090039,41.775315],[-87.6090644,41.775314],[-87.6090649,41.7752756],[-87.6086615,41.7752813],[-87.6086565,41.7750782],[-87.6090616,41.7750725],[-87.6090587,41.7750052],[-87.6093319,41.7750001]]]}},{"type":"Feature","id":210906209,"properties":{"osmId":210906209,"category":"religious","addr:city":"Chicago","addr:housenumber":"710","addr:postcode":"60637","addr:state":"IL","addr:street":"East 62nd Street","addr:street:name":"62nd","addr:street:prefix":"East","addr:street:type":"Street","amenity":"place_of_worship","building":"church","chicago:building_id":"521969","denomination":"church_of_god","ele":"181","gnis:feature_id":"1772415","name":"Langley Avenue Church of God","religion":"christian","_wikiTried":true},"geometry":{"type":"Polygon","coordinates":[[[-87.6082618,41.7822863],[-87.6082673,41.782451],[-87.6079061,41.7824556],[-87.6079046,41.7824295],[-87.6078661,41.7824306],[-87.6078621,41.782292],[-87.6082618,41.7822863]]]}},{"type":"Feature","id":210906263,"properties":{"osmId":210906263,"category":"religious","addr:city":"Chicago","addr:housenumber":"840","addr:postcode":"60637","addr:state":"IL","addr:street":"East 65th Street","addr:street:name":"65th","addr:street:prefix":"East","addr:street:type":"Street","building":"church","building:levels":"2","chicago:building_id":"865711"},"geometry":{"type":"Polygon","coordinates":[[[-87.6039597,41.7772247],[-87.6039523,41.7769118],[-87.6041136,41.7769101],[-87.6041135,41.7769155],[-87.604115,41.7769485],[-87.6041164,41.7769883],[-87.604112,41.7769883],[-87.6040266,41.7769891],[-87.6040303,41.7771469],[-87.6041091,41.777146],[-87.604109,41.7771515],[-87.6041075,41.7772215],[-87.6039597,41.7772247]]]}},{"type":"Feature","id":210906281,"properties":{"osmId":210906281,"category":"religious","addr:city":"Chicago","addr:housenumber":"863","addr:postcode":"60637","addr:state":"IL","addr:street":"East 64th Street","addr:street:name":"64th","addr:street:prefix":"East","addr:street:type":"Street","amenity":"place_of_worship","building":"church","building:levels":"1","chicago:building_id":"534588","ele":"180","gnis:feature_id":"1801959","name":"South Side Gospel Church","religion":"christian","_wikiTried":true},"geometry":{"type":"Polygon","coordinates":[[[-87.6034169,41.7783929],[-87.6034184,41.7785229],[-87.6032794,41.7785238],[-87.6032795,41.7785321],[-87.6032143,41.7785325],[-87.6032127,41.7783942],[-87.6034169,41.7783929]]]}},{"type":"Feature","id":210909770,"properties":{"osmId":210909770,"category":"academic","addr:city":"Chicago","addr:housenumber":"5114-5130","addr:postcode":"60615","addr:state":"IL","addr:street":"South Doctor Martin Luther King Junior Drive","addr:street:name":"Doctor Martin Luther King Junior","addr:street:prefix":"South","addr:street:type":"Drive","amenity":"school","building":"school","building:levels":"2","chicago:building_id":"459926","education":"school","name":"Chicago Baptist Institute","_wikiTried":true},"geometry":{"type":"Polygon","coordinates":[[[-87.616645,41.8012106],[-87.6166451,41.8012174],[-87.6166803,41.801217],[-87.616682,41.8012992],[-87.6166473,41.8012996],[-87.6166513,41.8014872],[-87.6166892,41.8014867],[-87.616691,41.8015713],[-87.6164241,41.8015744],[-87.6164211,41.8014344],[-87.6164624,41.8014339],[-87.6164607,41.8013582],[-87.6164201,41.8013587],[-87.616417,41.8012133],[-87.616645,41.8012106]]]}},{"type":"Feature","id":210910804,"properties":{"osmId":210910804,"category":"academic","addr:city":"Chicago","addr:housenumber":"513","addr:postcode":"60615","addr:state":"IL","addr:street":"East 51st Street","addr:street:name":"51st","addr:street:prefix":"East","addr:street:type":"Street","building":"school","chicago:building_id":"460707","leisure":"sports_hall","name":"Dyett High School Gymnasium","operator":"Chicago Public Schools","operator:type":"public","_wikiTried":true},"geometry":{"type":"Polygon","coordinates":[[[-87.6137028,41.8003513],[-87.6137224,41.8011727],[-87.6132474,41.801179],[-87.6132278,41.8003576],[-87.6137028,41.8003513]]]}},{"type":"Feature","id":210911024,"properties":{"osmId":210911024,"category":"religious","addr:city":"Chicago","addr:housenumber":"5333","addr:postcode":"60615","addr:state":"IL","addr:street":"South Greenwood Avenue","addr:street:name":"Greenwood","addr:street:prefix":"South","addr:street:type":"Avenue","building":"church","building:levels":"2","chicago:building_id":"467810"},"geometry":{"type":"Polygon","coordinates":[[[-87.599471,41.7982351],[-87.5994735,41.7983408],[-87.5990663,41.7983451],[-87.5990654,41.7982655],[-87.5991021,41.7982657],[-87.5991006,41.7982383],[-87.599471,41.7982351]]]}},{"type":"Feature","id":210911033,"properties":{"osmId":210911033,"category":"academic","addr:city":"Chicago","addr:housenumber":"5356","addr:postcode":"60615","addr:state":"IL","addr:street":"South Doctor Martin Luther King Junior Drive","addr:street:name":"Doctor Martin Luther King Junior","addr:street:prefix":"South","addr:street:type":"Drive","building":"school","building:levels":"3","chicago:building_id":"471688"},"geometry":{"type":"Polygon","coordinates":[[[-87.6167664,41.7967334],[-87.6167689,41.7968308],[-87.6167158,41.7968319],[-87.6167186,41.7969073],[-87.6166909,41.796925],[-87.6166959,41.7971309],[-87.6167803,41.79713],[-87.6167787,41.7971108],[-87.6168135,41.797111],[-87.6168239,41.7974898],[-87.6164352,41.7974942],[-87.6164355,41.7974627],[-87.6164098,41.7974639],[-87.6164069,41.7973939],[-87.6164345,41.7973927],[-87.6164347,41.797368],[-87.6164127,41.7973679],[-87.6164057,41.7970626],[-87.6164028,41.7969383],[-87.6163556,41.7969037],[-87.6162198,41.7969056],[-87.6162186,41.7968521],[-87.6162039,41.796852],[-87.6162014,41.7967468],[-87.6167664,41.7967334]]]}},{"type":"Feature","id":210911471,"properties":{"osmId":210911471,"category":"academic","addr:city":"Chicago","addr:housenumber":"850","addr:postcode":"60637","addr:state":"IL","addr:street":"East 56th Street","addr:street:name":"56th","addr:street:prefix":"East","addr:street:type":"Street","building":"university","building:levels":"1","chicago:building_id":"485260","name":"Stagg Field","wikidata":"Q7596914","wikipedia":"en:Stagg Field","_wikiTried":true},"geometry":{"type":"Polygon","coordinates":[[[-87.6052686,41.7932596],[-87.6055269,41.7934479],[-87.6053178,41.7934506],[-87.6050596,41.7932638],[-87.6052686,41.7932596]]]}},{"type":"Feature","id":210911746,"properties":{"osmId":210911746,"category":"athletic","building":"yes","chicago:building_id":"485439"},"geometry":{"type":"Polygon","coordinates":[[[-87.6055186,41.7933723],[-87.6056029,41.7933729],[-87.6056027,41.7933921],[-87.6055183,41.7933915],[-87.6055186,41.7933723]]]}},{"type":"Feature","id":210911811,"properties":{"osmId":210911811,"category":"athletic","building":"yes","chicago:building_id":"485301"},"geometry":{"type":"Polygon","coordinates":[[[-87.6043269,41.7933565],[-87.6043279,41.7934293],[-87.6042381,41.7934301],[-87.6042371,41.7933573],[-87.6043269,41.7933565]]]}},{"type":"Feature","id":210911836,"properties":{"osmId":210911836,"category":"athletic","building":"yes","chicago:building_id":"481919"},"geometry":{"type":"Polygon","coordinates":[[[-87.6042268,41.7944276],[-87.6042331,41.7945195],[-87.6042092,41.7945207],[-87.6042029,41.7944288],[-87.6042268,41.7944276]]]}},{"type":"Feature","id":210911995,"properties":{"osmId":210911995,"category":"athletic","building":"grandstand","chicago:building_id":"486796"},"geometry":{"type":"Polygon","coordinates":[[[-87.6151794,41.7922827],[-87.6152101,41.7922944],[-87.6151893,41.792325],[-87.6152396,41.7923449],[-87.6148374,41.7929221],[-87.6148077,41.7929657],[-87.6147008,41.7929252],[-87.6151261,41.7923004],[-87.6151589,41.7923128],[-87.6151794,41.7922827]]]}},{"type":"Feature","id":211212734,"properties":{"osmId":211212734,"category":"religious","addr:city":"Chicago","addr:housenumber":"1151-1157","addr:postcode":"60637","addr:state":"IL","addr:street":"East 62nd Street","amenity":"place_of_worship","building":"church","building:levels":"1","chicago:building_id":"522422","denomination":"baptist","name":"Woodlawn Baptist Church","religion":"christian","_wikiTried":true},"geometry":{"type":"Polygon","coordinates":[[[-87.5976099,41.7820383],[-87.5976098,41.7820451],[-87.597707,41.782043],[-87.5977066,41.7820787],[-87.5977194,41.7820788],[-87.59772,41.7821913],[-87.5977108,41.7821912],[-87.5977104,41.7822269],[-87.5976132,41.782229],[-87.5976132,41.7822345],[-87.5974628,41.7822363],[-87.5974629,41.7822294],[-87.5973987,41.7822304],[-87.5973973,41.782192],[-87.5973698,41.7821918],[-87.5973693,41.7822398],[-87.5972868,41.7822407],[-87.5972666,41.7822405],[-87.5972651,41.7820512],[-87.5972889,41.78205],[-87.5974503,41.7820496],[-87.5974504,41.78204],[-87.5976099,41.7820383]]]}},{"type":"Feature","id":211212738,"properties":{"osmId":211212738,"category":"religious","addr:city":"Chicago","addr:housenumber":"1210","addr:postcode":"60637","addr:state":"IL","addr:street":"East 62nd Street","amenity":"place_of_worship","building":"church","chicago:building_id":"520450","denomination":"baptist","name":"Cornerstone Baptist Church","polling_station":"yes","religion":"christian","wikidata":"Q131429266","_wikiTried":true},"geometry":{"type":"Polygon","coordinates":[[[-87.5957068,41.7824372],[-87.5957069,41.7824526],[-87.5957974,41.782452],[-87.5957975,41.7824651],[-87.5958286,41.7824649],[-87.5958285,41.7824537],[-87.5958781,41.7824535],[-87.5958782,41.7824611],[-87.5960671,41.78246],[-87.5960669,41.7824464],[-87.5961206,41.7824461],[-87.5961211,41.782493],[-87.5961069,41.7824931],[-87.5961077,41.7825753],[-87.5961136,41.7825753],[-87.5961141,41.7826217],[-87.5960689,41.782622],[-87.5960696,41.7826888],[-87.5957011,41.7826909],[-87.5957013,41.7827027],[-87.5956464,41.7827031],[-87.5956479,41.7828495],[-87.5955325,41.7828502],[-87.5955283,41.7824382],[-87.5957068,41.7824372]]]}},{"type":"Feature","id":211213063,"properties":{"osmId":211213063,"category":"medical","addr:city":"Chicago","addr:housenumber":"6337","addr:postcode":"60637","addr:state":"IL","addr:street":"South Woodlawn Avenue","addr:street:name":"Woodlawn","addr:street:prefix":"South","addr:street:type":"Avenue","amenity":"clinic","building":"public","building:levels":"1","chicago:building_id":"530413","healthcare":"clinic","name":"Woodlawn Health Center","operator":"Cook County Department of Public Health","operator:type":"public","website":"http://www.cookcountyhhs.org/health-centers/woodlawn-health-center/","_wikiTried":true},"geometry":{"type":"Polygon","coordinates":[[[-87.5959926,41.7794414],[-87.5959908,41.7795954],[-87.5960257,41.7795956],[-87.5960236,41.7797712],[-87.5959833,41.779771],[-87.5959814,41.7799353],[-87.5956911,41.7799335],[-87.5956925,41.7798119],[-87.5956942,41.7796621],[-87.5956949,41.7796017],[-87.5956955,41.7795465],[-87.5956967,41.7794395],[-87.5959926,41.7794414]]]}},{"type":"Feature","id":211213098,"properties":{"osmId":211213098,"category":"religious","addr:city":"Chicago","addr:housenumber":"6415-6417","addr:postcode":"60637","addr:state":"IL","addr:street":"South Woodlawn Avenue","addr:street:name":"Woodlawn","addr:street:prefix":"South","addr:street:type":"Avenue","amenity":"place_of_worship","building":"church","chicago:building_id":"865727","name":"Institute of Christ the King Sovereign Priest","_wikiTried":true},"geometry":{"type":"Polygon","coordinates":[[[-87.5959599,41.7783298],[-87.5959088,41.7783304],[-87.5959075,41.7782929],[-87.5958855,41.7782942],[-87.5958857,41.7782763],[-87.5958105,41.7782759],[-87.5958122,41.7782923],[-87.5957443,41.7782933],[-87.5957415,41.7780614],[-87.5959725,41.7780587],[-87.5959738,41.7782632],[-87.5959683,41.7782631],[-87.5959699,41.7782892],[-87.595957,41.7782891],[-87.5959599,41.7783298]]]}},{"type":"Feature","id":211225113,"properties":{"osmId":211225113,"category":"religious","addr:city":"Chicago","addr:housenumber":"5407","addr:postcode":"60615","addr:state":"IL","addr:street":"South Hyde Park Boulevard","addr:street:name":"Hyde Park","addr:street:prefix":"South","addr:street:type":"Boulevard","building":"church","building:levels":"1","chicago:building_id":"469446"},"geometry":{"type":"Polygon","coordinates":[[[-87.5838058,41.7977553],[-87.5838069,41.7978198],[-87.5837096,41.7978219],[-87.5836912,41.7978341],[-87.5836233,41.7978351],[-87.5836106,41.797824],[-87.5834162,41.7978255],[-87.5834152,41.7977582],[-87.5838058,41.7977553]]]}},{"type":"Feature","id":226828483,"properties":{"osmId":226828483,"category":"academic","addr:city":"Chicago","addr:housenumber":"970","addr:postcode":"60637","addr:state":"IL","addr:street":"East 58th Street","building":"university","building:levels":"3","chicago:building_id":"497015","name":"University Bookstore","roof:levels":"1","roof:shape":"gabled","_wikiTried":true},"geometry":{"type":"Polygon","coordinates":[[[-87.6014058,41.7899396],[-87.6016321,41.7899378],[-87.60163,41.789793],[-87.6018838,41.7897909],[-87.6018817,41.7896521],[-87.6016531,41.789654],[-87.6014016,41.7896561],[-87.6014058,41.7899396]]]}},{"type":"Feature","id":228614101,"properties":{"osmId":228614101,"category":"religious","addr:city":"Chicago","addr:housenumber":"6454","addr:postcode":"60637","addr:state":"IL","addr:street":"South Champlain Avenue","addr:street:name":"Champlain","addr:street:prefix":"South","addr:street:type":"Avenue","amenity":"place_of_worship","building":"church","building:levels":"1","chicago:building_id":"539073","denomination":"united_church_of_christ","ele":"181","gnis:feature_id":"1831340","name":"Lincoln Memorial Congregational United Church of Christ","religion":"christian","_wikiTried":true},"geometry":{"type":"Polygon","coordinates":[[[-87.6099972,41.7768032],[-87.6099969,41.776832],[-87.6100666,41.7768311],[-87.6100691,41.7769271],[-87.61006,41.7769271],[-87.6100595,41.7769655],[-87.610043,41.7769654],[-87.6098994,41.7769689],[-87.6098984,41.7769535],[-87.6098986,41.7769329],[-87.6097134,41.7769345],[-87.6097119,41.776907],[-87.6096734,41.7769068],[-87.6096721,41.7768642],[-87.6097069,41.7768631],[-87.6097072,41.7768384],[-87.609896,41.7768355],[-87.6098945,41.7768039],[-87.6099972,41.7768032]]]}},{"type":"Feature","id":228614102,"properties":{"osmId":228614102,"category":"religious","addr:city":"Chicago","addr:housenumber":"6450","addr:postcode":"60637","addr:state":"IL","addr:street":"South Champlain Avenue","addr:street:name":"Champlain","addr:street:prefix":"South","addr:street:type":"Avenue","building":"yes","building:levels":"1","chicago:building_id":"539073"},"geometry":{"type":"Polygon","coordinates":[[[-87.6098984,41.7769535],[-87.6098994,41.7769689],[-87.610043,41.7769654],[-87.6100457,41.7770587],[-87.6096845,41.7770633],[-87.609682,41.7769562],[-87.6098984,41.7769535]]]}},{"type":"Feature","id":285311999,"properties":{"osmId":285311999,"category":"academic","addr:city":"Chicago","addr:housenumber":"1101","addr:postcode":"60637","addr:state":"IL","addr:street":"East 57th Street","building":"university","name":"Cobb Gate","_wikiTried":true},"geometry":{"type":"Polygon","coordinates":[[[-87.5995466,41.7912069],[-87.5996163,41.791206],[-87.5996158,41.7911823],[-87.5996783,41.7911815],[-87.599739,41.7911807],[-87.5997397,41.7912047],[-87.5998067,41.7912037],[-87.599808,41.7912519],[-87.5997405,41.7912529],[-87.599741,41.7912721],[-87.5996806,41.791273],[-87.5996212,41.7912737],[-87.5996208,41.7912532],[-87.5995477,41.7912541],[-87.5995466,41.7912069]]]}},{"type":"Feature","id":333634835,"properties":{"osmId":333634835,"category":"academic","addr:city":"Chicago","addr:housenumber":"5225","addr:postcode":"60615","addr:state":"IL","addr:street":"South Cottage Grove Avenue","building":"university","building:levels":"2","name":"UChicago Facilities Services","roof:levels":"0","website":"https://maps.uchicago.edu/?location=Facilities+Services","_wikiTried":true},"geometry":{"type":"Polygon","coordinates":[[[-87.6061821,41.8003325],[-87.6061681,41.7997041],[-87.6061097,41.7997041],[-87.606105,41.7996241],[-87.606049,41.7996241],[-87.606049,41.7996119],[-87.6054022,41.7996206],[-87.6054162,41.8003412],[-87.6061821,41.8003325]]]}},{"type":"Feature","id":343498034,"properties":{"osmId":343498034,"category":"academic","addr:city":"Chicago","addr:housenumber":"5824","addr:postcode":"60637","addr:state":"IL","addr:street":"South Stony Island Avenue","building":"school","name":"UChicago Child Development Center - Stony Island","_wikiTried":true},"geometry":{"type":"Polygon","coordinates":[[[-87.5880006,41.7889042],[-87.5880033,41.7889989],[-87.5880039,41.7890185],[-87.5872076,41.7890315],[-87.5872058,41.7889713],[-87.5872386,41.7889707],[-87.5872371,41.7889195],[-87.5868972,41.788925],[-87.5868943,41.7888242],[-87.5873725,41.7888164],[-87.5873754,41.7889144],[-87.5880006,41.7889042]]]}},{"type":"Feature","id":387213840,"properties":{"osmId":387213840,"category":"academic","addr:city":"Chicago","addr:housenumber":"5607","addr:postcode":"60637","addr:state":"IL","addr:street":"South Drexel Avenue","building":"university","name":"Molecular Engineering Modular Offices","_wikiTried":true},"geometry":{"type":"Polygon","coordinates":[[[-87.6036079,41.7929552],[-87.6032176,41.7929582],[-87.6032054,41.7925536],[-87.6036018,41.7925475],[-87.6036079,41.7929552]]]}},{"type":"Feature","id":387213841,"properties":{"osmId":387213841,"category":"academic","addr:city":"Chicago","addr:housenumber":"5640","addr:postcode":"60637","addr:state":"IL","addr:street":"South Ellis Avenue","building":"university","building:levels":"4","name":"William Eckhardt Research Center","_wikiTried":true},"geometry":{"type":"Polygon","coordinates":[[[-87.6019194,41.7923471],[-87.6016525,41.7923499],[-87.6016353,41.7923503],[-87.601612,41.7923513],[-87.6015164,41.7923517],[-87.6014988,41.7915027],[-87.6015456,41.7915022],[-87.6015908,41.7915017],[-87.6016456,41.791501],[-87.6018928,41.7914974],[-87.6018987,41.7917099],[-87.6019067,41.7917332],[-87.6019172,41.7922388],[-87.6019194,41.7923471]]]}},{"type":"Feature","id":402664985,"properties":{"osmId":402664985,"category":"academic","addr:city":"Chicago","addr:postcode":"60637","addr:state":"IL","building":"school"},"geometry":{"type":"Polygon","coordinates":[[[-87.602482,41.7812197],[-87.6022747,41.7812227],[-87.6022706,41.7811621],[-87.6021659,41.7811628],[-87.6021649,41.7812348],[-87.6019748,41.7812386],[-87.6019667,41.7809855],[-87.6021669,41.7809847],[-87.602169,41.781012],[-87.6022696,41.7810105],[-87.6022595,41.7807293],[-87.6021655,41.7807297],[-87.6021649,41.7807411],[-87.6017319,41.7807445],[-87.6017279,41.7807339],[-87.6016598,41.7807354],[-87.6016628,41.7807437],[-87.6012878,41.7807467],[-87.6012878,41.7807073],[-87.6012309,41.7807058],[-87.6012309,41.7805861],[-87.6016567,41.7805785],[-87.6016577,41.7805861],[-87.6017299,41.7805861],[-87.6017299,41.780577],[-87.6021618,41.7805702],[-87.6021649,41.7805838],[-87.6022645,41.780583],[-87.6022635,41.7805686],[-87.6024698,41.7805664],[-87.6024779,41.7809112],[-87.6025308,41.7809097],[-87.6025318,41.7810492],[-87.602482,41.7810499],[-87.602482,41.7812197]]]}},{"type":"Feature","id":430285730,"properties":{"osmId":430285730,"category":"athletic","addr:city":"Chicago","addr:housenumber":"6100","addr:postcode":"60637","addr:state":"IL","addr:street":"South Cottage Grove Avenue","building":"commercial","leisure":"sports_centre","name":"Hussain MetroSquash Center","sport":"squash","website":"https://www.metrosquash.org/","_wikiTried":true},"geometry":{"type":"Polygon","coordinates":[[[-87.6061833,41.7834981],[-87.6064415,41.7834952],[-87.6064421,41.7835274],[-87.6066194,41.7835254],[-87.6066279,41.7839544],[-87.6065015,41.7839558],[-87.6065013,41.7839459],[-87.6062675,41.7839485],[-87.6062672,41.7839365],[-87.606192,41.7839373],[-87.6061833,41.7834981]]]}},{"type":"Feature","id":441025431,"properties":{"osmId":441025431,"category":"academic","addr:city":"Chicago","addr:housenumber":"1201","addr:postcode":"60637","addr:state":"IL","addr:street":"East 60th Street","amenity":"conference_centre","architect":"Diller Scofidio + Renfro","building":"university","name":"Rubenstein Forum","name:etymology:wikidata":"Q3018737","name:etymology:wikipedia":"en:David Rubenstein","operator":"University of Chicago","operator:type":"university","website":"https://davidrubensteinforum.uchicago.edu/","wheelchair":"yes","_wikiTried":true},"geometry":{"type":"Polygon","coordinates":[[[-87.5958243,41.7858461],[-87.59583,41.7858138],[-87.5959054,41.7858174],[-87.5959015,41.7858555],[-87.5958903,41.7859395],[-87.5961741,41.7859267],[-87.5961707,41.7855254],[-87.5958951,41.7855313],[-87.5958969,41.7856116],[-87.5958228,41.7856116],[-87.5958225,41.7855235],[-87.5954414,41.7855177],[-87.5954429,41.7857221],[-87.5954362,41.7858037],[-87.5954325,41.7858493],[-87.5958243,41.7858461]]]}},{"type":"Feature","id":442771900,"properties":{"osmId":442771900,"category":"other","addr:city":"Chicago","addr:country":"US","addr:housenumber":"5656","addr:postcode":"60637","addr:state":"IL","addr:street":"South Maryland Avenue","amenity":"parking","building":"parking","fee":"yes","name":"Medical Campus Parking Garage B","operator":"University of Chicago Hospitals","operator:type":"university","parking":"multi-storey","university_of_chicago:building_id":"B126","university_of_chicago:business_unit_name":"BSD/UCH","_wikiTried":true},"geometry":{"type":"Polygon","coordinates":[[[-87.6059966,41.7925636],[-87.6050959,41.7925701],[-87.6050798,41.7914811],[-87.6052639,41.7914771],[-87.6053103,41.7914764],[-87.6053396,41.791476],[-87.6059829,41.7914685],[-87.6059966,41.7925636]]]}},{"type":"Feature","id":477223629,"properties":{"osmId":477223629,"category":"other","access":"yes","addr:city":"Chicago","addr:housenumber":"6054","addr:postcode":"60637","addr:state":"IL","addr:street":"South Drexel Avenue","amenity":"parking","building":"parking","building:levels":"9","building:part":"yes","fee":"yes","name":"Campus South Parking","opening_hours":"24/7","operator":"University of Chicago","operator:type":"university","parking":"multi-storey","roof:levels":"1","roof:shape":"flat","source":"University of Chicago","university_of_chicago:building_id":"I28","university_of_chicago:business_unit_name":"BSD/UCH","_wikiTried":true},"geometry":{"type":"Polygon","coordinates":[[[-87.6051734,41.7850381],[-87.6047464,41.7850429],[-87.6047138,41.7850428],[-87.6047133,41.7850162],[-87.604714,41.7849835],[-87.6047103,41.784907],[-87.6047002,41.7843384],[-87.6049613,41.784334],[-87.6050302,41.784334],[-87.6051478,41.784334],[-87.6051655,41.7843344],[-87.605168,41.7844438],[-87.6051734,41.7850381]]]}},{"type":"Feature","id":477223630,"properties":{"osmId":477223630,"category":"academic","addr:city":"Chicago","addr:housenumber":"6054","addr:postcode":"60637","addr:state":"IL","addr:street":"South Drexel Avenue","building":"university","building:levels":"4","name":"6054 South Drexel Avenue","roof:levels":"0","roof:shape":"flat","website":"https://maps.uchicago.edu/location/6054-south-drexel-avenue/","_wikiTried":true},"geometry":{"type":"Polygon","coordinates":[[[-87.6047453,41.7850767],[-87.6046362,41.7850795],[-87.6046387,41.7850447],[-87.6047138,41.7850428],[-87.6047133,41.7850162],[-87.604714,41.7849835],[-87.6047103,41.784907],[-87.6045597,41.78491],[-87.6045469,41.784231],[-87.604956,41.7842267],[-87.6049613,41.784334],[-87.6050302,41.784334],[-87.6051478,41.784334],[-87.6051482,41.7842753],[-87.6051945,41.7842732],[-87.6051929,41.7844452],[-87.605168,41.7844438],[-87.6051734,41.7850381],[-87.6047464,41.7850429],[-87.6047453,41.7850767]]]}},{"type":"Feature","id":505873479,"properties":{"osmId":505873479,"category":"academic","addr:city":"Chicago","addr:housenumber":"6300","addr:postcode":"60637","addr:state":"IL","addr:street":"South University Avenue","building":"school","building:levels":"3","name":"UChicago Woodlawn Charter School","_wikiTried":true},"geometry":{"type":"Polygon","coordinates":[[[-87.5987008,41.7803743],[-87.5984201,41.7803776],[-87.5983835,41.7803713],[-87.5983638,41.7803809],[-87.597952,41.780386],[-87.5979064,41.7803798],[-87.59777,41.7803909],[-87.5977611,41.7803725],[-87.5977135,41.7803676],[-87.5976927,41.7803654],[-87.5976941,41.7803623],[-87.5976623,41.7803635],[-87.5976636,41.7803756],[-87.5976495,41.7803896],[-87.5974228,41.7803893],[-87.5974201,41.7801903],[-87.5976494,41.7801914],[-87.5976525,41.7802594],[-87.5976866,41.7802582],[-87.5977063,41.7802549],[-87.5977681,41.7802446],[-87.5977704,41.7801903],[-87.5982837,41.780187],[-87.5983353,41.7801867],[-87.5983354,41.7800506],[-87.5986956,41.7800482],[-87.5987008,41.7803743]]]}},{"type":"Feature","id":545084805,"properties":{"osmId":545084805,"category":"academic","addr:city":"Chicago","addr:housenumber":"5815","addr:postcode":"60637","addr:state":"IL","addr:street":"South Kimbark Avenue","addr:street:name":"Kimbark","addr:street:prefix":"South","addr:street:type":"Avenue","building":"school","building:levels":"3","name":"Gordon Parks Arts Hall","name:etymology:wikidata":"Q365682","name:etymology:wikipedia":"en:Gordon Parks","roof:levels":"0","_wikiTried":true},"geometry":{"type":"Polygon","coordinates":[[[-87.5944089,41.7892963],[-87.5944054,41.78919],[-87.5943732,41.789162],[-87.5943692,41.78911],[-87.593586,41.7891183],[-87.5935807,41.789151],[-87.5935592,41.789172],[-87.5935659,41.789296],[-87.5936826,41.789296],[-87.5936826,41.789314],[-87.5937416,41.789313],[-87.5937424,41.7892933],[-87.5939033,41.7892924],[-87.5939025,41.789315],[-87.5939603,41.7893161],[-87.5939618,41.7892982],[-87.5940386,41.7892984],[-87.5940406,41.789312],[-87.5940836,41.789311],[-87.5940836,41.7893],[-87.5942445,41.7893],[-87.5942418,41.789311],[-87.5942874,41.78931],[-87.5942861,41.789296],[-87.5944089,41.7892963]]]}},{"type":"Feature","id":545084806,"properties":{"osmId":545084806,"category":"academic","addr:city":"Chicago","addr:postcode":"60637","addr:state":"IL","addr:street":"South Woodlawn Avenue","building":"university","name":"Saieh Hall Annex","_wikiTried":true},"geometry":{"type":"Polygon","coordinates":[[[-87.5971676,41.7900412],[-87.5971753,41.7903832],[-87.5969596,41.790388],[-87.5969567,41.7901487],[-87.5968318,41.7901512],[-87.5968323,41.7901692],[-87.5967807,41.7901699],[-87.5967788,41.7901217],[-87.5967663,41.7901101],[-87.5967899,41.7901099],[-87.5967907,41.7901237],[-87.5968331,41.790124],[-87.5969554,41.7901216],[-87.5969514,41.7899714],[-87.5971746,41.7899683],[-87.5971737,41.7899921],[-87.597203,41.7900052],[-87.5971676,41.7900412]]]}},{"type":"Feature","id":654817628,"properties":{"osmId":654817628,"category":"religious","building":"church"},"geometry":{"type":"Polygon","coordinates":[[[-87.5923883,41.7800254],[-87.5923916,41.7799589],[-87.5925105,41.7799622],[-87.5925072,41.7800287],[-87.5923883,41.7800254]]]}},{"type":"Feature","id":663674229,"properties":{"osmId":663674229,"category":"academic","building":"school"},"geometry":{"type":"Polygon","coordinates":[[[-87.5909996,41.7858248],[-87.5910514,41.7858354],[-87.5911054,41.7858305],[-87.5911396,41.7858204],[-87.5911697,41.7858109],[-87.5911934,41.7857962],[-87.5912186,41.7857731],[-87.5912357,41.7857462],[-87.5912335,41.7856947],[-87.591224,41.7856629],[-87.5912037,41.7856301],[-87.5911758,41.7856103],[-87.5911424,41.7855933],[-87.5911119,41.785584],[-87.591038,41.7855801],[-87.590975,41.7855969],[-87.5909302,41.785626],[-87.5909105,41.7856486],[-87.5908986,41.7856845],[-87.5909025,41.785722],[-87.5909165,41.7857433],[-87.5908916,41.7857495],[-87.5909177,41.7857844],[-87.5909504,41.7858103],[-87.5909704,41.7857986],[-87.5909967,41.7858143],[-87.5909996,41.7858248]]]}},{"type":"Feature","id":843220035,"properties":{"osmId":843220035,"category":"residential","addr:city":"Chicago","addr:housenumber":"1156","addr:postcode":"60637","addr:state":"IL","addr:street":"East 61st Street","building":"dormitory","building:levels":"16"},"geometry":{"type":"Polygon","coordinates":[[[-87.5975354,41.7848602],[-87.597535,41.7848393],[-87.5975097,41.7848399],[-87.5974752,41.7846785],[-87.5975149,41.7844734],[-87.5975277,41.784308],[-87.597675,41.7843072],[-87.5976779,41.7843914],[-87.5977207,41.7843915],[-87.5977294,41.7848584],[-87.5975354,41.7848602]]]}},{"type":"Feature","id":843220036,"properties":{"osmId":843220036,"category":"residential","addr:city":"Chicago","addr:housenumber":"1156","addr:postcode":"60637","addr:state":"IL","addr:street":"East 61st Street","building":"dormitory","layer":"1"},"geometry":{"type":"Polygon","coordinates":[[[-87.5965046,41.7848674],[-87.5965041,41.7848128],[-87.596494,41.7843117],[-87.5966936,41.7843094],[-87.5967021,41.7843542],[-87.5970719,41.7843472],[-87.5970301,41.7844245],[-87.5968276,41.7848666],[-87.5966972,41.7848675],[-87.5965046,41.7848674]]]}},{"type":"Feature","id":843220037,"properties":{"osmId":843220037,"category":"residential","addr:city":"Chicago","addr:housenumber":"1156","addr:postcode":"60637","addr:state":"IL","addr:street":"East 61st Street","building":"dormitory","building:levels":"7"},"geometry":{"type":"Polygon","coordinates":[[[-87.5965046,41.7848674],[-87.5966972,41.7848675],[-87.5968276,41.7848666],[-87.5970301,41.7844245],[-87.5970719,41.7843472],[-87.5970837,41.7843156],[-87.5975277,41.784308],[-87.5975149,41.7844734],[-87.5972943,41.7844747],[-87.5972349,41.784475],[-87.5972623,41.7845914],[-87.5972285,41.784654],[-87.5971812,41.7847416],[-87.5971038,41.784724],[-87.597083,41.7847829],[-87.5970766,41.7848009],[-87.5971232,41.7848107],[-87.5970363,41.7850757],[-87.596873,41.7850804],[-87.5968605,41.7851123],[-87.5968233,41.7851045],[-87.5967904,41.7850976],[-87.5967949,41.7850802],[-87.5965089,41.7850822],[-87.5965046,41.7848674]]]}},{"type":"Feature","id":852986303,"properties":{"osmId":852986303,"category":"residential","addr:city":"Chicago","addr:housenumber":"1156","addr:postcode":"60637","addr:state":"IL","addr:street":"East 61st Street","building":"dormitory","building:levels":"7"},"geometry":{"type":"Polygon","coordinates":[[[-87.5965041,41.7848128],[-87.596494,41.7843117],[-87.5966936,41.7843094],[-87.5967039,41.7848105],[-87.5965041,41.7848128]]]}},{"type":"Feature","id":1004041470,"properties":{"osmId":1004041470,"category":"academic","addr:city":"Chicago","addr:housenumber":"5602","addr:postcode":"60637","addr:state":"IL","addr:street":"South Maryland Avenue","building":"university","name":"High Bay Research Building","operator":"University of Chicago","source":"https://www.chicagoconstructionnews.com/9-615-million-permit-issued-for-uchicago-university-lab-building/","website":"https://facilities.uchicago.edu/construction/high_bay/","_wikiTried":true},"geometry":{"type":"Polygon","coordinates":[[[-87.6054935,41.7930666],[-87.6051159,41.7930697],[-87.6051039,41.7925978],[-87.605485,41.792593],[-87.6054935,41.7930666]]]}},{"type":"Feature","id":1054042388,"properties":{"osmId":1054042388,"category":"other","access":"customers","addr:city":"Chicago","addr:housenumber":"5835","addr:postcode":"60637","addr:state":"IL","addr:street":"South Cottage Grove Avenue","amenity":"parking","building":"parking","name":"Parking/Materials Management","operator":"University of Chicago Hospitals","operator:type":"university","parking":"multi-storey","university_of_chicago:building_id":"A73","university_of_chicago:business_unit_name":"BSD/UCH","_wikiTried":true},"geometry":{"type":"Polygon","coordinates":[[[-87.6058991,41.788613],[-87.6050766,41.7886201],[-87.6050609,41.7878272],[-87.605868,41.7878204],[-87.6058991,41.788613]]]}},{"type":"Feature","id":1054042714,"properties":{"osmId":1054042714,"category":"academic","addr:city":"Chicago","addr:housenumber":"900","addr:postcode":"60637","addr:state":"IL","addr:street":"East 57th Street","building":"university","name":"Knapp Research Center","university_of_chicago:building_id":"B52","university_of_chicago:business_unit_name":"BSD/UCH","_wikiTried":true},"geometry":{"type":"Polygon","coordinates":[[[-87.6030185,41.7919735],[-87.6025973,41.7919797],[-87.6026087,41.7924118],[-87.60303,41.7924056],[-87.6030185,41.7919735]]]}},{"type":"Feature","id":1112082353,"properties":{"osmId":1112082353,"category":"academic","addr:city":"Chicago","addr:postcode":"60637","addr:state":"IL","building":"university","name":"Greenhouse","university_of_chicago:building_id":"B49","university_of_chicago:business_unit_name":"BSD/UCH","_wikiTried":true},"geometry":{"type":"Polygon","coordinates":[[[-87.6030185,41.7919735],[-87.6025973,41.7919797],[-87.6025951,41.791894],[-87.6030151,41.7918896],[-87.6030185,41.7919735]]]}},{"type":"Feature","id":1122788886,"properties":{"osmId":1122788886,"category":"academic","building":"bridge","layer":"1"},"geometry":{"type":"Polygon","coordinates":[[[-87.5992711,41.7961944],[-87.5992715,41.7962452],[-87.5992421,41.7962453],[-87.5992418,41.7961945],[-87.5992711,41.7961944]]]}},{"type":"Feature","id":1122788887,"properties":{"osmId":1122788887,"category":"academic","building":"bridge","layer":"1"},"geometry":{"type":"Polygon","coordinates":[[[-87.5985462,41.7962525],[-87.598546,41.7962006],[-87.5985163,41.7962009],[-87.5985166,41.7962525],[-87.5985462,41.7962525]]]}},{"type":"Feature","id":1133910606,"properties":{"osmId":1133910606,"category":"other","addr:city":"Chicago","addr:housenumber":"6021","addr:postcode":"60637","addr:state":"IL","addr:street":"South Kimbark Avenue","amenity":"parking","building":"parking","fee":"yes","name":"Kimbark South Parking Garage","operator":"University of Chicago","operator:type":"university","parking":"multi-storey","source":"https://safety-security.uchicago.edu/news-alerts/2022-12-20-kimbark-south-parking-garage","website":"https://safety-security.uchicago.edu/transportation/driving-parking","_wikiTried":true},"geometry":{"type":"Polygon","coordinates":[[[-87.5942015,41.7850833],[-87.5941916,41.7843663],[-87.5943065,41.7843654],[-87.5946501,41.7843628],[-87.5946602,41.7850797],[-87.5946214,41.78508],[-87.5945038,41.7850811],[-87.5943906,41.7850818],[-87.5943736,41.7850819],[-87.5942015,41.7850833]]]}},{"type":"Feature","id":1254935929,"properties":{"osmId":1254935929,"category":"medical","addr:city":"Chicago","addr:housenumber":"840","addr:postcode":"60637","addr:state":"IL","addr:street":"East 59th Street","building":"hospital","building:levels":"1","name":"UChicago Student Wellness Center","university_of_chicago:building_id":"A96","university_of_chicago:business_unit_name":"UNIV","_wikiTried":true},"geometry":{"type":"Polygon","coordinates":[[[-87.6045407,41.7881533],[-87.604527,41.7881536],[-87.6045132,41.7881475],[-87.6044848,41.7881481],[-87.6044689,41.7881535],[-87.604469,41.7881608],[-87.6044233,41.7881615],[-87.6044166,41.7881545],[-87.6043915,41.7881548],[-87.6043844,41.7881615],[-87.604243,41.7881635],[-87.6042341,41.7881568],[-87.6042116,41.7881571],[-87.6042034,41.7881635],[-87.6041028,41.7881646],[-87.6041034,41.7881976],[-87.6040273,41.7881997],[-87.604025,41.7880685],[-87.6040049,41.7880686],[-87.6040043,41.7879571],[-87.6041813,41.7879546],[-87.604181,41.7879341],[-87.6042255,41.7879336],[-87.6042261,41.7879736],[-87.6043936,41.7879725],[-87.6043938,41.787978],[-87.6045386,41.7879759],[-87.6045407,41.7881533]]]}}]}