{"type":"FeatureCollection","features":[{"type":"Feature","id":26745607,"properties":{"osmId":26745607,"category":"academic","addr:city":"Madison","addr:housenumber":"1440","addr:postcode":"53711","addr:state":"WI","addr:street":"Monroe Street","building":"university","leisure":"stadium","name":"Camp Randall Stadium","operator":"University of Wisconsin","sport":"american_football","start_date":"1917-11-03","toilets:wheelchair":"yes","wheelchair":"limited","wikidata":"Q1029941","wikipedia":"en:Camp Randall Stadium"},"geometry":{"type":"Polygon","coordinates":[[[-89.4114828,43.0698047],[-89.4114805,43.0699202],[-89.4114809,43.0699371],[-89.4113948,43.0699355],[-89.4113945,43.0699845],[-89.4114811,43.069981],[-89.4114837,43.070021],[-89.4114865,43.0700762],[-89.4115072,43.0702029],[-89.4115338,43.0702987],[-89.411551,43.0703606],[-89.4115804,43.0704332],[-89.4114948,43.0704576],[-89.4115399,43.0705475],[-89.4116246,43.0705269],[-89.4116495,43.0705799],[-89.4116672,43.0706154],[-89.4117084,43.0706796],[-89.4117574,43.0707522],[-89.4118251,43.0708298],[-89.4119018,43.0708932],[-89.411937,43.0709196],[-89.4119973,43.0709647],[-89.4120764,43.0710126],[-89.4121745,43.0710678],[-89.4122242,43.0710904],[-89.4123248,43.0711274],[-89.4124306,43.0711508],[-89.4125341,43.0711659],[-89.4126155,43.071171],[-89.4127156,43.0711723],[-89.4128075,43.0711675],[-89.4129068,43.0711547],[-89.4129967,43.0711387],[-89.4130991,43.0711123],[-89.4131848,43.0710826],[-89.4132686,43.0710479],[-89.4132645,43.0710426],[-89.4133162,43.0710137],[-89.4133325,43.0710057],[-89.4132474,43.0709184],[-89.4133092,43.0708795],[-89.4133691,43.0708391],[-89.4134747,43.070908],[-89.4134915,43.0708981],[-89.4135104,43.0709142],[-89.413591,43.0708461],[-89.4136506,43.070772],[-89.4137173,43.0706804],[-89.4137541,43.0706141],[-89.4137259,43.0705988],[-89.4137577,43.0705403],[-89.4137836,43.0704763],[-89.4138102,43.0704194],[-89.4138179,43.0704031],[-89.4138314,43.0703745],[-89.4138207,43.070371],[-89.4137896,43.0703607],[-89.4138168,43.0702773],[-89.4137774,43.0702689],[-89.4137965,43.0701982],[-89.4138114,43.0701096],[-89.4138164,43.07003],[-89.4138184,43.0699404],[-89.4138163,43.0698503],[-89.4138105,43.0697685],[-89.4137947,43.0696845],[-89.4137762,43.0696094],[-89.4138093,43.0696041],[-89.4137972,43.0695609],[-89.4137807,43.0695218],[-89.4138184,43.0695144],[-89.4138182,43.0694957],[-89.413802,43.0694535],[-89.413772,43.0693843],[-89.4137385,43.069318],[-89.4137736,43.0693072],[-89.4136287,43.0690806],[-89.4135807,43.0690968],[-89.4135568,43.0690636],[-89.4133095,43.0691538],[-89.4132805,43.0691236],[-89.4133258,43.0690863],[-89.4133771,43.0690456],[-89.41334,43.0690234],[-89.4133276,43.069016],[-89.413285,43.0689932],[-89.4132643,43.0689845],[-89.4132332,43.0689715],[-89.4131719,43.0689514],[-89.4131075,43.0689369],[-89.4130823,43.0689741],[-89.4130648,43.0689645],[-89.4123238,43.0689543],[-89.4123311,43.0689858],[-89.4122798,43.0689952],[-89.4122354,43.0690059],[-89.4121889,43.0690192],[-89.4121433,43.0690375],[-89.4120985,43.0690589],[-89.4120637,43.0690781],[-89.4120299,43.069104],[-89.4119929,43.0691344],[-89.4119545,43.0691748],[-89.4119383,43.0692007],[-89.4117842,43.0691439],[-89.4117509,43.0691325],[-89.4117474,43.0691379],[-89.4116647,43.0691159],[-89.4116121,43.0691973],[-89.4116822,43.0692197],[-89.411666,43.0692571],[-89.4116394,43.069316],[-89.4116147,43.0693686],[-89.4115925,43.0694171],[-89.4115767,43.0694512],[-89.411548,43.0695427],[-89.4114645,43.0695309],[-89.411441,43.0696184],[-89.4115011,43.0696293],[-89.4114888,43.0697139],[-89.4114828,43.0698047]]]}},{"type":"Feature","id":37256547,"properties":{"osmId":37256547,"category":"academic","addr:city":"Madison","addr:country":"US","addr:housenumber":"610","addr:state":"WI","addr:street":"Walnut Street","alt_name":"WARF Office Building","building":"university","building:levels":"14","height":"55","name":"Wisconsin Alumni Research Foundation Office Building","operator":"UW-Madison","start_date":"1971"},"geometry":{"type":"Polygon","coordinates":[[[-89.4262417,43.0764111],[-89.4262341,43.0764113],[-89.4262344,43.0764173],[-89.4262296,43.0764167],[-89.42623,43.076426],[-89.4262073,43.0764418],[-89.4261968,43.0764419],[-89.4261935,43.0764458],[-89.4261937,43.0764535],[-89.4261059,43.0764514],[-89.4257782,43.076205],[-89.4257778,43.0761962],[-89.4257648,43.0761962],[-89.4257645,43.076131],[-89.4257748,43.0761307],[-89.4257781,43.0761287],[-89.4257779,43.0761219],[-89.4258014,43.0761051],[-89.4258134,43.0761053],[-89.4258223,43.0761028],[-89.4258221,43.0760975],[-89.4259602,43.0760987],[-89.4260301,43.076099],[-89.4260663,43.0760991],[-89.4262084,43.0760996],[-89.4262449,43.0761277],[-89.4262417,43.0764111]]]}},{"type":"Feature","id":37257115,"properties":{"osmId":37257115,"category":"academic","addr:city":"Madison","addr:country":"US","addr:housenumber":"215","addr:state":"WI","addr:street":"North Randall Avenue","building":"university","building:levels":"4","building:levels:underground":"0","ele":"265","gnis:feature_id":"1842752","name":"Wendt Commons","official_name":"Kurt Frank Wendt Commons","roof:levels":"1","smoking":"no"},"geometry":{"type":"Polygon","coordinates":[[[-89.4088453,43.0717067],[-89.4087549,43.0717053],[-89.408702,43.0717045],[-89.4085937,43.0717018],[-89.4084139,43.0715594],[-89.4084172,43.0714594],[-89.4084208,43.0713528],[-89.4085808,43.0712344],[-89.4088351,43.0712375],[-89.4088359,43.0712587],[-89.408855,43.0712591],[-89.4088542,43.0712966],[-89.4088472,43.0716704],[-89.4088453,43.0717067]]]}},{"type":"Feature","id":37516017,"properties":{"osmId":37516017,"category":"academic","addr:city":"Madison","addr:housenumber":"1675","addr:state":"WI","addr:street":"Linden Drive","building":"university","building:colour":"tan","building:levels":"2","name":"Stock Pavilion","roof:colour":"darkgreen","roof:levels":"2","roof:shape":"gabled","wikidata":"Q54952977","wikipedia":"en:Stock Pavilion"},"geometry":{"type":"Polygon","coordinates":[[[-89.4147438,43.0749847],[-89.4147448,43.0746642],[-89.4151077,43.0746649],[-89.4151078,43.0746528],[-89.4151772,43.0746529],[-89.4151772,43.074665],[-89.4155559,43.0746656],[-89.4155548,43.0749891],[-89.4153151,43.0749887],[-89.4153149,43.0750386],[-89.4151889,43.0750384],[-89.4151889,43.0750308],[-89.4151432,43.0750307],[-89.4150834,43.0750306],[-89.4150834,43.0750377],[-89.4149733,43.0750375],[-89.4149734,43.0749851],[-89.4147438,43.0749847]]]}},{"type":"Feature","id":37516020,"properties":{"osmId":37516020,"category":"academic","addr:city":"Madison","addr:state":"WI","addr:street":"Linden Drive","building":"university","name":"Russell Laboratories"},"geometry":{"type":"Polygon","coordinates":[[[-89.4142826,43.0754976],[-89.4142828,43.075469],[-89.4141969,43.0754686],[-89.4141978,43.0753607],[-89.4139499,43.0753596],[-89.4139498,43.0753681],[-89.4139294,43.075368],[-89.4139035,43.0753678],[-89.4139037,43.0753434],[-89.4133711,43.075341],[-89.4133702,43.0754474],[-89.4132323,43.0754468],[-89.4132327,43.0753967],[-89.4130037,43.0753957],[-89.4130021,43.0755781],[-89.4132303,43.0755792],[-89.4132305,43.0755609],[-89.413265,43.0755611],[-89.4132636,43.0757168],[-89.4135102,43.075718],[-89.4135116,43.075551],[-89.4134535,43.0755507],[-89.4134537,43.0755235],[-89.4134635,43.0755235],[-89.4134641,43.0754607],[-89.4136984,43.0754618],[-89.4136975,43.0755754],[-89.4138655,43.0755762],[-89.4139038,43.0755764],[-89.4139043,43.0755168],[-89.4139467,43.075517],[-89.4139466,43.075529],[-89.4141968,43.0755301],[-89.4141971,43.0754972],[-89.4142826,43.0754976]]]}},{"type":"Feature","id":37516023,"properties":{"osmId":37516023,"category":"academic","addr:city":"Madison","addr:housenumber":"433","addr:state":"WI","addr:street":"Babcock Drive","building":"university","name":"DeLuca Biochemistry Laboratories"},"geometry":{"type":"Polygon","coordinates":[[[-89.4123124,43.0743887],[-89.4124193,43.0743882],[-89.4124181,43.0743692],[-89.412498,43.0743699],[-89.4124988,43.0741089],[-89.4124411,43.0741083],[-89.4123379,43.0740751],[-89.4123541,43.0740464],[-89.4117552,43.0738631],[-89.4117369,43.0738871],[-89.4116599,43.073859],[-89.4115648,43.0738586],[-89.4115648,43.0739082],[-89.4115515,43.073908],[-89.4115519,43.0739596],[-89.4115484,43.0741659],[-89.4115613,43.0741659],[-89.4115635,43.0741953],[-89.411651,43.0741955],[-89.4116775,43.0741964],[-89.4115549,43.0744003],[-89.4120756,43.0744029],[-89.4121324,43.0744184],[-89.4121741,43.0743447],[-89.4123124,43.0743887]]]}},{"type":"Feature","id":37550631,"properties":{"osmId":37550631,"category":"residential","addr:city":"Madison","addr:country":"US","addr:housenumber":"655","addr:state":"WI","addr:street":"Elm Drive","building":"dormitory","name":"Jones House","operator":"UW-Madison"},"geometry":{"type":"Polygon","coordinates":[[[-89.4157668,43.0781679],[-89.4157668,43.0778631],[-89.4156338,43.0778631],[-89.4156338,43.0781679],[-89.4157668,43.0781679]]]}},{"type":"Feature","id":37550632,"properties":{"osmId":37550632,"category":"residential","addr:city":"Madison","addr:country":"US","addr:housenumber":"635","addr:state":"WI","addr:street":"Elm Drive","building":"dormitory","name":"Sullivan Hall","operator":"UW-Madison"},"geometry":{"type":"Polygon","coordinates":[[[-89.4151414,43.0777162],[-89.4151414,43.0776731],[-89.4151192,43.0776731],[-89.4151192,43.0776626],[-89.4151191,43.0776084],[-89.4155846,43.0776082],[-89.4155844,43.0773778],[-89.4156416,43.0773778],[-89.4156416,43.0773618],[-89.4157265,43.0773617],[-89.4157267,43.0776239],[-89.4157512,43.0776239],[-89.4157513,43.0776799],[-89.4157168,43.0776799],[-89.4157169,43.0777236],[-89.4155123,43.0777236],[-89.4155122,43.077716],[-89.4151414,43.0777162]]]}},{"type":"Feature","id":37550804,"properties":{"osmId":37550804,"category":"academic","addr:city":"Madison","addr:housenumber":"540","addr:state":"WI","addr:street":"Elm Drive","building":"university","name":"Agricultural Engineering Laboratory"},"geometry":{"type":"Polygon","coordinates":[[[-89.4160881,43.0762135],[-89.4160889,43.0759179],[-89.4164176,43.0759183],[-89.4164174,43.0759949],[-89.4165432,43.0759951],[-89.416543,43.0760549],[-89.4172329,43.076056],[-89.4172322,43.0762784],[-89.4165513,43.0762773],[-89.4165514,43.0762474],[-89.4165182,43.0762473],[-89.4164958,43.0762473],[-89.4164957,43.0763079],[-89.4162829,43.0763076],[-89.4162831,43.0762138],[-89.4160881,43.0762135]]]}},{"type":"Feature","id":37550805,"properties":{"osmId":37550805,"category":"academic","addr:city":"Madison","addr:housenumber":"1675","addr:state":"WI","addr:street":"Observatory Drive","building":"university","building:colour":"indianred","name":"Animal Science Building","roof:colour":"tan","roof:shape":"flat"},"geometry":{"type":"Polygon","coordinates":[[[-89.4155563,43.0762551],[-89.4155559,43.076282],[-89.4156883,43.0762831],[-89.4156893,43.0762165],[-89.4157084,43.0762166],[-89.4157102,43.076097],[-89.415687,43.0760968],[-89.4156917,43.0758003],[-89.4155567,43.0757992],[-89.4155572,43.0757692],[-89.4154136,43.075768],[-89.4154095,43.0760286],[-89.4152188,43.0760271],[-89.4152183,43.0760659],[-89.415162,43.0760654],[-89.4151625,43.0760318],[-89.4151091,43.0760314],[-89.4151093,43.0760174],[-89.4149812,43.0760163],[-89.414981,43.0760302],[-89.4147631,43.0760284],[-89.4147607,43.0761791],[-89.4147438,43.076179],[-89.4147426,43.0762533],[-89.4147597,43.0762534],[-89.4147593,43.0762752],[-89.4149572,43.0762769],[-89.414957,43.0762902],[-89.4150813,43.0762913],[-89.4150815,43.0762779],[-89.415125,43.0762783],[-89.4151256,43.0762443],[-89.4151593,43.0762447],[-89.4152181,43.0762452],[-89.4152174,43.0762908],[-89.4154717,43.0762929],[-89.4154723,43.0762544],[-89.4155231,43.0762549],[-89.4155563,43.0762551]]]}},{"type":"Feature","id":37550807,"properties":{"osmId":37550807,"category":"academic","building":"university","name":"Hanson Biomedical Sciences Building"},"geometry":{"type":"Polygon","coordinates":[[[-89.4152712,43.0758177],[-89.4152721,43.0757392],[-89.4153045,43.0757394],[-89.4153051,43.0756844],[-89.4152679,43.0756842],[-89.4152683,43.0756506],[-89.4151045,43.0756496],[-89.414665,43.0756469],[-89.4146647,43.0756786],[-89.4146353,43.0756784],[-89.4146347,43.0757287],[-89.4146645,43.0757289],[-89.4146636,43.0758141],[-89.4152712,43.0758177]]]}},{"type":"Feature","id":37550815,"properties":{"osmId":37550815,"category":"academic","addr:city":"Madison","addr:housenumber":"550","addr:state":"WI","addr:street":"Babcock Drive","amenity":"library","building":"university","ele":"264","gnis:feature_id":"1842692","name":"Steenbock Memorial Library","source":"USGS Geonames","toilets:wheelchair":"yes","wheelchair":"yes"},"geometry":{"type":"Polygon","coordinates":[[[-89.4130881,43.076313],[-89.4130884,43.0762745],[-89.4130886,43.0762453],[-89.4130888,43.0762131],[-89.4130888,43.0762068],[-89.4130055,43.0762058],[-89.4130062,43.0761782],[-89.4130744,43.0761787],[-89.413089,43.0761788],[-89.4130892,43.0761489],[-89.4130896,43.0760928],[-89.413071,43.0760928],[-89.4130712,43.07605],[-89.4130899,43.0760501],[-89.4130904,43.0759805],[-89.4130903,43.0759579],[-89.4130909,43.0759038],[-89.4131539,43.0759041],[-89.4131824,43.0759043],[-89.413267,43.0759047],[-89.4133404,43.075905],[-89.4133603,43.0759051],[-89.4133806,43.0759052],[-89.413492,43.0759056],[-89.4135135,43.0759057],[-89.4135438,43.0759058],[-89.4136333,43.0759059],[-89.4136562,43.0759059],[-89.4136549,43.0761144],[-89.4136543,43.0761704],[-89.4136542,43.0761791],[-89.4136537,43.0762578],[-89.4136533,43.0763151],[-89.4136255,43.076315],[-89.4135384,43.0763147],[-89.4134636,43.0763144],[-89.4133115,43.0763138],[-89.4132737,43.0763137],[-89.4132372,43.0763136],[-89.4132049,43.0763134],[-89.4131723,43.0763133],[-89.4131356,43.0763132],[-89.4130881,43.076313]]]}},{"type":"Feature","id":37691885,"properties":{"osmId":37691885,"category":"academic","addr:city":"Madison","addr:housenumber":"1910","addr:state":"WI","addr:street":"Linden Drive","building":"university","name":"1910 Linden Dr."},"geometry":{"type":"Polygon","coordinates":[[[-89.4182458,43.0756555],[-89.4175904,43.075649],[-89.417588,43.0757814],[-89.4182434,43.0757879],[-89.4182458,43.0756555]]]}},{"type":"Feature","id":37691887,"properties":{"osmId":37691887,"category":"academic","addr:city":"Madison","addr:housenumber":"1925","addr:state":"WI","addr:street":"Observatory Drive","building":"university","name":"Poultry Research Laboratory"},"geometry":{"type":"Polygon","coordinates":[[[-89.4177546,43.0761629],[-89.4177593,43.0758757],[-89.4178921,43.0758768],[-89.4178874,43.0761635],[-89.4179366,43.0761639],[-89.4179413,43.075876],[-89.4180789,43.0758772],[-89.4180742,43.0761652],[-89.4181192,43.0761656],[-89.4181237,43.0758825],[-89.4182524,43.0758836],[-89.4182453,43.0763302],[-89.4179158,43.0763274],[-89.4175813,43.0763246],[-89.4175885,43.075874],[-89.4177036,43.0758749],[-89.4176989,43.0761624],[-89.4177546,43.0761629]]]}},{"type":"Feature","id":37691896,"properties":{"osmId":37691896,"category":"academic","addr:city":"Madison","addr:housenumber":"2115","addr:state":"WI","addr:street":"Observatory Drive","building":"university","name":"Biotron Laboratory"},"geometry":{"type":"Polygon","coordinates":[[[-89.4221006,43.0761822],[-89.4221056,43.075765],[-89.4228931,43.07577],[-89.4228882,43.0761872],[-89.4226362,43.0761856],[-89.4226355,43.0762442],[-89.4224311,43.0762429],[-89.4224318,43.0761843],[-89.4221006,43.0761822]]]}},{"type":"Feature","id":37722267,"properties":{"osmId":37722267,"category":"academic","addr:city":"Madison","addr:housenumber":"1810","addr:state":"WI","addr:street":"Linden Drive","building":"university","name":"Livestock Laboratory"},"geometry":{"type":"Polygon","coordinates":[[[-89.4163748,43.0758038],[-89.4163767,43.075614],[-89.4173343,43.075619],[-89.417332,43.0758437],[-89.4172295,43.0758431],[-89.4172287,43.075919],[-89.4166516,43.0759159],[-89.4166524,43.0758369],[-89.4165272,43.0758362],[-89.4165275,43.0758046],[-89.4163748,43.0758038]]]}},{"type":"Feature","id":37723611,"properties":{"osmId":37723611,"category":"academic","addr:city":"Madison","addr:country":"US","addr:housenumber":"550","addr:state":"WI","addr:street":"North Park Street","building":"university","building:colour":"darkred","building:material":"brick","name":"Science Hall","roof:angle":"45","roof:colour":"grey","roof:levels":"1","roof:material":"slate","roof:shape":"hipped","wikidata":"Q7896635","wikipedia":"en:University of Wisconsin Science Hall"},"geometry":{"type":"Polygon","coordinates":[[[-89.4009751,43.0757204],[-89.4009718,43.0757998],[-89.40092,43.0757991],[-89.4009189,43.0758359],[-89.4009187,43.0758462],[-89.4009184,43.0758695],[-89.4009179,43.0758903],[-89.4009177,43.0759],[-89.4009165,43.0759346],[-89.4009676,43.0759353],[-89.4009649,43.0760169],[-89.4009038,43.0760171],[-89.4009035,43.0760728],[-89.4009029,43.0760824],[-89.4009025,43.0760928],[-89.4009,43.0761501],[-89.4013846,43.0761558],[-89.4013869,43.0760426],[-89.4013878,43.0760217],[-89.4013875,43.0760123],[-89.4013849,43.076006],[-89.4013792,43.0760009],[-89.4013732,43.075997],[-89.4013634,43.0759945],[-89.401353,43.0759943],[-89.4013441,43.0759954],[-89.4013348,43.0759997],[-89.4013289,43.0760065],[-89.4013269,43.0760137],[-89.4013262,43.0760227],[-89.4011161,43.0760213],[-89.4011168,43.0759541],[-89.40118,43.0759551],[-89.4012024,43.0759401],[-89.401203,43.075906],[-89.401204,43.075865],[-89.4012049,43.0758303],[-89.4012051,43.0758073],[-89.401183,43.0757894],[-89.4011145,43.075788],[-89.4011183,43.075725],[-89.4012993,43.0757256],[-89.4013347,43.0757256],[-89.4013347,43.0757359],[-89.4013369,43.0757417],[-89.4013405,43.0757464],[-89.401344,43.0757497],[-89.4013484,43.0757524],[-89.4013535,43.0757545],[-89.4013612,43.0757561],[-89.4013695,43.075756],[-89.4013747,43.0757551],[-89.4013797,43.0757534],[-89.401384,43.0757512],[-89.4013877,43.0757485],[-89.4013914,43.0757438],[-89.4013939,43.0757398],[-89.4013956,43.0757343],[-89.4013957,43.0757261],[-89.4013977,43.0755896],[-89.4009155,43.0755866],[-89.4009124,43.0757203],[-89.4009751,43.0757204]]]}},{"type":"Feature","id":37723613,"properties":{"osmId":37723613,"category":"academic","addr:city":"Madison","addr:country":"US","addr:housenumber":"975","addr:state":"WI","addr:street":"Observatory Drive","building":"university","building:levels":"1","name":"Radio Hall","roof:levels":"1"},"geometry":{"type":"Polygon","coordinates":[[[-89.4017509,43.075796],[-89.4015161,43.075793],[-89.4015079,43.0761552],[-89.4015523,43.0761558],[-89.4015519,43.0761752],[-89.4015517,43.0761807],[-89.401562,43.0761808],[-89.4016467,43.0761818],[-89.4016468,43.0761789],[-89.401648,43.0761572],[-89.4017128,43.0761578],[-89.4017574,43.0761587],[-89.4017585,43.0761319],[-89.4018192,43.0761197],[-89.4017589,43.0758774],[-89.4017712,43.0758757],[-89.4017662,43.0758524],[-89.4017509,43.075796]]]}},{"type":"Feature","id":37727228,"properties":{"osmId":37727228,"category":"academic","addr:city":"Madison","addr:country":"US","addr:housenumber":"1220","addr:state":"WI","addr:street":"Linden Drive","building":"university","building:colour":"tan","building:levels":"19","height":"74","name":"Van Hise Hall","operator":"UW-Madison","roof:shape":"flat"},"geometry":{"type":"Polygon","coordinates":[[[-89.4068564,43.075281],[-89.4068544,43.0754355],[-89.4068825,43.0754357],[-89.4068813,43.0755318],[-89.40738,43.0755353],[-89.4073774,43.0757418],[-89.4068,43.0757378],[-89.406798,43.0758627],[-89.4067735,43.0758625],[-89.4067732,43.0758807],[-89.4066196,43.0758794],[-89.4066199,43.0758612],[-89.4065876,43.0758609],[-89.4065879,43.0758426],[-89.4065633,43.0758425],[-89.4065654,43.0756858],[-89.4064081,43.0756867],[-89.4064006,43.0755842],[-89.4064018,43.0755677],[-89.4064027,43.0753466],[-89.4064029,43.0753151],[-89.4064031,43.0752997],[-89.4064102,43.0752993],[-89.4064381,43.0752994],[-89.4064897,43.0752989],[-89.4065129,43.0752991],[-89.4066479,43.0753002],[-89.4066715,43.0753003],[-89.4067379,43.0753011],[-89.4067382,43.0752804],[-89.4067466,43.0752805],[-89.4068564,43.075281]]]}},{"type":"Feature","id":37749296,"properties":{"osmId":37749296,"category":"academic","addr:city":"Madison","addr:country":"US","addr:housenumber":"1180","addr:state":"WI","addr:street":"Observatory Drive","building":"university","building:levels":"8","name":"William H. Sewell Social Sciences Building","website":"https://ssc.wisc.edu/"},"geometry":{"type":"Polygon","coordinates":[[[-89.4051607,43.0764467],[-89.4046783,43.0763907],[-89.4047147,43.0762235],[-89.4048388,43.0762379],[-89.4052451,43.0762851],[-89.4053323,43.0762952],[-89.4053697,43.0761235],[-89.4057182,43.076164],[-89.4056772,43.0763524],[-89.4055436,43.0763373],[-89.4055371,43.0763732],[-89.4055367,43.0763871],[-89.405543,43.0763877],[-89.4055421,43.0764098],[-89.4055661,43.0764118],[-89.4055646,43.0764263],[-89.4055629,43.0764383],[-89.4056766,43.076452],[-89.4056502,43.0766041],[-89.4053365,43.0765693],[-89.4053064,43.0767068],[-89.4052956,43.0767046],[-89.4052793,43.0767786],[-89.4053647,43.0767878],[-89.4053661,43.0767815],[-89.4054153,43.0767873],[-89.4054088,43.076817],[-89.4054443,43.0768211],[-89.4054255,43.0769075],[-89.4053956,43.0770447],[-89.4050186,43.0770009],[-89.4050247,43.0769732],[-89.4049535,43.0769649],[-89.404996,43.0767697],[-89.4051372,43.0767861],[-89.40516,43.0766812],[-89.4051109,43.0766755],[-89.4051607,43.0764467]]]}},{"type":"Feature","id":37749299,"properties":{"osmId":37749299,"category":"academic","addr:city":"Madison","addr:housenumber":"660","addr:state":"WI","addr:street":"North Park Street","building":"university","name":"Water Science & Engineering Laboratory"},"geometry":{"type":"Polygon","coordinates":[[[-89.4023033,43.0770522],[-89.4022902,43.0771948],[-89.4014309,43.0771526],[-89.4014382,43.0770841],[-89.401444,43.07701],[-89.4019216,43.0770334],[-89.4019232,43.0770163],[-89.4020139,43.0770207],[-89.4020123,43.0770379],[-89.4023033,43.0770522]]]}},{"type":"Feature","id":37749300,"properties":{"osmId":37749300,"category":"academic","addr:city":"Madison","addr:country":"US","addr:housenumber":"600","addr:state":"WI","addr:street":"North Park Street","building":"university","building:colour":"tan","building:levels":"7","ele":"269","gnis:feature_id":"1842452","name":"Helen C. White Hall","roof:colour":"tan","roof:shape":"flat"},"geometry":{"type":"Polygon","coordinates":[[[-89.4008541,43.0763553],[-89.4008532,43.0764433],[-89.4009053,43.0764444],[-89.4009041,43.0764813],[-89.4008299,43.0764806],[-89.4007717,43.0764792],[-89.4007686,43.0765849],[-89.4007679,43.0766277],[-89.4007631,43.0767194],[-89.4007617,43.0767502],[-89.400762,43.0767748],[-89.4007618,43.076794],[-89.4007612,43.0768983],[-89.4008204,43.0768997],[-89.4008912,43.0769002],[-89.4008908,43.0769388],[-89.4017988,43.0769513],[-89.4018001,43.0769189],[-89.4018529,43.0769191],[-89.4018567,43.0768029],[-89.4018734,43.0768032],[-89.4018744,43.0767716],[-89.4018577,43.0767714],[-89.4018646,43.0765557],[-89.4018824,43.0765561],[-89.4018834,43.0765262],[-89.4018656,43.0765259],[-89.4018692,43.0764142],[-89.4018145,43.0764138],[-89.4018143,43.0763834],[-89.4014774,43.0763774],[-89.4014665,43.0763774],[-89.4014659,43.0764088],[-89.4014074,43.0764075],[-89.4014073,43.0764833],[-89.4014079,43.076651],[-89.401282,43.0766469],[-89.4011305,43.0766488],[-89.4011308,43.0765701],[-89.400863,43.0763622],[-89.4008541,43.0763553]]]}},{"type":"Feature","id":37749302,"properties":{"osmId":37749302,"category":"academic","addr:city":"Madison","addr:housenumber":"680","addr:state":"WI","addr:street":"North Park Street","building":"university","name":"Arthur D. Hasler Laboratory of Limnology"},"geometry":{"type":"Polygon","coordinates":[[[-89.4027822,43.0771385],[-89.4027739,43.0772077],[-89.402762,43.0773064],[-89.4027585,43.0773327],[-89.4031545,43.0773533],[-89.4031559,43.0773251],[-89.4031755,43.0771608],[-89.4030676,43.0771546],[-89.4027822,43.0771385]]]}},{"type":"Feature","id":37751417,"properties":{"osmId":37751417,"category":"academic","addr:city":"Madison","addr:country":"US","addr:housenumber":"1401","addr:state":"WI","addr:street":"Observatory Drive","building":"university","man_made":"observatory","name":"Washburn Observatory","name:en":"Washburn Observatory","operator":"UW-Madison","tourism":"attraction","wikidata":"Q7971453","wikipedia":"en:Washburn Observatory"},"geometry":{"type":"Polygon","coordinates":[[[-89.4091027,43.0761139],[-89.4091028,43.0761067],[-89.4090395,43.0761063],[-89.4090115,43.0761061],[-89.4089737,43.0761059],[-89.4089736,43.0761142],[-89.4088799,43.0761137],[-89.4088795,43.076143],[-89.4088206,43.0761427],[-89.4088207,43.076131],[-89.4087844,43.0761308],[-89.4087784,43.0761203],[-89.4087653,43.0761121],[-89.4087467,43.0761118],[-89.408733,43.0761198],[-89.4087303,43.0761305],[-89.4086957,43.0761303],[-89.4086955,43.0761458],[-89.4086941,43.0762752],[-89.4088192,43.0762759],[-89.4088202,43.0761788],[-89.408882,43.0761792],[-89.4088819,43.0761894],[-89.408973,43.0761899],[-89.4089781,43.0762055],[-89.408991,43.0762198],[-89.4090104,43.07623],[-89.4090368,43.0762344],[-89.4090638,43.076229],[-89.4090846,43.0762182],[-89.4090994,43.076205],[-89.4091068,43.0761874],[-89.4092032,43.076188],[-89.409204,43.0761145],[-89.4091027,43.0761139]]]}},{"type":"Feature","id":37751511,"properties":{"osmId":37751511,"category":"residential","addr:city":"Madison","addr:housenumber":"1200","addr:postcode":"53706","addr:state":"WI","addr:street":"Observatory Drive","alt_name":"Liz Waters","building":"dormitory","building:levels":"4","name":"Waters Residence Hall","old_name":"Elizabeth Waters Residence Hall","operator":"UW-Madison","smoking":"outside","website":"https://www.housing.wisc.edu/residence-halls/halls/waters/"},"geometry":{"type":"Polygon","coordinates":[[[-89.4073213,43.076743],[-89.4073068,43.0768669],[-89.4073002,43.0768665],[-89.4072991,43.0768762],[-89.4072955,43.0769071],[-89.4076101,43.0769267],[-89.4075983,43.0770279],[-89.4076284,43.0770297],[-89.4076382,43.0770381],[-89.4076424,43.0770459],[-89.4076383,43.0770803],[-89.407637,43.0770913],[-89.407973,43.0771126],[-89.4079694,43.0771426],[-89.4080042,43.0771448],[-89.4079965,43.0772094],[-89.4079631,43.0772073],[-89.4079599,43.0772337],[-89.407546,43.0772077],[-89.4075575,43.0771099],[-89.4075592,43.0770962],[-89.4075337,43.0770946],[-89.4075344,43.0770883],[-89.4075391,43.0770479],[-89.407188,43.0770261],[-89.4071818,43.0770257],[-89.4071948,43.0769137],[-89.4070256,43.0769032],[-89.4070238,43.0769186],[-89.406874,43.0769094],[-89.4068758,43.076894],[-89.4067082,43.076884],[-89.4066963,43.0769899],[-89.4066909,43.0769896],[-89.4063353,43.0769684],[-89.40633,43.0770157],[-89.4063118,43.0770147],[-89.40631,43.0770303],[-89.406299,43.0771303],[-89.4058779,43.0771055],[-89.405881,43.0770767],[-89.4058453,43.0770746],[-89.4058528,43.0770065],[-89.4058902,43.0770087],[-89.4058928,43.0769855],[-89.4058949,43.076982],[-89.4059005,43.0769808],[-89.4059508,43.0769836],[-89.4059504,43.0769868],[-89.406231,43.0770026],[-89.4062362,43.0769531],[-89.4062507,43.0769423],[-89.4062619,43.0769399],[-89.4062814,43.0769412],[-89.4062933,43.0768435],[-89.40661,43.076864],[-89.4066124,43.0768443],[-89.4066149,43.0768235],[-89.40661,43.0768232],[-89.4066244,43.0767015],[-89.4068758,43.0767174],[-89.4068947,43.0767186],[-89.4068962,43.0767057],[-89.4069766,43.0767107],[-89.4070494,43.0767153],[-89.4070482,43.076726],[-89.4073213,43.076743]]]}},{"type":"Feature","id":37751913,"properties":{"osmId":37751913,"category":"academic","addr:city":"Madison","addr:country":"US","addr:housenumber":"1050","addr:state":"WI","addr:street":"Bascom Mall","building":"university","building:colour":"tan","building:levels":"4","name":"North Hall","roof:levels":"0","roof:shape":"hipped","wikidata":"Q7055524","wikipedia":"en:North Hall (University of Wisconsin)"},"geometry":{"type":"Polygon","coordinates":[[[-89.403054,43.0755497],[-89.4030387,43.0755473],[-89.4029024,43.0755335],[-89.4028891,43.0755322],[-89.4028309,43.07584],[-89.4029901,43.075856],[-89.403054,43.0755497]]]}},{"type":"Feature","id":37751914,"properties":{"osmId":37751914,"category":"academic","addr:city":"Madison","addr:housenumber":"1000","addr:state":"WI","addr:street":"Bascom Mall","building":"university","building:levels":"4","name":"Education Building","roof:levels":"1"},"geometry":{"type":"Polygon","coordinates":[[[-89.4026275,43.07555],[-89.4026239,43.07574],[-89.4026072,43.0757398],[-89.4026037,43.0759285],[-89.4024796,43.0759273],[-89.4024204,43.0759267],[-89.4024206,43.0759141],[-89.4023609,43.0759135],[-89.4022902,43.0759127],[-89.4022055,43.0759119],[-89.402158,43.0759114],[-89.4021562,43.0760055],[-89.4020353,43.076004],[-89.401973,43.0760034],[-89.4019775,43.075768],[-89.4019779,43.0757519],[-89.4019783,43.0757271],[-89.4019647,43.0757269],[-89.4019681,43.0755433],[-89.4021675,43.0755452],[-89.4021672,43.0755607],[-89.402249,43.0755616],[-89.4023109,43.0755622],[-89.4023605,43.0755627],[-89.4024295,43.0755634],[-89.4024298,43.075548],[-89.4026275,43.07555]]]}},{"type":"Feature","id":37804098,"properties":{"osmId":37804098,"category":"academic","addr:city":"Madison","addr:country":"US","addr:housenumber":"716","addr:state":"WI","addr:street":"Langdon Street","alt_name":"Red Gym","building":"university","building:colour":"darkred","building:levels":"6","building:material":"brick","name":"Armory and Gymnasium","roof:angle":"30","roof:colour":"grey","roof:shape":"gabled","wikidata":"Q7896625","wikipedia":"en:University of Wisconsin Armory and Gymnasium"},"geometry":{"type":"Polygon","coordinates":[[[-89.3982207,43.0765601],[-89.398225,43.076549],[-89.3982382,43.0765359],[-89.3982501,43.0765313],[-89.3982503,43.0765228],[-89.3982505,43.0765117],[-89.3982564,43.0761843],[-89.3982575,43.0761244],[-89.3982467,43.0761179],[-89.3982379,43.0761095],[-89.3982331,43.0761002],[-89.3982318,43.0760881],[-89.3982308,43.0760755],[-89.3982388,43.0760669],[-89.3982485,43.0760577],[-89.3982589,43.0760512],[-89.398273,43.0760478],[-89.3983278,43.0760474],[-89.3983385,43.0760511],[-89.3984568,43.0760515],[-89.3985561,43.076053],[-89.3985629,43.0760513],[-89.3985705,43.0760515],[-89.3986029,43.0760531],[-89.3986196,43.0760551],[-89.3986337,43.0760631],[-89.3986434,43.0760719],[-89.3986507,43.0760823],[-89.3986519,43.076094],[-89.398649,43.0761051],[-89.3986422,43.0761154],[-89.3986295,43.0761239],[-89.3986245,43.0761265],[-89.3986215,43.0762786],[-89.398621,43.0763022],[-89.3986774,43.0763029],[-89.3986827,43.076296],[-89.398692,43.0762922],[-89.398705,43.0762916],[-89.398715,43.0762946],[-89.3987238,43.0763018],[-89.3987255,43.0763085],[-89.3987247,43.0763164],[-89.3987199,43.0763241],[-89.3987129,43.0763287],[-89.3987076,43.0763311],[-89.3987066,43.0763989],[-89.3987105,43.0764016],[-89.3987172,43.0764063],[-89.3987235,43.0764137],[-89.3987229,43.0764217],[-89.3987195,43.0764299],[-89.3987141,43.0764339],[-89.3987022,43.0764381],[-89.3986915,43.0764386],[-89.3986815,43.076435],[-89.398674,43.0764291],[-89.3986721,43.0764257],[-89.3986628,43.0764259],[-89.3986177,43.0764265],[-89.398614,43.0765385],[-89.3986303,43.0765469],[-89.3986389,43.0765615],[-89.3986367,43.0765757],[-89.3986286,43.0765845],[-89.3986109,43.0765928],[-89.3985952,43.0765947],[-89.3985792,43.0765924],[-89.3985661,43.0765853],[-89.3985611,43.0765774],[-89.3985531,43.0765772],[-89.3985499,43.0765822],[-89.3985446,43.0765857],[-89.3985366,43.0765874],[-89.3985284,43.0765856],[-89.398523,43.0765817],[-89.3985212,43.0765766],[-89.398444,43.0765751],[-89.398442,43.0765799],[-89.3984369,43.0765831],[-89.3984282,43.0765848],[-89.3984207,43.0765834],[-89.3984149,43.0765797],[-89.3984124,43.0765744],[-89.3983398,43.076573],[-89.3983368,43.076578],[-89.3983308,43.0765819],[-89.3983221,43.0765834],[-89.3983137,43.0765816],[-89.3983085,43.0765775],[-89.3983067,43.0765723],[-89.3982994,43.0765722],[-89.3982921,43.0765799],[-89.3982794,43.0765862],[-89.398264,43.0765894],[-89.3982497,43.0765871],[-89.3982369,43.0765829],[-89.3982286,43.0765764],[-89.3982254,43.0765686],[-89.3982207,43.0765601]]]}},{"type":"Feature","id":37804099,"properties":{"osmId":37804099,"category":"academic","addr:city":"Madison","addr:housenumber":"816","addr:state":"WI","addr:street":"State Street","amenity":"library","building":"university","building:levels":"4","name":"Wisconsin Historical Society","opening_hours":"May-Sep: Mo-Th 08:00-19:00; May-Sep: Fr,Sa 08:00-17:00; Sep-May: Mo-Th 08:00-21:00; Sep-May: Fr,Sa 08:00-17:00; PH closed","operator":"Wisconsin Historical Society","operator:type":"public","start_date":"1900","website":"https://www.wisconsinhistory.org","wikidata":"Q321717","wikipedia":"en:Wisconsin Historical Society"},"geometry":{"type":"Polygon","coordinates":[[[-89.3996507,43.0756935],[-89.3996563,43.0754479],[-89.3996571,43.0754008],[-89.3996579,43.0753547],[-89.3996631,43.0751097],[-89.3997097,43.0751102],[-89.3997784,43.075111],[-89.3997786,43.0751014],[-89.3998463,43.0751021],[-89.399864,43.0751023],[-89.3998965,43.0751027],[-89.3999531,43.0751034],[-89.3999529,43.0751135],[-89.4000624,43.0751147],[-89.400061,43.0751839],[-89.4002862,43.0751865],[-89.4002873,43.0751758],[-89.400442,43.0751777],[-89.4004873,43.0751783],[-89.4005028,43.0751785],[-89.4004992,43.0753261],[-89.4004831,43.0753259],[-89.4004811,43.0754096],[-89.4004788,43.0755025],[-89.4004959,43.0755027],[-89.4004922,43.0756532],[-89.400482,43.0756531],[-89.4002789,43.0756505],[-89.4002807,43.0756382],[-89.4000731,43.0756358],[-89.4000717,43.075701],[-89.3999563,43.0756997],[-89.3999561,43.0757073],[-89.3998755,43.0757064],[-89.399851,43.0757061],[-89.3998318,43.0757059],[-89.3997645,43.0757051],[-89.3997647,43.0756948],[-89.3996507,43.0756935]]]}},{"type":"Feature","id":37862319,"properties":{"osmId":37862319,"category":"residential","addr:city":"Madison","addr:country":"US","addr:housenumber":"665","addr:state":"WI","addr:street":"Elm Drive","building":"dormitory","name":"Chamberlin House","operator":"UW-Madison"},"geometry":{"type":"Polygon","coordinates":[[[-89.4155742,43.0783077],[-89.4151615,43.0783077],[-89.4151615,43.0782102],[-89.4155742,43.0782102],[-89.4155742,43.0783077]]]}},{"type":"Feature","id":37862320,"properties":{"osmId":37862320,"category":"residential","addr:city":"Madison","addr:country":"US","addr:housenumber":"645","addr:state":"WI","addr:street":"Elm Drive","building":"dormitory","name":"Swenson House","operator":"UW-Madison"},"geometry":{"type":"Polygon","coordinates":[[[-89.4154622,43.0779841],[-89.4150473,43.0779841],[-89.4150473,43.0778868],[-89.4154622,43.0778868],[-89.4154622,43.0779841]]]}},{"type":"Feature","id":37862321,"properties":{"osmId":37862321,"category":"residential","addr:city":"Madison","addr:country":"US","addr:housenumber":"650","addr:postcode":"53706","addr:state":"WI","addr:street":"Elm Drive","building":"dormitory","name":"Bradley Residence Hall","operator":"UW-Madison"},"geometry":{"type":"Polygon","coordinates":[[[-89.4161024,43.0779224],[-89.4161024,43.0778637],[-89.416134,43.0778637],[-89.416134,43.0778198],[-89.4163549,43.0778198],[-89.4163672,43.0778198],[-89.4163672,43.0777793],[-89.4167915,43.0777793],[-89.4167915,43.0778418],[-89.41677,43.0778418],[-89.41677,43.0778829],[-89.4164916,43.0778829],[-89.4164916,43.0781459],[-89.4164342,43.0781459],[-89.4164342,43.0781626],[-89.4163468,43.0781626],[-89.4163468,43.0779325],[-89.4162292,43.0779325],[-89.4162292,43.0779224],[-89.4162077,43.0779224],[-89.4161024,43.0779224]]]}},{"type":"Feature","id":37862322,"properties":{"osmId":37862322,"category":"residential","addr:city":"Madison","addr:country":"US","addr:housenumber":"1950","addr:postcode":"53706-1132","addr:state":"WI","addr:street":"Willow Drive","building":"dormitory","building:levels":"3","name":"Phillips Residence Hall","old_name":"Friedrick Hall","operator":"UW-Madison","smoking":"no"},"geometry":{"type":"Polygon","coordinates":[[[-89.4180505,43.0788082],[-89.4180514,43.0785286],[-89.4183313,43.078529],[-89.4183314,43.0784879],[-89.4183537,43.0784879],[-89.4183539,43.0784256],[-89.4179385,43.0784249],[-89.4179385,43.0784297],[-89.4177533,43.0784294],[-89.4177532,43.0784658],[-89.4176886,43.0784657],[-89.4176885,43.0785077],[-89.4176614,43.0785077],[-89.4176612,43.0785711],[-89.41779,43.0785713],[-89.41779,43.0785783],[-89.417904,43.0785785],[-89.4179033,43.0788079],[-89.4180505,43.0788082]]]}},{"type":"Feature","id":37862323,"properties":{"osmId":37862323,"category":"academic","addr:city":"Madison","addr:housenumber":"1975","addr:postcode":"53706-1103","addr:state":"WI","addr:street":"Willow Drive","building":"university","name":"Goodnight Hall"},"geometry":{"type":"Polygon","coordinates":[[[-89.4187424,43.0790802],[-89.4187399,43.0788166],[-89.4190222,43.0788152],[-89.4190218,43.0787752],[-89.4190439,43.0787751],[-89.4190433,43.0787094],[-89.4186318,43.0787114],[-89.4186321,43.0787523],[-89.4183823,43.0787535],[-89.4183826,43.0787943],[-89.4183532,43.0787945],[-89.4183538,43.0788579],[-89.4184799,43.0788573],[-89.41848,43.0788664],[-89.4185988,43.0788659],[-89.4186009,43.0790965],[-89.418685,43.0790961],[-89.4186849,43.0790805],[-89.4187424,43.0790802]]]}},{"type":"Feature","id":37902549,"properties":{"osmId":37902549,"category":"residential","addr:city":"Madison","addr:housenumber":"1650","addr:state":"WI","addr:street":"Kronshage Drive","building":"dormitory","name":"Allen D. Conover Hall"},"geometry":{"type":"Polygon","coordinates":[[[-89.4149058,43.0780684],[-89.4144855,43.0780681],[-89.4144855,43.0780772],[-89.4144504,43.0780772],[-89.4144497,43.0781462],[-89.4144881,43.0781462],[-89.414488,43.078168],[-89.4149057,43.0781683],[-89.4149058,43.0780684]]]}},{"type":"Feature","id":37965212,"properties":{"osmId":37965212,"category":"residential","addr:city":"Madison","addr:housenumber":"625","addr:state":"WI","addr:street":"Babcock Drive","building":"dormitory","name":"Slichter Residence Hall","operator":"UW-Madison"},"geometry":{"type":"Polygon","coordinates":[[[-89.4120503,43.0769694],[-89.4120507,43.0768643],[-89.4122596,43.0768647],[-89.4122595,43.0768887],[-89.4123164,43.0768889],[-89.4123157,43.0770697],[-89.4123288,43.0770697],[-89.4123283,43.0771899],[-89.4123153,43.0771899],[-89.4123146,43.077371],[-89.4122595,43.0773709],[-89.4122594,43.0773945],[-89.4120531,43.0773941],[-89.4120536,43.0772882],[-89.4121546,43.0772884],[-89.4121559,43.0769696],[-89.4120503,43.0769694]]]}},{"type":"Feature","id":37965574,"properties":{"osmId":37965574,"category":"academic","addr:city":"Madison","addr:country":"US","addr:housenumber":"702","addr:state":"WI","addr:street":"Langdon Street","alt_name":"University of Wisconsin Extension","building":"university","building:levels":"3","name":"Pyle Center","roof:shape":"flat"},"geometry":{"type":"Polygon","coordinates":[[[-89.3978663,43.0759726],[-89.3978663,43.075982],[-89.3978663,43.0760176],[-89.3979078,43.0760176],[-89.3979346,43.0760193],[-89.3979924,43.0760196],[-89.398049,43.0760199],[-89.39821,43.0760237],[-89.3982162,43.076075],[-89.3982309,43.0761596],[-89.3980509,43.0761765],[-89.3980415,43.0765501],[-89.3980396,43.0765748],[-89.3980378,43.076599],[-89.397827,43.0765963],[-89.3978088,43.0765961],[-89.397754,43.0765954],[-89.3977277,43.0765945],[-89.397728,43.0765652],[-89.3974997,43.0765621],[-89.3974996,43.0765586],[-89.3974672,43.0765581],[-89.3974683,43.0765337],[-89.3974617,43.0765331],[-89.3974652,43.0764573],[-89.3974463,43.0764568],[-89.3974476,43.076417],[-89.3974486,43.0763884],[-89.3974505,43.0763307],[-89.3974516,43.0762997],[-89.3974517,43.0762958],[-89.3974711,43.0762954],[-89.3974752,43.0760062],[-89.3974854,43.0760066],[-89.3974863,43.0759723],[-89.397534,43.0759727],[-89.3975345,43.0759669],[-89.397744,43.0759705],[-89.3978663,43.0759726]]]}},{"type":"Feature","id":37970663,"properties":{"osmId":37970663,"category":"residential","addr:city":"Madison","addr:country":"US","addr:housenumber":"625","addr:state":"WI","addr:street":"Elm Drive","building":"dormitory","name":"Cole Hall","operator":"UW-Madison"},"geometry":{"type":"Polygon","coordinates":[[[-89.415401,43.0774002],[-89.4154016,43.0773589],[-89.4154243,43.0773591],[-89.4154252,43.0772956],[-89.4148897,43.0772913],[-89.4148891,43.0773327],[-89.4145252,43.0773298],[-89.4145243,43.0773917],[-89.4145483,43.0773919],[-89.4145477,43.0774323],[-89.4148781,43.077435],[-89.4148779,43.0774468],[-89.4150299,43.077448],[-89.4150306,43.0773972],[-89.415401,43.0774002]]]}},{"type":"Feature","id":37970664,"properties":{"osmId":37970664,"category":"residential","addr:city":"Madison","addr:housenumber":"650","addr:postcode":"53706","addr:state":"WI","addr:street":"Babcock Drive","building":"dormitory","name":"Mack House","operator":"UW-Madison"},"geometry":{"type":"Polygon","coordinates":[[[-89.4132402,43.0780424],[-89.4136683,43.0780424],[-89.4136683,43.0779417],[-89.4132401,43.0779417],[-89.4132402,43.0780424]]]}},{"type":"Feature","id":37970665,"properties":{"osmId":37970665,"category":"residential","addr:city":"Madison","addr:housenumber":"1620","addr:state":"WI","addr:street":"Kronshage Drive","building":"dormitory","name":"Turner House","operator":"UW-Madison"},"geometry":{"type":"Polygon","coordinates":[[[-89.4129426,43.0784848],[-89.4133622,43.0784813],[-89.4133606,43.0783784],[-89.412941,43.0783819],[-89.4129426,43.0784848]]]}},{"type":"Feature","id":37970666,"properties":{"osmId":37970666,"category":"residential","addr:city":"Madison","addr:housenumber":"1610","addr:state":"WI","addr:street":"Kronshage Drive","building":"dormitory","name":"Gilman House","operator":"UW-Madison"},"geometry":{"type":"Polygon","coordinates":[[[-89.4130301,43.0782167],[-89.4130301,43.0779109],[-89.4128949,43.0779109],[-89.4128949,43.0782167],[-89.4130301,43.0782167]]]}},{"type":"Feature","id":38019750,"properties":{"osmId":38019750,"category":"academic","addr:city":"Madison","addr:housenumber":"1925","addr:state":"WI","addr:street":"Linden Drive","building":"university","name":"US Dairy Forage Research Center"},"geometry":{"type":"Polygon","coordinates":[[[-89.418283,43.0752867],[-89.418283,43.0753002],[-89.4184257,43.0753016],[-89.418438,43.0753129],[-89.418443,43.0753246],[-89.4184368,43.0753364],[-89.4184234,43.0753455],[-89.4182819,43.0753441],[-89.4182803,43.0754311],[-89.4175544,43.075424],[-89.4175553,43.0753748],[-89.4175561,43.0753319],[-89.4174988,43.0753313],[-89.4174826,43.0753265],[-89.4174766,43.075311],[-89.4174819,43.0752984],[-89.4174996,43.0752888],[-89.4175569,43.0752894],[-89.4175573,43.0752687],[-89.4173292,43.0752665],[-89.4173303,43.0752104],[-89.4173438,43.0752103],[-89.4182402,43.0752192],[-89.4182884,43.0752197],[-89.418288,43.0752388],[-89.4183698,43.0752396],[-89.4183701,43.0752237],[-89.4183722,43.0751088],[-89.4187166,43.0751122],[-89.4187133,43.075291],[-89.418283,43.0752867]]]}},{"type":"Feature","id":38019751,"properties":{"osmId":38019751,"category":"academic","addr:city":"Madison","addr:housenumber":"2015","addr:state":"WI","addr:street":"Linden Drive","amenity":"veterinary","building":"university","name":"Veterinary Medicine South","operator":"UW-Madison","veterinary":"hospital"},"geometry":{"type":"Polygon","coordinates":[[[-89.4211527,43.0753408],[-89.4212641,43.0753414],[-89.421267,43.0750483],[-89.4206882,43.0750452],[-89.4206904,43.0748203],[-89.420444,43.074819],[-89.4204441,43.0748092],[-89.4198765,43.0748062],[-89.4198764,43.0748173],[-89.4196339,43.074816],[-89.4196317,43.0750394],[-89.41928,43.0750375],[-89.4192776,43.0752837],[-89.4192771,43.0753299],[-89.4194529,43.0753308],[-89.4194863,43.075331],[-89.4194851,43.0754518],[-89.4197542,43.0754533],[-89.4197554,43.0753324],[-89.4201441,43.0753345],[-89.4202116,43.0753349],[-89.420211,43.0753972],[-89.420375,43.0753983],[-89.4204541,43.0753982],[-89.4207476,43.0754],[-89.421118,43.075402],[-89.4211521,43.0754022],[-89.4211527,43.0753408]]]}},{"type":"Feature","id":38060693,"properties":{"osmId":38060693,"category":"residential","addr:city":"Madison","addr:housenumber":"640","addr:postcode":"53706","addr:state":"WI","addr:street":"Babcock Drive","building":"dormitory","name":"Humphrey Hall","operator":"UW-Madison"},"geometry":{"type":"Polygon","coordinates":[[[-89.4130315,43.0776592],[-89.4130315,43.0773483],[-89.4128963,43.0773483],[-89.4128963,43.0776592],[-89.4130315,43.0776592]]]}},{"type":"Feature","id":38060694,"properties":{"osmId":38060694,"category":"residential","addr:city":"Madison","addr:housenumber":"650","addr:postcode":"53706","addr:state":"WI","addr:street":"Babcock Drive","building":"dormitory","building:levels":"4","name":"Jorns Hall","operator":"UW-Madison"},"geometry":{"type":"Polygon","coordinates":[[[-89.4131195,43.077775],[-89.4135317,43.077775],[-89.4135317,43.077677],[-89.4131195,43.077677],[-89.4131195,43.077775]]]}},{"type":"Feature","id":38060695,"properties":{"osmId":38060695,"category":"residential","addr:city":"Madison","addr:housenumber":"1650","addr:state":"WI","addr:street":"Kronshage Drive","building":"dormitory","name":"Grant Showerman Hall"},"geometry":{"type":"Polygon","coordinates":[[[-89.41382,43.0780663],[-89.4138189,43.078175],[-89.4144494,43.0781782],[-89.4144497,43.0781462],[-89.4144504,43.0780772],[-89.4144506,43.0780573],[-89.4142756,43.0780564],[-89.4142754,43.0780773],[-89.4142406,43.0780771],[-89.4142407,43.0780684],[-89.41382,43.0780663]]]}},{"type":"Feature","id":38064535,"properties":{"osmId":38064535,"category":"athletic","addr:city":"Madison","addr:housenumber":"1000","addr:state":"WI","addr:street":"Highland Avenue","building":"gymnasium","leisure":"sports_centre","name":"Nielsen Tennis Stadium","operator":"UW-Madison","operator:type":"university","sport":"tennis"},"geometry":{"type":"Polygon","coordinates":[[[-89.4310147,43.0800499],[-89.431027,43.079338],[-89.4306295,43.0793343],[-89.4306302,43.0792945],[-89.4306571,43.0792948],[-89.4306603,43.0791083],[-89.4304065,43.0791059],[-89.4304056,43.0791571],[-89.4302856,43.079156],[-89.4301597,43.0791549],[-89.4301606,43.0791036],[-89.4299055,43.0791012],[-89.4299023,43.0792875],[-89.4299316,43.0792878],[-89.4299308,43.0793287],[-89.429802,43.0793275],[-89.429572,43.0793254],[-89.4295374,43.0793251],[-89.4295257,43.0800001],[-89.4295251,43.0800362],[-89.4296293,43.0800372],[-89.4309911,43.0800497],[-89.4310147,43.0800499]]]}},{"type":"Feature","id":38226215,"properties":{"osmId":38226215,"category":"residential","addr:city":"Madison","addr:housenumber":"1650","addr:state":"WI","addr:street":"Kronshage Drive","building":"dormitory","name":"Holt Center"},"geometry":{"type":"Polygon","coordinates":[[[-89.4142756,43.0779865],[-89.4142756,43.0780564],[-89.4144506,43.0780573],[-89.4144497,43.0779237],[-89.4143902,43.0779236],[-89.4143902,43.0778755],[-89.414565,43.0778756],[-89.414565,43.077823],[-89.414671,43.0778231],[-89.4146714,43.0777501],[-89.4146712,43.077664],[-89.414618,43.0776639],[-89.4146181,43.0776359],[-89.4145588,43.0776359],[-89.4145588,43.0776256],[-89.4142959,43.0776255],[-89.4142959,43.0776369],[-89.414247,43.0776368],[-89.4142469,43.0776892],[-89.4142468,43.0777644],[-89.4142948,43.0777645],[-89.4142946,43.077871],[-89.4142581,43.0778709],[-89.4142581,43.0778951],[-89.4142349,43.0778951],[-89.4142349,43.0779237],[-89.414205,43.0779237],[-89.4142049,43.0779864],[-89.4142756,43.0779865]]]}},{"type":"Feature","id":38263351,"properties":{"osmId":38263351,"category":"academic","addr:city":"Madison","addr:housenumber":"1805","addr:state":"WI","addr:street":"Linden Drive","building":"university","name":"Muscle & Meat Science Research Laboratory"},"geometry":{"type":"Polygon","coordinates":[[[-89.4160997,43.0746469],[-89.4160989,43.0745533],[-89.4161105,43.0745532],[-89.4161096,43.0744471],[-89.4163871,43.0744458],[-89.4163873,43.0744697],[-89.4164168,43.0744696],[-89.4164162,43.0744061],[-89.4167029,43.0744048],[-89.4167037,43.0745076],[-89.4167789,43.0745072],[-89.4167797,43.0746023],[-89.4164166,43.0746039],[-89.4164163,43.0745662],[-89.416368,43.0745664],[-89.4163684,43.0746114],[-89.4162149,43.0746121],[-89.4162152,43.0746464],[-89.4160997,43.0746469]]]}},{"type":"Feature","id":38263360,"properties":{"osmId":38263360,"category":"academic","addr:city":"Madison","addr:housenumber":"1815","addr:state":"WI","addr:street":"Linden Drive","building":"university","name":"Dairy Cattle Instruction & Research Center"},"geometry":{"type":"Polygon","coordinates":[[[-89.4164478,43.0748283],[-89.4166424,43.0748284],[-89.4166426,43.0746454],[-89.416784,43.0746454],[-89.4167838,43.0748253],[-89.4169876,43.0748254],[-89.4169877,43.0747322],[-89.4172718,43.0747323],[-89.4172717,43.0748281],[-89.4174751,43.0748282],[-89.4174753,43.0746504],[-89.4176129,43.0746504],[-89.4176128,43.0748313],[-89.4178065,43.0748314],[-89.4178064,43.0749438],[-89.4172671,43.0749435],[-89.417267,43.0750049],[-89.4170857,43.0750048],[-89.4170857,43.0750352],[-89.4170504,43.0750352],[-89.4170504,43.0750496],[-89.4169476,43.0750495],[-89.4169476,43.0750031],[-89.4169562,43.0750031],[-89.4169563,43.0749711],[-89.416982,43.0749711],[-89.416982,43.0749386],[-89.4164476,43.0749382],[-89.4164478,43.0748283]]]}},{"type":"Feature","id":38311314,"properties":{"osmId":38311314,"category":"academic","addr:city":"Madison","addr:housenumber":"445","addr:state":"WI","building":"university","name":"Wisconsin Veterinary Diagnostics Laboratory"},"geometry":{"type":"Polygon","coordinates":[[[-89.4214651,43.0741878],[-89.4214654,43.074214],[-89.4213477,43.074214],[-89.4213485,43.0742426],[-89.4212681,43.0742432],[-89.4212693,43.0742606],[-89.4212374,43.0742602],[-89.4212391,43.0743416],[-89.4212694,43.0743418],[-89.4212717,43.0744114],[-89.4210373,43.0744125],[-89.4210364,43.0744964],[-89.420955,43.0744962],[-89.420943,43.0745062],[-89.4209431,43.0745269],[-89.4209585,43.0745333],[-89.4209984,43.0745333],[-89.4209986,43.0746182],[-89.4210387,43.0746182],[-89.4210394,43.0746758],[-89.4213284,43.0746752],[-89.4213285,43.0746809],[-89.421343,43.074681],[-89.4213506,43.0746897],[-89.4216204,43.0746894],[-89.421684,43.0746893],[-89.4216835,43.0746607],[-89.4216832,43.0746401],[-89.4216631,43.0746401],[-89.4216636,43.0746179],[-89.4217638,43.0746176],[-89.421777,43.074614],[-89.4217836,43.0746076],[-89.4217852,43.0745985],[-89.4217804,43.074587],[-89.421767,43.0745818],[-89.4217471,43.0745817],[-89.421745,43.0745316],[-89.4218177,43.0745324],[-89.4218177,43.0743327],[-89.421851,43.0743326],[-89.4218631,43.074326],[-89.4218664,43.0743152],[-89.4218648,43.0743064],[-89.4218517,43.0742967],[-89.4218094,43.0742971],[-89.4218105,43.0741669],[-89.4215779,43.0741644],[-89.4215797,43.074187],[-89.4214651,43.0741878]]]}},{"type":"Feature","id":38311318,"properties":{"osmId":38311318,"category":"academic","addr:city":"Madison","addr:housenumber":"2105","addr:state":"WI","addr:street":"Linden Dr.","building":"university","name":"502 Herrick Dr."},"geometry":{"type":"Polygon","coordinates":[[[-89.4223266,43.0753615],[-89.4223266,43.0752626],[-89.4223756,43.0752626],[-89.4225316,43.0752626],[-89.4225316,43.0753615],[-89.4223266,43.0753615]]]}},{"type":"Feature","id":38311319,"properties":{"osmId":38311319,"category":"academic","addr:city":"Madison","addr:housenumber":"2115","addr:state":"WI","addr:street":"Linden Dr.","building":"university","name":"502 Herrick Dr."},"geometry":{"type":"Polygon","coordinates":[[[-89.4229191,43.0754029],[-89.4229173,43.075032],[-89.4227395,43.0750324],[-89.4227413,43.0754033],[-89.4229191,43.0754029]]]}},{"type":"Feature","id":38855393,"properties":{"osmId":38855393,"category":"academic","addr:city":"Madison","addr:housenumber":"975","addr:state":"WI","addr:street":"Bascom Mall","building":"university","name":"Law Building","wikidata":"Q16982645","wikipedia":"en:University of Wisconsin Madison Law Building"},"geometry":{"type":"Polygon","coordinates":[[[-89.402075,43.0748486],[-89.4020742,43.0748167],[-89.4020591,43.0748168],[-89.402059,43.0747198],[-89.402024,43.0747201],[-89.40187,43.0747236],[-89.4018686,43.0744929],[-89.4018683,43.0744781],[-89.4017651,43.0744786],[-89.401766,43.0742918],[-89.4017661,43.0742819],[-89.4018298,43.0742818],[-89.4023008,43.0742812],[-89.4023004,43.0742553],[-89.4022996,43.0741943],[-89.4023513,43.0741943],[-89.4023558,43.0743814],[-89.4024047,43.0743812],[-89.402449,43.0743814],[-89.4024728,43.0742981],[-89.4025748,43.0743076],[-89.4026003,43.0743097],[-89.4026278,43.0743125],[-89.4027614,43.0743264],[-89.4027247,43.0744908],[-89.4026493,43.0744822],[-89.4026054,43.0746975],[-89.4028382,43.0747236],[-89.4028356,43.0747366],[-89.4028153,43.0748368],[-89.4025826,43.0748117],[-89.4025859,43.0748504],[-89.4023662,43.074848],[-89.4022252,43.0748478],[-89.402075,43.0748486]]]}},{"type":"Feature","id":38855394,"properties":{"osmId":38855394,"category":"academic","addr:city":"Madison","addr:housenumber":"430","addr:state":"WI","addr:street":"Bascom Mall","building":"university","building:levels":"6","check_date":"2024-06-20","name":"Birge Hall"},"geometry":{"type":"Polygon","coordinates":[[[-89.4032375,43.0745201],[-89.4032625,43.0743974],[-89.4032693,43.0743981],[-89.4032716,43.0743867],[-89.403274,43.0743752],[-89.403244,43.0743719],[-89.4032456,43.0743643],[-89.403236,43.0743632],[-89.4032598,43.074245],[-89.4032707,43.0742462],[-89.4032723,43.0742382],[-89.403321,43.0742434],[-89.4033323,43.0741873],[-89.4033421,43.0741883],[-89.4033433,43.0741824],[-89.4033894,43.0741873],[-89.4034969,43.0741988],[-89.4034956,43.0742049],[-89.4035056,43.074206],[-89.4034912,43.0742784],[-89.4035173,43.0742812],[-89.4035244,43.074282],[-89.4035176,43.0743161],[-89.4035268,43.0743173],[-89.4035358,43.074318],[-89.4035317,43.0743385],[-89.4035481,43.0743407],[-89.4035858,43.0743444],[-89.4035879,43.0743329],[-89.4036868,43.0742845],[-89.4038053,43.0742945],[-89.4038787,43.0743669],[-89.403876,43.0743821],[-89.4038635,43.0744432],[-89.4038723,43.0744441],[-89.4038711,43.07445],[-89.4038988,43.0744529],[-89.4039118,43.0744543],[-89.4039103,43.0744618],[-89.4040265,43.0744742],[-89.4041555,43.0744879],[-89.4041629,43.0744509],[-89.4042119,43.0744561],[-89.4042136,43.0744476],[-89.40408,43.0744334],[-89.4040968,43.0743494],[-89.4040691,43.0743464],[-89.4040744,43.07432],[-89.4041372,43.0743267],[-89.4041305,43.0743599],[-89.404237,43.0743713],[-89.4042665,43.0742245],[-89.4044634,43.0742456],[-89.4044502,43.0743116],[-89.4044474,43.0743254],[-89.4044454,43.0743351],[-89.404394,43.0745916],[-89.4043906,43.0746081],[-89.4043886,43.0746182],[-89.4042034,43.0745983],[-89.4041921,43.0745971],[-89.4041902,43.0746065],[-89.4041716,43.0746045],[-89.404146,43.0746017],[-89.4041431,43.0746162],[-89.4041322,43.074615],[-89.4038776,43.0745876],[-89.4038758,43.074596],[-89.4038337,43.0745915],[-89.4038317,43.0746013],[-89.4038214,43.0746002],[-89.4035555,43.0745713],[-89.4035382,43.0745694],[-89.4035397,43.074562],[-89.4034957,43.0745572],[-89.4034975,43.0745483],[-89.4034349,43.0745415],[-89.4033777,43.0745353],[-89.4032731,43.074524],[-89.4032375,43.0745201]]]}},{"type":"Feature","id":38855397,"properties":{"osmId":38855397,"category":"academic","addr:city":"Madison","addr:country":"US","addr:housenumber":"1155","addr:state":"WI","addr:street":"Observatory Drive","building":"university","building:levels":"4","name":"Ingraham Hall","official_name":"Mark H. Ingraham Hall"},"geometry":{"type":"Polygon","coordinates":[[[-89.4051465,43.0752478],[-89.4051773,43.0752521],[-89.4051849,43.0752531],[-89.4051977,43.0752546],[-89.4052266,43.0751067],[-89.4053768,43.0751224],[-89.4053711,43.0751605],[-89.4053935,43.0751633],[-89.4053818,43.0752205],[-89.4053588,43.0752181],[-89.4053565,43.0752266],[-89.4053546,43.0752363],[-89.4053524,43.0752473],[-89.4053479,43.0752705],[-89.405391,43.0752748],[-89.4053926,43.0752659],[-89.4054018,43.0752665],[-89.4054156,43.0752678],[-89.4054262,43.075269],[-89.4054347,43.0752439],[-89.4054534,43.0751765],[-89.4054623,43.0751347],[-89.4057071,43.0751581],[-89.405694,43.0752918],[-89.4057164,43.0752945],[-89.4057429,43.075297],[-89.4057394,43.0753697],[-89.4057364,43.0754308],[-89.4055951,43.0754139],[-89.4055722,43.0754115],[-89.4055489,43.0754088],[-89.4054133,43.0753944],[-89.4054088,43.0754155],[-89.4053669,43.0754112],[-89.4053254,43.0756168],[-89.4053211,43.0756458],[-89.4055988,43.0756747],[-89.4056099,43.0756759],[-89.4055942,43.0757562],[-89.4056426,43.0757613],[-89.4056293,43.0758292],[-89.4056425,43.0758306],[-89.4056316,43.0758865],[-89.4056204,43.0758853],[-89.4056034,43.0758832],[-89.4055716,43.0758803],[-89.405575,43.0758628],[-89.4054452,43.0758493],[-89.4051423,43.0758177],[-89.4051194,43.0758153],[-89.4050769,43.0758106],[-89.4050639,43.0758093],[-89.4050693,43.0757816],[-89.4050748,43.0757523],[-89.405079,43.0757305],[-89.4050511,43.0757276],[-89.4050585,43.0756899],[-89.4050627,43.0756681],[-89.4050979,43.0754886],[-89.4051002,43.0754767],[-89.4051029,43.0754636],[-89.4051465,43.0752478]]]}},{"type":"Feature","id":38855398,"properties":{"osmId":38855398,"category":"academic","addr:city":"Madison","addr:country":"US","addr:housenumber":"1300","addr:state":"WI","addr:street":"Linden Drive","building":"university","building:levels":"4","name":"Nancy Nicholas Hall","operator":"UW-Madison"},"geometry":{"type":"Polygon","coordinates":[[[-89.4077631,43.0758218],[-89.4077641,43.0755648],[-89.4079486,43.0755651],[-89.4079481,43.0756774],[-89.4079888,43.0756775],[-89.4079889,43.0756521],[-89.4081957,43.0756526],[-89.4083715,43.0756531],[-89.4083713,43.0756774],[-89.408424,43.0756775],[-89.4084246,43.0755621],[-89.4086136,43.0755625],[-89.4086134,43.0756076],[-89.4086434,43.0756077],[-89.4086435,43.0755776],[-89.4087029,43.0755778],[-89.408703,43.0755711],[-89.4092224,43.0755722],[-89.4092223,43.0756144],[-89.4092959,43.0756145],[-89.4092961,43.0755667],[-89.4096231,43.0755673],[-89.4096224,43.0758538],[-89.4094759,43.075853],[-89.4094769,43.0758685],[-89.4094282,43.0758647],[-89.4094267,43.0758762],[-89.4090499,43.0758471],[-89.408778,43.0758629],[-89.4087769,43.0758546],[-89.4087002,43.0758573],[-89.4086926,43.0758137],[-89.4086057,43.0758135],[-89.4086055,43.0758719],[-89.4084206,43.0758715],[-89.4084209,43.0758132],[-89.4079474,43.0758122],[-89.4079474,43.0758222],[-89.4077631,43.0758218]]]}},{"type":"Feature","id":38855410,"properties":{"osmId":38855410,"category":"academic","addr:city":"Madison","addr:housenumber":"1225","addr:postcode":"53706","addr:state":"WI","addr:street":"Linden Drive","building":"university","emergency":"no","name":"Bradley Memorial Building"},"geometry":{"type":"Polygon","coordinates":[[[-89.407289,43.0744976],[-89.407291,43.0744923],[-89.4072924,43.0743675],[-89.4074663,43.074368],[-89.4075157,43.0743308],[-89.4075633,43.0743646],[-89.4076623,43.074365],[-89.4076612,43.0745225],[-89.4076611,43.0745463],[-89.4077265,43.0745465],[-89.4077254,43.074696],[-89.4077349,43.074696],[-89.4077342,43.0747986],[-89.4077228,43.0747986],[-89.4077219,43.0749478],[-89.4075457,43.0749472],[-89.407548,43.0745453],[-89.4075604,43.0745453],[-89.4075605,43.0745168],[-89.4075606,43.0744984],[-89.407289,43.0744976]]]}},{"type":"Feature","id":38855411,"properties":{"osmId":38855411,"category":"academic","addr:city":"Madison","addr:housenumber":"1215","addr:postcode":"53706","addr:state":"WI","addr:street":"Linden Drive","building":"university","name":"Bardeen Medical Laboratories"},"geometry":{"type":"Polygon","coordinates":[[[-89.4070075,43.0747052],[-89.4070785,43.0747058],[-89.4070784,43.07471],[-89.4071944,43.0747109],[-89.4071906,43.0749776],[-89.4068592,43.0749751],[-89.4068593,43.0749642],[-89.40682,43.0749639],[-89.406814,43.0749639],[-89.4068162,43.074809],[-89.407006,43.0748104],[-89.4070075,43.0747052]]]}},{"type":"Feature","id":38855412,"properties":{"osmId":38855412,"category":"academic","addr:city":"Madison","addr:country":"US","addr:housenumber":"1305","addr:postcode":"53706","addr:state":"WI","addr:street":"Linden Drive","building":"university","name":"William S. Middleton Office Building"},"geometry":{"type":"Polygon","coordinates":[[[-89.4079348,43.0749062],[-89.4084632,43.0749062],[-89.4084632,43.0746659],[-89.4079348,43.0746659],[-89.4079348,43.0749062]]]}},{"type":"Feature","id":38855842,"properties":{"osmId":38855842,"category":"academic","addr:city":"Madison","addr:country":"US","addr:housenumber":"1415","addr:state":"WI","addr:street":"Linden Drive","building":"university","name":"Nutritional Sciences"},"geometry":{"type":"Polygon","coordinates":[[[-89.4087204,43.074572],[-89.4087351,43.0745721],[-89.4087356,43.074528],[-89.4088952,43.0745286],[-89.4088948,43.0745669],[-89.408912,43.074567],[-89.40891,43.0747693],[-89.4089936,43.0747697],[-89.4089935,43.0747841],[-89.4090111,43.0748031],[-89.4090126,43.0748342],[-89.4092594,43.0748356],[-89.4092594,43.0748471],[-89.4093499,43.0748468],[-89.4093507,43.0749015],[-89.4093437,43.0749014],[-89.4093434,43.0749293],[-89.4093504,43.0749293],[-89.40935,43.0749592],[-89.4092669,43.0749588],[-89.4092597,43.0749587],[-89.4092597,43.0749683],[-89.408932,43.0749665],[-89.4089318,43.0749865],[-89.4086802,43.0749851],[-89.408681,43.0749042],[-89.4086819,43.0748177],[-89.4087179,43.0748178],[-89.4087204,43.074572]]]}},{"type":"Feature","id":38855843,"properties":{"osmId":38855843,"category":"academic","addr:city":"Madison","addr:country":"US","addr:housenumber":"465","addr:state":"WI","addr:street":"Henry Mall","building":"university","name":"Stovall Building (Wisconsin State Laboratory of Hygiene)"},"geometry":{"type":"Polygon","coordinates":[[[-89.4100179,43.0749856],[-89.4100206,43.0747803],[-89.4100233,43.0745723],[-89.4096602,43.0745698],[-89.4096547,43.0749831],[-89.4100179,43.0749856]]]}},{"type":"Feature","id":38855860,"properties":{"osmId":38855860,"category":"academic","addr:city":"Madison","addr:housenumber":"1550","addr:state":"WI","addr:street":"Linden Drive","building":"university","building:levels":"6","name":"Microbial Sciences Building","operator":"UW-Madison"},"geometry":{"type":"Polygon","coordinates":[[[-89.4125116,43.0757535],[-89.4125113,43.0760741],[-89.412483,43.0760742],[-89.4124846,43.0761359],[-89.4124057,43.0761372],[-89.4123406,43.0761382],[-89.4123391,43.0762382],[-89.412257,43.0762387],[-89.4122565,43.076258],[-89.4121498,43.0762575],[-89.411883,43.0762561],[-89.4118897,43.0760672],[-89.4121116,43.0760685],[-89.4120905,43.0759896],[-89.4120535,43.0759901],[-89.4119679,43.075679],[-89.4119107,43.0756803],[-89.4119125,43.0757393],[-89.4113101,43.0757355],[-89.4113103,43.0757194],[-89.4112349,43.0757189],[-89.4112297,43.0755645],[-89.4112851,43.0755639],[-89.4112885,43.0755514],[-89.411487,43.0755222],[-89.4114868,43.0754526],[-89.4114338,43.075452],[-89.4114334,43.0754278],[-89.4114322,43.0753565],[-89.4115112,43.0753559],[-89.4115105,43.0753116],[-89.411724,43.0753129],[-89.4119217,43.075314],[-89.4119224,43.0753615],[-89.4120301,43.0753621],[-89.4120296,43.0754533],[-89.4119441,43.0754561],[-89.4119931,43.0756141],[-89.4120157,43.075613],[-89.4120181,43.0755671],[-89.4125126,43.075568],[-89.4125116,43.0757535]]]}},{"type":"Feature","id":38856035,"properties":{"osmId":38856035,"category":"academic","addr:city":"Madison","addr:housenumber":"1605","addr:state":"WI","addr:street":"Linden Drive","building":"university","building:colour":"indianred","building:levels":"5","name":"Babcock Hall","roof:colour":"tan","roof:shape":"flat"},"geometry":{"type":"Polygon","coordinates":[[[-89.412962,43.0749615],[-89.4129634,43.0748859],[-89.4129186,43.0748855],[-89.4129224,43.0746901],[-89.4136593,43.0746978],[-89.4136597,43.0746433],[-89.4135813,43.0746274],[-89.4136113,43.074553],[-89.413612,43.0744989],[-89.4138988,43.074502],[-89.4139,43.0745866],[-89.414427,43.0745878],[-89.4144253,43.0749975],[-89.4137627,43.0749874],[-89.4137632,43.0749641],[-89.4136835,43.0749633],[-89.4136829,43.0749951],[-89.4136652,43.0749949],[-89.4136645,43.0750308],[-89.4131095,43.075025],[-89.4131108,43.074963],[-89.412962,43.0749615]]]}},{"type":"Feature","id":38856040,"properties":{"osmId":38856040,"category":"academic","addr:city":"Madison","addr:housenumber":"1575","addr:state":"WI","addr:street":"Linden Drive","building":"university","name":"Horticulture"},"geometry":{"type":"Polygon","coordinates":[[[-89.4116718,43.0749822],[-89.4116714,43.0748315],[-89.4116979,43.0748314],[-89.4121304,43.0748308],[-89.41213,43.0747037],[-89.4117461,43.0747043],[-89.4117455,43.0744902],[-89.411931,43.0744899],[-89.4119316,43.0744394],[-89.4120698,43.074437],[-89.4120727,43.0744897],[-89.4121386,43.0744896],[-89.412139,43.0746504],[-89.4123149,43.0746501],[-89.4123157,43.0749393],[-89.4122439,43.0749394],[-89.412244,43.0749823],[-89.4119628,43.0749823],[-89.4116718,43.0749822]]]}},{"type":"Feature","id":38856041,"properties":{"osmId":38856041,"category":"academic","addr:city":"Madison","addr:housenumber":"1575","addr:state":"WI","addr:street":"Linden Drive","building":"university","name":"Moore Hall"},"geometry":{"type":"Polygon","coordinates":[[[-89.4116718,43.0749822],[-89.4116489,43.0749822],[-89.411649,43.0749669],[-89.4115272,43.0749667],[-89.4115286,43.0745158],[-89.4116989,43.0745161],[-89.4116979,43.0748314],[-89.4116714,43.0748315],[-89.4116718,43.0749822]]]}},{"type":"Feature","id":38856044,"properties":{"osmId":38856044,"category":"academic","addr:city":"Madison","addr:housenumber":"1525","addr:state":"WI","addr:street":"Linden Drive","building":"university","name":"Robert M. Bock Laboratories"},"geometry":{"type":"Polygon","coordinates":[[[-89.4109686,43.0749799],[-89.4109686,43.0749417],[-89.4109243,43.0749417],[-89.4109236,43.0748327],[-89.4109232,43.0747726],[-89.4109901,43.0747726],[-89.4109901,43.0747295],[-89.4112217,43.0747295],[-89.4112217,43.0747676],[-89.4112818,43.0747668],[-89.4112821,43.0748129],[-89.4112826,43.0748766],[-89.411283,43.0749467],[-89.4112228,43.0749467],[-89.4112217,43.0749782],[-89.4109686,43.0749799]]]}},{"type":"Feature","id":38856046,"properties":{"osmId":38856046,"category":"academic","addr:city":"Madison","addr:country":"US","addr:housenumber":"460","addr:state":"WI","addr:street":"Henry Mall","building":"university","name":"Agricultural Engineering","wikidata":"Q4693892","wikipedia":"en:Agricultural Engineering Building"},"geometry":{"type":"Polygon","coordinates":[[[-89.410559,43.0749914],[-89.410559,43.0748278],[-89.4105519,43.0748278],[-89.4105517,43.0747785],[-89.4105519,43.0747351],[-89.410559,43.0747351],[-89.410559,43.0745697],[-89.4106125,43.0745697],[-89.4106125,43.074566],[-89.4107302,43.074566],[-89.4107302,43.0745697],[-89.4107561,43.0745697],[-89.4107665,43.0745697],[-89.4107665,43.0746098],[-89.4108034,43.0746098],[-89.4108034,43.0746779],[-89.4107665,43.0746779],[-89.4107665,43.0748318],[-89.4107665,43.0748827],[-89.4107959,43.0748827],[-89.4107959,43.0749544],[-89.4107665,43.0749544],[-89.4107665,43.0749914],[-89.4107195,43.0749914],[-89.4107195,43.0749942],[-89.4106044,43.0749942],[-89.4106044,43.0749914],[-89.410559,43.0749914]]]}},{"type":"Feature","id":38953056,"properties":{"osmId":38953056,"category":"academic","addr:city":"Madison","addr:country":"US","addr:housenumber":"1545","addr:state":"WI","addr:street":"Observatory Drive","building":"university","name":"Hiram Smith Hall","operator":"UW-Madison"},"geometry":{"type":"Polygon","coordinates":[[[-89.4116856,43.0760608],[-89.411685,43.0759568],[-89.4117139,43.0759567],[-89.4117134,43.0758742],[-89.4116845,43.0758743],[-89.4116843,43.0758424],[-89.4114753,43.0758431],[-89.4114757,43.0759142],[-89.4114519,43.0759143],[-89.4114522,43.0759658],[-89.4114761,43.0759657],[-89.4114765,43.0760459],[-89.4114333,43.076046],[-89.411434,43.0761618],[-89.4115229,43.0761615],[-89.4115227,43.0761302],[-89.4116746,43.0761297],[-89.4116742,43.0760609],[-89.4116856,43.0760608]]]}},{"type":"Feature","id":38953057,"properties":{"osmId":38953057,"category":"academic","addr:city":"Madison","addr:country":"US","addr:housenumber":"1555","addr:state":"WI","addr:street":"Observatory Drive","building":"university","name":"Hiram Smith Hall Annex","operator":"UW-Madison","wikidata":"Q54952950","wikipedia":"en:Hiram Smith Hall and Annex"},"geometry":{"type":"Polygon","coordinates":[[[-89.4113954,43.0761133],[-89.4113948,43.0758758],[-89.4113771,43.0758758],[-89.4113776,43.0758711],[-89.4113475,43.0758608],[-89.4112925,43.0758613],[-89.4112926,43.0758763],[-89.4111881,43.0758764],[-89.4111888,43.0761135],[-89.4113954,43.0761133]]]}},{"type":"Feature","id":38953058,"properties":{"osmId":38953058,"category":"academic","addr:city":"Madison","addr:country":"US","addr:housenumber":"1535","addr:state":"WI","addr:street":"Observatory Drive","alt_name":"Agricultural Bulletin Building","building":"university","building:levels":"3","name":"Agricultural Heating Station","operator":"UW-Madison","wikidata":"Q54952767","wikipedia":"en:Agricultural Heating Station"},"geometry":{"type":"Polygon","coordinates":[[[-89.4116884,43.0764042],[-89.4116884,43.0762591],[-89.4115256,43.0762591],[-89.4115256,43.0764042],[-89.4116884,43.0764042]]]}},{"type":"Feature","id":38953059,"properties":{"osmId":38953059,"category":"academic","addr:city":"Madison","addr:country":"US","addr:housenumber":"1525","addr:state":"WI","addr:street":"Observatory Drive","building":"university","building:levels":"4","name":"Soils Building","roof:levels":"1","roof:shape":"gabled"},"geometry":{"type":"Polygon","coordinates":[[[-89.4115148,43.0766086],[-89.4115152,43.0764264],[-89.4110729,43.0764259],[-89.4110727,43.0765261],[-89.4110725,43.0766082],[-89.4115148,43.0766086]]]}},{"type":"Feature","id":38953060,"properties":{"osmId":38953060,"category":"academic","addr:city":"Madison","addr:country":"US","addr:housenumber":"1475","addr:state":"WI","addr:street":"Observatory Drive","building":"university","name":"King Hall","operator":"UW-Madison"},"geometry":{"type":"Polygon","coordinates":[[[-89.4110729,43.0764259],[-89.4110737,43.0763709],[-89.4110754,43.0761394],[-89.4109083,43.0761387],[-89.4109087,43.0760806],[-89.4106252,43.0760795],[-89.4106232,43.0763532],[-89.4107398,43.0763537],[-89.4107384,43.0765248],[-89.410854,43.0765252],[-89.4108757,43.0765425],[-89.410898,43.0765426],[-89.4109189,43.0765427],[-89.4109345,43.0765255],[-89.4110727,43.0765261],[-89.4110729,43.0764259]]]}},{"type":"Feature","id":38953076,"properties":{"osmId":38953076,"category":"academic","addr:city":"Madison","addr:country":"US","addr:housenumber":"1450","addr:state":"WI","addr:street":"Linden Drive","building":"university","building:levels":"4","name":"Agricultural Hall","operator":"UW-Madison","wikidata":"Q4693993","wikipedia":"en:Agriculture Hall (Madison, Wisconsin)"},"geometry":{"type":"Polygon","coordinates":[[[-89.4105776,43.0759407],[-89.4103715,43.0759407],[-89.4103709,43.0759248],[-89.4101996,43.0759253],[-89.4101996,43.0759367],[-89.4099963,43.075939],[-89.4099951,43.0758616],[-89.4101527,43.0758616],[-89.4101527,43.0757889],[-89.4102191,43.0757384],[-89.4100998,43.0757388],[-89.4100999,43.0757467],[-89.4100589,43.0757464],[-89.410059,43.0757377],[-89.4098994,43.0757387],[-89.4098988,43.0756677],[-89.4098923,43.0756677],[-89.4098922,43.0756545],[-89.4098995,43.0756544],[-89.4098987,43.0755502],[-89.4101437,43.0755491],[-89.4101437,43.0755404],[-89.410198,43.0755399],[-89.4101977,43.075504],[-89.4102801,43.0755037],[-89.4103625,43.0755034],[-89.4103627,43.0755393],[-89.4104183,43.0755393],[-89.4104184,43.0755492],[-89.4106656,43.0755481],[-89.4106671,43.0757382],[-89.410349,43.0757384],[-89.4104161,43.0757883],[-89.4104161,43.0758592],[-89.4105758,43.0758592],[-89.4105776,43.0759407]]]}},{"type":"Feature","id":38953095,"properties":{"osmId":38953095,"category":"academic","addr:city":"Madison","addr:country":"US","addr:housenumber":"1225","addr:state":"WI","addr:street":"Observatory Drive","building":"university","building:levels":"2","name":"Robert M. Lafollette School of Public Affairs","operator":"UW-Madison","wikidata":"Q7347147","wikipedia":"en:Robert M. La Follette School of Public Affairs"},"geometry":{"type":"Polygon","coordinates":[[[-89.4077227,43.0762878],[-89.407645,43.076288],[-89.4076451,43.0762985],[-89.4075573,43.0762987],[-89.4075572,43.0762787],[-89.4075444,43.0762787],[-89.4075437,43.0761425],[-89.4076661,43.0761422],[-89.4076662,43.0761556],[-89.407722,43.0761555],[-89.4077227,43.0762878]]]}},{"type":"Feature","id":38953112,"properties":{"osmId":38953112,"category":"residential","addr:city":"Madison","addr:housenumber":"1515","addr:postcode":"53706","addr:state":"WI","addr:street":"Tripp Circle","building":"dormitory","name":"Carson Gulley Center","name:etymology:wikidata":"Q5046935","name:etymology:wikipedia":"en:Carson Gulley","operator":"UW-Madison"},"geometry":{"type":"Polygon","coordinates":[[[-89.4113154,43.0773016],[-89.4114134,43.0773016],[-89.411454,43.0773016],[-89.4115188,43.0773016],[-89.4115188,43.0772458],[-89.4115187,43.0770496],[-89.4115187,43.0769945],[-89.4114893,43.0769945],[-89.4114893,43.0769744],[-89.4114583,43.0769744],[-89.4114271,43.0769744],[-89.4114272,43.0769945],[-89.4113198,43.0769945],[-89.4113198,43.0770616],[-89.4111457,43.0770616],[-89.4111457,43.077087],[-89.4111152,43.077087],[-89.4111152,43.0772115],[-89.4111517,43.0772115],[-89.4111517,43.0772874],[-89.4113154,43.0772874],[-89.4113154,43.0773016]]]}},{"type":"Feature","id":39015616,"properties":{"osmId":39015616,"category":"academic","addr:city":"Madison","addr:country":"US","addr:housenumber":"1400","addr:state":"WI","addr:street":"University Avenue","building":"university","ele":"285","gnis:feature_id":"1842529","name":"McArdle Building","source":"USGS Geonames"},"geometry":{"type":"Polygon","coordinates":[[[-89.4086583,43.0745277],[-89.4087356,43.074528],[-89.4088952,43.0745286],[-89.4092178,43.0745297],[-89.4092191,43.0743381],[-89.4086595,43.0743362],[-89.4086583,43.0745277]]]}},{"type":"Feature","id":39015618,"properties":{"osmId":39015618,"category":"academic","addr:city":"Madison","addr:country":"US","addr:housenumber":"427","addr:state":"WI","addr:street":"Lorch Court","building":"university","name":"Taylor Hall"},"geometry":{"type":"Polygon","coordinates":[[[-89.4094451,43.0744836],[-89.4094461,43.0744153],[-89.4094559,43.0744154],[-89.4094568,43.0743496],[-89.409447,43.0743495],[-89.4094482,43.0742652],[-89.4094494,43.0741795],[-89.4094592,43.0741796],[-89.40946,43.0741188],[-89.4094502,43.0741187],[-89.4094509,43.0740678],[-89.4094637,43.0740673],[-89.4094773,43.074054],[-89.4094769,43.0740447],[-89.4093177,43.0740435],[-89.4093163,43.0741464],[-89.4093131,43.0743772],[-89.4093117,43.0744826],[-89.4094451,43.0744836]]]}},{"type":"Feature","id":39015619,"properties":{"osmId":39015619,"category":"academic","addr:city":"Madison","addr:housenumber":"445","addr:state":"WI","addr:street":"Henry Mall","building":"university"},"geometry":{"type":"Polygon","coordinates":[[[-89.4100299,43.0744405],[-89.41003,43.0743914],[-89.4100302,43.0741607],[-89.4100303,43.074107],[-89.4099766,43.0741069],[-89.4099767,43.0740311],[-89.4099767,43.0740208],[-89.4098939,43.0740207],[-89.4098938,43.0741044],[-89.4097563,43.0741043],[-89.409756,43.0744385],[-89.4098046,43.0744385],[-89.4098046,43.0744533],[-89.4099731,43.0744535],[-89.4099731,43.0744405],[-89.4100299,43.0744405]]]}},{"type":"Feature","id":39015620,"properties":{"osmId":39015620,"category":"academic","addr:city":"Madison","addr:country":"US","addr:housenumber":"425","addr:state":"WI","addr:street":"Henry Mall","building":"university","building:levels":"4","building:levels:underground":"1","name":"Genetics-Biotechnology Center Building"},"geometry":{"type":"Polygon","coordinates":[[[-89.4097774,43.0737569],[-89.4097775,43.0737277],[-89.4097672,43.0737277],[-89.4097673,43.0736743],[-89.4097673,43.0736409],[-89.4100337,43.0736411],[-89.4100307,43.0738992],[-89.4100291,43.0740307],[-89.4099767,43.0740311],[-89.4099767,43.0740208],[-89.4098939,43.0740207],[-89.409366,43.0740204],[-89.4093661,43.0739681],[-89.4092216,43.073968],[-89.4092217,43.0739035],[-89.4091601,43.0739035],[-89.40916,43.0739368],[-89.4086835,43.0739365],[-89.4086838,43.0736931],[-89.408669,43.0736931],[-89.4086691,43.0736321],[-89.4091202,43.0736324],[-89.4091201,43.0736418],[-89.4091985,43.0736419],[-89.4092226,43.0736419],[-89.4092226,43.0736343],[-89.4093547,43.0736344],[-89.4093545,43.0737531],[-89.4093656,43.0737531],[-89.409443,43.0737531],[-89.4094431,43.0737056],[-89.409612,43.0737057],[-89.4096119,43.0737568],[-89.4097774,43.0737569]]]}},{"type":"Feature","id":39015623,"properties":{"osmId":39015623,"category":"academic","addr:city":"Madison","addr:housenumber":"470","addr:postcode":"53706","addr:state":"WI","addr:street":"North Charter Street","building":"university","name":"Service Memorial Institute"},"geometry":{"type":"Polygon","coordinates":[[[-89.4064802,43.0743606],[-89.4064671,43.0743605],[-89.4064673,43.0743489],[-89.4064675,43.0743165],[-89.406468,43.0742792],[-89.4064681,43.0742729],[-89.4065631,43.0742735],[-89.4065945,43.0742737],[-89.4066702,43.0742742],[-89.406671,43.0742001],[-89.4068501,43.0742012],[-89.40685,43.0742087],[-89.4069779,43.0742095],[-89.4069789,43.0741199],[-89.4072953,43.0741219],[-89.4072924,43.0743675],[-89.407291,43.0744923],[-89.4072287,43.0744919],[-89.4072086,43.0744918],[-89.4072078,43.074559],[-89.4071963,43.0745589],[-89.4071944,43.0747109],[-89.4070784,43.07471],[-89.4070785,43.0747058],[-89.4070075,43.0747052],[-89.4070084,43.0746625],[-89.4070081,43.074621],[-89.4069142,43.0746204],[-89.4069153,43.0745753],[-89.4069157,43.0745499],[-89.4066673,43.0745483],[-89.4066668,43.0745924],[-89.4064811,43.0745909],[-89.4064773,43.0745921],[-89.4064761,43.0745905],[-89.4064802,43.0743606]]]}},{"type":"Feature","id":39015624,"properties":{"osmId":39015624,"category":"academic","addr:city":"Madison","addr:country":"US","addr:housenumber":"1350","addr:postcode":"53706","addr:state":"WI","addr:street":"University Avenue","building":"university","name":"School of Social Work Building"},"geometry":{"type":"Polygon","coordinates":[[[-89.4081319,43.0740633],[-89.4081391,43.0740634],[-89.4081395,43.0740169],[-89.4082782,43.0740176],[-89.4082777,43.0740631],[-89.408286,43.0740631],[-89.4082832,43.074347],[-89.4084762,43.074348],[-89.408475,43.0744717],[-89.4079325,43.0744689],[-89.4079337,43.0743437],[-89.4081291,43.0743447],[-89.4081319,43.0740633]]]}},{"type":"Feature","id":39201158,"properties":{"osmId":39201158,"category":"academic","addr:city":"Madison","addr:country":"US","addr:housenumber":"475","addr:state":"WI","addr:street":"North Charter Street","building":"university","name":"Sterling Hall"},"geometry":{"type":"Polygon","coordinates":[[[-89.4059628,43.0749111],[-89.4059635,43.0748612],[-89.4059636,43.0748507],[-89.4059637,43.0748415],[-89.4059667,43.0746469],[-89.405967,43.0746304],[-89.4059708,43.0743488],[-89.4056147,43.0743461],[-89.4055755,43.0743458],[-89.4055291,43.0743455],[-89.4055293,43.0743308],[-89.4054465,43.0743302],[-89.405285,43.074329],[-89.4052847,43.0743491],[-89.4048864,43.0743462],[-89.4048382,43.0743459],[-89.4048374,43.0744073],[-89.4048372,43.0744214],[-89.4048371,43.0744316],[-89.4048363,43.0744895],[-89.404991,43.0744906],[-89.4052944,43.0744928],[-89.4052943,43.0745029],[-89.4053034,43.074502],[-89.4053449,43.0745024],[-89.40575,43.0745059],[-89.4057496,43.0745357],[-89.4057494,43.074547],[-89.4057493,43.0745597],[-89.4057471,43.0747398],[-89.4055877,43.0747387],[-89.4055876,43.0747485],[-89.4055873,43.0747623],[-89.4055856,43.0748987],[-89.4055958,43.0748988],[-89.4057441,43.0748997],[-89.4057473,43.0749095],[-89.4059628,43.0749111]]]}},{"type":"Feature","id":39201159,"properties":{"osmId":39201159,"category":"academic","addr:city":"Madison","addr:country":"US","addr:housenumber":"1150","addr:state":"WI","addr:street":"University Avenue","building":"university","building:levels":"5","name":"Chamberlin Hall","official_name":"Thomas C. Chamberlin Hall"},"geometry":{"type":"Polygon","coordinates":[[[-89.4057567,43.0742913],[-89.4057572,43.0742201],[-89.4057574,43.074189],[-89.4059665,43.0741898],[-89.405968,43.0739849],[-89.4060396,43.0739852],[-89.4060399,43.0739432],[-89.4060402,43.0739063],[-89.4059682,43.073906],[-89.4059693,43.0737489],[-89.405985,43.073749],[-89.4059859,43.0736278],[-89.4059763,43.0736277],[-89.4059764,43.0736226],[-89.4059683,43.0736226],[-89.4059684,43.0736188],[-89.4058581,43.0736183],[-89.4058581,43.0736226],[-89.4055724,43.0736213],[-89.4055725,43.0736133],[-89.4055261,43.0736131],[-89.4055262,43.0736061],[-89.4054548,43.0736058],[-89.4053753,43.0736055],[-89.4052975,43.0736052],[-89.4052974,43.0736114],[-89.4052516,43.0736112],[-89.4052515,43.073616],[-89.4051959,43.0736158],[-89.4049552,43.0736149],[-89.4049553,43.0736096],[-89.4048563,43.0736092],[-89.4048563,43.0736138],[-89.4048497,43.0736138],[-89.4048496,43.0736189],[-89.4048448,43.0736189],[-89.4048439,43.0737414],[-89.4048545,43.0737415],[-89.4048529,43.0739447],[-89.4048514,43.0741479],[-89.4050243,43.0741486],[-89.4050254,43.0740043],[-89.4050258,43.0739481],[-89.4050844,43.0739483],[-89.405084,43.0740048],[-89.4052607,43.0740055],[-89.4055126,43.0740065],[-89.4055105,43.0742903],[-89.4055767,43.0742906],[-89.4056154,43.0742907],[-89.4057567,43.0742913]]]}},{"type":"Feature","id":39201160,"properties":{"osmId":39201160,"category":"academic","building":"university","check_date":"2024-06-20","name":"Botany Greenhouse","operator":"University Of Wisconsin Botany"},"geometry":{"type":"Polygon","coordinates":[[[-89.4040252,43.0743169],[-89.40396,43.0743107],[-89.403946,43.0743888],[-89.403876,43.0743821],[-89.4038787,43.0743669],[-89.4038053,43.0742945],[-89.4036868,43.0742845],[-89.4035879,43.0743329],[-89.4035858,43.0743444],[-89.4035481,43.0743407],[-89.4035538,43.0743097],[-89.4035344,43.0743078],[-89.4035438,43.0742576],[-89.4035623,43.0742594],[-89.4035999,43.0740564],[-89.4036764,43.074064],[-89.4036775,43.074058],[-89.403754,43.0740655],[-89.4037523,43.074075],[-89.4039843,43.0740973],[-89.4039803,43.0741197],[-89.4039783,43.074131],[-89.4040572,43.0741386],[-89.4040252,43.0743169]]]}},{"type":"Feature","id":39201161,"properties":{"osmId":39201161,"category":"academic","addr:city":"Madison","addr:country":"US","addr:housenumber":"1050","addr:state":"WI","addr:street":"University Avenue","building":"university","building:levels":"3","name":"Lathrop Hall","roof:levels":"1","wikidata":"Q6495960","wikipedia":"en:Lathrop Hall"},"geometry":{"type":"Polygon","coordinates":[[[-89.4034868,43.0738104],[-89.4032833,43.0738083],[-89.4032837,43.0737885],[-89.4031031,43.0737866],[-89.4031022,43.0738309],[-89.4030122,43.07383],[-89.402928,43.0738291],[-89.4029288,43.0737835],[-89.4027441,43.0737816],[-89.4027437,43.0738012],[-89.4025406,43.073799],[-89.4025448,43.0736734],[-89.4025452,43.0735672],[-89.4027488,43.0735693],[-89.4027484,43.0735891],[-89.4029799,43.0735915],[-89.4030221,43.073592],[-89.4030605,43.0735924],[-89.4031386,43.0735932],[-89.4032884,43.0735947],[-89.4032887,43.0735768],[-89.4034912,43.0735789],[-89.4034868,43.0738104]]]}},{"type":"Feature","id":39201162,"properties":{"osmId":39201162,"category":"residential","addr:city":"Madison","addr:country":"US","addr:housenumber":"970","addr:state":"WI","addr:street":"University Avenue","building":"dormitory","building:levels":"5","name":"Barnard Residence Hall","operator":"UW-Madison"},"geometry":{"type":"Polygon","coordinates":[[[-89.4023864,43.0739021],[-89.402342,43.0739008],[-89.4020242,43.0738975],[-89.4020254,43.073835],[-89.4020241,43.0737546],[-89.4020626,43.0737549],[-89.4021837,43.0737559],[-89.4021848,43.0736793],[-89.4021859,43.0736015],[-89.4020626,43.0736006],[-89.4020264,43.0736003],[-89.4020285,43.0734556],[-89.4023931,43.0734585],[-89.4023864,43.0739021]]]}},{"type":"Feature","id":39201163,"properties":{"osmId":39201163,"category":"academic","addr:city":"Madison","addr:housenumber":"925","addr:state":"WI","addr:street":"Bascom Mall","building":"university","building:levels":"2","name":"Music Hall","roof:levels":"1"},"geometry":{"type":"Polygon","coordinates":[[[-89.4016616,43.0747132],[-89.4015758,43.0747127],[-89.4015588,43.0747126],[-89.4015456,43.0747125],[-89.4014542,43.074712],[-89.4014542,43.0747066],[-89.4013899,43.0747062],[-89.4013896,43.074741],[-89.4012845,43.0747404],[-89.4012653,43.0747403],[-89.4012488,43.0747402],[-89.401144,43.0747397],[-89.401125,43.0747396],[-89.4011073,43.0747395],[-89.4010881,43.0747394],[-89.4010887,43.0746834],[-89.401099,43.0746834],[-89.4011001,43.0745641],[-89.4011113,43.0745641],[-89.4011114,43.0745483],[-89.4011116,43.0745336],[-89.4011442,43.0745338],[-89.4011541,43.0745338],[-89.4011542,43.0745267],[-89.4011923,43.0745269],[-89.4013031,43.0745274],[-89.4013864,43.0745278],[-89.4013896,43.074534],[-89.401431,43.0745342],[-89.4014657,43.0745344],[-89.4014661,43.0744981],[-89.401472,43.0744982],[-89.4016639,43.0744993],[-89.4016616,43.0747132]]]}},{"type":"Feature","id":39201164,"properties":{"osmId":39201164,"category":"residential","addr:city":"Madison","addr:country":"US","addr:housenumber":"420","addr:state":"WI","addr:street":"North Park Street","building":"dormitory","building:levels":"11","building:units":"1-1100","name":"Chadbourne Residence Hall","operator":"UW-Madison"},"geometry":{"type":"Polygon","coordinates":[[[-89.4010965,43.0740773],[-89.4010099,43.0740415],[-89.4010336,43.0740168],[-89.4010215,43.0740117],[-89.400973,43.0739911],[-89.401076,43.0738614],[-89.4010763,43.0738361],[-89.4010091,43.0738356],[-89.4010094,43.0738113],[-89.4010096,43.0737898],[-89.4010774,43.0737903],[-89.4010777,43.0737633],[-89.4009758,43.0736286],[-89.4009959,43.0736205],[-89.4010253,43.0736086],[-89.4010194,43.0736008],[-89.4010133,43.0735928],[-89.4010102,43.0735887],[-89.401102,43.0735516],[-89.4011168,43.0735711],[-89.4011295,43.0735659],[-89.4011426,43.0735832],[-89.4012225,43.0736889],[-89.4012104,43.0736938],[-89.4012216,43.0737086],[-89.4012456,43.0737187],[-89.4012613,43.0736989],[-89.4012475,43.073693],[-89.4012673,43.073668],[-89.4013711,43.0737119],[-89.4013508,43.0737376],[-89.4013349,43.0737309],[-89.4013196,43.0737503],[-89.4013522,43.0737641],[-89.4013808,43.0737643],[-89.4013809,43.0737535],[-89.4015519,43.0737547],[-89.4015518,43.073766],[-89.4015868,43.0737663],[-89.4015854,43.073829],[-89.40155,43.0738286],[-89.4015492,43.0738698],[-89.4013443,43.0738683],[-89.4012538,43.0739054],[-89.4012182,43.07392],[-89.4010965,43.0740773]]]}},{"type":"Feature","id":39201168,"properties":{"osmId":39201168,"category":"academic","addr:city":"Madison","addr:country":"US","addr:housenumber":"1055","addr:state":"WI","addr:street":"Bascom Mall","building":"university","building:colour":"tan","building:levels":"4","name":"South Hall","roof:levels":"0","roof:shape":"hipped"},"geometry":{"type":"Polygon","coordinates":[[[-89.4031739,43.0749598],[-89.4032349,43.0746483],[-89.4030741,43.0746315],[-89.4030131,43.074943],[-89.4030224,43.074944],[-89.4031578,43.0749581],[-89.4031739,43.0749598]]]}},{"type":"Feature","id":49982700,"properties":{"osmId":49982700,"category":"athletic","addr:city":"Madison","addr:housenumber":"601","addr:street":"West Dayton Street","building":"stadium","building:levels":"4","leisure":"stadium","name":"Kohl Center","sport":"basketball;ice_hockey","wheelchair":"yes","wikidata":"Q1578408","wikipedia":"en:Kohl Center"},"geometry":{"type":"Polygon","coordinates":[[[-89.3976526,43.0693349],[-89.3976558,43.0693902],[-89.397655,43.0694509],[-89.3976356,43.0695341],[-89.3976213,43.0695771],[-89.3975886,43.0696425],[-89.3975533,43.0696964],[-89.3975197,43.0697381],[-89.3974549,43.0698017],[-89.3974245,43.0698283],[-89.3973987,43.0698527],[-89.3973992,43.0699832],[-89.3973066,43.0699107],[-89.3972222,43.0699517],[-89.397145,43.069982],[-89.3970573,43.0700078],[-89.396972,43.0700256],[-89.3969485,43.0700305],[-89.3968635,43.0700406],[-89.3967816,43.0700443],[-89.3966964,43.0700442],[-89.396603,43.0700362],[-89.3965149,43.0700213],[-89.3964877,43.0700141],[-89.3964341,43.0700001],[-89.3963564,43.0699759],[-89.3962992,43.0699558],[-89.396247,43.0699304],[-89.3962221,43.0699188],[-89.3962027,43.069908],[-89.3960866,43.0699051],[-89.3961166,43.0688023],[-89.3961241,43.0688054],[-89.396124,43.0687724],[-89.3961832,43.0687912],[-89.3962342,43.068806],[-89.3962327,43.0688378],[-89.3962385,43.0688393],[-89.3963401,43.0688706],[-89.3963501,43.0688641],[-89.3963668,43.068855],[-89.3963901,43.0688466],[-89.3964065,43.06884],[-89.3964315,43.0688316],[-89.3964542,43.0688247],[-89.3964834,43.0688169],[-89.3965093,43.0688109],[-89.396538,43.0688048],[-89.3965656,43.0688002],[-89.3966007,43.0687943],[-89.3966354,43.0687903],[-89.3966612,43.0687883],[-89.3966949,43.0687873],[-89.3967231,43.0687866],[-89.3967536,43.0687863],[-89.3967812,43.0687861],[-89.3968122,43.068786],[-89.3968408,43.0687874],[-89.3968705,43.068789],[-89.3968977,43.0687913],[-89.3969214,43.0687944],[-89.3969533,43.0687993],[-89.3969798,43.0688038],[-89.3970246,43.0688146],[-89.3970555,43.0688232],[-89.3970984,43.0688358],[-89.397103,43.0688285],[-89.3974142,43.0689219],[-89.3974262,43.0689255],[-89.3974158,43.0693042],[-89.3976514,43.0693065],[-89.3976526,43.0693349]]]}},{"type":"Feature","id":56997835,"properties":{"osmId":56997835,"category":"academic","addr:city":"Madison","addr:country":"US","addr:housenumber":"1513","addr:state":"WI","addr:street":"University Avenue","building":"university","building:levels":"3","building:levels:underground":"1","name":"Mechanical Engineering Building","roof:levels":"1"},"geometry":{"type":"Polygon","coordinates":[[[-89.4120207,43.0725127],[-89.4120168,43.0727566],[-89.4120095,43.0731248],[-89.4121531,43.0731263],[-89.4121525,43.0731566],[-89.4122205,43.0731573],[-89.4126557,43.0731617],[-89.4127262,43.0731624],[-89.4127267,43.0731319],[-89.4128743,43.0731334],[-89.4128781,43.0729749],[-89.412878,43.0729457],[-89.4128878,43.0724231],[-89.4127045,43.0724212],[-89.4127054,43.0723758],[-89.4122058,43.0723708],[-89.4122049,43.0724162],[-89.4120229,43.0724143],[-89.4120207,43.0725127]]]}},{"type":"Feature","id":56997836,"properties":{"osmId":56997836,"category":"academic","addr:city":"Madison","addr:country":"US","addr:housenumber":"1550","addr:state":"WI","addr:street":"Engineering Drive","building":"university","building:levels":"3","building:levels:underground":"1","name":"Engineering Centers Building","roof:levels":"1"},"geometry":{"type":"Polygon","coordinates":[[[-89.4137525,43.0730844],[-89.4137659,43.0723745],[-89.4137334,43.0723683],[-89.4137319,43.0723113],[-89.4133398,43.0723068],[-89.4133151,43.0723122],[-89.413138,43.0722856],[-89.413108,43.0722876],[-89.4131117,43.0723404],[-89.4130978,43.0723414],[-89.4130987,43.072393],[-89.4131155,43.0723932],[-89.4131186,43.0724371],[-89.4130974,43.0724379],[-89.4130842,43.0729473],[-89.4130836,43.0729781],[-89.4130789,43.073162],[-89.4131736,43.0731671],[-89.4132756,43.0731682],[-89.4133791,43.0731614],[-89.4134941,43.0731472],[-89.4135655,43.0731335],[-89.4136506,43.0731155],[-89.4137525,43.0730844]]]}},{"type":"Feature","id":56997837,"properties":{"osmId":56997837,"category":"academic","addr:city":"Madison","addr:country":"US","addr:housenumber":"1500","addr:state":"WI","addr:street":"Engineering Drive","building":"university","building:levels":"13","building:levels:underground":"1","height":"56","name":"Engineering Research Building","roof:levels":"1"},"geometry":{"type":"Polygon","coordinates":[[[-89.4117186,43.0724766],[-89.4116723,43.0724762],[-89.4116726,43.0724506],[-89.411283,43.0724479],[-89.4112827,43.0724707],[-89.4112355,43.0724704],[-89.4112332,43.072644],[-89.4112801,43.0726443],[-89.4112798,43.0726687],[-89.4113178,43.072669],[-89.4113522,43.0726692],[-89.4113511,43.0727524],[-89.4120168,43.0727566],[-89.4120207,43.0725127],[-89.4117181,43.0725111],[-89.4117186,43.0724766]]]}},{"type":"Feature","id":56997838,"properties":{"osmId":56997838,"category":"academic","addr:city":"Madison","addr:housenumber":"1415","addr:state":"WI","addr:street":"Engineering Drive","building":"university","building:levels":"5","name":"Engineering Hall","roof:levels":"1","source":"map.wisc.edu"},"geometry":{"type":"Polygon","coordinates":[[[-89.4112652,43.072121],[-89.4108311,43.0721164],[-89.4108305,43.0721461],[-89.4107567,43.0721453],[-89.410756,43.0721799],[-89.4098799,43.0721707],[-89.4098805,43.0721361],[-89.4098115,43.0721354],[-89.4098121,43.0721057],[-89.4093696,43.0721011],[-89.4093723,43.0719655],[-89.4096855,43.0719688],[-89.4096882,43.0718319],[-89.4093011,43.0718279],[-89.409304,43.0716848],[-89.4096897,43.0716888],[-89.4096923,43.0715575],[-89.4093746,43.0715542],[-89.4093778,43.0713933],[-89.4112792,43.0714132],[-89.4112761,43.0715694],[-89.411011,43.0715666],[-89.4110083,43.0717021],[-89.4112755,43.0717049],[-89.4112727,43.0718456],[-89.4110024,43.0718427],[-89.4110002,43.0719546],[-89.4112684,43.0719574],[-89.4112652,43.072121]]]}},{"type":"Feature","id":58675200,"properties":{"osmId":58675200,"category":"athletic","addr:city":"Madison","addr:housenumber":"1436","addr:postcode":"53711","addr:state":"WI","addr:street":"Monroe Street","building":"yes","ele":"265","gnis:feature_id":"1842530","leisure":"sports_centre","name":"McClain Athletic Facility","operator":"University of Wisconsin","source":"USGS Geonames"},"geometry":{"type":"Polygon","coordinates":[[[-89.4119407,43.0712089],[-89.4120418,43.0712107],[-89.4121745,43.0710678],[-89.4120764,43.0710126],[-89.4119973,43.0709647],[-89.411937,43.0709196],[-89.4119018,43.0708932],[-89.4118251,43.0708298],[-89.4117574,43.0707522],[-89.4117084,43.0706796],[-89.4116672,43.0706154],[-89.4116495,43.0705799],[-89.4114548,43.0705826],[-89.4105066,43.0705868],[-89.410507,43.0706596],[-89.4105301,43.0706601],[-89.4105304,43.0711584],[-89.4105091,43.0711584],[-89.41051,43.0712358],[-89.4119398,43.0712343],[-89.4119407,43.0712089]]]}},{"type":"Feature","id":60320800,"properties":{"osmId":60320800,"category":"academic","addr:city":"Madison","addr:country":"US","addr:housenumber":"1509","addr:state":"WI","addr:street":"University Avenue","building":"university","building:levels":"3","building:levels:underground":"0","name":"Materials Science and Engineering","roof:levels":"1","roof:shape":"gabled"},"geometry":{"type":"Polygon","coordinates":[[[-89.4116766,43.0731482],[-89.4116637,43.0731481],[-89.4116635,43.0731642],[-89.4115072,43.0731632],[-89.4115074,43.0731472],[-89.4113972,43.0731465],[-89.4113971,43.0731537],[-89.4113294,43.0731533],[-89.4112643,43.0731529],[-89.4112644,43.0731457],[-89.4111596,43.0731451],[-89.4111595,43.0731595],[-89.4109806,43.0731585],[-89.4109808,43.0731441],[-89.4108988,43.0731436],[-89.4109021,43.0728462],[-89.4112667,43.0728484],[-89.4112669,43.0728249],[-89.4113158,43.0728252],[-89.4113498,43.0728254],[-89.4114115,43.0728258],[-89.4114112,43.0728492],[-89.4115029,43.0728498],[-89.4115029,43.0728538],[-89.4116164,43.0728545],[-89.4116158,43.0729093],[-89.4116792,43.0729097],[-89.4116766,43.0731482]]]}},{"type":"Feature","id":101606146,"properties":{"osmId":101606146,"category":"academic","addr:city":"Madison","addr:country":"US","addr:housenumber":"728","addr:state":"WI","addr:street":"State Street","air_conditioning":"yes","amenity":"library","building":"university","building:levels":"7","ele":"262","gnis:feature_id":"1842542","internet_access":"yes","internet_access:fee":"no","name":"Memorial Library","opening_hours":"Mo-Fr 08:00-21:45; Sa,Su 10:00-21:45","operator":"University of Wisconsin","operator:type":"university","phone":"+1-608-262-3343","ref:isil":"US-wumu","roof:levels":"0","roof:shape":"flat","start_date":"1953","toilets:wheelchair":"yes","website":"https://www.library.wisc.edu/memorial/","wheelchair":"yes"},"geometry":{"type":"Polygon","coordinates":[[[-89.3984895,43.0750649],[-89.398489,43.0750846],[-89.3984873,43.0751589],[-89.3984807,43.0751588],[-89.3984782,43.0752668],[-89.3984771,43.0753132],[-89.3984901,43.0753133],[-89.3984893,43.0753462],[-89.3984941,43.0753463],[-89.3984935,43.0753697],[-89.3984928,43.0753981],[-89.3984923,43.0754193],[-89.3984874,43.0754193],[-89.3984866,43.0754519],[-89.3984718,43.0754517],[-89.3984709,43.0754865],[-89.3984679,43.0756082],[-89.3984733,43.0756083],[-89.3984718,43.0756681],[-89.398471,43.0756991],[-89.3983021,43.0756968],[-89.3983019,43.0757052],[-89.3982578,43.0757046],[-89.3982156,43.0757041],[-89.3982159,43.0756923],[-89.3976823,43.0756851],[-89.3976822,43.075688],[-89.3975397,43.0756861],[-89.3975399,43.075678],[-89.3974609,43.075677],[-89.3974614,43.075659],[-89.397464,43.0755532],[-89.3975028,43.0755537],[-89.3975414,43.0755543],[-89.3975418,43.0755374],[-89.3975423,43.0755171],[-89.3975491,43.0755172],[-89.3975516,43.075416],[-89.3975528,43.0753665],[-89.3975864,43.075367],[-89.3975866,43.0753571],[-89.3975532,43.0753567],[-89.3975396,43.0753565],[-89.3975203,43.0753562],[-89.3974898,43.0753558],[-89.3974712,43.0753556],[-89.3974791,43.0750288],[-89.3974899,43.075029],[-89.3974902,43.0750183],[-89.3974905,43.0750047],[-89.3978949,43.0750098],[-89.3978946,43.075023],[-89.3978938,43.075057],[-89.3981236,43.0750599],[-89.3981369,43.075051],[-89.3981525,43.0750485],[-89.398171,43.075052],[-89.3981862,43.0750611],[-89.3984895,43.0750649]]]}},{"type":"Feature","id":101606150,"properties":{"osmId":101606150,"category":"academic","addr:city":"Madison","addr:country":"US","addr:housenumber":"432","addr:state":"WI","addr:street":"North Lake Street","building":"university","building:levels":"8","name":"Extension Building","roof:levels":"0"},"geometry":{"type":"Polygon","coordinates":[[[-89.3980882,43.0743876],[-89.3979979,43.074386],[-89.397997,43.0744116],[-89.3977911,43.074408],[-89.3977921,43.0743789],[-89.3977461,43.0743781],[-89.3976915,43.0743771],[-89.3976995,43.0741354],[-89.3977002,43.074114],[-89.397701,43.0740914],[-89.3977015,43.0740753],[-89.3978066,43.0740771],[-89.3978078,43.0740415],[-89.3978084,43.0740235],[-89.3980099,43.0740271],[-89.3980093,43.0740439],[-89.3980082,43.0740763],[-89.3980986,43.0740779],[-89.3980977,43.0741058],[-89.3980965,43.0741417],[-89.3980913,43.0742948],[-89.3980903,43.0743265],[-89.3980885,43.074379],[-89.3980882,43.0743876]]]}},{"type":"Feature","id":102201656,"properties":{"osmId":102201656,"category":"residential","addr:city":"Madison","addr:housenumber":"919","addr:state":"WI","addr:street":"West Dayton Street","alt_name":"Merit House","building":"dormitory","ele":"262","gnis:feature_id":"1842548","name":"Merit Residence Hall","operator":"UW-Madison","source":"USGS Geonames"},"geometry":{"type":"Polygon","coordinates":[[[-89.4017693,43.0707137],[-89.40175,43.0706983],[-89.4016292,43.0706977],[-89.4016142,43.0707102],[-89.4014684,43.0707082],[-89.4014677,43.0707002],[-89.401433,43.0707002],[-89.401397,43.0707002],[-89.401397,43.0707073],[-89.4012523,43.0707056],[-89.401234,43.0706919],[-89.4011187,43.0706907],[-89.4010933,43.0707088],[-89.4010947,43.0707914],[-89.401108,43.070804],[-89.4011145,43.0708101],[-89.4012373,43.0708113],[-89.4012515,43.0707989],[-89.4016058,43.0708013],[-89.4016256,43.0708157],[-89.4017444,43.070816],[-89.4017442,43.0707994],[-89.4017616,43.070799],[-89.4017692,43.0707988],[-89.4017693,43.0707137]]]}},{"type":"Feature","id":102234779,"properties":{"osmId":102234779,"category":"academic","addr:housenumber":"111","addr:street":"North Frances Street","building":"university","building:levels":"2","name":"Art Lofts","roof:levels":"0","source":"Tanya Buckinham: map.wisc.edu"},"geometry":{"type":"Polygon","coordinates":[[[-89.3958694,43.0687298],[-89.3953059,43.0686198],[-89.3951366,43.0687405],[-89.3946209,43.069108],[-89.3946176,43.0691405],[-89.3950055,43.0691473],[-89.3949277,43.0693936],[-89.3952258,43.0694426],[-89.3952427,43.0693844],[-89.3957488,43.0694707],[-89.3958387,43.0691925],[-89.3957377,43.0691764],[-89.3958694,43.0687298]]]}},{"type":"Feature","id":102234781,"properties":{"osmId":102234781,"category":"medical","addr:city":"Madison","addr:housenumber":"675","addr:postcode":"53703","addr:street":"West Washington Avenue","amenity":"clinic","building":"commercial","building:levels":"2","check_date":"2025-09-13","dispensing":"yes","healthcare":"clinic","healthcare:speciality":"community;internal;occupational;paediatrics;physiatry","name":"Group Health Cooperative Capitol Clinic","opening_hours":"Mo-Th 08:00-19:00; We,Fr 08:00-17:00 open \"General Clinic\" || Mo-Fr 08:00-21:00; Sa,Su 09:00-21:00 open \"Urgent Care\" || Mo-Fr 07:30-21:00; Sa,Su 09:00-21:00 open \"Lab\" || Mo-Fr 08:00-19:00; Sa,Su 09:00-17:00 open \"Pharmacy\"","opening_hours:url":"https://www.ghcscw.com/clinic-provider-search#/clinic-detail/Capitol%20Clinic","operational_status":"operational","operator":"Group Health Cooperative","operator:type":"private_non_profit","phone":"+1-608-257-9700","roof:levels":"0","website":"https://www.ghcscw.com/"},"geometry":{"type":"Polygon","coordinates":[[[-89.3944909,43.067041],[-89.394413,43.0669819],[-89.3943896,43.0669983],[-89.3943242,43.0669486],[-89.3942838,43.066977],[-89.3942886,43.0669806],[-89.3940562,43.0671439],[-89.3939849,43.0670898],[-89.3938487,43.0671854],[-89.394114,43.0673869],[-89.3942499,43.0672915],[-89.3942369,43.0672816],[-89.3943104,43.06723],[-89.3943219,43.0672388],[-89.3943779,43.0671994],[-89.3943659,43.0671902],[-89.394453,43.067129],[-89.3944631,43.0671367],[-89.3945168,43.0670989],[-89.3944648,43.0670594],[-89.3944909,43.067041]]]}},{"type":"Feature","id":102236886,"properties":{"osmId":102236886,"category":"medical","addr:city":"Madison","addr:housenumber":"801","addr:state":"WI","addr:street":"Braxton Place","building":"hospital","name":"Select Specialty Hospital"},"geometry":{"type":"Polygon","coordinates":[[[-89.3994429,43.0656009],[-89.3992431,43.0656018],[-89.3992473,43.0661338],[-89.3994471,43.0661329],[-89.3994456,43.0659389],[-89.3996722,43.0659379],[-89.3996711,43.0657968],[-89.3994444,43.0657978],[-89.3994429,43.0656009]]]}},{"type":"Feature","id":102236889,"properties":{"osmId":102236889,"category":"medical","amenity":"clinic","building":"yes","check_date":"2025-09-13","healthcare":"clinic","name":"1 South Park UW Health Clinic","toilets:wheelchair":"yes","wheelchair":"yes"},"geometry":{"type":"Polygon","coordinates":[[[-89.3997048,43.0668965],[-89.3997115,43.0670624],[-89.399254,43.0670691],[-89.3992421,43.0670693],[-89.3992417,43.0671045],[-89.3994869,43.0671023],[-89.3994873,43.0671628],[-89.3994423,43.0671628],[-89.3994399,43.0671973],[-89.3994287,43.0671977],[-89.3994296,43.067252],[-89.3994904,43.0672514],[-89.3994922,43.0672703],[-89.3997982,43.067265],[-89.3997982,43.0672563],[-89.3998527,43.0672563],[-89.3998536,43.0672951],[-89.4003151,43.0672881],[-89.4003374,43.0673018],[-89.4003921,43.0673021],[-89.4004162,43.0672833],[-89.4004171,43.0672455],[-89.4003939,43.0672309],[-89.4003836,43.0668665],[-89.4001345,43.06687],[-89.4001341,43.0668532],[-89.4000803,43.0668179],[-89.400065,43.0668182],[-89.4000155,43.0668192],[-89.4000177,43.0668764],[-89.3999766,43.0668772],[-89.3999525,43.0668937],[-89.3997048,43.0668965]]]}},{"type":"Feature","id":102239119,"properties":{"osmId":102239119,"category":"residential","addr:city":"Madison","addr:housenumber":"35","addr:postcode":"53715","addr:state":"WI","addr:street":"North Park Street","alt_name":"Newell Smith Residence Hall","building":"dormitory","building:colour":"tan","building:levels":"7","name":"Smith Residence Hall","operator":"UW-Madison","source":"Tanya Buckinham: map.wisc.edu"},"geometry":{"type":"Polygon","coordinates":[[[-89.400299,43.0685712],[-89.4002574,43.068571],[-89.4002569,43.0685578],[-89.4001869,43.0685563],[-89.4001867,43.0685693],[-89.4001411,43.0685701],[-89.4001383,43.0685964],[-89.4000878,43.068595],[-89.4000828,43.0688062],[-89.4001323,43.0688062],[-89.4001334,43.068853],[-89.4000828,43.0688512],[-89.4000827,43.069062],[-89.4001313,43.0690619],[-89.400131,43.0691095],[-89.4002911,43.0691113],[-89.40031,43.0691204],[-89.4003878,43.0691201],[-89.4003891,43.0690643],[-89.4004216,43.0690643],[-89.4004351,43.0690643],[-89.4004348,43.0691487],[-89.400485,43.0691489],[-89.4004839,43.0692027],[-89.4004351,43.0692019],[-89.4004293,43.0693887],[-89.4004251,43.069502],[-89.4004743,43.0695036],[-89.4004742,43.0695308],[-89.4005163,43.0695313],[-89.4005158,43.0695437],[-89.4005512,43.0695443],[-89.4005914,43.069545],[-89.4005912,43.0695333],[-89.4006331,43.0695334],[-89.4006334,43.0695064],[-89.400682,43.0695075],[-89.4006861,43.0692026],[-89.4006345,43.0692025],[-89.4006365,43.0691536],[-89.4006874,43.0691535],[-89.4006936,43.0689446],[-89.4006465,43.0689437],[-89.4006461,43.068911],[-89.400502,43.0689102],[-89.4004924,43.0688967],[-89.4004736,43.068883],[-89.4004535,43.0688762],[-89.4004334,43.0688752],[-89.4004106,43.0688781],[-89.4003971,43.0688889],[-89.4003864,43.0689016],[-89.4003744,43.0689271],[-89.4003747,43.068948],[-89.4003395,43.0689484],[-89.400341,43.0688549],[-89.4002926,43.0688549],[-89.4002933,43.0688076],[-89.4003481,43.0688076],[-89.4003464,43.0686011],[-89.400299,43.0686011],[-89.400299,43.0685712]]]}},{"type":"Feature","id":102316962,"properties":{"osmId":102316962,"category":"residential","addr:housenumber":"611","addr:street":"Langdon Street","building":"dormitory","building:levels":"5","layer":"0","name":"UW Hillel","religion":"jewish"},"geometry":{"type":"Polygon","coordinates":[[[-89.3961765,43.0754717],[-89.3961236,43.0754711],[-89.3961236,43.0754329],[-89.396125,43.0753796],[-89.3959593,43.0753773],[-89.3959601,43.0753439],[-89.395941,43.0753429],[-89.3958443,43.0753414],[-89.3958247,43.0753418],[-89.3958246,43.0753468],[-89.3958222,43.0754231],[-89.395817,43.0755943],[-89.3958555,43.0755947],[-89.3958521,43.0756532],[-89.3959441,43.0756461],[-89.3959447,43.0756375],[-89.39607,43.0756402],[-89.3960685,43.0756582],[-89.3961174,43.0756598],[-89.3961175,43.0756712],[-89.3961709,43.0756725],[-89.3961722,43.0756438],[-89.3961959,43.0756441],[-89.396198,43.0755484],[-89.3961748,43.0755482],[-89.3961765,43.0754717]]]}},{"type":"Feature","id":102318275,"properties":{"osmId":102318275,"category":"residential","addr:housenumber":"622","addr:street":"Mendota Court","amenity":"fraternity","building":"dormitory","fraternity":"Beta Theta Pi","name":"Beta Theta Pi Fraternity","phone":"+1 262 903 1940","website":"www.betawisconsin.com"},"geometry":{"type":"Polygon","coordinates":[[[-89.3962976,43.076699],[-89.3961984,43.0766976],[-89.3961945,43.0768434],[-89.396465,43.0768473],[-89.3964682,43.076728],[-89.3962969,43.0767255],[-89.3962976,43.076699]]]}},{"type":"Feature","id":102318279,"properties":{"osmId":102318279,"category":"residential","addr:housenumber":"627","addr:street":"Mendota Court","amenity":"fraternity","building":"dormitory","building:levels":"6","fraternity":"Sigma Alpha Epsilon","name":"Sigma Alpha Epsilon Fraternity"},"geometry":{"type":"Polygon","coordinates":[[[-89.397154,43.0767121],[-89.3969083,43.076709],[-89.3969079,43.0767261],[-89.3968664,43.0767256],[-89.3968636,43.076845],[-89.39692,43.0768457],[-89.3969206,43.0768207],[-89.3969582,43.0768211],[-89.3969639,43.076839],[-89.3969781,43.0768541],[-89.3969988,43.0768645],[-89.3970232,43.0768688],[-89.3970488,43.0768661],[-89.3970712,43.0768567],[-89.3970872,43.076842],[-89.3970947,43.0768239],[-89.3971514,43.0768247],[-89.3971516,43.0768151],[-89.397154,43.0767121]]]}},{"type":"Feature","id":102322705,"properties":{"osmId":102322705,"category":"residential","addr:housenumber":"233","addr:street":"West Lakelawn Place","amenity":"fraternity","building":"dormitory","building:levels":"4","fraternity":"Alpha Gamma Rho","name":"Alpha Gamma Rho Fraternity","roof:shape":"flat"},"geometry":{"type":"Polygon","coordinates":[[[-89.3947386,43.0773552],[-89.3946948,43.0773215],[-89.3947092,43.0773115],[-89.3946368,43.0772557],[-89.3946501,43.0772465],[-89.3946253,43.0772274],[-89.3946006,43.0772083],[-89.3945871,43.0772177],[-89.3945088,43.0771573],[-89.3943965,43.0772351],[-89.3946027,43.077394],[-89.3946212,43.0773812],[-89.3946589,43.0774103],[-89.3947386,43.0773552]]]}},{"type":"Feature","id":102322715,"properties":{"osmId":102322715,"category":"residential","addr:housenumber":"644","addr:street":"North Frances Street","amenity":"fraternity","building":"dormitory","building:levels":"4","fraternity":"Delta Upsilon","name":"Delta Upsilon Fraternity"},"geometry":{"type":"Polygon","coordinates":[[[-89.3956504,43.0770462],[-89.3954392,43.0770438],[-89.3954363,43.0771826],[-89.3956475,43.077185],[-89.3956504,43.0770462]]]}},{"type":"Feature","id":102322728,"properties":{"osmId":102322728,"category":"residential","addr:housenumber":"220","addr:street":"East Lakelawn Place","amenity":"sorority","building":"dormitory","building:levels":"4","name":"Alpha Epsilon Phi Sorority","roof:shape":"quadruple_saltbox","sorority":"Alpha Epsilon Phi"},"geometry":{"type":"Polygon","coordinates":[[[-89.3941797,43.0771282],[-89.3939618,43.0769663],[-89.3939194,43.0769968],[-89.3939263,43.0770019],[-89.3938617,43.0770483],[-89.3939263,43.0770963],[-89.393942,43.077085],[-89.3939781,43.0771118],[-89.3940088,43.0771346],[-89.3939915,43.077147],[-89.3940449,43.0771867],[-89.3941056,43.0771431],[-89.3941318,43.0771625],[-89.3941797,43.0771282]]]}},{"type":"Feature","id":102322742,"properties":{"osmId":102322742,"category":"residential","addr:housenumber":"237","building":"dormitory","building:levels":"3"},"geometry":{"type":"Polygon","coordinates":[[[-89.3943263,43.0769883],[-89.3941285,43.0768384],[-89.3940032,43.0769265],[-89.394201,43.0770765],[-89.3943263,43.0769883]]]}},{"type":"Feature","id":102322745,"properties":{"osmId":102322745,"category":"residential","addr:housenumber":"640","addr:street":"North Henry Street","amenity":"fraternity","building":"dormitory","building:levels":"4","name":"Alpha Delta Phi Fraternity","roof:levels":"1","roof:shape":"hipped"},"geometry":{"type":"Polygon","coordinates":[[[-89.3941046,43.0776214],[-89.3940465,43.0775776],[-89.3940536,43.0775725],[-89.3938902,43.0774492],[-89.3937693,43.0775348],[-89.3938874,43.0776239],[-89.3939303,43.0776562],[-89.3939335,43.0776539],[-89.3939941,43.0776996],[-89.3941046,43.0776214]]]}},{"type":"Feature","id":102323475,"properties":{"osmId":102323475,"category":"residential","addr:city":"Madison","addr:housenumber":"615","addr:state":"WI","addr:street":"Howard Place","amenity":"sorority","building":"dormitory","building:levels":"5","name":"Alpha Xi Delta Sorority","roof:shape":"hipped","sorority":"Alpha Xi Delta"},"geometry":{"type":"Polygon","coordinates":[[[-89.3945409,43.0767217],[-89.3945227,43.076708],[-89.3944428,43.0766477],[-89.3944733,43.0766262],[-89.3944508,43.0766092],[-89.3944681,43.076597],[-89.3942784,43.0764539],[-89.3941784,43.0765246],[-89.3943144,43.0766273],[-89.3941648,43.0767331],[-89.3942947,43.0768311],[-89.3944779,43.0767016],[-89.394504,43.0767212],[-89.3945222,43.076735],[-89.3945409,43.0767217]]]}},{"type":"Feature","id":102332624,"properties":{"osmId":102332624,"category":"residential","addr:housenumber":"248","addr:street":"Langdon Street","amenity":"fraternity","building":"dormitory","building:levels":"3","fraternity":"Pi Kappa Phi","name":"Pi Kappa Phi Fraternity","roof:shape":"hipped"},"geometry":{"type":"Polygon","coordinates":[[[-89.3942624,43.0760401],[-89.3942629,43.0760134],[-89.3942663,43.0760134],[-89.3942682,43.0758872],[-89.3941291,43.0758861],[-89.3941286,43.0759186],[-89.3941149,43.0759286],[-89.3941144,43.0759599],[-89.3941278,43.0759698],[-89.3941275,43.0759958],[-89.3941538,43.0760141],[-89.3942022,43.0760145],[-89.3942018,43.0760396],[-89.3942624,43.0760401]]]}},{"type":"Feature","id":102332629,"properties":{"osmId":102332629,"category":"residential","addr:housenumber":"260","addr:street":"Langdon Street","amenity":"fraternity","building":"dormitory","building:levels":"3","fraternity":"Phi Kappa Sigma","name":"Phi Kappa Sigma Fraternity","roof:shape":"flat"},"geometry":{"type":"Polygon","coordinates":[[[-89.3947983,43.076167],[-89.3948009,43.0760812],[-89.3948112,43.0760814],[-89.3948127,43.0760346],[-89.3948023,43.0760344],[-89.3948051,43.0759449],[-89.3947934,43.0759447],[-89.3947896,43.0759272],[-89.3947769,43.0759121],[-89.3947571,43.0759018],[-89.3947334,43.0758978],[-89.3947094,43.0759008],[-89.3946888,43.0759105],[-89.394675,43.0759252],[-89.39467,43.0759427],[-89.3946574,43.0759425],[-89.3946506,43.0761646],[-89.3947983,43.076167]]]}},{"type":"Feature","id":102332633,"properties":{"osmId":102332633,"category":"residential","addr:housenumber":"252","addr:street":"Langdon Street","amenity":"fraternity","building":"dormitory","building:levels":"2","fraternity":"Delta Theta Sigma","name":"Delta Theta Sigma Fraternity","roof:levels":"1","roof:shape":"hipped"},"geometry":{"type":"Polygon","coordinates":[[[-89.3946214,43.0758944],[-89.3945119,43.0758917],[-89.3945089,43.0759561],[-89.3945147,43.0759563],[-89.3945101,43.0760582],[-89.3945074,43.0760581],[-89.3945043,43.0761246],[-89.3946109,43.0761271],[-89.3946214,43.0758944]]]}},{"type":"Feature","id":102332638,"properties":{"osmId":102332638,"category":"residential","addr:city":"Madison","addr:country":"US","addr:housenumber":"610","addr:state":"WI","addr:street":"Langdon Street","building":"dormitory","building:levels":"7","ele":"265","gnis:feature_id":"1842506","name":"Lowell Center","operator":"UW-Madison","roof:shape":"flat","source":"USGS Geonames"},"geometry":{"type":"Polygon","coordinates":[[[-89.3958957,43.0759256],[-89.3958927,43.0760613],[-89.3959336,43.0760618],[-89.395931,43.0761795],[-89.3958924,43.0761791],[-89.3958908,43.0762502],[-89.3961527,43.0762534],[-89.3961492,43.0764068],[-89.3961099,43.0764063],[-89.3961074,43.0765156],[-89.3957769,43.0765115],[-89.39578,43.0764062],[-89.3957165,43.0764052],[-89.3954969,43.0764018],[-89.3955006,43.0762404],[-89.3955133,43.0762405],[-89.3955155,43.0761451],[-89.3955082,43.076145],[-89.3955086,43.0761272],[-89.3955089,43.0761115],[-89.3955171,43.0761116],[-89.3955177,43.0760865],[-89.3955866,43.0760873],[-89.3955868,43.0760775],[-89.395754,43.0760795],[-89.3957574,43.075924],[-89.3958957,43.0759256]]]}},{"type":"Feature","id":102730959,"properties":{"osmId":102730959,"category":"other","building":"government","check_date:opening_hours":"2024-07-01","ele":"261","gnis:feature_id":"1576262","government":"administrative","name":"Doyle Administration Building","note":"No longer a school, now administrative offices for the school system.","office":"educational_institution","opening_hours:signed":"no","operator":"Madison Metropolitan School District"},"geometry":{"type":"Polygon","coordinates":[[[-89.3957244,43.0707419],[-89.3957342,43.0707391],[-89.3957372,43.0707324],[-89.3957466,43.0704954],[-89.3957259,43.0704949],[-89.3957308,43.0703927],[-89.3957301,43.0703883],[-89.3957257,43.0703857],[-89.3954765,43.070381],[-89.3954717,43.070382],[-89.3954703,43.0703863],[-89.3954678,43.0704607],[-89.3954649,43.0705465],[-89.3952373,43.0705424],[-89.3952401,43.0704546],[-89.3952429,43.0703738],[-89.3948958,43.0703676],[-89.3948923,43.0704718],[-89.3947259,43.0704688],[-89.3947229,43.0705578],[-89.3945406,43.0705546],[-89.3945417,43.0705216],[-89.3945679,43.0705221],[-89.3945698,43.070465],[-89.3945733,43.0703641],[-89.3943463,43.07036],[-89.3943345,43.0707022],[-89.3943398,43.070711],[-89.3943519,43.0707179],[-89.3948674,43.0707283],[-89.3948669,43.0707424],[-89.3948789,43.0707512],[-89.39517,43.070759],[-89.3951834,43.0707551],[-89.3951928,43.0707473],[-89.3951933,43.070732],[-89.3957244,43.0707419]]]}},{"type":"Feature","id":105821085,"properties":{"osmId":105821085,"category":"religious","amenity":"place_of_worship","building":"yes","check_date":"2025-08-02","denomination":"roman_catholic","name":"Blessed Sacrament Church","religion":"christian"},"geometry":{"type":"Polygon","coordinates":[[[-89.4222142,43.0663901],[-89.4222105,43.0669189],[-89.422527,43.0669196],[-89.4225271,43.0669049],[-89.4225466,43.066905],[-89.4225471,43.0667597],[-89.422533,43.0667597],[-89.422533,43.06675],[-89.4226112,43.0667501],[-89.422611,43.0669172],[-89.4226499,43.0669173],[-89.4226499,43.0669236],[-89.4226561,43.0669236],[-89.422656,43.0669625],[-89.4226746,43.0669745],[-89.4227787,43.0669746],[-89.4227941,43.0669643],[-89.4227945,43.0669255],[-89.4228048,43.0669255],[-89.4228049,43.0669192],[-89.4228441,43.0669195],[-89.4228462,43.066728],[-89.4229259,43.0667285],[-89.4229266,43.0666677],[-89.4230255,43.0666683],[-89.4230234,43.066855],[-89.4231756,43.066856],[-89.4231779,43.0666475],[-89.4232666,43.0666481],[-89.4232674,43.0665754],[-89.4230986,43.0665743],[-89.4231007,43.0663958],[-89.4228635,43.0663943],[-89.4228611,43.0665944],[-89.4228385,43.0665942],[-89.4228383,43.0666081],[-89.4227997,43.0666078],[-89.4227998,43.0666031],[-89.4226722,43.0666018],[-89.4226709,43.066668],[-89.422609,43.0666674],[-89.422607,43.0666728],[-89.4225368,43.0666731],[-89.4225366,43.0666478],[-89.4225506,43.0666477],[-89.42255,43.0665704],[-89.4225377,43.0665705],[-89.4225374,43.0665188],[-89.4224783,43.066519],[-89.4224781,43.0664686],[-89.4225103,43.0664685],[-89.4225104,43.0664949],[-89.4226699,43.0664946],[-89.4226701,43.0665439],[-89.4227522,43.0665437],[-89.422752,43.0664922],[-89.4227982,43.0664922],[-89.4227981,43.0664562],[-89.4228349,43.0664562],[-89.4228348,43.0663907],[-89.4224731,43.066391],[-89.4224731,43.0663772],[-89.4222307,43.0663773],[-89.4222308,43.0663906],[-89.4222142,43.0663901]]]}},{"type":"Feature","id":107463313,"properties":{"osmId":107463313,"category":"academic","addr:city":"Madison","addr:housenumber":"777","addr:state":"WI","addr:street":"Highland Ave","alt_name":"UW Madison School of Pharmacy","building":"university","name":"Rennebohm Hall","note":"University of Wisconsin School of Pharmacy","operator":"UW-Madison","start_date":"2001"},"geometry":{"type":"Polygon","coordinates":[[[-89.427267,43.0787828],[-89.4283712,43.0787898],[-89.4285531,43.0787383],[-89.42859,43.0787794],[-89.4286033,43.0787941],[-89.4286427,43.0787745],[-89.4286224,43.0787454],[-89.4286577,43.078731],[-89.4286662,43.0787439],[-89.4287672,43.0787107],[-89.4287653,43.078511],[-89.4287658,43.0781646],[-89.4287633,43.078123],[-89.4284798,43.0782139],[-89.428393,43.0780781],[-89.4282848,43.078111],[-89.4283059,43.0781409],[-89.4282567,43.0781432],[-89.4282534,43.078074],[-89.4281944,43.0780758],[-89.4281329,43.0780777],[-89.4281338,43.0781514],[-89.4280636,43.0781521],[-89.4279972,43.0781632],[-89.4279131,43.0781818],[-89.427829,43.0782093],[-89.4277574,43.0782399],[-89.4277033,43.0782703],[-89.4276421,43.0783085],[-89.4278346,43.0784499],[-89.4278826,43.0784376],[-89.427905,43.0784672],[-89.4272429,43.0786801],[-89.4274291,43.0786825],[-89.4274545,43.0787207],[-89.427267,43.0787828]]]}},{"type":"Feature","id":107463323,"properties":{"osmId":107463323,"category":"academic","addr:city":"Madison","addr:housenumber":"750","addr:state":"WI","addr:street":"Highland Avenue","building":"university","name":"Health Sciences Learning Center","operator":"UW-Madison","short_name":"HSLC","start_date":"2004","website":"https://www.med.wisc.edu/facilities/hslc/health-sciences-learning-center/980"},"geometry":{"type":"Polygon","coordinates":[[[-89.431064,43.077516],[-89.4313588,43.0775232],[-89.4314071,43.0775244],[-89.4314378,43.0775468],[-89.431468,43.0775244],[-89.4314837,43.0775138],[-89.4314193,43.0774629],[-89.4313735,43.077493],[-89.4313217,43.0774921],[-89.4310265,43.077487],[-89.4310276,43.0773572],[-89.4307989,43.0773552],[-89.4308012,43.0772233],[-89.4301149,43.0772169],[-89.4301157,43.0772065],[-89.4300538,43.0772073],[-89.4300538,43.0772164],[-89.4294954,43.0772093],[-89.4294948,43.0771821],[-89.4294319,43.0771819],[-89.4294295,43.0774188],[-89.4294834,43.0774187],[-89.4294836,43.0774813],[-89.4294836,43.0774934],[-89.4298845,43.0775018],[-89.4298855,43.0775466],[-89.4298862,43.0775751],[-89.4299233,43.0775751],[-89.4299237,43.0776138],[-89.4298705,43.0776161],[-89.4298247,43.0776195],[-89.4297734,43.0776258],[-89.4297063,43.0776421],[-89.4296586,43.0776556],[-89.4296145,43.0776746],[-89.4295485,43.0777055],[-89.4295596,43.0777426],[-89.4295937,43.0778796],[-89.4298804,43.0778843],[-89.4300328,43.077885],[-89.4300652,43.0778852],[-89.4300666,43.0779101],[-89.430111,43.0779109],[-89.4301101,43.0778849],[-89.4302345,43.0778844],[-89.4303367,43.0778774],[-89.4304362,43.0778683],[-89.4305245,43.0778531],[-89.4306182,43.0778328],[-89.4306957,43.077814],[-89.4307709,43.0777889],[-89.4308681,43.0777543],[-89.430943,43.0777209],[-89.4309186,43.0776963],[-89.4310189,43.0776511],[-89.4310204,43.0775832],[-89.4310653,43.077584],[-89.431064,43.077516]]]}},{"type":"Feature","id":107584430,"properties":{"osmId":107584430,"category":"residential","addr:city":"Madison","addr:housenumber":"835","addr:state":"WI","addr:street":"West Dayton Street","alt_name":"Frederic Ogg Residence Hall","building":"dormitory","building:colour":"tan","building:levels":"6","name":"Ogg Residence Hall","operator":"UW-Madison","source":"Tanya Buckinham: map.wisc.edu"},"geometry":{"type":"Polygon","coordinates":[[[-89.3997881,43.070799],[-89.3998166,43.0707998],[-89.3999349,43.0708029],[-89.3999349,43.0707971],[-89.4000235,43.0707985],[-89.4000214,43.0708044],[-89.4001214,43.0708054],[-89.400122,43.0707985],[-89.4002125,43.070799],[-89.4002132,43.0708069],[-89.4003118,43.0708088],[-89.4003118,43.0708029],[-89.4003321,43.0708031],[-89.4003976,43.0708039],[-89.4003976,43.0708103],[-89.4005016,43.0708117],[-89.4005029,43.0707544],[-89.4005398,43.0707539],[-89.4005398,43.0706525],[-89.4005042,43.0706525],[-89.4005049,43.070632],[-89.3999571,43.0706236],[-89.3999597,43.0705227],[-89.4005022,43.0704831],[-89.4004995,43.0704615],[-89.4005324,43.0704571],[-89.4005197,43.0703586],[-89.4004888,43.0703606],[-89.4004767,43.0703033],[-89.4003762,43.0703101],[-89.4003768,43.070318],[-89.400287,43.0703258],[-89.400285,43.070318],[-89.4001918,43.0703244],[-89.4001938,43.0703317],[-89.4000979,43.070339],[-89.4000972,43.0703337],[-89.3999966,43.0703386],[-89.4,43.0703454],[-89.3999718,43.0703474],[-89.3999497,43.0703484],[-89.3999349,43.0703479],[-89.3999068,43.0703444],[-89.399888,43.070342],[-89.3998873,43.0703376],[-89.3997847,43.0703356],[-89.3997867,43.0703439],[-89.3996962,43.0703425],[-89.3996976,43.0703351],[-89.399597,43.0703322],[-89.3995976,43.0703395],[-89.3995058,43.0703376],[-89.3995058,43.0703288],[-89.3994012,43.0703263],[-89.3994032,43.0703885],[-89.3993677,43.070388],[-89.3993656,43.0704336],[-89.3993784,43.0704331],[-89.3993764,43.0704875],[-89.3993972,43.0704875],[-89.3993998,43.07051],[-89.3995565,43.0705127],[-89.3999155,43.0705188],[-89.3999135,43.0706192],[-89.3998102,43.0706163],[-89.3998122,43.0706486],[-89.3998062,43.070655],[-89.3997935,43.0706481],[-89.3997646,43.0706819],[-89.3998471,43.0707177],[-89.3998377,43.0707299],[-89.3997894,43.0707299],[-89.399789,43.0707511],[-89.3997881,43.070799]]]}},{"type":"Feature","id":139958463,"properties":{"osmId":139958463,"category":"academic","addr:housenumber":"1117","building":"university","name":"Integrative Biology Research Building"},"geometry":{"type":"Polygon","coordinates":[[[-89.4049046,43.0720205],[-89.4051392,43.0720226],[-89.4051456,43.0716345],[-89.404911,43.0716324],[-89.4049046,43.0720205]]]}},{"type":"Feature","id":139958467,"properties":{"osmId":139958467,"category":"academic","addr:city":"Madison","addr:housenumber":"250","addr:state":"WI","addr:street":"North Mills Street","building":"university","ele":"265","gnis:feature_id":"1842581","name":"Noland Hall","source":"USGS Geonames","website":"https://zoology.wisc.edu/"},"geometry":{"type":"Polygon","coordinates":[[[-89.4042852,43.0716849],[-89.4042872,43.0716115],[-89.4042645,43.0716112],[-89.4042689,43.0714417],[-89.4042772,43.0714421],[-89.4042969,43.0714423],[-89.4042981,43.0713702],[-89.4047988,43.0713772],[-89.4047947,43.0715337],[-89.4047905,43.071692],[-89.4042852,43.0716849]]]}},{"type":"Feature","id":153060482,"properties":{"osmId":153060482,"category":"academic","addr:city":"Madison","addr:housenumber":"1101","addr:postcode":"53706","addr:state":"WI","addr:street":"University Avenue","building":"university","name":"Chemistry Building","website":"http://chem.wisc.edu/"},"geometry":{"type":"Polygon","coordinates":[[[-89.4042319,43.0731485],[-89.4042319,43.0730103],[-89.4042511,43.0730103],[-89.4042509,43.0729361],[-89.4042508,43.0728834],[-89.4042953,43.0728833],[-89.4042952,43.0728503],[-89.4042547,43.0728504],[-89.4042543,43.07275],[-89.4042941,43.0727499],[-89.4042939,43.0726863],[-89.4042642,43.0726863],[-89.4042637,43.0725852],[-89.4042977,43.0725851],[-89.4042972,43.0724842],[-89.4042333,43.0724844],[-89.4042326,43.0723274],[-89.4042564,43.0723273],[-89.4042565,43.0723154],[-89.4042525,43.0723153],[-89.4042527,43.0723087],[-89.4042652,43.0723019],[-89.4042927,43.0722905],[-89.4043171,43.0722826],[-89.4043496,43.0722764],[-89.4043909,43.072272],[-89.4044286,43.0722715],[-89.4044478,43.0722725],[-89.4044478,43.0722802],[-89.4044932,43.0722976],[-89.4044932,43.0723206],[-89.4044773,43.0723268],[-89.4044768,43.0723538],[-89.4044867,43.0723535],[-89.4044868,43.072362],[-89.4044756,43.0723619],[-89.4044758,43.0723683],[-89.4044868,43.0723681],[-89.4044868,43.072377],[-89.4044754,43.0723768],[-89.4044755,43.0723827],[-89.4047335,43.0723835],[-89.4047541,43.0723836],[-89.4047543,43.0723236],[-89.4051169,43.0723243],[-89.4051169,43.0723116],[-89.4051996,43.0723118],[-89.4051996,43.0723194],[-89.4052571,43.0723194],[-89.4052571,43.0722994],[-89.4052836,43.0722994],[-89.4052836,43.0722954],[-89.4053646,43.0722952],[-89.4053645,43.0722878],[-89.4054364,43.0722875],[-89.4054367,43.072328],[-89.4054499,43.072328],[-89.4054496,43.0722806],[-89.40546,43.0722806],[-89.4054604,43.0723195],[-89.4055414,43.0723192],[-89.4055429,43.0725041],[-89.4055434,43.072563],[-89.4055395,43.072563],[-89.40554,43.0726578],[-89.4055304,43.0726578],[-89.4055304,43.0726614],[-89.4054381,43.0726616],[-89.4054382,43.0726702],[-89.4054,43.0726703],[-89.4054,43.0726781],[-89.4053596,43.0726781],[-89.4053596,43.0726853],[-89.4052493,43.0726855],[-89.4052493,43.0726672],[-89.4052145,43.0726673],[-89.4052144,43.0726596],[-89.4051965,43.0726596],[-89.4051963,43.0725792],[-89.4051431,43.0725793],[-89.4050499,43.0725794],[-89.4049673,43.0726754],[-89.4049333,43.0726544],[-89.4049364,43.0725821],[-89.4048336,43.0725822],[-89.4048364,43.0727469],[-89.404849,43.072747],[-89.40485,43.0728843],[-89.4048641,43.0728839],[-89.4048862,43.0728841],[-89.4049625,43.0728839],[-89.4049761,43.0728838],[-89.4050644,43.0728838],[-89.4051155,43.072884],[-89.4051167,43.0731328],[-89.40507,43.0731325],[-89.4050283,43.0731325],[-89.4050194,43.0731391],[-89.4050064,43.0731451],[-89.4049748,43.0731524],[-89.4049258,43.0731575],[-89.4048834,43.0731586],[-89.4048405,43.0731575],[-89.4047948,43.0731522],[-89.4047651,43.0731444],[-89.4047529,43.0731385],[-89.4047455,43.0731312],[-89.404483,43.0731323],[-89.404483,43.0731484],[-89.4043046,43.0731485],[-89.4042319,43.0731485]]]}},{"type":"Feature","id":153060483,"properties":{"osmId":153060483,"category":"academic","addr:city":"Madison","addr:housenumber":"975","addr:state":"WI","addr:street":"University Avenue","building":"university","building:levels":"6","ele":"267","gnis:feature_id":"1842444","name":"Grainger Hall","source":"USGS Geonames","website":"https://www.bus.wisc.edu/","wikidata":"Q8027269"},"geometry":{"type":"Polygon","coordinates":[[[-89.4022328,43.0731275],[-89.4022359,43.073067],[-89.4022347,43.0730639],[-89.4022387,43.0729013],[-89.4022419,43.072772],[-89.4022498,43.0727719],[-89.4022514,43.0727203],[-89.4022529,43.0726693],[-89.4022451,43.0726693],[-89.4022547,43.0723754],[-89.4020288,43.0723702],[-89.4020292,43.0723264],[-89.401941,43.072325],[-89.4019412,43.0723696],[-89.4018798,43.0723688],[-89.4018131,43.0723679],[-89.4018134,43.0723425],[-89.4018101,43.0723228],[-89.4017962,43.0722924],[-89.4017777,43.0722694],[-89.4017545,43.0722501],[-89.4017398,43.0722397],[-89.4017151,43.0722271],[-89.4016751,43.072214],[-89.4016292,43.0722072],[-89.4015875,43.072208],[-89.4015867,43.0722457],[-89.4015222,43.0722439],[-89.4015196,43.0723067],[-89.4015865,43.0723067],[-89.4015814,43.0724839],[-89.4015528,43.0724896],[-89.4015196,43.0725023],[-89.4014909,43.0725222],[-89.4014761,43.0725437],[-89.4014675,43.072565],[-89.4012589,43.0725607],[-89.4012568,43.0725478],[-89.4012511,43.0725342],[-89.4012363,43.0725152],[-89.4012105,43.0724957],[-89.401178,43.0724833],[-89.4011507,43.0724768],[-89.4011546,43.0723011],[-89.4012242,43.0723023],[-89.4012242,43.0722403],[-89.4011565,43.0722394],[-89.4011589,43.0722015],[-89.4010962,43.0722009],[-89.4010632,43.0722026],[-89.4010246,43.0722111],[-89.400991,43.0722247],[-89.4009639,43.0722421],[-89.4009401,43.0722621],[-89.4009212,43.0722877],[-89.400909,43.0723107],[-89.4009059,43.0723313],[-89.4009024,43.0723441],[-89.400896,43.0723507],[-89.4008844,43.0723533],[-89.4008702,43.0728159],[-89.4009139,43.072816],[-89.4009679,43.0728739],[-89.4009406,43.0728924],[-89.4009158,43.0729155],[-89.4009031,43.0729309],[-89.4008996,43.0729361],[-89.4008823,43.0729296],[-89.4008726,43.0729484],[-89.4008663,43.0729686],[-89.4008642,43.0730048],[-89.4008721,43.0730365],[-89.4008902,43.0730667],[-89.4009032,43.0730834],[-89.4009207,43.0731013],[-89.4009431,43.0731157],[-89.4009695,43.0731304],[-89.4009944,43.0731403],[-89.4010228,43.0731488],[-89.4010294,43.0731355],[-89.4010539,43.07314],[-89.4010921,43.0731423],[-89.4010933,43.0731092],[-89.4011074,43.073108],[-89.4011405,43.0731024],[-89.4011734,43.0730919],[-89.4012055,43.0730731],[-89.4012381,43.0730359],[-89.4012542,43.072991],[-89.4012868,43.0729912],[-89.4012859,43.0730546],[-89.4015505,43.0730578],[-89.4015505,43.0730753],[-89.4016785,43.0730779],[-89.4016789,43.0730615],[-89.4017967,43.0730628],[-89.4017979,43.0730228],[-89.4018655,43.0730231],[-89.4019244,43.0730234],[-89.4019294,43.0730576],[-89.4019458,43.0730855],[-89.4019582,43.0731013],[-89.4019771,43.0731173],[-89.4020135,43.073141],[-89.4020555,43.0731555],[-89.4021018,43.0731639],[-89.4021483,43.0731651],[-89.4021491,43.0731267],[-89.4022328,43.0731275]]]}},{"type":"Feature","id":153060489,"properties":{"osmId":153060489,"category":"academic","addr:city":"Madison","addr:country":"US","addr:housenumber":"821","addr:state":"WI","addr:street":"University Avenue","building":"university","building:levels":"7","ele":"265","gnis:feature_id":"1842737","layer":"1","name":"Vilas Communication Hall","roof:levels":"0","source":"USGS Geonames"},"geometry":{"type":"Polygon","coordinates":[[[-89.400343,43.0729238],[-89.400354,43.0725324],[-89.4003333,43.072532],[-89.4003338,43.0725134],[-89.4003895,43.0725142],[-89.4003986,43.0721851],[-89.3998772,43.0721774],[-89.3998766,43.0722003],[-89.3997169,43.072198],[-89.3997091,43.0724898],[-89.3996721,43.0724893],[-89.3996713,43.0725216],[-89.3995515,43.0725199],[-89.3995499,43.0725825],[-89.3995018,43.0725818],[-89.3993078,43.0725792],[-89.3993067,43.0726217],[-89.399306,43.0726493],[-89.3992905,43.0726491],[-89.3992873,43.0727766],[-89.3993028,43.0727768],[-89.3993021,43.0728023],[-89.3993018,43.0728125],[-89.3992756,43.0728121],[-89.399275,43.0728338],[-89.3991961,43.0728327],[-89.3991893,43.0730979],[-89.3992599,43.0730988],[-89.3994166,43.073101],[-89.3995269,43.0731025],[-89.3995584,43.0731029],[-89.3995615,43.0729822],[-89.3997579,43.0729849],[-89.400068,43.0729892],[-89.4000676,43.0730044],[-89.4001515,43.0730056],[-89.400152,43.0729874],[-89.4003296,43.07299],[-89.4003314,43.0729236],[-89.400343,43.0729238]]]}},{"type":"Feature","id":153063309,"properties":{"osmId":153063309,"category":"academic","addr:city":"Madison","addr:country":"US","addr:housenumber":"1202","addr:postcode":"53706","addr:state":"WI","addr:street":"West Johnson Street","building":"university","name":"Brogden Psychology Building"},"geometry":{"type":"Polygon","coordinates":[[[-89.406596,43.0726814],[-89.4063885,43.0726813],[-89.4063885,43.0727077],[-89.406166,43.0727076],[-89.4061658,43.0729557],[-89.4058935,43.0729556],[-89.4058937,43.0726374],[-89.4059647,43.0726374],[-89.4059647,43.0726111],[-89.4059648,43.0725847],[-89.4058613,43.0725847],[-89.4058614,43.0724631],[-89.4061312,43.0724632],[-89.4061312,43.072444],[-89.4060897,43.072444],[-89.4060898,43.0724028],[-89.4060898,43.0723617],[-89.4061295,43.0723617],[-89.4061296,43.072287],[-89.406381,43.0722871],[-89.406381,43.0723149],[-89.4065381,43.072315],[-89.4065963,43.072315],[-89.406596,43.0726814]]]}},{"type":"Feature","id":153063315,"properties":{"osmId":153063315,"category":"academic","addr:city":"Madison","addr:country":"US","addr:housenumber":"330","addr:state":"WI","addr:street":"North Orchard Street","building":"university","building:levels":"4","name":"Wisconsin Institute for Discovery","source":"map.wisc.edu","website":"https://www.discovery.wisc.edu/","wikidata":"Q8027209","wikipedia":"en:Wisconsin Institutes for Discovery"},"geometry":{"type":"Polygon","coordinates":[[[-89.4087891,43.072843],[-89.4086606,43.0728107],[-89.4086506,43.0728263],[-89.4084781,43.0727752],[-89.4084987,43.0727402],[-89.4080027,43.072581],[-89.4079827,43.0726142],[-89.4077138,43.0725132],[-89.4077256,43.072498],[-89.4075106,43.0724114],[-89.4075087,43.0732265],[-89.4078377,43.0732269],[-89.4078377,43.0732062],[-89.4086393,43.0732068],[-89.4086393,43.0732246],[-89.4087889,43.0732246],[-89.4087891,43.072843]]]}},{"type":"Feature","id":153630414,"properties":{"osmId":153630414,"category":"residential","addr:city":"Madison","addr:country":"US","addr:housenumber":"615","addr:state":"WI","addr:street":"West Johnson Street","building":"dormitory","building:colour":"tan","building:levels":"10","ele":"262","gnis:feature_id":"1842777","name":"Witte Residence Hall","operator":"UW-Madison","roof:levels":"0","roof:shape":"flat","source":"USGS Geonames;survey"},"geometry":{"type":"Polygon","coordinates":[[[-89.396914,43.071752],[-89.3969176,43.071537],[-89.3969207,43.0713551],[-89.3969775,43.0713556],[-89.3969777,43.0713458],[-89.3969782,43.0713175],[-89.3968974,43.0713168],[-89.396899,43.0712216],[-89.3969811,43.0712223],[-89.3969835,43.0710696],[-89.3970102,43.0710699],[-89.3970105,43.0710483],[-89.3971024,43.0710492],[-89.3971021,43.0710696],[-89.397139,43.0710699],[-89.397138,43.0710757],[-89.3971348,43.0712234],[-89.3971519,43.0712236],[-89.3971499,43.071344],[-89.3971327,43.0713439],[-89.3971324,43.0713582],[-89.3971819,43.0713586],[-89.3971752,43.0717551],[-89.3971938,43.0717552],[-89.3971943,43.0717279],[-89.3972438,43.0717283],[-89.3972433,43.0717592],[-89.3972602,43.0717593],[-89.3972598,43.0717819],[-89.397288,43.0717822],[-89.397287,43.0718435],[-89.3972574,43.0718432],[-89.397257,43.0718664],[-89.3968773,43.071863],[-89.396877,43.0718799],[-89.3967135,43.0718784],[-89.3967139,43.0718591],[-89.3963414,43.0718557],[-89.3963417,43.071835],[-89.3963148,43.071836],[-89.3963178,43.0717681],[-89.3963452,43.0717683],[-89.3963456,43.0717443],[-89.3967193,43.0717477],[-89.3967203,43.0716898],[-89.3968477,43.0716909],[-89.3968467,43.0717514],[-89.396914,43.071752]]]}},{"type":"Feature","id":153640713,"properties":{"osmId":153640713,"category":"residential","addr:city":"Madison","addr:country":"US","addr:housenumber":"821","addr:state":"WI","addr:street":"West Johnson Street","building":"dormitory","building:colour":"tan","building:levels":"10","ele":"265","gnis:feature_id":"1842674","name":"Sellery Residence Hall","operator":"UW-Madison","source":"USGS Geonames"},"geometry":{"type":"Polygon","coordinates":[[[-89.3992291,43.0717706],[-89.3992307,43.0716949],[-89.3992579,43.0716952],[-89.3992584,43.0716727],[-89.3995484,43.0716757],[-89.3995485,43.0716707],[-89.3995496,43.0716149],[-89.3996962,43.0716165],[-89.3996957,43.0716408],[-89.3998373,43.0716423],[-89.3998694,43.0716426],[-89.3998702,43.0715981],[-89.3999139,43.0715986],[-89.3999144,43.0715728],[-89.399916,43.0714918],[-89.399941,43.0714921],[-89.3999412,43.0714847],[-89.4000682,43.0714862],[-89.4000679,43.0715014],[-89.4000767,43.0715015],[-89.4001428,43.0715024],[-89.4001431,43.0714915],[-89.4002772,43.0714933],[-89.4002825,43.0712806],[-89.4003085,43.0712809],[-89.400309,43.0712613],[-89.4004267,43.071263],[-89.4004261,43.0712839],[-89.4004544,43.0712843],[-89.4004488,43.0714957],[-89.4004748,43.071496],[-89.4004709,43.0716443],[-89.4004448,43.0716439],[-89.4004447,43.0716492],[-89.4004922,43.0716499],[-89.4004919,43.0716641],[-89.4004866,43.0718649],[-89.4004379,43.0718643],[-89.4004366,43.0719154],[-89.4004034,43.071915],[-89.4004028,43.0719378],[-89.4002893,43.0719363],[-89.4002897,43.0719204],[-89.4002899,43.0719116],[-89.4002584,43.0719112],[-89.40026,43.0718481],[-89.4001057,43.0718461],[-89.4001044,43.0718971],[-89.4000407,43.0718963],[-89.3999822,43.0718955],[-89.3999833,43.0718496],[-89.3997367,43.0718464],[-89.3997375,43.0718135],[-89.3995466,43.0718111],[-89.3995469,43.0717984],[-89.3992549,43.071795],[-89.3992555,43.0717709],[-89.3992291,43.0717706]]]}},{"type":"Feature","id":153640715,"properties":{"osmId":153640715,"category":"religious","amenity":"place_of_worship","building":"yes","denomination":"lutheran","religion":"christian"},"geometry":{"type":"Polygon","coordinates":[[[-89.4028677,43.0730472],[-89.4028649,43.0730472],[-89.4028664,43.0729759],[-89.4030141,43.0729776],[-89.4030136,43.0730005],[-89.4030701,43.0730012],[-89.4030668,43.0731563],[-89.402996,43.0731555],[-89.402997,43.0731097],[-89.4028664,43.0731082],[-89.4028677,43.0730472]]]}},{"type":"Feature","id":153640719,"properties":{"osmId":153640719,"category":"academic","addr:city":"Madison","addr:housenumber":"225","addr:state":"WI","addr:street":"North Mills Street","building":"university","building:levels":"5","name":"Teacher Education","source":"Tanya Buckinham: map.wisc.edu"},"geometry":{"type":"Polygon","coordinates":[[[-89.4034093,43.0711561],[-89.4034498,43.0711565],[-89.403451,43.071092],[-89.4037567,43.0710951],[-89.4037551,43.0711814],[-89.4037802,43.0711817],[-89.4037799,43.0711997],[-89.4038946,43.0712009],[-89.4038905,43.0714221],[-89.4038035,43.0714212],[-89.4038029,43.0714542],[-89.4038605,43.0714548],[-89.4038598,43.0714925],[-89.4037479,43.0714914],[-89.4037474,43.0715212],[-89.4035163,43.0715189],[-89.403517,43.0714818],[-89.4033463,43.0714801],[-89.4033475,43.0714159],[-89.403346,43.0714158],[-89.4033471,43.071359],[-89.4033093,43.0713587],[-89.4033124,43.071193],[-89.4033584,43.0711935],[-89.4033588,43.0711719],[-89.4033596,43.0711719],[-89.4033608,43.0711107],[-89.4034101,43.0711112],[-89.4034093,43.0711561]]]}},{"type":"Feature","id":153640720,"properties":{"osmId":153640720,"category":"academic","addr:city":"Madison","addr:housenumber":"1025","addr:state":"WI","addr:street":"West Johnson Street","building":"university","name":"Educational Sciences","source":"Tanya Buckinham: map.wisc.edu","website":"http://education.wisc.edu/"},"geometry":{"type":"Polygon","coordinates":[[[-89.4027159,43.07175],[-89.4026985,43.0717498],[-89.4026995,43.0717042],[-89.4027162,43.0717044],[-89.4027171,43.0716658],[-89.4030761,43.0716702],[-89.4030825,43.0716703],[-89.4030767,43.071922],[-89.4032952,43.0719247],[-89.4032955,43.0719104],[-89.4032667,43.07191],[-89.4032678,43.0718609],[-89.403285,43.0718612],[-89.4032863,43.0718036],[-89.4032887,43.0717033],[-89.403291,43.0716019],[-89.4034063,43.0716033],[-89.4035569,43.0716052],[-89.4036458,43.0716063],[-89.4036462,43.0715919],[-89.4037199,43.0715928],[-89.4037194,43.0716157],[-89.4038562,43.0716174],[-89.403848,43.0719656],[-89.4038478,43.0719744],[-89.4038504,43.0719744],[-89.4038492,43.0720248],[-89.4037821,43.0720239],[-89.4037821,43.0720212],[-89.4037698,43.072021],[-89.4026081,43.0720066],[-89.4026133,43.0717833],[-89.4027151,43.0717846],[-89.4027159,43.07175]]]}},{"type":"Feature","id":153660065,"properties":{"osmId":153660065,"category":"academic","addr:city":"Madison","addr:housenumber":"1308","addr:postcode":"53715","addr:state":"WI","addr:street":"West Dayton Street","building":"university","building:levels":"4","building:levels:underground":"0","name":"Union South","opening_hours":"Su-Th 07:00-24:00; Fr-Sa 07:00-01:00","operator":"University of Wisconsin","phone":"+1 608 890 3000","source":"bing","website":"https://union.wisc.edu/visit-unionsouth.htm","wikidata":"Q7886025","wikipedia":"en:Union South (Wisconsin)"},"geometry":{"type":"Polygon","coordinates":[[[-89.4086774,43.0723675],[-89.4077379,43.0720517],[-89.4077632,43.0720125],[-89.4077089,43.0719919],[-89.4076842,43.0720336],[-89.4075988,43.0720046],[-89.4075448,43.0719854],[-89.4075427,43.0718096],[-89.4075154,43.0718086],[-89.4074909,43.0718081],[-89.4074943,43.0715762],[-89.4074985,43.0712891],[-89.4075747,43.0712891],[-89.4077668,43.0712889],[-89.4078652,43.0712888],[-89.4078658,43.0714059],[-89.4078807,43.0714582],[-89.4079063,43.0715118],[-89.4079398,43.0715679],[-89.4079829,43.0716236],[-89.4080407,43.0716725],[-89.408107,43.0717146],[-89.4081893,43.0717545],[-89.4082532,43.0717738],[-89.4083229,43.0717916],[-89.4083737,43.0718025],[-89.4084259,43.0718118],[-89.4084841,43.0718195],[-89.4085426,43.0718241],[-89.4086727,43.0718265],[-89.4086754,43.0718377],[-89.408689,43.0718372],[-89.4087794,43.0718336],[-89.4087903,43.0721894],[-89.4086748,43.0721864],[-89.4086765,43.0722919],[-89.4086774,43.0723675]]]}},{"type":"Feature","id":153660089,"properties":{"osmId":153660089,"category":"academic","addr:city":"Madison","addr:country":"US","addr:housenumber":"1225","addr:state":"WI","addr:street":"West Dayton Street","building":"university","building:levels":"15","building:levels:underground":"1","height":"54.9","name":"Atmospheric & Oceanic Sciences","operator":"UW-Madison","source":"Tanya Buckinham: map.wisc.edu"},"geometry":{"type":"Polygon","coordinates":[[[-89.4071331,43.0708326],[-89.4071093,43.0708323],[-89.4071085,43.0708633],[-89.4070224,43.0708621],[-89.4070215,43.0708947],[-89.4068358,43.070892],[-89.4068366,43.0708594],[-89.4067566,43.0708583],[-89.4067574,43.0708273],[-89.406732,43.0708269],[-89.4067346,43.0707303],[-89.4067371,43.0706345],[-89.4067625,43.0706349],[-89.4067632,43.0706068],[-89.4068434,43.0706079],[-89.4068442,43.0705776],[-89.4070299,43.0705802],[-89.4070291,43.0706131],[-89.4071152,43.0706143],[-89.4071143,43.0706458],[-89.407138,43.0706462],[-89.4071331,43.0708326]]]}},{"type":"Feature","id":153660095,"properties":{"osmId":153660095,"category":"academic","building":"university","name":"Enzyme Institute"},"geometry":{"type":"Polygon","coordinates":[[[-89.4151484,43.0738463],[-89.4151115,43.073846],[-89.4151118,43.0738296],[-89.4150306,43.0738289],[-89.4150345,43.0735909],[-89.4151024,43.0735915],[-89.4151025,43.0735818],[-89.4152249,43.0735829],[-89.4152242,43.073627],[-89.4152232,43.073627],[-89.4152198,43.0738309],[-89.4154035,43.0738325],[-89.4154069,43.073624],[-89.4155399,43.0736252],[-89.4155403,43.0736043],[-89.4155687,43.0736045],[-89.4155823,43.0736046],[-89.4155819,43.0736247],[-89.4157148,43.0736259],[-89.4157113,43.0738366],[-89.4157131,43.0738366],[-89.415712,43.0739068],[-89.4155807,43.0739057],[-89.4155803,43.0739289],[-89.4154542,43.0739278],[-89.4154546,43.0739056],[-89.4154038,43.0739051],[-89.4154039,43.0739023],[-89.4151475,43.0739001],[-89.4151484,43.0738463]]]}},{"type":"Feature","id":153660097,"properties":{"osmId":153660097,"category":"academic","addr:city":"Madison","addr:housenumber":"1800","addr:state":"WI","addr:street":"University Avenue","building":"university"},"geometry":{"type":"Polygon","coordinates":[[[-89.4162827,43.0737236],[-89.4160526,43.0737228],[-89.4160533,43.0736253],[-89.4162834,43.0736261],[-89.4162827,43.0737236]]]}},{"type":"Feature","id":153660098,"properties":{"osmId":153660098,"category":"academic","addr:city":"Madison","addr:housenumber":"1610","addr:state":"WI","addr:street":"University Avenue","building":"university","building:levels":"1","name":"1610 University Ave."},"geometry":{"type":"Polygon","coordinates":[[[-89.4148803,43.0738994],[-89.4144702,43.0738971],[-89.4144741,43.0735106],[-89.4148843,43.0735128],[-89.4148803,43.0738994]]]}},{"type":"Feature","id":153660099,"properties":{"osmId":153660099,"category":"academic","addr:city":"Madison","addr:housenumber":"1210","addr:postcode":"53706","addr:state":"WI","addr:street":"West Dayton Street","building":"university","building:levels":"7","name":"Computer Sceinces Building","source":"Tanya Buckinham: map.wisc.edu"},"geometry":{"type":"Polygon","coordinates":[[[-89.4072467,43.071919],[-89.4060526,43.071519],[-89.4060534,43.0714714],[-89.4061021,43.0714719],[-89.406106,43.0712171],[-89.4061066,43.0711775],[-89.4065899,43.0711798],[-89.4065867,43.0712976],[-89.4066614,43.0712985],[-89.4067254,43.0712993],[-89.4067277,43.0711798],[-89.4070605,43.0711939],[-89.4072319,43.0711944],[-89.4072056,43.0715406],[-89.4072415,43.0715413],[-89.407242,43.0715765],[-89.4072467,43.071919]]]}},{"type":"Feature","id":158973590,"properties":{"osmId":158973590,"category":"academic","addr:city":"Madison","addr:country":"US","addr:housename":"Carillon Tower","addr:housenumber":"1160","addr:state":"WI","addr:street":"Observatory Drive","building":"university","building:colour":"tan","building:levels":"5","height":"25.9","man_made":"tower","name":"Carillon Tower","operator":"University of Wisconsin","roof:colour":"gray","roof:levels":"0","tower:construction":"brick","tower:type":"bell_tower"},"geometry":{"type":"Polygon","coordinates":[[[-89.4050866,43.0761519],[-89.4050988,43.0760897],[-89.4050561,43.0760852],[-89.4050158,43.076081],[-89.4050035,43.0761431],[-89.4050866,43.0761519]]]}},{"type":"Feature","id":159531184,"properties":{"osmId":159531184,"category":"religious","amenity":"place_of_worship","building":"church","name":"The Crossing","religion":"christian"},"geometry":{"type":"Polygon","coordinates":[[[-89.4056125,43.0731385],[-89.4056112,43.072869],[-89.4054645,43.0728694],[-89.4054645,43.0728811],[-89.4054648,43.072945],[-89.405273,43.0729455],[-89.4052729,43.0729359],[-89.4052165,43.072936],[-89.4052173,43.0731175],[-89.4052507,43.0731174],[-89.4052821,43.0731173],[-89.405282,43.0730845],[-89.4054627,43.0730841],[-89.4054629,43.0731391],[-89.4054809,43.0731391],[-89.405481,43.0731549],[-89.4055377,43.0731548],[-89.4055931,43.0731547],[-89.405593,43.0731385],[-89.4056125,43.0731385]]]}},{"type":"Feature","id":163535153,"properties":{"osmId":163535153,"category":"medical","addr:city":"Madison","addr:housenumber":"20","addr:postcode":"53715","addr:state":"WI","addr:street":"South Park Street","amenity":"clinic","building":"yes","check_date":"2025-09-13","healthcare":"clinic","healthcare:speciality":"gynaecology;paediatrics;neurology;radiology;dermatology;internal_medicine;obstetrics;midwife","name":"UW Health 20 South Park Street Clinic North Building","opening_hours":"Mo-Fr 07:30-17:00","operator":"UW Health","phone":"+1-608-287-2000","website":"https://www.uwhealth.org/locations/20-s-park-clinic-2"},"geometry":{"type":"Polygon","coordinates":[[[-89.4019255,43.0669691],[-89.4019279,43.0672468],[-89.4012882,43.0672498],[-89.4012857,43.0669721],[-89.401614,43.0669706],[-89.4016924,43.0669702],[-89.401738,43.06697],[-89.4019255,43.0669691]]]}},{"type":"Feature","id":163535156,"properties":{"osmId":163535156,"category":"medical","addr:city":"Madison","addr:housenumber":"20","addr:postcode":"53715","addr:state":"WI","addr:street":"South Park Street","amenity":"clinic","building":"yes","check_date":"2025-09-13","healthcare":"clinic","healthcare:speciality":"gynaecology;paediatrics;neurology;radiology;dermatology;internal_medicine;obstetrics;midwife","name":"UW Health 20 South Park Street Clinic South Building","opening_hours":"Mo-Fr 07:30-17:00","operator":"UW Health","operator:type":"university","phone":"+1-608-287-2000","website":"https://www.uwhealth.org/locations/20-s-park-clinic-2"},"geometry":{"type":"Polygon","coordinates":[[[-89.4014046,43.0668863],[-89.401404,43.0666456],[-89.4017884,43.0666451],[-89.4018327,43.066645],[-89.4021131,43.0666446],[-89.4021137,43.0668853],[-89.4017373,43.0668859],[-89.4016918,43.0668859],[-89.4014046,43.0668863]]]}},{"type":"Feature","id":172980981,"properties":{"osmId":172980981,"category":"other","addr:city":"Madison","addr:country":"US","addr:housenumber":"27","addr:state":"WI","addr:street":"North Charter Street","building":"yes","name":"Fleet and Service Garage","operator":"University of Wisconsin"},"geometry":{"type":"Polygon","coordinates":[[[-89.4055081,43.0690893],[-89.40522,43.0690894],[-89.40522,43.0689784],[-89.4050541,43.0689784],[-89.4050541,43.0687581],[-89.4053033,43.0687581],[-89.4053033,43.0686314],[-89.4055081,43.0686314],[-89.4055081,43.0690893]]]}},{"type":"Feature","id":172980982,"properties":{"osmId":172980982,"category":"academic","addr:city":"Madison","addr:country":"US","addr:housenumber":"22","addr:state":"WI","addr:street":"North Charter Street","building":"university","ele":"262","gnis:feature_id":"1842449","name":"Harlow Primate Laboratory","source":"USGS Geonames"},"geometry":{"type":"Polygon","coordinates":[[[-89.4065135,43.0686736],[-89.4058286,43.0686655],[-89.4058312,43.0685513],[-89.4058408,43.0685514],[-89.4058428,43.0684616],[-89.4061587,43.0684654],[-89.4061581,43.0684913],[-89.4062808,43.0684928],[-89.4062812,43.0684753],[-89.4065179,43.0684781],[-89.4065135,43.0686736]]]}},{"type":"Feature","id":172980983,"properties":{"osmId":172980983,"category":"academic","addr:city":"Madison","addr:country":"US","addr:housenumber":"1223","addr:state":"WI","addr:street":"Capitol Court","building":"university","name":"Wisconsin Primate Center"},"geometry":{"type":"Polygon","coordinates":[[[-89.4071853,43.0686724],[-89.4069517,43.0686709],[-89.4069525,43.0686121],[-89.4066727,43.0686103],[-89.4066742,43.068495],[-89.4071115,43.0684979],[-89.4071107,43.0685625],[-89.4071866,43.068563],[-89.4071853,43.0686724]]]}},{"type":"Feature","id":172980984,"properties":{"osmId":172980984,"category":"academic","addr:city":"Madison","addr:country":"US","addr:housenumber":"1220","addr:state":"WI","addr:street":"Capitol Court","building":"university","name":"Wisconsin National Primate Research Center"},"geometry":{"type":"Polygon","coordinates":[[[-89.4072226,43.069073],[-89.4069043,43.0691375],[-89.4063671,43.0691392],[-89.4063674,43.069186],[-89.4061861,43.0691866],[-89.4061861,43.069171],[-89.4060921,43.0691711],[-89.4060921,43.0691395],[-89.4058976,43.0691397],[-89.4058876,43.0691397],[-89.4058872,43.0689135],[-89.4063896,43.0689131],[-89.4063895,43.0688545],[-89.4064265,43.0688544],[-89.4064265,43.0688206],[-89.4064628,43.0688207],[-89.4064627,43.0688535],[-89.4065302,43.0688536],[-89.4065303,43.0688198],[-89.4065608,43.0688199],[-89.4068474,43.0688204],[-89.4068472,43.0688964],[-89.4072215,43.0688971],[-89.4072214,43.0689336],[-89.4072304,43.0689411],[-89.4072308,43.0690314],[-89.4072222,43.0690364],[-89.4072226,43.069073]]]}},{"type":"Feature","id":172992066,"properties":{"osmId":172992066,"category":"academic","addr:city":"Madison","addr:housenumber":"1215","addr:postcode":"53706","addr:state":"WI","addr:street":"Linden Drive","building":"university","name":"Medical Sciences"},"geometry":{"type":"Polygon","coordinates":[[[-89.4068162,43.074809],[-89.406814,43.0749639],[-89.40682,43.0749639],[-89.4068197,43.0749788],[-89.4064814,43.074976],[-89.4064815,43.0749698],[-89.4064752,43.0749698],[-89.4064804,43.0746338],[-89.4064811,43.0745909],[-89.4066668,43.0745924],[-89.4066828,43.074593],[-89.4066818,43.0746355],[-89.4066803,43.0747013],[-89.4066804,43.0747154],[-89.4068716,43.074717],[-89.4068724,43.0746614],[-89.4070084,43.0746625],[-89.4070075,43.0747052],[-89.407006,43.0748104],[-89.4068162,43.074809]]]}},{"type":"Feature","id":173499562,"properties":{"osmId":173499562,"category":"academic","addr:city":"Madison","addr:country":"US","addr:housenumber":"115","addr:state":"WI","addr:street":"North Orchard Street","building":"university","name":"Rust-Schreiner Hall"},"geometry":{"type":"Polygon","coordinates":[[[-89.4070738,43.0703078],[-89.4070703,43.0704326],[-89.407155,43.0704339],[-89.4071527,43.0705171],[-89.4067617,43.0705112],[-89.406764,43.0704282],[-89.4069694,43.0704312],[-89.4069728,43.0703092],[-89.4069735,43.0702848],[-89.4069331,43.0702842],[-89.4069345,43.0702324],[-89.4067684,43.0702299],[-89.4067708,43.0701441],[-89.4071604,43.0701499],[-89.407158,43.0702349],[-89.4070758,43.0702337],[-89.4070738,43.0703078]]]}},{"type":"Feature","id":173506603,"properties":{"osmId":173506603,"category":"academic","addr:housenumber":"440","addr:street":"Henry Mall","building":"university","name":"DeLuca Biochemical Sciences Building"},"geometry":{"type":"Polygon","coordinates":[[[-89.411418,43.0745699],[-89.4109226,43.0745686],[-89.4109233,43.0744304],[-89.4107633,43.07443],[-89.410559,43.0744295],[-89.4105597,43.0742826],[-89.4105604,43.0741372],[-89.4107859,43.0741378],[-89.4107861,43.0740978],[-89.4108044,43.0740978],[-89.4114202,43.0740994],[-89.4114187,43.074413],[-89.411418,43.0745699]]]}},{"type":"Feature","id":173508078,"properties":{"osmId":173508078,"category":"academic","addr:city":"Madison","addr:housenumber":"1575","addr:state":"WI","addr:street":"Linden Drive","building":"university","name":"Plant Sciences"},"geometry":{"type":"Polygon","coordinates":[[[-89.412316,43.0744927],[-89.4123149,43.0746501],[-89.412139,43.0746504],[-89.4121386,43.0744896],[-89.412316,43.0744927]]]}},{"type":"Feature","id":173709889,"properties":{"osmId":173709889,"category":"residential","addr:city":"Madison","addr:country":"US","addr:housenumber":"640","addr:postcode":"53706-1134","addr:state":"WI","addr:street":"Elm Drive","building":"dormitory","building:levels":"4","name":"Dejope Residence Hall","operator":"UW-Madison","smoking":"no"},"geometry":{"type":"Polygon","coordinates":[[[-89.4186131,43.0782137],[-89.4185841,43.0782786],[-89.4184753,43.0782594],[-89.418475,43.0782406],[-89.4183506,43.0781772],[-89.4183508,43.0781663],[-89.4183353,43.0781575],[-89.4183183,43.0781586],[-89.4182064,43.0780666],[-89.4182082,43.0780552],[-89.4181955,43.0780424],[-89.4181788,43.0780415],[-89.4181091,43.0779424],[-89.4180571,43.0779631],[-89.4179107,43.0781369],[-89.4175027,43.0779603],[-89.4171674,43.0778152],[-89.4172673,43.0776953],[-89.4172854,43.0777033],[-89.4173304,43.0776493],[-89.4172224,43.0776141],[-89.4171016,43.0776141],[-89.4168856,43.0775864],[-89.4167212,43.0775448],[-89.4167303,43.0775255],[-89.4167533,43.0774765],[-89.4167823,43.0774829],[-89.4168306,43.0774936],[-89.4168381,43.0774385],[-89.4168884,43.0774383],[-89.4168945,43.0774286],[-89.4169761,43.0774296],[-89.4169769,43.0774346],[-89.4170722,43.0774345],[-89.417073,43.0774457],[-89.4171838,43.0774464],[-89.4171839,43.0774376],[-89.4173744,43.0774389],[-89.4173743,43.0774454],[-89.417408,43.0774456],[-89.417408,43.0774391],[-89.4175689,43.0774402],[-89.4176591,43.0774297],[-89.4177922,43.0774041],[-89.4179004,43.0773985],[-89.4180555,43.0774],[-89.4180551,43.0774246],[-89.4180548,43.0774491],[-89.4180949,43.077461],[-89.4180672,43.077512],[-89.4181123,43.077524],[-89.4182281,43.0775239],[-89.4182262,43.0776612],[-89.4182012,43.0776617],[-89.4182071,43.0777368],[-89.4182388,43.0777383],[-89.4182649,43.0778171],[-89.4183204,43.0778935],[-89.418463,43.0778488],[-89.4185152,43.0779287],[-89.4183923,43.0779784],[-89.4184522,43.0780277],[-89.4184331,43.0780422],[-89.4184939,43.0780827],[-89.4185131,43.0780705],[-89.4186289,43.0781197],[-89.4186671,43.0781423],[-89.4186045,43.0782021],[-89.4186131,43.0782137]]]}},{"type":"Feature","id":173710620,"properties":{"osmId":173710620,"category":"residential","addr:city":"Madison","addr:housenumber":"1520","addr:postcode":"53706","addr:state":"WI","addr:street":"Tripp Circle","building":"dormitory","name":"Adams Residence Hall","operator":"UW-Madison"},"geometry":{"type":"Polygon","coordinates":[[[-89.4123325,43.078034],[-89.4123325,43.077701],[-89.4121883,43.077701],[-89.4121883,43.0776463],[-89.4120134,43.0776463],[-89.4120134,43.077578],[-89.4119351,43.077578],[-89.4119351,43.0776041],[-89.4119023,43.0776041],[-89.4119023,43.0775487],[-89.4117407,43.0775487],[-89.4117407,43.0776494],[-89.4117265,43.0776494],[-89.4117265,43.0777293],[-89.4117407,43.0777293],[-89.4117407,43.0780357],[-89.4117498,43.0780357],[-89.4117498,43.0780652],[-89.4117107,43.0780652],[-89.4117107,43.0781902],[-89.4118125,43.0781902],[-89.4118125,43.0781963],[-89.4119343,43.0781963],[-89.4119343,43.0781902],[-89.4121973,43.0781902],[-89.4121973,43.0780658],[-89.4120138,43.0780658],[-89.4120138,43.078058],[-89.4119516,43.078058],[-89.4118964,43.078058],[-89.4118964,43.0780658],[-89.4117811,43.0780658],[-89.4117811,43.078034],[-89.4119038,43.078034],[-89.4119038,43.07777],[-89.4119493,43.07777],[-89.4121669,43.07777],[-89.4121669,43.0778665],[-89.4121669,43.078034],[-89.4123325,43.078034]]]}},{"type":"Feature","id":173710621,"properties":{"osmId":173710621,"category":"residential","addr:city":"Madison","addr:state":"WI","building":"dormitory","ele":"264","gnis:feature_id":"1842721","name":"Tripp Residence Hall","source":"USGS Geonames"},"geometry":{"type":"Polygon","coordinates":[[[-89.4113603,43.078206],[-89.4113595,43.0781351],[-89.4113757,43.078135],[-89.4113748,43.0780472],[-89.4113587,43.0780473],[-89.4113567,43.077854],[-89.4112624,43.0778546],[-89.411262,43.0778171],[-89.41129,43.0778169],[-89.4112893,43.0777452],[-89.4111815,43.0777458],[-89.4111822,43.077816],[-89.4111522,43.0778162],[-89.4111516,43.077751],[-89.4106961,43.0777535],[-89.4106972,43.077861],[-89.4106267,43.0778614],[-89.4106284,43.0780382],[-89.4107829,43.0780373],[-89.4107813,43.07788],[-89.4111522,43.077878],[-89.4111519,43.0778547],[-89.4111952,43.0778545],[-89.4111956,43.0778994],[-89.4111973,43.0780637],[-89.4109844,43.0780648],[-89.4109843,43.07806],[-89.4108658,43.0780606],[-89.4108658,43.0780656],[-89.4104854,43.0780676],[-89.4104866,43.0781916],[-89.4106288,43.0781909],[-89.4106289,43.0782005],[-89.4107474,43.0781999],[-89.4107473,43.0781902],[-89.4111507,43.0781881],[-89.4111498,43.0780966],[-89.4111965,43.0780963],[-89.4111976,43.0782068],[-89.4113603,43.078206]]]}},{"type":"Feature","id":174188355,"properties":{"osmId":174188355,"category":"academic","addr:housenumber":"701","addr:street":"Highland Avenue","alt_name":"UW Madison School of Nursing","building":"university","name":"Signe Skott Cooper Hall","note":"University of Wisconsin School of Nursing","operator":"UW-Madison","start_date":"2014"},"geometry":{"type":"Polygon","coordinates":[[[-89.4282432,43.0776758],[-89.4282433,43.0776486],[-89.4282434,43.0776025],[-89.4278805,43.0776019],[-89.4278793,43.0779602],[-89.4277655,43.07796],[-89.4277653,43.0780079],[-89.4277103,43.0780078],[-89.4277105,43.0779599],[-89.4275509,43.0779596],[-89.427552,43.0776414],[-89.4275824,43.0776415],[-89.4275828,43.0774989],[-89.4275581,43.0774989],[-89.4275583,43.0774421],[-89.4275696,43.0774421],[-89.4275702,43.0772455],[-89.4276938,43.0772457],[-89.4276937,43.0772636],[-89.428714,43.0772654],[-89.4287129,43.0776075],[-89.4285977,43.0776073],[-89.4285975,43.0776765],[-89.4282432,43.0776758]]]}},{"type":"Feature","id":175079855,"properties":{"osmId":175079855,"category":"academic","addr:city":"Madison","addr:housenumber":"1111","addr:state":"WI","addr:street":"Highland Avenue","building":"university","name":"Wisconsin Institutes for Medical Research","operator":"UW-Madison"},"geometry":{"type":"Polygon","coordinates":[[[-89.4323932,43.0784678],[-89.4322844,43.0784901],[-89.4322834,43.0785227],[-89.4322488,43.0785293],[-89.4322361,43.0785026],[-89.4322176,43.0785067],[-89.4322347,43.0785406],[-89.4321469,43.0785607],[-89.4321456,43.0785748],[-89.4320254,43.078613],[-89.4318773,43.0783117],[-89.4318305,43.078318],[-89.431774,43.0783232],[-89.4317172,43.0783271],[-89.4316603,43.0783296],[-89.4316034,43.0783307],[-89.4315464,43.0783305],[-89.4314894,43.0783289],[-89.4314325,43.0783259],[-89.4313759,43.0783215],[-89.431302,43.0785725],[-89.4312028,43.078553],[-89.431174,43.0785796],[-89.4311323,43.0785699],[-89.4311421,43.0785379],[-89.4311352,43.0785367],[-89.4311257,43.0785351],[-89.4311128,43.078567],[-89.4310238,43.0785506],[-89.431024,43.0785629],[-89.4309816,43.0785553],[-89.4309804,43.0785608],[-89.4308912,43.0785482],[-89.4310065,43.0781457],[-89.4310273,43.0781488],[-89.4310547,43.0780639],[-89.4310333,43.0780593],[-89.4310764,43.0779529],[-89.4310367,43.0779262],[-89.4309938,43.0778974],[-89.4310438,43.077821],[-89.4310352,43.077816],[-89.4310537,43.0777936],[-89.4310743,43.077773],[-89.4310938,43.0777514],[-89.4311152,43.0777319],[-89.4311336,43.0777138],[-89.4311607,43.0776942],[-89.4311795,43.0776799],[-89.4311695,43.0776719],[-89.4311914,43.0776561],[-89.4312139,43.0776408],[-89.4312371,43.0776261],[-89.431261,43.0776119],[-89.4312856,43.0775984],[-89.4313107,43.0775854],[-89.4313404,43.0775725],[-89.4313673,43.0775628],[-89.4314155,43.0775633],[-89.4314378,43.0775468],[-89.431468,43.0775244],[-89.4314872,43.0775396],[-89.4315212,43.0775402],[-89.4315402,43.0775273],[-89.4315779,43.0775281],[-89.4315969,43.0775431],[-89.431631,43.0775437],[-89.4316504,43.0775306],[-89.4316301,43.0775146],[-89.4318691,43.0773535],[-89.4318822,43.0773639],[-89.4319005,43.0773515],[-89.4320907,43.0775021],[-89.4321008,43.07751],[-89.4320823,43.0775225],[-89.4321033,43.0775391],[-89.4321396,43.0775391],[-89.4321615,43.0775243],[-89.432192,43.0775243],[-89.4322121,43.0775402],[-89.4322249,43.0775402],[-89.4322246,43.0775786],[-89.4321811,43.077607],[-89.4321351,43.0776331],[-89.4320538,43.0776711],[-89.432067,43.0777002],[-89.4321936,43.0780085],[-89.4325802,43.0779248],[-89.4329263,43.0781512],[-89.4329136,43.0781598],[-89.4328499,43.0782023],[-89.4327692,43.0782498],[-89.4326848,43.0782937],[-89.4325836,43.0783392],[-89.4324783,43.0783794],[-89.4324517,43.0783879],[-89.4323694,43.0784142],[-89.4323932,43.0784678]]]}},{"type":"Feature","id":175151219,"properties":{"osmId":175151219,"category":"athletic","building":"yes","leisure":"sports_centre","name":"Nicholas-Johnson Pavilion and Plaza","sport":"basketball","wheelchair":"yes"},"geometry":{"type":"Polygon","coordinates":[[[-89.3976356,43.0695341],[-89.397655,43.0694509],[-89.3976558,43.0693902],[-89.3976526,43.0693349],[-89.3976514,43.0693065],[-89.3974158,43.0693042],[-89.3974262,43.0689255],[-89.3974361,43.0689284],[-89.397952,43.0690809],[-89.3978994,43.0691749],[-89.3978447,43.0692725],[-89.3980561,43.0693386],[-89.3984886,43.06935],[-89.3984712,43.0693848],[-89.3985484,43.0694087],[-89.3983527,43.0697561],[-89.3981858,43.0697052],[-89.3976356,43.0695341]]]}},{"type":"Feature","id":175344876,"properties":{"osmId":175344876,"category":"academic","addr:city":"Madison","addr:country":"US","addr:housenumber":"25","addr:postcode":"53711","addr:state":"WI","addr:street":"North Breese Terrace","building":"university","building:colour":"tan","building:levels":"1","name":"Athletic Operations Building","roof:colour":"indianred","roof:shape":"gabled"},"geometry":{"type":"Polygon","coordinates":[[[-89.4132491,43.0689613],[-89.4132493,43.068765],[-89.4132593,43.068765],[-89.4132593,43.0687469],[-89.4136966,43.068747],[-89.4136965,43.0687652],[-89.4137074,43.0687652],[-89.413707,43.0689219],[-89.4137072,43.0689615],[-89.4135281,43.0689614],[-89.41334,43.0690234],[-89.4133276,43.069016],[-89.413285,43.0689932],[-89.4132643,43.0689845],[-89.4132491,43.0689613]]]}},{"type":"Feature","id":175346220,"properties":{"osmId":175346220,"category":"academic","addr:city":"Madison","addr:housenumber":"1450","addr:postcode":"53711","addr:state":"WI","addr:street":"Monroe Street","building":"university","building:colour":"tan","building:levels":"5","leisure":"sports_centre","name":"Field House","roof:colour":"indianred","roof:shape":"gabled","sport":"basketball;volleyball;wrestling","wikidata":"Q8027171","wikipedia":"en:Wisconsin Field House"},"geometry":{"type":"Polygon","coordinates":[[[-89.4123238,43.0689543],[-89.4123244,43.0689339],[-89.4122901,43.0689334],[-89.4122922,43.0688425],[-89.4123019,43.068425],[-89.4122831,43.0684248],[-89.4122846,43.0683446],[-89.4122849,43.0683243],[-89.4123344,43.0683247],[-89.4123347,43.0683085],[-89.4130291,43.0683134],[-89.4130288,43.0683344],[-89.4130772,43.0683347],[-89.4130766,43.0683839],[-89.413076,43.0684241],[-89.4130638,43.068424],[-89.4130586,43.0687551],[-89.4130931,43.0687554],[-89.4130925,43.0687894],[-89.4130576,43.0687891],[-89.4130562,43.0688595],[-89.4130674,43.0688597],[-89.4130658,43.0689244],[-89.4130648,43.0689645],[-89.4123238,43.0689543]]]}},{"type":"Feature","id":175346221,"properties":{"osmId":175346221,"category":"academic","addr:city":"Madison","addr:housenumber":"1440","addr:postcode":"53711","addr:state":"WI","addr:street":"Monroe Street","building":"university","building:levels":"5","name":"Kellner Hall"},"geometry":{"type":"Polygon","coordinates":[[[-89.4120985,43.0690589],[-89.4120637,43.0690781],[-89.4120299,43.069104],[-89.4119929,43.0691344],[-89.4119545,43.0691748],[-89.4119383,43.0692007],[-89.4117842,43.0691439],[-89.4118049,43.069124],[-89.4116954,43.0690675],[-89.4115836,43.0690087],[-89.4116324,43.0689593],[-89.411641,43.0689635],[-89.4118156,43.0690483],[-89.4118587,43.0690112],[-89.4119074,43.0689781],[-89.4119591,43.0689446],[-89.4120148,43.0689165],[-89.4120856,43.0688915],[-89.4120097,43.0687723],[-89.4121718,43.0687267],[-89.4121937,43.0687799],[-89.4122227,43.0688505],[-89.4122879,43.0688411],[-89.4122922,43.0688425],[-89.4122901,43.0689334],[-89.4123244,43.0689339],[-89.4123238,43.0689543],[-89.4123311,43.0689858],[-89.4122798,43.0689952],[-89.4122354,43.0690059],[-89.4121889,43.0690192],[-89.4121433,43.0690375],[-89.4120985,43.0690589]]]}},{"type":"Feature","id":178802176,"properties":{"osmId":178802176,"category":"medical","building":"hospital","healthcare":"laboratory","name":"Meriter Laboratories"},"geometry":{"type":"Polygon","coordinates":[[[-89.4030774,43.0669856],[-89.4029381,43.0669858],[-89.4029382,43.0670116],[-89.4028251,43.0670118],[-89.402825,43.0669861],[-89.4026803,43.0669863],[-89.402679,43.0666025],[-89.4027807,43.0666023],[-89.4028185,43.0666022],[-89.4030761,43.0666018],[-89.4030774,43.0669856]]]}},{"type":"Feature","id":178805853,"properties":{"osmId":178805853,"category":"medical","addr:city":"Madison","addr:housenumber":"36","addr:postcode":"53715","addr:state":"WI","addr:street":"South Brooks Street","building":"hospital","layer":"1","toilets:wheelchair":"yes","wheelchair":"yes"},"geometry":{"type":"Polygon","coordinates":[[[-89.4017038,43.0662728],[-89.4016819,43.0662565],[-89.4016625,43.0662565],[-89.4016625,43.0662685],[-89.4015762,43.0662685],[-89.4015592,43.0662685],[-89.4013528,43.0662682],[-89.4012883,43.0662681],[-89.4012871,43.0662391],[-89.401245,43.066238],[-89.4012221,43.0662374],[-89.4011834,43.0662329],[-89.4011823,43.0654288],[-89.4011818,43.0651014],[-89.4014944,43.0651012],[-89.4016714,43.065101],[-89.4016714,43.0651558],[-89.4016705,43.0652155],[-89.4016699,43.0653001],[-89.4016706,43.0653625],[-89.4016721,43.0654178],[-89.4016719,43.0654635],[-89.4016718,43.0655165],[-89.4016716,43.0655486],[-89.4016714,43.0656099],[-89.4016709,43.0657337],[-89.4016998,43.0657142],[-89.4017318,43.0657345],[-89.4017503,43.0657347],[-89.4017505,43.0657653],[-89.4017432,43.0657653],[-89.4017436,43.0658441],[-89.4017088,43.0658442],[-89.401709,43.0658843],[-89.4017539,43.0658842],[-89.4017558,43.0662556],[-89.4017248,43.0662556],[-89.4017038,43.0662728]]]}},{"type":"Feature","id":184043448,"properties":{"osmId":184043448,"category":"academic","building":"school","building:levels":"3","roof:levels":"1"},"geometry":{"type":"Polygon","coordinates":[[[-89.4177499,43.0685127],[-89.4176358,43.0685126],[-89.4176359,43.0684799],[-89.4173691,43.0684797],[-89.4173691,43.0684948],[-89.4169855,43.0684946],[-89.4169856,43.0683974],[-89.4170184,43.0683975],[-89.4170186,43.0681348],[-89.4169896,43.0681348],[-89.4169897,43.0680384],[-89.4173692,43.0680386],[-89.4173692,43.0680542],[-89.4176412,43.0680544],[-89.4176413,43.068029],[-89.417747,43.0680291],[-89.4177468,43.0681496],[-89.4177467,43.0681778],[-89.4173512,43.0681774],[-89.4173508,43.0683588],[-89.4177502,43.0683592],[-89.4177502,43.0683787],[-89.4177499,43.0685127]]]}},{"type":"Feature","id":193490363,"properties":{"osmId":193490363,"category":"academic","addr:city":"Madison","addr:country":"US","addr:housenumber":"1552","addr:state":"WI","addr:street":"University Avenue","building":"university","building:levels":"4","name":"Wisconsin Energy Institute"},"geometry":{"type":"Polygon","coordinates":[[[-89.4142877,43.0738785],[-89.4142994,43.0738783],[-89.4142993,43.073793],[-89.4143138,43.073793],[-89.414325,43.0737866],[-89.4143347,43.0736961],[-89.4143321,43.0735792],[-89.4142159,43.0735793],[-89.4142149,43.0735572],[-89.4140297,43.073555],[-89.4139821,43.0735544],[-89.4139439,43.0735542],[-89.413822,43.0735584],[-89.4137666,43.0735688],[-89.4137097,43.0735871],[-89.4137194,43.0736111],[-89.4137904,43.073617],[-89.4137894,43.0736284],[-89.4137878,43.0736461],[-89.4138317,43.0736465],[-89.4138195,43.0736736],[-89.4137896,43.0737085],[-89.4137593,43.0737064],[-89.4137278,43.0737662],[-89.4135606,43.0737608],[-89.4135461,43.0738007],[-89.4137516,43.0738454],[-89.4138494,43.0738601],[-89.4138485,43.0738924],[-89.41396,43.0739255],[-89.4140295,43.0739432],[-89.4141024,43.0739557],[-89.4141604,43.0739623],[-89.414225,43.0739656],[-89.4142839,43.0739639],[-89.4142877,43.0738785]]]}},{"type":"Feature","id":193492268,"properties":{"osmId":193492268,"category":"academic","addr:city":"Madison","addr:country":"US","addr:housenumber":"770","addr:state":"WI","addr:street":"West Dayton Street","building":"university","building:levels":"3","name":"Gordon Dining and Event Center"},"geometry":{"type":"Polygon","coordinates":[[[-89.3988198,43.0713935],[-89.3980371,43.0713825],[-89.3978841,43.0713804],[-89.3978847,43.0713568],[-89.3976388,43.0713534],[-89.3976413,43.071258],[-89.3977807,43.07126],[-89.3977869,43.0710235],[-89.3985497,43.0710342],[-89.3985493,43.0710487],[-89.3986857,43.0710507],[-89.398686,43.071041],[-89.3987214,43.0710416],[-89.3987219,43.0710242],[-89.3989819,43.0710285],[-89.3989732,43.07131],[-89.3989595,43.0713098],[-89.3989592,43.0713177],[-89.3989939,43.0713183],[-89.3989922,43.0713819],[-89.3989038,43.0713806],[-89.3988201,43.0713794],[-89.3988198,43.0713935]]]}},{"type":"Feature","id":193494687,"properties":{"osmId":193494687,"category":"athletic","building":"stadium","name":"LaBahn Arena","wikidata":"Q6460666"},"geometry":{"type":"Polygon","coordinates":[[[-89.3986933,43.0701526],[-89.3987561,43.0701644],[-89.3988037,43.0701741],[-89.3988728,43.0701845],[-89.3989536,43.0700409],[-89.3989898,43.06998],[-89.3989852,43.0699731],[-89.3990363,43.069882],[-89.3990357,43.0698485],[-89.3989593,43.069822],[-89.3989876,43.0697728],[-89.3990447,43.0696737],[-89.3990469,43.0696698],[-89.3990508,43.0695678],[-89.3990268,43.069524],[-89.3989717,43.0694815],[-89.3985766,43.0693603],[-89.3985484,43.0694087],[-89.3983527,43.0697561],[-89.3981858,43.0697052],[-89.3981676,43.0697393],[-89.3981491,43.0697345],[-89.3981242,43.06977],[-89.3980361,43.0699261],[-89.3981448,43.0699741],[-89.3982274,43.0700075],[-89.398296,43.070034],[-89.398368,43.070058],[-89.3984913,43.0700956],[-89.3986933,43.0701526]]]}},{"type":"Feature","id":193571969,"properties":{"osmId":193571969,"category":"residential","addr:city":"Madison","addr:housenumber":"1635","addr:postcode":"53706","addr:state":"WI","addr:street":"Kronshage Drive","building":"dormitory","building:levels":"4","name":"Leopold Residence Hall","operator":"UW-Madison"},"geometry":{"type":"Polygon","coordinates":[[[-89.4138772,43.077839],[-89.4139129,43.077839],[-89.413913,43.0778502],[-89.4139685,43.0778502],[-89.4139684,43.077833],[-89.4140634,43.0778329],[-89.4140626,43.0774617],[-89.414352,43.0774614],[-89.4143521,43.0774691],[-89.4143993,43.0774691],[-89.4143992,43.0773941],[-89.4144312,43.0773941],[-89.414431,43.0773289],[-89.4138964,43.0773296],[-89.4138964,43.0773363],[-89.4138231,43.0773364],[-89.4138233,43.0774054],[-89.4138873,43.0774053],[-89.4138873,43.0774165],[-89.4138677,43.0774166],[-89.4138686,43.0778174],[-89.4138771,43.0778174],[-89.4138772,43.077839]]]}},{"type":"Feature","id":220682040,"properties":{"osmId":220682040,"category":"religious","addr:city":"Madison","addr:housenumber":"1609","addr:postcode":"53726","addr:state":"WI","addr:street":"University Avenue","amenity":"place_of_worship","building":"church","check_date":"2025-12-08","denomination":"united_church_of_christ","name":"First Congregational Church","religion":"christian","website":"https://firstcongmadison.org/"},"geometry":{"type":"Polygon","coordinates":[[[-89.4141055,43.0732738],[-89.4141055,43.073176],[-89.4141054,43.0730689],[-89.4142051,43.0730689],[-89.4142051,43.0730616],[-89.4144108,43.0730615],[-89.4144107,43.0730217],[-89.4145193,43.0730217],[-89.4145464,43.0730217],[-89.4145464,43.0729764],[-89.4146078,43.0729764],[-89.4146492,43.0729764],[-89.4146492,43.073018],[-89.4147945,43.0730179],[-89.4147946,43.0730732],[-89.4148076,43.0730732],[-89.4148076,43.0732971],[-89.4146166,43.0732971],[-89.4145779,43.0732971],[-89.4145779,43.0732885],[-89.4142142,43.0732885],[-89.4142142,43.0732738],[-89.4141055,43.0732738]]]}},{"type":"Feature","id":241508507,"properties":{"osmId":241508507,"category":"academic","building":"school","building:levels":"3","denomination":"roman_catholic","ele":"262","gnis:feature_id":"1572984","name":"Saint James School","religion":"christian"},"geometry":{"type":"Polygon","coordinates":[[[-89.405835,43.0663125],[-89.4058316,43.0659622],[-89.4058833,43.0659619],[-89.4058832,43.0659526],[-89.4063698,43.06595],[-89.4063699,43.0659594],[-89.4064053,43.0659592],[-89.4064066,43.0660864],[-89.4063151,43.0660869],[-89.4063173,43.0663099],[-89.405835,43.0663125]]]}},{"type":"Feature","id":241508508,"properties":{"osmId":241508508,"category":"religious","amenity":"place_of_worship","building":"yes","denomination":"roman_catholic","name":"Saint James Catholic Church","religion":"christian"},"geometry":{"type":"Polygon","coordinates":[[[-89.4057791,43.066265],[-89.4057209,43.0662654],[-89.4057213,43.066298],[-89.405689,43.0663226],[-89.4056298,43.0663234],[-89.4055938,43.0662985],[-89.4055934,43.0662668],[-89.4055389,43.0662671],[-89.4055378,43.0661697],[-89.4055015,43.0661699],[-89.4055009,43.0661248],[-89.405537,43.0661246],[-89.4055359,43.0660382],[-89.4055228,43.0660383],[-89.4055221,43.0659794],[-89.4055771,43.065979],[-89.4055768,43.0659541],[-89.4057481,43.065953],[-89.4057484,43.0659771],[-89.4058074,43.0659767],[-89.405808,43.0660283],[-89.4057763,43.0660285],[-89.4057791,43.066265]]]}},{"type":"Feature","id":241508509,"properties":{"osmId":241508509,"category":"library","addr:city":"Madison","addr:housenumber":"1705","addr:postcode":"53711","addr:state":"WI","addr:street":"Monroe Street","amenity":"library","building":"yes","internet_access":"yes","internet_access:fee":"no","name":"Monroe Street Library","opening_hours":"Mo-We 10:00-18:00; Fr 10:00-18:00; Sa 09:00-17:00","opening_hours:url":"http://www.madisonpubliclibrary.org/monroe-street","operator":"Madison Public Library","operator:type":"government","phone":"+1-608-266-6390","toilets":"yes","toilets:wheelchair":"yes","website":"https://www.madisonpubliclibrary.org/monroe-street","wheelchair":"limited","wikidata":"Q69865555"},"geometry":{"type":"Polygon","coordinates":[[[-89.415332,43.0659825],[-89.4151467,43.0658287],[-89.4150578,43.0658859],[-89.4152431,43.0660396],[-89.415332,43.0659825]]]}},{"type":"Feature","id":245021126,"properties":{"osmId":245021126,"category":"residential","addr:housenumber":"1421,1423,1425","addr:street":"Monroe Street","building":"dormitory","building:levels":"6","name":"Lark at Randall"},"geometry":{"type":"Polygon","coordinates":[[[-89.4097755,43.069546],[-89.4091781,43.0699059],[-89.4091745,43.069548],[-89.4091739,43.0694912],[-89.4091364,43.069458],[-89.4091864,43.0694279],[-89.4093717,43.0693162],[-89.4094813,43.0694133],[-89.4095672,43.0693615],[-89.4097755,43.069546]]]}},{"type":"Feature","id":295601556,"properties":{"osmId":295601556,"category":"academic","building":"university"},"geometry":{"type":"Polygon","coordinates":[[[-89.4015453,43.0740559],[-89.4015492,43.0738698],[-89.40155,43.0738286],[-89.4015854,43.073829],[-89.4015868,43.0737663],[-89.4015869,43.073759],[-89.4016284,43.0737595],[-89.4016285,43.0737535],[-89.4018694,43.073756],[-89.4018679,43.0738333],[-89.4020254,43.073835],[-89.4020242,43.0738975],[-89.402342,43.0739008],[-89.4023416,43.0739231],[-89.4023387,43.0740736],[-89.4021413,43.0740716],[-89.4021414,43.0740646],[-89.4020874,43.074064],[-89.4018603,43.0740616],[-89.4018601,43.0740707],[-89.4016262,43.0740681],[-89.4016265,43.0740568],[-89.4015453,43.0740559]]]}},{"type":"Feature","id":295708135,"properties":{"osmId":295708135,"category":"academic","addr:city":"Madison","addr:country":"US","addr:housenumber":"750","addr:state":"WI","addr:street":"University Avenue","building":"university","check_date:opening_hours":"2023-03-10","fee":"no","name":"Chazen Museum of Art","opening_hours":"Mo-Fr 10:00-19:00; Sa,Su 11:00-17:00; PH off","source":"Tanya Buckinham: map.wisc.edu","tourism":"museum","website":"https://chazen.wisc.edu/","wikidata":"Q3666871","wikipedia":"en:Chazen Museum of Art"},"geometry":{"type":"Polygon","coordinates":[[[-89.3989115,43.0737904],[-89.3989382,43.0737907],[-89.3989535,43.0737909],[-89.3989532,43.0738028],[-89.3990385,43.0738039],[-89.3990976,43.0738047],[-89.399128,43.0738052],[-89.3991283,43.0737939],[-89.3991487,43.0737941],[-89.3991619,43.0737943],[-89.3991758,43.0737945],[-89.3991791,43.0736664],[-89.3991643,43.0736662],[-89.3990427,43.0736645],[-89.3989415,43.0736631],[-89.398405,43.0736556],[-89.3984036,43.0737062],[-89.3984018,43.0737754],[-89.3983984,43.0739072],[-89.3983663,43.0739067],[-89.3983634,43.074018],[-89.3983794,43.0740182],[-89.3983966,43.0740185],[-89.3983939,43.0741217],[-89.3984385,43.0741223],[-89.3984379,43.0741454],[-89.3987732,43.0741501],[-89.3987738,43.0741276],[-89.3988106,43.0741282],[-89.3989021,43.0741294],[-89.3989025,43.074115],[-89.3989139,43.0741151],[-89.3989146,43.0740884],[-89.3989169,43.0739984],[-89.3989173,43.0739842],[-89.3989178,43.073966],[-89.398907,43.0739659],[-89.3989115,43.0737904]]]}},{"type":"Feature","id":299403522,"properties":{"osmId":299403522,"category":"academic","addr:city":"Madison","addr:housenumber":"502","addr:state":"WI","addr:street":"Herrick Drive","building":"university","name":"502 Herrick Dr."},"geometry":{"type":"Polygon","coordinates":[[[-89.4228953,43.074916],[-89.4227448,43.0749172],[-89.4227425,43.0747609],[-89.422893,43.0747597],[-89.4228953,43.074916]]]}},{"type":"Feature","id":299558320,"properties":{"osmId":299558320,"category":"religious","addr:city":"Madison","addr:housenumber":"1711","addr:postcode":"53705","addr:state":"WI","addr:street":"University Avenue","amenity":"place_of_worship","building":"yes","denomination":"mormon","name":"Madison LDS","religion":"christian"},"geometry":{"type":"Polygon","coordinates":[[[-89.4158715,43.0732364],[-89.4158722,43.073145],[-89.4156066,43.0731439],[-89.415606,43.0732353],[-89.4157375,43.0732358],[-89.4157374,43.0732597],[-89.4157622,43.0732598],[-89.4157619,43.0733012],[-89.4158049,43.0733014],[-89.4158052,43.0732599],[-89.4158278,43.07326],[-89.415828,43.0732362],[-89.4158715,43.0732364]]]}},{"type":"Feature","id":299558322,"properties":{"osmId":299558322,"category":"religious","amenity":"place_of_worship","building":"yes","name":"the church in Madison","religion":"christian"},"geometry":{"type":"Polygon","coordinates":[[[-89.4179639,43.073552],[-89.4180745,43.0735377],[-89.4180342,43.0733712],[-89.4179236,43.0733855],[-89.4179639,43.073552]]]}},{"type":"Feature","id":299558329,"properties":{"osmId":299558329,"category":"residential","building":"house","name":"Akasha House"},"geometry":{"type":"Polygon","coordinates":[[[-89.4153174,43.0731432],[-89.4153187,43.0730447],[-89.4151573,43.073044],[-89.4151572,43.0730478],[-89.4151305,43.0730476],[-89.4151288,43.0731378],[-89.4151546,43.0731381],[-89.4151545,43.0731421],[-89.4153174,43.0731432]]]}},{"type":"Feature","id":299564564,"properties":{"osmId":299564564,"category":"religious","amenity":"place_of_worship","building":"mosque","religion":"muslim"},"geometry":{"type":"Polygon","coordinates":[[[-89.4071928,43.0684134],[-89.407194,43.068273],[-89.4068994,43.0682717],[-89.4067984,43.0683692],[-89.4068526,43.0684021],[-89.406911,43.0684121],[-89.4071928,43.0684134]]]}},{"type":"Feature","id":323930560,"properties":{"osmId":323930560,"category":"medical","building":"hospital","name":"McConnell Hall"},"geometry":{"type":"Polygon","coordinates":[[[-89.4032144,43.0658133],[-89.4031498,43.0658136],[-89.4031501,43.0658381],[-89.403094,43.0658384],[-89.4030937,43.0658139],[-89.4030634,43.0658141],[-89.4030633,43.0657998],[-89.4028031,43.0658013],[-89.4028032,43.0658156],[-89.4027765,43.0658157],[-89.4027767,43.0658387],[-89.4027135,43.0658391],[-89.4027132,43.0658161],[-89.4026544,43.0658164],[-89.4026509,43.065488],[-89.4027783,43.0654873],[-89.4027784,43.0654968],[-89.4028977,43.0654962],[-89.4029052,43.0654836],[-89.4029193,43.0654785],[-89.4029329,43.0654778],[-89.402948,43.0654854],[-89.4029558,43.0654958],[-89.4030849,43.0654951],[-89.4030848,43.0654856],[-89.4032109,43.0654849],[-89.4032144,43.0658133]]]}},{"type":"Feature","id":343102925,"properties":{"osmId":343102925,"category":"academic","building":"university"},"geometry":{"type":"Polygon","coordinates":[[[-89.406116,43.0688456],[-89.4061189,43.068765],[-89.4058832,43.0687604],[-89.4058803,43.0688411],[-89.406116,43.0688456]]]}},{"type":"Feature","id":343102926,"properties":{"osmId":343102926,"category":"academic","building":"university"},"geometry":{"type":"Polygon","coordinates":[[[-89.4062415,43.0688568],[-89.40632,43.0688573],[-89.406321,43.0687679],[-89.4062425,43.0687674],[-89.4062415,43.0688568]]]}},{"type":"Feature","id":343102927,"properties":{"osmId":343102927,"category":"academic","building":"university"},"geometry":{"type":"Polygon","coordinates":[[[-89.4063763,43.0688604],[-89.4063281,43.06886],[-89.4063296,43.0687734],[-89.4063778,43.0687738],[-89.4063763,43.0688604]]]}},{"type":"Feature","id":360719077,"properties":{"osmId":360719077,"category":"religious","amenity":"place_of_worship","building":"yes","denomination":"presbyterian","name":"Pres House","religion":"christian","wikidata":"Q7894888"},"geometry":{"type":"Polygon","coordinates":[[[-89.3988033,43.07461],[-89.3988283,43.0746102],[-89.3988735,43.0746107],[-89.3988741,43.0745814],[-89.398885,43.0745815],[-89.3988857,43.0745429],[-89.3988864,43.074507],[-89.3988761,43.0745069],[-89.3988767,43.074478],[-89.3985959,43.0744751],[-89.3985953,43.0745058],[-89.3985815,43.0745194],[-89.3985809,43.0745681],[-89.3985917,43.0745799],[-89.3985879,43.0747827],[-89.3985877,43.0747908],[-89.3986297,43.0747912],[-89.3986843,43.0747918],[-89.3987348,43.0747923],[-89.3987351,43.0747726],[-89.3987373,43.0746562],[-89.3987633,43.0746565],[-89.3988025,43.0746569],[-89.3988033,43.07461]]]}},{"type":"Feature","id":360719081,"properties":{"osmId":360719081,"category":"religious","addr:city":"Madison","addr:housenumber":"723","addr:postcode":"53703","addr:street":"State Street","amenity":"place_of_worship","building":"yes","denomination":"roman_catholic","name":"Saint Paul University Catholic Center","phone":"+1 608 258 3140","religion":"christian","website":"https://uwcatholic.org/","wheelchair":"yes"},"geometry":{"type":"Polygon","coordinates":[[[-89.3982404,43.0748315],[-89.3982409,43.0748147],[-89.3982321,43.0748096],[-89.3982326,43.0747772],[-89.3982436,43.0747665],[-89.3982459,43.0746983],[-89.3982398,43.0746982],[-89.3982418,43.0746397],[-89.3982488,43.0746399],[-89.3982502,43.0745971],[-89.3982444,43.074597],[-89.3982464,43.074539],[-89.3982521,43.0745391],[-89.3982543,43.0744723],[-89.3983268,43.0744735],[-89.3983265,43.0744811],[-89.3983993,43.0744824],[-89.3983995,43.0744765],[-89.3984652,43.0744776],[-89.3984649,43.074487],[-89.3985692,43.0744888],[-89.3985669,43.0745596],[-89.3985559,43.0745594],[-89.3985519,43.0746856],[-89.3985673,43.0746859],[-89.3985643,43.0747825],[-89.3985634,43.0748123],[-89.3984729,43.0748108],[-89.3984721,43.0748358],[-89.3984148,43.0748349],[-89.3984149,43.0748312],[-89.3983845,43.0748307],[-89.3983517,43.0748302],[-89.3983209,43.0748297],[-89.3982915,43.0748292],[-89.3982914,43.0748323],[-89.3982404,43.0748315]]]}},{"type":"Feature","id":361992423,"properties":{"osmId":361992423,"category":"religious","amenity":"place_of_worship","building":"church","check_date":"2026-03-14","denomination":"episcopal","name":"Saint Andrew's Episcopal Church","religion":"christian","wheelchair":"limited"},"geometry":{"type":"Polygon","coordinates":[[[-89.4185639,43.0677113],[-89.4185336,43.0677114],[-89.4185337,43.0677239],[-89.4184344,43.0677242],[-89.4184343,43.0677117],[-89.4184085,43.0677118],[-89.4184079,43.0676132],[-89.418332,43.0676135],[-89.4183318,43.0675836],[-89.4182946,43.0675837],[-89.4182938,43.0674595],[-89.4185439,43.0674587],[-89.418544,43.0674699],[-89.4185784,43.0674698],[-89.4185786,43.0674965],[-89.4186137,43.0674964],[-89.4186142,43.0675759],[-89.418563,43.0675761],[-89.4185639,43.0677113]]]}},{"type":"Feature","id":361992430,"properties":{"osmId":361992430,"category":"religious","amenity":"place_of_worship","building":"synagogue","check_date":"2024-12-08","denomination":"conservative","name":"Beth Israel Center","religion":"jewish"},"geometry":{"type":"Polygon","coordinates":[[[-89.4091837,43.065444],[-89.4094416,43.0654453],[-89.4094415,43.0654605],[-89.4095836,43.0654612],[-89.4095838,43.0654453],[-89.4097896,43.0654463],[-89.4097886,43.0655587],[-89.4097227,43.0655584],[-89.4097217,43.0656678],[-89.4094803,43.0656666],[-89.4094797,43.06573],[-89.4094272,43.0657297],[-89.4094271,43.0657378],[-89.409181,43.0657367],[-89.4091704,43.0657015],[-89.4091618,43.0656662],[-89.4091555,43.0656283],[-89.4091534,43.0655911],[-89.4091556,43.065553],[-89.4091621,43.0655164],[-89.4091718,43.0654798],[-89.4091837,43.065444]]]}},{"type":"Feature","id":369451924,"properties":{"osmId":369451924,"category":"religious","addr:street":"Madison Street","building":"church"},"geometry":{"type":"Polygon","coordinates":[[[-89.4122451,43.067379],[-89.4121022,43.0672654],[-89.4120548,43.0672972],[-89.4120726,43.0673113],[-89.4118979,43.0674286],[-89.4118583,43.067397],[-89.4117978,43.0674376],[-89.411951,43.0675595],[-89.4121812,43.0674049],[-89.4121928,43.0674142],[-89.4122451,43.067379]]]}},{"type":"Feature","id":392534759,"properties":{"osmId":392534759,"category":"residential","addr:city":"Madison","addr:housenumber":"15","addr:state":"WI","addr:street":"South Charter Street","amenity":"fraternity","building":"dormitory","fraternity":"Phi Kappa Theta","name":"Phi Kappa Theta"},"geometry":{"type":"Polygon","coordinates":[[[-89.4054861,43.0672898],[-89.4053282,43.0672902],[-89.405328,43.0672439],[-89.4053633,43.0672438],[-89.4053627,43.0671356],[-89.4054852,43.0671352],[-89.4054861,43.0672898]]]}},{"type":"Feature","id":412585896,"properties":{"osmId":412585896,"category":"academic","addr:city":"Madison","addr:housenumber":"420","addr:state":"WI","addr:street":"Henry Mall","building":"university","name":"DeLuca Biochemistry Building","wikidata":"Q18739425","wikipedia":"en:DeLuca Biochemistry Building"},"geometry":{"type":"Polygon","coordinates":[[[-89.4112186,43.0736476],[-89.4105715,43.0736428],[-89.4105689,43.0738281],[-89.4105662,43.0740193],[-89.4108037,43.0740211],[-89.4112163,43.0740241],[-89.4112181,43.0738883],[-89.4112247,43.0738883],[-89.4112262,43.0737805],[-89.4112168,43.0737804],[-89.4112186,43.0736476]]]}},{"type":"Feature","id":412588607,"properties":{"osmId":412588607,"category":"religious","building":"chapel"},"geometry":{"type":"Polygon","coordinates":[[[-89.4036745,43.0727464],[-89.4039632,43.0727506],[-89.4039594,43.0728923],[-89.4038547,43.0728908],[-89.4038518,43.0729989],[-89.4038702,43.0729991],[-89.4038695,43.0730245],[-89.4039232,43.0730253],[-89.4039211,43.0731044],[-89.4038705,43.0731037],[-89.4038692,43.073151],[-89.4036638,43.0731481],[-89.4036745,43.0727464]]]}},{"type":"Feature","id":412588608,"properties":{"osmId":412588608,"category":"religious","addr:city":"Madison","addr:country":"US","addr:housenumber":"1021","addr:postcode":"53715","addr:state":"WI","addr:street":"University Avenue","amenity":"place_of_worship","building":"church","denomination":"lutheran","name":"Luther Memorial Church","religion":"christian","website":"http://luthermem.org","wikidata":"Q17009034"},"geometry":{"type":"Polygon","coordinates":[[[-89.4036477,43.0727296],[-89.403288,43.0727257],[-89.4032869,43.0727788],[-89.4032738,43.0727786],[-89.4032736,43.0727879],[-89.4031442,43.0727865],[-89.4031386,43.0730562],[-89.4032522,43.0730575],[-89.4032229,43.0730788],[-89.4032601,43.073106],[-89.4032739,43.0731062],[-89.4032731,43.0731355],[-89.4033562,43.0731367],[-89.4033557,43.0731527],[-89.4033797,43.0731531],[-89.4033795,43.07316],[-89.4035263,43.073162],[-89.4035265,43.073153],[-89.4035446,43.0731532],[-89.4035449,43.0731423],[-89.4035756,43.0731426],[-89.4035799,43.0729341],[-89.4036435,43.0729348],[-89.4036477,43.0727296]]]}},{"type":"Feature","id":422307109,"properties":{"osmId":422307109,"category":"residential","addr:city":"Madison","addr:housenumber":"132","addr:state":"WI","addr:street":"North Breese Terrace","amenity":"fraternity","building":"dormitory","fraternity":"Pi Lambda Phi","name":"Pi Lambda Phi Fraternity"},"geometry":{"type":"Polygon","coordinates":[[[-89.4142854,43.0709503],[-89.4141265,43.070951],[-89.414126,43.0708976],[-89.4140932,43.0708977],[-89.4140926,43.0708208],[-89.4141255,43.0708207],[-89.4141251,43.0707727],[-89.414284,43.070772],[-89.4142843,43.0708059],[-89.414318,43.0708057],[-89.4143189,43.0709194],[-89.4142851,43.0709195],[-89.4142854,43.0709503]]]}},{"type":"Feature","id":422307121,"properties":{"osmId":422307121,"category":"residential","addr:city":"Madison","addr:housenumber":"148","addr:state":"WI","addr:street":"North Breese Terrace","amenity":"fraternity","building":"dormitory","fraternity":"Triangle","name":"Triangle Fraternity"},"geometry":{"type":"Polygon","coordinates":[[[-89.4143068,43.0714853],[-89.4143085,43.0713922],[-89.4141013,43.0713902],[-89.4140996,43.0714833],[-89.4143068,43.0714853]]]}},{"type":"Feature","id":454993206,"properties":{"osmId":454993206,"category":"religious","building":"chapel","name":"Catlin Chapel"},"geometry":{"type":"Polygon","coordinates":[[[-89.4298664,43.066192],[-89.4299094,43.0661253],[-89.4298389,43.066101],[-89.4298301,43.0661146],[-89.429809,43.0661074],[-89.4297879,43.0661401],[-89.429809,43.0661473],[-89.4297958,43.0661677],[-89.4298664,43.066192]]]}},{"type":"Feature","id":455440343,"properties":{"osmId":455440343,"category":"residential","addr:housenumber":"1825","addr:street":"Regent Street","building":"house","building:levels":"2"},"geometry":{"type":"Polygon","coordinates":[[[-89.4182421,43.0676862],[-89.4182424,43.067669],[-89.4182616,43.0676691],[-89.4182621,43.0676319],[-89.418243,43.0676317],[-89.4182433,43.0676135],[-89.4181987,43.0676131],[-89.4181989,43.0675996],[-89.4181593,43.0675992],[-89.4181591,43.0676128],[-89.4181235,43.0676125],[-89.4181223,43.0676852],[-89.4182421,43.0676862]]]}},{"type":"Feature","id":455440385,"properties":{"osmId":455440385,"category":"religious","building":"garage"},"geometry":{"type":"Polygon","coordinates":[[[-89.4181337,43.0675862],[-89.4180799,43.0675855],[-89.4180812,43.0675316],[-89.418135,43.0675323],[-89.4181337,43.0675862]]]}},{"type":"Feature","id":456716093,"properties":{"osmId":456716093,"category":"religious","building":"church"},"geometry":{"type":"Polygon","coordinates":[[[-89.4130602,43.066706],[-89.4130303,43.0666823],[-89.4130413,43.0666749],[-89.4130104,43.0666505],[-89.4129996,43.0666577],[-89.4129764,43.0666394],[-89.4128317,43.0667368],[-89.4129156,43.0668034],[-89.4130602,43.066706]]]}},{"type":"Feature","id":457499006,"properties":{"osmId":457499006,"category":"religious","building":"yes"},"geometry":{"type":"Polygon","coordinates":[[[-89.4053972,43.0661301],[-89.4053958,43.0659694],[-89.4052412,43.0659702],[-89.4052426,43.0661309],[-89.4052564,43.0661308],[-89.4052572,43.0662168],[-89.4053604,43.0662163],[-89.4053596,43.0661303],[-89.4053972,43.0661301]]]}},{"type":"Feature","id":484383229,"properties":{"osmId":484383229,"category":"academic","addr:housenumber":"740","addr:street":"University Avenue","amenity":"arts_centre","building":"university","check_date":"2025-10-07","name":"Hamel Music Center"},"geometry":{"type":"Polygon","coordinates":[[[-89.3982949,43.07395],[-89.3982968,43.0739015],[-89.3982986,43.0738545],[-89.3982998,43.073823],[-89.3983057,43.0736343],[-89.3983156,43.0736362],[-89.3983231,43.0736376],[-89.3983356,43.0736343],[-89.3983483,43.0736363],[-89.3983439,43.0736291],[-89.3983486,43.0736196],[-89.3983443,43.0736099],[-89.398349,43.0735977],[-89.3983447,43.0735861],[-89.3983495,43.0735722],[-89.3983451,43.073562],[-89.39835,43.0735464],[-89.3983456,43.0735368],[-89.3983505,43.0735203],[-89.3983461,43.07351],[-89.398351,43.0734948],[-89.3983466,43.0734857],[-89.3983514,43.0734706],[-89.398347,43.0734598],[-89.3983519,43.0734447],[-89.3983475,43.0734366],[-89.3983523,43.0734283],[-89.3983413,43.0734317],[-89.3983282,43.0734273],[-89.398316,43.0734313],[-89.3982946,43.073426],[-89.3982815,43.0734309],[-89.3982613,43.0734247],[-89.3982456,43.0734305],[-89.3982297,43.0734234],[-89.3982297,43.073414],[-89.3982298,43.0734022],[-89.3981878,43.0734015],[-89.3981879,43.0733976],[-89.3980021,43.0733938],[-89.3977875,43.0733893],[-89.3977826,43.0733892],[-89.3977824,43.0734069],[-89.3976249,43.0734064],[-89.3976088,43.0734063],[-89.3976138,43.07351],[-89.397622,43.0736365],[-89.3976225,43.0736544],[-89.3976649,43.0736547],[-89.3976649,43.0736595],[-89.3976649,43.0736648],[-89.3976629,43.0737238],[-89.3976614,43.0737685],[-89.3976586,43.073924],[-89.3976583,43.0739403],[-89.3977879,43.0739423],[-89.3981775,43.0739485],[-89.3981899,43.0739487],[-89.3982949,43.07395]]]}},{"type":"Feature","id":490171328,"properties":{"osmId":490171328,"category":"academic","addr:city":"Madison","addr:housenumber":"1933","addr:state":"WI","addr:street":"Observatory Drive","building":"university","building:colour":"darkred","building:levels":"2","name":"Meat Science and Animal Biologics Discovery"},"geometry":{"type":"Polygon","coordinates":[[[-89.4190675,43.0763265],[-89.4190725,43.0761491],[-89.4188874,43.0761479],[-89.4188895,43.075965],[-89.4188223,43.0759646],[-89.4188244,43.0757797],[-89.4187342,43.0757792],[-89.4187348,43.0757264],[-89.4186226,43.0757257],[-89.4186231,43.0756835],[-89.4185337,43.0756829],[-89.418534,43.0756521],[-89.4184368,43.0756511],[-89.418427,43.07632],[-89.4190675,43.0763265]]]}},{"type":"Feature","id":678745768,"properties":{"osmId":678745768,"category":"medical","addr:street":"Monroe Street","amenity":"clinic","building":"yes","healthcare":"clinic","healthcare:speciality":"vascular_surgery","name":"Vein Care Plus","opening_hours:signed":"no"},"geometry":{"type":"Polygon","coordinates":[[[-89.4185487,43.0644732],[-89.4183183,43.0642843],[-89.4183943,43.0642349],[-89.4185386,43.0643532],[-89.4186247,43.0644238],[-89.4185487,43.0644732]]]}},{"type":"Feature","id":704960112,"properties":{"osmId":704960112,"category":"athletic","building":"grandstand"},"geometry":{"type":"Polygon","coordinates":[[[-89.4298744,43.0812247],[-89.4299953,43.0812279],[-89.4299999,43.0809073],[-89.4299306,43.080907],[-89.4298076,43.0808224],[-89.4298083,43.0807689],[-89.429382,43.0807686],[-89.429382,43.0808653],[-89.4298162,43.080871],[-89.429878,43.080909],[-89.4298744,43.0812247]]]}},{"type":"Feature","id":870590630,"properties":{"osmId":870590630,"category":"medical","addr:city":"Madison","addr:housenumber":"2500","addr:state":"WI","addr:street":"Overlook Terrace","building":"hospital","healthcare":"hospital","name":"Veterans Administration Hospital","operator":"UW-Madison","start_date":"1951"},"geometry":{"type":"Polygon","coordinates":[[[-89.4314501,43.0751986],[-89.4311313,43.0751949],[-89.4311321,43.0751556],[-89.4311355,43.0749973],[-89.4312283,43.0749103],[-89.4308305,43.07469],[-89.4307755,43.0747418],[-89.4307279,43.0747149],[-89.4306774,43.074742],[-89.4306705,43.0747444],[-89.4306629,43.0747451],[-89.4306556,43.074744],[-89.4306491,43.0747413],[-89.4304802,43.0746456],[-89.4304745,43.074636],[-89.4304772,43.0746257],[-89.4305282,43.0745385],[-89.4304292,43.074509],[-89.4303538,43.0746443],[-89.4303835,43.0746531],[-89.4303468,43.074719],[-89.4303828,43.0747298],[-89.4303324,43.0748201],[-89.4302964,43.0748094],[-89.4302684,43.0748596],[-89.4301452,43.074823],[-89.4301613,43.0747941],[-89.4300551,43.0747625],[-89.4300862,43.0747068],[-89.4300276,43.0746894],[-89.4300169,43.0747086],[-89.4299127,43.0746776],[-89.4299263,43.0746533],[-89.4298855,43.0746412],[-89.4298988,43.0746174],[-89.4298291,43.0745966],[-89.4299564,43.0743683],[-89.4298108,43.074325],[-89.4298153,43.074317],[-89.4297706,43.0743037],[-89.4297797,43.0742874],[-89.4297216,43.0742701],[-89.4297566,43.0742074],[-89.4297613,43.0742088],[-89.4297749,43.0741844],[-89.4297575,43.0741793],[-89.4297986,43.0741055],[-89.429822,43.0741125],[-89.4298252,43.0741069],[-89.429897,43.0741283],[-89.4298939,43.0741339],[-89.4299439,43.0741488],[-89.4299472,43.0741428],[-89.4300194,43.0741642],[-89.430016,43.0741702],[-89.4300426,43.0741782],[-89.4300022,43.0742508],[-89.4306922,43.0744561],[-89.4306979,43.0744506],[-89.430726,43.0744662],[-89.4307322,43.074468],[-89.4307814,43.0744206],[-89.4308356,43.0744507],[-89.4309543,43.0743363],[-89.43043,43.0740459],[-89.4306523,43.0738317],[-89.4310055,43.0740272],[-89.4310629,43.0739719],[-89.4312341,43.0740667],[-89.4312587,43.074043],[-89.4313167,43.0740751],[-89.4314713,43.0739262],[-89.4316034,43.0739994],[-89.4314844,43.0741141],[-89.4314487,43.0740943],[-89.4313718,43.0741683],[-89.4314004,43.0741841],[-89.4313567,43.0742263],[-89.4313281,43.0742105],[-89.4311175,43.0744258],[-89.4311678,43.0744569],[-89.4313694,43.074261],[-89.431419,43.0742905],[-89.4315237,43.07419],[-89.431549,43.074204],[-89.4315034,43.0742518],[-89.4316192,43.0743063],[-89.4315685,43.0743559],[-89.4316255,43.074389],[-89.4314505,43.0745604],[-89.4315387,43.0746069],[-89.4316723,43.0744782],[-89.431809,43.0745538],[-89.4315695,43.0747845],[-89.4316991,43.0748563],[-89.4317158,43.0748404],[-89.4317197,43.0748363],[-89.4317668,43.0748479],[-89.4318199,43.0747986],[-89.4319533,43.0748001],[-89.4319943,43.0748213],[-89.4320264,43.0747873],[-89.4322626,43.0746878],[-89.4323289,43.0747635],[-89.432292,43.0747764],[-89.4323055,43.0747939],[-89.4321245,43.0748701],[-89.4321169,43.0749701],[-89.4321395,43.0749825],[-89.4321507,43.0749827],[-89.4323882,43.0747501],[-89.4324976,43.0748098],[-89.4324277,43.0748782],[-89.4324552,43.0748932],[-89.4323998,43.0749474],[-89.4323554,43.0749232],[-89.4323371,43.0749411],[-89.4324067,43.074979],[-89.4324096,43.0750037],[-89.4323214,43.07509],[-89.4323211,43.0751033],[-89.4322978,43.075103],[-89.4322961,43.0751868],[-89.4316419,43.0751794],[-89.431641,43.0752229],[-89.4315961,43.0752224],[-89.431597,43.0751789],[-89.4314706,43.0751775],[-89.4314501,43.0751986]]]}},{"type":"Feature","id":870590639,"properties":{"osmId":870590639,"category":"medical","addr:city":"Madison","addr:housenumber":"600","addr:postcode":"53792","addr:state":"WI","addr:street":"Highland Avenue","alt_name":"UW Hospitals and Clinics","amenity":"hospital","beds":"505","building":"hospital","building:levels":"8","emergency":"yes","healthcare":"hospital","name":"UW Health University Hospital","opening_hours":"24/7","operator":"UW-Madison","phone":"+1 608 263 6400","start_date":"1978","website":"https://www.uwhealth.org/","wheelchair":"yes","wikidata":"Q7896631"},"geometry":{"type":"Polygon","coordinates":[[[-89.4312729,43.0759808],[-89.4312599,43.0759707],[-89.4312942,43.0759473],[-89.4312947,43.0759258],[-89.4312623,43.0759004],[-89.4312629,43.0759],[-89.4312306,43.0758995],[-89.4312044,43.075919],[-89.43116,43.0758875],[-89.4311863,43.0758678],[-89.431121,43.0758215],[-89.4311228,43.0757636],[-89.4310894,43.075763],[-89.4310909,43.0757157],[-89.4311734,43.075717],[-89.4311753,43.0756577],[-89.4310934,43.0756563],[-89.4311047,43.0752944],[-89.4311675,43.0752955],[-89.4311903,43.0752798],[-89.4311915,43.0752413],[-89.4314155,43.075245],[-89.4314134,43.0753116],[-89.4314351,43.0753301],[-89.4314632,43.0753125],[-89.4314637,43.0752975],[-89.4314861,43.0752822],[-89.4315291,43.0752829],[-89.4315291,43.0752802],[-89.4315375,43.0752748],[-89.4315383,43.075242],[-89.4315469,43.0752362],[-89.4315668,43.0752365],[-89.4315859,43.0752223],[-89.4315961,43.0752224],[-89.431641,43.0752229],[-89.4316442,43.075223],[-89.4316625,43.0752376],[-89.4316829,43.0752379],[-89.4316821,43.0752715],[-89.4316996,43.0752853],[-89.4316986,43.0753311],[-89.4318231,43.0754262],[-89.4318495,43.0754265],[-89.4318723,43.0754099],[-89.4318957,43.0754271],[-89.4318993,43.0754271],[-89.4318998,43.0754016],[-89.4318888,43.0754015],[-89.4318899,43.0753552],[-89.4319009,43.0753553],[-89.4319014,43.0753345],[-89.4319325,43.0753126],[-89.4319783,43.0753132],[-89.4320025,43.0753324],[-89.4320017,43.0753662],[-89.4319731,43.075386],[-89.4319724,43.0754157],[-89.4319896,43.0754283],[-89.4320234,43.0754287],[-89.4321523,43.0753384],[-89.4321534,43.07529],[-89.4321738,43.0752761],[-89.4321745,43.0752449],[-89.4321936,43.0752451],[-89.4322099,43.0752324],[-89.4322749,43.0752332],[-89.4322905,43.0752472],[-89.4323128,43.0752474],[-89.432322,43.0752548],[-89.4323212,43.0752873],[-89.4323258,43.0752899],[-89.4323224,43.0754339],[-89.4324101,43.075435],[-89.4324982,43.0754361],[-89.432517,43.0754229],[-89.4325616,43.0754568],[-89.4325276,43.0754807],[-89.432527,43.0755036],[-89.4325602,43.0755289],[-89.4325112,43.0755633],[-89.4325067,43.0755599],[-89.4323989,43.0755586],[-89.432353,43.075558],[-89.4323503,43.0756296],[-89.4324476,43.0756316],[-89.4325167,43.0756852],[-89.4324906,43.0757031],[-89.4325023,43.0757122],[-89.4323822,43.0757947],[-89.4323705,43.0757856],[-89.4323446,43.0758034],[-89.4324719,43.0759022],[-89.4324834,43.0759023],[-89.4325041,43.0758881],[-89.4325502,43.075924],[-89.4325161,43.0759474],[-89.4325155,43.0759718],[-89.4325474,43.0759966],[-89.4325411,43.0760009],[-89.4325606,43.0760163],[-89.4326122,43.0760163],[-89.4326392,43.075998],[-89.4326817,43.0760316],[-89.4326546,43.0760499],[-89.4327918,43.0761585],[-89.4328685,43.0761068],[-89.4329385,43.0761621],[-89.433125,43.0760364],[-89.4330895,43.0760083],[-89.433162,43.0759595],[-89.4332056,43.075994],[-89.4332337,43.0759751],[-89.4332834,43.0760144],[-89.4332553,43.0760333],[-89.4333812,43.076133],[-89.4334111,43.0761128],[-89.4334234,43.0761226],[-89.4334984,43.0761819],[-89.4334976,43.0762365],[-89.4333779,43.0763171],[-89.4333656,43.0763074],[-89.4332878,43.0763598],[-89.4332675,43.076365],[-89.4332246,43.0763852],[-89.4331896,43.0764123],[-89.433167,43.0764413],[-89.4331222,43.0764715],[-89.4331438,43.0764886],[-89.4330859,43.0765277],[-89.4330814,43.0765241],[-89.4329964,43.0765814],[-89.4329123,43.0766381],[-89.4329358,43.0766567],[-89.4328617,43.0767067],[-89.4328382,43.0766881],[-89.4326629,43.0768063],[-89.4326829,43.0768221],[-89.4326927,43.0768299],[-89.4326419,43.0768642],[-89.4326369,43.0768675],[-89.4326719,43.0768952],[-89.4326095,43.0769373],[-89.4327585,43.0770553],[-89.4327778,43.0770423],[-89.4328318,43.077085],[-89.4328125,43.077098],[-89.4328074,43.0771251],[-89.4328289,43.0771421],[-89.4327725,43.0771802],[-89.432751,43.0771631],[-89.432543,43.0773034],[-89.4325436,43.0773039],[-89.4325417,43.0773455],[-89.4325212,43.0773599],[-89.4325207,43.0773712],[-89.4325044,43.0773827],[-89.432476,43.0773819],[-89.432472,43.0773788],[-89.4324558,43.0773902],[-89.4324362,43.0773753],[-89.4322485,43.0775019],[-89.4322426,43.0775059],[-89.4322672,43.0775253],[-89.4322452,43.0775402],[-89.4322249,43.0775402],[-89.4322121,43.0775402],[-89.432192,43.0775243],[-89.4321615,43.0775243],[-89.4321396,43.0775391],[-89.4321033,43.0775391],[-89.4320823,43.0775225],[-89.4321008,43.07751],[-89.4320907,43.0775021],[-89.4319005,43.0773515],[-89.4318822,43.0773639],[-89.4318691,43.0773535],[-89.4316301,43.0775146],[-89.4316504,43.0775306],[-89.431631,43.0775437],[-89.4315969,43.0775431],[-89.4315779,43.0775281],[-89.4315402,43.0775273],[-89.4315212,43.0775402],[-89.4314872,43.0775396],[-89.431468,43.0775244],[-89.4314837,43.0775138],[-89.4314193,43.0774629],[-89.4313058,43.0773731],[-89.4312869,43.0773859],[-89.4312637,43.0773676],[-89.4312647,43.0773461],[-89.4312871,43.077331],[-89.4312871,43.0773081],[-89.4312668,43.077292],[-89.4312681,43.0772684],[-89.4312906,43.0772533],[-89.4313147,43.0772723],[-89.431508,43.077142],[-89.4314823,43.0771217],[-89.4314993,43.0771102],[-89.4314938,43.0771059],[-89.4314943,43.0770817],[-89.4314982,43.077079],[-89.4314823,43.0770665],[-89.4314929,43.0770593],[-89.4313141,43.0769178],[-89.4312947,43.0769308],[-89.4312461,43.0768923],[-89.4312654,43.0768793],[-89.4311402,43.0767802],[-89.4310805,43.076733],[-89.4310419,43.0767024],[-89.4310216,43.0767161],[-89.4309692,43.0766747],[-89.4309896,43.076661],[-89.4308622,43.0765601],[-89.4307617,43.0764806],[-89.4307516,43.0764725],[-89.4307513,43.0764517],[-89.4307882,43.0764292],[-89.4307627,43.076413],[-89.4307651,43.0763231],[-89.430868,43.0762538],[-89.431016,43.0761541],[-89.4309911,43.0761344],[-89.4310462,43.0760973],[-89.4310711,43.0761169],[-89.4311143,43.0760878],[-89.4312122,43.0760218],[-89.4311855,43.0760007],[-89.4312192,43.0759779],[-89.4312329,43.0759687],[-89.4312596,43.0759898],[-89.4312729,43.0759808]]]}},{"type":"Feature","id":894733524,"properties":{"osmId":894733524,"category":"other","addr:city":"Madison","addr:housenumber":"2002","addr:postcode":"53706","addr:state":"WI","addr:street":"Linden Drive","amenity":"parking","building":"parking","capacity:charging":"yes","fee":"yes","maxstay":"72 hours","name":"Linden Drive Ramp","operator":"University of Wisconsin-Madison","parking":"multi-storey","ref":"67","surface":"concrete","website":"https://transportation.wisc.edu/parking-lots/"},"geometry":{"type":"Polygon","coordinates":[[[-89.4193513,43.0756664],[-89.4196331,43.0756666],[-89.4200403,43.075667],[-89.4200406,43.0756757],[-89.4200394,43.07572],[-89.4200402,43.0757345],[-89.4199774,43.0757344],[-89.4199765,43.076225],[-89.4199763,43.0763314],[-89.4192438,43.0763307],[-89.4192445,43.0759707],[-89.419193,43.0759706],[-89.4191943,43.0759085],[-89.4192393,43.0759102],[-89.4192395,43.0757998],[-89.4193506,43.0758002],[-89.4193513,43.0756664]]]}},{"type":"Feature","id":1000383053,"properties":{"osmId":1000383053,"category":"academic","addr:city":"Madison","addr:housenumber":"797","addr:postcode":"53706","addr:state":"WI","addr:street":"West Dayton Street","building":"university","building:levels":"4","layer":"1","leisure":"sports_centre","name":"Nicholas Recreation Center"},"geometry":{"type":"Polygon","coordinates":[[[-89.3987269,43.0702993],[-89.399011,43.0703037],[-89.3990159,43.0703065],[-89.3990215,43.0703128],[-89.3990091,43.0705617],[-89.3990494,43.0705621],[-89.3990538,43.0705662],[-89.3990451,43.0707915],[-89.3984054,43.0708259],[-89.3975075,43.0707647],[-89.3975181,43.0702455],[-89.398299,43.0702584],[-89.3984775,43.0702613],[-89.39866,43.0702657],[-89.3986594,43.0702992],[-89.3987269,43.0702993]]]}},{"type":"Feature","id":1292203496,"properties":{"osmId":1292203496,"category":"academic","building":"university","club":"sport","layer":"-1;0","name":"Hoofers Sailing Club","operator":"University of Wisconsin - Madison","sport":"sailing","website":"https://www.hoofersailing.org/"},"geometry":{"type":"Polygon","coordinates":[[[-89.4004732,43.0770529],[-89.4004744,43.077027],[-89.4004772,43.0769977],[-89.4004779,43.0769745],[-89.4004806,43.0768869],[-89.400477,43.0768631],[-89.4004574,43.076863],[-89.4004562,43.0769292],[-89.4004058,43.0769288],[-89.4001648,43.0769264],[-89.4001656,43.0768815],[-89.4001296,43.0768813],[-89.4000313,43.0768806],[-89.40001,43.0768793],[-89.4000002,43.0768782],[-89.399989,43.0768941],[-89.3999861,43.0768986],[-89.3999768,43.0769116],[-89.3999685,43.0769232],[-89.399965,43.0769277],[-89.3999414,43.0769587],[-89.399954,43.0769628],[-89.3999845,43.0769729],[-89.4001041,43.0770074],[-89.4002076,43.0770298],[-89.4003082,43.0770415],[-89.4003942,43.0770478],[-89.4004732,43.0770529]]]}},{"type":"Feature","id":1391651477,"properties":{"osmId":1391651477,"category":"academic","addr:housenumber":"1205","addr:street":"University Avenue","building":"university","building:levels":"7","name":"Morgridge Hall"},"geometry":{"type":"Polygon","coordinates":[[[-89.4071883,43.0731926],[-89.406413,43.0731919],[-89.4063581,43.0731533],[-89.4062228,43.0731555],[-89.4060836,43.0730116],[-89.4063862,43.0728675],[-89.4066583,43.0727201],[-89.4066581,43.0723525],[-89.4071938,43.0723543],[-89.4071913,43.0727285],[-89.4071883,43.0731926]]]}},{"type":"Feature","id":1501181513,"properties":{"osmId":1501181513,"category":"religious","addr:housenumber":"1711","addr:street":"Monroe Street","amenity":"place_of_worship","building":"community_centre","denomination":"chabad","name":"Chabad of Madison","religion":"jewish"},"geometry":{"type":"Polygon","coordinates":[[[-89.4156662,43.0657534],[-89.4155221,43.0658493],[-89.4152877,43.0656614],[-89.4154317,43.0655655],[-89.4156662,43.0657534]]]}}]}