{"type":"FeatureCollection","features":[{"type":"Feature","id":25795473,"properties":{"osmId":25795473,"category":"academic","addr:city":"Austin","addr:housenumber":"101","addr:postcode":"78705","addr:state":"TX","addr:street":"East 21st Street","amenity":"library","building":"university","building:levels":"5","name":"Perry-Castañeda Library","ref":"PCL","toilets":"yes","wikidata":"Q1647700","wikipedia":"en:Perry–Castañeda Library"},"geometry":{"type":"Polygon","coordinates":[[[-97.7384497,30.2834103],[-97.7384657,30.283256],[-97.7384913,30.2829748],[-97.7386467,30.2829863],[-97.7386752,30.2827104],[-97.7386886,30.2825729],[-97.7385002,30.2823819],[-97.7382471,30.282362],[-97.7382675,30.2821435],[-97.7379789,30.2823558],[-97.7377426,30.2825198],[-97.7377001,30.2829414],[-97.7377492,30.2829451],[-97.7377466,30.2829715],[-97.7379989,30.2829904],[-97.7379975,30.2830045],[-97.7380533,30.2830087],[-97.7380711,30.2830101],[-97.7384497,30.2834103]]]}},{"type":"Feature","id":27397859,"properties":{"osmId":27397859,"category":"academic","addr:state":"TX","building":"university","building:levels":"2","name":"Chilling Station No. 3","ref":"CS3"},"geometry":{"type":"Polygon","coordinates":[[[-97.7357569,30.2806528],[-97.7356228,30.2806437],[-97.7356373,30.2804845],[-97.7354903,30.2804745],[-97.7354041,30.2804686],[-97.7353682,30.2808621],[-97.7357355,30.2808872],[-97.7357569,30.2806528]]]}},{"type":"Feature","id":27397879,"properties":{"osmId":27397879,"category":"academic","addr:housenumber":"201","addr:postcode":"78705","addr:state":"TX","addr:street":"East 21st Street","building":"university","name":"Beauford H. Jester Center","ref":"JES","toilets:unisex":"yes"},"geometry":{"type":"Polygon","coordinates":[[[-97.7369634,30.2832087],[-97.7368902,30.2832349],[-97.736865,30.2832334],[-97.7368543,30.2831981],[-97.7368117,30.2831949],[-97.7367933,30.2832292],[-97.7367698,30.2832278],[-97.7367223,30.2831905],[-97.7367265,30.2831495],[-97.7366573,30.2831443],[-97.7364646,30.2831298],[-97.7364656,30.2830234],[-97.7365179,30.2825044],[-97.7369103,30.2825339],[-97.7371833,30.2825544],[-97.7371776,30.2825926],[-97.7371724,30.2826627],[-97.7371963,30.2826645],[-97.7371912,30.2827176],[-97.7372294,30.2827216],[-97.7371999,30.282999],[-97.7371054,30.282992],[-97.7371023,30.283023],[-97.7370993,30.2830523],[-97.73722,30.2830614],[-97.7372029,30.2832309],[-97.7371264,30.2832251],[-97.7371217,30.2832711],[-97.7370292,30.2832642],[-97.7370503,30.283055],[-97.7370146,30.2830523],[-97.7369794,30.2830497],[-97.7369634,30.2832087]]]}},{"type":"Feature","id":27397894,"properties":{"osmId":27397894,"category":"academic","addr:housenumber":"110","addr:postcode":"78705","addr:state":"TX","addr:street":"Inner Campus Drive","building":"university","building:levels":"2","loc_name":"The Tower","name":"Main Building","ref":"MAI","roof:shape":"quadruple_saltbox","wheelchair":"limited","wikidata":"Q6735947","wikipedia":"en:Main Building (University of Texas at Austin)"},"geometry":{"type":"Polygon","coordinates":[[[-97.739138,30.2861618],[-97.7392579,30.2861707],[-97.7392393,30.2863577],[-97.7394732,30.2863751],[-97.7394917,30.2861886],[-97.7395496,30.2861934],[-97.7395263,30.2863857],[-97.7396986,30.2864015],[-97.7397431,30.2859549],[-97.7397721,30.2856638],[-97.7396233,30.2856527],[-97.7396112,30.2857736],[-97.7395049,30.2857657],[-97.7394161,30.2857591],[-97.7393273,30.2857525],[-97.7392123,30.285744],[-97.7392237,30.2856291],[-97.7390754,30.2856181],[-97.7390483,30.2858901],[-97.7390425,30.2859485],[-97.7389849,30.2859443],[-97.7389819,30.2859798],[-97.7389453,30.2863427],[-97.7391187,30.2863555],[-97.739138,30.2861618]]]}},{"type":"Feature","id":27397931,"properties":{"osmId":27397931,"category":"academic","addr:housenumber":"1601","addr:postcode":"78701","addr:state":"TX","addr:street":"Red River Street","building":"university","ele":"158","leisure":"stadium","name":"Denton A. Cooley Pavillion","ref":"DCP","sport":"basketball","wheelchair":"yes"},"geometry":{"type":"Polygon","coordinates":[[[-97.7333653,30.2762245],[-97.7334056,30.2761182],[-97.7327877,30.2759481],[-97.7326335,30.2761987],[-97.7326808,30.2762219],[-97.7327377,30.27624],[-97.7327335,30.2762508],[-97.7332963,30.2764053],[-97.7333071,30.2763796],[-97.7333536,30.2763929],[-97.733412,30.2762389],[-97.7333653,30.2762245]]]}},{"type":"Feature","id":30548579,"properties":{"osmId":30548579,"category":"other","access":"yes","addr:city":"Austin","addr:housenumber":"2401","addr:postcode":"78705","addr:state":"TX","addr:street":"San Jacinto Boulevard","amenity":"parking","building":"garage","building:levels":"8","ele":"161","fee":"yes","maxheight":"6'11\"","name":"San Jacinto Garage","operator":"University of Texas at Austin","ref":"SJG","supervised":"no","website":"https://parking.utexas.edu/parking/garages/san-jacinto-garage-sjg"},"geometry":{"type":"Polygon","coordinates":[[[-97.7333177,30.2876448],[-97.7333187,30.2876354],[-97.7333301,30.2875308],[-97.7333252,30.2875301],[-97.7324708,30.287461],[-97.7324657,30.2875084],[-97.7324606,30.2875551],[-97.7324543,30.2876128],[-97.7324241,30.28789],[-97.7325047,30.2878966],[-97.7324999,30.2879412],[-97.732846,30.2879693],[-97.7332265,30.2880002],[-97.733231,30.2879586],[-97.7332831,30.2879628],[-97.7333177,30.2876448]]]}},{"type":"Feature","id":30548773,"properties":{"osmId":30548773,"category":"academic","addr:housenumber":"2301","addr:postcode":"78712","addr:state":"TX","addr:street":"Trinity Street","building":"university","ele":"165","name":"E. William Doty Fine Arts Building","ref":"DFA"},"geometry":{"type":"Polygon","coordinates":[[[-97.7319702,30.2858653],[-97.7319792,30.2857741],[-97.7319919,30.2856457],[-97.7319756,30.2856445],[-97.7319809,30.2855911],[-97.7319529,30.285589],[-97.731951,30.2856087],[-97.7316991,30.2855901],[-97.7317011,30.2855701],[-97.7316717,30.2855679],[-97.7316663,30.2856229],[-97.7316496,30.2856217],[-97.7316295,30.2858259],[-97.7315421,30.2858194],[-97.73153,30.2859425],[-97.7316165,30.2859489],[-97.7316055,30.2860593],[-97.7316211,30.2860605],[-97.7316163,30.2861089],[-97.7316464,30.2861111],[-97.7316482,30.2860932],[-97.7318981,30.2861116],[-97.7318961,30.2861317],[-97.7319237,30.2861338],[-97.7319284,30.2860859],[-97.7319877,30.2860902],[-97.7320069,30.2858962],[-97.7320097,30.2858682],[-97.7319702,30.2858653]]]}},{"type":"Feature","id":30880226,"properties":{"osmId":30880226,"category":"academic","addr:housenumber":"2501","addr:postcode":"78705","addr:state":"TX","addr:street":"Red River Street","building":"university","covered":"yes","leisure":"pitch","lit":"yes","name":"Indoor Practice Facility","ref":"IPF","sport":"american_football","surface":"artificial_turf"},"geometry":{"type":"Polygon","coordinates":[[[-97.7270168,30.2858384],[-97.7269112,30.2858142],[-97.726426,30.285703],[-97.7261053,30.2867465],[-97.7266961,30.2868819],[-97.7270168,30.2858384]]]}},{"type":"Feature","id":30880274,"properties":{"osmId":30880274,"category":"academic","addr:housenumber":"2336","addr:postcode":"78705","addr:state":"TX","addr:street":"North Interstate Highway 35 Service Road","building":"university","name":"Athletic Fields Pavilion","ref":"AFP"},"geometry":{"type":"Polygon","coordinates":[[[-97.7264193,30.2851159],[-97.7262699,30.2850818],[-97.7261466,30.2854838],[-97.7262959,30.285518],[-97.7263088,30.2854758],[-97.7264193,30.2851159]]]}},{"type":"Feature","id":30905846,"properties":{"osmId":30905846,"category":"other","access":"permissive","addr:city":"Austin","addr:housenumber":"1815","addr:postcode":"78712","addr:state":"TX","addr:street":"Trinity Street","amenity":"parking","building":"garage","building:levels":"6","ele":"154","fee":"yes","name":"Trinity Garage","operator":"University of Texas","operator:type":"university","parking":"multi-storey","ref":"TRG"},"geometry":{"type":"Polygon","coordinates":[[[-97.7343755,30.279447],[-97.7344536,30.2792328],[-97.7344979,30.2791114],[-97.734527,30.2790316],[-97.7333849,30.2787209],[-97.7333573,30.2787966],[-97.7332334,30.2791363],[-97.7343755,30.279447]]]}},{"type":"Feature","id":30905872,"properties":{"osmId":30905872,"category":"academic","addr:state":"TX","amenity":"library","building":"university","ele":"163","name":"Collections Deposit Library","ref":"CDL"},"geometry":{"type":"Polygon","coordinates":[[[-97.733126,30.2789814],[-97.733255,30.2786354],[-97.732964,30.2785546],[-97.7328351,30.2789006],[-97.733126,30.2789814]]]}},{"type":"Feature","id":31962360,"properties":{"osmId":31962360,"category":"academic","addr:housenumber":"2110","addr:postcode":"78705","addr:state":"TX","addr:street":"Speedway","building":"university","building:levels":"5","name":"McCombs School of Business","ref":"CBA","wikidata":"Q6800462"},"geometry":{"type":"Polygon","coordinates":[[[-97.7381105,30.2839876],[-97.7381341,30.283744],[-97.7376714,30.2837105],[-97.7376101,30.2843425],[-97.7375878,30.2843409],[-97.7375754,30.284468],[-97.7376145,30.2844709],[-97.737594,30.2846812],[-97.7380129,30.2847115],[-97.7380303,30.2845321],[-97.7380505,30.2845335],[-97.7381105,30.2839876]]]}},{"type":"Feature","id":31962470,"properties":{"osmId":31962470,"category":"academic","addr:housenumber":"2101","addr:postcode":"78712","addr:state":"TX","addr:street":"Speedway","building":"university","building:levels":"3","leisure":"sports_centre","name":"Gregory Gymnasium","ref":"GRE","roof:levels":"0","toilets:wheelchair":"yes","wheelchair":"limited","wikidata":"Q5606946"},"geometry":{"type":"Polygon","coordinates":[[[-97.736987,30.2835884],[-97.736095,30.2835218],[-97.7360845,30.2836268],[-97.7360492,30.2839798],[-97.7359441,30.2839719],[-97.7359413,30.2840002],[-97.7356867,30.2839812],[-97.7356735,30.2841129],[-97.735588,30.2841065],[-97.735579,30.2841964],[-97.7356656,30.2842029],[-97.7356523,30.2843358],[-97.7361707,30.2843745],[-97.7361676,30.2844054],[-97.7368112,30.2844534],[-97.7368208,30.2843584],[-97.7368508,30.2843606],[-97.7368731,30.284138],[-97.7368449,30.2841359],[-97.7368545,30.2840401],[-97.7368308,30.2840383],[-97.7368337,30.2840096],[-97.7368368,30.2839783],[-97.7369471,30.2839866],[-97.736987,30.2835884]]]}},{"type":"Feature","id":31962538,"properties":{"osmId":31962538,"category":"academic","addr:housenumber":"2405","addr:postcode":"78705","addr:state":"TX","addr:street":"Trinity Street","building":"university","name":"Music Building East","ref":"MBE"},"geometry":{"type":"Polygon","coordinates":[[[-97.7316691,30.2872993],[-97.7314571,30.2872836],[-97.7314731,30.2871224],[-97.7313357,30.2871122],[-97.7313335,30.2871345],[-97.7310481,30.2871134],[-97.7310339,30.2872572],[-97.7310283,30.2873139],[-97.7310134,30.2874643],[-97.7311217,30.2874722],[-97.7311128,30.2875623],[-97.7313739,30.2875816],[-97.7313827,30.2874933],[-97.731648,30.2875128],[-97.7316691,30.2872993]]]}},{"type":"Feature","id":31962674,"properties":{"osmId":31962674,"category":"academic","addr:state":"TX","building":"university","name":"Music Recital Hall","ref":"MRH"},"geometry":{"type":"Polygon","coordinates":[[[-97.7302727,30.2869795],[-97.7302556,30.2871532],[-97.7304896,30.2871705],[-97.7304505,30.2875654],[-97.7306835,30.2875826],[-97.730672,30.2876994],[-97.7309095,30.2877169],[-97.7309503,30.287304],[-97.7310283,30.2873139],[-97.7310339,30.2872572],[-97.730956,30.2872472],[-97.7309624,30.2871823],[-97.730899,30.2871776],[-97.7309066,30.2871006],[-97.7309434,30.2871033],[-97.7309495,30.2870412],[-97.7309666,30.2870424],[-97.7309841,30.2868658],[-97.7309905,30.2868007],[-97.7308813,30.2867926],[-97.7308748,30.2868577],[-97.7308585,30.2870226],[-97.7302727,30.2869795]]]}},{"type":"Feature","id":31962952,"properties":{"osmId":31962952,"category":"academic","addr:housenumber":"2405","addr:postcode":"78712","addr:state":"TX","addr:street":"Robert Dedman Drive","building":"university","ele":"177","name":"Joe C. Thompson Conference Center","ref":"TCC"},"geometry":{"type":"Polygon","coordinates":[[[-97.728874,30.2867291],[-97.7287379,30.2871739],[-97.7287999,30.287188],[-97.7289424,30.2872206],[-97.7289523,30.2871884],[-97.7292555,30.2872575],[-97.7293671,30.287283],[-97.7294505,30.2870104],[-97.7293068,30.2869776],[-97.7290342,30.2869154],[-97.7290611,30.2868276],[-97.7290771,30.2867755],[-97.728874,30.2867291]]]}},{"type":"Feature","id":31963393,"properties":{"osmId":31963393,"category":"academic","addr:housenumber":"2201","addr:postcode":"78712","addr:state":"TX","addr:street":"Robert Dedman Drive","amenity":"police","building":"university","ele":"179","name":"University Police Building","ref":"UPB"},"geometry":{"type":"Polygon","coordinates":[[[-97.7307981,30.2839831],[-97.7301725,30.2838432],[-97.7300767,30.284163],[-97.7307022,30.2843029],[-97.7307981,30.2839831]]]}},{"type":"Feature","id":38607779,"properties":{"osmId":38607779,"category":"academic","addr:city":"Austin","addr:housenumber":"205","addr:postcode":"78705","addr:state":"TX","addr:street":"West 24th Street","building":"university","name":"Biological Laboratories","ref":"BIO"},"geometry":{"type":"Polygon","coordinates":[[[-97.7400727,30.2873489],[-97.7400941,30.2871354],[-97.7394514,30.2870874],[-97.73943,30.2873009],[-97.7400727,30.2873489]]]}},{"type":"Feature","id":38607784,"properties":{"osmId":38607784,"category":"academic","addr:city":"Austin","addr:housenumber":"2304","addr:postcode":"78712","addr:state":"TX","addr:street":"Whitis Avenue","building":"university","building:levels":"4","name":"Peter T. Flawn Academic Center","ref":"FAC","wikidata":"Q5458235"},"geometry":{"type":"Polygon","coordinates":[[[-97.7406129,30.2865976],[-97.7399525,30.2865483],[-97.74001,30.2859741],[-97.7400732,30.2859788],[-97.7402724,30.2859937],[-97.7404235,30.286005],[-97.740676,30.2860238],[-97.7406361,30.2864221],[-97.7406598,30.2864239],[-97.7407404,30.2863635],[-97.7408483,30.2863715],[-97.7409123,30.2864405],[-97.7409033,30.2865301],[-97.7408262,30.2865884],[-97.7407166,30.2865802],[-97.7406522,30.2865131],[-97.7406216,30.2865108],[-97.7406129,30.2865976]]]}},{"type":"Feature","id":38607785,"properties":{"osmId":38607785,"category":"academic","addr:city":"Austin","addr:housenumber":"2300","addr:postcode":"78712","addr:state":"TX","addr:street":"Whitis Avenue","building":"university","name":"Hogg Memorial Auditorium","ref":"HMA","wheelchair":"limited","wikidata":"Q5877250"},"geometry":{"type":"Polygon","coordinates":[[[-97.7403958,30.2869839],[-97.7403991,30.2869514],[-97.7403789,30.2869499],[-97.7403962,30.2867771],[-97.7404155,30.2867785],[-97.7404188,30.2867451],[-97.7404942,30.2867508],[-97.7404952,30.286741],[-97.7407759,30.286762],[-97.7407749,30.286772],[-97.7408481,30.2867774],[-97.7408455,30.2868035],[-97.7408745,30.2868057],[-97.7408558,30.286992],[-97.7408279,30.28699],[-97.7408253,30.2870159],[-97.7407294,30.2870088],[-97.7407286,30.2870167],[-97.7404813,30.2869982],[-97.7404821,30.2869903],[-97.7403958,30.2869839]]]}},{"type":"Feature","id":38607786,"properties":{"osmId":38607786,"category":"academic","addr:city":"Austin","addr:housenumber":"2308","addr:postcode":"78712","addr:state":"TX","addr:street":"Whitis Avenue","building":"university","name":"Union Building","ref":"UNB","wikidata":"Q14711388"},"geometry":{"type":"Polygon","coordinates":[[[-97.7409345,30.2869996],[-97.7409696,30.2866493],[-97.7409951,30.2866512],[-97.7410079,30.2865234],[-97.7409765,30.2865211],[-97.7410075,30.2862122],[-97.7409942,30.2862112],[-97.7409991,30.2861627],[-97.7409636,30.28616],[-97.740805,30.2861482],[-97.7408203,30.2859954],[-97.7411757,30.286022],[-97.7411784,30.2859949],[-97.7411972,30.2859963],[-97.7413071,30.2860045],[-97.7413137,30.286005],[-97.7413096,30.2860456],[-97.7413805,30.2860509],[-97.7413776,30.28608],[-97.7413293,30.2865621],[-97.7414679,30.2865725],[-97.7414458,30.2867931],[-97.7413303,30.2867844],[-97.7413059,30.2870285],[-97.7412159,30.2870218],[-97.7411874,30.2873067],[-97.7410122,30.2872936],[-97.7410408,30.2870075],[-97.740979,30.2870029],[-97.7409345,30.2869996]]]}},{"type":"Feature","id":38607983,"properties":{"osmId":38607983,"category":"academic","addr:housenumber":"120","addr:postcode":"78712","addr:state":"TX","addr:street":"Inner Campus Drive","building":"university","ele":"178","name":"Will C. Hogg Building","ref":"WCH"},"geometry":{"type":"Polygon","coordinates":[[[-97.7381315,30.2861683],[-97.7386587,30.2862077],[-97.7386671,30.2861236],[-97.7386788,30.2860071],[-97.7384163,30.2859875],[-97.7384103,30.285987],[-97.7381512,30.2859663],[-97.7381315,30.2861683]]]}},{"type":"Feature","id":38607984,"properties":{"osmId":38607984,"category":"academic","addr:housenumber":"2210","addr:postcode":"78705","addr:state":"TX","addr:street":"Speedway","building":"university","building:levels":"5","ele":"170","name":"Waggener Hall","ref":"WAG","wikidata":"Q7959540"},"geometry":{"type":"Polygon","coordinates":[[[-97.7376787,30.2854014],[-97.737471,30.2853858],[-97.737483,30.285266],[-97.7375159,30.2849381],[-97.7375288,30.2848092],[-97.7377365,30.2848247],[-97.7377244,30.2849456],[-97.7377075,30.2851141],[-97.7376909,30.28528],[-97.7376787,30.2854014]]]}},{"type":"Feature","id":38607989,"properties":{"osmId":38607989,"category":"academic","addr:city":"Austin","addr:housenumber":"103","addr:postcode":"78712","addr:state":"TX","addr:street":"West 24th Street","building":"university","ele":"176","name":"T. S. Painter Hall","ref":"PAI","wikidata":"Q7125052"},"geometry":{"type":"Polygon","coordinates":[[[-97.7390819,30.2872726],[-97.738423,30.2872234],[-97.7384442,30.2870111],[-97.7384614,30.2870124],[-97.7384958,30.2866686],[-97.7388162,30.2866925],[-97.7387989,30.286865],[-97.738672,30.2868556],[-97.7386545,30.2870302],[-97.7391028,30.2870636],[-97.7390819,30.2872726]]]}},{"type":"Feature","id":38607992,"properties":{"osmId":38607992,"category":"academic","addr:housenumber":"116","addr:postcode":"78705","addr:state":"TX","addr:street":"Inner Campus Drive","building":"university","ele":"179","name":"Dorothy Gebauer Building","ref":"GEB"},"geometry":{"type":"Polygon","coordinates":[[[-97.7388438,30.2862568],[-97.7388241,30.2864536],[-97.7386886,30.2864434],[-97.73869,30.2864294],[-97.7385408,30.2864182],[-97.7385394,30.2864327],[-97.7384068,30.2864228],[-97.7384265,30.2862257],[-97.7385578,30.2862355],[-97.7385551,30.2862623],[-97.7386372,30.2862684],[-97.7387099,30.2862738],[-97.7387126,30.286247],[-97.7388438,30.2862568]]]}},{"type":"Feature","id":38624859,"properties":{"osmId":38624859,"category":"academic","addr:housenumber":"2616","addr:postcode":"78712","addr:state":"TX","addr:street":"Wichita Street","building":"university","name":"Bridgeway Building","ref":"BWY"},"geometry":{"type":"Polygon","coordinates":[[[-97.7383775,30.2908626],[-97.738055,30.2908403],[-97.738066,30.2907215],[-97.7383885,30.2907438],[-97.7383775,30.2908626]]]}},{"type":"Feature","id":38624860,"properties":{"osmId":38624860,"category":"academic","addr:city":"Austin","addr:housenumber":"100","addr:state":"TX","addr:street":"West Dean Keeton Street","building":"university","building:levels":"4","name":"Student Services Building","ref":"SSB"},"geometry":{"type":"Polygon","coordinates":[[[-97.7384118,30.2904477],[-97.7384451,30.2900553],[-97.7384619,30.2900564],[-97.7388019,30.2900779],[-97.7388242,30.2898158],[-97.7381436,30.2897728],[-97.738088,30.2904272],[-97.7382651,30.2904384],[-97.7384118,30.2904477]]]}},{"type":"Feature","id":38624861,"properties":{"osmId":38624861,"category":"academic","addr:city":"Austin","addr:housenumber":"2609","addr:state":"TX","addr:street":"University Avenue","building":"university","name":"2609 University Avenue","ref":"UA9"},"geometry":{"type":"Polygon","coordinates":[[[-97.7388275,30.2905105],[-97.7388392,30.2903836],[-97.7386472,30.2903704],[-97.7386588,30.2902446],[-97.738849,30.2902577],[-97.7388606,30.2901324],[-97.7385376,30.2901101],[-97.7385026,30.290488],[-97.7388275,30.2905105]]]}},{"type":"Feature","id":38624863,"properties":{"osmId":38624863,"category":"other","addr:state":"TX","amenity":"parking","building":"garage","building:levels":"5","ele":"179","name":"27th Street Garage","operator":"The University of Texas at Austin","parking":"multi-storey","ref":"TSG","supervised":"no"},"geometry":{"type":"Polygon","coordinates":[[[-97.7387939,30.2916406],[-97.7383471,30.2916097],[-97.7382344,30.2916019],[-97.738283,30.2910779],[-97.7382992,30.2909026],[-97.7388586,30.2909413],[-97.7388493,30.2910419],[-97.7387939,30.2916406]]]}},{"type":"Feature","id":38625297,"properties":{"osmId":38625297,"category":"academic","addr:city":"Austin","addr:housenumber":"2415","addr:postcode":"78712","addr:state":"TX","addr:street":"Speedway","building":"university","building:levels":"6","ele":"169","name":"J. T. Patterson Laboratories Building","ref":"PAT"},"geometry":{"type":"Polygon","coordinates":[[[-97.7360908,30.2881287],[-97.7361228,30.2878364],[-97.7365647,30.2878724],[-97.7367569,30.2878881],[-97.736725,30.2881804],[-97.7360908,30.2881287]]]}},{"type":"Feature","id":38625300,"properties":{"osmId":38625300,"category":"academic","addr:housenumber":"2515","addr:postcode":"78712","addr:state":"TX","addr:street":"Speedway","building":"university","building:levels":"14","ele":"170","name":"Physics, Math, and Astronomy Building","old_name":"Robert Lee Moore Hall","old_name:etymology":"Robert Lee Moore","old_name:etymology:wikidata":"Q1398957","old_ref":"RLM","ref":"PMA","wikidata":"Q55233828","wikipedia":"en:Physics, Math, and Astronomy Building"},"geometry":{"type":"Polygon","coordinates":[[[-97.7366142,30.2891943],[-97.7362585,30.289165],[-97.7362628,30.2891261],[-97.7362312,30.2891235],[-97.7362465,30.2889858],[-97.7361787,30.2889803],[-97.7361722,30.2890386],[-97.7360582,30.2890292],[-97.7360666,30.288953],[-97.7359909,30.2889467],[-97.7360328,30.2885681],[-97.7361051,30.2885741],[-97.7361137,30.2884968],[-97.7362254,30.288506],[-97.7361839,30.2888815],[-97.736284,30.2888897],[-97.7362884,30.2888501],[-97.7365301,30.28887],[-97.736568,30.2888731],[-97.736649,30.2888798],[-97.7366142,30.2891943]]]}},{"type":"Feature","id":38625301,"properties":{"osmId":38625301,"category":"academic","addr:housenumber":"301","addr:postcode":"78712","addr:state":"TX","addr:street":"East Dean Keeton Street","building":"university","building:levels":"11","ele":"166","name":"Ernest Cockrell, Jr. Hall","ref":"ECJ"},"geometry":{"type":"Polygon","coordinates":[[[-97.7358683,30.2892047],[-97.735817,30.2891979],[-97.7357681,30.289197],[-97.7357321,30.2891911],[-97.7355993,30.2891839],[-97.7351249,30.289147],[-97.7351312,30.2890868],[-97.7351632,30.2887788],[-97.7353595,30.2887941],[-97.7356389,30.2888158],[-97.7358042,30.2888286],[-97.7359067,30.2888366],[-97.7358683,30.2892047]]]}},{"type":"Feature","id":42561353,"properties":{"osmId":42561353,"category":"academic","addr:housenumber":"128","addr:postcode":"78705","addr:state":"TX","addr:street":"Inner Campus Drive","building":"university","ele":"179","name":"Garrison Hall","ref":"GAR","wikidata":"Q5524042"},"geometry":{"type":"Polygon","coordinates":[[[-97.7387455,30.285285],[-97.7382173,30.2852455],[-97.7382266,30.2851525],[-97.7382357,30.2850621],[-97.7385449,30.2850852],[-97.7385537,30.2849913],[-97.7387721,30.2850072],[-97.7387455,30.285285]]]}},{"type":"Feature","id":42806372,"properties":{"osmId":42806372,"category":"library","amenity":"library","building":"yes","building:levels":"5","name":"Lorenzo de Zavala State Archive and Library","wikidata":"Q6680875"},"geometry":{"type":"Polygon","coordinates":[[[-97.7387221,30.2735984],[-97.7385182,30.2735368],[-97.7384451,30.2737279],[-97.7383011,30.2736842],[-97.7381938,30.2739797],[-97.7383409,30.2740209],[-97.7382682,30.2742128],[-97.7384749,30.2742696],[-97.7387221,30.2735984]]]}},{"type":"Feature","id":52480996,"properties":{"osmId":52480996,"category":"academic","addr:housenumber":"2409","addr:postcode":"78712","addr:state":"TX","addr:street":"University Avenue","building":"university","layer":"1","name":"Pharmacy Building","ref":"PHR"},"geometry":{"type":"Polygon","coordinates":[[[-97.7385906,30.2881471],[-97.7387852,30.2881619],[-97.738811,30.287908],[-97.7382962,30.2878691],[-97.7382702,30.2881252],[-97.7385305,30.2881449],[-97.7385288,30.2881622],[-97.7385238,30.2882111],[-97.7383869,30.2882007],[-97.7383665,30.2884023],[-97.7389004,30.2884427],[-97.7389212,30.2882381],[-97.7385839,30.2882126],[-97.7385886,30.2881665],[-97.7385906,30.2881471]]]}},{"type":"Feature","id":68791848,"properties":{"osmId":68791848,"category":"academic","addr:housenumber":"3407","addr:street":"Red River","building":"school","building:levels":"2","description":"Building of the former St. Paul Lutheran School and more recently, former Upbring school.","ele":"187","gnis:feature_id":"1346092","roof:shape":"gabled","survey:date":"2021-07-11"},"geometry":{"type":"Polygon","coordinates":[[[-97.724337,30.2934681],[-97.7242958,30.2934487],[-97.7243135,30.2934208],[-97.7240425,30.2932931],[-97.7240646,30.2932581],[-97.7239666,30.293212],[-97.7238367,30.2934176],[-97.7239303,30.2934617],[-97.7238084,30.2936546],[-97.7238415,30.2936702],[-97.7237992,30.2937371],[-97.7238933,30.2937815],[-97.7239292,30.2937984],[-97.7240724,30.2935718],[-97.7240572,30.2935646],[-97.7241053,30.2934886],[-97.7242319,30.2935483],[-97.7242516,30.2935171],[-97.7242935,30.2935369],[-97.724337,30.2934681]]]}},{"type":"Feature","id":68791849,"properties":{"osmId":68791849,"category":"academic","addr:housenumber":"3407","addr:street":"Red River Street","building":"school","building:levels":"2"},"geometry":{"type":"Polygon","coordinates":[[[-97.7239666,30.293212],[-97.7235113,30.2929926],[-97.7233253,30.2932803],[-97.7237807,30.2934998],[-97.7238367,30.2934176],[-97.7239666,30.293212]]]}},{"type":"Feature","id":79457811,"properties":{"osmId":79457811,"category":"residential","addr:state":"TX","building":"dormitory","name":"Whitis Court Residence Hall","ref":"LLD"},"geometry":{"type":"Polygon","coordinates":[[[-97.7407726,30.2905628],[-97.7407599,30.2906999],[-97.7410364,30.290719],[-97.7410491,30.2905819],[-97.7407726,30.2905628]]]}},{"type":"Feature","id":79457819,"properties":{"osmId":79457819,"category":"academic","addr:housenumber":"2610","addr:postcode":"78705","addr:street":"San Jacinto Boulevard","building":"university","building:levels":"2","name":"Chilling Station No. 5","ref":"CS5"},"geometry":{"type":"Polygon","coordinates":[[[-97.735804,30.2906034],[-97.7357863,30.2907731],[-97.7351492,30.2907235],[-97.7351669,30.2905537],[-97.7356853,30.2905941],[-97.735804,30.2906034]]]}},{"type":"Feature","id":79457822,"properties":{"osmId":79457822,"category":"academic","addr:housenumber":"2613","addr:postcode":"78705","addr:street":"Speedway","building":"university","building:levels":"2","name":"Continuing Engineering Education","ref":"CEE"},"geometry":{"type":"Polygon","coordinates":[[[-97.7365553,30.2906967],[-97.7365647,30.2906005],[-97.7363248,30.2905829],[-97.7363153,30.2906791],[-97.7365553,30.2906967]]]}},{"type":"Feature","id":79457826,"properties":{"osmId":79457826,"category":"academic","addr:housenumber":"2617","addr:postcode":"78705","addr:street":"Speedway","building":"university","building:levels":"2","name":"2617 Speedway","ref":"SW7"},"geometry":{"type":"Polygon","coordinates":[[[-97.7364583,30.290934],[-97.7364658,30.290858],[-97.7363523,30.2908497],[-97.7363582,30.2907896],[-97.7364696,30.2907978],[-97.736479,30.2907022],[-97.7362561,30.2906858],[-97.7362333,30.2909175],[-97.7364583,30.290934]]]}},{"type":"Feature","id":79457831,"properties":{"osmId":79457831,"category":"residential","addr:state":"TX","building":"dormitory","name":"Whitis Court Residence Hall","ref":"LLE"},"geometry":{"type":"Polygon","coordinates":[[[-97.7410881,30.2910315],[-97.7409369,30.291021],[-97.7409591,30.290781],[-97.7411104,30.2907915],[-97.7410881,30.2910315]]]}},{"type":"Feature","id":79457833,"properties":{"osmId":79457833,"category":"residential","addr:state":"TX","building":"dormitory","name":"Whitis Court Residence Hall","ref":"LLF"},"geometry":{"type":"Polygon","coordinates":[[[-97.7410015,30.2910847],[-97.7409887,30.2912235],[-97.7407067,30.2912041],[-97.7407195,30.2910653],[-97.7410015,30.2910847]]]}},{"type":"Feature","id":79457840,"properties":{"osmId":79457840,"category":"academic","addr:housenumber":"2275","addr:postcode":"78705","addr:state":"TX","addr:street":"Speedway","building":"university","building:levels":"3","ele":"166","name":"E. P. Schoch Building","ref":"EPS","roof:levels":"1","roof:shape":"hipped"},"geometry":{"type":"Polygon","coordinates":[[[-97.7369494,30.2858885],[-97.7363712,30.2858453],[-97.7363906,30.2856518],[-97.7369688,30.285695],[-97.7369494,30.2858885]]]}},{"type":"Feature","id":79457842,"properties":{"osmId":79457842,"category":"academic","addr:housenumber":"2225","addr:postcode":"78705","addr:state":"TX","addr:street":"Speedway","building":"university","building:levels":"3","ele":"165","name":"Bernard and Audre Rapoport Building","ref":"BRB","roof:levels":"1","roof:shape":"hipped","toilets:unisex":"yes"},"geometry":{"type":"Polygon","coordinates":[[[-97.7370265,30.2851513],[-97.736459,30.2851089],[-97.73644,30.2852985],[-97.7370075,30.2853409],[-97.7370265,30.2851513]]]}},{"type":"Feature","id":79457844,"properties":{"osmId":79457844,"category":"residential","addr:housenumber":"2501","addr:postcode":"78705","addr:state":"TX","addr:street":"San Jacinto Boulevard","building":"dormitory","ele":"160","name":"Creekside Residence Hall","ref":"CRH"},"geometry":{"type":"Polygon","coordinates":[[[-97.7334759,30.2889406],[-97.7333383,30.2889205],[-97.7333619,30.2887998],[-97.7332991,30.2887906],[-97.7333416,30.2885734],[-97.7329989,30.2885234],[-97.7330207,30.2884122],[-97.7333617,30.2884619],[-97.7333977,30.288278],[-97.733467,30.2882881],[-97.7334952,30.288144],[-97.7336249,30.288163],[-97.7335794,30.2883955],[-97.7335144,30.288386],[-97.7334826,30.2885486],[-97.7334567,30.2886811],[-97.7335248,30.288691],[-97.7334759,30.2889406]]]}},{"type":"Feature","id":79457845,"properties":{"osmId":79457845,"category":"academic","addr:housenumber":"200","addr:postcode":"78705","addr:state":"TX","addr:street":"East Dean Keeton Street","building":"university","name":"Chemical and Petroleum Engineering Building","ref":"CPE"},"geometry":{"type":"Polygon","coordinates":[[[-97.7364745,30.290508],[-97.736491,30.2903536],[-97.7365325,30.2903569],[-97.7365462,30.2902291],[-97.7365061,30.2902259],[-97.7365283,30.2900182],[-97.7361592,30.2899888],[-97.7357992,30.2899601],[-97.7357766,30.290171],[-97.7357461,30.2901686],[-97.7357328,30.2902929],[-97.7357757,30.2902964],[-97.7357592,30.290451],[-97.7364745,30.290508]]]}},{"type":"Feature","id":79457846,"properties":{"osmId":79457846,"category":"residential","addr:housenumber":"2501","addr:postcode":"78705","addr:state":"TX","addr:street":"Whitis Avenue","building":"dormitory","ele":"184","loc_name":"Honors Quad","name":"Carothers Dormitory","ref":"CRD"},"geometry":{"type":"Polygon","coordinates":[[[-97.7401501,30.2889978],[-97.7400511,30.288991],[-97.739988,30.2889866],[-97.7400428,30.2883952],[-97.7400588,30.2883963],[-97.7400893,30.2883984],[-97.7402049,30.2884064],[-97.7401501,30.2889978]]]}},{"type":"Feature","id":79457847,"properties":{"osmId":79457847,"category":"residential","addr:housenumber":"2503","addr:postcode":"78705","addr:state":"TX","addr:street":"Whitis Avenue","building":"dormitory","ele":"182","loc_name":"Honors Quad","name":"Littlefield Dormitory","ref":"LTD"},"geometry":{"type":"Polygon","coordinates":[[[-97.7400318,30.2894115],[-97.7400528,30.289184],[-97.7400334,30.2891827],[-97.7399116,30.2891743],[-97.7399028,30.2892697],[-97.7395701,30.2892467],[-97.7395788,30.2891536],[-97.7394335,30.2891436],[-97.7394329,30.2891496],[-97.739404,30.2894613],[-97.7395498,30.2894713],[-97.7395584,30.2893788],[-97.7400318,30.2894115]]]}},{"type":"Feature","id":79457848,"properties":{"osmId":79457848,"category":"academic","addr:housenumber":"210","addr:postcode":"78705","addr:state":"TX","addr:street":"West 24th Street","building":"university","building:levels":"5","name":"Gordon-White Building","ref":"GWB"},"geometry":{"type":"Polygon","coordinates":[[[-97.7397058,30.2877931],[-97.7397515,30.2877953],[-97.7397457,30.2878451],[-97.739706,30.2878433],[-97.739692,30.2880032],[-97.7399299,30.288019],[-97.7399347,30.2879221],[-97.7400663,30.28793],[-97.740076,30.2878196],[-97.7401822,30.2878252],[-97.7401974,30.2876774],[-97.739723,30.2876459],[-97.7397058,30.2877931]]]}},{"type":"Feature","id":79457849,"properties":{"osmId":79457849,"category":"academic","addr:housenumber":"200","addr:postcode":"78705","addr:state":"TX","addr:street":"West 24th Street","building":"university","ele":"178","name":"Mary E Gearing Hall","ref":"GEA"},"geometry":{"type":"Polygon","coordinates":[[[-97.7395005,30.287588],[-97.7394719,30.2878809],[-97.7392079,30.2878616],[-97.7389332,30.2878416],[-97.7389616,30.2875507],[-97.7391028,30.287561],[-97.7390887,30.2877059],[-97.7392177,30.2877153],[-97.7393428,30.2877244],[-97.7393572,30.2875775],[-97.7395005,30.287588]]]}},{"type":"Feature","id":79457851,"properties":{"osmId":79457851,"category":"residential","addr:housenumber":"2500","addr:postcode":"78705","addr:state":"TX","addr:street":"University Avenue","building":"dormitory","ele":"180","loc_name":"Honors Quad","name":"Blanton Dormitory","ref":"BLD"},"geometry":{"type":"Polygon","coordinates":[[[-97.7395588,30.2881068],[-97.7394501,30.2880993],[-97.7394299,30.2883175],[-97.7393406,30.2883113],[-97.7392807,30.2889615],[-97.7394148,30.2889707],[-97.7394269,30.2889715],[-97.7394823,30.2883697],[-97.739576,30.2883762],[-97.739585,30.2882788],[-97.7396821,30.2882855],[-97.7396873,30.2882297],[-97.7395483,30.2882201],[-97.7395588,30.2881068]]]}},{"type":"Feature","id":92460208,"properties":{"osmId":92460208,"category":"academic","addr:housenumber":"709","addr:postcode":"78701","addr:street":"East Martin Luther King Jr Boulevard","building":"university","ele":"169","name":"Arno Nowotny Building","ref":"ANB"},"geometry":{"type":"Polygon","coordinates":[[[-97.731174,30.2783434],[-97.7311978,30.2782782],[-97.7311095,30.2782542],[-97.7311323,30.2781916],[-97.7310557,30.2781708],[-97.7309741,30.2781486],[-97.7309526,30.2782078],[-97.7308633,30.2781836],[-97.7308383,30.2782522],[-97.731174,30.2783434]]]}},{"type":"Feature","id":92460267,"properties":{"osmId":92460267,"category":"academic","addr:state":"TX","alt_name":"Undergraduate Admissions Center","building":"university","ele":"166","name":"John W. Hargis Hall","ref":"JHH"},"geometry":{"type":"Polygon","coordinates":[[[-97.7320294,30.2786378],[-97.7319713,30.2786221],[-97.7319667,30.2786349],[-97.7319082,30.2786191],[-97.7319134,30.2786046],[-97.7318557,30.278589],[-97.7319434,30.2783463],[-97.7319767,30.2783553],[-97.731979,30.2783489],[-97.7319845,30.2783337],[-97.731957,30.2783262],[-97.7319751,30.278276],[-97.73196,30.278272],[-97.7319811,30.2782139],[-97.731998,30.2782184],[-97.732044,30.2780912],[-97.7321937,30.2781316],[-97.7321075,30.2783698],[-97.7320787,30.2783621],[-97.7320706,30.2783846],[-97.7321164,30.278397],[-97.7320294,30.2786378]]]}},{"type":"Feature","id":92945469,"properties":{"osmId":92945469,"category":"medical","addr:housenumber":"1215","addr:postcode":"78701","addr:street":"Red River","building":"hospital","old_name":"HealthSouth Rehabilitation Hospital of Austin","wheelchair":"yes"},"geometry":{"type":"Polygon","coordinates":[[[-97.7339802,30.2731715],[-97.7341819,30.2732263],[-97.7342261,30.2732385],[-97.7342516,30.2731626],[-97.7344917,30.2732315],[-97.7345407,30.2730928],[-97.7345554,30.2730514],[-97.7342422,30.2729599],[-97.7342639,30.2728988],[-97.7342858,30.2728372],[-97.7341262,30.2727914],[-97.734103,30.2728554],[-97.7340806,30.2729171],[-97.7338476,30.2728522],[-97.7337601,30.2728279],[-97.7337417,30.2728809],[-97.7336957,30.2730132],[-97.7339298,30.2730763],[-97.733905,30.273151],[-97.7339492,30.2731631],[-97.7339802,30.2731715]]]}},{"type":"Feature","id":112834484,"properties":{"osmId":112834484,"category":"religious","addr:housenumber":"1300","addr:postcode":"78701","addr:street":"Lavaca Street","building":"church"},"geometry":{"type":"Polygon","coordinates":[[[-97.7428716,30.2762556],[-97.7425833,30.2761711],[-97.7426906,30.2758867],[-97.7427067,30.2758902],[-97.7427248,30.2758925],[-97.7427375,30.2758908],[-97.7427536,30.275881],[-97.7427623,30.2758653],[-97.7427697,30.2758508],[-97.742997,30.2759122],[-97.7428716,30.2762556]]]}},{"type":"Feature","id":124952572,"properties":{"osmId":124952572,"category":"academic","addr:city":"Austin","addr:housenumber":"1616","addr:postcode":"78701","addr:street":"Guadalupe Street","building":"university","building:levels":"7","name":"UT Administration Building","phone":"+1-512-471-3821","ref":"UTA","source":"http://www.emporis.com/building/1616guadalupe-austin-tx-usa","website":"https://www.ischool.utexas.edu","wikipedia":"en:University of Texas at Austin School of Information"},"geometry":{"type":"Polygon","coordinates":[[[-97.7431623,30.2790823],[-97.7429516,30.2796498],[-97.7425287,30.2795327],[-97.7427394,30.2789652],[-97.7431623,30.2790823]]]}},{"type":"Feature","id":124953720,"properties":{"osmId":124953720,"category":"residential","addr:housenumber":"203","addr:postcode":"78705","addr:state":"TX","addr:street":"East 21st Street","building":"dormitory","building:levels":"10","name":"Jester Dormitory East","ref":"JCD"},"geometry":{"type":"Polygon","coordinates":[[[-97.7363953,30.2827636],[-97.7362758,30.2827546],[-97.7362856,30.2826567],[-97.7362349,30.2826529],[-97.7362447,30.2825563],[-97.7362457,30.2825461],[-97.736294,30.2825497],[-97.7362947,30.2825427],[-97.7363031,30.2824592],[-97.7362401,30.2824545],[-97.7360174,30.2824377],[-97.7356212,30.2824079],[-97.7355826,30.282405],[-97.7355438,30.28279],[-97.7354152,30.2827803],[-97.7354633,30.282303],[-97.73561,30.2823141],[-97.7356167,30.2822473],[-97.7355717,30.2822439],[-97.7355826,30.2821358],[-97.7356279,30.2821392],[-97.7356367,30.2820518],[-97.7354255,30.282036],[-97.7354363,30.281928],[-97.7356328,30.2819427],[-97.7356355,30.2819155],[-97.7356562,30.2819171],[-97.7357245,30.2819222],[-97.7357656,30.2819253],[-97.7357626,30.2819551],[-97.7359905,30.2819722],[-97.7359798,30.2820781],[-97.7357605,30.2820616],[-97.7357353,30.2823112],[-97.7357486,30.2823122],[-97.7358009,30.2823161],[-97.7358052,30.2822741],[-97.7359276,30.2822833],[-97.7359231,30.2823281],[-97.7361266,30.2823434],[-97.7361314,30.2822958],[-97.7362585,30.2823053],[-97.7362539,30.2823505],[-97.7364356,30.2823641],[-97.7364138,30.2825804],[-97.7363953,30.2827636]]]}},{"type":"Feature","id":125100401,"properties":{"osmId":125100401,"category":"residential","addr:city":"Austin","addr:housenumber":"309","addr:postcode":"78705","addr:state":"TX","addr:street":"East 21st Street","building":"dormitory","building:prefabricated":"no","ele":"156","loc_name":"San Jac","name":"San Jacinto Residence Hall","ref":"SJH"},"geometry":{"type":"Polygon","coordinates":[[[-97.7341469,30.2823439],[-97.734112,30.2823995],[-97.7340933,30.282462],[-97.7340852,30.2825223],[-97.7340852,30.2825871],[-97.7341092,30.2826748],[-97.7342433,30.2826849],[-97.734237,30.282748],[-97.7342938,30.2827523],[-97.7342865,30.2828257],[-97.734406,30.2828347],[-97.7343805,30.2830876],[-97.7345259,30.2830985],[-97.7345772,30.2831024],[-97.7346165,30.2827125],[-97.7345023,30.2827039],[-97.7345279,30.28245],[-97.7345563,30.2824521],[-97.7345586,30.2824291],[-97.7345898,30.2824314],[-97.7345969,30.2823612],[-97.7346042,30.2822887],[-97.7345925,30.2822879],[-97.734606,30.2821545],[-97.7346559,30.2821582],[-97.7346642,30.2820766],[-97.7349102,30.2820951],[-97.7349276,30.281923],[-97.7345155,30.281892],[-97.7345075,30.2819716],[-97.7344025,30.2819637],[-97.734408,30.2819093],[-97.7342574,30.281898],[-97.7342521,30.2819508],[-97.7341407,30.2819424],[-97.734149,30.2818601],[-97.7337514,30.2818302],[-97.7337341,30.2820019],[-97.7339677,30.2820195],[-97.7339593,30.2821026],[-97.7339626,30.2821028],[-97.7342235,30.2821225],[-97.7343064,30.2821287],[-97.7342935,30.2822572],[-97.7342276,30.2822523],[-97.7342208,30.2823197],[-97.7342818,30.2823243],[-97.7342788,30.2823538],[-97.7341469,30.2823439]]]}},{"type":"Feature","id":126017770,"properties":{"osmId":126017770,"category":"residential","addr:housenumber":"2624","addr:postcode":"78705","addr:street":"Whitis Avenue","building":"dormitory","name":"Almetris Duren Hall","ref":"ADH"},"geometry":{"type":"Polygon","coordinates":[[[-97.7410169,30.2916712],[-97.7409204,30.2916642],[-97.7409275,30.2915915],[-97.7408564,30.2915864],[-97.7408705,30.291442],[-97.7405176,30.2914163],[-97.7405093,30.2915023],[-97.7404291,30.2914965],[-97.7404184,30.2916069],[-97.7404109,30.2916063],[-97.7404018,30.2916999],[-97.740833,30.2917313],[-97.7408246,30.2918181],[-97.7402454,30.2917759],[-97.7402574,30.2916535],[-97.7402629,30.2915972],[-97.7402426,30.2915958],[-97.7402497,30.2915233],[-97.7402763,30.2912507],[-97.7410525,30.2913072],[-97.7410169,30.2916712]]]}},{"type":"Feature","id":126017771,"properties":{"osmId":126017771,"category":"academic","access":"yes","addr:housenumber":"2501","addr:postcode":"78712","addr:street":"Wichita Street","building":"university","ele":"173","leisure":"sports_centre","name":"Anna Hiss Gymnasium","ref":"AHG","toilets:for:unisex":"yes","wheelchair":"limited"},"geometry":{"type":"Polygon","coordinates":[[[-97.7379535,30.2889189],[-97.7374359,30.2888812],[-97.7374567,30.2886678],[-97.7377757,30.2886911],[-97.7378086,30.2883547],[-97.7374911,30.2883316],[-97.7375102,30.2881367],[-97.7380235,30.2881741],[-97.7380089,30.2883227],[-97.7379477,30.2883182],[-97.7379066,30.2887386],[-97.7379706,30.2887432],[-97.7379535,30.2889189]]]}},{"type":"Feature","id":126017772,"properties":{"osmId":126017772,"category":"academic","addr:housenumber":"2505","addr:postcode":"78712","addr:street":"University Avenue","building":"university","ele":"175","name":"Burdine Hall","ref":"BUR","wikidata":"Q48838032"},"geometry":{"type":"Polygon","coordinates":[[[-97.7384054,30.2891026],[-97.7384189,30.289086],[-97.7385501,30.2891441],[-97.7385805,30.2891103],[-97.7385967,30.2890799],[-97.7386092,30.289049],[-97.7386343,30.2890569],[-97.7386438,30.2889523],[-97.7386184,30.2889549],[-97.7386092,30.2889235],[-97.7385962,30.2888912],[-97.738581,30.288858],[-97.738512,30.2888753],[-97.7385199,30.2887896],[-97.7385433,30.2887912],[-97.7385453,30.2887703],[-97.7388411,30.2887905],[-97.7388448,30.2887505],[-97.738863,30.2887518],[-97.738868,30.2886969],[-97.7388232,30.2886938],[-97.7388275,30.2886464],[-97.7384454,30.2886203],[-97.7384467,30.2886051],[-97.7382496,30.2885917],[-97.7382333,30.2887696],[-97.7381851,30.2887663],[-97.7381606,30.2890335],[-97.7382073,30.2890367],[-97.7382031,30.2890819],[-97.7382737,30.2890867],[-97.7382751,30.2890717],[-97.7383673,30.289078],[-97.7383653,30.2890998],[-97.7384054,30.2891026]]]}},{"type":"Feature","id":126017773,"properties":{"osmId":126017773,"category":"academic","addr:housenumber":"2504A","addr:postcode":"78705","addr:street":"Whitis Avenue","building":"university","ele":"183","height":"20.1168","name":"Jesse H. Jones Communication Center - A","ref":"CMA"},"geometry":{"type":"Polygon","coordinates":[[[-97.7409125,30.2896194],[-97.7405252,30.2895917],[-97.740543,30.2894059],[-97.740555,30.2894067],[-97.7405579,30.2893761],[-97.740545,30.2893752],[-97.7405603,30.2892165],[-97.7409491,30.2892444],[-97.7409408,30.2893304],[-97.7409339,30.2894027],[-97.7409223,30.2894019],[-97.7409197,30.2894292],[-97.7409307,30.28943],[-97.7409125,30.2896194]]]}},{"type":"Feature","id":126017774,"properties":{"osmId":126017774,"category":"academic","addr:housenumber":"2504B","addr:postcode":"78705","addr:street":"Whitis Avenue","building":"university","ele":"183","height":"33.528","name":"Jesse H. Jones Communication Center - B","ref":"CMB"},"geometry":{"type":"Polygon","coordinates":[[[-97.7412797,30.2895258],[-97.7410003,30.2895085],[-97.741041,30.2890192],[-97.7410533,30.2888719],[-97.7413326,30.2888892],[-97.7412797,30.2895258]]]}},{"type":"Feature","id":126017775,"properties":{"osmId":126017775,"category":"academic","addr:housenumber":"102","addr:postcode":"78712","addr:street":"East 24th Street","building":"university","building:levels":"9","name":"Larry R. Faulkner Nano Science and Technology Building","ref":"FNT"},"geometry":{"type":"Polygon","coordinates":[[[-97.7382055,30.2879596],[-97.7377734,30.2879264],[-97.7377927,30.2877391],[-97.7382247,30.2877723],[-97.7382055,30.2879596]]]}},{"type":"Feature","id":126017776,"properties":{"osmId":126017776,"category":"academic","addr:housenumber":"2410","addr:postcode":"78705","addr:street":"Whitis Avenue","building":"university","building:levels":"2","ele":"183","name":"Littlefield Carriage House","ref":"LCH"},"geometry":{"type":"Polygon","coordinates":[[[-97.7409312,30.288499],[-97.7408188,30.2884898],[-97.7408043,30.2886221],[-97.7409167,30.2886313],[-97.7409312,30.288499]]]}},{"type":"Feature","id":126017778,"properties":{"osmId":126017778,"category":"academic","addr:housenumber":"2506","addr:postcode":"78712","addr:street":"Speedway","building":"university","building:levels":"3","name":"Louise and James Robert Moffett Molecular Biology Building","ref":"MBB","roof:levels":"1"},"geometry":{"type":"Polygon","coordinates":[[[-97.7373516,30.2891159],[-97.7373248,30.289114],[-97.7373216,30.2891469],[-97.7372163,30.2891393],[-97.7372195,30.2891069],[-97.7372094,30.2891062],[-97.7372062,30.2891386],[-97.7371032,30.2891312],[-97.7371064,30.2890973],[-97.7370842,30.2890957],[-97.7371111,30.2888188],[-97.7370818,30.2888167],[-97.7371492,30.2881224],[-97.7371823,30.2881248],[-97.7372095,30.2878448],[-97.7372352,30.2878467],[-97.7372386,30.2878112],[-97.7373396,30.2878185],[-97.7373362,30.2878536],[-97.7373468,30.2878544],[-97.7373501,30.2878202],[-97.7374539,30.2878277],[-97.7374504,30.2878633],[-97.7374782,30.2878653],[-97.7374473,30.2881842],[-97.7374189,30.2881822],[-97.7373594,30.2887945],[-97.7373826,30.2887962],[-97.7373746,30.2888785],[-97.73736,30.2890185],[-97.7373516,30.2891159]]]}},{"type":"Feature","id":126017780,"properties":{"osmId":126017780,"category":"academic","addr:city":"Austin","addr:housenumber":"100","addr:postcode":"78712","addr:state":"TX","addr:street":"East 24th Street","building":"university","name":"Norman Hackerman Building","ref":"NHB"},"geometry":{"type":"Polygon","coordinates":[[[-97.7372366,30.2876964],[-97.7372575,30.2874936],[-97.7387967,30.2876117],[-97.7387758,30.2878145],[-97.7382247,30.2877723],[-97.7377927,30.2877391],[-97.7372366,30.2876964]]]}},{"type":"Feature","id":126017781,"properties":{"osmId":126017781,"category":"academic","addr:housenumber":"2603","addr:postcode":"78712","addr:street":"Wichita Street","building":"university","ele":"174","name":"Sarah M. and Charles E. Seay Building","ref":"SEA"},"geometry":{"type":"Polygon","coordinates":[[[-97.737798,30.2901564],[-97.7375776,30.2901411],[-97.7375249,30.2901375],[-97.7375505,30.2898611],[-97.7371775,30.2898353],[-97.7371429,30.2902088],[-97.7373458,30.2902228],[-97.7373244,30.290454],[-97.7368539,30.2904215],[-97.7369221,30.289685],[-97.7378358,30.2897481],[-97.737798,30.2901564]]]}},{"type":"Feature","id":126017782,"properties":{"osmId":126017782,"category":"academic","addr:housenumber":"2504C","addr:postcode":"78705","addr:street":"Whitis Avenue","building":"university","ele":"183","name":"William Randolph Hearst Building","ref":"HSM"},"geometry":{"type":"Polygon","coordinates":[[[-97.7409552,30.2890053],[-97.7409128,30.2890027],[-97.7405735,30.2889816],[-97.7405835,30.2888604],[-97.7405868,30.2888211],[-97.7409686,30.2888448],[-97.7409552,30.2890053]]]}},{"type":"Feature","id":126017786,"properties":{"osmId":126017786,"category":"academic","addr:housenumber":"2500","addr:postcode":"78705","addr:street":"Guadalupe Street","building":"university","building:levels":"4","ele":"182","name":"Walter Webb Hall","ref":"WWH"},"geometry":{"type":"Polygon","coordinates":[[[-97.7415775,30.289421],[-97.7418206,30.2894393],[-97.7420062,30.2894542],[-97.7420072,30.2894431],[-97.7421162,30.2894512],[-97.7421388,30.2891999],[-97.7416183,30.2891618],[-97.7416186,30.2891747],[-97.7415977,30.2891736],[-97.7415775,30.289421]]]}},{"type":"Feature","id":126020358,"properties":{"osmId":126020358,"category":"academic","addr:housenumber":"2701","addr:postcode":"78705","addr:street":"Speedway","building":"university","building:levels":"6","name":"Animal Resource Center","ref":"ARC"},"geometry":{"type":"Polygon","coordinates":[[[-97.7363907,30.2920608],[-97.7362096,30.2920475],[-97.7362246,30.2918954],[-97.7362267,30.2918739],[-97.7361005,30.2918646],[-97.7361396,30.2914672],[-97.7360749,30.2914624],[-97.7360607,30.2916071],[-97.7357604,30.291585],[-97.7357664,30.2915235],[-97.7357341,30.2915211],[-97.7357364,30.2914981],[-97.7357104,30.2914962],[-97.7357053,30.2914867],[-97.7357026,30.2914767],[-97.7357013,30.2914652],[-97.7357031,30.2914531],[-97.7357086,30.2914435],[-97.7357164,30.2914344],[-97.7357429,30.2914364],[-97.7357447,30.2914188],[-97.7357749,30.2914211],[-97.7357817,30.291352],[-97.7360815,30.291374],[-97.7360754,30.2914359],[-97.7361971,30.2914449],[-97.736225,30.2911615],[-97.7364482,30.2911779],[-97.7364162,30.2915034],[-97.736429,30.2915043],[-97.7363915,30.2918845],[-97.7364079,30.2918857],[-97.7363907,30.2920608]]]}},{"type":"Feature","id":126020360,"properties":{"osmId":126020360,"category":"academic","addr:housenumber":"204","addr:postcode":"78705","addr:street":"East Dean Keeton Street","building":"university","building:levels":"11","name":"Engineering Teaching Center II","ref":"ETC"},"geometry":{"type":"Polygon","coordinates":[[[-97.7355524,30.2902001],[-97.7355931,30.2898318],[-97.735616,30.289624],[-97.7352844,30.2895967],[-97.7352209,30.2901729],[-97.7355524,30.2902001]]]}},{"type":"Feature","id":126020361,"properties":{"osmId":126020361,"category":"academic","addr:housenumber":"2903","addr:postcode":"78705","addr:street":"Speedway","building":"university","building:levels":"1","name":"University Sign Shop","ref":"E26"},"geometry":{"type":"Polygon","coordinates":[[[-97.7363551,30.2926321],[-97.7362449,30.2926403],[-97.7362331,30.2925226],[-97.7363433,30.2925144],[-97.7363551,30.2926321]]]}},{"type":"Feature","id":126027972,"properties":{"osmId":126027972,"category":"academic","building":"university","name":"Comal Child Development Center","ref":"CML"},"geometry":{"type":"Polygon","coordinates":[[[-97.7255635,30.2829369],[-97.7253867,30.2829663],[-97.7254173,30.2831033],[-97.7252164,30.2831367],[-97.7251869,30.2830043],[-97.7249754,30.2830395],[-97.7249361,30.2828635],[-97.7251764,30.2828235],[-97.7251607,30.2827529],[-97.7253078,30.2827284],[-97.7253228,30.2827956],[-97.7254849,30.2827747],[-97.7255318,30.2827949],[-97.7255635,30.2829369]]]}},{"type":"Feature","id":126027974,"properties":{"osmId":126027974,"category":"academic","building":"university","name":"Comal Child Development Center Annex","ref":"CDA"},"geometry":{"type":"Polygon","coordinates":[[[-97.7256987,30.2829075],[-97.725615,30.2829214],[-97.7256419,30.283042],[-97.7257256,30.2830281],[-97.7256987,30.2829075]]]}},{"type":"Feature","id":126027975,"properties":{"osmId":126027975,"category":"academic","building":"university","name":"Computational Resource Building","ref":"CRB"},"geometry":{"type":"Polygon","coordinates":[[[-97.7266914,30.282419],[-97.7264069,30.2824654],[-97.7263202,30.2820689],[-97.7262863,30.2820744],[-97.7262536,30.2819248],[-97.726278,30.2819208],[-97.7262636,30.2818549],[-97.7266538,30.2817913],[-97.7267087,30.2820428],[-97.7266127,30.2820585],[-97.7266914,30.282419]]]}},{"type":"Feature","id":126027977,"properties":{"osmId":126027977,"category":"academic","addr:housenumber":"2901","addr:postcode":"78722","addr:street":"North Interstate Highway 35 Service Road","building":"university","name":"Development Center","ref":"DEV"},"geometry":{"type":"Polygon","coordinates":[[[-97.7235707,30.2870504],[-97.723804,30.2873392],[-97.7236883,30.2875236],[-97.7233678,30.2873737],[-97.7235707,30.2870504]]]}},{"type":"Feature","id":126027979,"properties":{"osmId":126027979,"category":"academic","addr:housenumber":"1309","addr:postcode":"78722","addr:street":"East Dean Keeton Street","building":"university","name":"Facilities Complex Building 1","ref":"FC1"},"geometry":{"type":"Polygon","coordinates":[[[-97.7227905,30.284754],[-97.7224974,30.2848033],[-97.7223904,30.2843286],[-97.7226835,30.2842794],[-97.7227905,30.284754]]]}},{"type":"Feature","id":126027980,"properties":{"osmId":126027980,"category":"academic","building":"university","name":"Facilities Complex Building 2","ref":"FC2"},"geometry":{"type":"Polygon","coordinates":[[[-97.7238744,30.2839658],[-97.7237765,30.2839823],[-97.723769,30.2839489],[-97.7223747,30.2841834],[-97.7223497,30.2840727],[-97.7223245,30.2839607],[-97.7225046,30.2839304],[-97.7224926,30.2838768],[-97.7231632,30.283764],[-97.7231756,30.2838188],[-97.7233436,30.2837906],[-97.7233312,30.2837357],[-97.7238046,30.2836561],[-97.7238744,30.2839658]]]}},{"type":"Feature","id":126027982,"properties":{"osmId":126027982,"category":"academic","addr:housenumber":"1207","addr:postcode":"78722","addr:street":"East Dean Keeton Street","building":"university","name":"Facilities Complex Building 3","ref":"FC3"},"geometry":{"type":"Polygon","coordinates":[[[-97.7243488,30.2848051],[-97.7240804,30.2848502],[-97.7240855,30.2848727],[-97.7235113,30.2849692],[-97.7234935,30.28489],[-97.723028,30.2849683],[-97.7229664,30.284695],[-97.7239941,30.2845222],[-97.7239826,30.2844713],[-97.7242629,30.2844242],[-97.7243488,30.2848051]]]}},{"type":"Feature","id":126027983,"properties":{"osmId":126027983,"category":"academic","addr:housenumber":"1213","addr:postcode":"78722","addr:street":"East Dean Keeton Street","building":"university","name":"Facilities Complex Building 4","ref":"FC4"},"geometry":{"type":"Polygon","coordinates":[[[-97.7238488,30.2843543],[-97.7237765,30.2843667],[-97.723783,30.2843949],[-97.7230358,30.2845229],[-97.7229732,30.2842502],[-97.7237178,30.2841227],[-97.7237259,30.2841579],[-97.7238008,30.2841451],[-97.7238488,30.2843543]]]}},{"type":"Feature","id":126027986,"properties":{"osmId":126027986,"category":"academic","building":"university","name":"Facilities Complex Building 5","ref":"FC5"},"geometry":{"type":"Polygon","coordinates":[[[-97.7248564,30.2836931],[-97.7243737,30.2837742],[-97.7243299,30.2835798],[-97.7248126,30.2834987],[-97.7248564,30.2836931]]]}},{"type":"Feature","id":126027987,"properties":{"osmId":126027987,"category":"academic","addr:housenumber":"1500","addr:postcode":"78722","addr:street":"Manor Road","building":"university","name":"Facilities Complex Building 6","ref":"FC6"},"geometry":{"type":"Polygon","coordinates":[[[-97.7262717,30.2834256],[-97.7260574,30.2834616],[-97.7260647,30.2834939],[-97.7254471,30.2835978],[-97.7254026,30.2834007],[-97.7260182,30.2832972],[-97.7260331,30.2833635],[-97.7262495,30.2833271],[-97.7262717,30.2834256]]]}},{"type":"Feature","id":126027990,"properties":{"osmId":126027990,"category":"academic","addr:housenumber":"1300","addr:postcode":"78722","addr:street":"Manor Road","building":"university","name":"Facilities Complex Building 7","ref":"FC7"},"geometry":{"type":"Polygon","coordinates":[[[-97.7265814,30.2833487],[-97.7263183,30.2833929],[-97.7263024,30.2833222],[-97.7265654,30.2832779],[-97.7265814,30.2833487]]]}},{"type":"Feature","id":126027991,"properties":{"osmId":126027991,"category":"academic","addr:housenumber":"1201","addr:postcode":"78722","addr:street":"East Dean Keeton Street","building":"university","name":"Facilities Complex Building 8","ref":"FC8"},"geometry":{"type":"Polygon","coordinates":[[[-97.7243333,30.2853051],[-97.7241151,30.285647],[-97.724006,30.2855951],[-97.7239897,30.2856206],[-97.7238715,30.2855644],[-97.7238947,30.285528],[-97.7238589,30.285511],[-97.7238383,30.2855434],[-97.7235125,30.2853884],[-97.7235786,30.2852849],[-97.7239036,30.2854396],[-97.723879,30.285478],[-97.7239155,30.2854954],[-97.7239882,30.2853815],[-97.7239499,30.2853633],[-97.7239286,30.2853966],[-97.7236054,30.2852428],[-97.7236721,30.2851384],[-97.7239964,30.2852927],[-97.7239721,30.2853306],[-97.7240094,30.2853483],[-97.724106,30.2851969],[-97.7243333,30.2853051]]]}},{"type":"Feature","id":126027994,"properties":{"osmId":126027994,"category":"academic","building":"university","name":"Mail Services Building","ref":"MSB"},"geometry":{"type":"Polygon","coordinates":[[[-97.7258706,30.2827658],[-97.7255474,30.2828196],[-97.725527,30.282728],[-97.7258502,30.2826742],[-97.7258706,30.2827658]]]}},{"type":"Feature","id":126028000,"properties":{"osmId":126028000,"category":"academic","building":"university","ele":"186","name":"University Interscholastic League","ref":"UIL"},"geometry":{"type":"Polygon","coordinates":[[[-97.7239505,30.2833764],[-97.7233717,30.2834803],[-97.7233442,30.2833659],[-97.7234632,30.2833446],[-97.7234367,30.2832346],[-97.7238965,30.2831521],[-97.7239505,30.2833764]]]}},{"type":"Feature","id":126028004,"properties":{"osmId":126028004,"category":"academic","building":"university","layer":"0"},"geometry":{"type":"Polygon","coordinates":[[[-97.7271548,30.2797326],[-97.7271172,30.2797379],[-97.727061,30.2797458],[-97.7270256,30.2797507],[-97.7268616,30.2797737],[-97.7267537,30.2797889],[-97.726745,30.2797901],[-97.7266689,30.2794592],[-97.726566,30.279398],[-97.7262105,30.2794451],[-97.7261583,30.2791981],[-97.72614,30.2791115],[-97.7269351,30.2789921],[-97.7268814,30.2790742],[-97.7269522,30.2791178],[-97.7269086,30.2791776],[-97.7270526,30.2792637],[-97.7271548,30.2797326]]]}},{"type":"Feature","id":126029360,"properties":{"osmId":126029360,"category":"academic","addr:housenumber":"2001","addr:postcode":"78712","addr:street":"San Jacinto Boulevard","building":"university","leisure":"sports_centre","name":"Recreational Sports Center","ref":"RSC"},"geometry":{"type":"Polygon","coordinates":[[[-97.7329843,30.2814855],[-97.7328652,30.2818762],[-97.7318062,30.2816354],[-97.7318216,30.2815848],[-97.7317904,30.2815777],[-97.7318954,30.2812336],[-97.7319224,30.2812398],[-97.7319373,30.281191],[-97.732741,30.2813738],[-97.7327584,30.2813166],[-97.7329543,30.2813612],[-97.7329307,30.2814386],[-97.7329208,30.2814711],[-97.7329843,30.2814855]]]}},{"type":"Feature","id":126029361,"properties":{"osmId":126029361,"category":"academic","addr:housenumber":"2011","addr:postcode":"78712","addr:street":"Robert Dedman Drive","building":"university","building:levels":"3","name":"Richard Mithoff Track and Soccer Fieldhouse","ref":"MFH"},"geometry":{"type":"Polygon","coordinates":[[[-97.7313371,30.2821293],[-97.7313592,30.282052],[-97.7313165,30.2820415],[-97.731323,30.2820203],[-97.7313479,30.2820224],[-97.7313581,30.2819145],[-97.731173,30.281901],[-97.7311648,30.2819734],[-97.7311005,30.2819657],[-97.7311135,30.2818943],[-97.7309298,30.2818646],[-97.7309182,30.2819035],[-97.7308959,30.2819781],[-97.7308733,30.2820529],[-97.7308625,30.2820552],[-97.7310153,30.2820924],[-97.7310252,30.2820621],[-97.7313371,30.2821293]]]}},{"type":"Feature","id":126030906,"properties":{"osmId":126030906,"category":"academic","addr:housenumber":"2109","addr:postcode":"78712","addr:street":"San Jacinto Boulevard","building":"university","building:levels":"10","name":"L. Theo Bellmont Hall","ref":"BEL","toilets:unisex":"yes"},"geometry":{"type":"Polygon","coordinates":[[[-97.7335685,30.2844908],[-97.733183,30.2843495],[-97.7332181,30.2842808],[-97.7332704,30.284151],[-97.7333146,30.2840085],[-97.7333473,30.2838647],[-97.7333661,30.283726],[-97.73338,30.2835786],[-97.7333742,30.2834302],[-97.7333603,30.283282],[-97.7333171,30.283083],[-97.7334257,30.2830592],[-97.7335698,30.2830276],[-97.7336772,30.2830041],[-97.7337714,30.2829835],[-97.7338135,30.2831974],[-97.7338348,30.283367],[-97.7338401,30.2835365],[-97.7338313,30.2837635],[-97.7338097,30.2839189],[-97.7338024,30.2839718],[-97.733764,30.2841432],[-97.733704,30.2843064],[-97.7336875,30.2843454],[-97.7336182,30.2845092],[-97.7335685,30.2844908]]]}},{"type":"Feature","id":126030910,"properties":{"osmId":126030910,"category":"academic","addr:housenumber":"2015","addr:postcode":"78712","addr:street":"San Jacinto Boulevard","building":"university","building:levels":"4","ele":"162","layer":"1","leisure":"sports_centre","name":"Moncrief-Neuhaus Athletic Center","ref":"MNAC"},"geometry":{"type":"Polygon","coordinates":[[[-97.7330861,30.2823172],[-97.7330447,30.28266],[-97.7322642,30.2825983],[-97.7322756,30.2824885],[-97.7322788,30.2824576],[-97.7322823,30.2824276],[-97.7322881,30.2823787],[-97.7323006,30.2822552],[-97.7324066,30.2822652],[-97.7324013,30.2823156],[-97.7329758,30.282358],[-97.7329824,30.2823091],[-97.7330861,30.2823172]]]}},{"type":"Feature","id":126030913,"properties":{"osmId":126030913,"category":"academic","alt_name":"North End Zone","building":"university","name":"Red McCombs Red Zone","ref":"RMRZ;NEZ"},"geometry":{"type":"Polygon","coordinates":[[[-97.7317768,30.2847485],[-97.7319243,30.28478],[-97.7320663,30.2848027],[-97.7327957,30.2848611],[-97.7329362,30.2848613],[-97.7330949,30.2848503],[-97.7331155,30.2849052],[-97.7331528,30.2849075],[-97.7331928,30.2848863],[-97.7332611,30.2848901],[-97.733279,30.2849061],[-97.7332937,30.2849192],[-97.7332867,30.2849862],[-97.7332511,30.2850138],[-97.7331742,30.285009],[-97.7331621,30.2849953],[-97.7331413,30.2849936],[-97.7327327,30.2849608],[-97.7327104,30.2849834],[-97.7325938,30.2849744],[-97.7325766,30.2849451],[-97.7325256,30.2849418],[-97.7324158,30.2849346],[-97.7323084,30.2849276],[-97.7322677,30.284925],[-97.7322426,30.2849475],[-97.7321279,30.2849382],[-97.7321078,30.2849137],[-97.7316903,30.2848746],[-97.7316668,30.28489],[-97.7315923,30.2848843],[-97.7315614,30.2848528],[-97.7315675,30.2847881],[-97.7315871,30.2847744],[-97.7316053,30.2847617],[-97.7316784,30.284767],[-97.7317061,30.284795],[-97.7317444,30.2847974],[-97.7317768,30.2847485]]]}},{"type":"Feature","id":126033672,"properties":{"osmId":126033672,"category":"academic","addr:housenumber":"2301","addr:postcode":"78705","addr:street":"San Jacinto Boulevard","amenity":"arts_centre","building":"university","name":"Art Building and Museum","ref":"ART","wheelchair":"limited"},"geometry":{"type":"Polygon","coordinates":[[[-97.73341,30.2856595],[-97.7332107,30.2856358],[-97.7331867,30.2857867],[-97.7328192,30.285743],[-97.7327171,30.2863833],[-97.7325876,30.2863679],[-97.7325821,30.2864028],[-97.7325199,30.2863954],[-97.7324857,30.28661],[-97.7331158,30.286685],[-97.7331417,30.2865225],[-97.7331926,30.2865286],[-97.7332015,30.2864727],[-97.7331177,30.2864628],[-97.7331273,30.2864026],[-97.7330274,30.2863907],[-97.7330444,30.286284],[-97.7333716,30.286323],[-97.7334007,30.2861407],[-97.7333802,30.2861382],[-97.7334209,30.2858834],[-97.7333752,30.2858779],[-97.73341,30.2856595]]]}},{"type":"Feature","id":126033673,"properties":{"osmId":126033673,"category":"academic","addr:city":"Austin","addr:housenumber":"707","addr:postcode":"78705","addr:state":"TX","addr:street":"East Dean Keeton Street","building":"university","building:levels":"2","name":"Chilling Station No. 4","ref":"CS4"},"geometry":{"type":"Polygon","coordinates":[[[-97.7326722,30.2888139],[-97.7322105,30.2887428],[-97.7322553,30.2885255],[-97.7327171,30.2885966],[-97.7326722,30.2888139]]]}},{"type":"Feature","id":126033680,"properties":{"osmId":126033680,"category":"academic","addr:city":"Austin","addr:housenumber":"721","addr:postcode":"78705","addr:state":"TX","addr:street":"East Dean Keeton Street","building":"university","ele":"173","name":"Jesse H. Jones Hall","ref":"JON"},"geometry":{"type":"Polygon","coordinates":[[[-97.7319959,30.2882778],[-97.7318941,30.2889598],[-97.7314759,30.2889133],[-97.7314908,30.2888136],[-97.7314711,30.2888114],[-97.7314746,30.2887877],[-97.7315106,30.2885468],[-97.7315153,30.2885149],[-97.7315615,30.28852],[-97.7316042,30.2882342],[-97.7319959,30.2882778]]]}},{"type":"Feature","id":126033681,"properties":{"osmId":126033681,"category":"academic","building":"university","ele":"174","name":"John B. Connally Center for Justice","ref":"CCJ"},"geometry":{"type":"Polygon","coordinates":[[[-97.7306361,30.2881832],[-97.730249,30.2881401],[-97.7302767,30.2879543],[-97.7303935,30.2879672],[-97.7304007,30.2879187],[-97.7306571,30.2879473],[-97.7306498,30.2879958],[-97.7306639,30.2879974],[-97.7306361,30.2881832]]]}},{"type":"Feature","id":126033682,"properties":{"osmId":126033682,"category":"academic","addr:housenumber":"2400","addr:postcode":"78705","addr:street":"Trinity Street","building":"university","ele":"172","name":"Texas Memorial Museum","ref":"TMM","tourism":"museum","website":"https://tmm.utexas.edu/","wikidata":"Q3519347"},"geometry":{"type":"Polygon","coordinates":[[[-97.7324653,30.2871438],[-97.7322777,30.2871283],[-97.7322848,30.2870643],[-97.7322307,30.2870598],[-97.7322501,30.2868842],[-97.7322997,30.2868883],[-97.7323035,30.2868545],[-97.7323063,30.2868287],[-97.7323074,30.2868191],[-97.7324995,30.286835],[-97.7324653,30.2871438]]]}},{"type":"Feature","id":126033684,"properties":{"osmId":126033684,"category":"academic","addr:housenumber":"727","addr:postcode":"78705","addr:street":"East Dean Keeton Street","building":"university","ele":"175","name":"Townes Hall","ref":"TNH"},"geometry":{"type":"Polygon","coordinates":[[[-97.7315106,30.2885468],[-97.7314302,30.2885378],[-97.7314481,30.2884179],[-97.7313166,30.2884033],[-97.7310651,30.2883753],[-97.7310689,30.2883496],[-97.7306023,30.2882977],[-97.7306129,30.288226],[-97.7302354,30.288184],[-97.7302168,30.2883086],[-97.730111,30.2882968],[-97.7300809,30.2884983],[-97.7301379,30.2885047],[-97.7300989,30.2887657],[-97.7304683,30.2888068],[-97.7304767,30.288751],[-97.730568,30.2887611],[-97.7305803,30.2886787],[-97.7308302,30.2887065],[-97.7308183,30.2887864],[-97.7309189,30.2887976],[-97.7309101,30.2888566],[-97.7312509,30.2888945],[-97.7312702,30.2887649],[-97.7314746,30.2887877],[-97.7315106,30.2885468]]]}},{"type":"Feature","id":126134747,"properties":{"osmId":126134747,"category":"residential","addr:housenumber":"207","addr:postcode":"78705","addr:street":"East 21st Street","building":"dormitory","ele":"163","loc_name":"BRP","name":"Brackenridge Hall Dormitory","ref":"BHD"},"geometry":{"type":"Polygon","coordinates":[[[-97.7363021,30.283147],[-97.7362463,30.2831428],[-97.7362036,30.2831396],[-97.7361946,30.2832284],[-97.7360159,30.283215],[-97.7360177,30.2831963],[-97.7356303,30.2831672],[-97.7356313,30.2831575],[-97.7356362,30.2831085],[-97.7356412,30.2830597],[-97.7361208,30.2830957],[-97.7361294,30.2830105],[-97.7363144,30.2830244],[-97.7363021,30.283147]]]}},{"type":"Feature","id":126134749,"properties":{"osmId":126134749,"category":"academic","addr:city":"Austin","addr:housenumber":"104","addr:postcode":"78705","addr:state":"TX","addr:street":"West Martin Luther King Jr Boulevard","building":"university","building:levels":"2","name":"Edgar A. Smith Building","ref":"EAS"},"geometry":{"type":"Polygon","coordinates":[[[-97.738378,30.2813999],[-97.7380047,30.2813627],[-97.7379832,30.2813606],[-97.7379889,30.2813425],[-97.7381395,30.2808671],[-97.7381518,30.2808284],[-97.7384274,30.2808951],[-97.738378,30.2813999]]]}},{"type":"Feature","id":126134750,"properties":{"osmId":126134750,"category":"academic","addr:city":"Austin","addr:housenumber":"1912","addr:postcode":"78705","addr:state":"TX","addr:street":"Speedway","building":"university","building:levels":"4","ele":"184","name":"George I. Sanchez Building","ref":"SZB"},"geometry":{"type":"Polygon","coordinates":[[[-97.7390623,30.2811002],[-97.7390281,30.2810976],[-97.7389532,30.2811526],[-97.7385242,30.2811204],[-97.7385156,30.281206],[-97.738565,30.2812528],[-97.7385631,30.2812884],[-97.7385412,30.2812896],[-97.7385231,30.2812951],[-97.7385096,30.2813091],[-97.7385057,30.2813268],[-97.7385084,30.2813433],[-97.7385202,30.2813588],[-97.7385356,30.2813685],[-97.7385526,30.2813727],[-97.7386581,30.2813789],[-97.7386501,30.2814579],[-97.7385422,30.2814497],[-97.7385276,30.281594],[-97.738517,30.2816995],[-97.7385393,30.2817012],[-97.7385364,30.2817296],[-97.7384905,30.2817262],[-97.7384769,30.2818609],[-97.7386071,30.2818707],[-97.7386032,30.2819093],[-97.7385992,30.2819493],[-97.7384878,30.2820228],[-97.7384644,30.2822545],[-97.7384917,30.2822566],[-97.7385733,30.282202],[-97.739002,30.2822343],[-97.7390112,30.282143],[-97.7389566,30.2821014],[-97.7389607,30.2820598],[-97.7389803,30.2820607],[-97.7389997,30.2820528],[-97.7390127,30.2820397],[-97.7390178,30.2820243],[-97.7390159,30.2820052],[-97.7390068,30.28199],[-97.7389899,30.2819811],[-97.7389691,30.281977],[-97.7388689,30.2819695],[-97.7388766,30.2818931],[-97.7389979,30.2819022],[-97.7390203,30.2816799],[-97.7389904,30.2816776],[-97.7389926,30.2816554],[-97.739023,30.2816576],[-97.7390403,30.2814855],[-97.7389192,30.2814763],[-97.7389271,30.2813982],[-97.7390314,30.2814061],[-97.7390623,30.2811002]]]}},{"type":"Feature","id":126134751,"properties":{"osmId":126134751,"category":"residential","addr:housenumber":"305","addr:postcode":"78705","addr:street":"East 21st Street","building":"dormitory","ele":"160","loc_name":"BRP","name":"Prather Hall Dormitory","ref":"PHD"},"geometry":{"type":"Polygon","coordinates":[[[-97.7349844,30.2826753],[-97.7349025,30.2826692],[-97.7348698,30.2826667],[-97.7348847,30.282519],[-97.7350152,30.2825288],[-97.735059,30.2820934],[-97.7351928,30.2821034],[-97.735142,30.2826067],[-97.7351376,30.2826064],[-97.7349925,30.2825954],[-97.7349844,30.2826753]]]}},{"type":"Feature","id":126134752,"properties":{"osmId":126134752,"category":"residential","addr:housenumber":"303","addr:postcode":"78705","addr:street":"East 21st Street","building":"dormitory","ele":"162","loc_name":"BRP","name":"Roberts Hall Dormitory","ref":"RHD"},"geometry":{"type":"Polygon","coordinates":[[[-97.7354903,30.2831557],[-97.7349287,30.2831135],[-97.7349355,30.2830464],[-97.734831,30.2830386],[-97.7348495,30.2828556],[-97.7349637,30.2828642],[-97.7349514,30.2829862],[-97.7350904,30.2829967],[-97.7351119,30.2829983],[-97.7351097,30.2830194],[-97.735501,30.2830488],[-97.7354961,30.2830973],[-97.7354912,30.2831465],[-97.7354903,30.2831557]]]}},{"type":"Feature","id":126148593,"properties":{"osmId":126148593,"category":"academic","addr:housenumber":"302","addr:postcode":"78705","addr:state":"TX","addr:street":"Inner Campus Drive","building":"university","building:levels":"3","ele":"179","name":"Battle Hall","ref":"BTL","toilets:unisex":"yes","wikidata":"Q4870050"},"geometry":{"type":"Polygon","coordinates":[[[-97.7405124,30.2855501],[-97.7403584,30.2855386],[-97.7403512,30.2856107],[-97.7401484,30.2855956],[-97.740187,30.2852101],[-97.7403884,30.2852252],[-97.7403813,30.2852952],[-97.7405368,30.2853069],[-97.7405124,30.2855501]]]}},{"type":"Feature","id":126148598,"properties":{"osmId":126148598,"category":"academic","addr:housenumber":"100","addr:postcode":"78705","addr:state":"TX","addr:street":"West 21st Street","building":"university","building:levels":"4","name":"Graduate School of Business Building","ref":"GSB"},"geometry":{"type":"Polygon","coordinates":[[[-97.7381105,30.2839876],[-97.7380505,30.2845335],[-97.7381118,30.284538],[-97.7381035,30.2846239],[-97.7385858,30.284271],[-97.7386206,30.283912],[-97.7386379,30.2837338],[-97.7385318,30.2838093],[-97.7382654,30.2839988],[-97.7381105,30.2839876]]]}},{"type":"Feature","id":126149671,"properties":{"osmId":126149671,"category":"academic","addr:housenumber":"201","addr:postcode":"78712","addr:street":"East 24th Street","building":"university","building:levels":"5","loc_name":"POB","name":"O’Donnell Building for Applied Computational Engineering and Sciences","ref":"POB"},"geometry":{"type":"Polygon","coordinates":[[[-97.7368361,30.2871267],[-97.7366168,30.2871098],[-97.7366138,30.2871392],[-97.7365386,30.2871335],[-97.7364591,30.2871274],[-97.7364621,30.2870981],[-97.7362445,30.2870815],[-97.7362684,30.2868494],[-97.7362928,30.286612],[-97.7365498,30.2866317],[-97.7365561,30.2865704],[-97.7365621,30.2865115],[-97.7366319,30.2865168],[-97.7367019,30.2865222],[-97.7366951,30.2865885],[-97.7366897,30.2866407],[-97.7368845,30.2866556],[-97.7368594,30.2869001],[-97.7368361,30.2871267]]]}},{"type":"Feature","id":126149672,"properties":{"osmId":126149672,"category":"academic","addr:housenumber":"2110","addr:postcode":"78712","addr:street":"San Jacinto Boulevard","building":"university","ele":"157","name":"Etter-Harbin Alumni Center","ref":"UTX"},"geometry":{"type":"Polygon","coordinates":[[[-97.7348057,30.284288],[-97.7347826,30.2845177],[-97.7345251,30.2844984],[-97.7345041,30.2847088],[-97.7345026,30.2847234],[-97.7344355,30.2847184],[-97.7344306,30.2847673],[-97.7343864,30.284764],[-97.7343783,30.2848444],[-97.7342656,30.284836],[-97.734274,30.2847525],[-97.7342072,30.2847475],[-97.7342112,30.2847074],[-97.7341689,30.2847042],[-97.7341715,30.2846781],[-97.7341449,30.2846761],[-97.7341557,30.2845683],[-97.734184,30.2845704],[-97.7341877,30.2845338],[-97.7342029,30.2845349],[-97.7342106,30.284458],[-97.7342156,30.2844081],[-97.7341563,30.2844036],[-97.7341674,30.2842929],[-97.7342277,30.2842974],[-97.7342586,30.2839882],[-97.7343193,30.2839928],[-97.7343273,30.2839122],[-97.7344017,30.2839178],[-97.7344109,30.2838261],[-97.7345528,30.2838367],[-97.7345423,30.2839418],[-97.7345958,30.2839458],[-97.7345907,30.2839967],[-97.7346693,30.2840025],[-97.7346466,30.2842286],[-97.7346539,30.2842292],[-97.7346492,30.2842763],[-97.7348057,30.284288]]]}},{"type":"Feature","id":126149673,"properties":{"osmId":126149673,"category":"academic","addr:housenumber":"300","addr:postcode":"78712","addr:street":"East 23rd Street","building":"university","ele":"160","name":"F Loren Winship Drama Building","ref":"WIN"},"geometry":{"type":"Polygon","coordinates":[[[-97.7348954,30.2861269],[-97.7342142,30.286076],[-97.7342095,30.2861233],[-97.7342014,30.2862038],[-97.734035,30.2861914],[-97.7340927,30.2856161],[-97.7342155,30.2856252],[-97.734218,30.2856006],[-97.7342417,30.2856024],[-97.7345942,30.2856287],[-97.7345984,30.285629],[-97.7345954,30.2856591],[-97.7349397,30.2856848],[-97.7348954,30.2861269]]]}},{"type":"Feature","id":126149674,"properties":{"osmId":126149674,"category":"academic","addr:housenumber":"301","addr:postcode":"78712","addr:street":"East 24th Street","building":"university","building:levels":"6","name":"Hal C. Weaver Power Plant","power":"generator","ref":"PPL"},"geometry":{"type":"Polygon","coordinates":[[[-97.7352867,30.2869688],[-97.7351564,30.286959],[-97.7351504,30.2870187],[-97.7350577,30.2870118],[-97.7350629,30.2869598],[-97.7349934,30.2869546],[-97.7350814,30.2860758],[-97.7353138,30.2860931],[-97.7353038,30.2861931],[-97.7355307,30.28621],[-97.7355154,30.2863626],[-97.7354376,30.2863567],[-97.7354223,30.2865095],[-97.7353333,30.2865028],[-97.7352867,30.2869688]]]}},{"type":"Feature","id":126149675,"properties":{"osmId":126149675,"category":"academic","addr:housenumber":"325","addr:postcode":"78712","addr:street":"East 24th Street","building":"university","building:levels":"1","name":"Hal C. Weaver Power Plant Annex","power":"generator","ref":"PPA"},"geometry":{"type":"Polygon","coordinates":[[[-97.7345979,30.2869656],[-97.7341916,30.2869352],[-97.7342065,30.286786],[-97.7346129,30.2868164],[-97.7345979,30.2869656]]]}},{"type":"Feature","id":126149676,"properties":{"osmId":126149676,"category":"academic","addr:housenumber":"215","addr:postcode":"78712","addr:street":"East 24th Street","building":"university","building:levels":"5","name":"Hal C. Weaver Power Plant Expansion","power":"generator","ref":"PPE"},"geometry":{"type":"Polygon","coordinates":[[[-97.7361751,30.2871364],[-97.7355403,30.28709],[-97.7355497,30.2869941],[-97.7355859,30.2869968],[-97.7356228,30.2866203],[-97.7361951,30.2866621],[-97.7361581,30.2870401],[-97.7361843,30.2870421],[-97.7361794,30.2870921],[-97.7361751,30.2871364]]]}},{"type":"Feature","id":126149677,"properties":{"osmId":126149677,"category":"academic","addr:housenumber":"2305","addr:postcode":"78712","addr:street":"Speedway","building":"university","building:levels":"7","name":"Jackson Geological Sciences Building","ref":"JGB"},"geometry":{"type":"Polygon","coordinates":[[[-97.7360345,30.2859448],[-97.736009,30.2859429],[-97.7359931,30.2861018],[-97.735788,30.2860865],[-97.7357576,30.2860842],[-97.7357523,30.2861375],[-97.7356778,30.286132],[-97.7356759,30.2861514],[-97.7356051,30.2861462],[-97.7356072,30.2861252],[-97.7355388,30.2861201],[-97.7355612,30.2858968],[-97.7351345,30.2858649],[-97.7351528,30.2856828],[-97.7356032,30.2857165],[-97.7356148,30.2856005],[-97.7358253,30.2856163],[-97.7358276,30.2855928],[-97.7360679,30.2856107],[-97.7360345,30.2859448]]]}},{"type":"Feature","id":126149678,"properties":{"osmId":126149678,"category":"academic","addr:housenumber":"303","addr:postcode":"78705","addr:street":"East 24th Street","building":"university","name":"Laboratory Theatre Building","ref":"LTH"},"geometry":{"type":"Polygon","coordinates":[[[-97.7350802,30.2860036],[-97.7353579,30.2860244],[-97.7353704,30.2858996],[-97.7350927,30.2858788],[-97.7350802,30.2860036]]]}},{"type":"Feature","id":126149679,"properties":{"osmId":126149679,"category":"residential","addr:housenumber":"214","addr:postcode":"78712","addr:street":"East 21st Street","building":"dormitory","ele":"164","name":"Moore-Hill Dormitory","ref":"MHD"},"geometry":{"type":"Polygon","coordinates":[[[-97.7359645,30.2836208],[-97.7356816,30.2835997],[-97.7356819,30.283597],[-97.7356874,30.2835424],[-97.7355823,30.2835345],[-97.7355788,30.28357],[-97.7354598,30.2835611],[-97.7354541,30.2836182],[-97.7354319,30.2838396],[-97.7354452,30.2838406],[-97.7354325,30.2839676],[-97.7350091,30.283936],[-97.7350195,30.2838318],[-97.7352956,30.2838525],[-97.7352978,30.2838305],[-97.7353014,30.2838308],[-97.7353296,30.2835486],[-97.7350146,30.2835251],[-97.7350045,30.2836258],[-97.734875,30.2836161],[-97.7348964,30.2834024],[-97.7350182,30.2834115],[-97.7350191,30.2834028],[-97.7356955,30.2834534],[-97.7356964,30.283444],[-97.7359062,30.2834597],[-97.7359052,30.2834698],[-97.7359723,30.2834748],[-97.7359646,30.2835515],[-97.7359713,30.283552],[-97.7359645,30.2836208]]]}},{"type":"Feature","id":126149680,"properties":{"osmId":126149680,"category":"academic","addr:housenumber":"2201","addr:postcode":"78712","addr:street":"Speedway","building":"university","building:levels":"7","name":"William C. Powers, Jr. Student Activity Center","ref":"WCP"},"geometry":{"type":"Polygon","coordinates":[[[-97.7370496,30.2850039],[-97.7364725,30.2849608],[-97.7364816,30.2848699],[-97.7363097,30.2848571],[-97.7361703,30.285235],[-97.7361056,30.2852302],[-97.7361008,30.285278],[-97.7358376,30.2852583],[-97.7358691,30.2846432],[-97.735876,30.2845251],[-97.7362512,30.2845512],[-97.7362331,30.2847252],[-97.7362993,30.284731],[-97.7363251,30.2846825],[-97.7365047,30.2847532],[-97.7370705,30.2847955],[-97.7370496,30.2850039]]]}},{"type":"Feature","id":126569514,"properties":{"osmId":126569514,"category":"academic","addr:housenumber":"217","addr:postcode":"78712","addr:street":"East 24th Street","building":"university","building:levels":"5","name":"Chilling Station No. 6","ref":"CS6"},"geometry":{"type":"Polygon","coordinates":[[[-97.7359123,30.2862213],[-97.7356621,30.2862006],[-97.7356273,30.2865837],[-97.7358729,30.2866021],[-97.7359123,30.2862213]]]}},{"type":"Feature","id":126569520,"properties":{"osmId":126569520,"category":"academic","addr:city":"Austin","addr:housenumber":"300","addr:postcode":"78712","addr:state":"TX","addr:street":"West Dean Keeton Street","building":"university","building:levels":"8","name":"Belo Center for New Media","ref":"BMC"},"geometry":{"type":"Polygon","coordinates":[[[-97.7411275,30.290397],[-97.7403646,30.2903499],[-97.7403802,30.2901617],[-97.740461,30.2901667],[-97.7404677,30.2900862],[-97.7408629,30.2901106],[-97.7408882,30.2901122],[-97.7409107,30.2901136],[-97.7409248,30.2899444],[-97.7411638,30.2899591],[-97.7411275,30.290397]]]}},{"type":"Feature","id":126569521,"properties":{"osmId":126569521,"category":"academic","addr:city":"Austin","addr:housenumber":"2317","addr:postcode":"78705","addr:street":"Speedway","building":"university","building:levels":"6","name":"Bill and Melinda Gates Computer Science Complex","ref":"GDC","website":"https://utdirect.utexas.edu/apps/campus/buildings/information/nlogon/maps/utm/gdc/","wikidata":"Q63860110","wikipedia":"en:Gates-Dell Complex"},"geometry":{"type":"Polygon","coordinates":[[[-97.7368777,30.2865355],[-97.7367912,30.286529],[-97.7367019,30.2865222],[-97.7366319,30.2865168],[-97.7365621,30.2865115],[-97.736306,30.2864926],[-97.735955,30.2864667],[-97.7359771,30.2862471],[-97.7362281,30.2862664],[-97.7364694,30.286285],[-97.7364723,30.286247],[-97.7364767,30.2862017],[-97.7364788,30.2861822],[-97.7362963,30.2861678],[-97.7363188,30.2859563],[-97.7366457,30.2859821],[-97.7368425,30.2859976],[-97.7369373,30.2860051],[-97.7369156,30.2862102],[-97.7366902,30.2861924],[-97.7366828,30.2862556],[-97.7366769,30.2863057],[-97.7369023,30.2863242],[-97.7368777,30.2865355]]]}},{"type":"Feature","id":126858803,"properties":{"osmId":126858803,"category":"residential","addr:state":"TX","building":"dormitory","name":"Whitis Court Residence Hall","ref":"LLB"},"geometry":{"type":"Polygon","coordinates":[[[-97.7405551,30.2910465],[-97.740584,30.2906908],[-97.7404378,30.2906807],[-97.7404089,30.2910364],[-97.7405551,30.2910465]]]}},{"type":"Feature","id":126858804,"properties":{"osmId":126858804,"category":"residential","addr:state":"TX","building":"dormitory","name":"Whitis Court Residence Hall","ref":"LLA"},"geometry":{"type":"Polygon","coordinates":[[[-97.740584,30.2906908],[-97.7407049,30.2906992],[-97.7407166,30.2905727],[-97.7403301,30.290546],[-97.7403184,30.2906725],[-97.7404378,30.2906807],[-97.740584,30.2906908]]]}},{"type":"Feature","id":126858805,"properties":{"osmId":126858805,"category":"residential","addr:state":"TX","building":"dormitory","name":"Whitis Court Residence Hall","ref":"LLC"},"geometry":{"type":"Polygon","coordinates":[[[-97.7404089,30.2910364],[-97.7402906,30.2910283],[-97.7402779,30.2911648],[-97.7406626,30.2911914],[-97.7406753,30.2910548],[-97.7405551,30.2910465],[-97.7404089,30.2910364]]]}},{"type":"Feature","id":129347230,"properties":{"osmId":129347230,"category":"academic","addr:housenumber":"205","addr:postcode":"78705","addr:street":"East 21st Street","building":"university","building:levels":"4","name":"Longhorn Dining Facility","ref":"LDH"},"geometry":{"type":"Polygon","coordinates":[[[-97.7362447,30.2825563],[-97.7362349,30.2826529],[-97.7362856,30.2826567],[-97.7362758,30.2827546],[-97.7359253,30.2827282],[-97.7359321,30.2826603],[-97.7356909,30.2826422],[-97.7356588,30.2826398],[-97.7356715,30.2825133],[-97.7357401,30.2825184],[-97.7359651,30.2825353],[-97.7362447,30.2825563]]]}},{"type":"Feature","id":129435969,"properties":{"osmId":129435969,"category":"academic","addr:housenumber":"124","addr:postcode":"78705","addr:street":"Inner Campus Drive","building":"university","building:levels":"1","name":"Computation Center","ref":"COM"},"geometry":{"type":"Polygon","coordinates":[[[-97.7383627,30.285869],[-97.7386486,30.2858912],[-97.7386991,30.2854048],[-97.7384128,30.2853826],[-97.7383973,30.2855324],[-97.738472,30.2855381],[-97.738453,30.2857278],[-97.7383779,30.2857222],[-97.7383762,30.2857395],[-97.7383627,30.285869]]]}},{"type":"Feature","id":130096286,"properties":{"osmId":130096286,"category":"residential","addr:housenumber":"2401","addr:postcode":"78705","addr:state":"TX","addr:street":"Whitis Avenue","building":"dormitory","ele":"183","loc_name":"Honors Quad","name":"Andrews Dormitory","ref":"AND"},"geometry":{"type":"Polygon","coordinates":[[[-97.7396873,30.2882297],[-97.7400718,30.2882561],[-97.7400588,30.2883963],[-97.7400893,30.2883984],[-97.7401026,30.2882582],[-97.7401374,30.2882606],[-97.7401553,30.2880669],[-97.7400471,30.2880594],[-97.7400411,30.2881243],[-97.7395602,30.2880913],[-97.7395588,30.2881068],[-97.7395483,30.2882201],[-97.7396873,30.2882297]]]}},{"type":"Feature","id":150732420,"properties":{"osmId":150732420,"category":"academic","addr:housenumber":"204","addr:postcode":"78705","addr:state":"TX","addr:street":"West 21st Street","building":"university","ele":"176","loc_name":"Six Pack","name":"Calhoun Hall","ref":"CAL","wikidata":"Q14710373"},"geometry":{"type":"Polygon","coordinates":[[[-97.740393,30.2844235],[-97.7404661,30.2844287],[-97.7404508,30.2845909],[-97.7403632,30.2845847],[-97.7403507,30.2847164],[-97.74034,30.2848293],[-97.7401686,30.2848171],[-97.7401919,30.2845705],[-97.7400137,30.2845579],[-97.7398921,30.2845493],[-97.7399079,30.284383],[-97.7401687,30.2844014],[-97.7401925,30.28415],[-97.7404173,30.2841664],[-97.740393,30.2844235]]]}},{"type":"Feature","id":150732421,"properties":{"osmId":150732421,"category":"academic","addr:housenumber":"154","addr:postcode":"78705","addr:state":"TX","addr:street":"West 21st Street","building":"university","ele":"174","loc_name":"Six Pack","name":"Mezes Hall","ref":"MEZ"},"geometry":{"type":"Polygon","coordinates":[[[-97.7387378,30.2842788],[-97.7387618,30.284032],[-97.7389378,30.2840444],[-97.7389138,30.2842915],[-97.7392195,30.2843136],[-97.7392025,30.2844886],[-97.738936,30.2844693],[-97.7389121,30.2847155],[-97.7386971,30.2847006],[-97.7387023,30.2846475],[-97.7387211,30.2844538],[-97.7387086,30.2844529],[-97.7387168,30.2843682],[-97.7387256,30.2842779],[-97.7387378,30.2842788]]]}},{"type":"Feature","id":150732422,"properties":{"osmId":150732422,"category":"academic","addr:housenumber":"208","addr:postcode":"78705","addr:state":"TX","addr:street":"West 21st Street","building":"university","ele":"177","loc_name":"Six Pack","name":"Parlin Hall","ref":"PAR"},"geometry":{"type":"Polygon","coordinates":[[[-97.7398452,30.2849735],[-97.7398544,30.2848797],[-97.7398627,30.2847949],[-97.7401686,30.2848171],[-97.74034,30.2848293],[-97.740366,30.2848311],[-97.7403485,30.2850101],[-97.7398452,30.2849735]]]}},{"type":"Feature","id":150732423,"properties":{"osmId":150732423,"category":"academic","addr:housenumber":"158","addr:postcode":"78705","addr:state":"TX","addr:street":"West 21st Street","building":"university","ele":"178","loc_name":"Six Pack","name":"Batts Hall","ref":"BAT","wikidata":"Q4873282"},"geometry":{"type":"Polygon","coordinates":[[[-97.7386971,30.2847006],[-97.7386817,30.2846995],[-97.7386647,30.2848748],[-97.7391606,30.2849107],[-97.7391777,30.2847347],[-97.7389121,30.2847155],[-97.7386971,30.2847006]]]}},{"type":"Feature","id":150732424,"properties":{"osmId":150732424,"category":"academic","addr:housenumber":"150","addr:postcode":"78705","addr:state":"TX","addr:street":"West 21st Street","building":"university","ele":"172","loc_name":"Six Pack","name":"Benedict Hall","ref":"BEN","wikidata":"Q4887273"},"geometry":{"type":"Polygon","coordinates":[[[-97.7392445,30.2840666],[-97.7389378,30.2840444],[-97.7387618,30.284032],[-97.738752,30.2840313],[-97.7387692,30.283854],[-97.7390156,30.2838719],[-97.7391343,30.2838805],[-97.7392617,30.2838897],[-97.7392445,30.2840666]]]}},{"type":"Feature","id":150732425,"properties":{"osmId":150732425,"category":"academic","addr:housenumber":"200","addr:postcode":"78705","addr:state":"TX","addr:street":"West 21st Street","building":"university","ele":"174","loc_name":"Six Pack","name":"Homer Rainey Hall","ref":"HRH"},"geometry":{"type":"Polygon","coordinates":[[[-97.7404533,30.2839976],[-97.7404358,30.2841678],[-97.7404173,30.2841664],[-97.7401925,30.28415],[-97.7399337,30.2841301],[-97.7399513,30.2839591],[-97.7404533,30.2839976]]]}},{"type":"Feature","id":172047169,"properties":{"osmId":172047169,"category":"academic","addr:housenumber":"2506","addr:postcode":"78712","addr:street":"Speedway","building":"university","name":"Neural Molecular Science Building","ref":"NMS"},"geometry":{"type":"Polygon","coordinates":[[[-97.7381059,30.2893652],[-97.7378838,30.2893486],[-97.7378811,30.2893835],[-97.7373254,30.2893414],[-97.737329,30.2893097],[-97.7369895,30.2892864],[-97.7369978,30.2891389],[-97.7373465,30.2891602],[-97.7373516,30.2891159],[-97.73736,30.2890185],[-97.7373774,30.2890197],[-97.7374406,30.2890252],[-97.7378148,30.2890491],[-97.737907,30.2890551],[-97.7379053,30.289082],[-97.7381029,30.2890962],[-97.7380964,30.2891521],[-97.7380914,30.2891946],[-97.7381198,30.2891976],[-97.7381068,30.2893559],[-97.7381059,30.2893652]]]}},{"type":"Feature","id":172047174,"properties":{"osmId":172047174,"category":"academic","addr:housenumber":"107","addr:postcode":"78712","addr:street":"West Dean Keeton Street","building":"university","layer":"1","name":"Biomedical Engineering Building","ref":"BME","toilets:unisex":"yes"},"geometry":{"type":"Polygon","coordinates":[[[-97.7388964,30.2891019],[-97.7388667,30.289426],[-97.7381346,30.2893761],[-97.7381362,30.2893584],[-97.7381261,30.2893575],[-97.7381068,30.2893559],[-97.7381198,30.2891976],[-97.7380914,30.2891946],[-97.7380964,30.2891521],[-97.7381378,30.2891562],[-97.7381545,30.2891578],[-97.7381569,30.289132],[-97.7386246,30.2891644],[-97.7386343,30.2890569],[-97.7386438,30.2889523],[-97.7386568,30.2888121],[-97.7389213,30.2888296],[-97.7388964,30.2891019]]]}},{"type":"Feature","id":172047175,"properties":{"osmId":172047175,"category":"academic","addr:city":"Austin","addr:housenumber":"300","addr:postcode":"78705","addr:state":"TX","addr:street":"West 21st Street","building":"university","building:levels":"3","height":"32","name":"Harry Ransom Center","ref":"HRC","source":"City of Austin","tourism":"museum","wikidata":"Q5671855","wikipedia":"en:Harry Ransom Center"},"geometry":{"type":"Polygon","coordinates":[[[-97.7415026,30.2846426],[-97.7409305,30.2846006],[-97.7408997,30.2845983],[-97.7409047,30.2845475],[-97.7409309,30.2842813],[-97.7409559,30.2840274],[-97.7415588,30.2840717],[-97.7415026,30.2846426]]]}},{"type":"Feature","id":172047490,"properties":{"osmId":172047490,"category":"academic","addr:housenumber":"105","addr:postcode":"78705","addr:state":"TX","addr:street":"East 21st Street","building":"university","building:levels":"3","name":"University Teaching Center","ref":"UTC","roof:shape":"flat","wikidata":"Q7894955"},"geometry":{"type":"Polygon","coordinates":[[[-97.7387884,30.2825984],[-97.7387606,30.2826192],[-97.7387508,30.2827161],[-97.7386752,30.2827104],[-97.7386467,30.2829863],[-97.7386385,30.2830745],[-97.7386218,30.2830732],[-97.7386149,30.2831416],[-97.7384657,30.283256],[-97.7384702,30.2833788],[-97.7385063,30.2834219],[-97.7385501,30.2834252],[-97.7389791,30.2834574],[-97.7390492,30.2827615],[-97.7389372,30.2827531],[-97.7387884,30.2825984]]]}},{"type":"Feature","id":172204434,"properties":{"osmId":172204434,"category":"academic","addr:housenumber":"510","addr:postcode":"78712","addr:state":"TX","addr:street":"East 23rd Street","amenity":"theatre","building":"university","name":"College of Fine Arts Performing Arts Center","ref":"PAC","wheelchair":"yes"},"geometry":{"type":"Polygon","coordinates":[[[-97.731574,30.2865698],[-97.7314687,30.2865621],[-97.7315289,30.2859554],[-97.73153,30.2859425],[-97.7315421,30.2858194],[-97.731543,30.2858106],[-97.7314921,30.285807],[-97.7314939,30.2857884],[-97.7310814,30.2857584],[-97.7310791,30.2857817],[-97.7310289,30.2857781],[-97.7310153,30.2859181],[-97.7309583,30.2865175],[-97.73051,30.2864845],[-97.7304825,30.2867633],[-97.7308813,30.2867926],[-97.7309905,30.2868007],[-97.7314388,30.2868337],[-97.7314495,30.2867263],[-97.7315578,30.2867343],[-97.731574,30.2865698]]]}},{"type":"Feature","id":172662518,"properties":{"osmId":172662518,"category":"academic","addr:state":"TX","building":"university","ele":"180","name":"Sid Richardson Hall","ref":"SRH"},"geometry":{"type":"Polygon","coordinates":[[[-97.7286862,30.2861194],[-97.7289293,30.2853274],[-97.7289359,30.2853057],[-97.7291102,30.2847377],[-97.7290521,30.2847244],[-97.7290985,30.2845734],[-97.7291414,30.2845832],[-97.7292137,30.2843472],[-97.729254,30.2842158],[-97.7293864,30.2837836],[-97.729105,30.2837193],[-97.728859,30.284522],[-97.7289234,30.2845367],[-97.7288791,30.2846813],[-97.7288137,30.2846663],[-97.7283426,30.2862017],[-97.7286401,30.2862698],[-97.7286862,30.2861194]]]}},{"type":"Feature","id":172662523,"properties":{"osmId":172662523,"category":"library","addr:housenumber":"2313","addr:postcode":"78712","addr:street":"Red River Street","amenity":"library","building":"yes","building:levels":"10","name":"Lyndon Baines Johnson Presidential Library and Museum","name:en":"Lyndon Baines Johnson Library and Museum","ref":"LBJ","tourism":"museum","wikidata":"Q1853779","wikimedia_commons":"File:LBJ Library March 2024 27.jpg"},"geometry":{"type":"Polygon","coordinates":[[[-97.7291812,30.2855948],[-97.7290246,30.2861125],[-97.7293892,30.2861947],[-97.7295457,30.2856771],[-97.7291812,30.2855948]]]}},{"type":"Feature","id":187012940,"properties":{"osmId":187012940,"category":"athletic","building":"stadium"},"geometry":{"type":"Polygon","coordinates":[[[-97.7295954,30.2833949],[-97.7294935,30.283344],[-97.7294775,30.283363],[-97.7293781,30.2833162],[-97.7292522,30.2831406],[-97.7291315,30.2831406],[-97.7291314,30.2832235],[-97.729043,30.2832032],[-97.7290294,30.2828275],[-97.7290695,30.2826442],[-97.7291015,30.2824977],[-97.7291287,30.2823735],[-97.7292494,30.2820585],[-97.7292602,30.2820374],[-97.7293701,30.2818222],[-97.7295525,30.281586],[-97.7296057,30.2816018],[-97.7296302,30.2816091],[-97.7295847,30.2816693],[-97.7297939,30.2817713],[-97.7297027,30.2819288],[-97.7293728,30.2829803],[-97.7293567,30.2831147],[-97.7294453,30.2832448],[-97.7296356,30.2833324],[-97.7295954,30.2833949]]]}},{"type":"Feature","id":202503020,"properties":{"osmId":202503020,"category":"academic","building":"school"},"geometry":{"type":"Polygon","coordinates":[[[-97.7483628,30.2757943],[-97.748167,30.2757456],[-97.7481831,30.2756819],[-97.7481268,30.2756669],[-97.7481563,30.2755777],[-97.7482153,30.275551],[-97.7483669,30.2755904],[-97.7483534,30.2756391],[-97.7484098,30.2756518],[-97.7483628,30.2757943]]]}},{"type":"Feature","id":202503021,"properties":{"osmId":202503021,"category":"academic","building":"school"},"geometry":{"type":"Polygon","coordinates":[[[-97.7482372,30.2754359],[-97.7481466,30.275413],[-97.7481481,30.2754086],[-97.7478818,30.2753411],[-97.7478714,30.2753716],[-97.7477941,30.275352],[-97.7478242,30.2752633],[-97.7478013,30.2752575],[-97.7478202,30.2752019],[-97.7478435,30.2752078],[-97.7478741,30.2751179],[-97.7479534,30.275138],[-97.747943,30.2751686],[-97.7482076,30.2752356],[-97.7482123,30.2752217],[-97.7482252,30.2752249],[-97.7482349,30.2751963],[-97.7483291,30.2752201],[-97.7483194,30.2752488],[-97.7483021,30.2752444],[-97.7482372,30.2754359]]]}},{"type":"Feature","id":203420154,"properties":{"osmId":203420154,"category":"academic","building":"school","layer":"1","name":"300s Wing","name:en":"300s Wing","short_name":"300s","shortest_name":"300"},"geometry":{"type":"Polygon","coordinates":[[[-97.7215733,30.2778486],[-97.7212612,30.2779036],[-97.7210377,30.2779426],[-97.7210141,30.2778419],[-97.7210112,30.2778294],[-97.7210051,30.2778032],[-97.720984,30.277713],[-97.7210177,30.2777071],[-97.7210307,30.2777048],[-97.7214631,30.2776291],[-97.7214776,30.2776265],[-97.7215092,30.277621],[-97.7215733,30.2778486]]]}},{"type":"Feature","id":203420155,"properties":{"osmId":203420155,"category":"academic","addr:housenumber":"1600","addr:postcode":"78702","addr:street":"Chicon Street","building":"school"},"geometry":{"type":"Polygon","coordinates":[[[-97.7214991,30.2775071],[-97.7214929,30.2775082],[-97.7214494,30.2775158],[-97.7214344,30.2775185],[-97.7210076,30.2775934],[-97.7209988,30.2775949],[-97.7209933,30.2775716],[-97.720982,30.2775732],[-97.720965,30.2775756],[-97.7209616,30.2775615],[-97.7209278,30.2774218],[-97.7209054,30.2773293],[-97.7209496,30.2773229],[-97.7209863,30.2773175],[-97.7209967,30.2773632],[-97.7210132,30.2773604],[-97.7210287,30.2773578],[-97.7210533,30.2774666],[-97.7213979,30.2774084],[-97.7213679,30.2772758],[-97.7213433,30.2772799],[-97.7213373,30.2772536],[-97.7212707,30.2772648],[-97.7212608,30.2772209],[-97.7212313,30.2770906],[-97.7215304,30.2770401],[-97.7215372,30.2770704],[-97.7215421,30.2770921],[-97.7215252,30.2770949],[-97.7215445,30.2771801],[-97.7214969,30.2771882],[-97.7215001,30.2772023],[-97.7215178,30.2771993],[-97.721565,30.2774063],[-97.7215085,30.2774159],[-97.7215167,30.2774516],[-97.7215229,30.2774788],[-97.7214938,30.2774838],[-97.7214991,30.2775071]]]}},{"type":"Feature","id":203943246,"properties":{"osmId":203943246,"category":"academic","addr:housenumber":"3308","addr:postcode":"78705","addr:street":"Hampton Road","building":"school"},"geometry":{"type":"Polygon","coordinates":[[[-97.7273159,30.293696],[-97.7271442,30.2936172],[-97.72745,30.2931077],[-97.7274151,30.2930892],[-97.7274956,30.2929109],[-97.7275224,30.2929201],[-97.7275439,30.2929062],[-97.7276404,30.2929595],[-97.7276029,30.2930151],[-97.7276539,30.2930568],[-97.7276136,30.2931402],[-97.7276378,30.2931587],[-97.727509,30.2933926],[-97.7276539,30.2934505],[-97.7277021,30.2933949],[-97.7278792,30.2934667],[-97.7277826,30.2936358],[-97.7277236,30.2936242],[-97.7276726,30.2937261],[-97.7275948,30.2936914],[-97.7275841,30.2937168],[-97.7274339,30.2936404],[-97.7274849,30.2935431],[-97.7274339,30.2935084],[-97.7273159,30.293696]]]}},{"type":"Feature","id":203943249,"properties":{"osmId":203943249,"category":"academic","building":"school"},"geometry":{"type":"Polygon","coordinates":[[[-97.7275251,30.2939623],[-97.7272408,30.2938326],[-97.7273186,30.2937076],[-97.7276109,30.2938164],[-97.7275251,30.2939623]]]}},{"type":"Feature","id":206424537,"properties":{"osmId":206424537,"category":"religious","addr:city":"Austin","addr:housenumber":"2010","addr:postcode":"78705","addr:state":"TX","addr:street":"University Avenue","amenity":"place_of_worship","building":"church","check_date":"2024-08-16","denomination":"roman_catholic","diocese":"Austin","name":"University Catholic Center","phone":"+1 512-476-7351","religion":"christian","website":"https://www.utcatholic.org/"},"geometry":{"type":"Polygon","coordinates":[[[-97.7402404,30.2835937],[-97.7398406,30.2835633],[-97.7398788,30.2831874],[-97.7402787,30.2832177],[-97.7402404,30.2835937]]]}},{"type":"Feature","id":236328172,"properties":{"osmId":236328172,"category":"academic","addr:city":"Austin","addr:housenumber":"1200","addr:postcode":"78701","addr:state":"TX","addr:street":"Rio Grande Street","building":"college","building:levels":"4","name":"Rio Grande Campus 1000 Building","wheelchair":"yes"},"geometry":{"type":"Polygon","coordinates":[[[-97.7481488,30.276334],[-97.7480264,30.2763009],[-97.7479779,30.2762877],[-97.7479739,30.2762866],[-97.7477739,30.2762323],[-97.747628,30.2761926],[-97.7476065,30.2761865],[-97.7474889,30.2761554],[-97.7474617,30.2762254],[-97.7474822,30.2762322],[-97.7474893,30.2762345],[-97.747438,30.2763725],[-97.7474286,30.2763701],[-97.7473994,30.2764474],[-97.747364,30.276538],[-97.74738,30.276543],[-97.7473359,30.2766581],[-97.7473016,30.2766493],[-97.7472697,30.2767345],[-97.7473855,30.276766],[-97.7474078,30.2767723],[-97.7474286,30.2767782],[-97.7478101,30.2768806],[-97.7479372,30.2769147],[-97.7479657,30.2768359],[-97.7479294,30.2768261],[-97.7480055,30.276616],[-97.7480057,30.2766152],[-97.7480882,30.2763875],[-97.7481258,30.2763977],[-97.7481366,30.2763678],[-97.7481488,30.276334]]]}},{"type":"Feature","id":236328173,"properties":{"osmId":236328173,"category":"academic","addr:housenumber":"1216","addr:postcode":"78701","addr:street":"Rio Grande Street","building":"college","building:levels":"2","name":"Rio Grande Campus Annex","wheelchair":"limited"},"geometry":{"type":"Polygon","coordinates":[[[-97.747773,30.2772758],[-97.7471867,30.2771106],[-97.7472412,30.2769492],[-97.7473088,30.2769687],[-97.7473312,30.276975],[-97.7473518,30.2769808],[-97.7478385,30.2771162],[-97.747773,30.2772758]]]}},{"type":"Feature","id":236594055,"properties":{"osmId":236594055,"category":"religious","addr:city":"Austin","addr:housenumber":"1600","addr:postcode":"78701","addr:street":"Congress Avenue","amenity":"place_of_worship","building":"church","denomination":"catholic","ele":"170","gnis:feature_id":"2032258","name":"Diocese of Austin Chancery","religion":"christian"},"geometry":{"type":"Polygon","coordinates":[[[-97.7394681,30.2783652],[-97.7393302,30.2783269],[-97.7393664,30.2782306],[-97.7393548,30.2782274],[-97.7393518,30.2782188],[-97.7393505,30.2782102],[-97.7393503,30.2782013],[-97.7393525,30.2781913],[-97.7393564,30.2781842],[-97.7393625,30.2781769],[-97.7393698,30.2781706],[-97.7393782,30.278165],[-97.7393907,30.2781685],[-97.7394283,30.2780685],[-97.7394921,30.2780864],[-97.739567,30.2781066],[-97.7394681,30.2783652]]]}},{"type":"Feature","id":236594058,"properties":{"osmId":236594058,"category":"religious","addr:city":"Austin","addr:housenumber":"1510","addr:postcode":"78701","addr:state":"TX","addr:street":"Congress Avenue","architect":"August Swenson","building":"church","name":"Gethsemane Church","wikidata":"Q5554462","wikipedia":"en:Gethsemane Lutheran Church"},"geometry":{"type":"Polygon","coordinates":[[[-97.7396013,30.2778857],[-97.7396115,30.2778582],[-97.7396317,30.2778514],[-97.7396368,30.277835],[-97.7396265,30.2778193],[-97.7396368,30.2777918],[-97.7394591,30.2777423],[-97.7394487,30.2777701],[-97.7394139,30.2777608],[-97.7394069,30.2777802],[-97.7393999,30.2777997],[-97.7394339,30.2778088],[-97.7394236,30.2778362],[-97.7396013,30.2778857]]]}},{"type":"Feature","id":313918505,"properties":{"osmId":313918505,"category":"other","access":"private","amenity":"parking","building":"yes","building:levels":"7","name":"Austin Community College Parking","operator":"Austin Community College","parking":"multi-storey","supervised":"yes"},"geometry":{"type":"Polygon","coordinates":[[[-97.7497039,30.2764979],[-97.7496811,30.2765167],[-97.7494616,30.2764572],[-97.7492422,30.2763976],[-97.7491185,30.2763641],[-97.7490223,30.2766533],[-97.7490574,30.2766645],[-97.7490478,30.2766902],[-97.7497418,30.2768897],[-97.7497492,30.276861],[-97.7497918,30.2768737],[-97.7498102,30.2768193],[-97.7498399,30.2767316],[-97.7498162,30.2766299],[-97.7498338,30.2766155],[-97.7497689,30.2765567],[-97.7497039,30.2764979]]]}},{"type":"Feature","id":328649868,"properties":{"osmId":328649868,"category":"religious","addr:city":"Austin","addr:housenumber":"408","addr:postcode":"78701","addr:state":"TX","addr:street":"East 11th Street","amenity":"place_of_worship","building":"yes","check_date":"2024-05-12","denomination":"orthodox","email":"office@sainteliaschurch.org","name":"Saint Elias Antiochan Orthodox Church - Downtown Campus","phone":"+1-512-476-2314","religion":"christian","source:geometry":"Bing","website":"https://www.sainteliaschurch.org/"},"geometry":{"type":"Polygon","coordinates":[[[-97.7367685,30.2717279],[-97.736637,30.2720799],[-97.7365208,30.2720476],[-97.7366263,30.271765],[-97.7365575,30.2717458],[-97.7365703,30.2717113],[-97.7366256,30.2717267],[-97.7366409,30.2716856],[-97.7366622,30.2716915],[-97.7366782,30.271696],[-97.7366759,30.2717021],[-97.7367685,30.2717279]]]}},{"type":"Feature","id":343256275,"properties":{"osmId":343256275,"category":"residential","addr:city":"Austin","addr:housenumber":"2400","addr:postcode":"78705","addr:state":"TX","addr:street":"Nueces Street","building":"apartments","building:levels":"16","name":"2400 Nueces","operator":"The University of Texas as Austin","ref":"N24"},"geometry":{"type":"Polygon","coordinates":[[[-97.7437492,30.2879797],[-97.7432616,30.2879402],[-97.7432518,30.2880299],[-97.7432033,30.288026],[-97.7431161,30.2888269],[-97.7436967,30.288874],[-97.7437836,30.2880751],[-97.7437393,30.2880715],[-97.7437492,30.2879797]]]}},{"type":"Feature","id":366244292,"properties":{"osmId":366244292,"category":"religious","addr:city":"Austin","addr:housenumber":"2130","addr:postcode":"78705","addr:state":"TX","addr:street":"Guadalupe Street","building":"church","import":"yes","source":"City of Austin"},"geometry":{"type":"Polygon","coordinates":[[[-97.7423141,30.2849394],[-97.7421184,30.2849242],[-97.7421225,30.2848846],[-97.742019,30.2848766],[-97.7420365,30.284708],[-97.74214,30.284716],[-97.7421433,30.2846845],[-97.7422857,30.2846955],[-97.7422961,30.2845954],[-97.7422808,30.2845943],[-97.7422893,30.2845125],[-97.742427,30.2845232],[-97.7423874,30.2849051],[-97.7423182,30.2848997],[-97.7423141,30.2849394]]]}},{"type":"Feature","id":366244309,"properties":{"osmId":366244309,"category":"religious","addr:city":"Austin","addr:housenumber":"2200","addr:postcode":"78705","addr:state":"TX","addr:street":"Guadalupe Street","amenity":"place_of_worship","building":"yes","check_date":"2025-03-07","import":"yes","name":"Church of Scientology Texas","religion":"scientologist","source":"City of Austin"},"geometry":{"type":"Polygon","coordinates":[[[-97.7423725,30.2851164],[-97.7423411,30.2854179],[-97.7423161,30.2854159],[-97.7423139,30.2854369],[-97.7419818,30.2854111],[-97.7420153,30.2850887],[-97.7423725,30.2851164]]]}},{"type":"Feature","id":368003369,"properties":{"osmId":368003369,"category":"academic","addr:housenumber":"1218","addr:postcode":"78701","addr:street":"West Avenue","building":"college","building:levels":"4","name":"Rio Grande Campus 3000 Building","wheelchair":"yes"},"geometry":{"type":"Polygon","coordinates":[[[-97.7488404,30.277295],[-97.7487503,30.2775445],[-97.7482501,30.2773996],[-97.748334,30.2771528],[-97.7488404,30.277295]]]}},{"type":"Feature","id":379165900,"properties":{"osmId":379165900,"category":"religious","addr:city":"Austin","addr:housenumber":"1110","addr:postcode":"78701","addr:state":"TX","addr:street":"Guadalupe Street","amenity":"place_of_worship","building":"church","check_date":"2024-09-09","coa:place_id":"165758","denomination":"protestant","gnis:feature_id":"2032281","height":"20","name":"Central Christian Church","phone":"+1-512-476-6941","religion":"christian","website":"https://www.cccaustin.org/","wikidata":"Q303648","wikipedia":"en:Central Christian Church (Austin, Texas)"},"geometry":{"type":"Polygon","coordinates":[[[-97.744554,30.274797],[-97.744565,30.274767],[-97.744362,30.27471],[-97.744351,30.274738],[-97.744319,30.274729],[-97.744387,30.274543],[-97.744421,30.274553],[-97.744412,30.274578],[-97.744591,30.274628],[-97.744642,30.27449],[-97.744515,30.274455],[-97.744558,30.27434],[-97.74484,30.274419],[-97.744817,30.27448],[-97.744843,30.274488],[-97.744833,30.274515],[-97.744806,30.274507],[-97.744796,30.274535],[-97.744791,30.274534],[-97.744757,30.274625],[-97.744716,30.274614],[-97.744702,30.274649],[-97.744709,30.274651],[-97.7447,30.274675],[-97.744706,30.274677],[-97.744666,30.274786],[-97.744652,30.274782],[-97.744637,30.274821],[-97.744554,30.274797]]]}},{"type":"Feature","id":379166015,"properties":{"osmId":379166015,"category":"academic","addr:housenumber":"801","addr:postcode":"78701","addr:street":"Rio Grande Street","building":"school","building:levels":"2","coa:place_id":"428162","height":"11.91"},"geometry":{"type":"Polygon","coordinates":[[[-97.7484165,30.2720125],[-97.7484151,30.2720169],[-97.7483634,30.2720047],[-97.7483645,30.2720011],[-97.7483333,30.2719938],[-97.7483711,30.2718739],[-97.7485015,30.2719046],[-97.7484639,30.2720237],[-97.7484165,30.2720125]]]}},{"type":"Feature","id":379166024,"properties":{"osmId":379166024,"category":"academic","addr:housenumber":"805","addr:postcode":"78701","addr:street":"Rio Grande Street","building":"school","coa:place_id":"249833","height":"9.450000000000006"},"geometry":{"type":"Polygon","coordinates":[[[-97.7483182,30.2721585],[-97.7483396,30.2721003],[-97.7483287,30.2720973],[-97.7483421,30.2720607],[-97.7484233,30.272083],[-97.74843,30.2720646],[-97.7484935,30.2720819],[-97.7484849,30.2721052],[-97.7485004,30.2721094],[-97.7484822,30.2721589],[-97.7484776,30.2721576],[-97.7484662,30.2721888],[-97.7483886,30.2721675],[-97.7483852,30.2721769],[-97.7483182,30.2721585]]]}},{"type":"Feature","id":379166039,"properties":{"osmId":379166039,"category":"academic","addr:housenumber":"809","addr:postcode":"78701","addr:street":"Rio Grande Street","building":"school","coa:place_id":"810183","height":"9.75"},"geometry":{"type":"Polygon","coordinates":[[[-97.74826,30.272548],[-97.748256,30.272547],[-97.748259,30.272541],[-97.748175,30.272516],[-97.748215,30.272412],[-97.748307,30.272439],[-97.748299,30.272458],[-97.74836,30.272475],[-97.748356,30.272484],[-97.74838,30.272491],[-97.748348,30.272573],[-97.74826,30.272548]]]}},{"type":"Feature","id":379166332,"properties":{"osmId":379166332,"category":"academic","building":"school","height":"7.99"},"geometry":{"type":"Polygon","coordinates":[[[-97.748357,30.272398],[-97.748239,30.272366],[-97.748234,30.27238],[-97.7481551,30.2723584],[-97.748194,30.2722478],[-97.748277,30.272271],[-97.748275,30.272277],[-97.7484,30.272311],[-97.748368,30.272401],[-97.748357,30.272398]]]}},{"type":"Feature","id":380922389,"properties":{"osmId":380922389,"category":"religious","addr:city":"Austin","addr:housenumber":"408","addr:state":"TX","addr:street":"West 23rd Street","amenity":"place_of_worship","building":"yes","height":"14.9","import":"yes","name":"Congregational Church of Austin","religion":"christian","source":"City of Austin"},"geometry":{"type":"Polygon","coordinates":[[[-97.742259,30.286752],[-97.742274,30.286583],[-97.742379,30.28659],[-97.742372,30.286672],[-97.742454,30.286677],[-97.742456,30.286654],[-97.742582,30.286662],[-97.742573,30.28676],[-97.742444,30.286752],[-97.742443,30.286764],[-97.742259,30.286752]]]}},{"type":"Feature","id":380922406,"properties":{"osmId":380922406,"category":"religious","addr:city":"Austin","addr:housenumber":"2020","addr:state":"TX","addr:street":"San Antonio Street","amenity":"place_of_worship","building":"yes","denomination":"mormon","ele":"171","gnis:feature_id":"2024398","height":"8.6","import":"yes","name":"The Church of Jesus Christ of Latter-day Saints","religion":"christian","source":"City of Austin"},"geometry":{"type":"Polygon","coordinates":[[[-97.743273,30.283455],[-97.743475,30.283471],[-97.743444,30.283779],[-97.743242,30.283764],[-97.743273,30.283455]]]}},{"type":"Feature","id":380922408,"properties":{"osmId":380922408,"category":"religious","addr:city":"Austin","addr:housenumber":"2101","addr:state":"TX","addr:street":"Nueces Street","amenity":"place_of_worship","building":"yes","height":"12.5","import":"yes","name":"Chabad House","religion":"jewish","source":"City of Austin;local knowledge"},"geometry":{"type":"Polygon","coordinates":[[[-97.743743,30.284179],[-97.743673,30.284174],[-97.743677,30.284123],[-97.743645,30.284121],[-97.74365,30.284069],[-97.743684,30.284071],[-97.743685,30.284059],[-97.743843,30.284069],[-97.743832,30.284186],[-97.743799,30.284183],[-97.743798,30.284203],[-97.743741,30.284199],[-97.743743,30.284179]]]}},{"type":"Feature","id":380922451,"properties":{"osmId":380922451,"category":"religious","addr:city":"Austin","addr:housenumber":"506","addr:state":"TX","addr:street":"West 22nd Street","amenity":"place_of_worship","building":"church","height":"7.8","import":"yes","name":"Intervarsity Christian Church","religion":"christian","source":"City of Austin","wikidata":"Q7896438","wikipedia":"en:University of Texas Inter-Cooperative Council"},"geometry":{"type":"Polygon","coordinates":[[[-97.743216,30.285203],[-97.743369,30.285212],[-97.743364,30.285283],[-97.743313,30.28528],[-97.74331,30.285324],[-97.743207,30.285318],[-97.743216,30.285203]]]}},{"type":"Feature","id":380922453,"properties":{"osmId":380922453,"category":"religious","addr:city":"Austin","addr:housenumber":"1908","addr:state":"TX","addr:street":"Nueces Street","amenity":"place_of_worship","building":"mosque","height":"6.9","import":"yes","name":"Nueces Mosque","religion":"muslim","source":"City of Austin"},"geometry":{"type":"Polygon","coordinates":[[[-97.744237,30.283206],[-97.744238,30.283187],[-97.744258,30.283188],[-97.744261,30.283151],[-97.744299,30.283153],[-97.7443,30.283148],[-97.744317,30.283149],[-97.744319,30.283126],[-97.744388,30.28313],[-97.744386,30.283154],[-97.744414,30.283156],[-97.744413,30.283164],[-97.744453,30.283167],[-97.744444,30.28327],[-97.744252,30.283256],[-97.744256,30.283208],[-97.744237,30.283206]]]}},{"type":"Feature","id":380922454,"properties":{"osmId":380922454,"category":"religious","addr:city":"Austin","addr:housenumber":"2010","addr:postcode":"78705","addr:state":"TX","addr:street":"Guadalupe Street","amenity":"place_of_worship","building":"church","denomination":"roman_catholic","diocese":"Austin","height":"27.2","import":"yes","name":"Saint Austin Catholic Church","phone":"+1 512-477-9471","religion":"christian","source":"City of Austin","website":"https://www.staustin.org/"},"geometry":{"type":"Polygon","coordinates":[[[-97.7424669,30.283226],[-97.7424246,30.2832232],[-97.7424212,30.2832536],[-97.742169,30.2832348],[-97.7421797,30.2831383],[-97.7421736,30.2831378],[-97.742175,30.2831243],[-97.7421706,30.2831239],[-97.742181,30.2830224],[-97.7421846,30.2830227],[-97.742186,30.2830083],[-97.7421928,30.2830088],[-97.7421968,30.2829695],[-97.7422001,30.2829697],[-97.7422005,30.2829657],[-97.7422367,30.2829685],[-97.7422358,30.282977],[-97.7423942,30.2829892],[-97.7423955,30.2829764],[-97.7424379,30.2829797],[-97.7424367,30.2829916],[-97.7425662,30.2830016],[-97.7425354,30.2833006],[-97.7424619,30.2832953],[-97.7424669,30.283226]]]}},{"type":"Feature","id":380922457,"properties":{"osmId":380922457,"category":"religious","addr:city":"Austin","addr:housenumber":"2105","addr:state":"TX","addr:street":"San Antonio Street","amenity":"place_of_worship","building":"church","check_date":"2024-08-23","denomination":"unaffiliated","height":"11.9","import":"yes","name":"Texas Hillel Foundation","religion":"jewish","source":"City of Austin;local knowledge","wheelchair":"limited"},"geometry":{"type":"Polygon","coordinates":[[[-97.7425148,30.2843589],[-97.742531,30.2841759],[-97.7427161,30.2841881],[-97.742717,30.2841778],[-97.7427063,30.2841771],[-97.7427088,30.2841487],[-97.7427211,30.2841495],[-97.7427238,30.2841193],[-97.7427118,30.2841185],[-97.7427143,30.2840907],[-97.7427272,30.2840915],[-97.7427338,30.284017],[-97.7427211,30.2840161],[-97.7427239,30.2839836],[-97.7427329,30.2839842],[-97.7427341,30.2839706],[-97.7429117,30.2839823],[-97.7428833,30.2843033],[-97.7428296,30.2842998],[-97.7428225,30.2843792],[-97.7425148,30.2843589]]]}},{"type":"Feature","id":380922458,"properties":{"osmId":380922458,"category":"religious","addr:city":"Austin","addr:housenumber":"2113","addr:postcode":"78705","addr:state":"TX","addr:street":"San Antonio Street","amenity":"place_of_worship","building":"church","denomination":"baptist","height":"13.8","import":"yes","name":"University Baptist Church","religion":"christian","source":"City of Austin","wikidata":"Q7894525"},"geometry":{"type":"Polygon","coordinates":[[[-97.7424392,30.284941],[-97.7424538,30.2847749],[-97.7425008,30.284778],[-97.7424982,30.2848068],[-97.742641,30.2848162],[-97.742647,30.2847472],[-97.7427179,30.2847518],[-97.7427191,30.2847388],[-97.742556,30.2847282],[-97.7425539,30.2847521],[-97.7424599,30.2847459],[-97.7424772,30.2845489],[-97.7426488,30.2845601],[-97.7426382,30.2846817],[-97.7425573,30.2846764],[-97.7425557,30.284694],[-97.742769,30.284708],[-97.742766,30.2847423],[-97.7427571,30.2847417],[-97.7427559,30.2847544],[-97.74276,30.2847546],[-97.742754,30.2848224],[-97.7428181,30.2848266],[-97.7428129,30.2848851],[-97.742809,30.2848849],[-97.7428019,30.2849659],[-97.7424995,30.2849461],[-97.7424996,30.284945],[-97.7424392,30.284941]]]}},{"type":"Feature","id":380922460,"properties":{"osmId":380922460,"category":"religious","amenity":"place_of_worship","building":"church","denomination":"presbyterian","height":"18.8","import":"yes","name":"University Presbyterian Church","religion":"christian","source":"City of Austin"},"geometry":{"type":"Polygon","coordinates":[[[-97.742363,30.285807],[-97.742391,30.285416],[-97.7424,30.285416],[-97.742405,30.285369],[-97.742395,30.285369],[-97.742413,30.285199],[-97.742728,30.285223],[-97.742731,30.285192],[-97.74279,30.285196],[-97.742771,30.285398],[-97.742511,30.285379],[-97.742504,30.285446],[-97.742564,30.285451],[-97.742541,30.285682],[-97.742558,30.285683],[-97.742562,30.285655],[-97.742724,30.285667],[-97.742723,30.285696],[-97.742728,30.285696],[-97.742715,30.285831],[-97.742363,30.285807]]]}},{"type":"Feature","id":381797734,"properties":{"osmId":381797734,"category":"academic","building":"university","building:levels":"1","name":"Custodial Services Training Fac"},"geometry":{"type":"Polygon","coordinates":[[[-97.724044,30.283714],[-97.724049,30.283713],[-97.724069,30.283805],[-97.724088,30.283802],[-97.724101,30.283863],[-97.724081,30.283866],[-97.724088,30.283902],[-97.723898,30.283932],[-97.723884,30.28387],[-97.723856,30.283874],[-97.723853,30.283857],[-97.723882,30.283852],[-97.723859,30.283743],[-97.724044,30.283714]]]}},{"type":"Feature","id":381808291,"properties":{"osmId":381808291,"category":"academic","addr:housenumber":"2348","addr:street":"North Interstate Highway 35 Service Road","alt_name":"AF2","building":"university","height":"5.0","name":"Athletic Fields Pavilion (Eastside)"},"geometry":{"type":"Polygon","coordinates":[[[-97.726479,30.284963],[-97.7264364,30.2849536],[-97.726521,30.284682],[-97.726646,30.284712],[-97.726561,30.284982],[-97.72649,30.2849658],[-97.726479,30.284963]]]}},{"type":"Feature","id":381808669,"properties":{"osmId":381808669,"category":"medical","building":"hospital","height":"34.4","layer":"1"},"geometry":{"type":"Polygon","coordinates":[[[-97.7251571,30.2893299],[-97.725137,30.289362],[-97.725189,30.289387],[-97.725185,30.289423],[-97.725249,30.289454],[-97.725222,30.289634],[-97.7253474,30.2896146],[-97.725427,30.289625],[-97.72547,30.289372],[-97.725487,30.289373],[-97.725491,30.289342],[-97.725679,30.289362],[-97.725681,30.289354],[-97.72569,30.289355],[-97.725713,30.289234],[-97.725839,30.289248],[-97.725777,30.289622],[-97.725684,30.28961],[-97.725681,30.289632],[-97.726189,30.289696],[-97.726207,30.289615],[-97.726283,30.289624],[-97.726282,30.289628],[-97.726375,30.289611],[-97.726399,30.289714],[-97.726416,30.289715],[-97.726415,30.289724],[-97.726528,30.289739],[-97.726526,30.289752],[-97.726574,30.289758],[-97.726573,30.289764],[-97.726633,30.289772],[-97.726625,30.289817],[-97.726683,30.289824],[-97.726702,30.28971],[-97.726896,30.289734],[-97.726855,30.289979],[-97.726975,30.289994],[-97.727009,30.290234],[-97.727018,30.290239],[-97.727044,30.290423],[-97.727019,30.290462],[-97.727047,30.290475],[-97.727011,30.290532],[-97.727052,30.290552],[-97.727033,30.290581],[-97.727027,30.290578],[-97.727013,30.290601],[-97.727054,30.290621],[-97.726962,30.290766],[-97.726433,30.290513],[-97.7263808,30.290488],[-97.726318,30.290458],[-97.726279,30.290519],[-97.726178,30.290471],[-97.726164,30.290461],[-97.726152,30.290449],[-97.726144,30.290435],[-97.726139,30.29042],[-97.726139,30.290399],[-97.72615,30.290338],[-97.7261396,30.2903366],[-97.725857,30.290299],[-97.7258638,30.2902603],[-97.725876,30.290191],[-97.725793,30.29018],[-97.725791,30.290188],[-97.725752,30.290183],[-97.725758,30.290149],[-97.725571,30.290124],[-97.725552,30.290118],[-97.725536,30.290109],[-97.725521,30.290097],[-97.725506,30.290076],[-97.725499,30.290051],[-97.725503,30.290017],[-97.725396,30.290005],[-97.7254,30.289975],[-97.725368,30.289973],[-97.725409,30.289722],[-97.7253317,30.2897129],[-97.725134,30.289749],[-97.725129,30.289775],[-97.725054,30.289894],[-97.724745,30.289746],[-97.724785,30.289684],[-97.724765,30.289635],[-97.724555,30.289535],[-97.724558,30.28953],[-97.724418,30.289464],[-97.724412,30.289474],[-97.724357,30.289447],[-97.724363,30.289438],[-97.724342,30.289428],[-97.724312,30.2894744],[-97.724289,30.28951],[-97.7240795,30.2894185],[-97.7241069,30.2893834],[-97.7241244,30.289361],[-97.7241446,30.2893196],[-97.7242387,30.2891971],[-97.724424,30.289283],[-97.724543,30.289095],[-97.724587,30.289116],[-97.724588,30.289114],[-97.724707,30.289171],[-97.724706,30.289173],[-97.724768,30.289203],[-97.724591,30.289481],[-97.724709,30.289538],[-97.724866,30.289291],[-97.725003,30.289356],[-97.725015,30.289338],[-97.72508,30.289369],[-97.725115,30.28931],[-97.7251549,30.2893289],[-97.7251571,30.2893299]]]}},{"type":"Feature","id":381808689,"properties":{"osmId":381808689,"category":"athletic","building":"yes","height":"4.0"},"geometry":{"type":"Polygon","coordinates":[[[-97.726382,30.285576],[-97.726399,30.285529],[-97.726466,30.285547],[-97.726449,30.285594],[-97.726382,30.285576]]]}},{"type":"Feature","id":381808727,"properties":{"osmId":381808727,"category":"athletic","building":"yes","height":"3.5"},"geometry":{"type":"Polygon","coordinates":[[[-97.726604,30.284685],[-97.72654,30.284664],[-97.72656,30.28462],[-97.726625,30.284642],[-97.726604,30.284685]]]}},{"type":"Feature","id":381808812,"properties":{"osmId":381808812,"category":"religious","building":"yes","height":"3.1"},"geometry":{"type":"Polygon","coordinates":[[[-97.722908,30.293672],[-97.722906,30.29367],[-97.722937,30.293622],[-97.722976,30.293641],[-97.722945,30.293689],[-97.722908,30.293672]]]}},{"type":"Feature","id":381808841,"properties":{"osmId":381808841,"category":"academic","building":"university","building:levels":"1","name":"Athletic Fields Pavilion (Rehab)"},"geometry":{"type":"Polygon","coordinates":[[[-97.726069,30.286691],[-97.725877,30.286646],[-97.7259,30.286571],[-97.726027,30.286601],[-97.726024,30.286611],[-97.726089,30.286626],[-97.726069,30.286691]]]}},{"type":"Feature","id":381833983,"properties":{"osmId":381833983,"category":"religious","addr:city":"Austin","addr:housenumber":"1201","addr:postcode":"78701","addr:street":"Lavaca Street","amenity":"place_of_worship","building":"church","building:levels":"3","check_date":"2024-09-03","denomination":"methodist","gnis:feature_id":"2360493","height":"26.7","name":"First United Methodist Church of Austin","phone":"+1-512-478-5684","religion":"christian","website":"https://fumcaustin.org/"},"geometry":{"type":"Polygon","coordinates":[[[-97.7427995,30.2749027],[-97.742437,30.2747949],[-97.7424852,30.2746702],[-97.7425187,30.2745733],[-97.742524,30.2745726],[-97.7425628,30.2745823],[-97.742566,30.2745781],[-97.7428383,30.2746559],[-97.7428366,30.2746631],[-97.7428819,30.2746762],[-97.7427995,30.2749027]]]}},{"type":"Feature","id":381834208,"properties":{"osmId":381834208,"category":"religious","addr:city":"Austin","addr:housenumber":"606","addr:postcode":"78701","addr:street":"West 15th Street","amenity":"place_of_worship","building":"church","denomination":"lutheran","height":"35.8","name":"St. Martin's Ev. Lutheran Church","religion":"christian"},"geometry":{"type":"Polygon","coordinates":[[[-97.745361,30.279431],[-97.745384,30.279369],[-97.745248,30.279331],[-97.745235,30.279365],[-97.745111,30.279331],[-97.745102,30.279357],[-97.745025,30.279336],[-97.745109,30.279104],[-97.745135,30.279111],[-97.745145,30.279083],[-97.745336,30.279135],[-97.745369,30.279124],[-97.7454,30.279037],[-97.745463,30.279055],[-97.7454983,30.2790427],[-97.7453168,30.2789932],[-97.745307,30.2790158],[-97.745187,30.2789845],[-97.7451981,30.2789565],[-97.7451375,30.2789418],[-97.7452081,30.2787492],[-97.7452703,30.2787677],[-97.7452791,30.2787433],[-97.7453944,30.2787723],[-97.7453842,30.278798],[-97.745679,30.2788808],[-97.7456292,30.2790191],[-97.745723,30.279042],[-97.745698,30.279112],[-97.74572,30.279118],[-97.745699,30.279175],[-97.745677,30.279169],[-97.745667,30.279198],[-97.745643,30.279191],[-97.745611,30.27928],[-97.745727,30.279312],[-97.745676,30.279451],[-97.745437,30.279386],[-97.745411,30.279455],[-97.745358,30.27944],[-97.745361,30.279431]]]}},{"type":"Feature","id":382032888,"properties":{"osmId":382032888,"category":"religious","addr:city":"Austin","addr:housenumber":"3001","addr:postcode":"78705","addr:street":"Whitis Avenue","amenity":"place_of_worship","building":"church","denomination":"lutheran","gnis:feature_id":"2024490","height":"9.4","name":"First English Lutheran Church","phone":"+1-512-478-1933","religion":"christian","website":"https://www.felcaustin.org/"},"geometry":{"type":"Polygon","coordinates":[[[-97.738706,30.295344],[-97.738693,30.295338],[-97.738777,30.295203],[-97.738808,30.295218],[-97.738865,30.295127],[-97.738929,30.295159],[-97.738947,30.295133],[-97.739066,30.295192],[-97.739035,30.295243],[-97.739149,30.295297],[-97.739087,30.295395],[-97.738939,30.295325],[-97.738922,30.295353],[-97.73892,30.295352],[-97.738905,30.295375],[-97.738919,30.295381],[-97.738813,30.295549],[-97.738946,30.295612],[-97.738875,30.295726],[-97.738792,30.295687],[-97.738788,30.295694],[-97.738757,30.295679],[-97.738764,30.295668],[-97.738578,30.29558],[-97.738607,30.295534],[-97.738601,30.295531],[-97.738717,30.295349],[-97.738706,30.295344]]]}},{"type":"Feature","id":382052838,"properties":{"osmId":382052838,"category":"academic","addr:housenumber":"500","addr:street":"Rathervue Place","building":"yes","height":"9.9"},"geometry":{"type":"Polygon","coordinates":[[[-97.7330381,30.2928589],[-97.7329881,30.2928299],[-97.7330251,30.2927029],[-97.7331091,30.2927469],[-97.7331061,30.2927509],[-97.7330911,30.2927509],[-97.7330801,30.2927559],[-97.7330721,30.2927649],[-97.7330681,30.2927769],[-97.7332441,30.2928009],[-97.7332561,30.2927329],[-97.7333311,30.2927729],[-97.7333231,30.2927839],[-97.7333711,30.2928089],[-97.7333731,30.2928169],[-97.7333521,30.2928269],[-97.7333411,30.2928359],[-97.7333321,30.2928479],[-97.7333241,30.2928699],[-97.7333191,30.2929069],[-97.7332661,30.2929009],[-97.7332561,30.2929169],[-97.7332461,30.2929259],[-97.7332341,30.2929329],[-97.7332141,30.2929389],[-97.7332001,30.2929399],[-97.7331791,30.2929359],[-97.7330381,30.2928589]]]}},{"type":"Feature","id":382052844,"properties":{"osmId":382052844,"category":"academic","addr:housenumber":"501","addr:street":"East 32nd Street","building":"yes","height":"14.3"},"geometry":{"type":"Polygon","coordinates":[[[-97.732547,30.29321],[-97.732561,30.293189],[-97.732528,30.293172],[-97.732513,30.293117],[-97.732454,30.293128],[-97.732442,30.293084],[-97.732504,30.293073],[-97.732605,30.292928],[-97.732664,30.292958],[-97.732669,30.292951],[-97.732784,30.293011],[-97.732747,30.293063],[-97.73277,30.293075],[-97.732724,30.293142],[-97.732713,30.293136],[-97.732697,30.293158],[-97.732684,30.293151],[-97.732632,30.293226],[-97.732599,30.293209],[-97.732578,30.293239],[-97.73254,30.293219],[-97.732547,30.29321]]]}},{"type":"Feature","id":382052945,"properties":{"osmId":382052945,"category":"religious","addr:housenumber":"510","addr:street":"Rathervue Place","amenity":"place_of_worship","building":"yes","denomination":"episcopal","ele":"173","gnis:feature_id":"2360846","height":"7.1","name":"Episcopal Diocese of Austin","religion":"christian"},"geometry":{"type":"Polygon","coordinates":[[[-97.7329174,30.2925127],[-97.7328429,30.2926358],[-97.732647,30.2925475],[-97.7327215,30.2924243],[-97.7329174,30.2925127]]]}},{"type":"Feature","id":382053055,"properties":{"osmId":382053055,"category":"library","addr:housenumber":"606","addr:street":"Rathervue Place","amenity":"library","building":"yes","height":"15.3","name":"Harrison Library"},"geometry":{"type":"Polygon","coordinates":[[[-97.732032,30.292528],[-97.731973,30.292501],[-97.73196,30.292522],[-97.731902,30.292494],[-97.731914,30.292475],[-97.731855,30.292447],[-97.731893,30.292386],[-97.731875,30.292377],[-97.731897,30.292341],[-97.731916,30.29235],[-97.732064,30.292113],[-97.732239,30.292194],[-97.732182,30.292287],[-97.732573,30.29247],[-97.732516,30.292563],[-97.732467,30.29254],[-97.732461,30.29255],[-97.73216,30.292409],[-97.732164,30.292401],[-97.732123,30.292382],[-97.732032,30.292528]]]}},{"type":"Feature","id":382053662,"properties":{"osmId":382053662,"category":"academic","building":"yes","height":"15.3"},"geometry":{"type":"Polygon","coordinates":[[[-97.732248,30.293335],[-97.732173,30.2933],[-97.732181,30.293286],[-97.732167,30.29328],[-97.732168,30.293277],[-97.732155,30.29327],[-97.732134,30.293303],[-97.731711,30.293105],[-97.731696,30.293121],[-97.73162,30.293072],[-97.731664,30.293018],[-97.731637,30.292998],[-97.731742,30.292881],[-97.731773,30.292902],[-97.731813,30.292857],[-97.731781,30.292836],[-97.731888,30.292718],[-97.731919,30.292738],[-97.731977,30.292669],[-97.732088,30.292658],[-97.732074,30.292541],[-97.732244,30.29253],[-97.732255,30.292624],[-97.73228,30.292622],[-97.73228,30.292633],[-97.73232,30.292631],[-97.732317,30.292607],[-97.73249,30.292593],[-97.732494,30.292626],[-97.732555,30.292622],[-97.732562,30.292707],[-97.732033,30.292747],[-97.731831,30.292975],[-97.731856,30.292986],[-97.731875,30.292986],[-97.731893,30.292992],[-97.731904,30.293001],[-97.73191,30.293013],[-97.732223,30.293158],[-97.732197,30.2932],[-97.732306,30.29325],[-97.732252,30.293337],[-97.732248,30.293335]]]}},{"type":"Feature","id":382071051,"properties":{"osmId":382071051,"category":"academic","addr:housenumber":"100","addr:street":"East 27th Street","building":"yes","height":"20.8"},"geometry":{"type":"Polygon","coordinates":[[[-97.737568,30.292681],[-97.737564,30.292681],[-97.73757,30.29261],[-97.737442,30.292601],[-97.737456,30.292455],[-97.737835,30.292483],[-97.737832,30.292512],[-97.7379,30.292517],[-97.737901,30.292499],[-97.73802,30.292507],[-97.738012,30.292589],[-97.737992,30.292588],[-97.737991,30.2926],[-97.737947,30.292597],[-97.737935,30.292723],[-97.737801,30.292714],[-97.737802,30.292698],[-97.737568,30.292681]]]}},{"type":"Feature","id":382071052,"properties":{"osmId":382071052,"category":"religious","addr:housenumber":"100","addr:street":"West 27th Street","amenity":"place_of_worship","building":"yes","denomination":"presbyterian","ele":"181","gnis:feature_id":"2360598","height":"24.1","name":"Shelton Chapel","religion":"christian"},"geometry":{"type":"Polygon","coordinates":[[[-97.737671,30.292069],[-97.737674,30.292028],[-97.737694,30.292029],[-97.7377,30.291938],[-97.737722,30.29194],[-97.737725,30.291882],[-97.737793,30.291885],[-97.737791,30.291943],[-97.737818,30.291944],[-97.737812,30.292039],[-97.737818,30.29204],[-97.737813,30.29211],[-97.737777,30.292109],[-97.737774,30.292141],[-97.737707,30.292138],[-97.737709,30.292101],[-97.737669,30.292099],[-97.737671,30.292069]]]}},{"type":"Feature","id":382071053,"properties":{"osmId":382071053,"category":"academic","addr:housenumber":"102","addr:street":"East 27th Street","building":"yes","height":"16.7"},"geometry":{"type":"Polygon","coordinates":[[[-97.7369038,30.292282],[-97.7369128,30.292266],[-97.7373688,30.292449],[-97.7372638,30.292647],[-97.7371208,30.29259],[-97.7371108,30.292609],[-97.7370158,30.292571],[-97.7370258,30.292552],[-97.7368068,30.292465],[-97.7369038,30.292282]]]}},{"type":"Feature","id":382071054,"properties":{"osmId":382071054,"category":"academic","addr:housenumber":"102","addr:street":"West 27th Street","building":"yes","height":"13.8"},"geometry":{"type":"Polygon","coordinates":[[[-97.738386,30.292683],[-97.738182,30.29267],[-97.738181,30.292681],[-97.738098,30.292675],[-97.73811,30.292538],[-97.738193,30.292544],[-97.738192,30.292557],[-97.738396,30.292571],[-97.738397,30.292557],[-97.73849,30.292564],[-97.738477,30.292703],[-97.738385,30.292697],[-97.738386,30.292683]]]}},{"type":"Feature","id":382071055,"properties":{"osmId":382071055,"category":"academic","addr:housenumber":"104","addr:street":"West 27th Street","building":"yes","height":"13.5"},"geometry":{"type":"Polygon","coordinates":[[[-97.738334,30.292241],[-97.738324,30.292241],[-97.738351,30.29196],[-97.738671,30.291982],[-97.738644,30.292264],[-97.738334,30.292241]]]}},{"type":"Feature","id":382071056,"properties":{"osmId":382071056,"category":"academic","addr:housenumber":"106","addr:street":"East 27th Street","building":"yes","height":"10.8"},"geometry":{"type":"Polygon","coordinates":[[[-97.7370967,30.2921767],[-97.7371657,30.2920447],[-97.7370577,30.2920017],[-97.7370087,30.2920967],[-97.7368117,30.2920187],[-97.7369217,30.2918097],[-97.7370977,30.2918787],[-97.7370917,30.2918917],[-97.7370987,30.2918937],[-97.7371037,30.2918837],[-97.7372287,30.2919327],[-97.7372077,30.2919737],[-97.7373107,30.2920137],[-97.7371996,30.2922269],[-97.7370927,30.2921847],[-97.7370967,30.2921767]]]}},{"type":"Feature","id":382071057,"properties":{"osmId":382071057,"category":"academic","addr:housenumber":"107","addr:street":"East 30th Street","building":"yes","height":"9.6"},"geometry":{"type":"Polygon","coordinates":[[[-97.737005,30.293729],[-97.736987,30.293715],[-97.737061,30.293644],[-97.737098,30.293673],[-97.737124,30.293648],[-97.737169,30.293684],[-97.737091,30.293758],[-97.737056,30.293731],[-97.737034,30.293752],[-97.737005,30.293729]]]}},{"type":"Feature","id":382071058,"properties":{"osmId":382071058,"category":"academic","addr:housenumber":"201","addr:street":"East 30th Street","building":"yes","height":"8.0"},"geometry":{"type":"Polygon","coordinates":[[[-97.73677,30.293544],[-97.736725,30.293509],[-97.736747,30.293488],[-97.736711,30.29346],[-97.736793,30.293382],[-97.7367975,30.2933855],[-97.736843,30.293421],[-97.736819,30.293445],[-97.736854,30.293472],[-97.736774,30.293548],[-97.73677,30.293544]]]}},{"type":"Feature","id":382071059,"properties":{"osmId":382071059,"category":"academic","addr:housenumber":"205","addr:street":"East 30th Street","building":"yes","height":"5.7"},"geometry":{"type":"Polygon","coordinates":[[[-97.736731,30.293285],[-97.736727,30.293289],[-97.736703,30.29327],[-97.736707,30.293266],[-97.736696,30.293257],[-97.736692,30.293262],[-97.736667,30.293241],[-97.736671,30.293237],[-97.736615,30.293191],[-97.736681,30.293132],[-97.736739,30.29318],[-97.736771,30.293151],[-97.736833,30.293202],[-97.736802,30.293231],[-97.736854,30.293274],[-97.736789,30.293333],[-97.736731,30.293285]]]}},{"type":"Feature","id":382071078,"properties":{"osmId":382071078,"category":"academic","addr:housenumber":"2900","addr:street":"Speedway","building":"yes","height":"11.1"},"geometry":{"type":"Polygon","coordinates":[[[-97.7367304,30.2928501],[-97.7368674,30.2927161],[-97.7369654,30.2927911],[-97.7369864,30.2927701],[-97.7370474,30.2928171],[-97.7369864,30.2928761],[-97.7369314,30.2928331],[-97.7368434,30.2929181],[-97.7367784,30.2928691],[-97.7367684,30.2928791],[-97.7367304,30.2928501]]]}},{"type":"Feature","id":382071080,"properties":{"osmId":382071080,"category":"academic","addr:housenumber":"2904","addr:street":"University Avenue","building":"yes","height":"6.8"},"geometry":{"type":"Polygon","coordinates":[[[-97.738055,30.293864],[-97.738021,30.293848],[-97.738086,30.293745],[-97.738056,30.293731],[-97.738087,30.293683],[-97.738206,30.29374],[-97.738111,30.29389],[-97.738055,30.293864]]]}},{"type":"Feature","id":382071081,"properties":{"osmId":382071081,"category":"academic","addr:housenumber":"2905","addr:street":"University Avenue","building":"yes","height":"19.7"},"geometry":{"type":"Polygon","coordinates":[[[-97.737533,30.294157],[-97.737522,30.294152],[-97.737527,30.294143],[-97.737499,30.294131],[-97.737513,30.294108],[-97.737494,30.2941],[-97.737491,30.294105],[-97.737428,30.294077],[-97.737543,30.293882],[-97.737516,30.29387],[-97.737574,30.293772],[-97.737604,30.293785],[-97.73762,30.293759],[-97.737772,30.293827],[-97.737774,30.293823],[-97.737837,30.293852],[-97.737681,30.294117],[-97.737683,30.294118],[-97.737648,30.294176],[-97.7376,30.294155],[-97.737585,30.29418],[-97.737533,30.294157]]]}},{"type":"Feature","id":382071094,"properties":{"osmId":382071094,"category":"academic","building":"yes","height":"5.9"},"geometry":{"type":"Polygon","coordinates":[[[-97.737084,30.293391],[-97.737061,30.293412],[-97.737114,30.293455],[-97.737027,30.293538],[-97.736986,30.293505],[-97.736999,30.293493],[-97.736983,30.29348],[-97.736993,30.293471],[-97.736894,30.293391],[-97.736959,30.29333],[-97.736989,30.293355],[-97.737021,30.293326],[-97.737092,30.293384],[-97.737084,30.293391]]]}},{"type":"Feature","id":382071095,"properties":{"osmId":382071095,"category":"academic","building":"yes","height":"5.8"},"geometry":{"type":"Polygon","coordinates":[[[-97.736925,30.293527],[-97.736941,30.293512],[-97.737011,30.293568],[-97.73698,30.293597],[-97.737032,30.293639],[-97.73697,30.293697],[-97.736912,30.293651],[-97.736908,30.293655],[-97.736848,30.293607],[-97.736852,30.293603],[-97.736793,30.293557],[-97.736854,30.293499],[-97.736909,30.293542],[-97.736925,30.293527]]]}},{"type":"Feature","id":382071097,"properties":{"osmId":382071097,"category":"academic","building":"yes","height":"6.6"},"geometry":{"type":"Polygon","coordinates":[[[-97.737371,30.2936],[-97.737337,30.293575],[-97.737334,30.293579],[-97.737308,30.29356],[-97.737312,30.293556],[-97.7373,30.293547],[-97.737296,30.293551],[-97.73727,30.293531],[-97.737259,30.293542],[-97.737244,30.293531],[-97.737233,30.293542],[-97.737188,30.29351],[-97.737271,30.293424],[-97.737331,30.293468],[-97.7373486,30.2934498],[-97.737359,30.293439],[-97.737431,30.293492],[-97.737404,30.29352],[-97.7374271,30.2935371],[-97.737458,30.29356],[-97.737399,30.29362],[-97.737371,30.2936]]]}},{"type":"Feature","id":382071100,"properties":{"osmId":382071100,"category":"academic","building":"yes","height":"5.2"},"geometry":{"type":"Polygon","coordinates":[[[-97.738306,30.293151],[-97.738348,30.293053],[-97.738423,30.293077],[-97.738381,30.293175],[-97.738306,30.293151]]]}},{"type":"Feature","id":382071108,"properties":{"osmId":382071108,"category":"academic","building":"yes"},"geometry":{"type":"Polygon","coordinates":[[[-97.737646,30.293592],[-97.737601,30.293634],[-97.737564,30.293604],[-97.73761,30.293562],[-97.737646,30.293592]]]}},{"type":"Feature","id":382071109,"properties":{"osmId":382071109,"category":"academic","building":"yes","height":"3.7"},"geometry":{"type":"Polygon","coordinates":[[[-97.737135,30.293234],[-97.737103,30.293205],[-97.737139,30.293175],[-97.737171,30.293203],[-97.737135,30.293234]]]}},{"type":"Feature","id":382071116,"properties":{"osmId":382071116,"category":"academic","building":"yes","height":"6.3"},"geometry":{"type":"Polygon","coordinates":[[[-97.737273,30.293246],[-97.737224,30.293205],[-97.73729,30.293144],[-97.737381,30.293219],[-97.737291,30.293301],[-97.73725,30.293267],[-97.737273,30.293246]]]}},{"type":"Feature","id":382071123,"properties":{"osmId":382071123,"category":"academic","building":"yes","height":"7.9"},"geometry":{"type":"Polygon","coordinates":[[[-97.736547,30.293193],[-97.736575,30.293216],[-97.736496,30.293289],[-97.736462,30.293261],[-97.73644,30.293282],[-97.736392,30.293244],[-97.736472,30.293171],[-97.736506,30.293198],[-97.736528,30.293177],[-97.736547,30.293193]]]}},{"type":"Feature","id":382071125,"properties":{"osmId":382071125,"category":"academic","building":"yes","height":"8.0"},"geometry":{"type":"Polygon","coordinates":[[[-97.736337,30.293109],[-97.736363,30.293085],[-97.736398,30.293113],[-97.736421,30.293091],[-97.736468,30.29313],[-97.736388,30.293204],[-97.736354,30.293176],[-97.736331,30.293197],[-97.736284,30.293158],[-97.736337,30.293109]]]}},{"type":"Feature","id":382071126,"properties":{"osmId":382071126,"category":"academic","building":"yes","height":"8.7"},"geometry":{"type":"Polygon","coordinates":[[[-97.737706,30.293645],[-97.737666,30.293612],[-97.737702,30.293579],[-97.737693,30.293571],[-97.737713,30.293552],[-97.7377,30.293541],[-97.737738,30.293507],[-97.73781,30.293566],[-97.737715,30.293653],[-97.737706,30.293645]]]}},{"type":"Feature","id":382075751,"properties":{"osmId":382075751,"category":"religious","addr:housenumber":"105","addr:street":"West 20th Street","amenity":"place_of_worship","building":"yes","height":"16.4","name":"Longhorns for Christ Campus Center","religion":"christian"},"geometry":{"type":"Polygon","coordinates":[[[-97.739288,30.282326],[-97.739223,30.282321],[-97.739243,30.282126],[-97.739227,30.282125],[-97.739238,30.282012],[-97.739296,30.282017],[-97.739298,30.282001],[-97.739402,30.282009],[-97.7394,30.282034],[-97.739421,30.282035],[-97.739413,30.282107],[-97.739397,30.282106],[-97.739391,30.282165],[-97.739357,30.282162],[-97.739357,30.282159],[-97.739339,30.282157],[-97.739321,30.282328],[-97.739288,30.282326]]]}},{"type":"Feature","id":382075754,"properties":{"osmId":382075754,"category":"academic","addr:housenumber":"209","addr:street":"West 27th Street","amenity":"school","building":"school","ele":"183","gnis:feature_id":"2361086","height":"13.1","name":"All Saints Episcopal Day School"},"geometry":{"type":"Polygon","coordinates":[[[-97.739045,30.291647],[-97.739056,30.291516],[-97.739258,30.291529],[-97.739269,30.2914],[-97.739135,30.291392],[-97.73915,30.291212],[-97.739431,30.291229],[-97.739416,30.291409],[-97.739411,30.291409],[-97.73939,30.291669],[-97.739045,30.291647]]]}},{"type":"Feature","id":382075764,"properties":{"osmId":382075764,"category":"religious","addr:housenumber":"209","addr:postcode":"78705","addr:street":"West 27th Street","amenity":"place_of_worship","building":"church","denomination":"episcopal","email":"info@allsaints-austin.org","height":"16.0","name":"All Saints' Episcopal Church","religion":"christian","website":"https://www.allsaints-austin.org/"},"geometry":{"type":"Polygon","coordinates":[[[-97.739851,30.291755],[-97.739832,30.291754],[-97.739834,30.291719],[-97.739758,30.291715],[-97.739756,30.291739],[-97.739672,30.291735],[-97.739672,30.291727],[-97.739561,30.291722],[-97.739569,30.291583],[-97.739767,30.291592],[-97.739766,30.29162],[-97.739894,30.291626],[-97.739892,30.291655],[-97.739906,30.291656],[-97.739904,30.291696],[-97.739885,30.291696],[-97.739882,30.291756],[-97.739851,30.291755]]]}},{"type":"Feature","id":382075765,"properties":{"osmId":382075765,"category":"religious","addr:city":"Austin","addr:housenumber":"1903","addr:postcode":"78705","addr:state":"TX","addr:street":"University Avenue","amenity":"place_of_worship","building":"church","gnis:feature_id":"2360926","height":"21.3","name":"University Avenue Church of Christ","phone":"+1-512-476-6088","religion":"christian","website":"https://uachurch.org/","wheelchair":"yes"},"geometry":{"type":"Polygon","coordinates":[[[-97.7394131,30.2816535],[-97.7393991,30.2816525],[-97.7394081,30.2815695],[-97.7392581,30.2815565],[-97.7393041,30.2811305],[-97.7393151,30.2811315],[-97.7393151,30.2811265],[-97.7394961,30.2811405],[-97.7394951,30.2811435],[-97.7395151,30.2811455],[-97.7395141,30.2811525],[-97.7395251,30.2811535],[-97.7395181,30.2812205],[-97.7395051,30.2812195],[-97.7394795,30.2814289],[-97.7395391,30.2814319],[-97.7395421,30.2813905],[-97.7396651,30.2814005],[-97.7396441,30.2815875],[-97.7395261,30.2815785],[-97.7395181,30.2816535],[-97.7394641,30.2816485],[-97.7394631,30.2816575],[-97.7394131,30.2816535]]]}},{"type":"Feature","id":382075766,"properties":{"osmId":382075766,"category":"religious","addr:city":"Austin","addr:housenumber":"2409","addr:postcode":"78705","addr:street":"Guadalupe Street","amenity":"place_of_worship","building":"church","check_date":"2025-03-07","denomination":"methodist","gnis:feature_id":"2360930","height":"22.6","name":"University United Methodist Church","phone":"+1-512-478-9387","religion":"christian","website":"https://www.uumc.org/","wikidata":"Q7894971","wikipedia":"en:University United Methodist Church"},"geometry":{"type":"Polygon","coordinates":[[[-97.741101,30.288065],[-97.741105,30.288027],[-97.741048,30.288023],[-97.741052,30.287982],[-97.741021,30.287979],[-97.741037,30.287823],[-97.741067,30.287826],[-97.74107,30.287793],[-97.741133,30.287798],[-97.741135,30.287781],[-97.741236,30.287789],[-97.741234,30.287803],[-97.741377,30.287814],[-97.741376,30.287821],[-97.741412,30.287824],[-97.741409,30.287854],[-97.741418,30.287854],[-97.741403,30.288011],[-97.741359,30.288008],[-97.741355,30.288043],[-97.741213,30.288033],[-97.741208,30.288082],[-97.74114,30.288077],[-97.741141,30.288068],[-97.741101,30.288065]]]}},{"type":"Feature","id":382075767,"properties":{"osmId":382075767,"category":"religious","addr:city":"Austin","addr:housenumber":"2007","addr:postcode":"78705","addr:street":"University Avenue","amenity":"place_of_worship","building":"church","gnis:feature_id":"2360927","height":"37.0","name":"University Christian Church","phone":"+1-512-477-6104","religion":"christian","website":"https://www.ucc-austin.org/"},"geometry":{"type":"Polygon","coordinates":[[[-97.73909,30.283121],[-97.739339,30.283138],[-97.739339,30.283142],[-97.73949,30.283153],[-97.739476,30.283304],[-97.739471,30.283304],[-97.739462,30.283398],[-97.739401,30.283394],[-97.739401,30.283389],[-97.73938,30.283388],[-97.739381,30.2833784],[-97.739386,30.283328],[-97.739263,30.283319],[-97.73925,30.283454],[-97.739263,30.283455],[-97.739258,30.283503],[-97.739196,30.283499],[-97.739196,30.283506],[-97.739065,30.283497],[-97.739066,30.283489],[-97.739056,30.283489],[-97.739061,30.283435],[-97.73907,30.283435],[-97.739087,30.283259],[-97.739073,30.283258],[-97.739081,30.283176],[-97.739085,30.283176],[-97.73909,30.283121]]]}},{"type":"Feature","id":382130480,"properties":{"osmId":382130480,"category":"religious","addr:housenumber":"1310","addr:street":"Salina Street","amenity":"place_of_worship","building":"yes","denomination":"protestant","height":"6.6","name":"Sanctuary of Deliverance","religion":"christian"},"geometry":{"type":"Polygon","coordinates":[[[-97.721394,30.275477],[-97.721372,30.275375],[-97.721434,30.275365],[-97.721431,30.27535],[-97.72145,30.275347],[-97.721441,30.275308],[-97.721515,30.275296],[-97.721512,30.275283],[-97.721534,30.27528],[-97.721572,30.275455],[-97.721395,30.275484],[-97.721394,30.275477]]]}},{"type":"Feature","id":382130550,"properties":{"osmId":382130550,"category":"religious","addr:housenumber":"1700","addr:street":"East 16th Street","amenity":"place_of_worship","building":"church","denomination":"baptist","height":"7.9","name":"Corinth Baptist Church","religion":"christian"},"geometry":{"type":"Polygon","coordinates":[[[-97.721922,30.276877],[-97.721982,30.276866],[-97.721979,30.276856],[-97.722043,30.276844],[-97.722037,30.276818],[-97.722171,30.276793],[-97.722167,30.276775],[-97.722298,30.27675],[-97.72227,30.276641],[-97.7223,30.276635],[-97.722296,30.276619],[-97.722343,30.27661],[-97.722347,30.276624],[-97.722382,30.276617],[-97.722433,30.276818],[-97.722223,30.276858],[-97.722214,30.276824],[-97.722096,30.276847],[-97.722103,30.276878],[-97.721929,30.276911],[-97.721922,30.276877]]]}},{"type":"Feature","id":382130745,"properties":{"osmId":382130745,"category":"religious","building":"yes"},"geometry":{"type":"Polygon","coordinates":[[[-97.721883,30.276914],[-97.721877,30.276893],[-97.721899,30.276888],[-97.721905,30.276909],[-97.721883,30.276914]]]}},{"type":"Feature","id":382368280,"properties":{"osmId":382368280,"category":"religious","addr:city":"Austin","addr:housenumber":"1190","addr:postcode":"78702","addr:state":"TX","addr:street":"Chicon Street","air_conditioning":"yes","amenity":"place_of_worship","building":"church","check_date":"2023-11-15","contact:facebook":"https://www.facebook.com/eccatx/","denomination":"nondenominational","email":"info@eccatx.com","height":"11.8","name":"Eastside Community Church","phone":"+1-512-537-2534","religion":"christian","service_times":"Su 11:00","website":"https://www.eccatx.com/","wheelchair":"yes"},"geometry":{"type":"Polygon","coordinates":[[[-97.7198666,30.2730839],[-97.7198464,30.2729954],[-97.7198516,30.2729946],[-97.7198388,30.2729388],[-97.7198324,30.2729398],[-97.7198245,30.2729051],[-97.7201117,30.2728561],[-97.720139,30.2729757],[-97.7201643,30.2729714],[-97.7201802,30.2730409],[-97.720128,30.2730498],[-97.7201312,30.273064],[-97.720105,30.2730684],[-97.7201222,30.2731435],[-97.7199206,30.2731779],[-97.7198979,30.2730786],[-97.7198666,30.2730839]]]}},{"type":"Feature","id":382368381,"properties":{"osmId":382368381,"category":"religious","addr:city":"Austin","addr:housenumber":"1701","addr:postcode":"78702","addr:state":"TX","addr:street":"East 12th Street","air_conditioning":"yes","amenity":"place_of_worship","building":"church","check_date":"2023-11-15","contact:facebook":"https://www.facebook.com/SimpsonATX/","denomination":"united_methodist","email":"simpsonunited2@att.net","fax":"+1-512-520-4027","height":"17.4","name":"Simpson United Methodist Church","phone":"+1-512-472-8818","religion":"christian","service_times":"Su 11:00","website":"https://simpsonunitedmethodist.org/","wheelchair":"yes"},"geometry":{"type":"Polygon","coordinates":[[[-97.721668,30.273301],[-97.7216314,30.2731228],[-97.7215769,30.2731311],[-97.7215735,30.2731144],[-97.7215582,30.2731168],[-97.7215529,30.2730909],[-97.7215688,30.2730885],[-97.721552,30.2730066],[-97.7217438,30.2729773],[-97.7217528,30.2730212],[-97.721787,30.273016],[-97.7217939,30.2730495],[-97.7217609,30.2730546],[-97.7217702,30.2730997],[-97.7217527,30.2731024],[-97.7217897,30.2732824],[-97.7217806,30.2732838],[-97.7217856,30.2733077],[-97.7216823,30.2733236],[-97.7216774,30.2732995],[-97.721668,30.273301]]]}},{"type":"Feature","id":382368400,"properties":{"osmId":382368400,"category":"religious","addr:city":"Austin","addr:housenumber":"1801","addr:postcode":"78702","addr:state":"TX","addr:street":"Pennsylvania Avenue","amenity":"place_of_worship","building":"yes","check_date":"2024-02-29","denomination":"protestant","height":"11.5","name":"South Austin Community Church","religion":"christian"},"geometry":{"type":"Polygon","coordinates":[[[-97.720008,30.271449],[-97.719996,30.271392],[-97.720112,30.271375],[-97.720099,30.271309],[-97.720299,30.27128],[-97.720344,30.271509],[-97.720029,30.271556],[-97.720008,30.271449]]]}},{"type":"Feature","id":382368511,"properties":{"osmId":382368511,"category":"religious","building":"yes","height":"3.3"},"geometry":{"type":"Polygon","coordinates":[[[-97.720345,30.271844],[-97.720409,30.271831],[-97.720418,30.271865],[-97.720354,30.271878],[-97.720345,30.271844]]]}},{"type":"Feature","id":382368555,"properties":{"osmId":382368555,"category":"religious","building":"yes","height":"4.4"},"geometry":{"type":"Polygon","coordinates":[[[-97.720197,30.272101],[-97.720173,30.272001],[-97.720254,30.271986],[-97.720278,30.272087],[-97.720197,30.272101]]]}},{"type":"Feature","id":382368686,"properties":{"osmId":382368686,"category":"religious","amenity":"place_of_worship","building":"yes","height":"4.9","name":"New Testament Christian Church","religion":"christian"},"geometry":{"type":"Polygon","coordinates":[[[-97.720237,30.271763],[-97.720389,30.271739],[-97.720406,30.271826],[-97.720204,30.271857],[-97.720186,30.27177],[-97.720237,30.271763]]]}},{"type":"Feature","id":498384107,"properties":{"osmId":498384107,"category":"academic","building":"yes"},"geometry":{"type":"Polygon","coordinates":[[[-97.7383248,30.294554],[-97.7376734,30.2942442],[-97.7377743,30.2940861],[-97.7380507,30.2942175],[-97.7380316,30.2942473],[-97.7381817,30.2943187],[-97.7382838,30.2941586],[-97.7383801,30.2942044],[-97.7383452,30.2942591],[-97.7384739,30.2943203],[-97.7383248,30.294554]]]}},{"type":"Feature","id":516282867,"properties":{"osmId":516282867,"category":"academic","addr:city":"Austin","addr:housenumber":"2501","addr:postcode":"78712","addr:state":"TX","addr:street":"Speedway","building":"university","building:levels":"8","name":"Engineering Education and Research Center","ref":"EER","source":"local knowledge"},"geometry":{"type":"Polygon","coordinates":[[[-97.7357142,30.2886123],[-97.7355818,30.2886041],[-97.7355626,30.2887634],[-97.7351841,30.2887353],[-97.7351934,30.2885915],[-97.7348647,30.2885682],[-97.7348848,30.2883609],[-97.734986,30.2883661],[-97.7350045,30.288188],[-97.7348957,30.2881777],[-97.734921,30.2879451],[-97.7357785,30.2880099],[-97.7357567,30.2882447],[-97.7356625,30.2882375],[-97.7356431,30.2883886],[-97.7357437,30.2883968],[-97.7357142,30.2886123]]]}},{"type":"Feature","id":516282874,"properties":{"osmId":516282874,"category":"medical","addr:city":"Austin","addr:housenumber":"1601","addr:postcode":"78701","addr:state":"TX","addr:street":"Trinity Street","addr:unit":"A","building":"hospital","name":"Health Transformation Building","ref":"HTB"},"geometry":{"type":"Polygon","coordinates":[[[-97.7350982,30.2777861],[-97.735009,30.2777623],[-97.7350582,30.277628],[-97.735082,30.277563],[-97.7346822,30.2774548],[-97.7350173,30.2766799],[-97.7349945,30.2766714],[-97.7350193,30.2765915],[-97.7350459,30.2765992],[-97.7354169,30.2767058],[-97.7353921,30.2767803],[-97.735555,30.2768274],[-97.7355325,30.2768897],[-97.7354823,30.276877],[-97.7352259,30.2775748],[-97.7351802,30.2775622],[-97.7351541,30.2776334],[-97.7350982,30.2777861]]]}},{"type":"Feature","id":516283024,"properties":{"osmId":516283024,"category":"academic","building":"university","building:levels":"5","name":"Robert B. Rowling Hall","ref":"RRH"},"geometry":{"type":"Polygon","coordinates":[[[-97.7417628,30.2825384],[-97.7416631,30.2825306],[-97.7415418,30.2825211],[-97.7412036,30.2824946],[-97.7412234,30.2822887],[-97.7414245,30.2822796],[-97.7414502,30.2822325],[-97.741453,30.2821104],[-97.741457,30.2819547],[-97.7413122,30.2819131],[-97.741103,30.2819152],[-97.7411084,30.2817046],[-97.7418057,30.2819038],[-97.7417628,30.2825384]]]}},{"type":"Feature","id":516285436,"properties":{"osmId":516285436,"category":"medical","addr:city":"Austin","addr:housenumber":"1501","addr:postcode":"78701","addr:state":"TX","addr:street":"Red River Street","building":"hospital","building:levels":"7","name":"Health Learning Building","ref":"HLB"},"geometry":{"type":"Polygon","coordinates":[[[-97.7336331,30.2756991],[-97.7329565,30.2755115],[-97.7329823,30.2754536],[-97.7329894,30.2754558],[-97.7330438,30.2753201],[-97.7333449,30.2754002],[-97.7333498,30.2753842],[-97.733549,30.2754405],[-97.7335452,30.2754475],[-97.733651,30.2754746],[-97.7336348,30.2755133],[-97.7336941,30.2755308],[-97.7336331,30.2756991]]]}},{"type":"Feature","id":516285446,"properties":{"osmId":516285446,"category":"medical","addr:city":"Austin","addr:housenumber":"1500","addr:postcode":"78701","addr:state":"TX","addr:street":"Red River Street","building":"hospital","name":"Dell Seton Medical Center at the University of Texas","ref":"DSMC","smoking":"outside","wheelchair":"yes","wikidata":"Q109237279","wikipedia":"en:Dell Seton Medical Center"},"geometry":{"type":"Polygon","coordinates":[[[-97.7340144,30.2771997],[-97.7341302,30.2768794],[-97.7342018,30.2768984],[-97.7342463,30.2767786],[-97.734268,30.2767843],[-97.7343023,30.2766989],[-97.7343984,30.2764608],[-97.7345641,30.2760501],[-97.7344264,30.2760101],[-97.7344536,30.2759299],[-97.7346162,30.2759763],[-97.7346901,30.2759975],[-97.7347225,30.2760067],[-97.7347465,30.2760137],[-97.7347685,30.2759544],[-97.7347433,30.2759474],[-97.7347947,30.2758097],[-97.7347688,30.2758028],[-97.7346977,30.2757837],[-97.7346226,30.2757635],[-97.7345768,30.2757503],[-97.7339585,30.2755852],[-97.7338679,30.2758368],[-97.7339511,30.2758592],[-97.7337744,30.2763499],[-97.733699,30.2763297],[-97.7334946,30.276881],[-97.7339956,30.2770176],[-97.7339409,30.2771798],[-97.7340144,30.2771997]]]}},{"type":"Feature","id":620651954,"properties":{"osmId":620651954,"category":"athletic","building":"stadium"},"geometry":{"type":"Polygon","coordinates":[[[-97.7304439,30.2833908],[-97.7305776,30.2834256],[-97.7310153,30.2820924],[-97.7308625,30.2820552],[-97.7304439,30.2833908]]]}},{"type":"Feature","id":656119772,"properties":{"osmId":656119772,"category":"academic","addr:city":"Austin","addr:housenumber":"305","addr:postcode":"78705","addr:state":"TX","addr:street":"Inner Campus Drive","building":"university","building:colour":"#deb887","building:levels":"3","ele":"176","height":"13","min_height":"10","name":"Sutton Hall","ref":"SUT","roof:colour":"#872e08","roof:height":"3","roof:shape":"hipped","wikidata":"Q7650275"},"geometry":{"type":"Polygon","coordinates":[[[-97.7411654,30.2848697],[-97.7411431,30.2850883],[-97.7404978,30.2850392],[-97.7405201,30.2848206],[-97.7411654,30.2848697]]]}},{"type":"Feature","id":693313974,"properties":{"osmId":693313974,"category":"medical","building":"hospital","name":"Austin Lakes Hospital"},"geometry":{"type":"Polygon","coordinates":[[[-97.7239365,30.2887525],[-97.7241013,30.2888302],[-97.7239822,30.2890203],[-97.7242037,30.2891279],[-97.7241082,30.2892785],[-97.7239407,30.2892032],[-97.7239144,30.2892462],[-97.7237981,30.2891865],[-97.7238133,30.2891566],[-97.723759,30.289129],[-97.7237025,30.2891004],[-97.7239365,30.2887525]]]}},{"type":"Feature","id":759760108,"properties":{"osmId":759760108,"category":"religious","addr:city":"Austin","addr:housenumber":"3501","addr:postcode":"78705","addr:state":"TX","addr:street":"Red River Street","air_conditioning":"yes","amenity":"place_of_worship","baby_feeding":"room","building":"church","check_date":"2024-01-31","denomination":"lutheran","description":"Lutheran Church (Missouri Synod)","ele":"182","gnis:feature_id":"2360618","name":"Saint Paul Lutheran Church","religion":"christian","service_times":"Su 08:00,11:00; We 18:00","website":"https://www.stpaulaustin.org/"},"geometry":{"type":"Polygon","coordinates":[[[-97.7239795,30.294129],[-97.7238251,30.2940533],[-97.723799,30.2940931],[-97.7237145,30.2940522],[-97.7237543,30.2939964],[-97.7236659,30.2939555],[-97.723703,30.2938864],[-97.7237992,30.2937371],[-97.7238933,30.2937815],[-97.7238371,30.2938692],[-97.7238972,30.2938986],[-97.7238702,30.2939471],[-97.724038,30.2940207],[-97.7240455,30.294013],[-97.7240849,30.2940348],[-97.7239995,30.2941616],[-97.7239827,30.2941639],[-97.7239725,30.2941578],[-97.7239672,30.2941463],[-97.7239795,30.294129]]]}},{"type":"Feature","id":899338062,"properties":{"osmId":899338062,"category":"academic","building":"university"},"geometry":{"type":"Polygon","coordinates":[[[-97.735637,30.2878941],[-97.7353795,30.2878732],[-97.7353986,30.2876975],[-97.7356561,30.2877184],[-97.735637,30.2878941]]]}},{"type":"Feature","id":953200132,"properties":{"osmId":953200132,"category":"athletic","addr:city":"Austin","addr:housenumber":"2001","addr:postcode":"78712","addr:state":"TX","addr:street":"Robert Dedman Drive","architect":"Gensler","building":"stadium","description":"Basketball arena and events center","name":"Moody Center","note":"Dimensions approximate","ref":"MCA","smoking":"no","start_date":"2022-04-18","website":"http://www.moodycenteratx.com","wikidata":"Q79477138","wikipedia":"en:Moody Center"},"geometry":{"type":"Polygon","coordinates":[[[-97.7309397,30.2816446],[-97.7308995,30.2816657],[-97.7304621,30.281589],[-97.7302406,30.2814094],[-97.7299005,30.2811032],[-97.7298563,30.2809913],[-97.7299089,30.2809785],[-97.7299058,30.2808814],[-97.7299164,30.2808229],[-97.7299513,30.2807274],[-97.7299934,30.2806664],[-97.7299401,30.2806279],[-97.7300188,30.2805527],[-97.7300892,30.2804883],[-97.7301735,30.2804273],[-97.7302123,30.2804586],[-97.7302468,30.2804324],[-97.7302936,30.2804074],[-97.7304432,30.28034],[-97.730561,30.2803266],[-97.7306132,30.2803304],[-97.7306428,30.2802848],[-97.7307941,30.2803323],[-97.731302,30.2807811],[-97.7313845,30.2808948],[-97.7314485,30.2811107],[-97.7314391,30.2811628],[-97.7314305,30.2811727],[-97.731412,30.2811729],[-97.731363,30.2811651],[-97.7313149,30.2812418],[-97.7312173,30.2813559],[-97.731163,30.2814021],[-97.7311088,30.2814484],[-97.7309676,30.2815655],[-97.7309397,30.2816446]]]}},{"type":"Feature","id":1021335881,"properties":{"osmId":1021335881,"category":"other","access":"customers","amenity":"parking","building":"parking","building:levels":"6","name":"Health Center Garage","operator":"The University of Texas at Austin","operator:type":"university","parking":"multi-storey","ref":"HCG"},"geometry":{"type":"Polygon","coordinates":[[[-97.735555,30.2768274],[-97.7357083,30.2763977],[-97.7357392,30.276312],[-97.7351962,30.2761723],[-97.7350459,30.2765992],[-97.7354169,30.2767058],[-97.7353921,30.2767803],[-97.735555,30.2768274]]]}},{"type":"Feature","id":1054317156,"properties":{"osmId":1054317156,"category":"academic","building":"university","building:levels":"4","name":"Basketball and Rowing Training Facility","ref":"BBR"},"geometry":{"type":"Polygon","coordinates":[[[-97.7318135,30.2808238],[-97.7319033,30.2805258],[-97.7318361,30.2805107],[-97.7319222,30.2802254],[-97.7319503,30.2802317],[-97.7320017,30.2800611],[-97.7316887,30.2799908],[-97.7314614,30.2807446],[-97.7318135,30.2808238]]]}},{"type":"Feature","id":1054507728,"properties":{"osmId":1054507728,"category":"medical","addr:city":"Austin","addr:housenumber":"1601","addr:postcode":"78701","addr:state":"TX","addr:street":"Trinity Street","addr:unit":"B","building":"hospital","name":"Health Discovery Building","ref":"HDB"},"geometry":{"type":"Polygon","coordinates":[[[-97.7350982,30.2777861],[-97.735186,30.2778099],[-97.7349339,30.2785081],[-97.7343063,30.2783275],[-97.7341829,30.2780588],[-97.7343045,30.2780088],[-97.7342448,30.2779097],[-97.7344569,30.2778077],[-97.7344726,30.2778364],[-97.7346442,30.2777623],[-97.7347086,30.2778596],[-97.734891,30.2777715],[-97.7349124,30.2777345],[-97.735009,30.2777623],[-97.7350982,30.2777861]]]}},{"type":"Feature","id":1089730388,"properties":{"osmId":1089730388,"category":"academic","addr:city":"Austin","addr:housenumber":"2026","addr:postcode":"78705","addr:state":"TX","addr:street":"Guadalupe Street","amenity":"school","building":"school","building:levels":"6","check_date":"2024-03-03","denomination":"roman_catholic","name":"Saint Austin Catholic School","religion":"christian","website":"https://staustinschool.org/"},"geometry":{"type":"Polygon","coordinates":[[[-97.7425063,30.2837503],[-97.7421243,30.2837268],[-97.7421562,30.2834286],[-97.7423541,30.2834432],[-97.7425315,30.2834539],[-97.7425063,30.2837503]]]}},{"type":"Feature","id":1164983004,"properties":{"osmId":1164983004,"category":"academic","addr:city":"Austin","addr:housenumber":"210","addr:postcode":"78712","addr:state":"TX","addr:street":"East 24th Street","building":"university","building:levels":"8","name":"Gary L. Thomas Energy Engineering Building","ref":"GLT"},"geometry":{"type":"Polygon","coordinates":[[[-97.7363283,30.2876694],[-97.735141,30.2875712],[-97.7351571,30.2873918],[-97.7352087,30.2873957],[-97.7352133,30.287369],[-97.7358449,30.2874185],[-97.7358426,30.2874374],[-97.7359103,30.2874414],[-97.7359115,30.2874225],[-97.7362904,30.2874513],[-97.7362846,30.2875117],[-97.7363409,30.2875137],[-97.7363283,30.2876694]]]}},{"type":"Feature","id":1419045023,"properties":{"osmId":1419045023,"category":"academic","building":"university","name":"South End Zone","ref":"SEZ"},"geometry":{"type":"Polygon","coordinates":[[[-97.7332301,30.2827727],[-97.7331616,30.2828324],[-97.7331908,30.2828565],[-97.733121,30.2829365],[-97.7329971,30.2828592],[-97.7328304,30.2828098],[-97.7326283,30.2827845],[-97.7324193,30.282782],[-97.732268,30.2828053],[-97.7321299,30.2828604],[-97.7320793,30.2827692],[-97.7321134,30.282756],[-97.7320626,30.282666],[-97.7320241,30.2826616],[-97.7319982,30.2826335],[-97.732003,30.2825707],[-97.7320034,30.282565],[-97.7320375,30.2825377],[-97.732117,30.2825446],[-97.7321455,30.2825739],[-97.7321444,30.2825898],[-97.7321972,30.2825946],[-97.7322642,30.2825983],[-97.7330447,30.28266],[-97.7331651,30.2826665],[-97.733167,30.2826508],[-97.7332021,30.2826274],[-97.7332803,30.2826322],[-97.7333114,30.2826653],[-97.7333015,30.2827376],[-97.7332708,30.28276],[-97.7332345,30.2827567],[-97.7332301,30.2827727]]]}},{"type":"Feature","id":1419317996,"properties":{"osmId":1419317996,"category":"athletic","building":"yes","man_made":"tower","tower:type":"observation"},"geometry":{"type":"Polygon","coordinates":[[[-97.7270803,30.2843784],[-97.7270705,30.2844107],[-97.7271103,30.2844196],[-97.72712,30.2843874],[-97.7270803,30.2843784]]]}},{"type":"Feature","id":1419317998,"properties":{"osmId":1419317998,"category":"athletic","building":"yes","man_made":"tower","tower:type":"observation"},"geometry":{"type":"Polygon","coordinates":[[[-97.7267381,30.2856111],[-97.7267468,30.285581],[-97.7267089,30.2855727],[-97.7267001,30.2856029],[-97.7267381,30.2856111]]]}},{"type":"Feature","id":1419321225,"properties":{"osmId":1419321225,"category":"athletic","building":"grandstand"},"geometry":{"type":"Polygon","coordinates":[[[-97.7267266,30.2804445],[-97.7268465,30.2804445],[-97.7268495,30.2804445],[-97.7268499,30.2798295],[-97.726727,30.2798294],[-97.7267266,30.2804445]]]}},{"type":"Feature","id":1419321226,"properties":{"osmId":1419321226,"category":"athletic","building":"grandstand","building:levels":"0","layer":"1"},"geometry":{"type":"Polygon","coordinates":[[[-97.7262105,30.2794451],[-97.7261583,30.2791981],[-97.7264766,30.2791512],[-97.7265741,30.279147],[-97.7266691,30.2791672],[-97.7267444,30.2792024],[-97.7268209,30.2792493],[-97.7268888,30.2793058],[-97.7269394,30.2793729],[-97.7269653,30.2794475],[-97.7270256,30.2797507],[-97.7267537,30.2797889],[-97.7266689,30.2794592],[-97.726566,30.279398],[-97.7262105,30.2794451]]]}},{"type":"Feature","id":1419321227,"properties":{"osmId":1419321227,"category":"athletic","building":"grandstand"},"geometry":{"type":"Polygon","coordinates":[[[-97.7261454,30.2794649],[-97.7257658,30.2795976],[-97.725721,30.279502],[-97.7261006,30.2793693],[-97.7261454,30.2794649]]]}},{"type":"Feature","id":1419367789,"properties":{"osmId":1419367789,"category":"academic","building":"university"},"geometry":{"type":"Polygon","coordinates":[[[-97.7323325,30.2819549],[-97.7330499,30.2820117],[-97.7331721,30.2820213],[-97.7331466,30.2822616],[-97.7331818,30.2822644],[-97.7331426,30.2826338],[-97.7330482,30.2826263],[-97.7330447,30.28266],[-97.7322642,30.2825983],[-97.7322756,30.2824885],[-97.7322823,30.2824276],[-97.7323006,30.2822552],[-97.7323325,30.2819549]]]}},{"type":"Feature","id":1419901606,"properties":{"osmId":1419901606,"category":"academic","building":"university"},"geometry":{"type":"Polygon","coordinates":[[[-97.7332301,30.2827727],[-97.7333785,30.2829901],[-97.7334257,30.2830592],[-97.7333171,30.283083],[-97.7332575,30.2830919],[-97.733121,30.2829365],[-97.7331908,30.2828565],[-97.7331616,30.2828324],[-97.7332301,30.2827727]]]}},{"type":"Feature","id":1419901607,"properties":{"osmId":1419901607,"category":"academic","building":"university"},"geometry":{"type":"Polygon","coordinates":[[[-97.7321299,30.2828604],[-97.7319937,30.2829883],[-97.7318394,30.2829147],[-97.7317666,30.2829108],[-97.7320626,30.282666],[-97.7321134,30.282756],[-97.7320793,30.2827692],[-97.7321299,30.2828604]]]}},{"type":"Feature","id":1453294053,"properties":{"osmId":1453294053,"category":"athletic","building":"stadium"},"geometry":{"type":"Polygon","coordinates":[[[-97.734277,30.2810767],[-97.7344256,30.2809079],[-97.7344566,30.2808804],[-97.7344929,30.280859],[-97.7344805,30.2808452],[-97.7344354,30.2808689],[-97.7344,30.2809025],[-97.7342566,30.2810622],[-97.734277,30.2810767]]]}},{"type":"Feature","id":1453294054,"properties":{"osmId":1453294054,"category":"athletic","building":"stadium"},"geometry":{"type":"Polygon","coordinates":[[[-97.7340026,30.2814003],[-97.7342545,30.2810979],[-97.7342326,30.2810844],[-97.7339807,30.2813867],[-97.7340026,30.2814003]]]}}]}