{"type":"FeatureCollection","features":[{"type":"Feature","id":39263997,"properties":{"osmId":39263997,"category":"academic","addr:city":"New Haven","addr:housenumber":"67-81","addr:postcode":"06511","addr:state":"CT","addr:street":"Howe Street","amenity":"parking","building":"university","layer":"4","name":"Howe Street Garage","operator":"Yale University","_wikiTried":true},"geometry":{"type":"Polygon","coordinates":[[[-72.9351011,41.3096787],[-72.9349865,41.3096238],[-72.9350211,41.3095886],[-72.9349404,41.3095548],[-72.934913,41.3095927],[-72.9348421,41.3095574],[-72.9345797,41.3098103],[-72.9345528,41.3098362],[-72.9344908,41.3098113],[-72.9344728,41.3098371],[-72.9343836,41.3099573],[-72.9343505,41.3099985],[-72.93434,41.3100131],[-72.9342892,41.3100888],[-72.9346794,41.3102514],[-72.9351011,41.3096787]]]}},{"type":"Feature","id":39264026,"properties":{"osmId":39264026,"category":"academic","addr:city":"New Haven","addr:housenumber":"200","addr:postcode":"06511","addr:state":"CT","addr:street":"Prospect Street","amenity":"parking","building":"university","layer":"3","name":"Prospect/Sachem Garage","operator":"Yale University","parking":"multi-storey","_wikiTried":true},"geometry":{"type":"Polygon","coordinates":[[[-72.9250219,41.31758],[-72.9247083,41.3175582],[-72.9246447,41.3175538],[-72.9245758,41.317549],[-72.9245796,41.317519],[-72.9245558,41.3175173],[-72.9245178,41.3178266],[-72.9244004,41.3178185],[-72.9243953,41.3178597],[-72.9243903,41.3179005],[-72.9244939,41.3179076],[-72.9244963,41.3178878],[-72.9245174,41.3178893],[-72.924468,41.3182905],[-72.9249303,41.3183227],[-72.9249338,41.3182944],[-72.9250219,41.31758]]]}},{"type":"Feature","id":39360523,"properties":{"osmId":39360523,"category":"academic","amenity":"parking","building":"university","name":"Chapel-York Garage","operator":"Yale University","source":"bing","_wikiTried":true},"geometry":{"type":"Polygon","coordinates":[[[-72.9321346,41.3080048],[-72.9324774,41.3081449],[-72.9326752,41.3082257],[-72.9326889,41.3082313],[-72.9326734,41.3082535],[-72.932741,41.3082804],[-72.9329318,41.3079982],[-72.9329029,41.3079855],[-72.9329164,41.3079676],[-72.9329336,41.3079463],[-72.9329249,41.3079397],[-72.9323445,41.3077034],[-72.9321346,41.3080048]]]}},{"type":"Feature","id":39360789,"properties":{"osmId":39360789,"category":"academic","addr:city":"New Haven","addr:housenumber":"272","addr:postcode":"06511","addr:state":"CT","addr:street":"Elm Street","building":"university","name":"272 Elm Street","_wikiTried":true},"geometry":{"type":"Polygon","coordinates":[[[-72.9310234,41.310989],[-72.9307908,41.3109065],[-72.9305303,41.3108141],[-72.9306043,41.3106873],[-72.9305814,41.3106788],[-72.930665,41.3105664],[-72.9311626,41.3107786],[-72.9311503,41.310799],[-72.9310234,41.310989]]]}},{"type":"Feature","id":39360863,"properties":{"osmId":39360863,"category":"academic","addr:city":"New Haven","addr:housenumber":"57","addr:postcode":"06511","addr:state":"CT","addr:street":"Lock Street","amenity":"parking","building":"university","name":"Lock Street Garage","operator":"Yale University","parking":"multi-storey","_wikiTried":true},"geometry":{"type":"Polygon","coordinates":[[[-72.9285218,41.316257],[-72.9277672,41.3164964],[-72.9275925,41.3161619],[-72.9277904,41.316101],[-72.9278432,41.3160843],[-72.9278963,41.3160684],[-72.9283503,41.3159289],[-72.9285218,41.316257]]]}},{"type":"Feature","id":49602467,"properties":{"osmId":49602467,"category":"academic","addr:city":"New Haven","addr:housenumber":"70","addr:postcode":"06511","addr:state":"CT","addr:street":"Tower Parkway","building":"university","ele":"25","gnis:feature_id":"1932593","layer":"1","leisure":"sports_centre","name":"Payne Whitney Gymnasium","operator":"Yale University","source":"USGS Geonames","wikidata":"Q7156836","_wikiTried":true},"geometry":{"type":"Polygon","coordinates":[[[-72.932061,41.3130091],[-72.931972,41.3130526],[-72.9319869,41.3130697],[-72.9317812,41.3131701],[-72.9317533,41.313138],[-72.9316842,41.3131717],[-72.9316616,41.3131828],[-72.9316751,41.3131984],[-72.9316317,41.3132196],[-72.9316432,41.313233],[-72.931497,41.3133044],[-72.9314892,41.3132953],[-72.9314626,41.3133084],[-72.9314387,41.3133199],[-72.9314287,41.3133084],[-72.9314168,41.3133142],[-72.9313825,41.3132746],[-72.9309205,41.3135],[-72.9309057,41.313483],[-72.930771,41.3135487],[-72.9308095,41.3135931],[-72.9305067,41.3137409],[-72.9304749,41.3137042],[-72.9303395,41.3137703],[-72.9303517,41.3137844],[-72.9298612,41.3140238],[-72.9302313,41.3144407],[-72.9307177,41.314199],[-72.93075,41.3142344],[-72.9313194,41.3139646],[-72.9312635,41.3138999],[-72.9317329,41.3136709],[-72.9314829,41.3133819],[-72.9315313,41.3133583],[-72.9315934,41.3134301],[-72.9321398,41.3131635],[-72.9321783,41.3131447],[-72.9321495,41.3131115],[-72.9321788,41.3130971],[-72.932122,41.3130315],[-72.9320927,41.3130458],[-72.932061,41.3130091]]]}},{"type":"Feature","id":49989124,"properties":{"osmId":49989124,"category":"religious","amenity":"place_of_worship","building":"church","denomination":"united_church_of_christ","ele":"16","gnis:feature_id":"1933021","name":"United Church on the Green","religion":"christian","_wikiTried":true},"geometry":{"type":"Polygon","coordinates":[[[-72.9262724,41.3086292],[-72.9259672,41.308505],[-72.9259625,41.3085111],[-72.9259414,41.3085407],[-72.925895,41.3085218],[-72.9258139,41.3086342],[-72.9258641,41.3086546],[-72.9258423,41.3086849],[-72.9261428,41.3088071],[-72.9261687,41.3087712],[-72.9261861,41.3087783],[-72.9262607,41.3086748],[-72.9262444,41.3086681],[-72.9262724,41.3086292]]]}},{"type":"Feature","id":49989187,"properties":{"osmId":49989187,"category":"religious","amenity":"place_of_worship","building":"church","denomination":"united_church_of_christ","ele":"15","gnis:feature_id":"1933431","image":"https://commons.wikimedia.org/wiki/File:Center_Church_on_the_Green,_New_Haven,_Connecticut_-_20120429-03.jpg","name":"Center Church on the Green","religion":"christian","_wikiTried":true},"geometry":{"type":"Polygon","coordinates":[[[-72.9267027,41.3080575],[-72.9263871,41.3079265],[-72.926396,41.3079145],[-72.9263435,41.3078927],[-72.9264613,41.3077326],[-72.9265116,41.3077516],[-72.9265225,41.3077383],[-72.9268404,41.3078703],[-72.9268272,41.3078883],[-72.9267184,41.3080361],[-72.9267027,41.3080575]]]}},{"type":"Feature","id":49989228,"properties":{"osmId":49989228,"category":"religious","amenity":"place_of_worship","building":"church","denomination":"episcopal","ele":"15","gnis:feature_id":"1932992","name":"Trinity Episcopal Church","religion":"christian","_wikiTried":true},"geometry":{"type":"Polygon","coordinates":[[[-72.9270236,41.3070448],[-72.9270658,41.3069847],[-72.9270317,41.3069712],[-72.9270778,41.3069056],[-72.9271051,41.3069164],[-72.9271425,41.306863],[-72.9271542,41.3068676],[-72.9275114,41.3070089],[-72.9275238,41.3070138],[-72.9275627,41.3070292],[-72.9274371,41.3072084],[-72.9270291,41.3070472],[-72.9270236,41.3070448]]]}},{"type":"Feature","id":49989324,"properties":{"osmId":49989324,"category":"other","building":"yes","operator":"Yale University"},"geometry":{"type":"Polygon","coordinates":[[[-72.9295659,41.3142954],[-72.929498,41.3142167],[-72.9294371,41.314244],[-72.9293756,41.3142736],[-72.9293136,41.3143035],[-72.9292485,41.3143348],[-72.9292291,41.3143442],[-72.9292956,41.3144156],[-72.9295659,41.3142954]]]}},{"type":"Feature","id":76235245,"properties":{"osmId":76235245,"category":"academic","addr:city":"New Haven","addr:housenumber":"73","addr:postcode":"06511","addr:state":"CT","addr:street":"Sachem Street","architect":"Eero Saarinen","building":"university","fee":"yes","leisure":"sports_centre","name":"Ingalls Ice Rink","operator":"Yale University","operator:type":"university","sport":"ice_hockey","wikidata":"Q13638055","wikipedia":"en:Ingalls Rink","_wikiTried":true},"geometry":{"type":"Polygon","coordinates":[[[-72.9247825,41.3171911],[-72.9248365,41.3172034],[-72.9249323,41.3172297],[-72.9251178,41.3172253],[-72.9251168,41.3172134],[-72.9251186,41.317202],[-72.9251213,41.3171866],[-72.9251283,41.3171746],[-72.9251456,41.3171547],[-72.92517,41.317134],[-72.9251948,41.3171128],[-72.9252178,41.3170904],[-72.9252375,41.3170695],[-72.9252603,41.3170445],[-72.9252803,41.317017],[-72.9253002,41.3169863],[-72.9253157,41.3169596],[-72.9253303,41.3169329],[-72.9253412,41.3169058],[-72.9253518,41.3168665],[-72.92536,41.3168246],[-72.9253628,41.3167964],[-72.9253651,41.3167634],[-72.9253625,41.3167302],[-72.9253576,41.3166957],[-72.9253508,41.31667],[-72.9253392,41.3166414],[-72.9253272,41.3166131],[-72.9253146,41.3165864],[-72.9253007,41.3165598],[-72.9252864,41.3165357],[-72.9252687,41.3165111],[-72.92525,41.3164871],[-72.9252363,41.3164606],[-72.9252299,41.3164422],[-72.925229,41.3164325],[-72.9252303,41.3164241],[-72.9252312,41.3164151],[-72.9252339,41.3164068],[-72.9250614,41.3163715],[-72.9249005,41.3163893],[-72.9248972,41.3164068],[-72.9248916,41.3164191],[-72.9248875,41.3164285],[-72.9248482,41.3164629],[-72.924812,41.3164981],[-72.9247592,41.316548],[-72.9247184,41.3165982],[-72.9246904,41.3166453],[-72.9246737,41.3166819],[-72.924661,41.3167199],[-72.9246509,41.3167593],[-72.9246454,41.3167949],[-72.9246457,41.3168305],[-72.9246476,41.3168619],[-72.9246525,41.3168968],[-72.9246609,41.3169321],[-72.9246752,41.3169675],[-72.9246892,41.3169977],[-72.9247065,41.3170275],[-72.9247213,41.3170542],[-72.9247406,41.3170803],[-72.9247572,41.3171016],[-72.9247766,41.3171286],[-72.9247835,41.3171415],[-72.9247881,41.3171607],[-72.9247872,41.3171741],[-72.9247858,41.3171828],[-72.9247825,41.3171911]]]}},{"type":"Feature","id":114134157,"properties":{"osmId":114134157,"category":"residential","addr:city":"New Haven","addr:housename":"University Towers","addr:housenumber":"100","addr:postcode":"06511","addr:state":"CT","addr:street":"York Street","building":"apartments","name":"University Towers","operator":"Yale University","website":"https://www.utnewhaven.com/UTNewHaven.com/Home.html","_wikiTried":true},"geometry":{"type":"Polygon","coordinates":[[[-72.9332085,41.3066416],[-72.933048,41.3068629],[-72.9328141,41.3071853],[-72.9328437,41.3071975],[-72.9328353,41.307209],[-72.9330274,41.3072877],[-72.9330349,41.3072774],[-72.9330519,41.3072843],[-72.9334465,41.3067403],[-72.9334259,41.3067319],[-72.9334375,41.306716],[-72.9332602,41.3066434],[-72.9332494,41.3066583],[-72.9332085,41.3066416]]]}},{"type":"Feature","id":114134158,"properties":{"osmId":114134158,"category":"residential","addr:city":"New Haven","addr:housename":"Crown Court","addr:housenumber":"129","addr:postcode":"06511","addr:state":"CT","addr:street":"York Street","building":"apartments","name":"The Crown Towers","operator":"Yale University","wikidata":"Q5189471","_wikiTried":true},"geometry":{"type":"Polygon","coordinates":[[[-72.9326689,41.3063902],[-72.9325649,41.3065379],[-72.9323921,41.3067803],[-72.9322507,41.3069787],[-72.9324411,41.3070551],[-72.9325755,41.3068655],[-72.9327233,41.3066569],[-72.9327525,41.3066156],[-72.9328601,41.3064655],[-72.9328213,41.3064526],[-72.9326689,41.3063902]]]}},{"type":"Feature","id":114134159,"properties":{"osmId":114134159,"category":"academic","addr:city":"New Haven","addr:housename":"Beinecke Rare Book and Manuscript Library","addr:housenumber":"121","addr:postcode":"06511","addr:state":"CT","addr:street":"Wall Street","alt_name":"Beinecke Library","amenity":"library","architect":"Gordon Bunshaft","building":"university","ele":"24","gnis:feature_id":"1933300","level":"1","name":"Beinecke Rare Book and Manuscript Library","operator":"Yale University","source":"USGS Geonames","wikidata":"Q814779","wikipedia":"en:Beinecke Rare Book & Manuscript Library","_wikiTried":true},"geometry":{"type":"Polygon","coordinates":[[[-72.9272983,41.3113769],[-72.9275851,41.3114942],[-72.9273502,41.3118179],[-72.9270635,41.3117006],[-72.9272983,41.3113769]]]}},{"type":"Feature","id":114193489,"properties":{"osmId":114193489,"category":"other","addr:city":"New Haven","addr:housenumber":"300","addr:postcode":"06511","addr:state":"CT","addr:street":"George Street","building":"yes","operator":"Yale University"},"geometry":{"type":"Polygon","coordinates":[[[-72.9310986,41.304541],[-72.9309945,41.3046889],[-72.9308922,41.304645],[-72.9306107,41.3050239],[-72.9311291,41.3052411],[-72.9316291,41.3054506],[-72.9319092,41.3050754],[-72.93183,41.3050424],[-72.9319422,41.3048868],[-72.9310986,41.304541]]]}},{"type":"Feature","id":114193509,"properties":{"osmId":114193509,"category":"medical","addr:city":"New Haven","addr:housenumber":"20","addr:postcode":"06519","addr:state":"CT","addr:street":"York Street","building":"hospital","emergency":"yes","gnis:feature_id":"1933200","layer":"1","name":"Yale New Haven Hospital","operator":"Yale University","phone":"+1 203 688 4242","short_name":"YNHH","source":"Bing","website":"https://www.ynhh.org/","wikidata":"Q12073283","wikipedia":"en:Yale New Haven Hospital","_wikiTried":true},"geometry":{"type":"Polygon","coordinates":[[[-72.934799,41.3044303],[-72.934743,41.3045047],[-72.9347166,41.3044923],[-72.9346744,41.3045488],[-72.9347017,41.3045587],[-72.9346903,41.3045765],[-72.9349721,41.3046917],[-72.9349837,41.3047217],[-72.9348274,41.304932],[-72.9348516,41.3049436],[-72.9348373,41.3049634],[-72.9349217,41.3049981],[-72.9349358,41.3049761],[-72.9349878,41.3049984],[-72.935064,41.3048902],[-72.9352824,41.30497],[-72.9353826,41.3049477],[-72.9354272,41.3048817],[-72.9354586,41.3048352],[-72.9354879,41.3047918],[-72.9356631,41.3048621],[-72.9357422,41.3047633],[-72.9357873,41.3047842],[-72.9358503,41.3048135],[-72.9359002,41.3047386],[-72.9360095,41.304783],[-72.9360789,41.304695],[-72.936146,41.30461],[-72.9361684,41.3046167],[-72.9362272,41.3045359],[-72.9362749,41.3045241],[-72.9363549,41.3045629],[-72.9363589,41.3046112],[-72.936433,41.3046408],[-72.9364439,41.3046276],[-72.9365844,41.3045958],[-72.9366036,41.3046025],[-72.9366181,41.3045821],[-72.9366427,41.3045473],[-72.9366197,41.3045185],[-72.9366195,41.3044999],[-72.9366545,41.3044493],[-72.9366944,41.3044409],[-72.9367197,41.304444],[-72.9367566,41.3043889],[-72.9367398,41.304351],[-72.9367129,41.3042841],[-72.9367083,41.3042547],[-72.9366311,41.304231],[-72.9365898,41.3042487],[-72.9364923,41.3042112],[-72.9364895,41.3041941],[-72.9364979,41.3041768],[-72.9364277,41.3041466],[-72.9364168,41.3041448],[-72.9364104,41.3041253],[-72.9364221,41.3041133],[-72.9364125,41.3040889],[-72.9363606,41.303956],[-72.9363876,41.3039167],[-72.9363673,41.3038738],[-72.9357245,41.3035897],[-72.9355748,41.3036177],[-72.93552,41.303628],[-72.9353212,41.3038962],[-72.9352935,41.3038231],[-72.9352072,41.3038424],[-72.9351491,41.3039162],[-72.9351605,41.3039408],[-72.9351491,41.3039454],[-72.9351325,41.3039631],[-72.9351416,41.3039843],[-72.9351249,41.303988],[-72.935116,41.3039715],[-72.9350973,41.3039785],[-72.9350843,41.3039957],[-72.9350989,41.3040415],[-72.9352637,41.3041124],[-72.9352801,41.3041476],[-72.9353678,41.3041871],[-72.9353099,41.3042619],[-72.9353212,41.3042857],[-72.9352834,41.3043378],[-72.935231,41.3044101],[-72.9349424,41.3044653],[-72.934799,41.3044303]]]}},{"type":"Feature","id":114626278,"properties":{"osmId":114626278,"category":"academic","building":"university","name":"82 Wall Street","operator":"Yale University","_wikiTried":true},"geometry":{"type":"Polygon","coordinates":[[[-72.92579,41.3105108],[-72.9258738,41.3104032],[-72.9255843,41.310276],[-72.9256151,41.3102364],[-72.9255825,41.3102221],[-72.9254832,41.3101784],[-72.9254566,41.3102126],[-72.9253686,41.3103256],[-72.92579,41.3105108]]]}},{"type":"Feature","id":114626279,"properties":{"osmId":114626279,"category":"religious","addr:state":"CT","alt_name":"Joseph Slifka Center for Jewish Life","amenity":"place_of_worship","building":"yes","designation":"Yale Hillel","ele":"21","gnis:feature_id":"1933435","name":"Slifka Center for Jewish Life","religion":"jewish","source":"USGS Geonames","_wikiTried":true},"geometry":{"type":"Polygon","coordinates":[[[-72.9251348,41.3102371],[-72.9251958,41.3102644],[-72.9252073,41.3102499],[-72.9253381,41.3103084],[-72.9254766,41.3101338],[-72.9254529,41.3101231],[-72.9255045,41.310058],[-72.9253115,41.3099717],[-72.9251099,41.310226],[-72.9251348,41.3102371]]]}},{"type":"Feature","id":114626512,"properties":{"osmId":114626512,"category":"academic","addr:city":"New Haven","addr:housenumber":"350","addr:postcode":"06511","addr:state":"CT","addr:street":"George Street","building":"university","name":"350 George","operator":"Yale University","_wikiTried":true},"geometry":{"type":"Polygon","coordinates":[[[-72.9324569,41.3058192],[-72.932787,41.305382],[-72.9330101,41.305477],[-72.9330579,41.3054137],[-72.9333681,41.3055458],[-72.9333204,41.305609],[-72.9334945,41.3056831],[-72.9331642,41.3061205],[-72.9324569,41.3058192]]]}},{"type":"Feature","id":114670538,"properties":{"osmId":114670538,"category":"other","addr:city":"New Haven","addr:housenumber":"55","addr:postcode":"06511","addr:state":"CT","addr:street":"Church Street","building":"yes","building:levels":"8","operator":"Yale University","source":"bing"},"geometry":{"type":"Polygon","coordinates":[[[-72.9265178,41.3047878],[-72.9264395,41.3048921],[-72.9264169,41.3048832],[-72.9263051,41.3050341],[-72.9261537,41.3052566],[-72.9256862,41.3050559],[-72.9258381,41.304844],[-72.9259381,41.3048844],[-72.9260063,41.3047942],[-72.9258967,41.3047493],[-72.9260215,41.3045819],[-72.9265178,41.3047878]]]}},{"type":"Feature","id":114670808,"properties":{"osmId":114670808,"category":"academic","addr:city":"New Haven","addr:housenumber":"2","addr:postcode":"06510","addr:state":"CT","addr:street":"Whitney Avenue","building":"university","name":"Whitney Grove Square","operator":"Yale University","wikidata":"Q31823964","_wikiTried":true},"geometry":{"type":"Polygon","coordinates":[[[-72.9227092,41.3106292],[-72.9226862,41.3106378],[-72.922683,41.3106451],[-72.9226835,41.3106645],[-72.922674,41.3106653],[-72.92266,41.3107143],[-72.9226465,41.3107615],[-72.922629,41.3107612],[-72.922626,41.3107815],[-72.9226385,41.3107847],[-72.9226054,41.3108836],[-72.9225967,41.3109095],[-72.9225673,41.3110039],[-72.9225524,41.3110062],[-72.9225488,41.3110248],[-72.9225582,41.3110252],[-72.9225577,41.3110314],[-72.9227002,41.3110951],[-72.9228223,41.3109443],[-72.9228935,41.3109753],[-72.9229335,41.3109218],[-72.9231347,41.3110023],[-72.9232411,41.3108528],[-72.9231299,41.3108065],[-72.9227419,41.3106388],[-72.9227363,41.3106441],[-72.9227271,41.3106339],[-72.9227092,41.3106292]]]}},{"type":"Feature","id":114670911,"properties":{"osmId":114670911,"category":"academic","addr:city":"New Haven","addr:housenumber":"109","addr:postcode":"06510","addr:state":"CT","addr:street":"Grove Street","building":"university","layer":"1","name":"Rosenfeld Hall","operator":"Yale University","_wikiTried":true},"geometry":{"type":"Polygon","coordinates":[[[-72.9230861,41.3112087],[-72.9231759,41.3112451],[-72.9231898,41.3112273],[-72.9232164,41.3112416],[-72.9232307,41.3112471],[-72.9232628,41.311212],[-72.9233132,41.3112347],[-72.923296,41.311277],[-72.923359,41.3113002],[-72.9233758,41.3112672],[-72.9234723,41.3112994],[-72.9235286,41.3112148],[-72.9235045,41.3111906],[-72.923365,41.3111382],[-72.9233517,41.3111126],[-72.9233386,41.3110826],[-72.92336,41.3110533],[-72.9233526,41.3110495],[-72.9233852,41.3110057],[-72.923392,41.3110088],[-72.9234127,41.3109816],[-72.9234012,41.3109761],[-72.9234171,41.3109508],[-72.9233109,41.310907],[-72.9232944,41.3109307],[-72.9232811,41.3109276],[-72.923263,41.310949],[-72.9232247,41.310938],[-72.9231912,41.3109799],[-72.923234,41.3109968],[-72.9230861,41.3112087]]]}},{"type":"Feature","id":139420880,"properties":{"osmId":139420880,"category":"academic","addr:state":"CT","building":"university","ele":"20","gnis:feature_id":"1933867","name":"William L. Harkness Hall","source":"USGS Geonames","_wikiTried":true},"geometry":{"type":"Polygon","coordinates":[[[-72.9265557,41.3103929],[-72.9265917,41.3104066],[-72.9265978,41.3103984],[-72.9267091,41.310446],[-72.9266865,41.3104756],[-72.9267124,41.310486],[-72.9267879,41.3105163],[-72.9269879,41.3105963],[-72.9270061,41.3105707],[-72.9270092,41.3105687],[-72.9270774,41.3105984],[-72.9271544,41.3106319],[-72.9270963,41.310713],[-72.9270835,41.3107072],[-72.9269355,41.3109162],[-72.9269063,41.3109574],[-72.9267867,41.310912],[-72.9268136,41.3108753],[-72.9267844,41.3108631],[-72.926817,41.310816],[-72.9268262,41.3108198],[-72.9268645,41.3107664],[-72.9268735,41.3107672],[-72.9269233,41.3107031],[-72.9267548,41.3106307],[-72.9267337,41.3106638],[-72.926476,41.3105557],[-72.9264808,41.3105498],[-72.9264847,41.310545],[-72.9264546,41.3105317],[-72.9265557,41.3103929]]]}},{"type":"Feature","id":139420882,"properties":{"osmId":139420882,"category":"academic","addr:city":"New Haven","addr:housenumber":"470","addr:postcode":"06511","addr:state":"CT","addr:street":"College Street","alt_name":"Sprague Building","building":"university","ele":"22","gnis:feature_id":"1932917","name":"Sprague Memorial Hall","source":"USGS Geonames","_wikiTried":true},"geometry":{"type":"Polygon","coordinates":[[[-72.9264319,41.3105727],[-72.9263149,41.3107279],[-72.9267509,41.3109102],[-72.9267844,41.3108631],[-72.926817,41.310816],[-72.9268934,41.3106999],[-72.9267855,41.3106548],[-72.9267544,41.3107007],[-72.9264319,41.3105727]]]}},{"type":"Feature","id":139420893,"properties":{"osmId":139420893,"category":"academic","building":"university","name":"Berkeley College (North)","_wikiTried":true},"geometry":{"type":"Polygon","coordinates":[[[-72.9273277,41.3108888],[-72.9273647,41.3108385],[-72.9273768,41.3108239],[-72.9274965,41.3108713],[-72.9274932,41.310876],[-72.9274771,41.3108986],[-72.9273721,41.3110462],[-72.927633,41.3111509],[-72.9276963,41.3111763],[-72.9277431,41.3111941],[-72.9277696,41.3111583],[-72.9278241,41.3110772],[-72.9279217,41.3111156],[-72.9279409,41.3111233],[-72.9279059,41.3111725],[-72.9278555,41.3112435],[-72.9277862,41.3113409],[-72.927678,41.3112975],[-72.9276844,41.3112885],[-72.9275285,41.3112243],[-72.9272908,41.3111255],[-72.9272879,41.3111297],[-72.9271837,41.3110874],[-72.9272276,41.3110269],[-72.9272208,41.3110242],[-72.927243,41.3109944],[-72.9272496,41.3109965],[-72.9273075,41.3109167],[-72.9273277,41.3108888]]]}},{"type":"Feature","id":139753858,"properties":{"osmId":139753858,"category":"academic","addr:city":"New Haven","addr:housenumber":"67","addr:postcode":"06511","addr:state":"CT","addr:street":"High Street","building":"university","ele":"22","gnis:feature_id":"1933646","name":"Dwight Hall & Memorial Chapel","operator":"Yale University","_wikiTried":true},"geometry":{"type":"Polygon","coordinates":[[[-72.9295159,41.3088144],[-72.9294714,41.3088758],[-72.9294517,41.3088677],[-72.9294101,41.3089252],[-72.9294703,41.3089498],[-72.9294583,41.3089663],[-72.9294748,41.3089747],[-72.9294852,41.3089794],[-72.9294864,41.3089876],[-72.9294802,41.3089952],[-72.929469,41.3089985],[-72.9294596,41.3089944],[-72.9294333,41.3090306],[-72.9294471,41.3090362],[-72.9294466,41.3090436],[-72.9294397,41.3090503],[-72.9294312,41.3090521],[-72.9294182,41.3090465],[-72.9294067,41.3090415],[-72.9293917,41.3090625],[-72.9293286,41.3090367],[-72.9292852,41.3090966],[-72.9293052,41.3091048],[-72.9292609,41.3091659],[-72.9292468,41.3091605],[-72.9290589,41.3090834],[-72.9291044,41.3090205],[-72.9291468,41.3090378],[-72.929159,41.3090209],[-72.9291712,41.309004],[-72.9291797,41.3089923],[-72.9291932,41.3089737],[-72.9291233,41.3089438],[-72.9291337,41.3089289],[-72.929129,41.3089241],[-72.9291287,41.3089186],[-72.9291329,41.3089125],[-72.92914,41.3089098],[-72.9291477,41.3089102],[-72.9291605,41.3088936],[-72.929174,41.3088761],[-72.929169,41.308871],[-72.9291676,41.3088657],[-72.9291729,41.3088596],[-72.9291805,41.3088566],[-72.9291899,41.3088585],[-72.9291995,41.3088449],[-72.9292128,41.3088508],[-72.9292633,41.3088731],[-72.9292848,41.3088433],[-72.9292913,41.3088343],[-72.9292977,41.3088256],[-72.9293106,41.3088078],[-72.9292709,41.3087916],[-72.9292889,41.3087667],[-72.929297,41.3087555],[-72.9293033,41.3087467],[-72.929314,41.3087319],[-72.9294302,41.3087794],[-72.9295159,41.3088144]]]}},{"type":"Feature","id":139753861,"properties":{"osmId":139753861,"category":"academic","addr:city":"New Haven","addr:housenumber":"1035","addr:postcode":"06511","addr:state":"CT","addr:street":"Chapel Street","building":"university","ele":"21","gnis:feature_id":"1933045","layer":"1","name":"Vanderbilt Hall","operator":"Yale University","source":"USGS Geonames","_wikiTried":true},"geometry":{"type":"Polygon","coordinates":[[[-72.9291444,41.3076587],[-72.9290564,41.3077819],[-72.9289624,41.3079135],[-72.9289404,41.3079443],[-72.9290229,41.3079776],[-72.9291816,41.3080415],[-72.9291816,41.3080523],[-72.9291955,41.3080595],[-72.929213,41.3080547],[-72.9292321,41.3080624],[-72.9292803,41.3080819],[-72.9292807,41.3080926],[-72.9292934,41.3080983],[-72.9293069,41.3080956],[-72.9293721,41.3081238],[-72.9294943,41.3081765],[-72.9295204,41.3081878],[-72.9297386,41.3079061],[-72.9296048,41.3078483],[-72.9295982,41.307858],[-72.9295414,41.307941],[-72.9294909,41.3080149],[-72.9294528,41.3080226],[-72.929386,41.307994],[-72.92939,41.3079839],[-72.9293866,41.3079714],[-72.9293688,41.3079654],[-72.9293579,41.3079702],[-72.9293499,41.3079761],[-72.929292,41.3079536],[-72.9292977,41.3079431],[-72.9292932,41.307933],[-72.9292757,41.3079271],[-72.9292634,41.3079315],[-72.9292584,41.3079409],[-72.9291702,41.3079033],[-72.9291631,41.3078882],[-72.9291584,41.307878],[-72.9292136,41.3078034],[-72.9292719,41.3077246],[-72.9292819,41.3077111],[-72.9291444,41.3076587]]]}},{"type":"Feature","id":139753866,"properties":{"osmId":139753866,"category":"academic","addr:city":"New Haven","addr:housenumber":"217","addr:postcode":"06511","addr:state":"CT","addr:street":"Park Street","building":"university","operator":"Yale University"},"geometry":{"type":"Polygon","coordinates":[[[-72.9324166,41.3095516],[-72.9324086,41.3095489],[-72.9323991,41.3095458],[-72.9323745,41.3095383],[-72.932404,41.309474],[-72.9324803,41.3094923],[-72.9324868,41.3094805],[-72.9326376,41.3095186],[-72.9326436,41.3095058],[-72.9327318,41.3095268],[-72.9327299,41.3095351],[-72.9327432,41.309539],[-72.9328561,41.309572],[-72.9328307,41.3096352],[-72.9327267,41.3096105],[-72.9327249,41.309615],[-72.9326938,41.309609],[-72.9325197,41.3095756],[-72.9324166,41.3095516]]]}},{"type":"Feature","id":139753868,"properties":{"osmId":139753868,"category":"academic","addr:state":"CT","building":"university","ele":"24","gnis:feature_id":"1932942","name":"Street Hall","source":"USGS Geonames","wikidata":"Q7622854","_wikiTried":true},"geometry":{"type":"Polygon","coordinates":[[[-72.9295827,41.3082031],[-72.9295956,41.3082092],[-72.9296052,41.308205],[-72.9298324,41.3082991],[-72.9298906,41.3083232],[-72.9298927,41.308334],[-72.9299084,41.3083375],[-72.9299181,41.3083279],[-72.929912,41.3083185],[-72.9299452,41.308273],[-72.9299507,41.3082744],[-72.9299589,41.308273],[-72.9299657,41.3082665],[-72.9299646,41.3082596],[-72.929961,41.3082555],[-72.9299812,41.3082265],[-72.9300303,41.3081585],[-72.9300529,41.3081703],[-72.9300804,41.3081628],[-72.930092,41.3081457],[-72.9300851,41.3081249],[-72.9300589,41.3081142],[-72.9300778,41.3080839],[-72.9300898,41.3080849],[-72.9301009,41.3080779],[-72.9301017,41.3080691],[-72.9300924,41.3080612],[-72.9300801,41.3080608],[-72.9300721,41.3080652],[-72.9299364,41.30801],[-72.9299566,41.3079813],[-72.9299341,41.307973],[-72.929895,41.3079585],[-72.9298728,41.3079882],[-72.9298405,41.3079763],[-72.9298456,41.3079639],[-72.9298323,41.3079532],[-72.929814,41.3079574],[-72.92981,41.3079698],[-72.9298165,41.3079774],[-72.929772,41.3080409],[-72.9297639,41.3080406],[-72.9297535,41.3080478],[-72.9297561,41.3080585],[-72.9297705,41.3080623],[-72.92978,41.3080573],[-72.9298125,41.3080718],[-72.9297373,41.3081751],[-72.9296844,41.3081561],[-72.9297096,41.308119],[-72.9296513,41.3080935],[-72.9296175,41.3081372],[-72.9296317,41.308143],[-72.9296073,41.3081779],[-72.9295985,41.3081905],[-72.929588,41.3081915],[-72.9295827,41.3082031]]]}},{"type":"Feature","id":139753873,"properties":{"osmId":139753873,"category":"religious","addr:city":"New Haven","addr:housenumber":"400","addr:postcode":"06511","addr:state":"CT","addr:street":"College","amenity":"place_of_worship","building":"church","gnis:feature_id":"1933285","name":"Battell Chapel","operator":"Yale University","religion":"christian","wikidata":"Q4869700","_wikiTried":true},"geometry":{"type":"Polygon","coordinates":[[[-72.9274482,41.3093317],[-72.9274115,41.3093165],[-72.9273597,41.3093175],[-72.9273279,41.3093326],[-72.9273102,41.3093562],[-72.9273104,41.309385],[-72.9273294,41.3094118],[-72.9273758,41.3094302],[-72.927345,41.3094708],[-72.9274672,41.3095261],[-72.9274886,41.3094997],[-72.9276662,41.3095721],[-72.9276731,41.3095813],[-72.9276922,41.3095877],[-72.9277108,41.3095843],[-72.9277184,41.3095758],[-72.9277232,41.3095704],[-72.9277187,41.3095564],[-72.9277035,41.3095484],[-72.927688,41.3095486],[-72.9277455,41.3094749],[-72.9277541,41.3094837],[-72.9277687,41.3094883],[-72.9277896,41.3094803],[-72.9277942,41.3094641],[-72.9277879,41.3094515],[-72.9277979,41.3094386],[-72.92782,41.3094031],[-72.9278119,41.3093955],[-72.9277484,41.3093752],[-72.9276217,41.3093256],[-72.9275811,41.3093093],[-72.9274581,41.3092611],[-72.9274397,41.3092837],[-72.9274749,41.3093],[-72.9274694,41.3093066],[-72.9274482,41.3093317]]]}},{"type":"Feature","id":139753883,"properties":{"osmId":139753883,"category":"academic","addr:city":"New Haven","addr:housenumber":"1080","addr:postcode":"06510-2302;06510","addr:state":"CT","addr:street":"Chapel Street","architect":"Louis Kahn","building":"university","fee":"no","name":"Yale Center for British Art","opening_hours":"Tu-Sa 10:00-17:00; Su 12:00-17:00","operator":"Yale University","tourism":"gallery","website":"https://britishart.yale.edu/","wikidata":"Q6352575","wikipedia":"en:Yale Center for British Art","_wikiTried":true},"geometry":{"type":"Polygon","coordinates":[[[-72.9306445,41.3076193],[-72.9304332,41.3079084],[-72.9310764,41.3081737],[-72.9312609,41.3079238],[-72.9312877,41.3078846],[-72.9306589,41.3076249],[-72.9306445,41.3076193]]]}},{"type":"Feature","id":139753884,"properties":{"osmId":139753884,"category":"academic","addr:city":"New Haven","addr:housenumber":"63","addr:postcode":"06511","addr:state":"CT","addr:street":"High Street","building":"university","ele":"22","gnis:feature_id":"1934067","name":"Linsly-Chittenden Hall","operator":"Yale University","source":"USGS Geonames","_wikiTried":true},"geometry":{"type":"Polygon","coordinates":[[[-72.929581,41.30843],[-72.9296176,41.3083772],[-72.9296659,41.3083681],[-72.9297677,41.3084091],[-72.9297821,41.308451],[-72.9297318,41.3085213],[-72.9297474,41.3085292],[-72.9297062,41.3085871],[-72.9296929,41.3086057],[-72.9296584,41.3086542],[-72.9296725,41.3086501],[-72.9296917,41.3086562],[-72.9296962,41.3086745],[-72.9296824,41.3086851],[-72.9296617,41.308684],[-72.9296562,41.3086916],[-72.9295573,41.3088275],[-72.9295159,41.3088144],[-72.9294302,41.3087794],[-72.9294317,41.3087754],[-72.9294689,41.308728],[-72.9294672,41.3087138],[-72.9294006,41.3086842],[-72.9293877,41.3086845],[-72.9292525,41.3086276],[-72.9292449,41.3086332],[-72.9292338,41.3086334],[-72.9292261,41.3086284],[-72.929225,41.3086193],[-72.9292319,41.3086132],[-72.9292446,41.3086121],[-72.9292713,41.308576],[-72.9293036,41.3085324],[-72.9292965,41.3085304],[-72.9292911,41.3085255],[-72.9292897,41.3085139],[-72.9293034,41.3085091],[-72.9293104,41.3085096],[-72.929319,41.3085148],[-72.9294245,41.3083651],[-72.929581,41.30843]]]}},{"type":"Feature","id":139759934,"properties":{"osmId":139759934,"category":"academic","addr:city":"New Haven","addr:housenumber":"198","addr:postcode":"06511","addr:state":"CT","addr:street":"Elm Street","building":"university","building:levels":"4","ele":"22","gnis:feature_id":"1933643","name":"Durfee Building","operator":"Yale University","roof:levels":"2","source":"USGS Geonames","_wikiTried":true},"geometry":{"type":"Polygon","coordinates":[[[-72.9284082,41.3097377],[-72.9283311,41.3098393],[-72.9277537,41.3095919],[-72.9278307,41.3094903],[-72.9278845,41.3095134],[-72.9281008,41.309606],[-72.9284082,41.3097377]]]}},{"type":"Feature","id":139759935,"properties":{"osmId":139759935,"category":"academic","addr:state":"CT","building":"university","ele":"15","gnis:feature_id":"1933183","name":"Woolsey Hall","operator":"Yale University","organ":"yes","organ:builder":"Hutchings-Votey Organ Company;J.W. Steere & Son Organ Company;Skinner Organ Company","organ:manuals":"4","organ:name":"Newberry Memorial Organ","organ:wikipedia":"en:Newberry Memorial Organ","source":"USGS Geonames","wikidata":"Q14715156","_wikiTried":true},"geometry":{"type":"Polygon","coordinates":[[[-72.926235,41.3114769],[-72.9263952,41.3112722],[-72.9264395,41.3112164],[-72.9264589,41.3111918],[-72.9260947,41.3110372],[-72.9258165,41.3113973],[-72.925897,41.3114295],[-72.9258648,41.3114718],[-72.9258797,41.3114767],[-72.926235,41.3114769]]]}},{"type":"Feature","id":139759938,"properties":{"osmId":139759938,"category":"academic","addr:city":"New Haven","addr:housenumber":"358","addr:postcode":"06511","addr:state":"CT","addr:street":"College Street","building":"university","building:levels":"5","ele":"19","gnis:feature_id":"1934050","name":"Lawrence Hall","operator":"Yale University","source":"USGS Geonames","_wikiTried":true},"geometry":{"type":"Polygon","coordinates":[[[-72.928138,41.3085604],[-72.9280225,41.3085091],[-72.9280031,41.3085051],[-72.927989,41.3085163],[-72.9279971,41.3085313],[-72.9279533,41.308595],[-72.9279316,41.3085949],[-72.9279147,41.3086178],[-72.9279249,41.3086313],[-72.9278778,41.3086915],[-72.9278565,41.308692],[-72.9278425,41.3087107],[-72.9278556,41.3087257],[-72.9278027,41.3087922],[-72.9277899,41.3087913],[-72.9277822,41.3087993],[-72.9277857,41.3088082],[-72.9277611,41.3088406],[-72.9277694,41.3088449],[-72.9278904,41.3088966],[-72.9278971,41.3088994],[-72.9279173,41.3088709],[-72.9279236,41.3088621],[-72.9279147,41.3088587],[-72.9279192,41.3088522],[-72.9279304,41.3088362],[-72.9279207,41.3088327],[-72.9279705,41.3087668],[-72.9279802,41.3087689],[-72.9279893,41.308757],[-72.9279996,41.3087435],[-72.9279895,41.3087401],[-72.9280398,41.3086728],[-72.9280495,41.3086769],[-72.9280582,41.3086656],[-72.9280712,41.3086488],[-72.928062,41.308645],[-72.9281091,41.3085816],[-72.9281179,41.3085847],[-72.9281218,41.30858],[-72.9281297,41.3085704],[-72.928138,41.3085604]]]}},{"type":"Feature","id":139759941,"properties":{"osmId":139759941,"category":"academic","addr:city":"New Haven","addr:housenumber":"344","addr:postcode":"06511","addr:state":"CT","addr:street":"College Street","building":"university","name":"Phelps Hall","operator":"Yale University","source":"bing","_wikiTried":true},"geometry":{"type":"Polygon","coordinates":[[[-72.9281167,41.3083352],[-72.9281067,41.308323],[-72.9280902,41.3083195],[-72.928075,41.308322],[-72.9280643,41.308336],[-72.9280724,41.3083499],[-72.9280458,41.3083861],[-72.9280092,41.3084358],[-72.9279916,41.3084381],[-72.9279808,41.3084518],[-72.9279843,41.308466],[-72.9280031,41.3084728],[-72.9280187,41.3084696],[-72.928045,41.3084799],[-72.9280225,41.3085091],[-72.928138,41.3085604],[-72.9281627,41.3085278],[-72.9281862,41.3085371],[-72.9281878,41.3085538],[-72.9282069,41.3085604],[-72.9282252,41.3085546],[-72.9282325,41.3085419],[-72.9282277,41.3085294],[-72.9282411,41.3085115],[-72.9282659,41.3084784],[-72.9282944,41.3084403],[-72.9283088,41.3084396],[-72.9283183,41.3084303],[-72.9283176,41.3084158],[-72.9283052,41.3084073],[-72.9282944,41.3084064],[-72.9282801,41.3084109],[-72.9282574,41.3084001],[-72.9281167,41.3083352]]]}},{"type":"Feature","id":139759942,"properties":{"osmId":139759942,"category":"academic","addr:city":"New Haven","addr:housenumber":"300","addr:postcode":"06511","addr:state":"CT","addr:street":"College Street","building":"university","ele":"21","gnis:feature_id":"1933329","name":"Bingham Hall","operator":"Yale University","source":"USGS Geonames","_wikiTried":true},"geometry":{"type":"Polygon","coordinates":[[[-72.9287147,41.307478],[-72.9286202,41.3075902],[-72.9286073,41.3075895],[-72.9285965,41.3075932],[-72.9285926,41.3076011],[-72.9285964,41.3076081],[-72.9286035,41.3076125],[-72.9286153,41.3076127],[-72.9286234,41.3076092],[-72.9286792,41.3076359],[-72.9285327,41.3078142],[-72.9285242,41.30781],[-72.9284751,41.3078733],[-72.9284862,41.3078779],[-72.9286072,41.3079275],[-72.928642,41.3079417],[-72.9286915,41.3078791],[-72.9286475,41.3078607],[-72.9287608,41.3077091],[-72.9287981,41.3076592],[-72.9288463,41.3076793],[-72.928865,41.3076512],[-72.9288917,41.3076632],[-72.9289375,41.3076817],[-72.9289096,41.3077224],[-72.9289259,41.3077293],[-72.9289918,41.3077573],[-72.9290828,41.3076338],[-72.9290007,41.3075994],[-72.9289883,41.3076162],[-72.9289054,41.3075794],[-72.9289202,41.3075599],[-72.9287147,41.307478]]]}},{"type":"Feature","id":139759943,"properties":{"osmId":139759943,"category":"academic","addr:city":"New Haven","addr:housenumber":"1037","addr:postcode":"06511","addr:state":"CT","addr:street":"Chapel Street","building":"university","ele":"22","gnis:feature_id":"1932363","name":"McClellan Hall","operator":"Yale University","source":"USGS Geonames","_wikiTried":true},"geometry":{"type":"Polygon","coordinates":[[[-72.9293113,41.3082059],[-72.9291751,41.3083991],[-72.9291362,41.3084544],[-72.9292815,41.3085121],[-72.9294565,41.3082636],[-72.9294498,41.3082609],[-72.9293113,41.3082059]]]}},{"type":"Feature","id":139759946,"properties":{"osmId":139759946,"category":"academic","addr:city":"New Haven","addr:housenumber":"206","addr:postcode":"06511","addr:state":"CT","addr:street":"Elm Street","building":"university","ele":"23","gnis:feature_id":"1933188","name":"Lanman-Wright Hall","operator":"Yale University","source":"USGS Geonames","_wikiTried":true},"geometry":{"type":"Polygon","coordinates":[[[-72.9283805,41.3098619],[-72.9286267,41.3099655],[-72.9286038,41.3099962],[-72.9287085,41.3100403],[-72.928985,41.3096697],[-72.9289134,41.3096396],[-72.9286534,41.3095301],[-72.9285844,41.3096225],[-72.9286152,41.3096355],[-72.9287888,41.3097085],[-72.9287341,41.3097817],[-72.9286836,41.3098495],[-72.9286349,41.309829],[-72.9285055,41.3097745],[-72.92846,41.3097554],[-72.9284445,41.3097762],[-72.9283805,41.3098619]]]}},{"type":"Feature","id":139759948,"properties":{"osmId":139759948,"category":"academic","addr:city":"New Haven","addr:housenumber":"1017","addr:postcode":"06510","addr:state":"CT","addr:street":"Chapel Street","building":"university","ele":"19","gnis:feature_id":"1933556","name":"Connecticut Hall","operator":"Yale University","source":"USGS Geonames","wikidata":"Q5161541","_wikiTried":true},"geometry":{"type":"Polygon","coordinates":[[[-72.9288753,41.3080238],[-72.9290142,41.3080849],[-72.9289738,41.3081376],[-72.9289629,41.3081519],[-72.9288831,41.308256],[-72.9288706,41.3082723],[-72.9288274,41.3083287],[-72.9286894,41.3082688],[-72.9287331,41.3082126],[-72.9287374,41.3082071],[-72.9287471,41.3081944],[-72.9288236,41.3080937],[-72.9288301,41.3080852],[-72.9288367,41.3080762],[-72.9288753,41.3080238]]]}},{"type":"Feature","id":139759952,"properties":{"osmId":139759952,"category":"academic","building":"university","name":"Berkeley College (South)","_wikiTried":true},"geometry":{"type":"Polygon","coordinates":[[[-72.9279768,41.3099775],[-72.9276899,41.3103779],[-72.927704,41.3103833],[-72.9276987,41.3103902],[-72.9276932,41.3103981],[-72.9276885,41.3104048],[-72.9276857,41.3104088],[-72.9276659,41.3104374],[-72.9277781,41.310478],[-72.9280005,41.3101791],[-72.9280601,41.3102036],[-72.9283248,41.3103127],[-72.9283543,41.3103249],[-72.9281835,41.3105734],[-72.9281739,41.3105871],[-72.9282828,41.3106334],[-72.928375,41.3105066],[-72.9283832,41.3104944],[-72.9283934,41.3104804],[-72.9285267,41.3102883],[-72.9285592,41.3102414],[-72.9285763,41.3102169],[-72.9284331,41.3101594],[-72.928163,41.310051],[-72.9280853,41.3100198],[-72.9280934,41.3100076],[-72.9279846,41.3099645],[-72.9279768,41.3099775]]]}},{"type":"Feature","id":139759953,"properties":{"osmId":139759953,"category":"academic","addr:city":"New Haven","addr:housenumber":"380","addr:postcode":"06511","addr:state":"CT","addr:street":"College Street","building":"university","building:levels":"4","ele":"20","gnis:feature_id":"1933716","name":"Farnam Hall","operator":"Yale University","roof:levels":"1","source":"USGS Geonames","_wikiTried":true},"geometry":{"type":"Polygon","coordinates":[[[-72.9277694,41.3088449],[-72.9278904,41.3088966],[-72.9278656,41.3089296],[-72.9278546,41.3089443],[-72.9278369,41.3089679],[-72.9277526,41.3090805],[-72.927729,41.309112],[-72.9277193,41.309125],[-72.9276284,41.3092463],[-72.9276003,41.3092837],[-72.9275811,41.3093093],[-72.9274581,41.3092611],[-72.9274839,41.3092261],[-72.9274781,41.3092133],[-72.9274798,41.3091997],[-72.9274925,41.3091917],[-72.927509,41.3091892],[-72.9275975,41.3090763],[-72.9275908,41.3090622],[-72.927592,41.3090451],[-72.9276095,41.309032],[-72.927631,41.309027],[-72.9277183,41.30891],[-72.9277085,41.3088959],[-72.9277148,41.3088809],[-72.9277276,41.3088748],[-72.9277463,41.3088728],[-72.9277694,41.3088449]]]}},{"type":"Feature","id":139759956,"properties":{"osmId":139759956,"category":"religious","addr:city":"New Haven","addr:housenumber":"425","addr:postcode":"06511","addr:state":"CT","addr:street":"College Street","building":"church","ele":"22","gnis:feature_id":"1933757"},"geometry":{"type":"Polygon","coordinates":[[[-72.9263821,41.3097551],[-72.9266384,41.3098639],[-72.9268789,41.3095443],[-72.9266659,41.3094539],[-72.9266338,41.3094965],[-72.9266193,41.3094903],[-72.9264784,41.3096776],[-72.9264497,41.3096653],[-72.9263821,41.3097551]]]}},{"type":"Feature","id":141129259,"properties":{"osmId":141129259,"category":"religious","amenity":"place_of_worship","building":"church","denomination":"episcopal","ele":"20","gnis:feature_id":"1933479","name":"Christ Church","religion":"christian","website":"https://www.christchurchnh.org/","wikidata":"Q5108755","_wikiTried":true},"geometry":{"type":"Polygon","coordinates":[[[-72.9319629,41.3117946],[-72.931936,41.3118237],[-72.9318869,41.3117981],[-72.9319098,41.3117734],[-72.9317467,41.3116883],[-72.9317338,41.3117022],[-72.9315266,41.3115941],[-72.9316568,41.3114534],[-72.9317005,41.3114762],[-72.9317359,41.3114379],[-72.9319223,41.3115352],[-72.9319102,41.3115482],[-72.9320555,41.311624],[-72.9320822,41.3115952],[-72.9321076,41.3116084],[-72.9321279,41.311619],[-72.9321005,41.3116487],[-72.9321177,41.3116577],[-72.9319819,41.3118046],[-72.9319629,41.3117946]]]}},{"type":"Feature","id":141163194,"properties":{"osmId":141163194,"category":"library","addr:city":"New Haven","addr:housenumber":"133","addr:postcode":"06510","addr:state":"CT","addr:street":"Elm Street","amenity":"library","building":"yes","ele":"18","gnis:feature_id":"1932473","internet_access":"yes","name":"New Haven Free Public Library","opening_hours":"Mo-Th 10:00-20:00; Fr-Sa 10:00-17:00; PH closed","ref:isil":"US-ctnh","source":"USGS Geonames","website":"https://nhfpl.org","wikidata":"Q7008516","_wikiTried":true},"geometry":{"type":"Polygon","coordinates":[[[-72.924878,41.3093745],[-72.9244072,41.3091687],[-72.9243872,41.3091552],[-72.9243724,41.3091312],[-72.9243773,41.30911],[-72.9246184,41.3087715],[-72.924781,41.308838],[-72.9248283,41.3087695],[-72.9249186,41.3088116],[-72.9249281,41.3088009],[-72.9249367,41.3087911],[-72.9249503,41.3087966],[-72.9249601,41.3087858],[-72.9250053,41.3088047],[-72.9250916,41.3088408],[-72.9250862,41.3088502],[-72.9250986,41.3088555],[-72.9250914,41.308866],[-72.9250833,41.3088778],[-72.9251562,41.3089047],[-72.9249818,41.3091457],[-72.9250315,41.3091655],[-72.924878,41.3093745]]]}},{"type":"Feature","id":142280415,"properties":{"osmId":142280415,"category":"academic","addr:city":"New Haven","addr:housenumber":"1120","addr:postcode":"06510","addr:state":"CT","addr:street":"Chapel Street","building":"university","name":"Yale Repertory Theatre","operator":"Yale University","_wikiTried":true},"geometry":{"type":"Polygon","coordinates":[[[-72.9314151,41.3082526],[-72.9314238,41.3082406],[-72.931464,41.308257],[-72.9314555,41.3082689],[-72.9315024,41.3082881],[-72.9315124,41.3082742],[-72.9315555,41.3082918],[-72.9315531,41.308295],[-72.9316087,41.3083178],[-72.931643,41.3082705],[-72.9316242,41.3082628],[-72.9317669,41.3080662],[-72.9317605,41.3080636],[-72.931794,41.3080175],[-72.9315719,41.3079266],[-72.9314572,41.3080848],[-72.9314815,41.3080948],[-72.9314095,41.308194],[-72.9313881,41.3081853],[-72.9313567,41.3082287],[-72.9314151,41.3082526]]]}},{"type":"Feature","id":143303784,"properties":{"osmId":143303784,"category":"academic","addr:city":"New Haven","addr:housenumber":"53","addr:postcode":"06511","addr:state":"CT","addr:street":"Wall Street","building":"university","ele":"18","gnis:feature_id":"1933145","name":"Whitney Humanities Center","source":"USGS Geonames","wikidata":"Q42400917","_wikiTried":true},"geometry":{"type":"Polygon","coordinates":[[[-72.9233416,41.3096274],[-72.9232567,41.3097397],[-72.9234341,41.3098154],[-72.9234525,41.3098233],[-72.9234455,41.3098326],[-72.9234371,41.3098437],[-72.9234304,41.3098526],[-72.9234175,41.3098696],[-72.9234341,41.3098767],[-72.9233754,41.3099534],[-72.9233709,41.3099601],[-72.923652,41.3100801],[-72.9237292,41.3099767],[-72.9237575,41.3099398],[-72.9237843,41.3099053],[-72.9237666,41.3098978],[-72.9238009,41.3098525],[-72.9237829,41.3098448],[-72.9238182,41.3097982],[-72.9235464,41.3096821],[-72.9235366,41.309695],[-72.9235276,41.3097069],[-72.9233416,41.3096274]]]}},{"type":"Feature","id":143303789,"properties":{"osmId":143303789,"category":"academic","addr:city":"New Haven","addr:housenumber":"246","addr:postcode":"06510","addr:state":"CT","addr:street":"Church Street","building":"university","name":"246 Church Street","operator":"Yale University","_wikiTried":true},"geometry":{"type":"Polygon","coordinates":[[[-72.923115,41.3098852],[-72.9230361,41.309994],[-72.9235107,41.3101882],[-72.9235344,41.3101554],[-72.9235628,41.310167],[-72.923591,41.3101281],[-72.9235611,41.3101158],[-72.923588,41.3100787],[-72.923115,41.3098852]]]}},{"type":"Feature","id":144014367,"properties":{"osmId":144014367,"category":"other","addr:city":"New Haven","addr:housenumber":"344","addr:postcode":"06520","addr:state":"CT","addr:street":"Winchester Avenue","building":"yes","name":"344 Winchester Avenue","operator":"Yale University","_wikiTried":true},"geometry":{"type":"Polygon","coordinates":[[[-72.929154,41.3238917],[-72.9290466,41.324217],[-72.9290204,41.3242121],[-72.929017,41.3242255],[-72.9290132,41.3242393],[-72.9290379,41.3242439],[-72.9289359,41.3245747],[-72.9288828,41.3245657],[-72.9288686,41.3246146],[-72.928857,41.3246545],[-72.9289043,41.3246642],[-72.9286899,41.3252769],[-72.9286369,41.3252702],[-72.9287628,41.3254237],[-72.9287749,41.3253847],[-72.9294951,41.3255218],[-72.9294925,41.3255443],[-72.9295016,41.3255659],[-72.9295355,41.3255923],[-72.9296034,41.3256012],[-72.9296451,41.3255855],[-72.9296673,41.3255522],[-72.9296725,41.325514],[-72.9296451,41.3254807],[-72.9296686,41.3254111],[-72.9305145,41.3255737],[-72.9306489,41.3251711],[-72.9305445,41.3251495],[-72.930611,41.3249487],[-72.930508,41.3249291],[-72.9305758,41.3247312],[-72.9303632,41.3246911],[-72.9305002,41.3242914],[-72.9303841,41.3242679],[-72.9303384,41.3244031],[-72.9300227,41.3243413],[-72.9301141,41.3240739],[-72.929154,41.3238917]]]}},{"type":"Feature","id":144014370,"properties":{"osmId":144014370,"category":"academic","addr:city":"New Haven","addr:housenumber":"330","addr:postcode":"06511","addr:state":"CT","addr:street":"Winchester Avenue","building":"university","name":"Central Campus Chiller Plant","_wikiTried":true},"geometry":{"type":"Polygon","coordinates":[[[-72.9296934,41.3224777],[-72.929944,41.3225232],[-72.9298551,41.3227959],[-72.9301049,41.3228473],[-72.9300434,41.3230223],[-72.9301839,41.323049],[-72.930128,41.3232203],[-72.930215,41.3232363],[-72.9301783,41.3233489],[-72.930282,41.3233679],[-72.9302143,41.3235753],[-72.9298746,41.3235102],[-72.9298882,41.3234647],[-72.9293886,41.3233746],[-72.9296934,41.3224777]]]}},{"type":"Feature","id":174712784,"properties":{"osmId":174712784,"category":"academic","addr:city":"New Haven","addr:housenumber":"295","addr:postcode":"06520","addr:state":"CT","addr:street":"Congress Avenue","building":"university","ele":"22","faculty":"medicine","layer":"1","name":"Boyer Center","operator":"Yale University","ref":"BCMM","source":"survey","_wikiTried":true},"geometry":{"type":"Polygon","coordinates":[[[-72.9331478,41.3021262],[-72.9330545,41.3021524],[-72.9328213,41.302218],[-72.9327272,41.3022598],[-72.9326479,41.3023101],[-72.9325699,41.3023713],[-72.9325115,41.3024356],[-72.9322378,41.3028045],[-72.9324249,41.3028804],[-72.9325483,41.302711],[-72.9325647,41.3027195],[-72.9325846,41.3026922],[-72.9326016,41.3026992],[-72.932638,41.3026497],[-72.932621,41.3026427],[-72.9326418,41.302616],[-72.9326271,41.3026076],[-72.9327273,41.3024773],[-72.9327342,41.3024817],[-72.9327517,41.3024803],[-72.9327655,41.3024679],[-72.9327639,41.3024557],[-72.9327573,41.3024497],[-72.9327995,41.3024195],[-72.9328099,41.3024312],[-72.9328411,41.302411],[-72.9328515,41.302424],[-72.9329149,41.3023954],[-72.9329078,41.3023824],[-72.9329416,41.3023713],[-72.9329338,41.302357],[-72.9330351,41.3023297],[-72.9331113,41.3024832],[-72.9331495,41.3024735],[-72.9331625,41.3024989],[-72.933269,41.3024676],[-72.9332578,41.3024423],[-72.9332938,41.3024324],[-72.9332326,41.3022971],[-72.9333411,41.30225],[-72.9333246,41.3022233],[-72.9332196,41.3022678],[-72.9331478,41.3021262]]]}},{"type":"Feature","id":174712785,"properties":{"osmId":174712785,"category":"academic","addr:city":"New Haven","addr:housenumber":"37-55","addr:postcode":"06510","addr:state":"CT","addr:street":"College Street","building":"university","name":"College Place","operator":"Yale University","ref":"CLP","source":"bing","_wikiTried":true},"geometry":{"type":"Polygon","coordinates":[[[-72.9315864,41.3026599],[-72.9311056,41.3032931],[-72.9313717,41.3034071],[-72.9318524,41.3027739],[-72.9315864,41.3026599]]]}},{"type":"Feature","id":180193233,"properties":{"osmId":180193233,"category":"other","addr:housenumber":"111","addr:postcode":"06520","addr:state":"CT","addr:street":"Cedar Street","building":"yes","building:levels":"3","faculty":"medicine","name":"Sterling Hall of Medicine","operator":"Yale University","ref":"SHM","source":"bing;Survey/local knowledge","_wikiTried":true},"geometry":{"type":"Polygon","coordinates":[[[-72.9329167,41.303788],[-72.9328735,41.3037762],[-72.9329306,41.3036967],[-72.9329129,41.3035604],[-72.9328955,41.3035573],[-72.9328901,41.3035201],[-72.9330806,41.3034959],[-72.9330859,41.3035382],[-72.9330712,41.3035392],[-72.9330761,41.3035557],[-72.9332895,41.3033975],[-72.9332661,41.3033752],[-72.9332845,41.3033634],[-72.9332944,41.3033704],[-72.9333341,41.3033432],[-72.9333908,41.3033847],[-72.9336202,41.3032178],[-72.9335986,41.3032025],[-72.9335882,41.3031951],[-72.9333756,41.3031634],[-72.933157,41.3033156],[-72.9330172,41.3032031],[-72.9330533,41.3031773],[-72.9330423,41.3031672],[-72.9330347,41.3031719],[-72.9330178,41.3031585],[-72.9330227,41.3031529],[-72.933016,41.3031447],[-72.9330489,41.3031221],[-72.9330233,41.3030963],[-72.9330006,41.3030637],[-72.9329912,41.3030175],[-72.9329964,41.302973],[-72.9330133,41.3029313],[-72.9330435,41.3028989],[-72.9330787,41.3028753],[-72.9331268,41.3028575],[-72.9331103,41.3028235],[-72.9331618,41.3028078],[-72.9331407,41.3027713],[-72.9333326,41.3027118],[-72.9334405,41.3029131],[-72.9336617,41.3029477],[-72.9337067,41.3029371],[-72.9335906,41.3027221],[-72.9335054,41.3027469],[-72.9334907,41.3027213],[-72.9335109,41.3027116],[-72.9334722,41.3026415],[-72.9335477,41.302624],[-72.9334004,41.3023555],[-72.933388,41.3023328],[-72.9334167,41.3023226],[-72.9335763,41.3022758],[-72.933737,41.3025679],[-72.9337664,41.3025588],[-72.9338024,41.3026312],[-72.9337777,41.3026374],[-72.9337823,41.302646],[-72.9337924,41.3026651],[-72.9337824,41.302668],[-72.9339323,41.3029556],[-72.9339442,41.3029539],[-72.9339563,41.302976],[-72.9339846,41.3029667],[-72.9340274,41.3030496],[-72.9340089,41.3030519],[-72.9339709,41.3030894],[-72.9339525,41.3031222],[-72.9339464,41.303156],[-72.9339764,41.3032108],[-72.9339911,41.3032377],[-72.9340096,41.3032715],[-72.9340636,41.3033004],[-72.9341136,41.303309],[-72.9341684,41.3033032],[-72.9342103,41.3033815],[-72.9341918,41.3033871],[-72.9341971,41.3033971],[-72.9343008,41.3035857],[-72.9343189,41.3035801],[-72.9344183,41.3037606],[-72.934221,41.3038219],[-72.9342043,41.3037916],[-72.9339333,41.3038759],[-72.9339418,41.3038913],[-72.9339173,41.303899],[-72.933927,41.3039166],[-72.9338395,41.3039439],[-72.9337805,41.3039632],[-72.9337731,41.3039504],[-72.9337378,41.303962],[-72.9337293,41.3039473],[-72.9337124,41.3039529],[-72.9336942,41.3039588],[-72.9335686,41.3039996],[-72.9335787,41.3040171],[-72.9334329,41.3040644],[-72.9334262,41.3040665],[-72.9333522,41.3040897],[-72.9333275,41.3040974],[-72.9332305,41.3040192],[-72.9334517,41.3038643],[-72.9334689,41.3038782],[-72.9336511,41.3038181],[-72.9336379,41.3037954],[-72.9336761,41.3037828],[-72.9336718,41.3037756],[-72.9337331,41.3037555],[-72.9338381,41.3037224],[-72.9341159,41.3036373],[-72.9340206,41.3034617],[-72.9340157,41.3034532],[-72.9339638,41.3034908],[-72.9337897,41.3036138],[-72.9337368,41.3035709],[-72.9337074,41.3035781],[-72.9336467,41.3035292],[-72.9336571,41.3035071],[-72.9336304,41.3034881],[-72.9336023,41.303468],[-72.9335134,41.3035319],[-72.9331865,41.3037669],[-72.9331147,41.303959],[-72.9330333,41.3039569],[-72.9329719,41.3039553],[-72.9329666,41.3038017],[-72.932876,41.3039124],[-72.9328919,41.3039251],[-72.9328398,41.3039711],[-72.9328534,41.3039932],[-72.9327582,41.3040528],[-72.9326504,41.3039929],[-72.9326188,41.3039753],[-72.932628,41.303966],[-72.9326135,41.303958],[-72.9326434,41.3039276],[-72.9326123,41.3039104],[-72.9326274,41.3038917],[-72.9326806,41.3038258],[-72.9327503,41.3037396],[-72.9328953,41.3038162],[-72.9329167,41.303788]]]}},{"type":"Feature","id":183460738,"properties":{"osmId":183460738,"category":"academic","addr:city":"New Haven","addr:housenumber":"20","addr:postcode":"06510","addr:state":"CT","addr:street":"Church Street","building":"college","building:levels":"4","internet_access":"wlan","layer":"1","name":"CT State Community College Gateway","operator":"Connecticut State Colleges and Universities","_wikiTried":true},"geometry":{"type":"Polygon","coordinates":[[[-72.9276598,41.3040155],[-72.9276156,41.303994],[-72.9275253,41.3039499],[-72.9274609,41.3040376],[-72.9269623,41.3047163],[-72.9269081,41.3047901],[-72.9270507,41.3048481],[-72.9270663,41.304826],[-72.9270925,41.3048367],[-72.9270727,41.3048644],[-72.927087,41.3048705],[-72.9270913,41.3048646],[-72.9271403,41.3048846],[-72.9271352,41.304891],[-72.9275097,41.3050512],[-72.9275193,41.3050387],[-72.9275355,41.3050453],[-72.9279114,41.3045183],[-72.9278034,41.3044731],[-72.9278318,41.3044361],[-72.9278078,41.3044264],[-72.9279011,41.3042997],[-72.9279281,41.3043109],[-72.9279574,41.3042709],[-72.9279303,41.3042598],[-72.9279874,41.304183],[-72.9277,41.3040574],[-72.9278456,41.3038864],[-72.9281204,41.3040021],[-72.928179,41.3039228],[-72.9282042,41.3039333],[-72.9282319,41.3038956],[-72.9282068,41.3038851],[-72.9283108,41.3037463],[-72.9283336,41.303756],[-72.9283602,41.3037208],[-72.9283375,41.303711],[-72.9284427,41.3035696],[-72.928466,41.3035797],[-72.9284928,41.3035447],[-72.9284695,41.3035346],[-72.9285717,41.3033949],[-72.9285948,41.3034049],[-72.9286222,41.303369],[-72.9285991,41.3033591],[-72.9287267,41.3031845],[-72.928527,41.3030748],[-72.9285365,41.3030644],[-72.9285224,41.3030571],[-72.9285129,41.3030675],[-72.928475,41.3030535],[-72.9284431,41.3030435],[-72.928402,41.3030351],[-72.9283649,41.3030327],[-72.928317,41.3030344],[-72.9282712,41.3030426],[-72.9282259,41.3030561],[-72.9281897,41.3030735],[-72.9281547,41.3031012],[-72.9280911,41.303185],[-72.92789,41.3034647],[-72.9276448,41.3038018],[-72.9277744,41.3038564],[-72.9276598,41.3040155]]]}},{"type":"Feature","id":195121008,"properties":{"osmId":195121008,"category":"academic","addr:city":"New Haven","addr:housenumber":"46","addr:postcode":"06511","addr:state":"CT","addr:street":"Hillhouse Avenue","building":"university","faculty":"management","operator":"Yale University"},"geometry":{"type":"Polygon","coordinates":[[[-72.923733,41.3151911],[-72.9234511,41.3151334],[-72.9234663,41.3150918],[-72.9234121,41.3150807],[-72.9234425,41.3149969],[-72.9235031,41.3150093],[-72.923517,41.314971],[-72.9236901,41.3150065],[-72.9236583,41.315094],[-72.9237606,41.315115],[-72.923733,41.3151911]]]}},{"type":"Feature","id":209057561,"properties":{"osmId":209057561,"category":"religious","building":"church","disused:amenity":"place_of_worship"},"geometry":{"type":"Polygon","coordinates":[[[-72.916494,41.3165455],[-72.9162612,41.3164454],[-72.916191,41.3165375],[-72.9164238,41.3166376],[-72.916494,41.3165455]]]}},{"type":"Feature","id":209100039,"properties":{"osmId":209100039,"category":"academic","addr:city":"New Haven","addr:housenumber":"221R","addr:postcode":"06511","addr:state":"CT","addr:street":"Whitney Avenue","building":"university","name":"Whitney Avenue Garage","operator":"Yale University","source":"bing","_wikiTried":true},"geometry":{"type":"Polygon","coordinates":[[[-72.9193997,41.3167604],[-72.9191779,41.3166839],[-72.9193991,41.3163455],[-72.9196224,41.3164311],[-72.919655,41.316451],[-72.9196789,41.3164793],[-72.9196835,41.3164895],[-72.9196918,41.3165076],[-72.9196927,41.3165366],[-72.9196849,41.3165668],[-72.9196652,41.3165919],[-72.9196353,41.3166163],[-72.9195993,41.3166311],[-72.9195582,41.3166382],[-72.9195205,41.3166376],[-72.9194837,41.3166286],[-72.9193997,41.3167604]]]}},{"type":"Feature","id":209100041,"properties":{"osmId":209100041,"category":"religious","amenity":"place_of_worship","building":"church","denomination":"episcopal","ele":"13","gnis:feature_id":"1932746","name":"Saint John's Episcopal Church","religion":"christian","source":"bing","_wikiTried":true},"geometry":{"type":"Polygon","coordinates":[[[-72.9168941,41.31629],[-72.9168597,41.3162761],[-72.9167318,41.3162245],[-72.916752,41.3161963],[-72.9167827,41.3161533],[-72.9166389,41.3160898],[-72.916601,41.3161381],[-72.9165506,41.3161158],[-72.916559,41.3161052],[-72.9165406,41.3160971],[-72.9165509,41.316084],[-72.9165607,41.3160714],[-72.916579,41.3160795],[-72.9166051,41.3160463],[-72.9165701,41.3160308],[-72.9165855,41.3160112],[-72.9165566,41.3159985],[-72.9165716,41.3159793],[-72.9165826,41.3159652],[-72.9166115,41.315978],[-72.9166218,41.3159649],[-72.9167071,41.3160026],[-72.916725,41.3159797],[-72.9168868,41.3160462],[-72.9168971,41.316032],[-72.9169156,41.3160279],[-72.91695,41.3160421],[-72.9169536,41.3160581],[-72.91701,41.3160738],[-72.9169954,41.3161034],[-72.917031,41.3161133],[-72.9168941,41.31629]]]}},{"type":"Feature","id":209100056,"properties":{"osmId":209100056,"category":"other","addr:city":"New Haven","addr:housenumber":"205","addr:postcode":"06511","addr:state":"CT","addr:street":"Whitney Avenue","building":"yes","operator":"Yale University","source":"bing"},"geometry":{"type":"Polygon","coordinates":[[[-72.9202057,41.3161894],[-72.9196644,41.3159913],[-72.9195839,41.3161167],[-72.9200139,41.3162711],[-72.9200096,41.3162808],[-72.9201389,41.3163239],[-72.9202057,41.3161894]]]}},{"type":"Feature","id":209100060,"properties":{"osmId":209100060,"category":"academic","addr:city":"New Haven","addr:housenumber":"221","addr:postcode":"06511","addr:state":"CT","addr:street":"Whitney Avenue","building":"university","name":"Human Resources","operator":"Yale University","source":"bing","_wikiTried":true},"geometry":{"type":"Polygon","coordinates":[[[-72.9198417,41.3169747],[-72.9196413,41.3169219],[-72.9197144,41.3167652],[-72.9196564,41.31675],[-72.9197116,41.3166317],[-72.9197696,41.3166469],[-72.9198072,41.3165663],[-72.9200076,41.3166191],[-72.9198417,41.3169747]]]}},{"type":"Feature","id":209403386,"properties":{"osmId":209403386,"category":"religious","addr:city":"New Haven","addr:housenumber":"135","addr:postcode":"06511","addr:state":"CT","addr:street":"Whitney Avenue","amenity":"place_of_worship","building":"church","denomination":"presbyterian","name":"Christ Presbyterian Church","religion":"christian","source":"bing","_wikiTried":true},"geometry":{"type":"Polygon","coordinates":[[[-72.9208023,41.3143659],[-72.9208521,41.3142831],[-72.9209138,41.3143043],[-72.9209004,41.3143262],[-72.920963,41.3143478],[-72.9209764,41.3143259],[-72.9210595,41.3143546],[-72.9210392,41.3143877],[-72.9210513,41.3143918],[-72.9210404,41.3144096],[-72.9210277,41.3144304],[-72.9210156,41.3144262],[-72.9209935,41.3144624],[-72.9209258,41.3144391],[-72.9208965,41.3144872],[-72.9208821,41.3145109],[-72.9209467,41.3145335],[-72.9209009,41.3146071],[-72.9205989,41.314501],[-72.9206789,41.3143726],[-72.9207638,41.3144024],[-72.9207891,41.3143618],[-72.9208023,41.3143659]]]}},{"type":"Feature","id":209425326,"properties":{"osmId":209425326,"category":"other","addr:city":"New Haven","addr:housenumber":"121","addr:postcode":"06510","addr:state":"CT","addr:street":"Whitney Avenue","building":"yes","operator":"Yale University","source":"bing"},"geometry":{"type":"Polygon","coordinates":[[[-72.9214132,41.3138209],[-72.9213919,41.3138656],[-72.9213448,41.3139644],[-72.9209279,41.3138522],[-72.9209963,41.3137088],[-72.9214132,41.3138209]]]}},{"type":"Feature","id":210260688,"properties":{"osmId":210260688,"category":"academic","addr:city":"New Haven","addr:housenumber":"135","addr:postcode":"06511","addr:state":"CT","addr:street":"Prospect St","building":"university","faculty":"management","name":"Founders Hall","operator":"Yale University","_wikiTried":true},"geometry":{"type":"Polygon","coordinates":[[[-72.9240796,41.3154621],[-72.9242557,41.3154994],[-72.924217,41.3156228],[-72.9243891,41.315653],[-72.9243641,41.3157504],[-72.9243554,41.3157801],[-72.9242532,41.3157656],[-72.924229,41.3158612],[-72.9241162,41.3158454],[-72.9240728,41.3159731],[-72.9239618,41.315952],[-72.9239913,41.3158645],[-72.9239347,41.3158524],[-72.923972,41.3157495],[-72.9240796,41.3154621]]]}},{"type":"Feature","id":210441924,"properties":{"osmId":210441924,"category":"academic","addr:city":"New Haven","addr:housenumber":"55","addr:postcode":"06511","addr:state":"CT","addr:street":"Hillhouse Avenue","building":"university","faculty":"management","name":"Horchow Hall","operator":"Yale University","wikidata":"Q43371253","wikipedia":"en:Horchow Hall","_wikiTried":true},"geometry":{"type":"Polygon","coordinates":[[[-72.9225458,41.3155609],[-72.9225766,41.3154793],[-72.9226006,41.3154158],[-72.9225978,41.3154122],[-72.9225926,41.3154057],[-72.922515,41.3153895],[-72.9225024,41.3153606],[-72.9224612,41.3153534],[-72.922436,41.3153654],[-72.9224275,41.3153874],[-72.9224076,41.3153831],[-72.9223727,41.3153755],[-72.9223619,41.3153523],[-72.9222895,41.3153372],[-72.9222506,41.3153543],[-72.9222032,41.31548],[-72.922337,41.3155085],[-72.922343,41.3154926],[-72.9223804,41.3155005],[-72.9223716,41.3155238],[-72.9225458,41.3155609]]]}},{"type":"Feature","id":210441926,"properties":{"osmId":210441926,"category":"academic","addr:city":"New Haven","addr:housenumber":"51","addr:postcode":"06511","addr:state":"CT","addr:street":"Hillhouse Avenue","building":"university","faculty":"management","operator":"Yale University"},"geometry":{"type":"Polygon","coordinates":[[[-72.9226409,41.315207],[-72.9225422,41.3151871],[-72.9225377,41.3151997],[-72.9224129,41.3151746],[-72.9224357,41.3151107],[-72.9224813,41.3151199],[-72.922505,41.3150535],[-72.9226258,41.3150778],[-72.9226398,41.3150693],[-72.9226607,41.315073],[-72.9226715,41.3150883],[-72.922682,41.3150903],[-72.9226704,41.3151242],[-72.9226763,41.3151267],[-72.9226674,41.3151517],[-72.9226595,41.3151739],[-72.9226532,41.3151727],[-72.9226409,41.315207]]]}},{"type":"Feature","id":210441984,"properties":{"osmId":210441984,"category":"academic","addr:city":"New Haven","addr:housenumber":"43","addr:postcode":"06511","addr:state":"CT","addr:street":"Hillhouse Avenue","building":"university","faculty":"management","name":"President's House","operator":"Yale University","_wikiTried":true},"geometry":{"type":"Polygon","coordinates":[[[-72.9228504,41.3146797],[-72.9227918,41.3146666],[-72.9227949,41.3146586],[-72.922799,41.3146484],[-72.9227765,41.3146434],[-72.9227856,41.3146245],[-72.9227898,41.3146095],[-72.9227135,41.3145925],[-72.9227089,41.3146041],[-72.922696,41.3146013],[-72.9226801,41.3146418],[-72.9225918,41.3146221],[-72.9226122,41.3145706],[-72.9225297,41.3145522],[-72.9224526,41.3147472],[-72.9227938,41.3148232],[-72.9228235,41.3147488],[-72.9228504,41.3146797]]]}},{"type":"Feature","id":210442041,"properties":{"osmId":210442041,"category":"academic","addr:city":"New Haven","addr:housenumber":"52","addr:postcode":"06511","addr:state":"CT","addr:street":"Hillhouse Avenue","building":"university","faculty":"management","name":"Steinbach Hall","operator":"Yale University","_wikiTried":true},"geometry":{"type":"Polygon","coordinates":[[[-72.9234142,41.3153747],[-72.9233694,41.3153654],[-72.9233676,41.3153704],[-72.9233622,41.3153693],[-72.9233588,41.3153784],[-72.9233528,41.3153772],[-72.9233445,41.3154001],[-72.9233487,41.3154009],[-72.9233452,41.3154106],[-72.9233517,41.315412],[-72.9233474,41.3154237],[-72.9233757,41.3154296],[-72.9233683,41.3154499],[-72.9233602,41.3154718],[-72.9233207,41.3154636],[-72.9232951,41.3155333],[-72.9234788,41.3155713],[-72.9235042,41.315501],[-72.9234886,41.3154978],[-72.9235186,41.3154148],[-72.9235418,41.3154195],[-72.9235606,41.3153674],[-72.9235638,41.3153574],[-72.9234307,41.3153298],[-72.9234142,41.3153747]]]}},{"type":"Feature","id":210442110,"properties":{"osmId":210442110,"category":"academic","addr:city":"New Haven","addr:housenumber":"56","addr:postcode":"06511","addr:state":"CT","addr:street":"Hillhouse Avenue","building":"university","faculty":"management","name":"Thomas Mellon Evans Hall","operator":"Yale University","_wikiTried":true},"geometry":{"type":"Polygon","coordinates":[[[-72.9233728,41.3158588],[-72.9233538,41.3158547],[-72.9233523,41.3158586],[-72.9232524,41.3158368],[-72.9232545,41.3158311],[-72.9232387,41.3158277],[-72.9232478,41.3158041],[-72.923211,41.315796],[-72.9232221,41.3157673],[-72.9232044,41.3157635],[-72.9232313,41.3156939],[-72.9232592,41.3156216],[-72.9232902,41.3156284],[-72.9232947,41.3156168],[-72.9234253,41.3156453],[-72.9234211,41.3156559],[-72.9234461,41.3156614],[-72.9233785,41.3158479],[-72.9233728,41.3158588]]]}},{"type":"Feature","id":210640598,"properties":{"osmId":210640598,"category":"academic","addr:city":"New Haven","addr:housenumber":"433","addr:postcode":"06510","addr:state":"CT","addr:street":"Temple Street","building":"university","name":"Office of New Haven and State Affairs Office of Cooperative Research","source":"bing","_wikiTried":true},"geometry":{"type":"Polygon","coordinates":[[[-72.9225234,41.3126268],[-72.9224653,41.3127047],[-72.922409,41.31278],[-72.9220439,41.3126373],[-72.9221032,41.3124281],[-72.9223467,41.3124778],[-72.9223013,41.3125376],[-72.9224951,41.3126169],[-72.9225234,41.3126268]]]}},{"type":"Feature","id":210640602,"properties":{"osmId":210640602,"category":"academic","addr:city":"New Haven","addr:housenumber":"421","addr:postcode":"06510","addr:state":"CT","addr:street":"Temple Street","building":"university","name":"International Center for Yale Students and Scholars","operator":"Yale University","source":"bing","_wikiTried":true},"geometry":{"type":"Polygon","coordinates":[[[-72.9221585,41.3123587],[-72.9222149,41.3121364],[-72.922326,41.3121756],[-72.9224489,41.3122189],[-72.9223722,41.3123322],[-72.9223335,41.3123894],[-72.9221585,41.3123587]]]}},{"type":"Feature","id":212496510,"properties":{"osmId":212496510,"category":"academic","addr:city":"New Haven","addr:housenumber":"109","addr:postcode":"06511","addr:state":"CT","addr:street":"Wall Street","building":"university","name":"Woodbridge Hall","operator":"Yale University","source":"bing","_wikiTried":true},"geometry":{"type":"Polygon","coordinates":[[[-72.9268421,41.3111105],[-72.9267962,41.3111702],[-72.9267301,41.3112561],[-72.926688,41.3113108],[-72.9265341,41.311244],[-72.9266882,41.3110437],[-72.9268421,41.3111105]]]}},{"type":"Feature","id":213227600,"properties":{"osmId":213227600,"category":"other","building":"yes","name":"Yale Bookstore","operator":"Yale University","source":"bing","_wikiTried":true},"geometry":{"type":"Polygon","coordinates":[[[-72.931118,41.3119561],[-72.9311478,41.3119677],[-72.931162,41.312014],[-72.931199,41.3120062],[-72.9312217,41.3120353],[-72.9312388,41.3120289],[-72.9312596,41.3120503],[-72.9312473,41.3120595],[-72.9312861,41.3121001],[-72.9312984,41.3120944],[-72.9313183,41.312115],[-72.931306,41.3121236],[-72.9313458,41.3121641],[-72.9313591,41.3121577],[-72.931379,41.3121784],[-72.9313685,41.3121869],[-72.9314064,41.3122261],[-72.9314197,41.3122204],[-72.9314387,41.3122396],[-72.9314263,41.3122481],[-72.9314538,41.3122766],[-72.9314282,41.3122986],[-72.9314671,41.3123378],[-72.9314784,41.3123356],[-72.9315192,41.3123798],[-72.9314017,41.3124794],[-72.9314244,41.3125007],[-72.9313619,41.3125463],[-72.9312776,41.3124566],[-72.9312318,41.3124476],[-72.9311781,41.3123862],[-72.9311933,41.3123798],[-72.9311208,41.3123084],[-72.9310786,41.3122668],[-72.9309262,41.3121167],[-72.9309072,41.312098],[-72.9309203,41.3120846],[-72.9309014,41.3120621],[-72.931118,41.3119561]]]}},{"type":"Feature","id":215319808,"properties":{"osmId":215319808,"category":"academic","addr:city":"New Haven","addr:housenumber":"304","addr:postcode":"06511","addr:state":"CT","addr:street":"Elm Street","building":"university","name":"Arnold Hall","operator":"Yale University","source":"bing","_wikiTried":true},"geometry":{"type":"Polygon","coordinates":[[[-72.9315644,41.3111746],[-72.9314763,41.3111384],[-72.9314627,41.3111491],[-72.9311761,41.3110454],[-72.9311541,41.3110375],[-72.9312295,41.3109219],[-72.9312698,41.310936],[-72.9312873,41.3109049],[-72.9315384,41.3109968],[-72.9315467,41.3109878],[-72.9316689,41.3110347],[-72.9315644,41.3111746]]]}},{"type":"Feature","id":215319809,"properties":{"osmId":215319809,"category":"other","addr:city":"New Haven","addr:housenumber":"294","addr:postcode":"06511","addr:state":"CT","addr:street":"Elm Street","building":"yes","name":"294-296 Elm Street","operator":"Yale University","source":"bing","_wikiTried":true},"geometry":{"type":"Polygon","coordinates":[[[-72.9311541,41.3110375],[-72.9310234,41.310989],[-72.9311503,41.310799],[-72.9312787,41.3108462],[-72.9312295,41.3109219],[-72.9311541,41.3110375]]]}},{"type":"Feature","id":216414501,"properties":{"osmId":216414501,"category":"religious","amenity":"place_of_worship","building":"church","denomination":"baptist","ele":"9","gnis:feature_id":"1932718","name":"Trinity Baptist Church","religion":"christian","source":"bing","_wikiTried":true},"geometry":{"type":"Polygon","coordinates":[[[-72.9195218,41.3099145],[-72.9194707,41.3099137],[-72.9192234,41.3096949],[-72.9192377,41.3096665],[-72.9193058,41.3096259],[-72.9193665,41.3095897],[-72.9193869,41.3096066],[-72.9193828,41.3096166],[-72.9195236,41.309738],[-72.919544,41.3097253],[-72.9196374,41.3098078],[-72.9196343,41.30984],[-72.9195218,41.3099145]]]}},{"type":"Feature","id":216544054,"properties":{"osmId":216544054,"category":"academic","building":"university","name":"258 Church Street / 96 Grove Street","operator":"Yale University","source":"bing","_wikiTried":true},"geometry":{"type":"Polygon","coordinates":[[[-72.9230682,41.3104447],[-72.9230087,41.3105254],[-72.9229208,41.3104894],[-72.9229159,41.3104975],[-72.9228845,41.3104867],[-72.9228597,41.3104976],[-72.9227947,41.3104696],[-72.9227934,41.3104514],[-72.9227685,41.3104416],[-72.9228403,41.3103373],[-72.9228311,41.3103332],[-72.9228522,41.3103042],[-72.9228781,41.3103151],[-72.9228868,41.3103215],[-72.9229967,41.3103682],[-72.9230057,41.3103633],[-72.9230353,41.3103749],[-72.923043,41.3103876],[-72.9230159,41.3104188],[-72.9230682,41.3104447]]]}},{"type":"Feature","id":216544055,"properties":{"osmId":216544055,"category":"academic","addr:city":"New Haven","addr:housenumber":"250","addr:postcode":"06511","addr:state":"CT","addr:street":"Church Street","building":"university","name":"250 Church Street","operator":"Yale University","source":"bing","_wikiTried":true},"geometry":{"type":"Polygon","coordinates":[[[-72.9230327,41.3100624],[-72.9231802,41.310124],[-72.9231079,41.310215],[-72.9231431,41.3102311],[-72.923105,41.3102824],[-72.9229914,41.310234],[-72.9229505,41.3102166],[-72.9229312,41.3102084],[-72.9230327,41.3100624]]]}},{"type":"Feature","id":216647441,"properties":{"osmId":216647441,"category":"academic","addr:city":"New Haven","addr:housenumber":"493","addr:postcode":"06511","addr:state":"CT","addr:street":"College Street","building":"university","ele":"20","gnis:feature_id":"1932877","operator":"Yale University","source":"USGS Geonames"},"geometry":{"type":"Polygon","coordinates":[[[-72.9258518,41.3108416],[-72.9257781,41.3109464],[-72.9257459,41.3109921],[-72.9255196,41.3108979],[-72.9255699,41.3108297],[-72.9255527,41.310821],[-72.9255932,41.3107621],[-72.9256504,41.3107881],[-72.9257403,41.3108251],[-72.9257564,41.3108029],[-72.9258518,41.3108416]]]}},{"type":"Feature","id":216863205,"properties":{"osmId":216863205,"category":"academic","addr:city":"New Haven","addr:housenumber":"149","addr:postcode":"06511","addr:state":"CT","addr:street":"Elm Street","building":"university","information":"office","name":"Yale Visitor Center","opening_hours":"Mo-Fr 09:00-16:30, Sa,Su 11:00-16:00","operator":"Yale University","source":"bing","tourism":"information","_wikiTried":true},"geometry":{"type":"Polygon","coordinates":[[[-72.9255191,41.3093443],[-72.9254574,41.3093193],[-72.9255998,41.3091207],[-72.9256218,41.3091296],[-72.9256763,41.3090537],[-72.9258035,41.3091052],[-72.9257842,41.3091321],[-72.9258303,41.3091507],[-72.9257037,41.3093271],[-72.9255701,41.3092731],[-72.9255191,41.3093443]]]}},{"type":"Feature","id":216863206,"properties":{"osmId":216863206,"category":"other","addr:city":"New Haven","addr:housenumber":"459","addr:postcode":"06511","addr:state":"CT","addr:street":"College Street","building":"yes","name":"Elizabethan Club","operator":"Yale University","source":"bing","wikidata":"Q5363835","_wikiTried":true},"geometry":{"type":"Polygon","coordinates":[[[-72.9262722,41.3103478],[-72.926238,41.3103919],[-72.9262201,41.310415],[-72.9261726,41.3103942],[-72.9261665,41.3104021],[-72.9261419,41.310407],[-72.9261233,41.3103989],[-72.9261034,41.3104245],[-72.9260417,41.3103975],[-72.9260672,41.3103647],[-72.9260129,41.3103419],[-72.9260765,41.3102554],[-72.9262249,41.3103168],[-72.9262186,41.3103244],[-72.9262722,41.3103478]]]}},{"type":"Feature","id":216863209,"properties":{"osmId":216863209,"category":"academic","addr:city":"New Haven","addr:housenumber":"320","addr:postcode":"06511","addr:state":"CT","addr:street":"Temple Street","building":"university","name":"320 Temple","operator":"Yale University","source":"bing","_wikiTried":true},"geometry":{"type":"Polygon","coordinates":[[[-72.9249703,41.3098223],[-72.9249539,41.3098161],[-72.9249511,41.3098054],[-72.9249308,41.3097967],[-72.9249149,41.3097992],[-72.9248533,41.3097745],[-72.924794,41.3098578],[-72.9247841,41.3098727],[-72.9247874,41.30989],[-72.9248226,41.3099057],[-72.9248522,41.3099003],[-72.9248682,41.3098768],[-72.924889,41.3098851],[-72.9248846,41.3098941],[-72.9250588,41.3099643],[-72.9250808,41.3099602],[-72.9251143,41.3099094],[-72.9249544,41.3098475],[-72.9249703,41.3098223]]]}},{"type":"Feature","id":216863210,"properties":{"osmId":216863210,"category":"academic","addr:city":"New Haven","addr:housenumber":"302","addr:postcode":"06511","addr:state":"CT","addr:street":"Temple Street","building":"university","name":"302 Temple","operator":"Yale University","source":"bing","_wikiTried":true},"geometry":{"type":"Polygon","coordinates":[[[-72.9250936,41.3094793],[-72.9251689,41.3095126],[-72.9251786,41.3095002],[-72.9252578,41.3095352],[-72.9252482,41.3095476],[-72.9254792,41.3096488],[-72.9255637,41.3095361],[-72.9253644,41.3094472],[-72.9253484,41.3094674],[-72.925292,41.3094422],[-72.9253297,41.3093945],[-72.9253678,41.3094114],[-72.9254028,41.3093671],[-72.9254705,41.3092814],[-72.9253074,41.3092087],[-72.9252074,41.3093352],[-72.9252469,41.3093528],[-72.9252223,41.3093839],[-72.9251828,41.3093663],[-72.9250936,41.3094793]]]}},{"type":"Feature","id":216863213,"properties":{"osmId":216863213,"category":"academic","addr:city":"New Haven","addr:housenumber":"451","addr:postcode":"06511","addr:state":"CT","addr:street":"College Street","building":"university","name":"451 College Street","operator":"Yale University","source":"bing","_wikiTried":true},"geometry":{"type":"Polygon","coordinates":[[[-72.9263639,41.3101027],[-72.9263248,41.3101569],[-72.9263344,41.3101665],[-72.9263371,41.3101809],[-72.9263321,41.3102018],[-72.9263243,41.310215],[-72.9263111,41.3102276],[-72.9262951,41.3102372],[-72.9262782,41.3102413],[-72.9262622,41.3102403],[-72.9262178,41.3103005],[-72.9260492,41.3102307],[-72.926105,41.3101552],[-72.9261132,41.3101563],[-72.9261491,41.3101079],[-72.9261425,41.3101045],[-72.9261953,41.3100329],[-72.9263639,41.3101027]]]}},{"type":"Feature","id":216863214,"properties":{"osmId":216863214,"category":"academic","addr:city":"New Haven","addr:housenumber":"143","addr:postcode":"06511","addr:state":"CT","addr:street":"Elm Street","building":"university","name":"143 Elm","operator":"Yale University","source":"bing","_wikiTried":true},"geometry":{"type":"Polygon","coordinates":[[[-72.9255894,41.3090795],[-72.9254161,41.3090066],[-72.9253083,41.3091509],[-72.9254658,41.3092173],[-72.925475,41.3092049],[-72.9254908,41.3092116],[-72.9255894,41.3090795]]]}},{"type":"Feature","id":216863215,"properties":{"osmId":216863215,"category":"academic","addr:city":"New Haven","addr:housenumber":"469","addr:postcode":"06511","addr:state":"CT","addr:street":"College Street","building":"university","name":"Stoeckel Hall","operator":"Yale University","source":"bing","_wikiTried":true},"geometry":{"type":"Polygon","coordinates":[[[-72.9260532,41.3106325],[-72.9259158,41.3105736],[-72.9257869,41.3105184],[-72.9259116,41.3103542],[-72.9260985,41.3104343],[-72.9260837,41.3104538],[-72.9260683,41.310474],[-72.9261204,41.3104963],[-72.9260928,41.3105327],[-72.9261201,41.3105444],[-72.9260532,41.3106325]]]}},{"type":"Feature","id":216863216,"properties":{"osmId":216863216,"category":"academic","addr:city":"New Haven","addr:housenumber":"66","addr:postcode":"06511","addr:state":"CT","addr:street":"Wall Street","building":"university","operator":"Yale University","source":"bing"},"geometry":{"type":"Polygon","coordinates":[[[-72.9248619,41.3101111],[-72.924663,41.3100318],[-72.9247202,41.3099509],[-72.9247722,41.3099716],[-72.9247858,41.3099524],[-72.9248582,41.3099813],[-72.9248381,41.3100097],[-72.9249127,41.3100394],[-72.9248619,41.3101111]]]}},{"type":"Feature","id":216863217,"properties":{"osmId":216863217,"category":"academic","addr:city":"New Haven","addr:housenumber":"435","addr:postcode":"06511","addr:state":"CT","addr:street":"College Street","building":"university","name":"Leigh Hall","operator":"Yale University","source":"bing","_wikiTried":true},"geometry":{"type":"Polygon","coordinates":[[[-72.9264762,41.3099746],[-72.9263308,41.3099113],[-72.9261627,41.3098456],[-72.9262373,41.3097381],[-72.9263228,41.3097754],[-72.9263331,41.309762],[-72.926563,41.3098622],[-72.926517,41.3099218],[-72.9264762,41.3099746]]]}},{"type":"Feature","id":216882329,"properties":{"osmId":216882329,"category":"religious","amenity":"place_of_worship","building":"church","denomination":"lutheran","name":"Trinity Lutheran Church","religion":"christian","source":"bing","_wikiTried":true},"geometry":{"type":"Polygon","coordinates":[[[-72.9220387,41.3088885],[-72.9218882,41.308828],[-72.921951,41.3087399],[-72.9219733,41.3087489],[-72.9220023,41.3087081],[-72.9219819,41.3086999],[-72.9220459,41.3086102],[-72.9221998,41.3086721],[-72.9221818,41.3086974],[-72.9222737,41.3087344],[-72.9222936,41.3087064],[-72.9224085,41.3087526],[-72.9224226,41.3087328],[-72.9224923,41.3087609],[-72.9223367,41.3089792],[-72.9223001,41.3089645],[-72.9222822,41.3089896],[-72.9221512,41.3089369],[-72.9221698,41.3089108],[-72.9220555,41.3088649],[-72.9220387,41.3088885]]]}},{"type":"Feature","id":217182136,"properties":{"osmId":217182136,"category":"academic","addr:city":"New Haven","addr:housenumber":"254","addr:postcode":"06511","addr:state":"CT","addr:street":"Prospect Street","building":"university","operator":"Yale University"},"geometry":{"type":"Polygon","coordinates":[[[-72.9241391,41.3188384],[-72.9240254,41.3188189],[-72.9240198,41.3188373],[-72.9239509,41.3188254],[-72.9239566,41.3188067],[-72.9239129,41.3187992],[-72.9239447,41.318695],[-72.924171,41.3187339],[-72.9241391,41.3188384]]]}},{"type":"Feature","id":217182138,"properties":{"osmId":217182138,"category":"academic","addr:city":"New Haven","addr:housenumber":"276","addr:postcode":"06511","addr:state":"CT","addr:street":"Prospect Street","building":"university","building:levels":"3","operator":"Yale University"},"geometry":{"type":"Polygon","coordinates":[[[-72.9240187,41.3193125],[-72.9238525,41.3192852],[-72.9239199,41.319054],[-72.924086,41.3190813],[-72.9240187,41.3193125]]]}},{"type":"Feature","id":217270615,"properties":{"osmId":217270615,"category":"academic","addr:city":"New Haven","addr:housenumber":"51","addr:postcode":"06511","addr:state":"CT","addr:street":"Prospect Street","building":"university","name":"Arthur K. Watson Hall","operator":"Yale University","_wikiTried":true},"geometry":{"type":"Polygon","coordinates":[[[-72.9251062,41.3130284],[-72.9249639,41.3130068],[-72.9249597,41.3130222],[-72.9246388,41.3129733],[-72.9245932,41.3131422],[-72.9249061,41.3131899],[-72.9248987,41.3132174],[-72.925049,41.3132403],[-72.9250796,41.313127],[-72.9251062,41.3130284]]]}},{"type":"Feature","id":217270616,"properties":{"osmId":217270616,"category":"academic","addr:city":"New Haven","addr:housenumber":"12","addr:postcode":"06511","addr:state":"CT","addr:street":"Hillhouse Avenue","building":"university","name":"Leet Oliver Memorial Hall","operator":"Yale University","_wikiTried":true},"geometry":{"type":"Polygon","coordinates":[[[-72.9243647,41.312878],[-72.9242983,41.3128631],[-72.9242896,41.3128849],[-72.9242266,41.3128707],[-72.9242353,41.3128489],[-72.9241742,41.3128351],[-72.9242139,41.3127247],[-72.9242566,41.3126057],[-72.9243672,41.3126272],[-72.9243745,41.3126068],[-72.9244589,41.312626],[-72.9244226,41.3127231],[-72.924387,41.3128182],[-72.9244057,41.3128221],[-72.9244212,41.3128395],[-72.9244108,41.3128673],[-72.9243845,41.3128802],[-72.9243647,41.312878]]]}},{"type":"Feature","id":217270617,"properties":{"osmId":217270617,"category":"academic","addr:city":"New Haven","addr:housenumber":"9","addr:postcode":"06511","addr:state":"CT","addr:street":"Hillhouse Avenue","building":"university","name":"Mason Laboratory","operator":"Yale University","_wikiTried":true},"geometry":{"type":"Polygon","coordinates":[[[-72.9238849,41.3123195],[-72.923968,41.3120986],[-72.923271,41.3119442],[-72.9232252,41.3120571],[-72.9234271,41.3122489],[-72.9234473,41.3122552],[-72.923465,41.3122474],[-72.9234645,41.3122317],[-72.9234426,41.3122258],[-72.9234368,41.3122176],[-72.9238849,41.3123195]]]}},{"type":"Feature","id":217270618,"properties":{"osmId":217270618,"category":"academic","addr:city":"New Haven","addr:housenumber":"17","addr:postcode":"06511","addr:state":"CT","addr:street":"Hillhouse Avenue","building":"university","operator":"Yale University"},"geometry":{"type":"Polygon","coordinates":[[[-72.923569,41.3130368],[-72.9234623,41.3130145],[-72.9234767,41.3129756],[-72.9234501,41.31297],[-72.9234597,41.3129439],[-72.9233368,41.3129182],[-72.9233544,41.3128706],[-72.923319,41.3128632],[-72.9233276,41.3128398],[-72.9232204,41.3128174],[-72.9233448,41.3124815],[-72.9233697,41.3124867],[-72.9234515,41.3125038],[-72.923437,41.3125429],[-72.9234705,41.3125499],[-72.9234624,41.3125717],[-72.9235552,41.3125911],[-72.9235911,41.3125986],[-72.9235646,41.31267],[-72.923602,41.3126778],[-72.9236949,41.3126972],[-72.9236763,41.3127473],[-72.9236727,41.3127569],[-72.9236706,41.3127626],[-72.923569,41.3130368]]]}},{"type":"Feature","id":217270619,"properties":{"osmId":217270619,"category":"academic","addr:city":"New Haven","addr:housenumber":"15","addr:postcode":"06511","addr:state":"CT","addr:street":"Prospect Street","building":"university","name":"Becton Center","operator":"Yale University","wikidata":"Q118383731","_wikiTried":true},"geometry":{"type":"Polygon","coordinates":[[[-72.925352,41.3123315],[-72.9253107,41.3123253],[-72.9251491,41.3123013],[-72.9251142,41.3122962],[-72.925108,41.3123198],[-72.9250811,41.3123158],[-72.9250412,41.3124671],[-72.9249334,41.3128765],[-72.9249579,41.3128802],[-72.9249521,41.3129023],[-72.9250118,41.3129111],[-72.9250092,41.3129209],[-72.9251496,41.3129418],[-72.9251897,41.3129478],[-72.925352,41.3123315]]]}},{"type":"Feature","id":217270620,"properties":{"osmId":217270620,"category":"academic","addr:city":"New Haven","addr:housenumber":"10","addr:postcode":"06511","addr:state":"CT","addr:street":"Hillhouse Avenue","building":"university","name":"Dunham Laboratory","operator":"Yale University","_wikiTried":true},"geometry":{"type":"Polygon","coordinates":[[[-72.9247001,41.3126202],[-72.9247513,41.3124812],[-72.9247551,41.3124707],[-72.9246023,41.3124389],[-72.9246189,41.3123937],[-72.9246478,41.3123152],[-72.9247069,41.3121545],[-72.9247334,41.3120827],[-72.9244809,41.3120303],[-72.9244673,41.3120672],[-72.9243829,41.3122968],[-72.9244411,41.3123089],[-72.9244279,41.3123448],[-72.9243687,41.3123325],[-72.924363,41.3123481],[-72.9242939,41.3125359],[-72.9246823,41.3126165],[-72.9247001,41.3126202]]]}},{"type":"Feature","id":217270625,"properties":{"osmId":217270625,"category":"academic","addr:city":"New Haven","addr:housenumber":"1","addr:postcode":"06511","addr:state":"CT","addr:street":"Prospect Street","building":"university","name":"Sheffield-Sterling-Strathcona Hall","operator":"Yale University","_wikiTried":true},"geometry":{"type":"Polygon","coordinates":[[[-72.9253764,41.3122223],[-72.9251786,41.3121943],[-72.9251061,41.312184],[-72.9251528,41.3119978],[-72.9251201,41.3119931],[-72.925102,41.3119624],[-72.9250893,41.3119408],[-72.9250647,41.311899],[-72.9250852,41.311871],[-72.9247861,41.3117475],[-72.9248037,41.3117234],[-72.9248685,41.3116349],[-72.9248776,41.3116225],[-72.9251479,41.3117341],[-72.9251901,41.3117515],[-72.9251812,41.3117636],[-72.9252046,41.3117732],[-72.9252139,41.3117707],[-72.9252762,41.3117947],[-72.9252874,41.3118116],[-72.9253074,41.3118042],[-72.925318,41.3118201],[-72.9253338,41.3118142],[-72.9253433,41.3118284],[-72.9253762,41.3118161],[-72.9253887,41.3118349],[-72.9254006,41.3118529],[-72.9253623,41.3118672],[-72.9253722,41.311882],[-72.925354,41.3118888],[-72.9253699,41.3119126],[-72.925355,41.3119182],[-72.925318,41.3120659],[-72.9254123,41.3120793],[-72.9253764,41.3122223]]]}},{"type":"Feature","id":217270626,"properties":{"osmId":217270626,"category":"academic","addr:city":"New Haven","addr:housenumber":"1","addr:postcode":"06511","addr:state":"CT","addr:street":"Hillhouse Avenue","building":"university","name":"Warner House","operator":"Yale University","_wikiTried":true},"geometry":{"type":"Polygon","coordinates":[[[-72.9239172,41.3113791],[-72.9239359,41.3113883],[-72.9239407,41.311381],[-72.924038,41.3114016],[-72.9240613,41.3113365],[-72.9240848,41.3112709],[-72.9242362,41.3112975],[-72.9241796,41.3114727],[-72.9242035,41.3114772],[-72.9241523,41.311618],[-72.9238928,41.3115653],[-72.9239437,41.311463],[-72.9239512,41.3114651],[-72.9239568,41.3114537],[-72.9239494,41.3114516],[-72.9238878,41.3114226],[-72.9239172,41.3113791]]]}},{"type":"Feature","id":217270627,"properties":{"osmId":217270627,"category":"religious","addr:city":"New Haven","addr:housenumber":"5","addr:postcode":"06511","addr:state":"CT","addr:street":"Hillhouse Avenue","amenity":"place_of_worship","building":"church","denomination":"roman_catholic","name":"Saint Mary's Church","religion":"christian","wikidata":"Q7590208","_wikiTried":true},"geometry":{"type":"Polygon","coordinates":[[[-72.9239319,41.3120729],[-72.9240214,41.3118614],[-72.923543,41.3117589],[-72.9235581,41.3117205],[-72.9235743,41.3116792],[-72.923676,41.3117036],[-72.9236707,41.3117145],[-72.9239766,41.3117809],[-72.9240033,41.3117119],[-72.9240282,41.3116473],[-72.9237236,41.3115818],[-72.9236862,41.3116735],[-72.9235472,41.3116435],[-72.9235088,41.3117499],[-72.9234958,41.311748],[-72.9234786,41.3117969],[-72.9234368,41.3118008],[-72.9233971,41.3118228],[-72.9233846,41.3118549],[-72.9233982,41.3118879],[-72.9234389,41.3119098],[-72.923418,41.3119572],[-72.9239319,41.3120729]]]}},{"type":"Feature","id":217301902,"properties":{"osmId":217301902,"category":"academic","addr:city":"New Haven","addr:housenumber":"55","addr:postcode":"06511","addr:state":"CT","addr:street":"Prospect Street","building":"university","name":"Malone Center","operator":"Yale University","_wikiTried":true},"geometry":{"type":"Polygon","coordinates":[[[-72.9250212,41.3133196],[-72.9249575,41.3135601],[-72.92495,41.3135836],[-72.9249835,41.3135993],[-72.9249587,41.3136202],[-72.9248625,41.3135577],[-72.9247587,41.3134846],[-72.9246741,41.3134154],[-72.9245832,41.3133334],[-72.9245135,41.3132643],[-72.9244487,41.3131948],[-72.924477,41.3131773],[-72.9244884,41.3131973],[-72.9245289,41.3131725],[-72.9245376,41.3131671],[-72.9245616,41.3131985],[-72.9246065,41.3132032],[-72.924618,41.3131946],[-72.9246409,41.3131969],[-72.9246587,41.3132126],[-72.9247157,41.3132188],[-72.9247848,41.3132802],[-72.9250212,41.3133196]]]}},{"type":"Feature","id":217301903,"properties":{"osmId":217301903,"category":"academic","addr:city":"New Haven","addr:housenumber":"24","addr:postcode":"06511","addr:state":"CT","addr:street":"Hillhouse Avenue","building":"university","name":"James Dwight Dana House","operator":"Yale University","wikidata":"Q6132991","_wikiTried":true},"geometry":{"type":"Polygon","coordinates":[[[-72.9242515,41.3135092],[-72.9242796,41.3134352],[-72.9242663,41.3134324],[-72.9242792,41.3133984],[-72.9241907,41.3133794],[-72.924188,41.3133866],[-72.9240504,41.3133572],[-72.9240242,41.3134263],[-72.9240138,41.3134536],[-72.9240527,41.3134619],[-72.92403,41.3135216],[-72.9241835,41.3135545],[-72.9242045,41.3134992],[-72.9242515,41.3135092]]]}},{"type":"Feature","id":217340232,"properties":{"osmId":217340232,"category":"medical","building":"hospital","emergency":"no","healthcare":"hospital","layer":"-1","name":"Yale Health Center","operator":"Yale University","_wikiTried":true},"geometry":{"type":"Polygon","coordinates":[[[-72.9279106,41.3156918],[-72.9278466,41.3156403],[-72.9278832,41.3155304],[-72.9278476,41.315525],[-72.9278284,41.3155221],[-72.9277058,41.3155034],[-72.9275676,41.3154823],[-72.9272915,41.3154249],[-72.9272657,41.3154941],[-72.9272411,41.3154893],[-72.9272235,41.315486],[-72.9272472,41.3154152],[-72.9270779,41.3153835],[-72.9270439,41.3154925],[-72.9272853,41.3158771],[-72.927563,41.3157708],[-72.9275767,41.3158018],[-72.9273343,41.3159112],[-72.9274304,41.3160706],[-72.9276799,41.3159703],[-72.9276875,41.3159813],[-72.927741,41.3160589],[-72.9277651,41.3160939],[-72.9277823,41.3160885],[-72.9278365,41.3160717],[-72.9278888,41.3160554],[-72.9279066,41.3160498],[-72.9278783,41.3160196],[-72.9278199,41.3159571],[-72.9277668,41.3159003],[-72.9277615,41.3158349],[-72.9277825,41.3158361],[-72.9277963,41.3157914],[-72.9278283,41.3157468],[-72.9278695,41.3157159],[-72.9278998,41.3156982],[-72.9279106,41.3156918]]]}},{"type":"Feature","id":217340233,"properties":{"osmId":217340233,"category":"academic","addr:city":"New Haven","addr:housenumber":"101","addr:postcode":"06511","addr:state":"CT","addr:street":"Ashmun Street","building":"university","name":"Rose Center","operator":"Yale University","_wikiTried":true},"geometry":{"type":"Polygon","coordinates":[[[-72.9289961,41.3161569],[-72.9288416,41.3158317],[-72.9288963,41.3158346],[-72.9288989,41.3157849],[-72.9288904,41.3157847],[-72.9284546,41.3157726],[-72.928454,41.3158238],[-72.9285401,41.3158242],[-72.9286416,41.3162103],[-72.9289961,41.3161569]]]}},{"type":"Feature","id":217341967,"properties":{"osmId":217341967,"category":"academic","addr:city":"New Haven","addr:housenumber":"21","addr:postcode":"06511","addr:state":"CT","addr:street":"Sachem Street","building":"university","name":"Class of 1954 Environmental Science Center","operator":"Yale University","_wikiTried":true},"geometry":{"type":"Polygon","coordinates":[[[-72.9218657,41.3164956],[-72.9218905,41.3164238],[-72.9218802,41.3164217],[-72.92204,41.3160027],[-72.9220471,41.3160041],[-72.9220679,41.3159447],[-72.9220608,41.3159433],[-72.9220729,41.3159087],[-72.9220949,41.3158986],[-72.9221075,41.3158702],[-72.9220949,41.3158511],[-72.9220869,41.3158403],[-72.9220485,41.3158365],[-72.9220266,41.315846],[-72.9219772,41.3158359],[-72.9219688,41.3158257],[-72.9217734,41.3157885],[-72.9217782,41.315775],[-72.9216971,41.3157588],[-72.9216741,41.3157545],[-72.9216538,41.3158158],[-72.9216768,41.3158201],[-72.9216672,41.3158489],[-72.9216486,41.3158454],[-72.9216273,41.3159095],[-72.921646,41.315913],[-72.9216425,41.3159235],[-72.9216561,41.315926],[-72.9215239,41.3163157],[-72.921513,41.316314],[-72.9214913,41.3163793],[-72.9215354,41.3163882],[-72.9215698,41.3163951],[-72.9215819,41.3163975],[-72.9215849,41.316393],[-72.9216596,41.3164084],[-72.9216403,41.3164599],[-72.9217621,41.3164874],[-72.92176,41.3164945],[-72.921847,41.3165124],[-72.9218534,41.3164925],[-72.9218657,41.3164956]]]}},{"type":"Feature","id":217341968,"properties":{"osmId":217341968,"category":"academic","addr:city":"New Haven","addr:housenumber":"210","addr:postcode":"06511","addr:state":"CT","addr:street":"Whitney Avenue","building":"university","name":"Kline Geology Laboratory","operator":"Yale University","_wikiTried":true},"geometry":{"type":"Polygon","coordinates":[[[-72.9213878,41.3168388],[-72.9215396,41.3165224],[-72.9215164,41.3165161],[-72.9214815,41.3165067],[-72.9211393,41.3164141],[-72.9211047,41.3164047],[-72.921074,41.3163964],[-72.9208123,41.3163256],[-72.9206606,41.316642],[-72.9213878,41.3168388]]]}},{"type":"Feature","id":217341970,"properties":{"osmId":217341970,"category":"academic","addr:city":"New Haven","addr:housenumber":"195","addr:postcode":"06511","addr:state":"CT","addr:street":"Prospect Street","building":"university","faculty":"School of Forestry & Environmental Studies","name":"Kroon Hall","operator":"Yale University","_wikiTried":true},"geometry":{"type":"Polygon","coordinates":[[[-72.92371,41.3169406],[-72.9237349,41.3168649],[-72.9237591,41.316791],[-72.9229915,41.3166494],[-72.9229697,41.3167228],[-72.9229444,41.3168011],[-72.9231291,41.3168348],[-72.9231371,41.3168461],[-72.923153,41.3168537],[-72.9231698,41.316852],[-72.9231831,41.3168446],[-72.9234512,41.3168934],[-72.9234574,41.3169045],[-72.9234684,41.3169135],[-72.9234844,41.3169168],[-72.9234999,41.3169152],[-72.9235107,41.3169043],[-72.92371,41.3169406]]]}},{"type":"Feature","id":217341973,"properties":{"osmId":217341973,"category":"academic","addr:city":"New Haven","addr:housenumber":"165","addr:postcode":"06511","addr:state":"CT","addr:street":"Prospect Street","building":"university","name":"Osborn Memorial Laboratories","operator":"Yale University","wikidata":"Q7105763","_wikiTried":true},"geometry":{"type":"Polygon","coordinates":[[[-72.9239856,41.3167567],[-72.9239494,41.3167514],[-72.9239457,41.3167658],[-72.9239256,41.3167757],[-72.9239041,41.3167701],[-72.9238986,41.3167587],[-72.9238542,41.3167524],[-72.9238471,41.3167627],[-72.9238358,41.3167708],[-72.9237942,41.3167624],[-72.923785,41.3167537],[-72.9237915,41.3167286],[-72.9237812,41.3167271],[-72.9238511,41.3164873],[-72.9237968,41.3164775],[-72.9237598,41.3164343],[-72.9237234,41.3163918],[-72.9237314,41.3163495],[-72.9232584,41.3162527],[-72.9232288,41.3163293],[-72.9231156,41.3163064],[-72.9232051,41.3160701],[-72.9233253,41.3160934],[-72.923322,41.316103],[-72.9238307,41.3162067],[-72.9238349,41.3161962],[-72.9239373,41.3162166],[-72.9239175,41.31628],[-72.9239412,41.3162811],[-72.9239622,41.3163014],[-72.9239844,41.3163284],[-72.9240092,41.3163582],[-72.9240265,41.3163782],[-72.9240276,41.3164001],[-72.9240947,41.3164103],[-72.9240734,41.3164929],[-72.9240595,41.3164907],[-72.9239856,41.3167567]]]}},{"type":"Feature","id":217366824,"properties":{"osmId":217366824,"category":"academic","addr:city":"New Haven","addr:housenumber":"355","addr:postcode":"06511","addr:state":"CT","addr:street":"Prospect Street","amenity":"planetarium","building":"university","man_made":"observatory","name":"Leitner Family Observatory and Planetarium","operator":"Yale University","_wikiTried":true},"geometry":{"type":"Polygon","coordinates":[[[-72.9220611,41.3209844],[-72.9220651,41.3209655],[-72.9219009,41.3209458],[-72.9218983,41.3209579],[-72.9218977,41.3209577],[-72.9218851,41.3209585],[-72.9218741,41.320963],[-72.9218664,41.3209705],[-72.9218635,41.3209797],[-72.9218658,41.320989],[-72.921873,41.3209968],[-72.9218837,41.3210017],[-72.9218888,41.3210022],[-72.9218867,41.3210124],[-72.9218537,41.3210084],[-72.9218476,41.3210374],[-72.9219025,41.321044],[-72.9219001,41.3210552],[-72.9218596,41.3210503],[-72.9218096,41.3212847],[-72.9220136,41.3213093],[-72.9220464,41.3211554],[-72.9220633,41.3210762],[-72.9220223,41.3210713],[-72.9220252,41.3210578],[-72.9220788,41.3210642],[-72.922085,41.3210352],[-72.9220511,41.3210311],[-72.9220529,41.321023],[-72.9220636,41.3210212],[-72.9220725,41.3210162],[-72.922078,41.321009],[-72.922079,41.3210007],[-72.9220754,41.3209928],[-72.9220679,41.3209866],[-72.9220611,41.3209844]]]}},{"type":"Feature","id":217366825,"properties":{"osmId":217366825,"category":"academic","addr:city":"New Haven","addr:housenumber":"370","addr:postcode":"06511","addr:state":"CT","addr:street":"Prospect Street","building":"university","name":"Greeley Memorial Laboratory","operator":"Yale University","_wikiTried":true},"geometry":{"type":"Polygon","coordinates":[[[-72.9247787,41.3221472],[-72.9248741,41.3218629],[-72.9242597,41.3217466],[-72.9241643,41.3220308],[-72.9247787,41.3221472]]]}},{"type":"Feature","id":217366826,"properties":{"osmId":217366826,"category":"academic","addr:city":"New Haven","addr:housename":"Marsh Hall","addr:housenumber":"360","addr:postcode":"06511","addr:state":"CT","addr:street":"Prospect Street","building":"university","name":"Marsh Hall","operator":"Yale University","wikidata":"Q6773322","_wikiTried":true},"geometry":{"type":"Polygon","coordinates":[[[-72.9239409,41.321779],[-72.9239361,41.3216438],[-72.9236927,41.3216486],[-72.9236975,41.3217866],[-72.923753,41.3217855],[-72.9237536,41.3218011],[-72.9239129,41.3217979],[-72.9239123,41.3217795],[-72.9239409,41.321779]]]}},{"type":"Feature","id":217366828,"properties":{"osmId":217366828,"category":"religious","addr:city":"New Haven","addr:housenumber":"409","addr:postcode":"06511","addr:state":"CT","addr:street":"Prospect Street","building":"chapel","name":"Marquand Chapel","operator":"Yale University","_wikiTried":true},"geometry":{"type":"Polygon","coordinates":[[[-72.9212011,41.3233066],[-72.9212002,41.3233112],[-72.9211425,41.3233053],[-72.9211381,41.3233305],[-72.9211072,41.3233461],[-72.9211018,41.3233836],[-72.9211268,41.3234066],[-72.921123,41.32343],[-72.9211778,41.3234356],[-72.9211764,41.3234434],[-72.9214907,41.3234691],[-72.9215044,41.3233959],[-72.9215093,41.3233386],[-72.9212011,41.3233066]]]}},{"type":"Feature","id":218538610,"properties":{"osmId":218538610,"category":"academic","addr:city":"New Haven","addr:housenumber":"149;157","addr:postcode":"06510","addr:state":"CT","addr:street":"York Street","building":"university","name":"149 York Street","operator":"Yale University","source":"bing","_wikiTried":true},"geometry":{"type":"Polygon","coordinates":[[[-72.9319786,41.3078489],[-72.9315789,41.3076819],[-72.9315229,41.3077652],[-72.9312741,41.3076637],[-72.9313898,41.3074792],[-72.9314618,41.307508],[-72.9315963,41.307318],[-72.9319733,41.3074685],[-72.9320713,41.3075067],[-72.9321854,41.3075529],[-72.9319786,41.3078489]]]}},{"type":"Feature","id":218538611,"properties":{"osmId":218538611,"category":"academic","addr:city":"New Haven","addr:housenumber":"26","addr:postcode":"06510","addr:state":"CT","addr:street":"High Street","building":"university","building:levels":"3","operator":"Yale University","website":"https://nacc.yalecollege.yale.edu/"},"geometry":{"type":"Polygon","coordinates":[[[-72.9311787,41.3069178],[-72.9312266,41.3069375],[-72.9312354,41.3069254],[-72.9312837,41.3069452],[-72.9312995,41.3069236],[-72.9313684,41.306952],[-72.9313423,41.3069878],[-72.9313618,41.3069958],[-72.931321,41.3070517],[-72.9312343,41.3070159],[-72.9312304,41.3070213],[-72.9312191,41.3070166],[-72.931223,41.3070113],[-72.9311364,41.3069756],[-72.9311787,41.3069178]]]}},{"type":"Feature","id":218538613,"properties":{"osmId":218538613,"category":"academic","addr:city":"New Haven","addr:housenumber":"301","addr:postcode":"06510","addr:state":"CT","addr:street":"Crown Street","building":"university","building:levels":"2","name":"301 Crown Street","operator":"Yale University","source":"bing","website":"https://lacasa.yalecollege.yale.edu/","_wikiTried":true},"geometry":{"type":"Polygon","coordinates":[[[-72.9318273,41.3070527],[-72.9317128,41.3070081],[-72.9316694,41.3070712],[-72.9316424,41.3070791],[-72.9316235,41.307104],[-72.9316319,41.3071256],[-72.9316533,41.3071339],[-72.931618,41.3071852],[-72.9317107,41.3072213],[-72.9317471,41.3071684],[-72.9317718,41.307178],[-72.9318161,41.3071138],[-72.9317917,41.3071043],[-72.9318273,41.3070527]]]}},{"type":"Feature","id":218538620,"properties":{"osmId":218538620,"category":"academic","addr:city":"New Haven","addr:housenumber":"295","addr:postcode":"06510","addr:state":"CT","addr:street":"Crown Street","building":"university","building:levels":"3","name":"295-297 Crown Street","operator":"Yale University","source":"bing","website":"https://aacc.yalecollege.yale.edu/","_wikiTried":true},"geometry":{"type":"Polygon","coordinates":[[[-72.9316875,41.3069858],[-72.9316267,41.306961],[-72.9316035,41.3069516],[-72.9315532,41.3069311],[-72.9315355,41.3069238],[-72.931458,41.3070311],[-72.9314706,41.3070362],[-72.9314451,41.3070715],[-72.93157,41.3071224],[-72.9315799,41.3071087],[-72.9315965,41.3070857],[-72.931611,41.3070916],[-72.9316875,41.3069858]]]}},{"type":"Feature","id":218538621,"properties":{"osmId":218538621,"category":"residential","addr:city":"New Haven","addr:housenumber":"313-319","addr:postcode":"06510","addr:state":"CT","addr:street":"Crown Street","building":"apartments","building:levels":"3","name":"York-Crown Apartments A","operator":"Yale University","source":"bing","website":"https://housing.yale.edu/graduate-housing/our-buildings/york-crown","_wikiTried":true},"geometry":{"type":"Polygon","coordinates":[[[-72.932168,41.3071706],[-72.9323992,41.3072625],[-72.9323134,41.3073843],[-72.9320965,41.3072981],[-72.9321245,41.3072583],[-72.9321102,41.3072527],[-72.9321197,41.3072392],[-72.932168,41.3071706]]]}},{"type":"Feature","id":218538622,"properties":{"osmId":218538622,"category":"academic","addr:city":"New Haven","addr:housenumber":"305","addr:postcode":"06510","addr:state":"CT","addr:street":"Crown Street","building":"university","building:levels":"3","name":"305 Crown Street","operator":"Yale University","source":"bing","_wikiTried":true},"geometry":{"type":"Polygon","coordinates":[[[-72.932168,41.3071706],[-72.9318966,41.3070604],[-72.9318274,41.3071579],[-72.9317463,41.3072721],[-72.9319374,41.3073487],[-72.931978,41.3072914],[-72.9320165,41.3073068],[-72.9320767,41.307222],[-72.9321197,41.3072392],[-72.932168,41.3071706]]]}},{"type":"Feature","id":219143263,"properties":{"osmId":219143263,"category":"academic","addr:city":"New Haven","addr:housenumber":"27","addr:postcode":"06511","addr:state":"CT","addr:street":"Hillhouse Avenue","building":"university","faculty":"management","name":"Economic Growth Center","operator":"Yale University","_wikiTried":true},"geometry":{"type":"Polygon","coordinates":[[[-72.9232176,41.3138265],[-72.9232784,41.313671],[-72.9231423,41.313641],[-72.9231392,41.3136488],[-72.9230849,41.3136368],[-72.9230832,41.3136411],[-72.9230461,41.3136329],[-72.92299,41.3137764],[-72.9232176,41.3138265]]]}},{"type":"Feature","id":219143266,"properties":{"osmId":219143266,"category":"academic","addr:city":"New Haven","addr:housenumber":"30","addr:postcode":"06511","addr:state":"CT","addr:street":"Hillhouse Avenue","building":"university","operator":"Yale University","wikidata":"Q5179748"},"geometry":{"type":"Polygon","coordinates":[[[-72.9239697,41.3140162],[-72.9239022,41.3139995],[-72.9238935,41.3140229],[-72.9238485,41.3140134],[-72.9238326,41.3140559],[-72.9238133,41.3140518],[-72.9237965,41.3140969],[-72.9237861,41.3140948],[-72.9237765,41.3141206],[-72.9241282,41.3142042],[-72.9241344,41.314188],[-72.9241724,41.3140835],[-72.9239912,41.314043],[-72.9239989,41.3140223],[-72.9239697,41.3140162]]]}},{"type":"Feature","id":224144509,"properties":{"osmId":224144509,"category":"other","addr:city":"New Haven","addr:housenumber":"123","addr:postcode":"06511","addr:state":"CT","addr:street":"York Street","building":"yes","operator":"Yale University","source":"bing"},"geometry":{"type":"Polygon","coordinates":[[[-72.9319559,41.30586],[-72.9319275,41.3058991],[-72.9319162,41.3058945],[-72.9318662,41.3059632],[-72.9318127,41.3060369],[-72.9318264,41.3060426],[-72.9318177,41.3060546],[-72.9318911,41.3060847],[-72.9319035,41.3060676],[-72.9319169,41.3060731],[-72.9319225,41.3060655],[-72.9323831,41.3062558],[-72.9323734,41.306269],[-72.9326689,41.3063902],[-72.9328213,41.3064526],[-72.9329178,41.3063199],[-72.932904,41.3063143],[-72.932937,41.3062689],[-72.9323876,41.3060436],[-72.9323704,41.3060672],[-72.9320141,41.3059211],[-72.9320349,41.3058924],[-72.9319559,41.30586]]]}},{"type":"Feature","id":224146934,"properties":{"osmId":224146934,"category":"other","addr:city":"New Haven","addr:housenumber":"1","addr:postcode":"06511","addr:state":"CT","addr:street":"Church Street","building":"yes","building:levels":"8","name":"1 Church Street","operator":"Yale University","source":"bing","_wikiTried":true},"geometry":{"type":"Polygon","coordinates":[[[-72.926966,41.3039551],[-72.9268914,41.3040529],[-72.9266088,41.3039313],[-72.9264366,41.3038572],[-72.9264892,41.3037882],[-72.9264794,41.303784],[-72.9265049,41.3037506],[-72.9265589,41.3037738],[-72.9266455,41.3036603],[-72.9270547,41.3038363],[-72.9270514,41.3038406],[-72.9270698,41.3038485],[-72.926983,41.3039624],[-72.926966,41.3039551]]]}},{"type":"Feature","id":224889709,"properties":{"osmId":224889709,"category":"academic","addr:city":"New Haven","addr:housenumber":"205","addr:postcode":"06511","addr:state":"CT","addr:street":"Park Street","building":"university","operator":"Yale University","source":"bing"},"geometry":{"type":"Polygon","coordinates":[[[-72.9331495,41.3092174],[-72.9330892,41.3093014],[-72.9330011,41.3092657],[-72.9329823,41.309292],[-72.9329656,41.3092957],[-72.9329477,41.3092885],[-72.9329471,41.3092731],[-72.9329267,41.3092648],[-72.9329162,41.3092795],[-72.9328361,41.3092471],[-72.9329233,41.3091257],[-72.9331495,41.3092174]]]}},{"type":"Feature","id":224889712,"properties":{"osmId":224889712,"category":"academic","addr:city":"New Haven","addr:housenumber":"211","addr:postcode":"06511","addr:state":"CT","addr:street":"Park Street","building":"university","operator":"Yale University","source":"bing"},"geometry":{"type":"Polygon","coordinates":[[[-72.9330206,41.3093776],[-72.932983,41.309427],[-72.9330067,41.3094372],[-72.9329825,41.309469],[-72.9329588,41.3094588],[-72.9328972,41.3095398],[-72.9328673,41.309527],[-72.9328457,41.3095177],[-72.9327728,41.3094864],[-72.9328126,41.309434],[-72.9327566,41.30941],[-72.9327632,41.3094012],[-72.9326622,41.3093579],[-72.9326441,41.3093681],[-72.9326278,41.3093608],[-72.9326155,41.3093553],[-72.9326159,41.3093379],[-72.9325969,41.3093298],[-72.9326429,41.3092693],[-72.9327609,41.30932],[-72.9327758,41.3093003],[-72.9328194,41.3093191],[-72.9328243,41.3093127],[-72.9329158,41.3093519],[-72.9329269,41.3093374],[-72.9330206,41.3093776]]]}},{"type":"Feature","id":224889714,"properties":{"osmId":224889714,"category":"academic","addr:city":"New Haven","addr:housenumber":"190","addr:postcode":"06511","addr:state":"CT","addr:street":"York Street","building":"university","name":"Loria Center","operator":"Yale University","source":"bing","_wikiTried":true},"geometry":{"type":"Polygon","coordinates":[[[-72.9316966,41.3089145],[-72.9316019,41.308874],[-72.9315879,41.3088885],[-72.9315403,41.308873],[-72.9315048,41.308908],[-72.9314788,41.3089355],[-72.9314615,41.3089253],[-72.9313897,41.3090285],[-72.9314683,41.3090614],[-72.9314781,41.3090483],[-72.9316259,41.3091102],[-72.9316213,41.3091163],[-72.9318307,41.3091765],[-72.9318565,41.3091381],[-72.9318691,41.3091443],[-72.9319216,41.3090743],[-72.9319061,41.3090647],[-72.9319165,41.3090518],[-72.93204,41.3091036],[-72.9320734,41.3090605],[-72.9320469,41.3090487],[-72.9320527,41.3090374],[-72.932073,41.3090449],[-72.9320923,41.309015],[-72.9319577,41.308961],[-72.9319074,41.308944],[-72.9318798,41.3089897],[-72.931916,41.3090022],[-72.9318441,41.3091001],[-72.9317194,41.3090529],[-72.9317431,41.3089986],[-72.9317258,41.3089877],[-72.9317379,41.3089714],[-72.9316742,41.3089427],[-72.9316966,41.3089145]]]}},{"type":"Feature","id":224889715,"properties":{"osmId":224889715,"category":"academic","addr:city":"New Haven","addr:housenumber":"180","addr:postcode":"06511","addr:state":"CT","addr:street":"York Street","architect":"Paul Rudolph","building":"university","name":"Rudolph Hall","old_name":"Art & Architecture Building","operator":"Yale University","source":"bing","wikidata":"Q4176574","wikipedia":"en:Rudolph Hall","_wikiTried":true},"geometry":{"type":"Polygon","coordinates":[[[-72.9321214,41.3087456],[-72.9321574,41.3086973],[-72.9320832,41.308666],[-72.9320458,41.308716],[-72.9318471,41.3086326],[-72.9318616,41.3086132],[-72.9317986,41.3085868],[-72.9317842,41.3086062],[-72.9317174,41.3085781],[-72.9316763,41.3086349],[-72.9317366,41.308662],[-72.9316871,41.308728],[-72.9316453,41.3087099],[-72.9315983,41.3087774],[-72.9316377,41.3087931],[-72.9316325,41.3088015],[-72.9316824,41.3088222],[-72.9316669,41.308844],[-72.9315695,41.3088044],[-72.931564,41.3088118],[-72.9315477,41.3088049],[-72.9315258,41.3088385],[-72.9316019,41.308874],[-72.9316966,41.3089145],[-72.9317218,41.3089249],[-72.9317533,41.3088813],[-72.9317445,41.3088772],[-72.9317693,41.3088485],[-72.9319132,41.3089066],[-72.9318956,41.3089378],[-72.9319074,41.308944],[-72.9319577,41.308961],[-72.9319723,41.3089327],[-72.9320264,41.308954],[-72.9320307,41.3089479],[-72.9320377,41.3089507],[-72.9320444,41.3089413],[-72.9320548,41.3089455],[-72.9320737,41.3089189],[-72.9320633,41.3089147],[-72.9320709,41.3089041],[-72.9320638,41.3089013],[-72.9320678,41.3088957],[-72.9320216,41.3088808],[-72.9320795,41.3088009],[-72.9321327,41.3088228],[-72.9321374,41.308817],[-72.932144,41.3088195],[-72.9321504,41.3088096],[-72.9321616,41.3088137],[-72.9321781,41.3087881],[-72.932167,41.3087841],[-72.9321734,41.3087742],[-72.9321667,41.3087717],[-72.9321704,41.3087659],[-72.9321214,41.3087456]]]}},{"type":"Feature","id":224889716,"properties":{"osmId":224889716,"category":"academic","addr:city":"New Haven","addr:housenumber":"215","addr:postcode":"06511","addr:state":"CT","addr:street":"Park Street","building":"university","operator":"Yale University","source":"bing"},"geometry":{"type":"Polygon","coordinates":[[[-72.9322866,41.3091846],[-72.9325746,41.3092511],[-72.9325382,41.3093401],[-72.932393,41.3093066],[-72.9323786,41.309342],[-72.9323476,41.3093349],[-72.9323221,41.309329],[-72.9323259,41.3093197],[-72.9322395,41.3092998],[-72.9322866,41.3091846]]]}},{"type":"Feature","id":224973083,"properties":{"osmId":224973083,"category":"academic","addr:city":"New Haven","addr:housenumber":"204","addr:postcode":"06511","addr:state":"CT","addr:street":"York Street","building":"university","operator":"Yale University","source":"bing"},"geometry":{"type":"Polygon","coordinates":[[[-72.9316609,41.3092215],[-72.9318799,41.3093128],[-72.931992,41.3093596],[-72.9319933,41.3093658],[-72.9320021,41.3093696],[-72.9320109,41.3093734],[-72.9320177,41.3093719],[-72.9320266,41.3093756],[-72.9320325,41.3093781],[-72.9320703,41.3093273],[-72.9321,41.3092874],[-72.9318442,41.30918],[-72.9318124,41.3092229],[-72.9316962,41.3091741],[-72.9316609,41.3092215]]]}},{"type":"Feature","id":224973088,"properties":{"osmId":224973088,"category":"academic","building":"university","source":"bing"},"geometry":{"type":"Polygon","coordinates":[[[-72.9310772,41.3095726],[-72.931099,41.309539],[-72.931141,41.3095544],[-72.9311289,41.309573],[-72.9312232,41.3096114],[-72.9312493,41.3095753],[-72.9314573,41.3096601],[-72.9316326,41.3097315],[-72.9314959,41.3099209],[-72.9315337,41.3099363],[-72.9315022,41.3099798],[-72.93147,41.3099667],[-72.9314752,41.3099595],[-72.9309518,41.3097463],[-72.9310772,41.3095726]]]}},{"type":"Feature","id":224973095,"properties":{"osmId":224973095,"category":"academic","addr:city":"New Haven","addr:housenumber":"220","addr:postcode":"06511","addr:state":"CT","addr:street":"York Street","building":"university","operator":"Yale University","source":"bing"},"geometry":{"type":"Polygon","coordinates":[[[-72.9319783,41.3096563],[-72.9318891,41.3096172],[-72.9317708,41.3097697],[-72.9317504,41.309796],[-72.9316855,41.3097676],[-72.9316562,41.3098054],[-72.9317721,41.3098562],[-72.931763,41.3098678],[-72.9318013,41.3098845],[-72.9318188,41.3098619],[-72.9318676,41.3098832],[-72.9319527,41.3097735],[-72.9319933,41.3097912],[-72.9320442,41.3097256],[-72.9319548,41.3096865],[-72.9319783,41.3096563]]]}},{"type":"Feature","id":224973099,"properties":{"osmId":224973099,"category":"academic","addr:city":"New Haven","addr:housenumber":"212","addr:postcode":"06511","addr:state":"CT","addr:street":"York Street","building":"university","operator":"Yale University","source":"bing"},"geometry":{"type":"Polygon","coordinates":[[[-72.9320712,41.3094077],[-72.9320439,41.309397],[-72.9320199,41.3093876],[-72.9319833,41.3094405],[-72.9318996,41.3095612],[-72.9319706,41.3095889],[-72.9320201,41.3095175],[-72.9320927,41.3095459],[-72.9320759,41.3095701],[-72.932109,41.3095831],[-72.9320694,41.3096403],[-72.9320926,41.3096494],[-72.9321014,41.3096368],[-72.9321759,41.3096659],[-72.9322753,41.3095224],[-72.9321891,41.3094887],[-72.9321836,41.3094966],[-72.932086,41.3094584],[-72.932095,41.3094454],[-72.9320944,41.3094341],[-72.9320763,41.309427],[-72.9320551,41.3094293],[-72.9320712,41.3094077]]]}},{"type":"Feature","id":224973103,"properties":{"osmId":224973103,"category":"academic","addr:city":"New Haven","addr:housenumber":"202","addr:postcode":"06511","addr:state":"CT","addr:street":"York Street","building":"university","name":"202 York Street","operator":"Yale University","source":"bing","_wikiTried":true},"geometry":{"type":"Polygon","coordinates":[[[-72.9314568,41.3090686],[-72.9314171,41.3091233],[-72.9316609,41.3092215],[-72.9316962,41.3091741],[-72.9317001,41.3091681],[-72.9314568,41.3090686]]]}},{"type":"Feature","id":224973107,"properties":{"osmId":224973107,"category":"academic","addr:city":"New Haven","addr:housenumber":"232","addr:postcode":"06511","addr:state":"CT","addr:street":"York Street","building":"university","name":"Rose Alumni House","operator":"Yale University","source":"bing","_wikiTried":true},"geometry":{"type":"Polygon","coordinates":[[[-72.9313602,41.3099422],[-72.9312773,41.3100531],[-72.930868,41.3098803],[-72.9308522,41.3098736],[-72.9308778,41.3098394],[-72.9309876,41.3098857],[-72.9310449,41.3098091],[-72.9313602,41.3099422]]]}},{"type":"Feature","id":224973110,"properties":{"osmId":224973110,"category":"academic","addr:city":"New Haven","addr:housenumber":"1156","addr:postcode":"06511","addr:state":"CT","addr:street":"Chapel Street","building":"university","name":"Green Hall","operator":"Yale University","source":"bing","_wikiTried":true},"geometry":{"type":"Polygon","coordinates":[[[-72.9330621,41.3086399],[-72.932684,41.308546],[-72.9329374,41.3079964],[-72.9333011,41.3080867],[-72.9332825,41.3081298],[-72.9331347,41.3084719],[-72.9330711,41.3086191],[-72.9330621,41.3086399]]]}},{"type":"Feature","id":224973116,"properties":{"osmId":224973116,"category":"academic","addr:city":"New Haven","addr:housenumber":"353","addr:postcode":"06511","addr:state":"CT","addr:street":"Crown Street","building":"university","name":"353 Crown","operator":"Yale University","source":"bing","_wikiTried":true},"geometry":{"type":"Polygon","coordinates":[[[-72.9337737,41.3078156],[-72.9335264,41.3077105],[-72.9333212,41.3079927],[-72.9333719,41.3080135],[-72.933336,41.3081054],[-72.933512,41.3081774],[-72.9335857,41.3080755],[-72.9337737,41.3078156]]]}},{"type":"Feature","id":225011550,"properties":{"osmId":225011550,"category":"other","addr:city":"New Haven","addr:housenumber":"78","addr:postcode":"06511","addr:state":"CT","addr:street":"Audubon Street","amenity":"parking","building":"garage","name":"Audubon Court Garage","operator":"Yale University","parking":"multi-storey","source":"bing","_wikiTried":true},"geometry":{"type":"Polygon","coordinates":[[[-72.9212492,41.3110456],[-72.9215035,41.3106919],[-72.9211139,41.3105305],[-72.9210876,41.3105666],[-72.9209095,41.3108178],[-72.9209609,41.3108399],[-72.9209155,41.3109007],[-72.9212492,41.3110456]]]}},{"type":"Feature","id":225014377,"properties":{"osmId":225014377,"category":"academic","building":"school"},"geometry":{"type":"Polygon","coordinates":[[[-72.9205,41.3114087],[-72.9200959,41.3112407],[-72.9202311,41.3110571],[-72.9206353,41.311225],[-72.9205,41.3114087]]]}},{"type":"Feature","id":225014379,"properties":{"osmId":225014379,"category":"academic","addr:city":"New Haven","addr:housenumber":"55","addr:postcode":"06510","addr:state":"CT","addr:street":"Whitney Avenue","building":"university","operator":"Yale University","source":"bing"},"geometry":{"type":"Polygon","coordinates":[[[-72.9216831,41.3118261],[-72.9217082,41.311794],[-72.9217757,41.3116932],[-72.921849,41.3117246],[-72.9220741,41.3118212],[-72.9219485,41.3122179],[-72.9219313,41.3122723],[-72.9218978,41.3122575],[-72.9216128,41.3121445],[-72.9214869,41.3120919],[-72.9215007,41.3120727],[-72.921566,41.3119817],[-72.9215873,41.311952],[-72.921619,41.311963],[-72.9217102,41.3118371],[-72.9216831,41.3118261]]]}},{"type":"Feature","id":225322471,"properties":{"osmId":225322471,"category":"academic","addr:city":"New Haven","addr:housenumber":"432–434","addr:postcode":"06511","addr:state":"CT","addr:street":"Temple Street","building":"university","operator":"Yale University","source":"bing"},"geometry":{"type":"Polygon","coordinates":[[[-72.9228064,41.3128587],[-72.92272,41.3129962],[-72.9225619,41.3129358],[-72.9225547,41.3129191],[-72.9225667,41.3129015],[-72.922596,41.3129003],[-72.9226079,41.3128828],[-72.9226233,41.3128601],[-72.9226371,41.3128398],[-72.922628,41.3128189],[-72.9226374,41.3128049],[-72.9226615,41.3127991],[-72.9228064,41.3128587]]]}},{"type":"Feature","id":225322472,"properties":{"osmId":225322472,"category":"academic","addr:city":"New Haven","addr:housenumber":"2","addr:postcode":"06511","addr:state":"CT","addr:street":"Hillhouse Avenue","building":"university","name":"Kirtland Hall","operator":"Yale University","source":"bing","_wikiTried":true},"geometry":{"type":"Polygon","coordinates":[[[-72.924695,41.3120343],[-72.9247863,41.3117915],[-72.9245741,41.3117464],[-72.9245355,41.3118492],[-72.9244828,41.3119893],[-72.924695,41.3120343]]]}},{"type":"Feature","id":225322473,"properties":{"osmId":225322473,"category":"religious","building":"church","denomination":"mormon","name":"The Church of Jesus Christ of Latter-day Saints","religion":"christian","source":"bing","_wikiTried":true},"geometry":{"type":"Polygon","coordinates":[[[-72.922926,41.3132522],[-72.9226786,41.3131978],[-72.9227206,41.3130901],[-72.9227366,41.3130489],[-72.922984,41.3131033],[-72.922926,41.3132522]]]}},{"type":"Feature","id":225322474,"properties":{"osmId":225322474,"category":"academic","addr:city":"New Haven","addr:housenumber":"15","addr:postcode":"06511","addr:state":"CT","addr:street":"Hillhouse Avenue","building":"university","name":"Yale Collection of Musical Instruments","opening_hours":"Tu-Fr 13:00-16:00, Su 13:00-17:00","operator":"Yale University","source":"bing","tourism":"museum","wikidata":"Q8047439","_wikiTried":true},"geometry":{"type":"Polygon","coordinates":[[[-72.9238094,41.3125055],[-72.9236817,41.3124791],[-72.9237463,41.3123029],[-72.923874,41.3123293],[-72.9238422,41.312416],[-72.9238094,41.3125055]]]}},{"type":"Feature","id":225322475,"properties":{"osmId":225322475,"category":"academic","addr:city":"New Haven","addr:housenumber":"442","addr:postcode":"06511","addr:state":"CT","addr:street":"Temple Street","building":"university","name":"Yale-China Association","source":"bing","_wikiTried":true},"geometry":{"type":"Polygon","coordinates":[[[-72.9226554,41.3130751],[-72.9226214,41.3131657],[-72.9225546,41.3131516],[-72.9224952,41.313139],[-72.922536,41.3130303],[-72.9226018,41.3130442],[-72.922622,41.3129902],[-72.9227238,41.3130117],[-72.9226968,41.3130838],[-72.9226554,41.3130751]]]}},{"type":"Feature","id":225487553,"properties":{"osmId":225487553,"category":"academic","addr:city":"New Haven","addr:housenumber":"85","addr:postcode":"06511","addr:state":"CT","addr:street":"Trumbull Street","building":"university","operator":"Yale University","source":"bing","start_date":"1807"},"geometry":{"type":"Polygon","coordinates":[[[-72.9226962,41.3136274],[-72.9225795,41.3136022],[-72.9226466,41.3134269],[-72.9227634,41.3134521],[-72.9227616,41.3134569],[-72.9227934,41.3134637],[-72.922773,41.3135171],[-72.922741,41.3135102],[-72.92272,41.3135655],[-72.92274,41.3135698],[-72.9227186,41.3136259],[-72.9226984,41.3136215],[-72.9226962,41.3136274]]]}},{"type":"Feature","id":225487554,"properties":{"osmId":225487554,"category":"academic","addr:city":"New Haven","addr:housenumber":"38","addr:postcode":"06511","addr:state":"CT","addr:street":"Hillhouse Avenue","building":"university","faculty":"management","name":"Undergraduate Admissions","operator":"Yale University","source":"bing","_wikiTried":true},"geometry":{"type":"Polygon","coordinates":[[[-72.9238401,41.3147147],[-72.923647,41.314671],[-72.9236444,41.3146778],[-72.9235731,41.3146616],[-72.9235857,41.3146302],[-72.9235997,41.3146334],[-72.9236601,41.3144832],[-72.9236491,41.3144807],[-72.923655,41.3144659],[-72.9236613,41.3144503],[-72.9237344,41.3144669],[-72.9237319,41.314473],[-72.9238046,41.3144896],[-72.923796,41.3145109],[-72.9239135,41.3145377],[-72.923926,41.3145553],[-72.9239126,41.3145884],[-72.9238914,41.3145969],[-72.923878,41.3146301],[-72.9238897,41.3146467],[-72.9238768,41.3146786],[-72.9238503,41.3146892],[-72.9238401,41.3147147]]]}},{"type":"Feature","id":225487555,"properties":{"osmId":225487555,"category":"academic","addr:city":"New Haven","addr:housenumber":"77","addr:postcode":"06511","addr:state":"CT","addr:street":"Prospect Street","building":"university","name":"Institution for Social and Policy Studies","operator":"Yale University","source":"bing","_wikiTried":true},"geometry":{"type":"Polygon","coordinates":[[[-72.9244824,41.3139978],[-72.9244346,41.3141317],[-72.9244756,41.3141399],[-72.9244683,41.3141605],[-72.9245975,41.3141865],[-72.9246052,41.3141648],[-72.924653,41.3141744],[-72.9246761,41.3141098],[-72.9246796,41.3140999],[-72.9246878,41.3141016],[-72.9246894,41.3140956],[-72.9247062,41.3140499],[-72.9247881,41.3140664],[-72.9248409,41.3139185],[-72.9247101,41.3138922],[-72.9246613,41.314029],[-72.9246487,41.3140643],[-72.9245234,41.314039],[-72.9245335,41.3140106],[-72.9244824,41.3139978]]]}},{"type":"Feature","id":225915742,"properties":{"osmId":225915742,"category":"academic","addr:city":"New Haven","addr:housenumber":"35","addr:postcode":"06511","addr:state":"CT","addr:street":"Hillhouse Avenue","building":"university","faculty":"management","operator":"Yale University","source":"bing"},"geometry":{"type":"Polygon","coordinates":[[[-72.9229144,41.3142832],[-72.9229827,41.3142982],[-72.9229987,41.3142572],[-72.9230378,41.3142658],[-72.9230442,41.3142495],[-72.9230553,41.3142209],[-72.9230162,41.3142123],[-72.923032,41.3141716],[-72.9227126,41.3141014],[-72.9226905,41.3141584],[-72.9227764,41.3141772],[-72.9227617,41.3142148],[-72.922791,41.3142212],[-72.9227833,41.3142409],[-72.9227541,41.3142345],[-72.9227326,41.3142896],[-72.9228978,41.3143259],[-72.9229144,41.3142832]]]}},{"type":"Feature","id":225915743,"properties":{"osmId":225915743,"category":"academic","addr:city":"New Haven","addr:housenumber":"37","addr:postcode":"06511","addr:state":"CT","addr:street":"Hillhouse Avenue","building":"university","faculty":"management","name":"Department of Economics","operator":"Yale University","source":"bing","_wikiTried":true},"geometry":{"type":"Polygon","coordinates":[[[-72.9229149,41.3145887],[-72.9229302,41.3145508],[-72.9229364,41.3145522],[-72.9229461,41.3145281],[-72.9229577,41.3144991],[-72.9229515,41.3144977],[-72.9229667,41.3144599],[-72.9229488,41.3144559],[-72.9229326,41.3144429],[-72.9228989,41.3144352],[-72.9228607,41.314442],[-72.9227921,41.3144264],[-72.922714,41.3144087],[-72.9226644,41.3145319],[-72.9228215,41.3145675],[-72.9228399,41.3145822],[-72.9228757,41.3145903],[-72.9228938,41.314583],[-72.9229149,41.3145887]]]}},{"type":"Feature","id":225915744,"properties":{"osmId":225915744,"category":"academic","addr:city":"New Haven","addr:housenumber":"33","addr:postcode":"06511","addr:state":"CT","addr:street":"Hillhouse Avenue","building":"university","operator":"Yale University","source":"bing"},"geometry":{"type":"Polygon","coordinates":[[[-72.9225693,41.3140495],[-72.9224673,41.3140283],[-72.9225062,41.3139229],[-72.9226082,41.3139441],[-72.9225693,41.3140495]]]}},{"type":"Feature","id":225915746,"properties":{"osmId":225915746,"category":"academic","addr:city":"New Haven","addr:housenumber":"36","addr:postcode":"06511","addr:state":"CT","addr:street":"Sachem Street","building":"university","name":"36 Sachem","operator":"Yale University","source":"bing","_wikiTried":true},"geometry":{"type":"Polygon","coordinates":[[[-72.9219628,41.3155549],[-72.9219906,41.3154818],[-72.921854,41.3154534],[-72.9218261,41.3155253],[-72.9219628,41.3155549]]]}},{"type":"Feature","id":225915748,"properties":{"osmId":225915748,"category":"academic","addr:city":"New Haven","addr:housenumber":"31","addr:postcode":"06511","addr:state":"CT","addr:street":"Hillhouse Avenue","building":"university","faculty":"management","name":"Allwin Hall","operator":"Yale University","source":"bing","_wikiTried":true},"geometry":{"type":"Polygon","coordinates":[[[-72.9232042,41.3139601],[-72.9231762,41.3139542],[-72.9231971,41.3138987],[-72.9231404,41.3138866],[-72.9231442,41.3138767],[-72.923077,41.3138623],[-72.9230736,41.3138713],[-72.9229933,41.3138542],[-72.9229628,41.3139349],[-72.922999,41.3139426],[-72.9229822,41.3139871],[-72.9231782,41.3140288],[-72.9232042,41.3139601]]]}},{"type":"Feature","id":228324286,"properties":{"osmId":228324286,"category":"academic","addr:city":"New Haven","addr:housenumber":"10","addr:postcode":"06511","addr:state":"CT","addr:street":"Sachem Street","building":"university","name":"Department of Anthropology","operator":"Yale University","source":"bing","_wikiTried":true},"geometry":{"type":"Polygon","coordinates":[[[-72.92179,41.3151862],[-72.9216893,41.3154717],[-72.9215328,41.3154419],[-72.9215717,41.3153412],[-72.9215398,41.3153347],[-72.9214993,41.3153264],[-72.9214491,41.315435],[-72.9213496,41.3154084],[-72.9214007,41.3152965],[-72.9213247,41.3152747],[-72.9213387,41.3152397],[-72.9213242,41.315236],[-72.9213403,41.3152079],[-72.9213559,41.3151706],[-72.9213693,41.3151722],[-72.9213787,41.3151427],[-72.9214852,41.31517],[-72.9215063,41.3151242],[-72.921593,41.3151458],[-72.9215677,41.3151996],[-72.9216156,41.3152129],[-72.9216385,41.3151601],[-72.92179,41.3151862]]]}},{"type":"Feature","id":228325196,"properties":{"osmId":228325196,"category":"academic","access":"private","addr:city":"New Haven","addr:housenumber":"219","addr:postcode":"06511","addr:state":"CT","addr:street":"Prospect Street","building":"university","building:levels":"16","height":"77","name":"Kline Tower","operator":"Yale University","ref":"KT","source":"bing","wikidata":"Q6421000","_wikiTried":true},"geometry":{"type":"Polygon","coordinates":[[[-72.9225454,41.3175177],[-72.9223505,41.3174772],[-72.9223825,41.3173901],[-72.9223449,41.3173823],[-72.9223511,41.3173656],[-72.9223746,41.3173043],[-72.9224239,41.3171708],[-72.9224376,41.3171304],[-72.9224428,41.3171162],[-72.9224776,41.3171234],[-72.9225078,41.3170413],[-72.9227161,41.3170846],[-72.9226861,41.3171662],[-72.9227238,41.317174],[-72.9226453,41.3173875],[-72.9226276,41.3174357],[-72.9226126,41.3174326],[-72.9225792,41.3174257],[-72.9225454,41.3175177]]]}},{"type":"Feature","id":228473354,"properties":{"osmId":228473354,"category":"academic","addr:city":"New Haven","addr:housenumber":"272","addr:postcode":"06511","addr:state":"CT","addr:street":"Whitney Avenue","building":"university","ele":"27","gnis:feature_id":"1933189","name":"Wright Laboratory","operator":"Yale University","_wikiTried":true},"geometry":{"type":"Polygon","coordinates":[[[-72.9211091,41.318871],[-72.9209756,41.3192154],[-72.9207468,41.3191654],[-72.9207109,41.3192582],[-72.9205724,41.3192279],[-72.9205401,41.3193114],[-72.9203388,41.3192713],[-72.9205601,41.3186866],[-72.9207661,41.3187316],[-72.920743,41.318791],[-72.9209186,41.3188294],[-72.9211091,41.318871]]]}},{"type":"Feature","id":228473355,"properties":{"osmId":228473355,"category":"academic","addr:city":"New Haven","addr:housenumber":"205","addr:postcode":"06511","addr:state":"CT","addr:street":"Prospect Street","building":"university","name":"Sage Hall","operator":"Yale University","source":"bing","_wikiTried":true},"geometry":{"type":"Polygon","coordinates":[[[-72.9238603,41.3172814],[-72.9234287,41.3172156],[-72.9234552,41.3171175],[-72.9236444,41.3171463],[-72.9236479,41.3171334],[-72.9236856,41.3171391],[-72.9237224,41.317003],[-72.9239058,41.317031],[-72.923869,41.3171671],[-72.9238789,41.3171686],[-72.9238729,41.3171912],[-72.9238668,41.3172136],[-72.9238781,41.3172153],[-72.9238603,41.3172814]]]}},{"type":"Feature","id":228473356,"properties":{"osmId":228473356,"category":"academic","addr:city":"New Haven","addr:housenumber":"217","addr:postcode":"06511","addr:state":"CT","addr:street":"Prospect Street","building":"university","name":"Sloane Physics Laboratory","source":"bing","_wikiTried":true},"geometry":{"type":"Polygon","coordinates":[[[-72.9234632,41.3174495],[-72.9234738,41.3174516],[-72.9235767,41.3174722],[-72.9235434,41.3175662],[-72.9235569,41.3175733],[-72.9235555,41.3175865],[-72.9235473,41.3175951],[-72.9235318,41.3175955],[-72.9235166,41.3175896],[-72.9235142,41.3175764],[-72.9233076,41.3175349],[-72.923242,41.3175218],[-72.9231948,41.3175123],[-72.9231414,41.3175016],[-72.9231129,41.3174958],[-72.9228895,41.317451],[-72.9228715,41.3174474],[-72.922858,41.3174447],[-72.922764,41.3174258],[-72.9227924,41.3173459],[-72.9228276,41.317353],[-72.9229366,41.3170466],[-72.9229755,41.3170544],[-72.9229907,41.3170117],[-72.9230578,41.3170252],[-72.9230664,41.3170269],[-72.9230744,41.3170285],[-72.9231092,41.3170355],[-72.9231064,41.3170434],[-72.9231176,41.3170456],[-72.9231251,41.3170471],[-72.9231849,41.3170591],[-72.9231752,41.3170866],[-72.9231695,41.3171025],[-72.9230923,41.3170871],[-72.923034,41.3172516],[-72.9233511,41.3173151],[-72.9235003,41.3173449],[-72.9234632,41.3174495]]]}},{"type":"Feature","id":228473395,"properties":{"osmId":228473395,"category":"academic","addr:city":"New Haven","addr:housenumber":"255","addr:postcode":"06511","addr:state":"CT","addr:street":"Prospect Street","building":"university","name":"Kline Chemistry Laboratory","_wikiTried":true},"geometry":{"type":"Polygon","coordinates":[[[-72.923055,41.3187364],[-72.9231828,41.3187639],[-72.9232021,41.318768],[-72.9231009,41.3190342],[-72.9230863,41.3190311],[-72.9230823,41.3190416],[-72.9231446,41.3190549],[-72.9231559,41.3190832],[-72.9231362,41.3191397],[-72.9231073,41.3191571],[-72.9229885,41.3191316],[-72.9228842,41.3191092],[-72.9229295,41.31899],[-72.9223669,41.3188692],[-72.922316,41.3188583],[-72.922188,41.3188308],[-72.9222867,41.3185714],[-72.9223094,41.3185763],[-72.9224447,41.3186054],[-72.9225532,41.3186286],[-72.9225124,41.3187358],[-72.9229078,41.3188206],[-72.9229485,41.3187136],[-72.923055,41.3187364]]]}},{"type":"Feature","id":228633388,"properties":{"osmId":228633388,"category":"academic","addr:city":"New Haven","addr:housenumber":"340","addr:postcode":"06511","addr:state":"CT","addr:street":"Edwards Street","building":"university","operator":"Yale University","source":"bing"},"geometry":{"type":"Polygon","coordinates":[[[-72.9214196,41.3197986],[-72.9214497,41.3196799],[-72.9212251,41.3196477],[-72.9212126,41.319697],[-72.9211795,41.3196922],[-72.9211601,41.3197686],[-72.9211895,41.3197728],[-72.9211847,41.319792],[-72.9212753,41.319805],[-72.921279,41.3197904],[-72.9212853,41.3197913],[-72.9213458,41.3198],[-72.9213487,41.3197885],[-72.9214196,41.3197986]]]}},{"type":"Feature","id":228633389,"properties":{"osmId":228633389,"category":"other","addr:city":"New Haven","addr:housenumber":"360","addr:postcode":"06511","addr:state":"CT","addr:street":"Edwards Street","building":"yes","operator":"Yale University","source":"bing"},"geometry":{"type":"Polygon","coordinates":[[[-72.9221037,41.3198781],[-72.922041,41.3198697],[-72.9220365,41.3198884],[-72.9220128,41.3198852],[-72.9219838,41.3198813],[-72.9219882,41.3198628],[-72.9219112,41.3198524],[-72.9219335,41.3197595],[-72.9219083,41.3197561],[-72.9219329,41.3196531],[-72.9220441,41.3196682],[-72.9220217,41.3197615],[-72.9220471,41.3197649],[-72.9220537,41.3197374],[-72.9221347,41.3197483],[-72.9221037,41.3198781]]]}},{"type":"Feature","id":228633390,"properties":{"osmId":228633390,"category":"academic","addr:city":"New Haven","addr:housenumber":"380","addr:postcode":"06511","addr:state":"CT","addr:street":"Edwards Street","building":"university","operator":"Yale University","source":"bing"},"geometry":{"type":"Polygon","coordinates":[[[-72.922435,41.3199162],[-72.9223438,41.3199028],[-72.9222419,41.3198879],[-72.9222794,41.3197437],[-72.9223589,41.3197553],[-72.9223628,41.3197401],[-72.9224533,41.3197533],[-72.9224626,41.3197636],[-72.9224609,41.3197703],[-72.9224721,41.3197719],[-72.9224621,41.3198113],[-72.9224749,41.3198131],[-72.9224867,41.3198262],[-72.9224813,41.3198478],[-72.9224648,41.3198562],[-72.9224511,41.3198542],[-72.922435,41.3199162]]]}},{"type":"Feature","id":228633391,"properties":{"osmId":228633391,"category":"academic","addr:city":"New Haven","addr:housenumber":"301","addr:postcode":"06511","addr:state":"CT","addr:street":"Prospect Street","building":"university","operator":"Yale University","source":"bing"},"geometry":{"type":"Polygon","coordinates":[[[-72.9228597,41.3200249],[-72.9226981,41.320003],[-72.9227171,41.3199235],[-72.9227119,41.3199227],[-72.9227068,41.319944],[-72.9225995,41.3199295],[-72.9226049,41.3199067],[-72.9225902,41.3199047],[-72.9225989,41.319868],[-72.9226138,41.31987],[-72.9226212,41.3198389],[-72.9227388,41.3198547],[-72.9227406,41.3198471],[-72.9229012,41.3198686],[-72.9228883,41.3199233],[-72.9228942,41.319924],[-72.9228905,41.3199393],[-72.9228812,41.3199785],[-72.9228711,41.3199771],[-72.9228597,41.3200249]]]}},{"type":"Feature","id":230176707,"properties":{"osmId":230176707,"category":"religious","amenity":"place_of_worship","building":"church","denomination":"roman_catholic","ele":"13","gnis:feature_id":"1932804","name":"Saint Stanislaus Roman Catholic Church","religion":"christian","short_name":"St. Stans","source":"bing","wikidata":"Q7591723","_wikiTried":true},"geometry":{"type":"Polygon","coordinates":[[[-72.9151214,41.3123538],[-72.9152745,41.312256],[-72.9152621,41.3122451],[-72.9153206,41.3122077],[-72.9153733,41.3122542],[-72.9153461,41.3122716],[-72.9155656,41.3124653],[-72.9155779,41.3124574],[-72.9156698,41.3125385],[-72.915464,41.3126701],[-72.9153721,41.312589],[-72.9153857,41.3125803],[-72.9153648,41.3125618],[-72.9153466,41.3125734],[-72.915318,41.3125482],[-72.9153362,41.3125366],[-72.9151662,41.3123866],[-72.9151421,41.312402],[-72.9151113,41.3123748],[-72.9151309,41.3123622],[-72.9151214,41.3123538]]]}},{"type":"Feature","id":230503538,"properties":{"osmId":230503538,"category":"academic","addr:state":"CT","building":"university","ele":"20","gnis:feature_id":"1933100","name":"Welch Hall","operator":"Yale University","source":"USGS Geonames","wikidata":"Q7980551","_wikiTried":true},"geometry":{"type":"Polygon","coordinates":[[[-72.9282574,41.3084001],[-72.9283023,41.3083396],[-72.9283184,41.3083179],[-72.9283854,41.3082277],[-72.9284018,41.3082055],[-72.9284075,41.3081978],[-72.9284184,41.3081831],[-72.9284857,41.3080925],[-72.9285093,41.3080607],[-72.9285526,41.3080023],[-72.9284308,41.3079513],[-72.9284088,41.3079421],[-72.9281167,41.3083352],[-72.9282574,41.3084001]]]}},{"type":"Feature","id":231655351,"properties":{"osmId":231655351,"category":"religious","amenity":"place_of_worship","building":"church","denomination":"seventh_day_adventist","ele":"14","gnis:feature_id":"1932856","name":"New Haven Seventh-Day Adventist Church","religion":"christian","source":"bing","_wikiTried":true},"geometry":{"type":"Polygon","coordinates":[[[-72.9151203,41.3160783],[-72.9152027,41.3161207],[-72.9152119,41.3161107],[-72.9153738,41.3161866],[-72.9154299,41.316119],[-72.915455,41.3161308],[-72.9154875,41.3160917],[-72.9154788,41.3160876],[-72.9155262,41.3160305],[-72.9154936,41.3160153],[-72.9155234,41.3159795],[-72.9154897,41.3159637],[-72.9154957,41.3159565],[-72.9154069,41.3159149],[-72.9153743,41.315954],[-72.9153135,41.3159255],[-72.9152596,41.3159905],[-72.9152118,41.3159681],[-72.9151203,41.3160783]]]}},{"type":"Feature","id":232590353,"properties":{"osmId":232590353,"category":"academic","addr:city":"New Haven","addr:housenumber":"367","addr:postcode":"06519","addr:state":"CT","addr:street":"Cedar Street","building":"university","faculty":"medicine","name":"Edward S. Harkness Building D","operator":"Yale University","source":"bing","_wikiTried":true},"geometry":{"type":"Polygon","coordinates":[[[-72.9340095,41.3045593],[-72.9338436,41.3044929],[-72.9338021,41.3045541],[-72.9336298,41.3044868],[-72.9336741,41.3044308],[-72.9334999,41.3043665],[-72.9335732,41.3042671],[-72.9338759,41.3043864],[-72.9339011,41.3043954],[-72.9340727,41.3044627],[-72.9340095,41.3045593]]]}},{"type":"Feature","id":232590354,"properties":{"osmId":232590354,"category":"academic","addr:city":"New Haven","addr:housenumber":"230","addr:postcode":"06519","addr:state":"CT","addr:street":"South Frontage Road","building":"university","faculty":"medicine","name":"Nielson and Irving Harris Building","operator":"Yale University","ref":"NIHB","source":"bing","_wikiTried":true},"geometry":{"type":"Polygon","coordinates":[[[-72.9334262,41.3040665],[-72.9334483,41.3041212],[-72.9334676,41.304117],[-72.9335486,41.3041502],[-72.9335577,41.3041733],[-72.9335748,41.3042171],[-72.933535,41.3042829],[-72.9334505,41.3043067],[-72.9333616,41.3042714],[-72.9333282,41.3041983],[-72.9333741,41.3041412],[-72.9333522,41.3040897],[-72.9334262,41.3040665]]]}},{"type":"Feature","id":232590357,"properties":{"osmId":232590357,"category":"academic","addr:city":"New Haven","addr:housenumber":"309","addr:postcode":"06519","addr:state":"CT","addr:street":"Congress Avenue","building":"university","name":"Sterling Power Plant","operator":"Yale University","source":"bing","_wikiTried":true},"geometry":{"type":"Polygon","coordinates":[[[-72.9331085,41.3027245],[-72.9330405,41.3027815],[-72.9330711,41.3028036],[-72.9329884,41.3028692],[-72.9330156,41.3028836],[-72.9329726,41.3029262],[-72.9328209,41.3030487],[-72.9325794,41.3032437],[-72.9324412,41.3031441],[-72.9326848,41.3029449],[-72.9325488,41.3028513],[-72.9328037,41.3026496],[-72.9327335,41.3026019],[-72.932797,41.3025534],[-72.9327732,41.3025406],[-72.9328411,41.3024845],[-72.9329794,41.3025738],[-72.9329522,41.3025994],[-72.9331085,41.3027245]]]}},{"type":"Feature","id":232590361,"properties":{"osmId":232590361,"category":"academic","addr:city":"New Haven","addr:housenumber":"309","addr:postcode":"06519","addr:state":"CT","addr:street":"Congress Avenue","building":"university","name":"Sterling Power Plant Cogeneration","operator":"Yale University","source":"bing","_wikiTried":true},"geometry":{"type":"Polygon","coordinates":[[[-72.9326788,41.3034095],[-72.9325428,41.3033942],[-72.9324091,41.3033652],[-72.9322958,41.3033261],[-72.9321758,41.3032716],[-72.9320307,41.3031967],[-72.932169,41.3030112],[-72.9325444,41.3032716],[-72.9327014,41.3033805],[-72.9326788,41.3034095]]]}},{"type":"Feature","id":232595689,"properties":{"osmId":232595689,"category":"academic","building":"university","faculty":"medicine","name":"Clinic Building","operator":"Yale University","source":"USGS Geonames","_wikiTried":true},"geometry":{"type":"Polygon","coordinates":[[[-72.9351074,41.3030723],[-72.935094,41.303051],[-72.9350803,41.3030294],[-72.9350676,41.3030338],[-72.9350032,41.3029235],[-72.9350229,41.302917],[-72.934966,41.3028197],[-72.9349291,41.3028318],[-72.9349133,41.3028048],[-72.9348487,41.3028261],[-72.9348419,41.3028144],[-72.9348279,41.302819],[-72.9346052,41.3028926],[-72.9345811,41.3028514],[-72.9344708,41.3028877],[-72.9344476,41.3028445],[-72.9345592,41.3028107],[-72.934538,41.3027711],[-72.9348453,41.302678],[-72.9348305,41.3026505],[-72.934869,41.3026388],[-72.9348154,41.302539],[-72.9347994,41.3025438],[-72.934732,41.3024182],[-72.9347134,41.3023836],[-72.9348929,41.3023293],[-72.9348988,41.3023275],[-72.9349144,41.3023566],[-72.9349222,41.302371],[-72.9349375,41.3023664],[-72.9349837,41.3024524],[-72.9350001,41.3024831],[-72.9349787,41.3024895],[-72.9350323,41.3025894],[-72.9351658,41.302549],[-72.9351719,41.3025655],[-72.9352187,41.3025496],[-72.9352925,41.3026789],[-72.9352574,41.3026902],[-72.9352707,41.3027136],[-72.9351677,41.3027468],[-72.935174,41.3027579],[-72.9351383,41.3027693],[-72.9351948,41.3028684],[-72.9352097,41.3028654],[-72.9352245,41.3028868],[-72.9352723,41.3029737],[-72.9352579,41.3029782],[-72.9352649,41.3029908],[-72.9352827,41.3030204],[-72.9352732,41.3030215],[-72.9351074,41.3030723]]]}},{"type":"Feature","id":232595695,"properties":{"osmId":232595695,"category":"academic","addr:state":"CT","building":"university","ele":"22","faculty":"medicine","gnis:feature_id":"1933766","name":"Fitkin Building","operator":"Yale University","source":"USGS Geonames","_wikiTried":true},"geometry":{"type":"Polygon","coordinates":[[[-72.9352245,41.3028868],[-72.93565,41.3027548],[-72.9356391,41.3027351],[-72.9357814,41.3026909],[-72.9358068,41.3027371],[-72.9358552,41.3028252],[-72.9358214,41.3028357],[-72.9357102,41.3028702],[-72.935702,41.3028553],[-72.9352649,41.3029908],[-72.9352579,41.3029782],[-72.9352723,41.3029737],[-72.9352245,41.3028868]]]}},{"type":"Feature","id":232595697,"properties":{"osmId":232595697,"category":"academic","addr:city":"New Haven","addr:housenumber":"25","addr:postcode":"06519","addr:state":"CT","addr:street":"York Street","alt_name":"William Wirt Winchester Building","building":"university","ele":"24","faculty":"medicine","gnis:feature_id":"1933160","name":"Winchester Building","operator":"Yale University","ref":"WWW","source":"USGS Geonames","_wikiTried":true},"geometry":{"type":"Polygon","coordinates":[[[-72.9348566,41.3036242],[-72.9347066,41.3036695],[-72.9346878,41.303634],[-72.9346152,41.3034964],[-72.9343873,41.3031001],[-72.9345555,41.3030456],[-72.9345785,41.3030381],[-72.9345831,41.3030461],[-72.934638,41.3031416],[-72.9345968,41.303155],[-72.934686,41.3033117],[-72.9347575,41.3034372],[-72.9348566,41.3036242]]]}},{"type":"Feature","id":232595700,"properties":{"osmId":232595700,"category":"academic","addr:city":"New Haven","addr:housenumber":"15","addr:postcode":"06511","addr:state":"CT","addr:street":"York Street","building":"university","ele":"28","faculty":"medicine","gnis:feature_id":"1934069","name":"Lippard Laboratory","operator":"Yale University","source":"USGS Geonames","_wikiTried":true},"geometry":{"type":"Polygon","coordinates":[[[-72.9357562,41.3030476],[-72.9355537,41.3031087],[-72.9355304,41.3031158],[-72.9355235,41.3031028],[-72.9354646,41.3031206],[-72.9355312,41.3032453],[-72.9354353,41.3032742],[-72.9354492,41.3032997],[-72.9355001,41.3032844],[-72.9355369,41.3033533],[-72.9357769,41.3032809],[-72.9357908,41.3033069],[-72.9358518,41.3032885],[-72.9358134,41.3032165],[-72.935779,41.3031567],[-72.9357508,41.3031658],[-72.9357374,41.3031425],[-72.9357993,41.3031224],[-72.9357562,41.3030476]]]}},{"type":"Feature","id":232595707,"properties":{"osmId":232595707,"category":"other","building":"yes","building:levels":"3","building:min_level":"1","layer":"1","name":"Nathan Smith Building","operator":"Yale University","ref":"NSB","source":"bing","_wikiTried":true},"geometry":{"type":"Polygon","coordinates":[[[-72.9343189,41.3035801],[-72.9343731,41.3035688],[-72.934443,41.3035479],[-72.9346152,41.3034964],[-72.9347066,41.3036695],[-72.9345365,41.303719],[-72.9344637,41.3037402],[-72.9344183,41.3037606],[-72.9343189,41.3035801]]]}},{"type":"Feature","id":232595708,"properties":{"osmId":232595708,"category":"academic","addr:city":"New Haven","addr:housenumber":"800","addr:postcode":"06519","addr:state":"CT","addr:street":"Howard Avenue","building":"university","faculty":"medicine","layer":"1","name":"Yale Physicians Building","operator":"Yale University","source":"bing","_wikiTried":true},"geometry":{"type":"Polygon","coordinates":[[[-72.9358214,41.3028357],[-72.9358326,41.3028554],[-72.9358962,41.302836],[-72.9358897,41.302824],[-72.9359386,41.302809],[-72.9359334,41.3027994],[-72.9359829,41.3027843],[-72.9359775,41.3027743],[-72.9361996,41.3027065],[-72.9362251,41.3027536],[-72.9362897,41.3027328],[-72.9363907,41.3029125],[-72.9364025,41.3029197],[-72.9364144,41.3029203],[-72.9364239,41.3029197],[-72.9364342,41.3029119],[-72.9364413,41.3029018],[-72.9364215,41.3028656],[-72.9364873,41.3028454],[-72.9364457,41.3027691],[-72.9365091,41.3027496],[-72.9364666,41.3026718],[-72.9365326,41.3026514],[-72.9364905,41.3025742],[-72.9365599,41.3025528],[-72.936519,41.3024779],[-72.9365867,41.3024571],[-72.9365447,41.30238],[-72.9366799,41.3023384],[-72.936614,41.3022176],[-72.9366066,41.3022133],[-72.9365981,41.3022131],[-72.9365862,41.3022167],[-72.9365767,41.3022238],[-72.9365767,41.3022327],[-72.9365949,41.3022678],[-72.9361577,41.3024038],[-72.9361369,41.302366],[-72.9361284,41.3023611],[-72.9361198,41.302361],[-72.9361048,41.3023628],[-72.9360984,41.3023681],[-72.9360965,41.3023752],[-72.9360984,41.3023854],[-72.9361158,41.302418],[-72.9361204,41.3024342],[-72.9360628,41.302326],[-72.9361864,41.302288],[-72.9361634,41.3022477],[-72.9359805,41.3023066],[-72.9361857,41.3026665],[-72.9359084,41.3027557],[-72.9358845,41.3027136],[-72.9358068,41.3027371],[-72.9358552,41.3028252],[-72.9358214,41.3028357]]]}},{"type":"Feature","id":232595712,"properties":{"osmId":232595712,"category":"academic","addr:city":"New Haven","addr:housenumber":"330","addr:postcode":"06519","addr:state":"CT","addr:street":"Cedar Street","building":"university","ele":"25","faculty":"medicine","gnis:feature_id":"1933342","name":"Boardman Building","operator":"Yale University","ref":"BB","source":"USGS Geonames","_wikiTried":true},"geometry":{"type":"Polygon","coordinates":[[[-72.9343873,41.3031001],[-72.9343206,41.3029759],[-72.9342847,41.3029089],[-72.9341936,41.302739],[-72.9342011,41.3027377],[-72.9343535,41.3026904],[-72.9343634,41.3026876],[-72.9344476,41.3028445],[-72.9344708,41.3028877],[-72.9345555,41.3030456],[-72.9343873,41.3031001]]]}},{"type":"Feature","id":235544731,"properties":{"osmId":235544731,"category":"religious","amenity":"place_of_worship","building":"church","denomination":"lutheran","ele":"12","gnis:feature_id":"1933688","name":"Emanuel Lutheran Church","religion":"christian","_wikiTried":true},"geometry":{"type":"Polygon","coordinates":[[[-72.913531,41.3144349],[-72.9133937,41.314364],[-72.9133575,41.3144075],[-72.9133888,41.3144251],[-72.9132816,41.3145476],[-72.9133128,41.3145626],[-72.9133031,41.3145739],[-72.913342,41.3145918],[-72.9133514,41.3145803],[-72.9133921,41.3145985],[-72.913531,41.3144349]]]}},{"type":"Feature","id":236033411,"properties":{"osmId":236033411,"category":"religious","addr:city":"New Haven","addr:housenumber":"855","addr:postcode":"06511","addr:state":"CT","addr:street":"State Street","building":"church","name":"The Church on State","note":"old church (hence building tag), reconverted into appartments","_wikiTried":true},"geometry":{"type":"Polygon","coordinates":[[[-72.9132155,41.313151],[-72.9132057,41.3131751],[-72.9131907,41.3131633],[-72.9131769,41.3131877],[-72.9132021,41.3131926],[-72.9131799,41.3132364],[-72.9131583,41.3132296],[-72.9131505,41.3132494],[-72.9131673,41.3132472],[-72.9131589,41.313267],[-72.9129507,41.3132116],[-72.9129453,41.3132224],[-72.9128985,41.3132084],[-72.9129549,41.313079],[-72.9129626,41.3130626],[-72.9129971,41.3130714],[-72.91299,41.3130867],[-72.9132155,41.313151]]]}},{"type":"Feature","id":237617233,"properties":{"osmId":237617233,"category":"religious","amenity":"place_of_worship","building":"church","ele":"15","gnis:feature_id":"1932753","name":"Saint Josephs Church","religion":"christian","_wikiTried":true},"geometry":{"type":"Polygon","coordinates":[[[-72.9132083,41.3176276],[-72.9133763,41.3177017],[-72.9131513,41.3179736],[-72.9131775,41.3179851],[-72.9131313,41.3180407],[-72.9128633,41.3179169],[-72.9129064,41.3178625],[-72.912928,41.3178706],[-72.9131128,41.317645],[-72.9130882,41.3176334],[-72.9131437,41.3175633],[-72.9132288,41.3176026],[-72.9132083,41.3176276]]]}},{"type":"Feature","id":237756787,"properties":{"osmId":237756787,"category":"religious","amenity":"place_of_worship","building":"church","denomination":"baptist","ele":"14","gnis:feature_id":"1932870","name":"Shiloh Missionary Baptist Church","religion":"christian","_wikiTried":true},"geometry":{"type":"Polygon","coordinates":[[[-72.912253,41.3181191],[-72.9120968,41.3180572],[-72.9121753,41.3179449],[-72.9122034,41.3179545],[-72.9122323,41.3179152],[-72.912357,41.3179686],[-72.9123308,41.3180038],[-72.9123382,41.3180068],[-72.912253,41.3181191]]]}},{"type":"Feature","id":238532527,"properties":{"osmId":238532527,"category":"academic","addr:city":"New Haven","addr:housenumber":"28","addr:postcode":"06511","addr:state":"CT","addr:street":"Hillhouse Avenue","building":"university","name":"Department of Economics","operator":"Yale University","_wikiTried":true},"geometry":{"type":"Polygon","coordinates":[[[-72.9239697,41.3140162],[-72.9239822,41.3139839],[-72.9241113,41.3140111],[-72.92413,41.3139584],[-72.9241537,41.3138916],[-72.9240791,41.3138775],[-72.9240916,41.3138439],[-72.9241004,41.3138205],[-72.9240503,41.3138099],[-72.9240579,41.3137895],[-72.9239442,41.3137655],[-72.9239518,41.3137577],[-72.9239426,41.3137419],[-72.9239193,41.3137367],[-72.9238965,41.3137452],[-72.9238923,41.313763],[-72.9239014,41.3137751],[-72.9239129,41.3137767],[-72.9238633,41.3139093],[-72.923822,41.3139006],[-72.9237932,41.3139776],[-72.9239022,41.3139995],[-72.9239697,41.3140162]]]}},{"type":"Feature","id":238532528,"properties":{"osmId":238532528,"category":"academic","addr:city":"New Haven","addr:housenumber":"60","addr:postcode":"06511","addr:state":"CT","addr:street":"Sachem Street","building":"university","faculty":"management","name":"Watson Center","operator":"Yale University","_wikiTried":true},"geometry":{"type":"Polygon","coordinates":[[[-72.923972,41.3157495],[-72.9239347,41.3158524],[-72.9239172,41.3159009],[-72.9237461,41.315866],[-72.9235684,41.3158297],[-72.9235835,41.315788],[-72.923526,41.3157763],[-72.9234917,41.315871],[-72.9233785,41.3158479],[-72.9234461,41.3156614],[-72.9234788,41.3155713],[-72.9235042,41.315501],[-72.9234886,41.3154978],[-72.9235186,41.3154148],[-72.9235418,41.3154195],[-72.9235606,41.3153674],[-72.9237338,41.3154027],[-72.9236334,41.3156804],[-72.923803,41.315715],[-72.923972,41.3157495]]]}},{"type":"Feature","id":238811289,"properties":{"osmId":238811289,"category":"academic","building":"school"},"geometry":{"type":"Polygon","coordinates":[[[-72.9090344,41.317261],[-72.9092516,41.3173522],[-72.9092861,41.3173058],[-72.9093332,41.3173256],[-72.9094116,41.3172204],[-72.9093431,41.3171916],[-72.9093799,41.3171421],[-72.909184,41.3170599],[-72.9091518,41.3171031],[-72.9090672,41.3170676],[-72.9089791,41.3171861],[-72.9090637,41.3172216],[-72.9090344,41.317261]]]}},{"type":"Feature","id":238823831,"properties":{"osmId":238823831,"category":"academic","addr:city":"New Haven","addr:housenumber":"133","addr:postcode":"06511","addr:state":"CT","addr:street":"Nash Street","building":"school","layer":"-1","name":"East Rock Community Magnet School","_wikiTried":true},"geometry":{"type":"Polygon","coordinates":[[[-72.9076709,41.3193488],[-72.9077203,41.3193722],[-72.9076973,41.3194063],[-72.9076344,41.319379],[-72.907615,41.3194022],[-72.9076358,41.3194112],[-72.9076444,41.3194149],[-72.9075477,41.3195438],[-72.9075319,41.3195353],[-72.9075051,41.3195247],[-72.9074781,41.3195602],[-72.9074964,41.3195687],[-72.9074086,41.3196866],[-72.9074286,41.3196941],[-72.9072613,41.3199239],[-72.9071782,41.319888],[-72.9071712,41.3198991],[-72.9072078,41.3199166],[-72.9071707,41.3199684],[-72.9071451,41.3199576],[-72.9070922,41.3200294],[-72.9069107,41.3199512],[-72.9068944,41.3199836],[-72.9065851,41.319891],[-72.9066352,41.3197951],[-72.9066632,41.3198021],[-72.9066959,41.3197372],[-72.9067392,41.3197499],[-72.9067694,41.3197101],[-72.9066599,41.3196613],[-72.9067321,41.3195277],[-72.9066971,41.3195163],[-72.9067601,41.3193926],[-72.9068068,41.3194058],[-72.9068534,41.3193218],[-72.907001,41.319364],[-72.9069888,41.3193889],[-72.9070127,41.3193957],[-72.9070384,41.3193549],[-72.9071391,41.3193992],[-72.9072527,41.3194491],[-72.907268,41.3194303],[-72.9072953,41.31944],[-72.9073101,41.319425],[-72.9072871,41.3194138],[-72.9074524,41.3191915],[-72.907455,41.319188],[-72.907468,41.3191702],[-72.9074822,41.3191509],[-72.9075515,41.3191793],[-72.9075574,41.3191716],[-72.9075871,41.3191328],[-72.9077046,41.3191867],[-72.9076704,41.3192288],[-72.907742,41.3192585],[-72.9076709,41.3193488]]]}},{"type":"Feature","id":239142147,"properties":{"osmId":239142147,"category":"academic","addr:city":"New Haven","addr:housenumber":"270","addr:postcode":"06511","addr:state":"CT","addr:street":"Crown Street","building":"university","name":"270 Crown Street","operator":"Yale University","_wikiTried":true},"geometry":{"type":"Polygon","coordinates":[[[-72.9308015,41.3064352],[-72.9307017,41.3063919],[-72.9307766,41.3062979],[-72.9308795,41.3063369],[-72.9308015,41.3064352]]]}},{"type":"Feature","id":239527110,"properties":{"osmId":239527110,"category":"academic","addr:city":"New Haven","addr:housenumber":"60","addr:postcode":"06519","addr:state":"CT","addr:street":"College Street","building":"university","building:levels":"7","faculty":"School of Public Health","name":"Laboratory of Epidemiology and Public Health","operator":"Yale University","source":"survey","_wikiTried":true},"geometry":{"type":"Polygon","coordinates":[[[-72.9318967,41.3035215],[-72.9317957,41.3036381],[-72.9318371,41.3036583],[-72.9318244,41.303673],[-72.9318447,41.3036829],[-72.931858,41.3036676],[-72.9319133,41.3036946],[-72.9319006,41.3037092],[-72.9319184,41.3037179],[-72.9319299,41.3037046],[-72.9319864,41.3037322],[-72.9319734,41.3037472],[-72.9319927,41.3037566],[-72.9320051,41.3037422],[-72.9320604,41.3037693],[-72.9320461,41.3037858],[-72.9320656,41.3037953],[-72.9320794,41.3037793],[-72.9321353,41.3038067],[-72.9321222,41.3038219],[-72.9321402,41.3038307],[-72.9321525,41.3038165],[-72.9322094,41.3038443],[-72.9321954,41.3038605],[-72.9322133,41.3038692],[-72.932228,41.3038523],[-72.9322837,41.3038795],[-72.9322697,41.3038957],[-72.9322898,41.3039055],[-72.9323015,41.303892],[-72.9323569,41.303919],[-72.9323446,41.3039332],[-72.9323648,41.3039431],[-72.9323777,41.3039282],[-72.9324199,41.3039488],[-72.9325191,41.3038344],[-72.9324747,41.3038127],[-72.9324873,41.3037982],[-72.932466,41.3037878],[-72.9324537,41.303802],[-72.9323988,41.3037751],[-72.9324114,41.3037606],[-72.932391,41.3037506],[-72.9323787,41.3037648],[-72.9323245,41.3037383],[-72.9323371,41.3037238],[-72.9323194,41.3037151],[-72.9323071,41.3037293],[-72.9322524,41.3037026],[-72.9322651,41.303688],[-72.9322445,41.303678],[-72.9322323,41.3036922],[-72.932176,41.3036647],[-72.9321887,41.3036501],[-72.9321692,41.3036406],[-72.9321569,41.3036548],[-72.9321183,41.3036359],[-72.9321021,41.303628],[-72.9321147,41.3036135],[-72.9320943,41.3036035],[-72.932082,41.3036177],[-72.932029,41.3035918],[-72.9320416,41.3035772],[-72.9320242,41.3035687],[-72.9320131,41.3035815],[-72.9319562,41.3035536],[-72.9319706,41.3035371],[-72.9319519,41.303528],[-72.9319394,41.3035424],[-72.9318967,41.3035215]]]}},{"type":"Feature","id":239706968,"properties":{"osmId":239706968,"category":"religious","amenity":"place_of_worship","building":"church","denomination":"episcopal","ele":"17","gnis:feature_id":"1932764","name":"Saint Luke's Episcopal Church","religion":"christian","wikidata":"Q7589789","_wikiTried":true},"geometry":{"type":"Polygon","coordinates":[[[-72.9360605,41.3146088],[-72.9359283,41.3148195],[-72.9359581,41.3148296],[-72.9359119,41.3149056],[-72.9359844,41.3149325],[-72.9360094,41.3148962],[-72.9360533,41.3149105],[-72.9360805,41.3148654],[-72.9360621,41.3148582],[-72.9361867,41.3146534],[-72.936116,41.3146284],[-72.9360605,41.3146088]]]}},{"type":"Feature","id":239706990,"properties":{"osmId":239706990,"category":"religious","amenity":"place_of_worship","building":"yes","denomination":"african_methodist_episcopal_zion","name":"Shaw Memorial African Methodist Episcopal Zion Church","religion":"christian","_wikiTried":true},"geometry":{"type":"Polygon","coordinates":[[[-72.9352511,41.3148023],[-72.9349847,41.3147003],[-72.9350531,41.3145995],[-72.9353195,41.3147015],[-72.9352511,41.3148023]]]}},{"type":"Feature","id":239805615,"properties":{"osmId":239805615,"category":"academic","addr:city":"New Haven","addr:housenumber":"15","addr:postcode":"06519","addr:state":"CT","addr:street":"York Street","building":"university","faculty":"medicine","name":"Laboratory for Medicine & Pediatrics","operator":"Yale University","source":"bing","_wikiTried":true},"geometry":{"type":"Polygon","coordinates":[[[-72.935224,41.3032977],[-72.9351074,41.3030723],[-72.9352732,41.3030215],[-72.9353854,41.303228],[-72.9354067,41.3032214],[-72.9354353,41.3032742],[-72.9354492,41.3032997],[-72.9354749,41.3033471],[-72.9354644,41.3033503],[-72.9354973,41.303411],[-72.9354509,41.3034252],[-72.935405,41.3034392],[-72.9353709,41.3034497],[-72.9353139,41.3034673],[-72.935224,41.3032977]]]}},{"type":"Feature","id":249130434,"properties":{"osmId":249130434,"category":"other","building":"yes","faculty":"medicine","operator":"Yale University"},"geometry":{"type":"Polygon","coordinates":[[[-72.935094,41.303051],[-72.9349215,41.3031038],[-72.9348455,41.3029656],[-72.9348989,41.3029477],[-72.9348279,41.302819],[-72.9348419,41.3028144],[-72.9348487,41.3028261],[-72.9349133,41.3028048],[-72.9349291,41.3028318],[-72.934966,41.3028197],[-72.9350229,41.302917],[-72.9350032,41.3029235],[-72.9350676,41.3030338],[-72.9350803,41.3030294],[-72.935094,41.303051]]]}},{"type":"Feature","id":249130436,"properties":{"osmId":249130436,"category":"academic","addr:city":"New Haven","addr:housenumber":"15","addr:postcode":"06511","addr:state":"CT","addr:street":"York Street","building":"university","ele":"22","faculty":"medicine","gnis:feature_id":"1933924","name":"Hunter Building","operator":"Yale University","source":"USGS Geonames","_wikiTried":true},"geometry":{"type":"Polygon","coordinates":[[[-72.9349728,41.3033728],[-72.9349262,41.3032919],[-72.9348875,41.3033043],[-72.9348479,41.3033169],[-72.9348301,41.3032607],[-72.9348645,41.30325],[-72.9348396,41.3031439],[-72.9350473,41.303077],[-72.9351811,41.3033105],[-72.935224,41.3032977],[-72.9353139,41.3034673],[-72.9353231,41.3034847],[-72.9349639,41.3035921],[-72.9349231,41.3036043],[-72.9348566,41.3036242],[-72.9347575,41.3034372],[-72.9348672,41.3034044],[-72.9349317,41.3033851],[-72.9349728,41.3033728]]]}},{"type":"Feature","id":249485149,"properties":{"osmId":249485149,"category":"religious","amenity":"place_of_worship","building":"church","denomination":"episcopal","ele":"11","gnis:feature_id":"1932785","name":"Saint Paul & Saint James Episcopal Church","religion":"christian","website":"https://www.stpaulstjames.org/","_wikiTried":true},"geometry":{"type":"Polygon","coordinates":[[[-72.9200354,41.3034289],[-72.9200569,41.3033012],[-72.9202953,41.3033262],[-72.9202485,41.3035944],[-72.9201541,41.3035843],[-72.9201208,41.3037673],[-72.9201406,41.3037694],[-72.9201545,41.3037831],[-72.9201508,41.3038037],[-72.9201287,41.3038163],[-72.920103,41.3038136],[-72.9200919,41.3038027],[-72.9199185,41.3037883],[-72.9199019,41.3037982],[-72.9198791,41.3037963],[-72.919859,41.3037853],[-72.9198624,41.3037619],[-72.9198765,41.3037534],[-72.9199094,41.3035298],[-72.919771,41.3035183],[-72.919781,41.3034507],[-72.9199706,41.3034665],[-72.9199769,41.303424],[-72.9200354,41.3034289]]]}},{"type":"Feature","id":250054318,"properties":{"osmId":250054318,"category":"religious","amenity":"place_of_worship","building":"church","denomination":"roman_catholic","ele":"12","gnis:feature_id":"1932722","name":"Saint Casimirs Roman Catholic Church","religion":"christian","_wikiTried":true},"geometry":{"type":"Polygon","coordinates":[[[-72.9186965,41.3059277],[-72.9186754,41.3062379],[-72.9186693,41.3063278],[-72.9186257,41.3063261],[-72.918621,41.3063951],[-72.9184465,41.3063884],[-72.9184509,41.3063229],[-72.918412,41.3063214],[-72.9184205,41.3061962],[-72.9184895,41.3061989],[-72.9184914,41.3061696],[-72.9184662,41.3061686],[-72.9184693,41.3061224],[-72.9184896,41.3061232],[-72.9184916,41.3060939],[-72.9184716,41.3060931],[-72.9184746,41.3060492],[-72.9184949,41.3060499],[-72.9184968,41.3060207],[-72.9184768,41.30602],[-72.9184798,41.3059761],[-72.9185001,41.3059768],[-72.9185021,41.3059464],[-72.9184613,41.3059448],[-72.9184646,41.3058958],[-72.9185264,41.3058982],[-72.9185255,41.3059117],[-72.9186669,41.3059171],[-72.9186675,41.3059084],[-72.9186889,41.3059092],[-72.9186877,41.3059273],[-72.9186965,41.3059277]]]}},{"type":"Feature","id":250269393,"properties":{"osmId":250269393,"category":"academic","addr:city":"New Haven","addr:housenumber":"789","addr:postcode":"06519","addr:state":"CT","addr:street":"Howard Avenue","building":"university","faculty":"medicine","operator":"Yale University","source":"bing"},"geometry":{"type":"Polygon","coordinates":[[[-72.9358134,41.3032165],[-72.9360962,41.3031311],[-72.9360573,41.3030583],[-72.936095,41.3030469],[-72.9360352,41.3029351],[-72.9359913,41.3029483],[-72.9359729,41.3029139],[-72.9357712,41.3029747],[-72.9357958,41.3030207],[-72.9357458,41.3030357],[-72.9357562,41.3030476],[-72.9357993,41.3031224],[-72.9357374,41.3031425],[-72.9357508,41.3031658],[-72.935779,41.3031567],[-72.9358134,41.3032165]]]}},{"type":"Feature","id":251440833,"properties":{"osmId":251440833,"category":"religious","amenity":"place_of_worship","building":"church","denomination":"roman_catholic","ele":"11","gnis:feature_id":"1932778","name":"Saint Michael's Church","religion":"christian","_wikiTried":true},"geometry":{"type":"Polygon","coordinates":[[[-72.9168757,41.3054106],[-72.9165424,41.3054082],[-72.9165422,41.3054219],[-72.9164501,41.3054213],[-72.9164504,41.3054004],[-72.9164,41.3054001],[-72.9164016,41.3052713],[-72.9163037,41.3052707],[-72.9163057,41.3051082],[-72.9165677,41.3051101],[-72.9165663,41.3052217],[-72.9168772,41.3052239],[-72.9168768,41.3052594],[-72.9168868,41.3052594],[-72.9168855,41.3053675],[-72.9168754,41.3053674],[-72.9168757,41.3054106]]]}},{"type":"Feature","id":251440836,"properties":{"osmId":251440836,"category":"academic","addr:city":"New Haven","addr:housenumber":"234","addr:postcode":"06511","addr:state":"CT","addr:street":"Greene Street","building":"school","ele":"10","gnis:feature_id":"1932782","name":"Saint Michael's School","was:amenity":"school","_wikiTried":true},"geometry":{"type":"Polygon","coordinates":[[[-72.9162847,41.3055712],[-72.9160516,41.3055634],[-72.9160532,41.3054905],[-72.9160667,41.3054907],[-72.9160674,41.3054606],[-72.916058,41.3054605],[-72.9160603,41.3053549],[-72.9162546,41.305363],[-72.9162903,41.3053644],[-72.9162839,41.3054338],[-72.9162616,41.3054326],[-72.9162576,41.3054983],[-72.9162847,41.3054983],[-72.9162847,41.3055712]]]}},{"type":"Feature","id":266453342,"properties":{"osmId":266453342,"category":"academic","addr:city":"New Haven","addr:housenumber":"370","addr:postcode":"06511","addr:state":"CT","addr:street":"Temple Street","building":"university","name":"Dow Hall","operator":"Yale University","_wikiTried":true},"geometry":{"type":"Polygon","coordinates":[[[-72.9238878,41.3114226],[-72.9238833,41.3114285],[-72.923892,41.311432],[-72.9238474,41.3114909],[-72.9237285,41.3114446],[-72.923772,41.3113879],[-72.9237808,41.3113913],[-72.9238147,41.3113431],[-72.9238474,41.3112964],[-72.9238633,41.3112737],[-72.9238545,41.3112702],[-72.9238939,41.3112141],[-72.9240103,41.311263],[-72.9239677,41.3113197],[-72.9239589,41.3113158],[-72.9239172,41.3113791],[-72.9238878,41.3114226]]]}},{"type":"Feature","id":266652508,"properties":{"osmId":266652508,"category":"other","addr:city":"New Haven","addr:housenumber":"1201","addr:postcode":"06511","addr:state":"CT","addr:street":"Chapel Street","building":"yes","operator":"Yale University"},"geometry":{"type":"Polygon","coordinates":[[[-72.9342475,41.3092388],[-72.9343971,41.3092723],[-72.9343899,41.3092902],[-72.9344008,41.3092927],[-72.934385,41.3093325],[-72.9344004,41.309336],[-72.9343475,41.3094692],[-72.9342901,41.3094563],[-72.9342763,41.3094909],[-72.9341924,41.3094721],[-72.9342064,41.3094371],[-72.9341484,41.3094241],[-72.9341835,41.3093357],[-72.9342,41.3093394],[-72.9342072,41.3093212],[-72.934195,41.3093059],[-72.9342012,41.3092904],[-72.9342217,41.3092822],[-72.9342336,41.3092548],[-72.9342405,41.3092564],[-72.9342475,41.3092388]]]}},{"type":"Feature","id":266652510,"properties":{"osmId":266652510,"category":"academic","addr:city":"New Haven","addr:housenumber":"36","addr:postcode":"06511","addr:state":"CT","addr:street":"Edgewood Avenue","building":"university","name":"36 Edgewood Avenue","operator":"Yale University","_wikiTried":true},"geometry":{"type":"Polygon","coordinates":[[[-72.93434,41.3100131],[-72.934289,41.3099917],[-72.9338386,41.3098833],[-72.9339254,41.3096706],[-72.9340797,41.3097073],[-72.934092,41.30967],[-72.934312,41.3097265],[-72.9342972,41.3097678],[-72.9343727,41.3097878],[-72.9343468,41.3098541],[-72.9343895,41.3098697],[-72.9344248,41.3098168],[-72.9344728,41.3098371],[-72.9343836,41.3099573],[-72.934339,41.3099386],[-72.9343159,41.3099855],[-72.9343505,41.3099985],[-72.93434,41.3100131]]]}},{"type":"Feature","id":266652512,"properties":{"osmId":266652512,"category":"academic","addr:city":"New Haven","addr:housenumber":"1203","addr:postcode":"06511","addr:state":"CT","addr:street":"Chapel Street","building":"university","name":"1203 Chapel Street","operator":"Yale University","_wikiTried":true},"geometry":{"type":"Polygon","coordinates":[[[-72.934104,41.3093669],[-72.93401,41.3093461],[-72.9340731,41.3091849],[-72.9340856,41.3091877],[-72.9341026,41.3091441],[-72.9341982,41.3091652],[-72.9341882,41.3091908],[-72.9341978,41.3091929],[-72.9341429,41.3093333],[-72.9341192,41.3093281],[-72.934104,41.3093669]]]}},{"type":"Feature","id":266652526,"properties":{"osmId":266652526,"category":"academic","addr:city":"New Haven","addr:housenumber":"32","addr:postcode":"06511","addr:state":"CT","addr:street":"Edgewood Avenue","architect":"Kieran Timberlake","building":"university","name":"32 Edgewood Avenue","operator":"Yale University","_wikiTried":true},"geometry":{"type":"Polygon","coordinates":[[[-72.9339979,41.3103552],[-72.933902,41.3103149],[-72.9340589,41.3101041],[-72.9341547,41.3101443],[-72.9339979,41.3103552]]]}},{"type":"Feature","id":266652540,"properties":{"osmId":266652540,"category":"academic","addr:city":"New Haven","addr:housenumber":"28","addr:postcode":"06511","addr:state":"CT","addr:street":"Edgewood Avenue","building":"university","name":"28 Edgewood Avenue","operator":"Yale University","_wikiTried":true},"geometry":{"type":"Polygon","coordinates":[[[-72.9338406,41.3102893],[-72.9337809,41.3102656],[-72.9338307,41.3101949],[-72.9339035,41.3102237],[-72.9338739,41.3102658],[-72.9338608,41.3102606],[-72.9338406,41.3102893]]]}},{"type":"Feature","id":266759768,"properties":{"osmId":266759768,"category":"religious","amenity":"place_of_worship","building":"church","denomination":"methodist","ele":"19","gnis:feature_id":"1932788","layer":"1","name":"Saint Pauls Union African Methodist Episcopal Church","religion":"christian","_wikiTried":true},"geometry":{"type":"Polygon","coordinates":[[[-72.9372023,41.3098669],[-72.9370899,41.3101689],[-72.9370683,41.3101624],[-72.9370236,41.310289],[-72.9368896,41.3102642],[-72.936777,41.3102158],[-72.936778,41.3102013],[-72.9366848,41.3101596],[-72.9367449,41.3100704],[-72.936831,41.3100991],[-72.9368779,41.3101148],[-72.9368942,41.3100612],[-72.9368422,41.3100467],[-72.9368677,41.3099816],[-72.9369166,41.3099939],[-72.9369615,41.3098722],[-72.9369217,41.3098614],[-72.9369401,41.3098025],[-72.9370195,41.3098201],[-72.9370155,41.3098308],[-72.9372023,41.3098669]]]}},{"type":"Feature","id":268535948,"properties":{"osmId":268535948,"category":"other","addr:city":"New Haven","addr:housenumber":"34","addr:postcode":"06519","addr:state":"CT","addr:street":"Park Street","building":"yes","name":"Connecticut Mental Health Center","operator":"Yale University","_wikiTried":true},"geometry":{"type":"Polygon","coordinates":[[[-72.9368574,41.3058316],[-72.9361927,41.3055571],[-72.9362899,41.3054243],[-72.9366751,41.3055834],[-72.9366898,41.3055634],[-72.9366712,41.3055558],[-72.9366961,41.3055219],[-72.9365566,41.3054643],[-72.9367558,41.3051921],[-72.9367271,41.3051802],[-72.9368555,41.3050047],[-72.9370674,41.3050922],[-72.9371176,41.305184],[-72.937045,41.3052842],[-72.9370731,41.3052957],[-72.9368952,41.305541],[-72.9370389,41.3055998],[-72.9370086,41.3056416],[-72.9373651,41.3057875],[-72.9373268,41.3058403],[-72.9373006,41.3058296],[-72.9372576,41.3058888],[-72.9372212,41.3058739],[-72.9372048,41.3058965],[-72.9370794,41.3058452],[-72.9370698,41.3058584],[-72.936891,41.3057853],[-72.9368574,41.3058316]]]}},{"type":"Feature","id":290774807,"properties":{"osmId":290774807,"category":"academic","addr:city":"New Haven","addr:housenumber":"210","addr:postcode":"06511","addr:state":"CT","addr:street":"Prospect Street","building":"university","operator":"Yale University"},"geometry":{"type":"Polygon","coordinates":[[[-72.9244072,41.3176605],[-72.9241815,41.3176237],[-72.9241912,41.3175901],[-72.924181,41.3175885],[-72.9241936,41.3175448],[-72.9242069,41.3175469],[-72.9242196,41.3175028],[-72.9243842,41.3175297],[-72.9243689,41.3175824],[-72.9244271,41.3175919],[-72.9244072,41.3176605]]]}},{"type":"Feature","id":290774808,"properties":{"osmId":290774808,"category":"academic","addr:city":"New Haven","addr:housenumber":"204","addr:postcode":"06511","addr:state":"CT","addr:street":"Prospect Street","building":"university","operator":"Yale University"},"geometry":{"type":"Polygon","coordinates":[[[-72.9244223,41.3174883],[-72.92422,41.3174569],[-72.9242497,41.3173491],[-72.9244197,41.3173755],[-72.9244046,41.3174306],[-72.9244368,41.3174356],[-72.9244223,41.3174883]]]}},{"type":"Feature","id":291405617,"properties":{"osmId":291405617,"category":"other","addr:city":"New Haven","addr:housenumber":"282","addr:postcode":"06511","addr:state":"CT","addr:street":"Prospect Street","building":"yes","operator":"Yale University"},"geometry":{"type":"Polygon","coordinates":[[[-72.9237428,41.3195811],[-72.9237724,41.3194704],[-72.9239487,41.3195041],[-72.9239548,41.3194835],[-72.923992,41.3194892],[-72.9239616,41.3195783],[-72.9239738,41.3195959],[-72.9239654,41.3196296],[-72.9238256,41.3196108],[-72.9238294,41.3195954],[-72.9237428,41.3195811]]]}},{"type":"Feature","id":291405618,"properties":{"osmId":291405618,"category":"academic","addr:city":"New Haven","addr:housenumber":"310","addr:postcode":"06511","addr:state":"CT","addr:street":"Prospect Street","building":"university","operator":"Yale University"},"geometry":{"type":"Polygon","coordinates":[[[-72.9237383,41.3199732],[-72.9238893,41.3199801],[-72.9238839,41.3200456],[-72.9238731,41.3200451],[-72.9238685,41.3201009],[-72.9239365,41.320104],[-72.9239316,41.320163],[-72.923861,41.3201597],[-72.9238601,41.320171],[-72.9237923,41.3201678],[-72.9237931,41.3201579],[-72.9237234,41.3201547],[-72.9237383,41.3199732]]]}},{"type":"Feature","id":291405619,"properties":{"osmId":291405619,"category":"academic","addr:city":"New Haven","addr:housenumber":"300","addr:postcode":"06511","addr:state":"CT","addr:street":"Prospect Street","building":"university","operator":"Yale University"},"geometry":{"type":"Polygon","coordinates":[[[-72.923702,41.3198173],[-72.9237316,41.3197006],[-72.9237489,41.3197031],[-72.9237566,41.3196729],[-72.9238526,41.3196866],[-72.9238447,41.3197175],[-72.9238598,41.3197196],[-72.9238315,41.3198311],[-72.9238434,41.3198328],[-72.9238258,41.3199021],[-72.9237399,41.3198897],[-72.9237563,41.3198251],[-72.923702,41.3198173]]]}},{"type":"Feature","id":291405620,"properties":{"osmId":291405620,"category":"other","addr:city":"New Haven","addr:housenumber":"242","addr:postcode":"06511","addr:state":"CT","addr:street":"Prospect Street","building":"yes","operator":"Yale University"},"geometry":{"type":"Polygon","coordinates":[[[-72.9240324,41.3184132],[-72.9241674,41.3184377],[-72.9241177,41.318592],[-72.9240885,41.3185867],[-72.9240737,41.3186325],[-72.9239765,41.3186149],[-72.9239936,41.3185618],[-72.9239797,41.3185593],[-72.9239949,41.3185122],[-72.9240161,41.318516],[-72.9240312,41.318469],[-72.9240154,41.3184661],[-72.9240324,41.3184132]]]}},{"type":"Feature","id":291405621,"properties":{"osmId":291405621,"category":"academic","addr:city":"New Haven","addr:housenumber":"202","addr:postcode":"06511","addr:state":"CT","addr:street":"Prospect Street","building":"university","operator":"Yale University"},"geometry":{"type":"Polygon","coordinates":[[[-72.9243097,41.3171911],[-72.9245085,41.317221],[-72.924489,41.3172942],[-72.9244495,41.3172883],[-72.9244379,41.3173319],[-72.9242786,41.317308],[-72.9242791,41.3173017],[-72.9242678,41.3172932],[-72.9242712,41.3172754],[-72.9242927,41.3172618],[-72.9242976,41.3172371],[-72.9242842,41.3172261],[-72.9242877,41.3172081],[-72.9243097,41.3171911]]]}},{"type":"Feature","id":291405622,"properties":{"osmId":291405622,"category":"academic","addr:city":"New Haven","addr:housenumber":"314","addr:postcode":"06511","addr:state":"CT","addr:street":"Prospect Street","building":"university","operator":"Yale University"},"geometry":{"type":"Polygon","coordinates":[[[-72.9238847,41.3202512],[-72.9238744,41.3203953],[-72.9238083,41.3203927],[-72.9238079,41.3203982],[-72.9237228,41.3203948],[-72.9237242,41.3203749],[-72.9237046,41.3203741],[-72.9237071,41.3203402],[-72.9237075,41.3203344],[-72.9237098,41.3203345],[-72.9237115,41.3203106],[-72.923719,41.3203109],[-72.923721,41.3202829],[-72.9237344,41.3202834],[-72.9237373,41.3202415],[-72.9237494,41.320242],[-72.9237497,41.3202374],[-72.9237875,41.3202389],[-72.9237869,41.3202472],[-72.9238847,41.3202512]]]}},{"type":"Feature","id":291405623,"properties":{"osmId":291405623,"category":"academic","addr:city":"New Haven","addr:housenumber":"230","addr:postcode":"06511","addr:state":"CT","addr:street":"Prospect Street","building":"university","operator":"Yale University"},"geometry":{"type":"Polygon","coordinates":[[[-72.9241869,41.3182183],[-72.9240319,41.3181943],[-72.9240429,41.3181394],[-72.9240092,41.3181356],[-72.9240177,41.3180928],[-72.9240322,41.3180944],[-72.9240364,41.3180949],[-72.9240441,41.3180559],[-72.9240648,41.3180582],[-72.9240679,41.318043],[-72.9241197,41.3180488],[-72.9241252,41.318021],[-72.9241476,41.3180111],[-72.9241656,41.3180145],[-72.9241781,41.3180237],[-72.924174,41.3180579],[-72.9242277,41.3180659],[-72.9242154,41.318112],[-72.924237,41.3181152],[-72.9242535,41.3181285],[-72.9242556,41.3181499],[-72.9242444,41.318164],[-72.9242275,41.318171],[-72.9241981,41.3181684],[-72.9241869,41.3182183]]]}},{"type":"Feature","id":291405625,"properties":{"osmId":291405625,"category":"academic","addr:city":"New Haven","addr:housenumber":"238","addr:postcode":"06511","addr:state":"CT","addr:street":"Prospect Street","building":"university","operator":"Yale University"},"geometry":{"type":"Polygon","coordinates":[[[-72.9241628,41.3183997],[-72.9239622,41.3183662],[-72.9239793,41.3183084],[-72.9240228,41.3183157],[-72.924038,41.3182643],[-72.9240779,41.318271],[-72.9240815,41.3182588],[-72.9241986,41.3182784],[-72.9241628,41.3183997]]]}},{"type":"Feature","id":292025369,"properties":{"osmId":292025369,"category":"other","building":"greenhouse","name":"Experimental Greenhouse","operator":"Yale University","_wikiTried":true},"geometry":{"type":"Polygon","coordinates":[[[-72.9252913,41.3217104],[-72.925286,41.3218014],[-72.9251631,41.3217973],[-72.9251626,41.3218069],[-72.9251245,41.3218057],[-72.9251251,41.3217949],[-72.9249701,41.3217898],[-72.9249754,41.3217],[-72.9252913,41.3217104]]]}},{"type":"Feature","id":292025370,"properties":{"osmId":292025370,"category":"other","building":"greenhouse","name":"Office","operator":"Yale University","_wikiTried":true},"geometry":{"type":"Polygon","coordinates":[[[-72.9254838,41.3215582],[-72.9254759,41.3216935],[-72.9255046,41.3216945],[-72.9255021,41.3217362],[-72.9254763,41.3217353],[-72.9254735,41.3217833],[-72.9253515,41.3217793],[-72.9253531,41.3217517],[-72.9252918,41.3217495],[-72.9252932,41.3217199],[-72.9253503,41.3217218],[-72.9253552,41.3216384],[-72.9253247,41.3216374],[-72.9253266,41.3216007],[-72.9253789,41.3216053],[-72.9253824,41.3215551],[-72.9254838,41.3215582]]]}},{"type":"Feature","id":292025371,"properties":{"osmId":292025371,"category":"academic","building":"university","name":"Greeley Greenhouse","operator":"Yale University","_wikiTried":true},"geometry":{"type":"Polygon","coordinates":[[[-72.9248406,41.3223599],[-72.9244982,41.3222962],[-72.9244609,41.322409],[-72.9248033,41.3224728],[-72.9248406,41.3223599]]]}},{"type":"Feature","id":292025374,"properties":{"osmId":292025374,"category":"academic","building":"university","name":"Government Greenhouse","_wikiTried":true},"geometry":{"type":"Polygon","coordinates":[[[-72.9253619,41.3224691],[-72.9253365,41.3225379],[-72.9252453,41.3225188],[-72.9252707,41.3224501],[-72.9253619,41.3224691]]]}},{"type":"Feature","id":292025375,"properties":{"osmId":292025375,"category":"other","building":"greenhouse","operator":"Yale University"},"geometry":{"type":"Polygon","coordinates":[[[-72.9254935,41.3213917],[-72.9254835,41.3215571],[-72.9253889,41.3215539],[-72.9253987,41.3213886],[-72.9254935,41.3213917]]]}},{"type":"Feature","id":292025376,"properties":{"osmId":292025376,"category":"other","building":"greenhouse","name":"Experimental Greenhouse","operator":"Yale University","_wikiTried":true},"geometry":{"type":"Polygon","coordinates":[[[-72.9253259,41.3215634],[-72.925319,41.3216809],[-72.9250539,41.3216722],[-72.9250607,41.3215547],[-72.9253259,41.3215634]]]}},{"type":"Feature","id":292025377,"properties":{"osmId":292025377,"category":"other","building":"greenhouse","name":"Display Greenhouse","operator":"Yale University","_wikiTried":true},"geometry":{"type":"Polygon","coordinates":[[[-72.9252795,41.3218292],[-72.9252743,41.3219221],[-72.9251535,41.3219183],[-72.925153,41.3219262],[-72.9251158,41.3219251],[-72.9251164,41.3219145],[-72.9249978,41.3219107],[-72.9250029,41.3218204],[-72.9252795,41.3218292]]]}},{"type":"Feature","id":292025378,"properties":{"osmId":292025378,"category":"other","building":"greenhouse","operator":"Yale University"},"geometry":{"type":"Polygon","coordinates":[[[-72.9253469,41.3217546],[-72.9253424,41.3218446],[-72.9253569,41.321845],[-72.9253535,41.3219124],[-72.9253368,41.321912],[-72.9253362,41.3219236],[-72.9252882,41.3219222],[-72.9252928,41.3217528],[-72.9253469,41.3217546]]]}},{"type":"Feature","id":292388134,"properties":{"osmId":292388134,"category":"academic","addr:city":"New Haven","addr:housenumber":"120","addr:postcode":"06511","addr:state":"CT","addr:street":"Tower Parkway","building":"university","name":"Central Power Plant","operator":"Yale University","_wikiTried":true},"geometry":{"type":"Polygon","coordinates":[[[-72.9286368,41.3134349],[-72.9285657,41.3131896],[-72.928502,41.3132007],[-72.9284739,41.3130612],[-72.9285986,41.3128763],[-72.9286207,41.3128864],[-72.9286851,41.3127968],[-72.9287287,41.3127877],[-72.9288385,41.3128339],[-72.929074,41.3129499],[-72.9291522,41.3129944],[-72.9292287,41.3130831],[-72.9292062,41.3130974],[-72.9293101,41.3132027],[-72.9291699,41.3133805],[-72.9291344,41.3133679],[-72.9291089,41.3134052],[-72.929015,41.3133659],[-72.9287575,41.3132506],[-72.9287897,41.3134173],[-72.9286368,41.3134349]]]}},{"type":"Feature","id":292667853,"properties":{"osmId":292667853,"category":"other","addr:city":"New Haven","addr:housenumber":"68","addr:postcode":"06511","addr:state":"CT","addr:street":"Mansfield Street","building":"yes","operator":"Yale University"},"geometry":{"type":"Polygon","coordinates":[[[-72.9260083,41.3169833],[-72.9259892,41.3168076],[-72.9261027,41.3168011],[-72.9261053,41.3168408],[-72.9261122,41.3168519],[-72.9261183,41.3169768],[-72.9260083,41.3169833]]]}},{"type":"Feature","id":293259065,"properties":{"osmId":293259065,"category":"religious","addr:city":"New Haven","addr:housenumber":"95","addr:postcode":"06511","addr:state":"CT","addr:street":"Hamilton Street","amenity":"place_of_worship","building":"yes","name":"Church on the Rock","religion":"christian","website":"https://www.rocknewhaven.org/","_wikiTried":true},"geometry":{"type":"Polygon","coordinates":[[[-72.912529,41.3053998],[-72.9118349,41.3053573],[-72.9118325,41.3053883],[-72.9118255,41.305398],[-72.9118131,41.305406],[-72.9117937,41.3054093],[-72.911777,41.3054032],[-72.911763,41.3053923],[-72.9117587,41.3053798],[-72.9117617,41.3053529],[-72.911657,41.3053464],[-72.9117057,41.3048975],[-72.9118744,41.3049078],[-72.9118618,41.3050243],[-72.9123647,41.3050551],[-72.9123878,41.3050565],[-72.9123883,41.3050204],[-72.9123947,41.3050091],[-72.9124082,41.3050006],[-72.912427,41.3049965],[-72.9124454,41.3050022],[-72.9124583,41.3050143],[-72.9124615,41.3050257],[-72.9124589,41.3050608],[-72.9124846,41.3050624],[-72.9125694,41.3050676],[-72.9125585,41.3051683],[-72.912655,41.3051742],[-72.9126479,41.3052393],[-72.9125471,41.3052332],[-72.912529,41.3053998]]]}},{"type":"Feature","id":294684452,"properties":{"osmId":294684452,"category":"academic","addr:city":"New Haven","addr:housenumber":"279","addr:postcode":"06511","addr:state":"CT","addr:street":"Mansfield Street","building":"university","operator":"Yale University"},"geometry":{"type":"Polygon","coordinates":[[[-72.9256213,41.3224834],[-72.9255679,41.3226224],[-72.9255604,41.3226208],[-72.9255447,41.3226616],[-72.9254209,41.3226348],[-72.9254402,41.3225846],[-72.9254527,41.3225873],[-72.9255025,41.3224577],[-72.9256213,41.3224834]]]}},{"type":"Feature","id":296911691,"properties":{"osmId":296911691,"category":"academic","addr:city":"New Haven","addr:housenumber":"406","addr:postcode":"06511","addr:state":"CT","addr:street":"Prospect Street","building":"university","operator":"Yale University"},"geometry":{"type":"Polygon","coordinates":[[[-72.9236621,41.3232251],[-72.9237482,41.323233],[-72.9237464,41.3232442],[-72.9238161,41.3232506],[-72.9238228,41.3232097],[-72.9238694,41.323214],[-72.9238925,41.3231983],[-72.9238996,41.3231546],[-72.9238825,41.3231344],[-72.9238359,41.3231301],[-72.9238484,41.3230534],[-72.9237671,41.3230459],[-72.9237631,41.3230701],[-72.9236886,41.3230632],[-72.9236621,41.3232251]]]}},{"type":"Feature","id":296983231,"properties":{"osmId":296983231,"category":"academic","addr:city":"New Haven","addr:housenumber":"354","addr:postcode":"06511","addr:state":"CT","addr:street":"Canner Street","alt_name":"Bellamy Building","building":"university","ele":"46","gnis:feature_id":"1933302","name":"Bellamy Hall","operator":"Yale University","source":"USGS Geonames","_wikiTried":true},"geometry":{"type":"Polygon","coordinates":[[[-72.9206799,41.3243398],[-72.9205896,41.3243304],[-72.9205637,41.3243278],[-72.920449,41.3243158],[-72.9204343,41.3243957],[-72.9204723,41.3243997],[-72.9204294,41.3246318],[-72.9203993,41.3247945],[-72.9203555,41.3247899],[-72.9203398,41.3248746],[-72.9204618,41.3248873],[-72.9205773,41.3248994],[-72.9205924,41.3248174],[-72.9205603,41.324814],[-72.9205909,41.3246483],[-72.9206338,41.3244163],[-72.9206651,41.3244195],[-72.9206799,41.3243398]]]}},{"type":"Feature","id":296983232,"properties":{"osmId":296983232,"category":"academic","addr:city":"New Haven","addr:housenumber":"350","addr:postcode":"06511","addr:state":"CT","addr:street":"Canner Street","alt_name":"Curtis Building","building":"university","ele":"40","gnis:feature_id":"1933591","name":"Curtis Hall","operator":"Yale University","source":"USGS Geonames","_wikiTried":true},"geometry":{"type":"Polygon","coordinates":[[[-72.9201406,41.3242813],[-72.9200379,41.3242706],[-72.9200229,41.324269],[-72.9199098,41.3242572],[-72.919895,41.3243371],[-72.919933,41.3243411],[-72.9198892,41.3245779],[-72.91986,41.3247359],[-72.9198162,41.3247313],[-72.9198006,41.324816],[-72.9199187,41.3248283],[-72.920038,41.3248408],[-72.9200531,41.3247588],[-72.920021,41.3247555],[-72.9200517,41.3245894],[-72.9200945,41.3243577],[-72.9201259,41.324361],[-72.9201406,41.3242813]]]}},{"type":"Feature","id":296983233,"properties":{"osmId":296983233,"category":"academic","addr:city":"New Haven","addr:housenumber":"352","addr:postcode":"06511","addr:state":"CT","addr:street":"Canner Street","alt_name":"Fisher Building","building":"university","ele":"40","gnis:feature_id":"1933765","name":"Fisher Hall","operator":"Yale University","source":"USGS Geonames","_wikiTried":true},"geometry":{"type":"Polygon","coordinates":[[[-72.9205284,41.3250596],[-72.920519,41.3251123],[-72.920512,41.3251515],[-72.9205002,41.3252181],[-72.9203961,41.3252077],[-72.9204025,41.3251716],[-72.9203625,41.3251676],[-72.9203571,41.3251976],[-72.920166,41.3251784],[-72.920168,41.3251672],[-72.9201177,41.3251621],[-72.9201159,41.3251721],[-72.9199272,41.3251532],[-72.9199323,41.3251244],[-72.9198925,41.3251204],[-72.9198869,41.3251523],[-72.919773,41.3251408],[-72.9197848,41.3250743],[-72.9198002,41.3249882],[-72.9199138,41.3249996],[-72.9199053,41.325047],[-72.9199452,41.325051],[-72.9199507,41.3250202],[-72.9201407,41.3250393],[-72.9201374,41.3250578],[-72.9201578,41.3250599],[-72.9201936,41.3250635],[-72.9201974,41.3250421],[-72.920373,41.3250597],[-72.920367,41.3250933],[-72.9204165,41.3250983],[-72.9204252,41.3250492],[-72.9205284,41.3250596]]]}},{"type":"Feature","id":297307569,"properties":{"osmId":297307569,"category":"academic","addr:city":"New Haven","addr:housenumber":"459","addr:postcode":"06511","addr:state":"CT","addr:street":"Prospect Street","building":"university","operator":"Yale University"},"geometry":{"type":"Polygon","coordinates":[[[-72.922946,41.324218],[-72.9229358,41.3242984],[-72.9229349,41.3243053],[-72.9229206,41.3243043],[-72.9229155,41.3243438],[-72.9228397,41.3243384],[-72.9228387,41.324346],[-72.9227481,41.3243395],[-72.9227591,41.3242525],[-72.9227913,41.3242548],[-72.9227973,41.3242073],[-72.922946,41.324218]]]}},{"type":"Feature","id":297308659,"properties":{"osmId":297308659,"category":"academic","building":"university","name":"Whitehall Apartments","operator":"Yale University","_wikiTried":true},"geometry":{"type":"Polygon","coordinates":[[[-72.9216078,41.3256157],[-72.9217283,41.3256386],[-72.9216904,41.3257509],[-72.9216738,41.3258],[-72.9217072,41.3258064],[-72.9216493,41.3259781],[-72.9216158,41.3259717],[-72.9215616,41.3261323],[-72.9214483,41.3261107],[-72.9214279,41.326171],[-72.9212038,41.3261283],[-72.9212242,41.326068],[-72.9211108,41.3260464],[-72.921131,41.3259866],[-72.9211657,41.3258837],[-72.9211302,41.3258769],[-72.9211594,41.3257905],[-72.9211884,41.3257047],[-72.9213162,41.325729],[-72.921286,41.3258185],[-72.9212598,41.325896],[-72.9212915,41.325902],[-72.9212627,41.3259875],[-72.9212452,41.3260394],[-72.9213216,41.326054],[-72.9213267,41.3260388],[-72.9213474,41.3260427],[-72.9213781,41.3260486],[-72.921373,41.3260638],[-72.9214498,41.3260784],[-72.9214622,41.3260417],[-72.9214441,41.3260382],[-72.921449,41.3260235],[-72.9214541,41.3260086],[-72.9214722,41.326012],[-72.9214963,41.3259406],[-72.9215326,41.3259475],[-72.9215532,41.3258866],[-72.921535,41.3258832],[-72.9215405,41.3258668],[-72.9215452,41.3258529],[-72.9215634,41.3258564],[-72.9215854,41.3257912],[-72.9215508,41.3257846],[-72.9215741,41.3257156],[-72.9215576,41.3257125],[-72.9215625,41.3256979],[-72.9215677,41.3256823],[-72.9215843,41.3256854],[-72.9216078,41.3256157]]]}},{"type":"Feature","id":297308660,"properties":{"osmId":297308660,"category":"academic","building":"university","name":"Whitehall Apartments","operator":"Yale University","_wikiTried":true},"geometry":{"type":"Polygon","coordinates":[[[-72.9215885,41.3263655],[-72.9215499,41.3264554],[-72.9214345,41.3264274],[-72.9213856,41.3264155],[-72.921353,41.3264911],[-72.9213257,41.3265546],[-72.9213985,41.3265723],[-72.9214027,41.3265625],[-72.9214222,41.3265673],[-72.9214499,41.326574],[-72.9214457,41.3265837],[-72.921526,41.3266032],[-72.9215362,41.3265794],[-72.9216198,41.3265997],[-72.9216255,41.3265863],[-72.9216461,41.3265913],[-72.9216815,41.3265999],[-72.9216758,41.3266133],[-72.9218312,41.326651],[-72.921837,41.3266374],[-72.9218525,41.3266412],[-72.921889,41.3266501],[-72.9218832,41.3266636],[-72.9219661,41.3266837],[-72.9219434,41.3267366],[-72.9220529,41.3267632],[-72.9220183,41.3268434],[-72.9219814,41.3269292],[-72.9218649,41.3269009],[-72.9218915,41.326839],[-72.9219215,41.3267693],[-72.9215671,41.3266833],[-72.9215091,41.3266692],[-72.9214973,41.3266967],[-72.9214082,41.3266751],[-72.9212766,41.3266432],[-72.9213089,41.3265681],[-72.9211972,41.3265409],[-72.9212317,41.3264609],[-72.9212671,41.3263786],[-72.9213346,41.326395],[-72.9213701,41.3263124],[-72.9214369,41.3263286],[-72.9215885,41.3263655]]]}},{"type":"Feature","id":297308661,"properties":{"osmId":297308661,"category":"academic","building":"university","name":"Whitehall Apartments","operator":"Yale University","_wikiTried":true},"geometry":{"type":"Polygon","coordinates":[[[-72.9223677,41.3257463],[-72.9223776,41.3256835],[-72.9222758,41.3256745],[-72.9222772,41.3256656],[-72.9222535,41.3256635],[-72.9222356,41.3256619],[-72.9222342,41.3256708],[-72.9220562,41.325655],[-72.9220576,41.3256466],[-72.9220338,41.3256445],[-72.9220161,41.3256429],[-72.9220148,41.3256514],[-72.9219227,41.3256432],[-72.9219078,41.3257378],[-72.9219837,41.3257447],[-72.9222016,41.3257646],[-72.922349,41.3257781],[-72.9223178,41.3258468],[-72.9222919,41.3259038],[-72.9222548,41.3258951],[-72.9222113,41.3259993],[-72.9221621,41.326117],[-72.9221195,41.3262189],[-72.9221745,41.3262318],[-72.9221692,41.3262447],[-72.9221459,41.3262395],[-72.9221279,41.326285],[-72.9220911,41.3263776],[-72.9219942,41.3263559],[-72.9219271,41.3263409],[-72.9219376,41.3263144],[-72.9218499,41.3262948],[-72.9217158,41.3262648],[-72.9216809,41.3263528],[-72.9217755,41.3263739],[-72.9218837,41.3263981],[-72.9218715,41.3264288],[-72.9220984,41.3264796],[-72.9221308,41.3263979],[-72.9222086,41.3264153],[-72.9222402,41.3263356],[-72.9222736,41.3262515],[-72.9222427,41.3262446],[-72.9222674,41.3261855],[-72.9222853,41.3261898],[-72.9222938,41.3261696],[-72.9223023,41.3261492],[-72.9222844,41.3261449],[-72.9223351,41.3260241],[-72.9223531,41.3260283],[-72.922359,41.3260142],[-72.9223688,41.3259908],[-72.9223508,41.3259866],[-72.9223737,41.3259318],[-72.9224111,41.3259402],[-72.9224468,41.3258601],[-72.9224849,41.3257745],[-72.9223677,41.3257463]]]}},{"type":"Feature","id":297308662,"properties":{"osmId":297308662,"category":"academic","addr:city":"New Haven","addr:housenumber":"150","addr:postcode":"06511","addr:state":"CT","addr:street":"Highland Street","building":"kindergarten","operator":"Yale University"},"geometry":{"type":"Polygon","coordinates":[[[-72.9209804,41.3281104],[-72.9208431,41.3281038],[-72.9208408,41.3281319],[-72.9207902,41.3281295],[-72.9207801,41.3282481],[-72.9208307,41.3282506],[-72.9208273,41.3282894],[-72.9209645,41.328296],[-72.9209804,41.3281104]]]}},{"type":"Feature","id":297477594,"properties":{"osmId":297477594,"category":"academic","building":"school"},"geometry":{"type":"Polygon","coordinates":[[[-72.9200066,41.3272902],[-72.9198807,41.3272925],[-72.9197769,41.3272403],[-72.9199325,41.3267794],[-72.9199832,41.3267799],[-72.9199863,41.3267723],[-72.9200547,41.3267732],[-72.92013,41.3267989],[-72.9201268,41.3268093],[-72.9201673,41.3268269],[-72.9200616,41.3271348],[-72.9200806,41.3271386],[-72.9200654,41.3271771],[-72.9200964,41.3271837],[-72.9201021,41.3271628],[-72.9201648,41.3271595],[-72.9201761,41.3271262],[-72.9202527,41.3271448],[-72.9202603,41.3271571],[-72.9202723,41.32716],[-72.9202578,41.327255],[-72.9202034,41.327246],[-72.9202021,41.3272612],[-72.9202135,41.3272636],[-72.9202217,41.3273063],[-72.9201578,41.3273752],[-72.9200774,41.3273386],[-72.9200768,41.3273163],[-72.9200566,41.3273035],[-72.9200705,41.3272788],[-72.9200395,41.3272721],[-72.9200471,41.3272412],[-72.9200249,41.3272384],[-72.9200066,41.3272902]]]}},{"type":"Feature","id":297477596,"properties":{"osmId":297477596,"category":"academic","addr:state":"CT","building":"school","ele":"40","gnis:feature_id":"1932496","name":"North Building","source":"USGS Geonames","_wikiTried":true},"geometry":{"type":"Polygon","coordinates":[[[-72.9199679,41.327943],[-72.919685,41.3278883],[-72.9196192,41.3280802],[-72.9199021,41.3281349],[-72.9199679,41.327943]]]}},{"type":"Feature","id":297477601,"properties":{"osmId":297477601,"category":"academic","building":"school"},"geometry":{"type":"Polygon","coordinates":[[[-72.9197152,41.3274197],[-72.9196167,41.3277126],[-72.9197134,41.3277556],[-72.9198512,41.3277543],[-72.9199514,41.3274586],[-72.9198387,41.327421],[-72.9197152,41.3274197]]]}},{"type":"Feature","id":297477603,"properties":{"osmId":297477603,"category":"academic","building":"school"},"geometry":{"type":"Polygon","coordinates":[[[-72.9206487,41.32744],[-72.9204974,41.3274353],[-72.9203627,41.3274125],[-72.9204101,41.3272557],[-72.9203722,41.327249],[-72.9203709,41.3271502],[-72.9203764,41.3270721],[-72.9203435,41.3270778],[-72.9203409,41.3269961],[-72.9203789,41.326844],[-72.9205284,41.3268871],[-72.9205307,41.3268814],[-72.9205083,41.3268734],[-72.9205293,41.3268404],[-72.9204868,41.326825],[-72.9205007,41.3268031],[-72.9204649,41.326788],[-72.9205427,41.326662],[-72.9205928,41.3266775],[-72.9205973,41.3266701],[-72.9206877,41.3267057],[-72.9207128,41.3266627],[-72.9206206,41.3266291],[-72.9206501,41.32657],[-72.9205812,41.3265296],[-72.9206421,41.3264584],[-72.920532,41.3263993],[-72.9205535,41.3263664],[-72.9204694,41.3263281],[-72.9204005,41.3264074],[-72.9201982,41.3262911],[-72.9202671,41.3262152],[-72.9202278,41.326189],[-72.9202564,41.3261614],[-72.9203826,41.3262333],[-72.9203629,41.3261607],[-72.9204873,41.3261486],[-72.9205069,41.3262447],[-72.9204219,41.3262501],[-72.9206143,41.326357],[-72.920592,41.3263832],[-72.9206752,41.3264289],[-72.9207503,41.3263509],[-72.9209347,41.3264584],[-72.9208613,41.3265314],[-72.9208727,41.3265381],[-72.9208458,41.3265654],[-72.9209382,41.3266015],[-72.9208429,41.3267571],[-72.9207328,41.3267177],[-72.9206544,41.3268455],[-72.9207626,41.326884],[-72.9207101,41.3269643],[-72.9206057,41.3269253],[-72.9205968,41.326941],[-72.9207132,41.32698],[-72.9206867,41.3270574],[-72.9207822,41.3270902],[-72.9207484,41.3271848],[-72.9207493,41.3272204],[-72.9206759,41.3273125],[-72.9206487,41.32744]]]}},{"type":"Feature","id":297682493,"properties":{"osmId":297682493,"category":"academic","addr:city":"New Haven","addr:housenumber":"160","addr:postcode":"06511","addr:state":"CT","addr:street":"Saint Ronan Street","building":"university","name":"160 Saint Ronan","_wikiTried":true},"geometry":{"type":"Polygon","coordinates":[[[-72.9205937,41.3199975],[-72.9207989,41.3200363],[-72.9208018,41.3200277],[-72.9208912,41.3200446],[-72.9208297,41.3202282],[-72.9207339,41.3202101],[-72.9207614,41.3201279],[-72.9206636,41.3201094],[-72.920636,41.3201916],[-72.9205351,41.3201726],[-72.9205937,41.3199975]]]}},{"type":"Feature","id":297837307,"properties":{"osmId":297837307,"category":"academic","addr:city":"New Haven","addr:housenumber":"309","addr:postcode":"06511","addr:state":"CT","addr:street":"Edwards Street","building":"university","operator":"Yale University"},"geometry":{"type":"Polygon","coordinates":[[[-72.9199654,41.3199213],[-72.9201359,41.319944],[-72.9201137,41.3200383],[-72.9201307,41.3200406],[-72.9201124,41.3201177],[-72.9200954,41.3201155],[-72.9200679,41.3202321],[-72.9200478,41.3202294],[-72.9199746,41.3202197],[-72.9199956,41.3201309],[-72.9199183,41.3201206],[-72.9199326,41.3200603],[-72.9199066,41.3200568],[-72.9199217,41.3199926],[-72.9199477,41.3199961],[-72.9199654,41.3199213]]]}},{"type":"Feature","id":297837323,"properties":{"osmId":297837323,"category":"academic","addr:city":"New Haven","addr:housenumber":"175","addr:postcode":"06511","addr:state":"CT","addr:street":"Saint Ronan Street","building":"university","operator":"Yale University"},"geometry":{"type":"Polygon","coordinates":[[[-72.9196629,41.3201644],[-72.919679,41.320132],[-72.9196321,41.3201188],[-72.9196393,41.3201044],[-72.9196052,41.3200948],[-72.9195819,41.3201417],[-72.9196629,41.3201644]]]}},{"type":"Feature","id":297837331,"properties":{"osmId":297837331,"category":"religious","amenity":"place_of_worship","building":"church","denomination":"lutheran","gnis:feature_id":"1933315","name":"Bethesda Lutheran Church","note":"gnis says \"bethany lutheran\" but during survey I found \"bethesda lutheran\" on the ground, so renamed.","religion":"christian","_wikiTried":true},"geometry":{"type":"Polygon","coordinates":[[[-72.9182185,41.3233033],[-72.9182734,41.3233135],[-72.9182542,41.3233719],[-72.9183475,41.3233893],[-72.9183668,41.3233308],[-72.9184187,41.3233405],[-72.9184822,41.3231477],[-72.9184898,41.3231245],[-72.9182896,41.3230873],[-72.9182185,41.3233033]]]}},{"type":"Feature","id":298038186,"properties":{"osmId":298038186,"category":"religious","amenity":"place_of_worship","building":"chapel","denomination":"lutheran","name":"Bethesda Nursery School Chapel","religion":"christian","_wikiTried":true},"geometry":{"type":"Polygon","coordinates":[[[-72.9186541,41.323604],[-72.9186752,41.3235428],[-72.9185596,41.3235203],[-72.9185385,41.3235815],[-72.9186541,41.323604]]]}},{"type":"Feature","id":298357372,"properties":{"osmId":298357372,"category":"academic","addr:city":"New Haven","addr:housenumber":"87","addr:postcode":"06511","addr:state":"CT","addr:street":"Goffe Street","building":"university","operator":"Yale University"},"geometry":{"type":"Polygon","coordinates":[[[-72.9340668,41.3149114],[-72.9341417,41.3149865],[-72.9340147,41.3150579],[-72.9339264,41.3151076],[-72.9338801,41.3151321],[-72.9338549,41.315106],[-72.9339491,41.3150545],[-72.9339298,41.3150344],[-72.9339641,41.3150167],[-72.9339298,41.3149781],[-72.9340668,41.3149114]]]}},{"type":"Feature","id":298357374,"properties":{"osmId":298357374,"category":"religious","amenity":"place_of_worship","building":"church","denomination":"catholic","gnis:feature_id":"1932768","name":"St Martin De Porres","religion":"christian","_wikiTried":true},"geometry":{"type":"Polygon","coordinates":[[[-72.9337274,41.3164036],[-72.9337862,41.316474],[-72.9337695,41.3164819],[-72.9337909,41.3165075],[-72.933531,41.31663],[-72.9335292,41.316624],[-72.9334156,41.3166399],[-72.9333917,41.3165408],[-72.9334989,41.3165245],[-72.9334984,41.3165115],[-72.9337274,41.3164036]]]}},{"type":"Feature","id":298357375,"properties":{"osmId":298357375,"category":"academic","addr:city":"New Haven","addr:housenumber":"69","addr:postcode":"06511","addr:state":"CT","addr:street":"Goffe Street","building":"university","operator":"Yale University"},"geometry":{"type":"Polygon","coordinates":[[[-72.9335781,41.3145923],[-72.9334921,41.3146372],[-72.9334742,41.3146179],[-72.933396,41.3146588],[-72.9334156,41.31468],[-72.933423,41.3146762],[-72.933585,41.3148511],[-72.9337419,41.3147692],[-72.9337002,41.3147242],[-72.9337171,41.3147154],[-72.9336688,41.3146632],[-72.9336519,41.314672],[-72.9335781,41.3145923]]]}},{"type":"Feature","id":298357381,"properties":{"osmId":298357381,"category":"religious","amenity":"place_of_worship","building":"church","gnis:feature_id":"1933024","name":"United House of Prayer for all People","religion":"christian","_wikiTried":true},"geometry":{"type":"Polygon","coordinates":[[[-72.9334308,41.3152667],[-72.9331751,41.3153031],[-72.9331773,41.315312],[-72.9330998,41.3153232],[-72.9331132,41.315396],[-72.9330801,41.3154013],[-72.9331,41.315474],[-72.9331379,41.3154693],[-72.9331571,41.315534],[-72.9332307,41.3155235],[-72.9332329,41.3155322],[-72.9334886,41.3154959],[-72.9334867,41.3154882],[-72.933531,41.3154819],[-72.9335151,41.3154189],[-72.9335374,41.3154157],[-72.9335041,41.3152837],[-72.9334818,41.3152869],[-72.9334762,41.3152647],[-72.9334319,41.315271],[-72.9334308,41.3152667]]]}},{"type":"Feature","id":298357385,"properties":{"osmId":298357385,"category":"academic","addr:city":"New Haven","addr:housenumber":"63-65","addr:postcode":"06511","addr:state":"CT","addr:street":"Goffe Street","building":"university","operator":"Yale University"},"geometry":{"type":"Polygon","coordinates":[[[-72.9336515,41.3145015],[-72.9335605,41.3144054],[-72.9333646,41.3145099],[-72.9334556,41.3146061],[-72.9336515,41.3145015]]]}},{"type":"Feature","id":298357386,"properties":{"osmId":298357386,"category":"religious","amenity":"place_of_worship","building":"church","ele":"15","gnis:feature_id":"1934073","name":"Rock Tabernacle Ministries","note":"gnis feature has name \"Little Rock Church of Christ\", but on the ground the name is \"Rock Tabernacle Ministries\", so I kept that.","religion":"christian","_wikiTried":true},"geometry":{"type":"Polygon","coordinates":[[[-72.9338069,41.3162768],[-72.9337145,41.3163205],[-72.9338199,41.3164463],[-72.9339123,41.3164026],[-72.9338069,41.3162768]]]}},{"type":"Feature","id":298357395,"properties":{"osmId":298357395,"category":"academic","addr:city":"New Haven","addr:housenumber":"85","addr:postcode":"06511","addr:state":"CT","addr:street":"Goffe Street","building":"university","operator":"Yale University"},"geometry":{"type":"Polygon","coordinates":[[[-72.933567,41.3151389],[-72.9336674,41.3150976],[-72.933774,41.3152437],[-72.9338301,41.3152206],[-72.9339376,41.3153679],[-72.933781,41.3154324],[-72.933567,41.3151389]]]}},{"type":"Feature","id":298357400,"properties":{"osmId":298357400,"category":"religious","amenity":"place_of_worship","building":"church","denomination":"baptist","ele":"16","gnis:feature_id":"1933323","name":"Mt. Bethel Missionary Baptist Church","note":"gnis has \"Bethany Missionary Baptist Church\" but the ground says \"Mt. Bethel Missionary Baptist Church\" so I kept that.","religion":"christian","_wikiTried":true},"geometry":{"type":"Polygon","coordinates":[[[-72.9343277,41.3160853],[-72.9344023,41.3160519],[-72.9344318,41.3160891],[-72.9344393,41.3160858],[-72.9344756,41.3161316],[-72.9344681,41.316135],[-72.9344924,41.3161656],[-72.9344177,41.316199],[-72.9343277,41.3160853]]]}},{"type":"Feature","id":299618366,"properties":{"osmId":299618366,"category":"religious","addr:city":"New Haven","addr:housenumber":"704","addr:postcode":"06511","addr:state":"CT","addr:street":"Whitney Avenue","amenity":"place_of_worship","building":"church","denomination":"presbyterian","ele":"15","gnis:feature_id":"1933758","name":"First Presbyterian Church","religion":"christian","website":"https://fpcnh.org/","_wikiTried":true},"geometry":{"type":"Polygon","coordinates":[[[-72.9145986,41.3296597],[-72.914491,41.3298657],[-72.9147459,41.3299408],[-72.9147202,41.3299898],[-72.9145939,41.3299526],[-72.9145063,41.3301203],[-72.9148083,41.3302092],[-72.9148941,41.3300448],[-72.9147811,41.3300116],[-72.9148085,41.3299592],[-72.9148352,41.3299671],[-72.9149428,41.329761],[-72.9145986,41.3296597]]]}},{"type":"Feature","id":299784859,"properties":{"osmId":299784859,"category":"academic","addr:city":"New Haven","addr:housenumber":"363","addr:postcode":"06511","addr:state":"CT","addr:street":"Saint Ronan Street","building":"university"},"geometry":{"type":"Polygon","coordinates":[[[-72.9182297,41.3254024],[-72.9180666,41.3253695],[-72.9180411,41.3254408],[-72.9180502,41.3254426],[-72.9179898,41.3256115],[-72.9181085,41.3256354],[-72.9180831,41.3257063],[-72.9181658,41.325723],[-72.9181912,41.3256521],[-72.9181982,41.3256535],[-72.9182233,41.3255831],[-72.918169,41.3255721],[-72.9182039,41.3254746],[-72.918216,41.325477],[-72.9182376,41.3254168],[-72.9182254,41.3254144],[-72.9182297,41.3254024]]]}},{"type":"Feature","id":299912606,"properties":{"osmId":299912606,"category":"religious","addr:city":"New Haven","addr:housenumber":"608","addr:postcode":"06511","addr:state":"CT","addr:street":"Whitney Avenue","amenity":"place_of_worship","building":"church","gnis:feature_id":"1933759","name":"First Unitarian Universalist Church","phone":"+1 203 562 4410","religion":"unitarian_universalist","website":"http://www.uunewhaven.org/","_wikiTried":true},"geometry":{"type":"Polygon","coordinates":[[[-72.915662,41.3271874],[-72.9156158,41.3272857],[-72.9157591,41.3273236],[-72.9157674,41.3273059],[-72.9158154,41.3273187],[-72.9158533,41.3272381],[-72.915791,41.3272215],[-72.915787,41.3272068],[-72.9157488,41.327196],[-72.9157243,41.3272044],[-72.915662,41.3271874]]]}},{"type":"Feature","id":300588562,"properties":{"osmId":300588562,"category":"academic","addr:city":"New Haven","addr:housenumber":"393","addr:postcode":"06511","addr:state":"CT","addr:street":"Prospect Street","building":"university","ele":"48","gnis:feature_id":"1933604","name":"Betts House","operator":"Yale University","source":"USGS Geonames","wikidata":"Q16864780","_wikiTried":true},"geometry":{"type":"Polygon","coordinates":[[[-72.9221125,41.3226782],[-72.9221128,41.3226695],[-72.9221156,41.3225757],[-72.922168,41.3225766],[-72.9221677,41.3225861],[-72.9222247,41.322587],[-72.9222269,41.3225148],[-72.9222462,41.3225151],[-72.9222485,41.322442],[-72.9222611,41.3224423],[-72.9222616,41.322425],[-72.9221792,41.3224236],[-72.9221796,41.3224089],[-72.9221506,41.3224086],[-72.922151,41.3223863],[-72.9221189,41.3223708],[-72.9220897,41.3223705],[-72.9220631,41.3223889],[-72.9220628,41.3224074],[-72.92201,41.3224067],[-72.9220101,41.3224753],[-72.9220101,41.3224975],[-72.921986,41.3225126],[-72.9219856,41.3225432],[-72.9220095,41.3225637],[-72.9220073,41.3226351],[-72.9220061,41.3226764],[-72.9221125,41.3226782]]]}},{"type":"Feature","id":300588564,"properties":{"osmId":300588564,"category":"academic","addr:city":"New Haven","addr:housenumber":"391","addr:postcode":"06511","addr:state":"CT","addr:street":"Prospect Street","building":"university","name":"Greenberg Conference Center","operator":"Yale University","_wikiTried":true},"geometry":{"type":"Polygon","coordinates":[[[-72.9218221,41.3223513],[-72.9219207,41.3223125],[-72.9219388,41.3223385],[-72.921948,41.322353],[-72.9219547,41.3223727],[-72.921957,41.3224967],[-72.9220101,41.3224975],[-72.9220101,41.3224753],[-72.9219838,41.3224761],[-72.9219782,41.3223584],[-72.921967,41.3223274],[-72.9219594,41.3223164],[-72.9220312,41.3222883],[-72.9220071,41.3222537],[-72.9220798,41.3222251],[-72.9220109,41.3221262],[-72.922023,41.3221215],[-72.921966,41.3220396],[-72.9219088,41.3220621],[-72.9218912,41.3220369],[-72.9217644,41.3220867],[-72.9217819,41.3221119],[-72.9217664,41.322118],[-72.9218052,41.3221738],[-72.9217214,41.3222067],[-72.9218221,41.3223513]]]}},{"type":"Feature","id":300960940,"properties":{"osmId":300960940,"category":"religious","amenity":"place_of_worship","building":"church","denomination":"baptist","ele":"16","gnis:feature_id":"1933732","name":"First Baptist Church","religion":"christian","_wikiTried":true},"geometry":{"type":"Polygon","coordinates":[[[-72.9164823,41.318941],[-72.9162904,41.3188778],[-72.9161905,41.3190487],[-72.9161584,41.3190382],[-72.9160899,41.3191555],[-72.9163349,41.3192362],[-72.9163976,41.3191287],[-72.9163768,41.3191218],[-72.9164823,41.318941]]]}},{"type":"Feature","id":302854950,"properties":{"osmId":302854950,"category":"academic","building":"school","start_date":"1900"},"geometry":{"type":"Polygon","coordinates":[[[-72.9143751,41.3237097],[-72.9143007,41.3236899],[-72.9143075,41.3236755],[-72.9143139,41.3236619],[-72.9141894,41.3236288],[-72.9141816,41.3236455],[-72.9141737,41.3236622],[-72.9141303,41.3236507],[-72.9140876,41.3236393],[-72.9140612,41.3236953],[-72.9139905,41.3238454],[-72.9140658,41.3238654],[-72.9140564,41.3238854],[-72.9140503,41.3238983],[-72.9141175,41.3239162],[-72.9141862,41.3239345],[-72.9142021,41.3239007],[-72.9142759,41.3239203],[-72.9143751,41.3237097]]]}},{"type":"Feature","id":336118280,"properties":{"osmId":336118280,"category":"religious","addr:city":"New Haven","addr:housenumber":"285","addr:postcode":"06511","addr:state":"CT","addr:street":"Dixwell Avenue","amenity":"place_of_worship","building":"church","denomination":"church_of_god_in_christ","gnis:feature_id":"1932994","name":"Trinity Temple Church of God in Christ","religion":"christian","website":"http://www.trinitytemplect.org/","_wikiTried":true},"geometry":{"type":"Polygon","coordinates":[[[-72.9340851,41.3207375],[-72.9340482,41.3207431],[-72.9340458,41.3207343],[-72.9338084,41.32077],[-72.933813,41.3207872],[-72.9337413,41.320798],[-72.933732,41.3207632],[-72.9337258,41.3207641],[-72.9336662,41.3207609],[-72.9336355,41.3206311],[-72.9336915,41.3206217],[-72.9336829,41.3205851],[-72.9337507,41.3205761],[-72.9337549,41.3205941],[-72.933983,41.3205637],[-72.9339963,41.3205423],[-72.9340377,41.3205368],[-72.9340705,41.3205583],[-72.9340841,41.3205562],[-72.9341221,41.3206986],[-72.9341015,41.3207017],[-72.9341054,41.3207166],[-72.9340851,41.3207375]]]}},{"type":"Feature","id":336118283,"properties":{"osmId":336118283,"category":"religious","amenity":"place_of_worship","building":"church","denomination":"african_methodist_episcopal_zion","name":"Varick Memorial African Methodist Episcopal Zion Church","religion":"christian","_wikiTried":true},"geometry":{"type":"Polygon","coordinates":[[[-72.9345011,41.3194599],[-72.934525,41.319549],[-72.9344457,41.319561],[-72.9344431,41.3195512],[-72.9342381,41.3195822],[-72.934213,41.3194883],[-72.9341943,41.3194911],[-72.9341832,41.3194496],[-72.9342386,41.3194413],[-72.9342434,41.3194592],[-72.9342463,41.3194588],[-72.9344117,41.3194338],[-72.9344134,41.3194336],[-72.9344117,41.3194274],[-72.9344893,41.3194156],[-72.934491,41.3194219],[-72.9345086,41.3194192],[-72.9345188,41.3194572],[-72.9345011,41.3194599]]]}},{"type":"Feature","id":336118314,"properties":{"osmId":336118314,"category":"religious","addr:city":"New Haven","addr:housenumber":"125","addr:postcode":"06511","addr:state":"CT","addr:street":"Dixwell Avenue","amenity":"place_of_worship","building":"church","gnis:feature_id":"1932420","name":"Morning Star Deliverance Ministries Freewill Holiness Church","religion":"christian","_wikiTried":true},"geometry":{"type":"Polygon","coordinates":[[[-72.9331714,41.3167867],[-72.9330044,41.3168128],[-72.9329221,41.316515],[-72.9329009,41.3165184],[-72.9328769,41.3164314],[-72.9328981,41.3164281],[-72.9330651,41.3164021],[-72.9331714,41.3167867]]]}},{"type":"Feature","id":336118316,"properties":{"osmId":336118316,"category":"religious","amenity":"place_of_worship","building":"church","name":"New Testament Church","religion":"christian","_wikiTried":true},"geometry":{"type":"Polygon","coordinates":[[[-72.9343895,41.3189875],[-72.934403,41.3190398],[-72.9341148,41.3190817],[-72.9341013,41.3190294],[-72.9340558,41.3188529],[-72.9345563,41.3187801],[-72.9346018,41.3189566],[-72.9343895,41.3189875]]]}},{"type":"Feature","id":336118329,"properties":{"osmId":336118329,"category":"religious","addr:city":"New Haven","addr:housenumber":"217","addr:postcode":"06511","addr:state":"CT","addr:street":"Dixwell Avenue","amenity":"place_of_worship","building":"church","denomination":"united_church_of_christ","gnis:feature_id":"1933627","name":"Dixwell Avenue Congregational Church","religion":"christian","website":"https://dixwellucc.org/","wikidata":"Q107016626","_wikiTried":true},"geometry":{"type":"Polygon","coordinates":[[[-72.9335766,41.31896],[-72.9335725,41.3189193],[-72.9335909,41.3189062],[-72.9335766,41.318897],[-72.933593,41.3188836],[-72.9335832,41.3188781],[-72.9335962,41.3188684],[-72.933581,41.3188651],[-72.9336172,41.3188458],[-72.9335705,41.3188244],[-72.9335633,41.318839],[-72.9335503,41.3188382],[-72.9335488,41.3188458],[-72.933513,41.3188428],[-72.933513,41.3188349],[-72.9334993,41.3188347],[-72.9334989,41.3188113],[-72.9334385,41.3188127],[-72.9334414,41.3188415],[-72.9334281,41.3188445],[-72.9333546,41.318877],[-72.9333474,41.31887],[-72.9333369,41.3188749],[-72.9333221,41.3188575],[-72.933282,41.3188868],[-72.9332975,41.3188996],[-72.9333055,41.3188931],[-72.9333304,41.3189038],[-72.933351,41.3189126],[-72.9333467,41.31892],[-72.9333442,41.3189257],[-72.9333626,41.3189316],[-72.9333593,41.3189452],[-72.9333839,41.3189526],[-72.9333894,41.3189751],[-72.9333984,41.3189797],[-72.9333941,41.3189879],[-72.9333977,41.3189979],[-72.9333796,41.3189971],[-72.9333796,41.3190101],[-72.9333883,41.3190099],[-72.9333894,41.319049],[-72.9334111,41.3190419],[-72.9334143,41.3190465],[-72.9334302,41.3190408],[-72.9334418,41.3190617],[-72.9334447,41.3190941],[-72.9334353,41.3190935],[-72.9334303,41.3191214],[-72.9334259,41.3191454],[-72.9334613,41.3191454],[-72.933461,41.3191837],[-72.933483,41.3191813],[-72.9334838,41.3191707],[-72.9335098,41.3191677],[-72.9335116,41.3191772],[-72.9335554,41.3191709],[-72.9335554,41.3191598],[-72.9335901,41.3191544],[-72.9335937,41.3191644],[-72.9336194,41.3191552],[-72.9336544,41.3191324],[-72.9336642,41.3191397],[-72.9336837,41.3191234],[-72.9336758,41.3191182],[-72.9336921,41.3191014],[-72.9337029,41.3191055],[-72.9337138,41.3190835],[-72.9336631,41.3190672],[-72.9336696,41.3190569],[-72.9335915,41.319033],[-72.9335922,41.3190232],[-72.9336082,41.3190226],[-72.9336082,41.3190172],[-72.9336364,41.319018],[-72.9336371,41.3190115],[-72.933657,41.3190107],[-72.9336523,41.3189754],[-72.933627,41.3189528],[-72.9336125,41.3189593],[-72.9336071,41.318955],[-72.9335789,41.318971],[-72.9335724,41.318965],[-72.9335766,41.31896]]]}},{"type":"Feature","id":336154746,"properties":{"osmId":336154746,"category":"religious","building":"church"},"geometry":{"type":"Polygon","coordinates":[[[-72.9348422,41.3231013],[-72.9348652,41.3231057],[-72.9348252,41.3232232],[-72.9348023,41.3232188],[-72.9347712,41.3233101],[-72.9345839,41.3232742],[-72.9346516,41.3230753],[-72.9346455,41.3230741],[-72.9346593,41.3230335],[-72.9347079,41.3230428],[-72.9347055,41.3230499],[-72.9348503,41.3230776],[-72.9348422,41.3231013]]]}},{"type":"Feature","id":336154777,"properties":{"osmId":336154777,"category":"religious","addr:city":"New Haven","addr:housenumber":"308","addr:postcode":"06511","addr:state":"CT","addr:street":"Dixwell Avenue","amenity":"place_of_worship","building":"yes","name":"New Growth Praise Center C.O.G.I.C","religion":"christian","_wikiTried":true},"geometry":{"type":"Polygon","coordinates":[[[-72.9346891,41.3215162],[-72.9347089,41.3215941],[-72.9349999,41.3215523],[-72.9349801,41.3214744],[-72.9349525,41.3214785],[-72.9346891,41.3215162]]]}},{"type":"Feature","id":336154788,"properties":{"osmId":336154788,"category":"religious","amenity":"place_of_worship","building":"church","denomination":"pentecostal","name":"Beulah Heights First Pentecostal Church","religion":"christian","_wikiTried":true},"geometry":{"type":"Polygon","coordinates":[[[-72.9358769,41.3222193],[-72.935743,41.3225424],[-72.9355656,41.3225009],[-72.9357955,41.3219463],[-72.9359729,41.3219878],[-72.9361773,41.3220356],[-72.9360813,41.3222671],[-72.9358769,41.3222193]]]}},{"type":"Feature","id":336161514,"properties":{"osmId":336161514,"category":"academic","building":"school"},"geometry":{"type":"Polygon","coordinates":[[[-72.9355305,41.3287911],[-72.9354319,41.3287911],[-72.9354319,41.3285065],[-72.9358315,41.3285065],[-72.9358316,41.3284883],[-72.9361553,41.3284896],[-72.936173,41.328619],[-72.9362781,41.3286079],[-72.936284,41.328639],[-72.9362581,41.3286417],[-72.936284,41.3287803],[-72.9362446,41.3287845],[-72.9362505,41.3288158],[-72.9361155,41.32883],[-72.9361155,41.3289341],[-72.9359389,41.3289341],[-72.9359389,41.3289718],[-72.9359389,41.3294422],[-72.9356309,41.3294422],[-72.9356309,41.3289718],[-72.9355305,41.3289718],[-72.9355305,41.3289341],[-72.9355305,41.3287911]]]}},{"type":"Feature","id":337735495,"properties":{"osmId":337735495,"category":"religious","addr:city":"New Haven","addr:housenumber":"185","addr:postcode":"06511","addr:state":"CT","addr:street":"Cold Spring Street","amenity":"place_of_worship","building":"church","gnis:feature_id":"1933517","name":"Church of the Redeemer","phone":"+1 203 787 5711","religion":"christian","website":"https://uccredeemer.org/","_wikiTried":true},"geometry":{"type":"Polygon","coordinates":[[[-72.9153674,41.3264897],[-72.9150166,41.3263978],[-72.9150836,41.3262536],[-72.9150079,41.3262338],[-72.9150297,41.326187],[-72.9147845,41.3261227],[-72.9147915,41.3261077],[-72.9147347,41.3260928],[-72.9147746,41.3260068],[-72.9150464,41.326078],[-72.9150308,41.3261115],[-72.9151575,41.3261446],[-72.9151617,41.3261356],[-72.9152424,41.3261567],[-72.9152119,41.3262224],[-72.9152533,41.3262332],[-72.9152292,41.3262851],[-72.9154324,41.3263383],[-72.9154242,41.3263559],[-72.9154406,41.3263601],[-72.9153875,41.3264744],[-72.9153759,41.3264714],[-72.9153674,41.3264897]]]}},{"type":"Feature","id":337735514,"properties":{"osmId":337735514,"category":"academic","building":"school"},"geometry":{"type":"Polygon","coordinates":[[[-72.9138462,41.3286517],[-72.9137263,41.3289115],[-72.9137573,41.3289197],[-72.9137475,41.3289407],[-72.9137326,41.3289736],[-72.9137223,41.3289957],[-72.9136912,41.3289874],[-72.9136571,41.3290611],[-72.9136275,41.3290525],[-72.9136156,41.3290817],[-72.9134584,41.3290642],[-72.9134525,41.3290212],[-72.9135297,41.329016],[-72.9133893,41.3289397],[-72.913379,41.3289615],[-72.9132925,41.3289385],[-72.9133186,41.3288831],[-72.9133061,41.3288675],[-72.9133245,41.3288261],[-72.9133526,41.328811],[-72.9134746,41.3285527],[-72.9138462,41.3286517]]]}},{"type":"Feature","id":337735526,"properties":{"osmId":337735526,"category":"academic","building":"school"},"geometry":{"type":"Polygon","coordinates":[[[-72.9137475,41.3289407],[-72.9139982,41.329007],[-72.9140406,41.3289165],[-72.9140537,41.3289199],[-72.9140871,41.3288488],[-72.9140739,41.3288454],[-72.914121,41.3287448],[-72.9143396,41.3288025],[-72.9142946,41.3288985],[-72.9143051,41.3289012],[-72.9142681,41.3289802],[-72.9142536,41.3289764],[-72.914211,41.3290674],[-72.9142253,41.3290712],[-72.9142116,41.3291004],[-72.9141997,41.3290973],[-72.9141934,41.3291107],[-72.914206,41.329114],[-72.9141672,41.3291969],[-72.914155,41.3291937],[-72.9141376,41.3292309],[-72.9139209,41.3291737],[-72.9139409,41.3291312],[-72.9139495,41.3291335],[-72.913983,41.329062],[-72.9139734,41.3290595],[-72.9139827,41.3290397],[-72.9137326,41.3289736],[-72.9137475,41.3289407]]]}},{"type":"Feature","id":338385297,"properties":{"osmId":338385297,"category":"academic","building":"school"},"geometry":{"type":"Polygon","coordinates":[[[-72.940304,41.3058863],[-72.9402344,41.3059435],[-72.9402055,41.3059237],[-72.9402074,41.3059574],[-72.9398124,41.3059702],[-72.9397187,41.3059032],[-72.9397015,41.3056035],[-72.9397873,41.3055336],[-72.9401823,41.3055208],[-72.9402085,41.3055367],[-72.9402301,41.3055515],[-72.9403205,41.3054776],[-72.9403211,41.3054398],[-72.9403372,41.3053968],[-72.9403559,41.3053725],[-72.9403809,41.3053549],[-72.940429,41.3053878],[-72.9404587,41.3053634],[-72.940484,41.3053808],[-72.9405043,41.3053641],[-72.9405228,41.305356],[-72.9405425,41.3053503],[-72.9405589,41.3053492],[-72.9405712,41.3053488],[-72.9405894,41.3053488],[-72.9406019,41.3053504],[-72.9406148,41.3053529],[-72.9406305,41.3053589],[-72.9406557,41.3053712],[-72.940668,41.3053823],[-72.9406755,41.3053914],[-72.9406852,41.3054083],[-72.9406897,41.3054187],[-72.9406937,41.3054306],[-72.940694,41.3054423],[-72.9406933,41.3054524],[-72.9406915,41.305466],[-72.9406857,41.3054766],[-72.9406788,41.3054877],[-72.9406634,41.3055031],[-72.9406806,41.3055129],[-72.9406905,41.3055072],[-72.9407045,41.3055065],[-72.9407154,41.3055086],[-72.9407251,41.3055144],[-72.9407304,41.3055216],[-72.9407312,41.3055293],[-72.9407309,41.305537],[-72.9407251,41.3055436],[-72.9407377,41.3055548],[-72.9409524,41.3055478],[-72.9409513,41.3055299],[-72.9409505,41.3055154],[-72.9411011,41.3055105],[-72.9411019,41.305525],[-72.9412781,41.3055193],[-72.9412819,41.3055852],[-72.9415042,41.305578],[-72.9415134,41.3057384],[-72.9415213,41.3057381],[-72.9415221,41.305751],[-72.9415316,41.3057507],[-72.9415374,41.3058516],[-72.9415279,41.3058519],[-72.9415285,41.3058626],[-72.9415206,41.3058628],[-72.941522,41.3058875],[-72.9415011,41.3058882],[-72.9415018,41.3059009],[-72.9414148,41.3059034],[-72.9413504,41.3059258],[-72.9413464,41.3059259],[-72.9413472,41.3059392],[-72.9413035,41.3059544],[-72.9412935,41.3059484],[-72.9412185,41.3059781],[-72.9411504,41.3059803],[-72.941094,41.3059122],[-72.9410768,41.3059118],[-72.9410606,41.3059301],[-72.9410009,41.305932],[-72.9409756,41.3059144],[-72.9409457,41.3059495],[-72.9407104,41.3059572],[-72.9407079,41.3059139],[-72.9406701,41.3059151],[-72.9406682,41.3058816],[-72.9404308,41.3058893],[-72.9404267,41.3059031],[-72.9404195,41.3059094],[-72.9404055,41.3059133],[-72.9403926,41.3059126],[-72.9403837,41.3059094],[-72.9403769,41.3059033],[-72.9403716,41.3058938],[-72.9403668,41.3059016],[-72.940358,41.3059094],[-72.9403501,41.3059141],[-72.940339,41.3059161],[-72.9403276,41.3059155],[-72.9403173,41.3059107],[-72.9403095,41.3059032],[-72.9403046,41.305896],[-72.940304,41.3058863]]]}},{"type":"Feature","id":338409328,"properties":{"osmId":338409328,"category":"medical","bridge":"yes","building":"hospital","layer":"2","name":"Cronin's Crossing","_wikiTried":true},"geometry":{"type":"Polygon","coordinates":[[[-72.9416246,41.3104927],[-72.9416071,41.3104802],[-72.9415394,41.3104316],[-72.9414578,41.3103782],[-72.941433,41.310362],[-72.9414538,41.3103105],[-72.9414783,41.3103264],[-72.9415601,41.3103796],[-72.9416283,41.3104269],[-72.9416461,41.3104392],[-72.9416246,41.3104927]]]}},{"type":"Feature","id":338409332,"properties":{"osmId":338409332,"category":"religious","addr:city":"New Haven","addr:housenumber":"563","addr:postcode":"06511","addr:state":"CT","addr:street":"George Street","amenity":"place_of_worship","building":"church","denomination":"ukrainian_greek_catholic","ele":"18","gnis:feature_id":"1932783","name":"Saint Michael’s Ukrainian Catholic Church","religion":"christian","_wikiTried":true},"geometry":{"type":"Polygon","coordinates":[[[-72.9403624,41.3091787],[-72.9403704,41.3091432],[-72.940384,41.3091449],[-72.940415,41.3090067],[-72.9404559,41.3090119],[-72.9404604,41.3089918],[-72.9404523,41.3089868],[-72.9404513,41.3089786],[-72.9404581,41.3089723],[-72.940469,41.3089715],[-72.9404765,41.3089762],[-72.9404861,41.3089774],[-72.9405436,41.3089847],[-72.9405519,41.3089857],[-72.9405529,41.3089848],[-72.9405637,41.308984],[-72.9405721,41.3089892],[-72.9405732,41.3089973],[-72.9405663,41.3090036],[-72.9405592,41.3090042],[-72.9405546,41.3090244],[-72.9405916,41.3090291],[-72.9405627,41.3091579],[-72.9405784,41.3091599],[-72.9405734,41.3091819],[-72.9405582,41.3092497],[-72.9405273,41.3092458],[-72.9403509,41.3092235],[-72.9403624,41.3091787]]]}},{"type":"Feature","id":338409334,"properties":{"osmId":338409334,"category":"medical","building":"hospital","website":"https://www.ynhh.org/services/rehabilitation/grimes-center.aspx"},"geometry":{"type":"Polygon","coordinates":[[[-72.9400795,41.3101548],[-72.940076,41.3101633],[-72.939991,41.3101435],[-72.9400056,41.310108],[-72.9400108,41.3100956],[-72.939998,41.3100926],[-72.9400085,41.3100671],[-72.9400316,41.3100109],[-72.9400574,41.3100169],[-72.9400702,41.3099858],[-72.9401468,41.3100036],[-72.940134,41.3100347],[-72.940186,41.3100468],[-72.9401687,41.310089],[-72.9401987,41.310096],[-72.9402244,41.3100334],[-72.9403104,41.3100533],[-72.9403211,41.3100273],[-72.9403255,41.3100166],[-72.9403024,41.3100113],[-72.9404059,41.3097598],[-72.9405186,41.3097859],[-72.9405027,41.3098246],[-72.9405311,41.3098311],[-72.9405008,41.3099047],[-72.940527,41.3099108],[-72.9404725,41.3100431],[-72.9405176,41.3100536],[-72.940554,41.3099652],[-72.9409043,41.3100465],[-72.9409335,41.3100532],[-72.9408971,41.3101417],[-72.9408653,41.310219],[-72.9408362,41.3102122],[-72.9408326,41.3102209],[-72.9406771,41.3101848],[-72.9406498,41.3102512],[-72.9405656,41.3102316],[-72.9405929,41.3101652],[-72.9404823,41.3101395],[-72.9404858,41.3101309],[-72.9404407,41.3101205],[-72.9403838,41.3102587],[-72.9403249,41.310245],[-72.9403158,41.3102673],[-72.940262,41.3102548],[-72.9402711,41.3102326],[-72.9402397,41.3102253],[-72.9402522,41.3101949],[-72.9401832,41.3101789],[-72.9401796,41.3101876],[-72.9401237,41.3101746],[-72.9401273,41.3101659],[-72.9400795,41.3101548]]]}},{"type":"Feature","id":338421460,"properties":{"osmId":338421460,"category":"religious","amenity":"place_of_worship","building":"yes","denomination":"baptist","ele":"20","gnis:feature_id":"1933405","name":"Calvary Baptist Church","religion":"christian","_wikiTried":true},"geometry":{"type":"Polygon","coordinates":[[[-72.9379502,41.3086666],[-72.9379949,41.3086847],[-72.9379889,41.3086931],[-72.9381829,41.308772],[-72.9381661,41.3087954],[-72.9381116,41.308871],[-72.9378964,41.3087836],[-72.9379415,41.30872],[-72.9379331,41.3087008],[-72.9379344,41.3086884],[-72.9379502,41.3086666]]]}},{"type":"Feature","id":338424832,"properties":{"osmId":338424832,"category":"religious","amenity":"place_of_worship","building":"church","ele":"18","gnis:feature_id":"1933670","name":"Ebenezer Chapel","religion":"christian","_wikiTried":true},"geometry":{"type":"Polygon","coordinates":[[[-72.9389094,41.3074614],[-72.9390669,41.3075221],[-72.9390734,41.3075126],[-72.9391236,41.3075319],[-72.9391285,41.3075247],[-72.9392354,41.3075659],[-72.9392219,41.3075855],[-72.9392111,41.3075814],[-72.9391219,41.3077123],[-72.9390129,41.3076703],[-72.9390094,41.3076753],[-72.938939,41.3076483],[-72.9389571,41.3076218],[-72.9388326,41.3075739],[-72.9388259,41.3075838],[-72.9387836,41.3075675],[-72.9388775,41.3074297],[-72.9389199,41.307446],[-72.9389094,41.3074614]]]}},{"type":"Feature","id":338528899,"properties":{"osmId":338528899,"category":"medical","amenity":"doctors","building":"hospital","ele":"26","gnis:feature_id":"1933444","healthcare":"doctor","name":"Chapel Medical Center","_wikiTried":true},"geometry":{"type":"Polygon","coordinates":[[[-72.9426654,41.3110957],[-72.9428382,41.3111359],[-72.9427514,41.3113467],[-72.9425786,41.3113065],[-72.9426654,41.3110957]]]}},{"type":"Feature","id":338568449,"properties":{"osmId":338568449,"category":"religious","amenity":"place_of_worship","building":"yes","denomination":"baptist","gnis:feature_id":"1933014","name":"Union Temple Freewill Baptist Church","religion":"christian","_wikiTried":true},"geometry":{"type":"Polygon","coordinates":[[[-72.9422148,41.3147636],[-72.9421895,41.3147557],[-72.94232,41.314521],[-72.9423454,41.314529],[-72.9423813,41.3144644],[-72.9425018,41.3145022],[-72.9423353,41.3148014],[-72.9422148,41.3147636]]]}},{"type":"Feature","id":338568451,"properties":{"osmId":338568451,"category":"academic","addr:city":"New Haven","addr:housenumber":"185","addr:postcode":"06511","addr:state":"CT","addr:street":"Goffe Street","building":"school","building:levels":"2","roof:levels":"1","roof:shape":"flat"},"geometry":{"type":"Polygon","coordinates":[[[-72.9355391,41.3175771],[-72.935528,41.3175679],[-72.9360275,41.3171974],[-72.9360514,41.3172158],[-72.9360583,41.3172107],[-72.9361466,41.3171457],[-72.9361856,41.3171734],[-72.9362022,41.3171623],[-72.9362099,41.3171433],[-72.9362316,41.3171255],[-72.9362594,41.3171195],[-72.9362856,41.3171233],[-72.9363052,41.3171368],[-72.9363131,41.3171617],[-72.9363287,41.3171735],[-72.9363696,41.3171459],[-72.936465,41.3172182],[-72.9364914,41.3171986],[-72.9365926,41.3172757],[-72.9365878,41.3172793],[-72.9366828,41.3173531],[-72.9366882,41.3173493],[-72.9367865,41.3174264],[-72.936782,41.3174295],[-72.9368767,41.317504],[-72.9368823,41.3174999],[-72.9369831,41.317578],[-72.9369648,41.3175904],[-72.9369954,41.3176138],[-72.9368215,41.3177403],[-72.9367909,41.3177173],[-72.936775,41.3177272],[-72.9363907,41.3174255],[-72.9363475,41.317457],[-72.9361681,41.3174557],[-72.9361232,41.3174209],[-72.9357268,41.3177161],[-72.9357092,41.3177033],[-72.9355939,41.3177842],[-72.9354302,41.3176551],[-72.9355391,41.3175771]]]}},{"type":"Feature","id":338720820,"properties":{"osmId":338720820,"category":"religious","amenity":"place_of_worship","building":"synagogue","religion":"jewish"},"geometry":{"type":"Polygon","coordinates":[[[-72.9427562,41.3078356],[-72.9424922,41.3078105],[-72.9425132,41.3076861],[-72.9427771,41.3077112],[-72.9427562,41.3078356]]]}},{"type":"Feature","id":340518188,"properties":{"osmId":340518188,"category":"academic","addr:city":"New Haven","addr:housenumber":"100","addr:postcode":"06511","addr:state":"CT","addr:street":"Ashmun Street","building":"university","name":"100 Ashmun","_wikiTried":true},"geometry":{"type":"Polygon","coordinates":[[[-72.9294415,41.3156135],[-72.9294568,41.3156712],[-72.9291358,41.3157191],[-72.9291205,41.3156613],[-72.9293728,41.3156237],[-72.9293628,41.3155857],[-72.9294315,41.3155755],[-72.9294415,41.3156135]]]}},{"type":"Feature","id":340697810,"properties":{"osmId":340697810,"category":"religious","building":"church"},"geometry":{"type":"Polygon","coordinates":[[[-72.9381902,41.3185398],[-72.9381592,41.3185025],[-72.9381307,41.3184683],[-72.9381883,41.3184413],[-72.9382172,41.318476],[-72.9383045,41.3185807],[-72.9383446,41.3185619],[-72.9383797,41.3186041],[-72.9383397,41.3186229],[-72.9383373,41.318624],[-72.9383681,41.3186609],[-72.9381764,41.318751],[-72.9381811,41.3187567],[-72.9381103,41.3187901],[-72.9379829,41.3186373],[-72.9380538,41.3186039],[-72.9381902,41.3185398]]]}},{"type":"Feature","id":340730528,"properties":{"osmId":340730528,"category":"religious","amenity":"place_of_worship","building":"church","denomination":"baptist","ele":"20","gnis:feature_id":"1933547","name":"Community Baptist Church","religion":"christian","_wikiTried":true},"geometry":{"type":"Polygon","coordinates":[[[-72.9328174,41.3263303],[-72.9328191,41.3263257],[-72.9330885,41.3263792],[-72.9330869,41.3263838],[-72.933142,41.3263948],[-72.9331349,41.3264151],[-72.9331906,41.3264262],[-72.9331546,41.3265285],[-72.9330988,41.3265175],[-72.9330906,41.326541],[-72.932766,41.3264765],[-72.9328174,41.3263303]]]}},{"type":"Feature","id":340730534,"properties":{"osmId":340730534,"category":"religious","amenity":"place_of_worship","building":"church","denomination":"pentecostal","ele":"18","gnis:feature_id":"1933514","name":"Church of the Living God","official_name":"The House of God Which is the Church of the Living God, the Pillar and Ground of the Truth Without Controversy","religion":"christian","_wikiTried":true},"geometry":{"type":"Polygon","coordinates":[[[-72.932133,41.3263177],[-72.9321315,41.3263224],[-72.9321033,41.3263175],[-72.9321451,41.326183],[-72.9322409,41.3261998],[-72.9322421,41.3261958],[-72.9322689,41.3262005],[-72.9322581,41.3262352],[-72.9322329,41.3262308],[-72.9322022,41.3263298],[-72.932133,41.3263177]]]}},{"type":"Feature","id":340772395,"properties":{"osmId":340772395,"category":"religious","addr:city":"New Haven","addr:housenumber":"127","addr:postcode":"06511","addr:state":"CT","addr:street":"Thompson Street","amenity":"place_of_worship","building":"church","building:levels":"1","name":"Salvation & Deliverance Church","service_times":"Su 12:00; Tu 18:00; Fr 20:00","_wikiTried":true},"geometry":{"type":"Polygon","coordinates":[[[-72.9322292,41.3276724],[-72.9322986,41.3279358],[-72.9321586,41.3279567],[-72.9320891,41.3276933],[-72.9322292,41.3276724]]]}},{"type":"Feature","id":342640526,"properties":{"osmId":342640526,"category":"academic","building":"school","building:use":"apartments","name":"New HOPE Apartments","operator":"Christian Community Action, Inc.","_wikiTried":true},"geometry":{"type":"Polygon","coordinates":[[[-72.926926,41.3289813],[-72.9269303,41.3289693],[-72.9271051,41.3290038],[-72.9271008,41.3290162],[-72.9273142,41.3290583],[-72.9272777,41.3291624],[-72.9272433,41.3292606],[-72.9269471,41.329202],[-72.9266297,41.3291393],[-72.9267007,41.3289368],[-72.926926,41.3289813]]]}},{"type":"Feature","id":343832998,"properties":{"osmId":343832998,"category":"athletic","building":"yes"},"geometry":{"type":"Polygon","coordinates":[[[-72.9406657,41.325104],[-72.9406571,41.325164],[-72.9406246,41.3253908],[-72.9405372,41.3253837],[-72.9405698,41.3251569],[-72.9405057,41.3251517],[-72.9405031,41.3251696],[-72.9403474,41.325157],[-72.9403586,41.3250792],[-72.9405143,41.3250918],[-72.9406657,41.325104]]]}},{"type":"Feature","id":343833047,"properties":{"osmId":343833047,"category":"athletic","building":"stadium"},"geometry":{"type":"Polygon","coordinates":[[[-72.9403891,41.3257648],[-72.9405874,41.3257463],[-72.940679,41.3263015],[-72.9404807,41.32632],[-72.9403891,41.3257648]]]}},{"type":"Feature","id":343833048,"properties":{"osmId":343833048,"category":"athletic","building":"stadium"},"geometry":{"type":"Polygon","coordinates":[[[-72.9399955,41.325016],[-72.9400388,41.3250598],[-72.9398159,41.3251973],[-72.9397707,41.3251517],[-72.9399955,41.325016]]]}},{"type":"Feature","id":343833049,"properties":{"osmId":343833049,"category":"athletic","building":"stadium"},"geometry":{"type":"Polygon","coordinates":[[[-72.9391994,41.3259108],[-72.9392537,41.3259054],[-72.9393336,41.3263584],[-72.9392793,41.3263638],[-72.9391994,41.3259108]]]}},{"type":"Feature","id":343833094,"properties":{"osmId":343833094,"category":"athletic","building":"yes"},"geometry":{"type":"Polygon","coordinates":[[[-72.9403766,41.3252623],[-72.9405163,41.3252736],[-72.9405031,41.3253656],[-72.9403634,41.3253543],[-72.9403766,41.3252623]]]}},{"type":"Feature","id":347321061,"properties":{"osmId":347321061,"category":"other","building":"yes","operator":"Yale University"},"geometry":{"type":"Polygon","coordinates":[[[-72.9295721,41.3142927],[-72.9298931,41.3141421],[-72.929818,41.314057],[-72.9297676,41.3140821],[-72.9297019,41.3141149],[-72.9296458,41.3141428],[-72.9295843,41.3141735],[-72.9295043,41.3142134],[-72.9295721,41.3142927]]]}},{"type":"Feature","id":347339751,"properties":{"osmId":347339751,"category":"academic","addr:city":"New Haven","addr:housenumber":"70","addr:postcode":"06510","addr:state":"CT","addr:street":"Whitney Avenue","building":"university","operator":"Yale University"},"geometry":{"type":"Polygon","coordinates":[[[-72.9223467,41.3124778],[-72.9223716,41.3123946],[-72.9223335,41.3123894],[-72.9221585,41.3123587],[-72.92213,41.3123516],[-72.9221032,41.3124281],[-72.9223467,41.3124778]]]}},{"type":"Feature","id":347416244,"properties":{"osmId":347416244,"category":"library","building":"library","name":"Bass Library (North)","operator":"Yale University","_wikiTried":true},"geometry":{"type":"Polygon","coordinates":[[[-72.927299,41.3108265],[-72.9272581,41.3108086],[-72.9273083,41.3107313],[-72.9273512,41.3107458],[-72.9273278,41.3107768],[-72.9273905,41.3108005],[-72.9273768,41.3108239],[-72.9273647,41.3108385],[-72.9273061,41.310816],[-72.927299,41.3108265]]]}},{"type":"Feature","id":347430294,"properties":{"osmId":347430294,"category":"medical","building":"hospital"},"geometry":{"type":"Polygon","coordinates":[[[-72.9416461,41.3104392],[-72.9417995,41.3100591],[-72.9420702,41.3101207],[-72.9419098,41.3105184],[-72.941978,41.310534],[-72.9420664,41.3103148],[-72.9421442,41.3103325],[-72.9421937,41.3102097],[-72.942206,41.3102125],[-72.9422231,41.3101701],[-72.9422516,41.3100996],[-72.94219,41.3100856],[-72.9422087,41.3100391],[-72.9421635,41.3100288],[-72.9420992,41.3100142],[-72.942037,41.31],[-72.942062,41.3099379],[-72.9420815,41.3098896],[-72.942208,41.3099184],[-72.942224,41.3098788],[-72.9421925,41.3098716],[-72.9422495,41.3097303],[-72.942281,41.3097375],[-72.9423029,41.3096831],[-72.9427642,41.3097878],[-72.9430435,41.3098513],[-72.9431665,41.3098792],[-72.9432993,41.3095494],[-72.9433086,41.3095515],[-72.9435138,41.3095985],[-72.9435682,41.3096108],[-72.9434355,41.3099398],[-72.9433811,41.3099274],[-72.9433464,41.3100136],[-72.9433909,41.3100237],[-72.94338,41.3100506],[-72.9433355,41.3100405],[-72.9431941,41.310391],[-72.9432844,41.3104116],[-72.9432918,41.3103934],[-72.9433849,41.3104146],[-72.9433977,41.310383],[-72.9434905,41.3104057],[-72.9433808,41.3105086],[-72.9433597,41.3106416],[-72.9435759,41.310694],[-72.9435922,41.3106509],[-72.9436632,41.3106723],[-72.9436497,41.3107119],[-72.9438142,41.3107463],[-72.9443144,41.310857],[-72.9443089,41.3108711],[-72.9445107,41.3109103],[-72.9444899,41.3109618],[-72.9444458,41.3109518],[-72.9444257,41.3110018],[-72.9443763,41.3109905],[-72.9443626,41.3110245],[-72.9444079,41.3110348],[-72.944404,41.3110443],[-72.9444267,41.3110495],[-72.9444188,41.3110691],[-72.9444717,41.3110811],[-72.9444194,41.3112109],[-72.9443665,41.3111988],[-72.9443601,41.3112147],[-72.9443374,41.3112095],[-72.9443311,41.3112251],[-72.9442858,41.3112148],[-72.9442832,41.3112213],[-72.9441649,41.3111944],[-72.9441675,41.3111878],[-72.944127,41.3111786],[-72.9441333,41.3111631],[-72.9441082,41.3111573],[-72.9441145,41.3111415],[-72.9440657,41.3111304],[-72.9441181,41.3110007],[-72.9441669,41.3110118],[-72.9441748,41.3109921],[-72.9441999,41.3109979],[-72.9442038,41.3109883],[-72.9442443,41.3109976],[-72.944258,41.3109636],[-72.9436819,41.3108325],[-72.9436673,41.3108687],[-72.9437126,41.310879],[-72.9437088,41.3108885],[-72.9437315,41.3108937],[-72.9437236,41.3109133],[-72.9437764,41.3109254],[-72.9437241,41.3110551],[-72.9436712,41.3110431],[-72.9436648,41.3110589],[-72.9436421,41.3110537],[-72.9436359,41.3110693],[-72.9435906,41.311059],[-72.9435879,41.3110655],[-72.9434696,41.3110386],[-72.9434723,41.3110321],[-72.9434318,41.3110229],[-72.9434381,41.3110073],[-72.9434129,41.3110016],[-72.9434193,41.3109857],[-72.9433705,41.3109746],[-72.9434228,41.3108449],[-72.9434716,41.310856],[-72.9434795,41.3108364],[-72.9435047,41.3108421],[-72.9435085,41.3108326],[-72.943549,41.3108418],[-72.9435516,41.3108354],[-72.9433137,41.3107813],[-72.9432963,41.3108245],[-72.9432842,41.3108545],[-72.9432057,41.3108367],[-72.943218,41.3108063],[-72.9432352,41.3107634],[-72.943116,41.3107363],[-72.9430329,41.3109424],[-72.9421459,41.3107406],[-72.9420059,41.3107087],[-72.9415768,41.3106111],[-72.9416246,41.3104927],[-72.9416461,41.3104392]]]}},{"type":"Feature","id":349615679,"properties":{"osmId":349615679,"category":"academic","addr:city":"New Haven","addr:housenumber":"70","addr:postcode":"06511","addr:state":"CT","addr:street":"Tower Parkway","building":"university","name":"Lanman Center","operator":"Yale University","_wikiTried":true},"geometry":{"type":"Polygon","coordinates":[[[-72.9300413,41.3149368],[-72.9297998,41.314661],[-72.9302313,41.3144407],[-72.9307177,41.314199],[-72.93075,41.3142344],[-72.9309657,41.3144772],[-72.9300413,41.3149368]]]}},{"type":"Feature","id":349637389,"properties":{"osmId":349637389,"category":"residential","addr:city":"New Haven","addr:housenumber":"139-143","addr:postcode":"06510","addr:state":"CT","addr:street":"York Street","building":"apartments","building:levels":"3","name":"York-Crown Apartments B","operator":"Yale University","website":"https://housing.yale.edu/graduate-housing/our-buildings/york-crown","_wikiTried":true},"geometry":{"type":"Polygon","coordinates":[[[-72.9321854,41.3075529],[-72.9320713,41.3075067],[-72.9321792,41.3073564],[-72.9322932,41.3074026],[-72.9321854,41.3075529]]]}},{"type":"Feature","id":363327921,"properties":{"osmId":363327921,"category":"academic","addr:city":"New Haven","addr:housenumber":"115","addr:postcode":"06511","addr:state":"CT","addr:street":"Prospect Street","building":"university","faculty":"management","name":"Rosenkranz Hall","operator":"Yale University","_wikiTried":true},"geometry":{"type":"Polygon","coordinates":[[[-72.924587,41.3144288],[-72.9245569,41.3145052],[-72.9245434,41.3145022],[-72.9244427,41.3147628],[-72.9240527,41.3146718],[-72.9240312,41.3147301],[-72.9240427,41.314732],[-72.9240001,41.3148332],[-72.9243594,41.3149142],[-72.9243485,41.3149503],[-72.9243712,41.3149574],[-72.9243708,41.3149665],[-72.9244566,41.315001],[-72.9244715,41.3149993],[-72.9244853,41.3149942],[-72.9245006,41.3149872],[-72.9245636,41.3150049],[-72.924696,41.3144461],[-72.9246667,41.314441],[-72.9246732,41.3144187],[-72.924456,41.3143739],[-72.9244468,41.314398],[-72.9245272,41.3144154],[-72.924587,41.3144288]]]}},{"type":"Feature","id":363329574,"properties":{"osmId":363329574,"category":"academic","addr:city":"New Haven","addr:housenumber":"34","addr:postcode":"06511","addr:state":"CT","addr:street":"Hillhouse Avenue","building":"university","name":"Luce Hall","_wikiTried":true},"geometry":{"type":"Polygon","coordinates":[[[-72.9243886,41.3145189],[-72.9243567,41.314602],[-72.9242553,41.31458],[-72.9242602,41.3145674],[-72.9242233,41.3145595],[-72.9242186,41.3145718],[-72.9241158,41.3145495],[-72.9241376,41.3144929],[-72.9241679,41.3144995],[-72.9241802,41.3144673],[-72.9242268,41.3143463],[-72.9242349,41.3143253],[-72.9242014,41.314318],[-72.924226,41.3142541],[-72.9243397,41.3142787],[-72.924335,41.3142911],[-72.9243578,41.3142961],[-72.9243627,41.3142834],[-72.924481,41.314309],[-72.924456,41.3143739],[-72.9244468,41.314398],[-72.9245272,41.3144154],[-72.9244799,41.3145387],[-72.9243886,41.3145189]]]}},{"type":"Feature","id":363426802,"properties":{"osmId":363426802,"category":"academic","addr:state":"CT","building":"university","ele":"15","name":"Schwarzman Center","old_name:left":"University Commons","old_name:right":"Bicentennial Memorial Rotunda","operator":"Yale University","_wikiTried":true},"geometry":{"type":"Polygon","coordinates":[[[-72.9262644,41.3115575],[-72.9262497,41.3115173],[-72.926235,41.3114769],[-72.9258797,41.3114767],[-72.9258219,41.3115101],[-72.9257917,41.3115407],[-72.9257865,41.3115612],[-72.9257789,41.3115907],[-72.9257859,41.311611],[-72.9257939,41.311634],[-72.925811,41.3116499],[-72.9258302,41.3116677],[-72.9258647,41.3116852],[-72.9259123,41.3116941],[-72.9259621,41.311692],[-72.9259452,41.3117085],[-72.9260096,41.3117308],[-72.9259662,41.3117849],[-72.926799,41.3121345],[-72.9269626,41.3119068],[-72.9268794,41.3118715],[-72.926913,41.3118302],[-72.9264803,41.3116483],[-72.9262644,41.3115575]]]}},{"type":"Feature","id":363477899,"properties":{"osmId":363477899,"category":"academic","addr:city":"New Haven","addr:housenumber":"66","addr:postcode":"06511","addr:state":"CT","addr:street":"High Street","building":"university","name":"Weir Hall","operator":"Yale University","_wikiTried":true},"geometry":{"type":"Polygon","coordinates":[[[-72.9304034,41.3089167],[-72.9304423,41.3088597],[-72.9304448,41.3088606],[-72.9306796,41.3089496],[-72.9306956,41.3089453],[-72.9307038,41.3089332],[-72.9307222,41.3089291],[-72.9307401,41.3089325],[-72.9307405,41.308916],[-72.9307566,41.3089088],[-72.9307731,41.3089143],[-72.930779,41.3089232],[-72.9307838,41.308936],[-72.9308008,41.3089818],[-72.930818,41.3090282],[-72.9307059,41.3090529],[-72.9306985,41.3090378],[-72.9304034,41.3089167]]]}},{"type":"Feature","id":363775878,"properties":{"osmId":363775878,"category":"academic","addr:city":"New Haven","addr:housenumber":"268","addr:postcode":"06511","addr:state":"CT","addr:street":"Whitney Avenue","building":"university","name":"Wright Laboratory West","operator":"Yale University","source":"bing","_wikiTried":true},"geometry":{"type":"Polygon","coordinates":[[[-72.9216195,41.3185058],[-72.9216008,41.3185017],[-72.9214627,41.318853],[-72.9213103,41.3188192],[-72.9213061,41.31883],[-72.9211908,41.3188045],[-72.9214371,41.3181776],[-72.9215368,41.3181997],[-72.9215412,41.3181885],[-72.92167,41.3182171],[-72.9216574,41.3182493],[-72.9217153,41.3182621],[-72.9216195,41.3185058]]]}},{"type":"Feature","id":363775881,"properties":{"osmId":363775881,"category":"academic","addr:city":"New Haven","addr:housenumber":"270","addr:postcode":"06511","addr:state":"CT","addr:street":"Whitney Avenue","building":"university","name":"Electron Accelerator Laboratory","_wikiTried":true},"geometry":{"type":"Polygon","coordinates":[[[-72.9209756,41.3192154],[-72.9209367,41.3193127],[-72.9209985,41.3193264],[-72.9210245,41.3192601],[-72.9212368,41.3193071],[-72.9213233,41.3190866],[-72.9214262,41.3191094],[-72.9214852,41.3191769],[-72.9214759,41.3192005],[-72.9215642,41.3192202],[-72.921617,41.3190868],[-72.9214925,41.319059],[-72.9215044,41.3190289],[-72.9213486,41.3189942],[-72.9213985,41.318868],[-72.921451,41.3188797],[-72.9214627,41.318853],[-72.9213103,41.3188192],[-72.9213061,41.31883],[-72.9211908,41.3188045],[-72.9211617,41.3188819],[-72.9211091,41.318871],[-72.9209756,41.3192154]]]}},{"type":"Feature","id":363777519,"properties":{"osmId":363777519,"category":"academic","addr:city":"New Haven","addr:housenumber":"20","addr:postcode":"06511","addr:state":"CT","addr:street":"Tower Parkway","building":"university","gnis:feature_id":"1932671","name":"Ray Tompkins House","_wikiTried":true},"geometry":{"type":"Polygon","coordinates":[[[-72.931497,41.3133044],[-72.9315313,41.3133583],[-72.9315934,41.3134301],[-72.9321783,41.3131447],[-72.9321495,41.3131115],[-72.9321788,41.3130971],[-72.932122,41.3130315],[-72.9320927,41.3130458],[-72.932061,41.3130091],[-72.931972,41.3130526],[-72.9319869,41.3130697],[-72.9317812,41.3131701],[-72.9317533,41.313138],[-72.9316616,41.3131828],[-72.9316751,41.3131984],[-72.9316317,41.3132196],[-72.9316432,41.313233],[-72.931497,41.3133044]]]}},{"type":"Feature","id":363784581,"properties":{"osmId":363784581,"category":"academic","addr:city":"New Haven","addr:housenumber":"40A","addr:postcode":"06511","addr:state":"CT","addr:street":"Ashmun Street","building":"university"},"geometry":{"type":"Polygon","coordinates":[[[-72.9288849,41.3140909],[-72.9289275,41.3140605],[-72.9289358,41.3140546],[-72.9289064,41.3139925],[-72.9288488,41.3139663],[-72.9287248,41.313499],[-72.9286406,41.3135091],[-72.9287596,41.3140007],[-72.9288221,41.3139922],[-72.9288132,41.3140011],[-72.9287827,41.3140394],[-72.9288849,41.3140909]]]}},{"type":"Feature","id":363790673,"properties":{"osmId":363790673,"category":"academic","addr:city":"New Haven","addr:housenumber":"41","addr:postcode":"06511","addr:state":"CT","addr:street":"Broadway","amenity":"theatre","building":"university","name":"Off Broadway Theater","operator":"Yale University","_wikiTried":true},"geometry":{"type":"Polygon","coordinates":[[[-72.9300169,41.3117769],[-72.9300479,41.3117561],[-72.9302158,41.3116433],[-72.9303567,41.3117602],[-72.9301454,41.3118909],[-72.9300813,41.3118341],[-72.9300662,41.3118207],[-72.9300169,41.3117769]]]}},{"type":"Feature","id":363808899,"properties":{"osmId":363808899,"category":"academic","addr:city":"New Haven","addr:housenumber":"68","addr:postcode":"06511","addr:state":"CT","addr:street":"High Street","building":"university","layer":"1","name":"Jonathan Edwards College","name:etymology:wikidata":"Q313073","operator":"Yale University","wikidata":"Q6273029","_wikiTried":true},"geometry":{"type":"Polygon","coordinates":[[[-72.9306985,41.3090378],[-72.9306705,41.309079],[-72.9306193,41.3090585],[-72.930585,41.3090448],[-72.9304382,41.3089861],[-72.9304168,41.3089776],[-72.9302532,41.3089122],[-72.930239,41.3089331],[-72.930202,41.3089201],[-72.930213,41.3089017],[-72.9301626,41.3088816],[-72.9301539,41.3088935],[-72.9301181,41.3088791],[-72.9301268,41.308867],[-72.9300759,41.3088459],[-72.9300669,41.3088595],[-72.9300311,41.3088457],[-72.9300424,41.3088317],[-72.9299896,41.3088083],[-72.9299794,41.3088226],[-72.9298371,41.309022],[-72.9298523,41.3090277],[-72.9298633,41.3090318],[-72.9298999,41.3089755],[-72.9299612,41.3089994],[-72.9299581,41.3090044],[-72.9299681,41.3090085],[-72.9299833,41.3090147],[-72.9299903,41.3090049],[-72.9300273,41.3090199],[-72.9300203,41.3090297],[-72.9300325,41.3090346],[-72.9300417,41.3090384],[-72.9300441,41.309035],[-72.9300984,41.3090568],[-72.9301062,41.3090599],[-72.9300832,41.3090892],[-72.9301297,41.3091067],[-72.9301676,41.3091209],[-72.9302355,41.3091464],[-72.930323,41.3091792],[-72.9303366,41.3091844],[-72.9304298,41.3092194],[-72.9304541,41.3092285],[-72.9305849,41.3092776],[-72.9306015,41.3092838],[-72.9306941,41.3093186],[-72.9306717,41.3093523],[-72.9306813,41.3093562],[-72.9307008,41.3093642],[-72.9307262,41.3093291],[-72.9308344,41.3091792],[-72.9308438,41.3091662],[-72.9309661,41.3089968],[-72.9309732,41.308987],[-72.930982,41.3089748],[-72.9310716,41.3088507],[-72.9311218,41.3087812],[-72.931223,41.3088224],[-72.9311601,41.3089085],[-72.9310813,41.3090148],[-72.9310712,41.3090289],[-72.9310615,41.3090428],[-72.9309461,41.309201],[-72.9309538,41.3092041],[-72.9309081,41.3092686],[-72.9308994,41.3092652],[-72.9307571,41.3094603],[-72.930655,41.3094181],[-72.9306431,41.3094132],[-72.930618,41.3094028],[-72.9301039,41.3091902],[-72.930098,41.3091874],[-72.9300896,41.3091839],[-72.9299371,41.3091213],[-72.9299283,41.3091177],[-72.9299158,41.3091125],[-72.929837,41.3090799],[-72.9298227,41.3090993],[-72.929804,41.3090916],[-72.9297719,41.3090785],[-72.9297862,41.3090589],[-72.9296952,41.3090213],[-72.9298735,41.3087548],[-72.9299034,41.3087102],[-72.9298779,41.308697],[-72.9299287,41.3086238],[-72.9302687,41.3087606],[-72.9302802,41.3087438],[-72.9303163,41.3086932],[-72.9303291,41.3086756],[-72.9303507,41.3086716],[-72.9303669,41.3086748],[-72.9303748,41.3086821],[-72.9303767,41.3086881],[-72.9303999,41.3086984],[-72.9304226,41.3087085],[-72.9304335,41.3087068],[-72.9304528,41.3087133],[-72.9304584,41.3087314],[-72.9304491,41.3087445],[-72.9304418,41.3087604],[-72.9304541,41.3087808],[-72.9304616,41.3087984],[-72.9304532,41.3088148],[-72.9304611,41.308827],[-72.9304562,41.3088363],[-72.9304469,41.3088538],[-72.9304423,41.3088597],[-72.9304034,41.3089167],[-72.9306985,41.3090378]]]}},{"type":"Feature","id":363820904,"properties":{"osmId":363820904,"category":"academic","addr:city":"New Haven","addr:housenumber":"275","addr:postcode":"06511","addr:state":"CT","addr:street":"Prospect Street","building":"university","name":"Class of 1954 Chemistry Research Building","_wikiTried":true},"geometry":{"type":"Polygon","coordinates":[[[-72.9229457,41.3192384],[-72.9230953,41.3192728],[-72.9231737,41.3192984],[-72.9231417,41.3192987],[-72.9231315,41.3193269],[-72.923157,41.319338],[-72.9230779,41.3193342],[-72.9230633,41.3193282],[-72.9230505,41.3193479],[-72.9230938,41.3193568],[-72.9230616,41.319444],[-72.9230839,41.319466],[-72.9230803,41.3194844],[-72.9230394,41.3194913],[-72.9221708,41.3193118],[-72.9221191,41.3192985],[-72.9220632,41.3192841],[-72.9220404,41.3192531],[-72.9220483,41.3192303],[-72.9220729,41.3192256],[-72.9221071,41.3191264],[-72.922121,41.3190863],[-72.9221382,41.3190889],[-72.9221466,41.3190695],[-72.9221758,41.3190751],[-72.9221811,41.3190601],[-72.9222354,41.3190713],[-72.9222716,41.3190811],[-72.9223138,41.3190924],[-72.9223069,41.3191105],[-72.92232,41.3191143],[-72.9223228,41.3191075],[-72.9223598,41.3191136],[-72.9223559,41.319124],[-72.9223939,41.3191318],[-72.9223973,41.3191214],[-72.9224328,41.3191274],[-72.9224319,41.3191403],[-72.9224629,41.3191488],[-72.9224674,41.3191403],[-72.9225054,41.319147],[-72.9225054,41.3191559],[-72.9225424,41.3191644],[-72.9225448,41.3191555],[-72.9225655,41.319159],[-72.9225823,41.3191618],[-72.9225793,41.3191726],[-72.9226149,41.3191807],[-72.9226183,41.31917],[-72.9226583,41.3191766],[-72.9226553,41.3191903],[-72.9226898,41.319197],[-72.9226938,41.3191866],[-72.9227303,41.3191937],[-72.9227278,41.3192063],[-72.9227633,41.3192133],[-72.9227683,41.3192037],[-72.9228082,41.31921],[-72.9228043,41.3192218],[-72.922824,41.3192252],[-72.9228285,41.3192111],[-72.9228458,41.3192158],[-72.9229457,41.3192384]]]}},{"type":"Feature","id":363820905,"properties":{"osmId":363820905,"category":"academic","addr:city":"New Haven","addr:housenumber":"225","addr:postcode":"06511","addr:state":"CT","addr:street":"Prospect Street","alt_name":"Sterling Chemistry Laborarory","building":"university","ele":"33","gnis:feature_id":"1932929","name":"Sterling Hall","source":"USGS Geonames","_wikiTried":true},"geometry":{"type":"Polygon","coordinates":[[[-72.9223094,41.3185763],[-72.9223233,41.3185393],[-72.9223104,41.3185366],[-72.9223173,41.3185181],[-72.9223123,41.3185112],[-72.9223272,41.3184728],[-72.9223372,41.3184709],[-72.9223459,41.3184486],[-72.9223786,41.3184558],[-72.9224617,41.3182421],[-72.9224754,41.3182071],[-72.9224885,41.3181732],[-72.9224543,41.3181657],[-72.9224782,41.3181041],[-72.9224947,41.3180973],[-72.9225023,41.3180778],[-72.9225239,41.3180825],[-72.9226338,41.3178018],[-72.9225992,41.3177942],[-72.9226323,41.3177097],[-72.9228049,41.3177478],[-72.9228185,41.3177129],[-72.9231118,41.3177777],[-72.9231763,41.317792],[-72.9233541,41.3178313],[-72.9233404,41.3178661],[-72.9235211,41.3179061],[-72.9234877,41.3179915],[-72.9234661,41.3179867],[-72.9234188,41.3181073],[-72.9234734,41.3181194],[-72.9234629,41.3181461],[-72.9234083,41.318134],[-72.9233652,41.318244],[-72.9234031,41.3182524],[-72.9233951,41.3182729],[-72.9233716,41.3183328],[-72.9233353,41.3184253],[-72.9232952,41.3184164],[-72.9232066,41.3186421],[-72.9232572,41.3186533],[-72.92327,41.3186709],[-72.9232411,41.3187479],[-72.9231926,41.3187377],[-72.9231828,41.3187639],[-72.923055,41.3187364],[-72.9230683,41.3187008],[-72.9224574,41.3185716],[-72.9224447,41.3186054],[-72.9223094,41.3185763]]]}},{"type":"Feature","id":363820906,"properties":{"osmId":363820906,"category":"academic","building":"university","layer":"1"},"geometry":{"type":"Polygon","coordinates":[[[-72.9222716,41.3190811],[-72.9222354,41.3190713],[-72.922316,41.3188583],[-72.9223669,41.3188692],[-72.9222716,41.3190811]]]}},{"type":"Feature","id":363820907,"properties":{"osmId":363820907,"category":"academic","building":"university","layer":"1"},"geometry":{"type":"Polygon","coordinates":[[[-72.9228842,41.3191092],[-72.9229885,41.3191316],[-72.9229659,41.3191879],[-72.9229457,41.3192384],[-72.9228458,41.3192158],[-72.9228842,41.3191092]]]}},{"type":"Feature","id":364447186,"properties":{"osmId":364447186,"category":"academic","building":"school","name":"Milikowsky Building","_wikiTried":true},"geometry":{"type":"Polygon","coordinates":[[[-72.9202583,41.3280469],[-72.9199989,41.3279434],[-72.9200351,41.3278364],[-72.9199735,41.3277642],[-72.9199562,41.3276286],[-72.9200832,41.3276334],[-72.9201168,41.3275905],[-72.9202755,41.3276559],[-72.9202547,41.327756],[-72.9202837,41.3278044],[-72.9203019,41.3278051],[-72.920281,41.3279563],[-72.9202393,41.3279447],[-72.9202093,41.3280033],[-72.9202746,41.3280312],[-72.9202583,41.3280469]]]}},{"type":"Feature","id":364538449,"properties":{"osmId":364538449,"category":"library","building":"library","name":"Bass Library (South)","operator":"Yale University","_wikiTried":true},"geometry":{"type":"Polygon","coordinates":[[[-72.9275953,41.3103898],[-72.9275895,41.3103978],[-72.9275855,41.3104034],[-72.9275808,41.3104099],[-72.9275521,41.31045],[-72.9276039,41.310473],[-72.9276201,41.3104499],[-72.927636,41.3104556],[-72.9276503,41.3104361],[-72.927663,41.310419],[-72.9275953,41.3103898]]]}},{"type":"Feature","id":364538450,"properties":{"osmId":364538450,"category":"academic","building":"university","layer":"-2","level":"-1","location":"underground","name":"Bass Library Underground","operator":"Yale University","_wikiTried":true},"geometry":{"type":"Polygon","coordinates":[[[-72.9275513,41.3104511],[-72.9273083,41.3107313],[-72.9273512,41.3107458],[-72.9273278,41.3107768],[-72.9273905,41.3108005],[-72.9274458,41.3107194],[-72.9277328,41.3108433],[-72.9278709,41.3106509],[-72.9275823,41.3105308],[-72.9276353,41.3104566],[-72.9276203,41.3104512],[-72.9276045,41.3104743],[-72.9275513,41.3104511]]]}},{"type":"Feature","id":375601613,"properties":{"osmId":375601613,"category":"academic","addr:city":"New Haven","addr:housenumber":"81","addr:postcode":"06511","addr:state":"CT","addr:street":"Wall Street","building":"university","operator":"Yale University"},"geometry":{"type":"Polygon","coordinates":[[[-72.9255321,41.3107366],[-72.9255866,41.3106666],[-72.925606,41.3106748],[-72.925652,41.3106111],[-72.9255261,41.3105547],[-72.9255164,41.3105666],[-72.9253976,41.3105141],[-72.925303,41.3106344],[-72.9254075,41.3106802],[-72.9254063,41.3106884],[-72.925445,41.3107066],[-72.9254547,41.3107029],[-72.9255321,41.3107366]]]}},{"type":"Feature","id":399666211,"properties":{"osmId":399666211,"category":"academic","addr:city":"New Haven","addr:housenumber":"41","addr:postcode":"06511","addr:state":"CT","addr:street":"Sachem Street","building":"university","level":"-1","location":"underground","name":"41 Sachem","operator":"Yale University","_wikiTried":true},"geometry":{"type":"Polygon","coordinates":[[[-72.9235698,41.3167312],[-72.9228965,41.3165996],[-72.922976,41.3163311],[-72.9230363,41.3163427],[-72.9234537,41.316427],[-72.9235905,41.3164552],[-72.9236359,41.3165377],[-72.9235698,41.3167312]]]}},{"type":"Feature","id":399683919,"properties":{"osmId":399683919,"category":"academic","addr:city":"New Haven","addr:housenumber":"405","addr:postcode":"06510","addr:state":"CT","addr:street":"Temple Street","building":"university","name":"405 Temple","operator":"Yale University","_wikiTried":true},"geometry":{"type":"Polygon","coordinates":[[[-72.9228351,41.3121742],[-72.9227239,41.31213],[-72.9227922,41.3120352],[-72.9228998,41.3120784],[-72.9228351,41.3121742]]]}},{"type":"Feature","id":473163782,"properties":{"osmId":473163782,"category":"other","building":"greenhouse","operator":"Yale University"},"geometry":{"type":"Polygon","coordinates":[[[-72.9253742,41.3224295],[-72.9250822,41.3223652],[-72.925109,41.3222948],[-72.925401,41.3223632],[-72.9253742,41.3224295]]]}},{"type":"Feature","id":663590515,"properties":{"osmId":663590515,"category":"athletic","building":"yes"},"geometry":{"type":"Polygon","coordinates":[[[-72.9404086,41.3256651],[-72.9403921,41.3255614],[-72.9404033,41.3255604],[-72.9403996,41.3255376],[-72.9405923,41.3255203],[-72.9406209,41.3257001],[-72.9404177,41.3257184],[-72.940413,41.3256887],[-72.9404237,41.3256878],[-72.9404199,41.3256641],[-72.9404086,41.3256651]]]}},{"type":"Feature","id":719112933,"properties":{"osmId":719112933,"category":"academic","addr:city":"New Haven","addr:housenumber":"260","addr:postcode":"06511","addr:state":"CT","addr:street":"Whitney Avenue","architect":"Pelli Clarke Pelli Architects","building":"university","building:levels":"7","name":"Yale Science Building","operator":"Yale University","_wikiTried":true},"geometry":{"type":"Polygon","coordinates":[[[-72.9215606,41.3178839],[-72.9216321,41.3179014],[-72.9217397,41.3176347],[-72.9218289,41.3176546],[-72.9220883,41.3169936],[-72.9221007,41.316962],[-72.9219031,41.3169174],[-72.9217495,41.3168812],[-72.921739,41.3169064],[-72.9217123,41.3169778],[-72.9217591,41.31699],[-72.9215765,41.3174581],[-72.9214243,41.3174211],[-72.9212695,41.3173886],[-72.9211162,41.3177899],[-72.9215107,41.3178722],[-72.9215606,41.3178839]]]}},{"type":"Feature","id":749462350,"properties":{"osmId":749462350,"category":"academic","addr:city":"New Haven","addr:housenumber":"219","addr:postcode":"06511","addr:state":"CT","addr:street":"Prospect Street","architect":"Pelli Clarke Pelli Architects","building":"university","name":"Yale Science Building Pavilion","operator":"Yale University","_wikiTried":true},"geometry":{"type":"Polygon","coordinates":[[[-72.9224239,41.3171708],[-72.9223996,41.3171658],[-72.9223525,41.317155],[-72.9223706,41.3171011],[-72.9221458,41.3170526],[-72.9220532,41.3172929],[-72.9222758,41.3173429],[-72.9222957,41.3172869],[-72.9223457,41.3173021],[-72.9223746,41.3173043],[-72.9224239,41.3171708]]]}},{"type":"Feature","id":944122399,"properties":{"osmId":944122399,"category":"religious","addr:city":"New Haven","addr:housenumber":"624","addr:postcode":"06511","addr:state":"CT","addr:street":"George Street","amenity":"place_of_worship","building":"yes","email":"Info@masjidalislam.net","name":"Masjid Al-Islam","phone":"+1 203 777 8004","religion":"muslim","website":"https://masjidal-islam.com","_wikiTried":true},"geometry":{"type":"Polygon","coordinates":[[[-72.9429153,41.3090638],[-72.942919,41.3090646],[-72.9429264,41.3090443],[-72.9429819,41.3090557],[-72.9429859,41.3090445],[-72.943041,41.3090559],[-72.9430476,41.3090379],[-72.9430718,41.3090429],[-72.9430584,41.3090796],[-72.9430513,41.3090781],[-72.9430466,41.3090908],[-72.9430499,41.3090915],[-72.9430113,41.3091973],[-72.9430036,41.3091957],[-72.9429975,41.3092122],[-72.9428784,41.3091877],[-72.9428845,41.3091712],[-72.9428767,41.3091696],[-72.9429153,41.3090638]]]}},{"type":"Feature","id":974887606,"properties":{"osmId":974887606,"category":"academic","addr:city":"New Haven","addr:housenumber":"89","addr:postcode":"06511","addr:state":"CT","addr:street":"Trumbull Street","building":"university","operator":"Yale University","source":"bing"},"geometry":{"type":"Polygon","coordinates":[[[-72.9245335,41.3140106],[-72.9245451,41.314013],[-72.9245648,41.3139575],[-72.9245504,41.3139546],[-72.9245705,41.3138982],[-72.9245505,41.3138942],[-72.924566,41.3138507],[-72.9244868,41.3138348],[-72.9244323,41.3139877],[-72.9244824,41.3139978],[-72.9245335,41.3140106]]]}},{"type":"Feature","id":974888268,"properties":{"osmId":974888268,"category":"athletic","building":"yes"},"geometry":{"type":"Polygon","coordinates":[[[-72.938614,41.3239502],[-72.9385837,41.323894],[-72.9386107,41.3238858],[-72.9386198,41.3239028],[-72.9386847,41.3238831],[-72.9387,41.3239115],[-72.9386347,41.3239313],[-72.9386405,41.3239422],[-72.938614,41.3239502]]]}},{"type":"Feature","id":974889021,"properties":{"osmId":974889021,"category":"athletic","building":"yes"},"geometry":{"type":"Polygon","coordinates":[[[-72.9387344,41.3251952],[-72.9387429,41.3251949],[-72.9387808,41.3252362],[-72.9387545,41.3252498],[-72.9387141,41.3252057],[-72.9387344,41.3251952]]]}},{"type":"Feature","id":981830373,"properties":{"osmId":981830373,"category":"academic","addr:city":"New Haven","addr:housenumber":"17","addr:postcode":"06511","addr:state":"CT","addr:street":"Prospect Street","architect":"Weiss/Manfredi","building":"university","building:levels":"2","name":"Tsai CITY","operator":"Yale University","website":"https://city.yale.edu/","_wikiTried":true},"geometry":{"type":"Polygon","coordinates":[[[-72.9248871,41.3126215],[-72.9249299,41.3125935],[-72.9249655,41.3125379],[-72.9249972,41.31246],[-72.9250158,41.3123888],[-72.9250165,41.3123183],[-72.9250132,41.3122735],[-72.9249951,41.3122352],[-72.9249595,41.3122211],[-72.9249179,41.3122248],[-72.9248804,41.3122478],[-72.9248422,41.3122901],[-72.92481,41.3123511],[-72.9247892,41.3124268],[-72.9247818,41.3125142],[-72.9247905,41.3125757],[-72.9248106,41.3126079],[-72.9248442,41.312626],[-72.9248871,41.3126215]]]}},{"type":"Feature","id":1065752956,"properties":{"osmId":1065752956,"category":"academic","addr:city":"New Haven","addr:housenumber":"266-225","addr:postcode":"06511","addr:state":"CT","addr:street":"Whitney Avenue","architect":"Pelli Clarke Pelli Architects","building":"university","building:levels":"2","description":"Two story glass-windowed walkway connecting Bass Center and Yale Science Building.","layer":"1","name":"Bass Center-Yale Science Building Connector","_wikiTried":true},"geometry":{"type":"Polygon","coordinates":[[[-72.9215432,41.3179258],[-72.9215606,41.3178839],[-72.9215107,41.3178722],[-72.9214933,41.3179141],[-72.9215432,41.3179258]]]}},{"type":"Feature","id":1087760436,"properties":{"osmId":1087760436,"category":"medical","building":"hospital","name":"Temple Medical Center","_wikiTried":true},"geometry":{"type":"Polygon","coordinates":[[[-72.929336,41.3036305],[-72.929788,41.3038193],[-72.9297804,41.3038308],[-72.9298097,41.3038443],[-72.9298548,41.3038651],[-72.9295458,41.3042853],[-72.9295271,41.3042781],[-72.9295212,41.3042758],[-72.9292355,41.3041653],[-72.9290532,41.3044088],[-72.9290297,41.304399],[-72.929019,41.3044132],[-72.9288271,41.3043326],[-72.9288011,41.3043217],[-72.9288108,41.3043086],[-72.9287955,41.3042971],[-72.9289972,41.3040289],[-72.9290149,41.3040364],[-72.9290275,41.3040197],[-72.9289805,41.304002],[-72.929184,41.3037269],[-72.9292464,41.3037527],[-72.929336,41.3036305]]]}}]}